channel,target,found_in,target_type,target_title,note
officialkybernetwork,kybernetwork,linked_chat,group,Kyber Network Official,community (free chat)
officialkybernetwork,ether_fi,post_mention,user_or_bot,,
officialkybernetwork,merkl_xyz,post_mention,not_found,,
officialkybernetwork,SafePal,post_mention,not_found,,
officialkybernetwork,KyberNetwork,post_mention,group,Kyber Network Official,active
officialkybernetwork,fraxfinance,post_mention,group,Frax Finance,active
officialkybernetwork,MondayTrade_,post_mention,not_found,,
AirdropDetective,AirdropManager,description,user_or_bot,,
AirdropDetective,zycot_support_group,post_hidden,group,Zycot Support and Reward Group,active
AirdropDetective,cancore_chat,post_hidden,group,Cancore [Chat],active
AirdropDetective,bitcoinbase_community,post_hidden,group,Bitcoin Base Community,active
AirdropDetective,pythodexcommunity,post_hidden,group,PythoDex Community,active
AirdropDetective,slidefunchat,post_hidden,group,Slide.fun Chat,active
AirdropDetective,poloxdaocommunity,post_hidden,group,Poloxdao Community,inactive
AirdropDetective,sweepglobal_chat,post_hidden,group,Sweep,active
AirdropDetective,meta_earth_community,post_hidden,group,Meta Earth Community,active
AirdropDetective,ai_auctionschat,post_hidden,group,Ai Auction Chat,inactive
AirdropDetective,topnodgroup,post_hidden,group,TopNod_Group,active
AirdropDetective,scandiccoin_group,post_hidden,group,SCANDIC COIN (SNC-Group),active
AirdropDetective,artyfactgroup,post_hidden,group,Artyfact Global Group,inactive
AirdropDetective,iotradersiochat,post_hidden,group,IO Trader IO,inactive
AirdropDetective,mstblockchainchat,post_hidden,group,MST Blockchain Official Group,active
AirdropDetective,yieldbaycommunity,post_hidden,group,Yieldbay Community,inactive
AirdropDetective,meccaglobalchat,post_hidden,group,MECCA Chat,active
AirdropDetective,pikudao_group,post_hidden,group,Piku Finance Community,inactive
AirdropDetective,concealcommunity,post_hidden,group,Conceal Community,inactive
AirdropDetective,exot_community,post_hidden,group,EXOT Community,inactive
AirdropDetective,iopndiscussion,post_hidden,group,IOPn | Discussion,active
AirdropDetective,cheesepad_group,post_hidden,group,🐹🧀CheesePad Group,inactive
AirdropDetective,crypgptcommunity,post_hidden,group,CrypGPT Community,active
AirdropDetective,aiblastchat,post_hidden,not_found,,
AirdropDetective,biznanachannelchat,post_hidden,group,Biznana Community!,active
AirdropDetective,axionchaten,post_hidden,group,Axion Community,active
AirdropDetective,vitalum_io_group,post_hidden,group,Vitalum Official Group,inactive
AirdropDetective,digitcoin_community,post_hidden,channel,Digitcoin Community,
AirdropDetective,atomicmetacommunity,post_hidden,not_found,,
AirdropDetective,dropee_community,post_hidden,channel,Dropee Community 📣,
AirdropDetective,zetcoreteam_chat,post_hidden,group,ZET NETWORK Chat,inactive
AirdropDetective,lonelyfans_club,post_hidden,channel,LonelyFans,
AirdropDetective,paydaxcommunity,post_hidden,group,PaydaxOfficial - Community,inactive
AirdropDetective,extsycommunity,post_hidden,group,Extsy Community,active
AirdropDetective,rzto_io_chat,post_hidden,group,RZTO | Community chat,active
AirdropDetective,Picks,post_mention,channel,@WAGER 👧,
AirdropDetective,MezoNetwork,post_mention,channel,Mezo Announcements,
AirdropDetective,vangrid_io,post_mention,user_or_bot,,
AirdropDetective,nodiens,post_mention,group,Nodiens,active
AirdropDetective,Vault777,post_mention,user_or_bot,,
AirdropDetective,purintaxyz,post_mention,group,Purintaxyz,inactive
AirdropDetective,PredictStreet,post_mention,channel,Predictstreet | Official FIFA Prediction Market Partner,
AirdropDetective,FundingPredicts,post_mention,channel,Funding Predicts,
AirdropDetective,Basedappcom,post_mention,channel,Welcome to Based!,
AirdropDetective,goldfishggbr,post_mention,channel,goldfishggbr,
AirdropDetective,blinkbotai,post_mention,user_or_bot,,
AirdropDetective,fast_protocol,post_mention,channel,Fast Protocol,
AirdropDetective,bananatech_official,post_hidden,channel,BananaTech Official,
AirdropDetective,agentaicash,post_hidden,group,AGENT AI CASH,active
AirdropDetective,agentaicashann,post_hidden,channel,AGENT AI CASH Announcement,
blocktroll,DoctorBitcoin,linked_chat,group,The Rizzn InDAOstrial Compex,comments only
blocktroll,RWAwatchlist,post_mention,user_or_bot,,
blocktroll,patfscott,post_mention,user_or_bot,,
blocktroll,fdroidorg,post_mention,channel,F-Droid,
blocktroll,keepandroidopen,post_mention,user_or_bot,,
blocktroll,WatcherGuru,post_mention,channel,Watcher Guru,
blocktroll,Letta_AI,post_mention,not_found,,
blocktroll,TrySanctumOS,post_mention,not_found,,
blocktroll,openclaw,post_mention,channel,OpenClaw,
blocktroll,maxiprooo,post_mention,not_found,,
AirdropDetective,AirdropManager,description,user_or_bot,,
AirdropDetective,zycot_support_group,post_hidden,group,Zycot Support and Reward Group,active
AirdropDetective,cancore_chat,post_hidden,group,Cancore [Chat],active
AirdropDetective,bitcoinbase_community,post_hidden,group,Bitcoin Base Community,active
AirdropDetective,pythodexcommunity,post_hidden,group,PythoDex Community,active
AirdropDetective,slidefunchat,post_hidden,group,Slide.fun Chat,active
AirdropDetective,poloxdaocommunity,post_hidden,group,Poloxdao Community,inactive
AirdropDetective,sweepglobal_chat,post_hidden,group,Sweep,active
AirdropDetective,meta_earth_community,post_hidden,group,Meta Earth Community,active
AirdropDetective,ai_auctionschat,post_hidden,group,Ai Auction Chat,inactive
AirdropDetective,topnodgroup,post_hidden,group,TopNod_Group,active
AirdropDetective,scandiccoin_group,post_hidden,group,SCANDIC COIN (SNC-Group),active
AirdropDetective,artyfactgroup,post_hidden,group,Artyfact Global Group,inactive
AirdropDetective,iotradersiochat,post_hidden,group,IO Trader IO,inactive
AirdropDetective,mstblockchainchat,post_hidden,group,MST Blockchain Official Group,active
AirdropDetective,yieldbaycommunity,post_hidden,group,Yieldbay Community,inactive
AirdropDetective,meccaglobalchat,post_hidden,group,MECCA Chat,active
AirdropDetective,pikudao_group,post_hidden,group,Piku Finance Community,inactive
AirdropDetective,concealcommunity,post_hidden,group,Conceal Community,inactive
AirdropDetective,exot_community,post_hidden,group,EXOT Community,inactive
AirdropDetective,iopndiscussion,post_hidden,group,IOPn | Discussion,active
AirdropDetective,cheesepad_group,post_hidden,group,🐹🧀CheesePad Group,inactive
AirdropDetective,crypgptcommunity,post_hidden,group,CrypGPT Community,active
AirdropDetective,aiblastchat,post_hidden,not_found,,
AirdropDetective,biznanachannelchat,post_hidden,group,Biznana Community!,active
AirdropDetective,axionchaten,post_hidden,group,Axion Community,active
AirdropDetective,vitalum_io_group,post_hidden,group,Vitalum Official Group,inactive
AirdropDetective,digitcoin_community,post_hidden,channel,Digitcoin Community,
AirdropDetective,atomicmetacommunity,post_hidden,not_found,,
AirdropDetective,dropee_community,post_hidden,channel,Dropee Community 📣,
AirdropDetective,zetcoreteam_chat,post_hidden,group,ZET NETWORK Chat,inactive
AirdropDetective,lonelyfans_club,post_hidden,channel,LonelyFans,
AirdropDetective,paydaxcommunity,post_hidden,group,PaydaxOfficial - Community,inactive
AirdropDetective,extsycommunity,post_hidden,group,Extsy Community,active
AirdropDetective,rzto_io_chat,post_hidden,group,RZTO | Community chat,active
AirdropDetective,Picks,post_mention,channel,@WAGER 👧,
AirdropDetective,MezoNetwork,post_mention,channel,Mezo Announcements,
AirdropDetective,vangrid_io,post_mention,user_or_bot,,
AirdropDetective,nodiens,post_mention,group,Nodiens,active
AirdropDetective,Vault777,post_mention,user_or_bot,,
AirdropDetective,purintaxyz,post_mention,group,Purintaxyz,inactive
AirdropDetective,PredictStreet,post_mention,channel,Predictstreet | Official FIFA Prediction Market Partner,
AirdropDetective,FundingPredicts,post_mention,channel,Funding Predicts,
AirdropDetective,Basedappcom,post_mention,channel,Welcome to Based!,
AirdropDetective,goldfishggbr,post_mention,channel,goldfishggbr,
AirdropDetective,blinkbotai,post_mention,user_or_bot,,
AirdropDetective,fast_protocol,post_mention,channel,Fast Protocol,
AirdropDetective,bananatech_official,post_hidden,channel,BananaTech Official,
AirdropDetective,agentaicash,post_hidden,group,AGENT AI CASH,active
AirdropDetective,agentaicashann,post_hidden,channel,AGENT AI CASH Announcement,
AirdropDetective,aialgoanalysis,post_hidden,group,AI Agent Ai Algo Trade and Analysis,inactive
AirdropDetective,zycot_marketing_agency,post_hidden,channel,ZYCOT-AGENCY,
AirdropDetective,powerxone,post_hidden,group,PowerX One,active
AirdropDetective,powerxoneannouncement,post_hidden,channel,PowerX One Announcement,
AirdropDetective,cancore_io,post_hidden,channel,Cancore [Announcements],
AirdropDetective,hellotelos,post_hidden,group,Telos Community,active
AirdropDetective,airdropdetectivesupport,post_hidden,group,Airdrop Detective Community 1,active
AirdropDetective,sheikdoge,post_hidden,channel,Sheik Doge,
AirdropDetective,miuro_ai,post_hidden,group,MIURO,active
AirdropDetective,bitcoinbase_news,post_hidden,channel,Bitcoin Base Announcements,
AirdropDetective,+2-ii7ye52ba5nge0,invite,private_invite,,not opened
AirdropDetective,+6dsz_ujhv8dmyta8,invite,private_invite,,not opened
AirdropDetective,+6x9p0l0hs3tkmgjl,invite,private_invite,,not opened
AirdropDetective,+7nkvkcch7a5hnwq1,invite,private_invite,,not opened
AirdropDetective,+86ar1jvzm-vlmdy8,invite,private_invite,,not opened
AirdropDetective,+eciaimp1iec5m2m5,invite,private_invite,,not opened
AirdropDetective,+pu6ztlwgfhq5ogi1,invite,private_invite,,not opened
AirdropDetective,+qsfxz7nq3gy2mdrl,invite,private_invite,,not opened
AirdropDetective,+tikfw8ckxtgxm2q0,invite,private_invite,,not opened
Airdrop,AirdropGroup,linked_chat,group,Airdrop Group,community (free chat)
Airdrop,AirdropGroup,description,group,Airdrop Group,active
Airdrop,AirdropAdmin,description,user_or_bot,,
Airdrop,coinlotto_chat,post_hidden,group,CoinLotto Chat,active
Airdrop,adspowerenchat,post_hidden,group,AdsPower Browser | Chat (EN),active
Airdrop,bitcoinbase_community,post_hidden,group,Bitcoin Base Community,active
Airdrop,metafgroup_metaace_cs,post_hidden,user_or_bot,,
Airdrop,sweepglobal_chat,post_hidden,group,Sweep,active
Airdrop,lithochat,post_hidden,group,Lithosphere (LITHO) Official Global,active
Airdrop,slidefunchat,post_hidden,group,Slide.fun Chat,active
Airdrop,picksdotappcommunity,post_hidden,group,GetPicks Official,inactive
Airdrop,zenotradercommunity,post_hidden,group,Zeno Traders - Community,inactive
Airdrop,spacexbscchat,post_hidden,group,SPACEX CHAT,inactive
Airdrop,cjptokendiscuss,post_hidden,channel,cjptokendiscuss,
Airdrop,artyfactgroup,post_hidden,group,Artyfact Global Group,inactive
Airdrop,flipper_dex_chat,post_hidden,channel,flipper_dex_chat,
Airdrop,miningmai_chat,post_hidden,group,MAI Chat,inactive
Airdrop,deepsea_chat,post_hidden,group,Deep Sea | Chat,inactive
Airdrop,catfathercommunity,post_hidden,channel,Cat Father,
Airdrop,cashcitydotfun_chat,post_hidden,not_found,,
Airdrop,airdropgroupii,post_hidden,group,Airdrop Group II,inactive
Airdrop,torvix_community,post_hidden,not_found,,
Airdrop,iopndiscussion,post_hidden,group,IOPn | Discussion,active
Airdrop,vitalum_io_group,post_hidden,group,Vitalum Official Group,inactive
Airdrop,crypgptcommunity,post_hidden,group,CrypGPT Community,active
Airdrop,sixrcommunity,post_hidden,group,SIXR COMMUNITY,active
Airdrop,biznanachannelchat,post_hidden,group,Biznana Community!,active
Airdrop,trady_chat,post_hidden,channel,trady_chat,
Airdrop,tokenforgeofficialcommunity,post_hidden,group,tokenforge Community,active
Airdrop,biznanacommunity,post_hidden,group,.,inactive
Airdrop,aideficommunity,post_hidden,group,AIDEFI,inactive
Airdrop,safehavenexch_community,post_hidden,group,SafeHaven Exchange Official Community,inactive
Airdrop,lamineyamal_official_group,post_hidden,group,Lamine Yamal Official Group,active
Airdrop,uranium_community,post_hidden,channel,uranium_community,
Airdrop,trovxcommunity,post_hidden,group,TROVX COMMUNITY,inactive
Airdrop,chainstakechat,post_hidden,group,Chainstake Community,inactive
Airdrop,mineblue_community,post_hidden,not_found,,
Airdrop,minebluecommunity,post_hidden,group,Mine Blue,inactive
Airdrop,huntfichat,post_hidden,group,HuntFi Chat,active
Airdrop,kraitorcommunity,post_hidden,channel,Kraitor Community,
Airdrop,icopaxchat,post_hidden,group,ICOPAX Community,inactive
Airdrop,dac_chain,post_mention,group,DAC | Quantum Chain,active
Airdrop,basedappcom,post_mention,channel,Welcome to Based!,
Airdrop,MezoNetwork,post_mention,channel,Mezo Announcements,
Airdrop,Velvet_Capital,post_mention,not_found,,
Airdrop,Vault777,post_mention,user_or_bot,,
Airdrop,Picks,post_mention,channel,@WAGER 👧,
Airdrop,PicksdotApp,post_mention,group,Picksdotapp,inactive
Airdrop,fast_protocol,post_mention,channel,Fast Protocol,
Airdrop,MentoLabs,post_mention,not_found,,
Airdrop,coinlotto_xyz,post_hidden,channel,CoinLotto,
Airdrop,recycletokens,post_hidden,group,Recycle Tokens | Launch on PUMPFUN 👁,active
Airdrop,chainguardcannle,post_hidden,channel,ChainGuard® Official Cannle,
Airdrop,adspoweren,post_hidden,channel,AdsPower Browser | News (EN),
Airdrop,dudedex,post_hidden,channel,D-Dex Official,
Airdrop,dudedexofficial,post_hidden,group,D-Dex Official chat,inactive
Airdrop,play_vice,post_hidden,group,VICE,active
Airdrop,sheikdoge,post_hidden,channel,Sheik Doge,
Airdrop,unitokenunic,post_hidden,group,UNIC Crypto (UNIC),active
cancore_io,cancore_chat,linked_chat,group,Cancore [Chat],community (free chat)
cancore_io,cancore_chat,description,group,Cancore [Chat],active
cancore_io,cantontools,post_mention,channel,cantontools,
cancore_io,CertiK,post_mention,user_or_bot,,
cancore_io,CantonNetwork,post_mention,channel,Canton Network | Enhanced Blockchain Platform,
cancore_io,FiveNorthHQ,post_mention,group,FiveNorthHQ,inactive
bitcoinbase_news,bitcoinbase_community,linked_chat,group,Bitcoin Base Community,community (free chat)
coinlotto_xyz,coinlotto_chat,linked_chat,group,CoinLotto Chat,community (free chat)
coinlotto_xyz,coinlotto_chat,description,group,CoinLotto Chat,active
adspoweren,adspowerenchat,linked_chat,group,AdsPower Browser | Chat (EN),community (free chat)
adspoweren,adspowerenchat,description,group,AdsPower Browser | Chat (EN),active
adspoweren,AdsPowerBrowser,post_mention,channel,AdsPowerBrowser,
adspoweren,IPcook_proxy,post_mention,not_found,,
adspoweren,lanekf,post_mention,user_or_bot,,
adspoweren,ViStorberyy,post_mention,user_or_bot,,
adspoweren,therealdrcash,post_mention,user_or_bot,,
adspoweren,Jackr000,post_mention,user_or_bot,,
adspoweren,tattu3h,post_mention,user_or_bot,,
adspoweren,Akailik,post_mention,not_found,,
adspoweren,gmail,post_mention,channel,Gmail #77 (2),
adspoweren,lightningproxies,post_hidden,channel,LightningProxies Official Channel,
adspoweren,+l1agi2x36maymjc1,invite,private_invite,,not opened
adspoweren,+snjmrcs9iwzhzdu0,invite,private_invite,,not opened
crypgpttoken,crypgptcommunity,linked_chat,group,CrypGPT Community,community (free chat)
crypgpttoken,crypgptcommunity,post_hidden,group,CrypGPT Community,active
crypgpttoken,crypgpt_token,post_mention,not_found,,
crypgpttoken,Crypg,post_mention,channel,Оралд,
crypgpttoken,BiconomyCom,post_mention,group,Biconomy.com,active
Slidefunchannel,slidefunchat,linked_chat,group,Slide.fun Chat,community (free chat)
Slidefunchannel,slidefunchat,description,group,Slide.fun Chat,active
Slidefunchannel,kultgameslocalgroup,post_hidden,group,Kult Local Community,inactive
Slidefunchannel,rcd_wb3_chat,post_hidden,group,Rise of Cinder Duck Chat,active
Slidefunchannel,Evelyn_lln,post_mention,user_or_bot,,
Slidefunchannel,Chyntyy,post_mention,user_or_bot,,
Slidefunchannel,ibunelda,post_mention,user_or_bot,,
Slidefunchannel,molinaaaaaaaaaaa,post_mention,user_or_bot,,
Slidefunchannel,spoodye9,post_mention,user_or_bot,,
Slidefunchannel,hilltod,post_mention,user_or_bot,,
Slidefunchannel,InsightXHQ,post_mention,group,InsightX,active
Slidefunchannel,McHechos,post_mention,not_found,,
Slidefunchannel,RobinhoodCrypto,post_mention,channel,Cashcat gems,
Slidefunchannel,ProjectDevX,post_mention,user_or_bot,,
Slidefunchannel,DenisPhiii,post_mention,user_or_bot,,
Slidefunchannel,Didotxyz_,post_mention,not_found,,
Slidefunchannel,grokihub,post_mention,user_or_bot,,
Slidefunchannel,Legionstar49,post_mention,user_or_bot,,
Slidefunchannel,misterytrading,post_mention,user_or_bot,,
Slidefunchannel,bolarjeeh,post_mention,user_or_bot,,
Slidefunchannel,Minton998771,post_mention,user_or_bot,,
Slidefunchannel,Blazz_moon,post_mention,user_or_bot,,
Slidefunchannel,cathastrppe,post_mention,user_or_bot,,
Slidefunchannel,reyyza293,post_mention,not_found,,
Slidefunchannel,NotyourtypeMAN1,post_mention,not_found,,
Slidefunchannel,Elizath67,post_mention,user_or_bot,,
Slidefunchannel,Deljimae1,post_mention,user_or_bot,,
Slidefunchannel,Luisfer_115,post_mention,not_found,,
Slidefunchannel,emberlynx20,post_mention,user_or_bot,,
Slidefunchannel,JelsenChirstino,post_mention,not_found,,
Slidefunchannel,Monkstar17,post_mention,not_found,,
Slidefunchannel,ChimpxAI,post_mention,channel,ChimpX Announcement   ✨,
Slidefunchannel,wearefuni,post_mention,channel,$FUNI Portal   🦄,
Slidefunchannel,mewo_ai,post_mention,channel,MEWO.AI,
Slidefunchannel,DavideColo,post_mention,user_or_bot,,
Slidefunchannel,Brotherhood212,post_mention,user_or_bot,,
Slidefunchannel,Fztm4,post_mention,user_or_bot,,
Slidefunchannel,OG387,post_mention,user_or_bot,,
Slidefunchannel,Dybala369,post_mention,user_or_bot,,
Slidefunchannel,ARIYAN42053,post_mention,not_found,,
Slidefunchannel,Ashim111,post_mention,user_or_bot,,
Slidefunchannel,KachingVIP,post_mention,group,Kaching!,inactive
Slidefunchannel,exolixcom,post_mention,channel,Exolix News,
Slidefunchannel,AishaAdam_AA,post_mention,user_or_bot,,
Slidefunchannel,Silo_protocol,post_mention,channel,SILO Protocol,
Slidefunchannel,KhairaniXyz456,post_mention,user_or_bot,,
Slidefunchannel,Reva0xWEB3,post_mention,user_or_bot,,
Slidefunchannel,Wager_Predict,post_mention,channel,Wager Predict | $WP ANNOUNCEMENT CHANNEL,
Slidefunchannel,KingAbdul911,post_mention,user_or_bot,,
Slidefunchannel,FAHRIxYZ676,post_mention,user_or_bot,,
Slidefunchannel,lukmanulhk10,post_mention,user_or_bot,,
Slidefunchannel,zuhr1111,post_mention,user_or_bot,,
Slidefunchannel,Chyntyy1,post_mention,not_found,,
Slidefunchannel,UnnyuBet,post_mention,user_or_bot,,
Slidefunchannel,cryptothreadsno1,post_hidden,channel,Cryptothreads.io,
SweepGlobal,SweepGlobal_Chat,linked_chat,group,Sweep,community (free chat)
SweepGlobal,SweepGlobal_Chat,description,group,Sweep,active
Meta_Earth_Announcement,Meta_Earth_Community,linked_chat,group,Meta Earth Community,community (free chat)
Meta_Earth_Announcement,Meta_Earth_Community,description,group,Meta Earth Community,active
Meta_Earth_Announcement,SeggiTalker,post_mention,user_or_bot,,
Meta_Earth_Announcement,everyone,post_mention,channel,i don't know how to be funny anymore,
Meta_Earth_Announcement,ahmadyero5759,post_mention,not_found,,
Meta_Earth_Announcement,MetaEarth,post_mention,not_found,,
Meta_Earth_Announcement,TheNoviceeeto,post_mention,not_found,,
Meta_Earth_Announcement,MktsInsider,post_mention,group,Markets Insider,inactive
Meta_Earth_Announcement,coin_post,post_mention,channel,"Coin Post – Деньги, инвестиции, биткоин",
Meta_Earth_Announcement,HuduL26322,post_mention,not_found,,
Meta_Earth_Announcement,GardafiKhalid,post_mention,not_found,,
Meta_Earth_Announcement,aleey16835,post_mention,user_or_bot,,
Meta_Earth_Announcement,kabirbashir494,post_mention,not_found,,
Meta_Earth_Announcement,abdull87470,post_mention,not_found,,
Meta_Earth_Announcement,UMARYUS67621885,post_mention,not_found,,
Meta_Earth_Announcement,Rakib723111,post_mention,not_found,,
Meta_Earth_Announcement,Zulaihatzamani,post_mention,not_found,,
Meta_Earth_Announcement,re_squidward,post_mention,not_found,,
Meta_Earth_Announcement,MHosen47,post_mention,not_found,,
Meta_Earth_Announcement,Umarlawaiii,post_mention,user_or_bot,,
Meta_Earth_Announcement,hidima199,post_mention,user_or_bot,,
Meta_Earth_Announcement,abewardana19263,post_mention,user_or_bot,,
Meta_Earth_Announcement,MalikAqib189523,post_mention,not_found,,
Meta_Earth_Announcement,PacifiqueYuri,post_mention,not_found,,
Meta_Earth_Announcement,multaza676,post_mention,not_found,,
Meta_Earth_Announcement,Dashnesh5,post_mention,not_found,,
Meta_Earth_Announcement,TeslimSala93648,post_mention,not_found,,
Meta_Earth_Announcement,USharihu,post_mention,user_or_bot,,
Meta_Earth_Announcement,AnjumSamn,post_mention,not_found,,
Meta_Earth_Announcement,velaxxx,post_mention,not_found,,
Meta_Earth_Announcement,alhabsy_ha47420,post_mention,not_found,,
Meta_Earth_Announcement,AgoyeJr,post_mention,not_found,,
Meta_Earth_Announcement,AURAFARMING4,post_mention,channel,𝐑𝐨𝐦𝐞𝐥𝐨 𝐅𝐨𝐫𝐞𝐬𝐭 — Британия,
Meta_Earth_Announcement,Bryan_xyz5,post_mention,not_found,,
Meta_Earth_Announcement,kevineirl,post_mention,not_found,,
Meta_Earth_Announcement,KRIPTOMECH,post_mention,user_or_bot,,
Meta_Earth_Announcement,KalidMuham33814,post_mention,not_found,,
Meta_Earth_Announcement,UsmanDikko76132,post_mention,not_found,,
Meta_Earth_Announcement,Mecuzy__,post_mention,not_found,,
Meta_Earth_Announcement,Faruk1042,post_mention,not_found,,
Meta_Earth_Announcement,shi_make,post_mention,not_found,,
Meta_Earth_Announcement,Maharani380,post_mention,not_found,,
Meta_Earth_Announcement,MrFarouk360,post_mention,not_found,,
Meta_Earth_Announcement,addstickers,post,not_found,,
Meta_Earth_Announcement,meta_earth_com,post,not_found,,
ScandicCoin,ScandicCoin_Group,linked_chat,group,SCANDIC COIN (SNC-Group),community (free chat)
ScandicCoin,ScandicCoin_Group,description,group,SCANDIC COIN (SNC-Group),active
mstblockchain,mstblockchainchat,linked_chat,group,MST Blockchain Official Group,community (free chat)
mstblockchain,mstblockchainchat,post,group,MST Blockchain Official Group,active
mstblockchain,c2ashish,post_mention,user_or_bot,,
mstblockchain,sahillmst,post_mention,user_or_bot,,
mstblockchain,abhijeetjadhavhod,post_mention,user_or_bot,,
iopn_io,iopndiscussion,linked_chat,group,IOPn | Discussion,community (free chat)
iopn_io,xeetdotai,post_mention,not_found,,
iopn_io,IOPn_fdn,post_mention,not_found,,
iopn_io,JimiIOPN,post_mention,user_or_bot,,
iopn_io,useTria,post_mention,channel,Tria Announcements,
iopn_io,JimiIIOPn,post_mention,not_found,,
iopn_io,iopn_chinese,post,group,IOPn中文(Chinese),active
iopn_io,iopn_korean,post,group,IOPn 한국방 (Korean),inactive
iopn_io,iopn_russian,post,group,IOPn l Russian,inactive
iopn_io,iopn_spanish,post,group,IOPn Español (Spanish),inactive
iopn_io,iopn_turkish,post,group,IOPn Türkçe (Turkish),inactive
iopn_io,iopn_japan,post,channel,iopn_japan,
iopn_io,iopn_vietnam,post,not_found,,
AgentAiCashAnn,AgentAiCash,linked_chat,group,AGENT AI CASH,community (free chat)
AgentAiCashAnn,agentaicash,post_hidden,group,AGENT AI CASH,active
AgentAiCashAnn,aialgoanalysis,post_hidden,group,AI Agent Ai Algo Trade and Analysis,inactive
PowerXOneAnnouncement,PowerXOne,linked_chat,group,PowerX One,community (free chat)
PowerXOneAnnouncement,PowerXOne,description,group,PowerX One,active
PowerXOneAnnouncement,Fredrick119,post_mention,user_or_bot,,
PowerXOneAnnouncement,ReymondX,post_mention,user_or_bot,,
PowerXOneAnnouncement,powerxoneannoucement,post,not_found,,
PowerXOneAnnouncement,+exysdoa1c-5iyty6,invite,private_invite,,not opened
PowerXOneAnnouncement,+lxpvus87fik4mjk6,invite,private_invite,,not opened
ai_auctions,Ai_auctionschat,linked_chat,group,Ai Auction Chat,community (free chat)
ai_auctions,Ai_Auction,post_mention,channel,ai_auction,
ai_auctions,TheCryptoLaunch,post_mention,not_found,,
ai_auctions,CapitalBigbull,post_mention,not_found,,
ai_auctions,QuantHoodApp,post_mention,not_found,,
ai_auctions,basedbidx,post_mention,not_found,,
ai_auctions,skylandventure,post_mention,not_found,,
ai_auctions,tokenterminals,post_mention,channel,Token Terminal Announcement,
ai_auctions,nizalabs,post_mention,not_found,,
ai_auctions,digikaai,post_mention,channel,digika.ai,
ai_auctions,TONchainCapital,post_mention,not_found,,
ai_auctions,MAGNE_AI,post_mention,channel,Ob,
ai_auctions,BlockaFi,post_mention,channel,.,
ai_auctions,Singapore_Ven,post_mention,not_found,,
ai_auctions,EU_Capitall,post_mention,not_found,,
ai_auctions,IOTradersIO,post_mention,channel,IO Trader IO️ Announcement,
ai_auctions,Cryptoterminals,post_mention,not_found,,
ai_auctions,SuiLaunchpads,post_mention,not_found,,
ai_auctions,ai_shareai,post_mention,not_found,,
ai_auctions,tigers_callz,post_mention,channel,TIGERS CALLS,
ai_auctions,TradingsViews,post_mention,channel,TradingViews,
ai_auctions,ToolsBlockchain,post_mention,not_found,,
iotradersio,iotradersiochat,linked_chat,group,IO Trader IO,community (free chat)
iotradersio,iotraderio,post_mention,channel,IOTRADER.IO,
iotradersio,iotrader,post_mention,channel,iO,
iotradersio,coingecko,post_mention,group,CoinGecko,active
iotradersio,GateDex,post_mention,group,Gatedex,inactive
iotradersio,Solana,post_mention,not_found,,
iotradersio,RootDataCrypto,post_mention,channel,Crypto - PREMIUM PUMP 🌱,
iotradersio,Chain_GPT,post_mention,channel,ChainGPT Entry Portal,
iotradersio,Yooldo_Games,post_mention,channel,Yooldo | Announcement,
iotradersio,ant_fun_trade,post_mention,channel,@ant_fun_trade,
iotradersio,arbitrum,post_mention,channel,Arbitrum Announcements Official,
iotradersio,ethereum,post_mention,user_or_bot,,
iotradersio,CyreneAI,post_mention,group,CyreneAI,active
iotradersio,Robinhood,post_mention,not_found,,
iotradersio,RobinhoodCrypto,post_mention,channel,Cashcat gems,
iotradersio,ElevenLabs,post_mention,not_found,,
iotradersio,GOOGLE,post_mention,channel,Google,
iotradersio,Dubai_block,post_mention,group,Dubai Block,inactive
iotradersio,TheCryptoLaunch,post_mention,not_found,,
iotradersio,Erc20__capital,post_mention,not_found,,
iotradersio,BusinessInsider,post_mention,channel,Business Insider,
iotradersio,Benzinga,post_mention,user_or_bot,,
iotradersio,Investingcom,post_mention,channel,Investing.com,
iotradersio,BitgetWallet,post_mention,group,bitget 钱包客服,inactive
iotradersio,CandaqCom,post_mention,not_found,,
iotradersio,wagmi_vc,post_mention,group,wagmi_vc,inactive
iotradersio,web3labs,post_mention,user_or_bot,,
iotradersio,Animocabrand,post_mention,channel,Animoca Brands,
iotradersio,credit_scend,post_mention,not_found,,
iotradersio,ViaBTC,post_mention,user_or_bot,,
iotradersio,KuCoin_Web3,post_mention,channel,KuCoin,
iotradersio,dci_crypto,post_mention,channel,Dutch Crypto Investor,
iotradersio,WayneCScend,post_mention,not_found,,
iotradersio,SKYLANDVENTURE,post_mention,not_found,,
iotradersio,Phnx_fi,post_mention,group,Phoenix Finance,active
iotradersio,nizacoin,post_mention,channel,nizacoin,
iotradersio,LexAINetwork,post_mention,not_found,,
iotradersio,nizalabs,post_mention,not_found,,
Cheese_Pad,CheesePad_Group,linked_chat,group,🐹🧀CheesePad Group,community (free chat)
Cheese_Pad,cheesepad_group,post,group,🐹🧀CheesePad Group,inactive
Cheese_Pad,smurfbnb,post_mention,channel,Smurf,
Cheese_Pad,GodziBNB,post_mention,channel,GODZI | GOGO Portal,
Cheese_Pad,BabyAnsemBNB,post_mention,channel,Baby Ansem Portal,
Cheese_Pad,Buubnb,post_mention,channel,Buu | Portal,
Cheese_Pad,BinanceWallet,post_mention,channel,binancewattle11,
Cheese_Pad,BabyGrok,post_mention,channel,Baby Grok Portal,
Cheese_Pad,bnbchain,post_mention,channel,BNB Chain,
Cheese_Pad,Goofyy22,post_mention,user_or_bot,,
Cheese_Pad,cheesepadpresalealert,post,channel,CheesePad Presale Alert,
Cheese_Pad,+twuhbeagirk3mmfl,invite,private_invite,,not opened
ZenoTraderChannel,ZenoTraderCommunity,linked_chat,group,Zeno Traders - Community,community (free chat)
ZenoTraderChannel,ZenoTradingWarSupport,post_mention,user_or_bot,,
ZenoTraderChannel,zeno_traders,post_mention,not_found,,
Deepseaio,Deepsea_chat,linked_chat,group,Deep Sea | Chat,community (free chat)
Deepseaio,Deepsea_chat,description,group,Deep Sea | Chat,inactive
Deepseaio,addstickers,post,not_found,,
dudedex,dudedexofficial,linked_chat,group,D-Dex Official chat,community (free chat)
dudedex,dudedexofficial,post,group,D-Dex Official chat,inactive
CryptoLibrarysAirdrop,aossy,description,user_or_bot,,
CryptoLibrarysAirdrop,crypgptcommunity,post_hidden,group,CrypGPT Community,active
CryptoLibrarysAirdrop,rzto_io_chat,post_hidden,group,RZTO | Community chat,active
CryptoLibrarysAirdrop,favrrchat,post_hidden,group,Favrr,inactive
CryptoLibrarysAirdrop,lottrycommunity,post_hidden,group,Lottry | Community,inactive
CryptoLibrarysAirdrop,cryptolibrarydiscussion,post,group,Crypto Library Discussion,active
CryptoLibrarysAirdrop,goracoingroup,post,group,Gora Groupies,inactive
CryptoLibrarysAirdrop,soai_officecommunity,post_hidden,group,SOAI-Official communication group,inactive
CryptoLibrarysAirdrop,your_community,post_hidden,group,YOUR AI ($YOURAI) - The Only Official Channel,active
CryptoLibrarysAirdrop,hybridcommunity,post_hidden,group,Hybrid | Community,inactive
CryptoLibrarysAirdrop,bitonitecommunitychat,post_hidden,not_found,,
CryptoLibrarysAirdrop,loagameschat,post_hidden,not_found,,
CryptoLibrarysAirdrop,cryptoclubs_app,post_hidden,channel,Crypto Clubs App,
CryptoLibrarysAirdrop,cryptoclubs_group,post_hidden,group,FindEX AI - Chat,inactive
CryptoLibrarysAirdrop,romcoingroup,post_hidden,group,Romcoin Official Group,not resolved (per-channel cap)
CryptoLibrarysAirdrop,sebastianyogi,post_mention,user_or_bot,,
CryptoLibrarysAirdrop,Casino_TYCOON,post_mention,channel,Casino TYCOON [Announcements],
CryptoLibrarysAirdrop,satuwallet,post_mention,channel,Satu Wallet Official,
CryptoLibrarysAirdrop,nexchain_ai,post_mention,group,Nexchain   ✔,not resolved (per-channel cap)
CryptoLibrarysAirdrop,pangea_web4,post_mention,not_found,,
CryptoLibrarysAirdrop,Galxe,post_mention,channel,Galxe,
CryptoLibrarysAirdrop,BlurrNCoin,post_mention,not_found,,
CryptoLibrarysAirdrop,vave_official,post_mention,channel,Vave,
CryptoLibrarysAirdrop,sebastiayogi,post_mention,not_found,,
CryptoLibrarysAirdrop,PirateClash_HQ,post_mention,not_found,,
CryptoLibrarysAirdrop,cryptogamingtech,post_hidden,group,CryptoGaming,inactive
CryptoLibrarysAirdrop,nutsack_squirrel,post,group,NUTSACK SQUIRREL,inactive
CryptoLibrarysAirdrop,quantixfinance,post_hidden,group,Quantix Finance Official Community,not resolved (per-channel cap)
CryptoLibrarysAirdrop,airdropo,post_hidden,channel,🎎 Airdrop Ninja 🎎,
CryptoLibrarysAirdrop,goldenfrog_en,post_hidden,group,Golden Frog Support [EN],not resolved (per-channel cap)
CryptoLibrarysAirdrop,goldenfroghouse,post_hidden,channel,Golden Frog   🐸   Announcement,
CryptoLibrarysAirdrop,thehumanoidnetwork,post_hidden,channel,thehumanoidnetwork,
CryptoLibrarysAirdrop,digitcoin,post_hidden,user_or_bot,,
CryptoLibrarysAirdrop,rztoio,post_hidden,channel,RZTO | News channel,
CryptoLibrarysAirdrop,tapzi_official,post_hidden,group,Tapzi,not resolved (per-channel cap)
CryptoLibrarysAirdrop,trloop,post_hidden,channel,Trloop,
CryptoLibrarysAirdrop,pinad_dev,post_hidden,not_found,,
CryptoLibrarysAirdrop,pinadann,post_hidden,not_found,,
CryptoLibrarysAirdrop,v8coin,post_hidden,group,V8COIN,not resolved (per-channel cap)
CryptoLibrarysAirdrop,v8coinchannel,post_hidden,channel,V8COIN Announcements,
CryptoLibrarysAirdrop,magatrumpch,post_hidden,channel,MAGA TRUMP-$TRUMP,
CryptoLibrarysAirdrop,magatrumpz,post_hidden,group,MAGA TRUMP-$TRUMP,not resolved (per-channel cap)
CryptoLibrarysAirdrop,apewealth,post_hidden,group,APE WEALTH,not resolved (per-channel cap)
CryptoLibrarysAirdrop,babydoge2ch,post_hidden,channel,Baby Doge 2.0-$BabyDoge,
CryptoLibrarysAirdrop,babydoge2x,post_hidden,group,Baby Doge 2.0-$BabyDoge Group,not resolved (per-channel cap)
CryptoLibrarysAirdrop,dracoia25,post,channel,Airdrop,
CryptoLibrarysAirdrop,lottryannouncements,post_hidden,channel,Lottry | Announcements,
CryptoLibrarysAirdrop,mira_web3,post_hidden,channel,MiRA,
CryptoLibrarysAirdrop,somnianetwork,post_hidden,group,Somnia Network   ✔,not resolved (per-channel cap)
CryptoLibrarysAirdrop,bome3meme,post_hidden,channel,Book of Meme 3.0 - $BOME,
CryptoLibrarysAirdrop,bomememe3,post_hidden,group,Book of Meme 3.0 - $BOME Group,not resolved (per-channel cap)
CryptoLibrarysAirdrop,trumpmemex,post_hidden,channel,TRUMP $MEME Channel,
CryptoLibrarysAirdrop,trumpmemez,post_hidden,group,TRUMP $MEME Group,not resolved (per-channel cap)
CryptoLibrarysAirdrop,cryptol,post,not_found,,
CryptoLibrarysAirdrop,cryptolibrarys,post,channel,Crypto Library News,
CryptoLibrarysAirdrop,cryptolibrarysairdrop3,post,channel,Crypto Librarys Airdrop #3,
CryptoLibrarysAirdrop,cryptolibrarysairdrops,post,channel,Crypto Librarys Airdrop #2,
CryptoLibrarysAirdrop,cryptolibrarysrefferal,post,group,Crypto Librarys | Refferal Group,not resolved (per-channel cap)
CryptoLibrarysAirdrop,mogcatnews,post_hidden,channel,MOG CAT Announcement,
CryptoLibrarysAirdrop,puppydogeorg,post_hidden,not_found,,
CryptoLibrarysAirdrop,+hcr2akbqju8yngi0,invite,private_invite,,not opened
CryptoLibrarysAirdrop,+r_zogk8h9501zde1,invite,private_invite,,not opened
CryptoLibrarysAirdrop,+rvgsgmdybywyzjrk,invite,private_invite,,not opened
airdropinspector,AirdropSupportGroup,linked_chat,group,Airdrop Inspector Support Group,community (free chat)
airdropinspector,airdropinspect,description,user_or_bot,,
airdropinspector,picksdotappcommunity,post_hidden,group,GetPicks Official,inactive
airdropinspector,topnodgroup,post_hidden,group,TopNod_Group,active
airdropinspector,beartrapcommunity,post_hidden,group,BearTrap Community,inactive
airdropinspector,miningmai_chat,post_hidden,group,MAI Chat,inactive
airdropinspector,starphonecc,post_hidden,group,StarPhone Global,inactive
airdropinspector,xileague,post_hidden,group,XI League – Fantasy Cricket & Football,inactive
airdropinspector,xileaguechannel,post_hidden,channel,XI League – Fantasy Cricket & Football,
airdropinspector,MarsChainCS,post_mention,user_or_bot,,
airdropinspector,krakenfx,post_mention,not_found,,
airdropinspector,adspoweren,post_hidden,channel,AdsPower Browser | News (EN),
airdropinspector,starphone_cc,post_hidden,channel,StarPhone,
airdropinspector,mgbx_english,post_hidden,group,MGBX Global,active
airdropinspector,marschain5,post_hidden,group,MarsChain,active
airdropinspector,uponly_space,post_hidden,group,UPONLY COMMUNITY,active
airdropinspector,topnodannouncements,post_hidden,channel,TopNod Channel,
airdropinspector,px_official_channel,post_hidden,channel,PX Announcements,
airdropinspector,spark_coded,post_hidden,group,Spark Community,active
airdropinspector,dextrobot_ai,post_hidden,channel,Dextro AI Trading Bot-Official Channel,
airdropinspector,dextrobotai,post_hidden,group,Dextro AI Trading Bot,inactive
airdropinspector,miningmai_news,post_hidden,channel,MAI News,
airdropinspector,payoutshelper,post_hidden,channel,Payouts Helper  ™,
airdropinspector,mypalofficial1,post_hidden,group,Mypal official,active
AirdropO,AirdropNinjaGroup,linked_chat,group,🎎 Airdrop Ninja Community 🎎,community (free chat)
AirdropO,MarketingAirdropo,description,user_or_bot,,
AirdropO,AirdropNinjaMarketing,description,user_or_bot,,
AirdropO,artyfactgroup,post_hidden,group,Artyfact Global Group,inactive
AirdropO,loopy_drops,post_mention,not_found,,
AirdropO,giverep,post_mention,group,GiveRep,inactive
AirdropO,cryptogamingtech,post_hidden,group,CryptoGaming,inactive
AirdropO,artyfactnews,post_hidden,channel,Artyfact Announcements,
AirdropO,pepe_palm_beach,post_hidden,group,Pepe Palm Beach $PPB,inactive
AirdropO,goldenfrog_en,post_hidden,group,Golden Frog Support [EN],inactive
AirdropO,goldenfroghouse,post_hidden,channel,Golden Frog   🐸   Announcement,
AirdropO,mamafi_platform,post_hidden,channel,MamaFi,
AirdropO,digitcoin,post_hidden,user_or_bot,,
AirdropO,changelly,post_hidden,channel,Changelly,
AirdropO,stealth_xr,post_hidden,channel,Stealth XR,
AirdropO,trloop,post_hidden,channel,Trloop,
AirdropO,xtsupport_en,post_hidden,not_found,,
AirdropO,bernardtrailcoin,post_hidden,channel,BernardTrail Coin,
AirdropO,pixiann,post,channel,Pixiland’s Announcement,
AirdropO,haqabi,post_hidden,channel,Haqabi Wallet,
AirdropO,+--vhbumnd3tjzdg0,invite,private_invite,,not opened
AirdropO,+ep9fq0omywu4mgzk,invite,private_invite,,not opened
bitcoin_industry,miaMybtc,description,user_or_bot,,
bitcoin_industry,cryptosmarthub_chat,post_hidden,group,CryptoSmartHub Chat,inactive
bitcoin_industry,cryptoxnfts,post,channel,Cryptoxnft | Free Crypto & BTC Updates   📈,
bitcoin_industry,CryptoSmartHubOfficial,post_mention,channel,CryptoSmartHub,
bitcoin_industry,maczo_official_global,post,channel,Maczo Official,
bitcoin_industry,tangem_africa,post_hidden,channel,Tangem Africa,
bitcoin_industry,minebitnews,post_hidden,channel,MineBit,
bitcoin_industry,propdefi,post,group,PropDefi,inactive
bitcoin_industry,cnktplus,post,group,CNKT+,active
bitcoin_industry,ipdex_ag,post_hidden,channel,ipdex_ag,
bitcoin_industry,panda_crypto_official_news,post,channel,PANDA_CRYPTO_OFFICIAL_NEWS,
bitcoin_industry,openledgercn,post_hidden,group,OpenLedger China,inactive
bitcoin_industry,openledgerkorea,post_hidden,group,OpenLedger Korea,active
bitcoin_industry,openledgerofficial,post_hidden,group,OpenLedger,inactive
bitcoin_industry,metagamescoin_io,post_hidden,group,MetagamesCoin,inactive
bitcoin_industry,shheikhtoken,post_hidden,channel,SHHEIKH TOKEN,
bitcoin_industry,faradayfuturemena,post,channel,Faraday Future MENA,
bitcoin_industry,arabwealthofficial,post,channel,Arab Wealth TG Community,
bitcoin_industry,getverse,post_hidden,group,Bitcoin.com,active
bitcoin_industry,+1ullvmp1wyuznduy,invite,private_invite,,not opened
bitcoin_industry,+n1pjzksk7wawmte6,invite,private_invite,,not opened
Whalesguide,Whalescryptos,linked_chat,group,Whales Crypto Forex trading,community (free chat)
Whalesguide,Whalescrypto,description,user_or_bot,,
Whalesguide,Whalescryptos,description,group,Whales Crypto Forex trading,active
CryptoWorldNews,CryptoChatCWN,linked_chat,group,CWN Crypto Chat,comments only
CryptoWorldNews,FinancialWorldUpdates,description,channel,Financial World Updates,
CryptoWorldNews,LukaGrantTG,description,user_or_bot,,
CryptoWorldNews,coininfo_chat,post_mention,group,COIN INFO chat,inactive
CryptoWorldNews,Overtime_Club,post_mention,channel,Overtime Club,
CryptoWorldNews,zcash_community_chat,post_hidden,group,Zcash (ZEC) Community | Chat,active
CryptoWorldNews,ZecZcash,post_mention,channel,Zcash (ZEC) | News & Community,
CryptoWorldNews,coininfo,post_mention,channel,COIN INFO,
CryptoWorldNews,Gaming_Radar,post_mention,channel,Gaming Radar 🎮,
CryptoWorldNews,whalealertsio,post,channel,WhaleAlerts.io,
Bitcoin_Magazine,Mark_CryptoNews,description,user_or_bot,,
Bitcoin_Magazine,zcash_community_chat,post_hidden,group,Zcash (ZEC) Community | Chat,active
Bitcoin_Magazine,ZecZcash,post_mention,channel,Zcash (ZEC) | News & Community,
Bitcoin_Magazine,zkMark,post_mention,not_found,,
CryptoCoinsCoach,verify_coach,description,user_or_bot,,
CryptoCoinsCoach,coach,post_hidden,channel,Coach,
thebull_crypto,thebullowner,description,user_or_bot,,
thebull_crypto,TBE_SUPPORTER,description,user_or_bot,,
thebull_crypto,+X0yIZqu2BQxlZTBl,invite,private_invite,,not opened
unfolded,unfolded_defi,description,channel,unfolded. DeFi,
unfolded,nakamotocat,description,user_or_bot,,
Kucoin_News,KuCoin_MM_KA,post_mention,user_or_bot,,
Kucoin_News,Lisa_KuCoin,post_mention,user_or_bot,,
Kucoin_News,KuCoin_CopyTrading_Support,post_mention,user_or_bot,,
Kucoin_News,kucoin_exchange,post_hidden,group,KuCoin Exchange,active
Kucoin_News,kumining_en,post_hidden,group,KuMining Official Group,active
Kucoin_News,playxz0ne,post_hidden,channel,PLAYX,
ico_analytic,ICO_Analytics_EN,description,group,ICO Analytics NewsRoom EN,inactive
ico_analytic,ICO_Analytics_UA,description,group,ICO Analytics NewsRoom UA,inactive
ico_analytic,ILLIA_K,description,user_or_bot,,
icodrops,icodrops_support,description,user_or_bot,,
coindar,ziggsapp,post,channel,Ziggs,
daomaker_ann,daomaker,linked_chat,group,DAO Maker Community & Support,comments only
daomaker_ann,daomaker,description,group,DAO Maker Community & Support,inactive
daomaker_ann,rebelbotschat,post_hidden,group,Rebel Bots | Chat,inactive
daomaker_ann,weebsgroup,post_hidden,group,Weebs.App,inactive
daomaker_ann,rgamesofficialchat,post_hidden,group,R Games Official Chat,inactive
daomaker_ann,your_community,post_hidden,group,YOUR AI ($YOURAI) - The Only Official Channel,active
daomaker_ann,edu3labscommunity,post_hidden,group,Edu3Labs Official,inactive
daomaker_ann,liquidcommunitychat,post_hidden,channel,liquidcommunitychat,
daomaker_ann,cyberarenacommunity,post_hidden,group,Cyber Arena AR/VR,inactive
daomaker_ann,tenetpublicchat,post,group,TENET Chat,inactive
daomaker_ann,arbipadchat,post,group,ArbiPad Global Chat,inactive
daomaker_ann,rejuvecommunity,post,group,Rejuve Community 🌿,inactive
daomaker_ann,iguverse_chat,post,not_found,,
daomaker_ann,mtgdaochat,post,not_found,,
daomaker_ann,skebcoin_chat,post,group,SkebCoin Chat,not resolved (per-channel cap)
daomaker_ann,heliosblock,post_hidden,group,Helios Blockchain,not resolved (per-channel cap)
daomaker_ann,projectmerlinio,post_hidden,channel,Project Merlin Announcments,
daomaker_ann,fusiobybg,post_hidden,group,FUSIO By BlockGuard,not resolved (per-channel cap)
daomaker_ann,icebergen,post_hidden,channel,iceberg,
daomaker_ann,iagentofficial,post_hidden,channel,iAgent Protocol | Official Channel,
daomaker_ann,speedthrone,post_hidden,not_found,,
daomaker_ann,chirppad,post_hidden,group,ChirpPad,not resolved (per-channel cap)
daomaker_ann,hivello_official,post_hidden,group,Hivello Official Community,not resolved (per-channel cap)
daomaker_ann,zayaai_announcements,post_hidden,channel,Zaya AI   🥼   Announcements,
daomaker_ann,pineye,post_hidden,channel,PinEye Community,
daomaker_ann,nexade_official,post_hidden,group,NEXADE,not resolved (per-channel cap)
daomaker_ann,hsxtoken,post_hidden,not_found,,
daomaker_ann,e4cverse,post_hidden,group,E4C: Final Salvation,not resolved (per-channel cap)
daomaker_ann,inkfinance,post_hidden,channel,Ink Finance Official Portal,
daomaker_ann,credbullmain,post_hidden,group,Credbull.io,not resolved (per-channel cap)
daomaker_ann,croschannel,post_hidden,not_found,,
daomaker_ann,trakxfr,post_hidden,group,Trakx,not resolved (per-channel cap)
daomaker_ann,metavirus_games,post_hidden,not_found,,
daomaker_ann,uniocoin_announcements,post_hidden,user_or_bot,,
daomaker_ann,officialstaynex,post_hidden,group,Staynex Community Channel 👥,not resolved (per-channel cap)
daomaker_ann,nexgami_ann,post_hidden,channel,NexGami Announcements,
daomaker_ann,codyfight,post_hidden,group,Codyfight,not resolved (per-channel cap)
daomaker_ann,rtfight_com,post_hidden,channel,Ready to Fight | Official Channel,
daomaker_ann,snapmuseio,post_hidden,group,Snapmuse.io,not resolved (per-channel cap)
daomaker_ann,massanetwork,post_hidden,group,Massa (MAS),not resolved (per-channel cap)
daomaker_ann,privateaicom,post_hidden,group,PrivateAI.com / PGPT,not resolved (per-channel cap)
daomaker_ann,bowleddotio,post_hidden,group,Bowled.io Community,not resolved (per-channel cap)
daomaker_ann,cpatexeng,post_hidden,channel,Patex Announcements Channel EN,
daomaker_ann,hover_market,post_hidden,group,Hover,not resolved (per-channel cap)
daomaker_ann,octaviaannouncements,post_hidden,channel,Octavia Announcements,
daomaker_ann,metahorseunity,post_hidden,not_found,,
daomaker_ann,lynexfi,post_hidden,channel,Lynex,
daomaker_ann,web3warnews,post_hidden,channel,Web3War News,
daomaker_ann,sociapol,post_hidden,group,SociaPol Turkish Community,not resolved (per-channel cap)
daomaker_ann,scriptnetworkofficial,post_hidden,group,Script Network (Acquired) - This Telegram is Now Closed,not resolved (per-channel cap)
daomaker_ann,finceptor_global,post_hidden,group,Finceptor Global Community   ✔,not resolved (per-channel cap)
daomaker_ann,gtprotocol,post_hidden,group,GT Protocol Community Chat,not resolved (per-channel cap)
daomaker_ann,layerainews,post_hidden,channel,LayerAI News,
daomaker_ann,officialkryptonite,post,channel,Kryptonite Announcements,
daomaker_ann,virtualversionsofficial,post,group,Virtual Versions Official Chat,not resolved (per-channel cap)
daomaker_ann,sophia_verse,post,group,SophiaVerse Community   ✔,not resolved (per-channel cap)
daomaker_ann,egocoin_en,post,group,EGO Paysenger Chat (EN) check at egoco.in,not resolved (per-channel cap)
daomaker_ann,wistaversetg,post,group,WISTAVERSE ✊,not resolved (per-channel cap)
daomaker_ann,coinzixtoken,post,group,COINZIX Announcements| $ZIX by coinzix.com,not resolved (per-channel cap)
daomaker_ann,xcademy,post,group,XCAD Network Official,not resolved (per-channel cap)
daomaker_ann,podfast_ai,post,channel,podfast_ai,
top7ico,top7ico_chat,linked_chat,group,Top 7 | Official Chat,comments only
top7ico,top7dan,description,user_or_bot,,
top7ico,top7agg,post_hidden,channel,Top 7 Aggregator,
wavesnews,Wavescommunity,linked_chat,group,Waves Official 🌊,community (free chat)
wavesnews,wavescommunity,post_mention,group,Waves Official 🌊,active
wavesnews,koalaswapchat,post_hidden,group,🐨 KoalaSwap Chat,inactive
wavesnews,unilendchat,post_hidden,group,Unilend Chat,inactive
wavesnews,wavesonchains,post_hidden,group,WavesOnChain,inactive
wavesnews,unitsnetwork,post_hidden,group,Units.Network Community Chat,inactive
wavesnews,ape_bond,post_mention,group,ApeBond,active
wavesnews,KoalaSwap_app,post_mention,channel,🐨 KoalaSwap News,
wavesnews,Unilendone,post_mention,not_found,,
wavesnews,wavesfunnynodenews,post_mention,channel,WavesFunnyNode News,
wavesnews,RomeStablecoin,post_mention,not_found,,
wavesnews,wavesbridge,post_hidden,group,WavesBridge,inactive
wavesnews,wavesprotocol,post_mention,channel,@wavesnews,
wavesnews,wocnews,post_hidden,channel,WavesOnChain News,
wavesnews,wavesfutbol,post_hidden,group,Waves Futbol,inactive
wavesnews,wavesfunny,post_hidden,user_or_bot,,
wavesnews,unitsnews,post_hidden,channel,Units.Network Announcements,
wavesnews,unitsnetwork2,post_hidden,group,Units.Network Community Chat 2,inactive
wavesnews,ambassadordao,post_hidden,group,Waves Ambassador Program,inactive
wavesnews,wavesducksrounds,post_hidden,channel,Arkimals Announcements,
wavesnews,joinpete,post_hidden,group,Pete token chat!,inactive
wavesnews,petefrogduck,post_hidden,group,PeteFrogDuck,not resolved (per-channel cap)
crypto_news,rainbetcom,description,channel,Rainbet.com,
QuantumStellarInitiative,QuantumStellarInitiativeChat,linked_chat,group,ℚ𝕊𝕀 ℂ𝕙𝕒𝕥,community (free chat)
QuantumStellarInitiative,quantumstellarinitiativechat,post,group,ℚ𝕊𝕀 ℂ𝕙𝕒𝕥,active
QuantumStellarInitiative,keanw1,post_mention,user_or_bot,,
QuantumStellarInitiative,mrdotshouse,post_mention,channel,Mr Dot's House 🏠,
QuantumStellarInitiative,ltatroe,post_mention,user_or_bot,,
QuantumStellarInitiative,Chefandrew73,post_mention,user_or_bot,,
QuantumStellarInitiative,Nell013,post_mention,user_or_bot,,
QuantumStellarInitiative,PhillyGal,post_mention,user_or_bot,,
QuantumStellarInitiative,QuebecArtichoke,post_mention,user_or_bot,,
QuantumStellarInitiative,DigitalSailor,post_mention,user_or_bot,,
QuantumStellarInitiative,CoffeeAngel,post_mention,user_or_bot,,
QuantumStellarInitiative,missonQ,post_mention,user_or_bot,,
QuantumStellarInitiative,stellarrussia,post_mention,channel,StellarRussia | Ваш #1 помощник в мире Стэллар,
QuantumStellarInitiative,Qtips17,post_mention,user_or_bot,,
QuantumStellarInitiative,Bertil_Magnus,post_mention,user_or_bot,,
QuantumStellarInitiative,LaraHo,post_mention,user_or_bot,,
QuantumStellarInitiative,winkyjo,post_mention,user_or_bot,,
QuantumStellarInitiative,DeeQue,post_mention,user_or_bot,,
QuantumStellarInitiative,Montana_Sky,post_mention,user_or_bot,,
QuantumStellarInitiative,warrioraussie,post_mention,user_or_bot,,
QuantumStellarInitiative,Ninasblessed,post_mention,user_or_bot,,
QuantumStellarInitiative,Plantrunner,post_mention,user_or_bot,,
QuantumStellarInitiative,korolevdirective,post_mention,channel,The Korolev Directive,
QuantumStellarInitiative,disclosetv,post_mention,channel,Disclose.tv,
QuantumStellarInitiative,dcsrbw,post_mention,user_or_bot,,
QuantumStellarInitiative,sarahandjoe,post_mention,user_or_bot,,
QuantumStellarInitiative,m_pledger,post_mention,user_or_bot,,
QuantumStellarInitiative,Nettie_B,post_mention,user_or_bot,,
QuantumStellarInitiative,L6442CD,post_mention,user_or_bot,,
biconomy_Ann,Biconomycom,linked_chat,group,Biconomy.com,community (free chat)
biconomy_Ann,BiconomyCom,description,group,Biconomy.com,active
biconomy_Ann,prizm_coin,post_mention,not_found,,
biconomy_Ann,RiNn_X_official,post_mention,channel,rinn_x_official,
biconomy_Ann,sovrentech,post_mention,group,OLD SOVREN,inactive
biconomy_Ann,ChumpCoinX,post_mention,group,Chump Coin Official | Chat,inactive
biconomy_Ann,Pyrand_coin,post_mention,not_found,,
biconomy_Ann,frequencychai,post_mention,channel,frequencychai,
biconomy_Ann,hoodinals,post_mention,group,🔸Hoodinals🔸,active
biconomy_Ann,NearKatSo,post_mention,not_found,,
biconomy_Ann,batononpumpfun,post_mention,not_found,,
biconomy_Ann,MarsCat_Global,post_mention,channel,marscat_global,
biconomy_Ann,Arguspad,post_mention,channel,ArgusPad Deploys,
biconomy_Ann,Alphawin_Onile,post_mention,not_found,,
biconomy_Ann,BitcoincashII,post_mention,group,Bitcoin Cash II (BCH2),active
biconomy_Ann,MetaBot_Apps,post_mention,user_or_bot,,
biconomy_Ann,infgaming888,post_mention,not_found,,
biconomy_Ann,originalsaar,post_mention,not_found,,
biconomy_Ann,prizmcoin_eng,post_mention,channel,PRIZM Community ENG,
biconomy_Ann,Web3Frontier1,post_mention,not_found,,
biconomy_Ann,MyNexusMind,post_mention,group,NexusMind,active
biconomy_Ann,panther_wallet,post_mention,group,panther_wallet,inactive
biconomy_Ann,ArtificiallyInu,post_mention,channel,Artificial Inu (Meme Depot),
biconomy_Ann,frequencychain,post_mention,not_found,,
biconomy_Ann,OTCDesks,post_mention,channel,Teke1,
biconomy_Ann,MicroDuckNVDA,post_mention,group,MicroDuck CTO,inactive
biconomy_Ann,EggOnHyper,post_mention,not_found,,
biconomy_Ann,thinkingcatRH,post_mention,group,Thinking Cat,inactive
biconomy_Ann,UNIPLAT_token,post_mention,channel,UNIPLAT_token,
biconomy_Ann,esgintoken,post_mention,channel,ESGIN Token – Official Channel,
biconomy_Ann,ponsdotfamil,post_mention,not_found,,
biconomy_Ann,Magma_Finance,post_mention,channel,Magma Finance,
biconomy_Ann,BlackBullSol,post_mention,channel,blackbullsol,
biconomy_Ann,apeonfone,post_mention,channel,Got anything?,
biconomy_Ann,posternlabs,post_mention,group,Postern Labs,not resolved (per-channel cap)
biconomy_Ann,dgrid_ai,post_mention,group,DGrid Community,not resolved (per-channel cap)
biconomy_Ann,BasecatOnBase,post_mention,group,Base(d) Cat | Official,not resolved (per-channel cap)
biconomy_Ann,alignedlayer,post_mention,channel,Aligned Layer,
biconomy_Ann,useTria,post_mention,channel,Tria Announcements,
biconomy_Ann,MarsCoin7777,post_mention,not_found,,
biconomy_Ann,RealFITeam,post_mention,not_found,,
biconomy_Ann,Acurast,post_mention,not_found,,
biconomy_Ann,KiiChainio,post_mention,channel,Kiichainio,
biconomy_Ann,cysic_xyz,post_mention,not_found,,
biconomy_Ann,dappOS_com,post_mention,not_found,,
biconomy_Ann,CineflicksOTT,post_mention,channel,Cineflicks,
biconomy_Ann,PANDACOINAI,post_mention,not_found,,
biconomy_Ann,FashionXToken,post_mention,user_or_bot,,
biconomy_Ann,global_dollar,post_mention,channel,𝐂𝐇𝐀𝐓𝐆𝐏𝐓 | 𝐀𝐈 𝐓𝐄𝐂𝐇,
biconomy_Ann,smartenergypay,post_mention,channel,Smart Energy Pay (SEP),
coingeckonews,coingecko,linked_chat,group,CoinGecko,community (free chat)
coingeckonews,coingecko,post_mention,group,CoinGecko,active
Detrade_Exchange,detrade_global,linked_chat,group,Detrade Official Group,community (free chat)
Detrade_Exchange,detrade_global,post_hidden,group,Detrade Official Group,active
mgbxancement_en,MGBX_English,linked_chat,group,MGBX Global,community (free chat)
mgbxancement_en,MGBX_English,description,group,MGBX Global,active
mgbxancement_en,Gary_MGBX,description,user_or_bot,,
mgbxancement_en,MGBX_Global,post_mention,channel,MGBX_Global,
mgbxancement_en,Klaeytus,post_mention,not_found,,
mgbxancement_en,Samnacks_201,post_mention,not_found,,
mgbxancement_en,cipherr_exe,post_mention,user_or_bot,,
mgbxancement_en,Wendy000120,post_mention,user_or_bot,,
mgbxancement_en,QLTheSniper,post_mention,user_or_bot,,
mgbxancement_en,imtheboboo,post_mention,channel,Sharing with Bobo,
mgbxancement_en,Niuiu666,post_mention,user_or_bot,,
OpenledgerKoreaANN,OpenledgerKorea,linked_chat,group,OpenLedger Korea,community (free chat)
OpenledgerKoreaANN,OpenledgerKorea,linked_chat,group,OpenLedger Korea,community (free chat)
OpenledgerKoreaANN,OpenAI,post_mention,not_found,,
OpenledgerKoreaANN,Ramkumartweet,post_mention,channel,@Ramkumartweet,
OpenledgerKoreaANN,OpenledgerHQ,post_mention,channel,C,
OpenledgerKoreaANN,kbwofficial,post_mention,not_found,,
OpenledgerKoreaANN,shinedudes,post_mention,user_or_bot,,
OpenledgerKoreaANN,Incentiv_net,post_mention,channel,incentiv_net,
OpenledgerKoreaANN,Anthropic,post_mention,channel,Discover • Tech News,
OpenledgerKoreaANN,GoogleDeepMind,post_mention,not_found,,
OpenledgerKoreaANN,Nvidia,post_mention,channel,NVIDIA,
OpenledgerKoreaANN,hypergpt,post_mention,channel,HyperGPT,
OpenledgerKoreaANN,BinanceArabic,post_mention,group,Binance Arabic,active
OpenledgerKoreaANN,StoryProtocol,post_mention,group,Story protocol,inactive
OpenledgerKoreaANN,dgrid_ai,post_mention,group,DGrid Community,active
OpenledgerKoreaANN,McKinsey,post_mention,user_or_bot,,
OpenledgerKoreaANN,MAIN_AI_DEX,post_mention,channel,MAIN DEX,
OpenledgerKoreaANN,PerceptronNTWK,post_mention,channel,Best,
OpenledgerKoreaANN,TheoriqAI,post_mention,group,Ai space 1,inactive
OpenledgerKoreaANN,openledgerkorea,post_hidden,group,OpenLedger Korea,active
ApeBond_News,ape_bond,linked_chat,group,ApeBond,community (free chat)
ApeBond_News,DogelonMars,post_mention,group,DogelonMars,active
ApeBond_News,ZSWAP_DEX,post_mention,channel,A,
ApeBond_News,SaitoOfficial,post_mention,not_found,,
ApeBond_News,UnitsNetwork,post_mention,group,Units.Network Community Chat,inactive
ApeBond_News,LETST0P,post_mention,channel,LETSTOP,
ApeBond_News,every_thing,post_mention,not_found,,
ApeBond_News,HeyEva,post_mention,user_or_bot,,
ApeBond_News,AITECHio,post_mention,channel,aitechio,
ApeBond_News,KimaNetwork,post_mention,channel,kimanetwork,
ApeBond_News,solana,post_mention,not_found,,
ApeBond_News,BNBCHAIN,post_mention,channel,BNB Chain,
ApeBond_News,Etarn2025,post_mention,not_found,,
ApeBond_News,monstrodefi,post_mention,group,Monstro,inactive
ApeBond_News,rztoio,post_mention,channel,RZTO | News channel,
QuantumStellarInitiative,QuantumStellarInitiativeChat,linked_chat,group,ℚ𝕊𝕀 ℂ𝕙𝕒𝕥,community (free chat)
QuantumStellarInitiative,quantumstellarinitiativechat,post,group,ℚ𝕊𝕀 ℂ𝕙𝕒𝕥,active
QuantumStellarInitiative,keanw1,post_mention,user_or_bot,,
QuantumStellarInitiative,mrdotshouse,post_mention,channel,Mr Dot's House 🏠,
QuantumStellarInitiative,CoffeeAngel,post_mention,user_or_bot,,
QuantumStellarInitiative,missonQ,post_mention,user_or_bot,,
QuantumStellarInitiative,LaraHo,post_mention,user_or_bot,,
QuantumStellarInitiative,DeeQue,post_mention,user_or_bot,,
QuantumStellarInitiative,warrioraussie,post_mention,user_or_bot,,
QuantumStellarInitiative,rjb1981,post_mention,user_or_bot,,
QuantumStellarInitiative,OzarkJewel,post_mention,user_or_bot,,
QuantumStellarInitiative,QuantumFeedback,post_mention,user_or_bot,,
QuantumStellarInitiative,Cabaker4u,post_mention,user_or_bot,,
QuantumStellarInitiative,MarilynAnnW,post_mention,user_or_bot,,
QuantumStellarInitiative,wethesacredsoul,post_mention,user_or_bot,,
QuantumStellarInitiative,ltatroe,post_mention,user_or_bot,,
QuantumStellarInitiative,Chefandrew73,post_mention,user_or_bot,,
QuantumStellarInitiative,Nell013,post_mention,user_or_bot,,
QuantumStellarInitiative,DigitalSailor,post_mention,user_or_bot,,
QuantumStellarInitiative,StellarOrg,post_mention,not_found,,
QuantumStellarInitiative,korolevdirective,post_mention,channel,The Korolev Directive,
QuantumStellarInitiative,stellarrussia,post_hidden,channel,StellarRussia | Ваш #1 помощник в мире Стэллар,
QuantumStellarInitiative,Richard_Toler,post_mention,user_or_bot,,
QuantumStellarInitiative,dkatedunn,post_mention,user_or_bot,,
QuantumStellarInitiative,Qtips17,post_mention,user_or_bot,,
QuantumStellarInitiative,Bertil_Magnus,post_mention,user_or_bot,,
QuantumStellarInitiative,PhillyGal,post_mention,user_or_bot,,
QuantumStellarInitiative,QuebecArtichoke,post_mention,user_or_bot,,
QuantumStellarInitiative,winkyjo,post_mention,user_or_bot,,
QuantumStellarInitiative,Montana_Sky,post_mention,user_or_bot,,
QuantumStellarInitiative,qsivideos,post_hidden,group,QSI Library: Stellar Training Materials,inactive
QuantumStellarInitiative,stellarmoonbunny,post,group,MoonBunBun - QSIGF- ABUNDANCE,inactive
QuantumStellarInitiative,synergyfoundationico,post,group,‼️⚠️QSIGF-ANOMALY,inactive
QuantumStellarInitiative,vngfoundationico,post,group,QSIGF-MUTATION,inactive
QuantumStellarInitiative,+2qjfj2euaenjyznh,invite,private_invite,,not opened
QuantumStellarInitiative,+ja31yw1hqqy1yzux,invite,private_invite,,not opened
QuantumStellarInitiative,+jjtn_diwhvsxmtji,invite,private_invite,,not opened
QuantumStellarInitiative,+wqanur6kf2vmzdyx,invite,private_invite,,not opened
QuantumStellarInitiative,+x8i6xflqtudjzgrh,invite,private_invite,,not opened
StarPhone_CC,StarPhoneCC,linked_chat,group,StarPhone Global,community (free chat)
StarPhone_CC,StarPhoneAI,post_mention,not_found,,
StarPhone_CC,starphonecc,post_hidden,group,StarPhone Global,inactive
StarPhone_CC,deepseek_ai,post_mention,channel,DeepSeek,
StarPhone_CC,creditslink,post_mention,group,Creditlink Global,inactive
StarPhone_CC,LongStockX,post_mention,not_found,,
StarPhone_CC,fxh_crypto,post_mention,not_found,,
StarPhone_CC,Cloudflare,post_mention,user_or_bot,,
KachingPlay,KachingVIP,linked_chat,group,Kaching!,community (free chat)
KachingPlay,Solana,description,not_found,,
KachingPlay,ClubeDoRemo,post_mention,not_found,,
KachingPlay,KachingVIP,post_mention,group,Kaching!,inactive
KachingPlay,thehundred,post_mention,not_found,,
KachingPlay,Meow78600_,post_mention,not_found,,
KachingPlay,le_schars,post_mention,not_found,,
KachingPlay,donutgrillfish,post_mention,user_or_bot,,
KachingPlay,Brasileirao,post_mention,not_found,,
KachingPlay,Corinthians,post_mention,channel,!!! AQUI É CORINTHIANS !!!,
KachingPlay,Botafogo,post_mention,not_found,,
KachingPlay,ECVitoria,post_mention,not_found,,
xileaguechannel,xileague,linked_chat,group,XI League – Fantasy Cricket & Football,community (free chat)
xileaguechannel,xileague,post,group,XI League – Fantasy Cricket & Football,inactive
dextrobot_ai,dextrobotai,linked_chat,group,Dextro AI Trading Bot,community (free chat)
dextrobot_ai,cryptosolutionchat,post_hidden,group,Crypto Solution,active
dextrobot_ai,cryptosolutionann,post_hidden,channel,Crypto Solution Announcement,
GoldenFrogHouse,GoldenFrog_EN,linked_chat,group,Golden Frog Support [EN],community (free chat)
GoldenFrogHouse,Dev_Mini,description,user_or_bot,,
GoldenFrogHouse,w_community,post_hidden,channel,w_community,
GoldenFrogHouse,playDRAGARK,post_mention,not_found,,
GoldenFrogHouse,BitverseApp,post_mention,channel,Bitverse Announcement,
GoldenFrogHouse,AiXoviaChannel,post_mention,channel,AiXovia / $AIX Official Channel,
GoldenFrogHouse,AIXONE_Official,post_mention,channel,AIX ONE Official,
GoldenFrogHouse,Bixosinc,post_mention,channel,Bixos Inc.,
GoldenFrogHouse,USAGov,post_mention,user_or_bot,,
GoldenFrogHouse,fmcpay,post_mention,channel,FMCPAY,
GoldenFrogHouse,maavatar,post_mention,group,MaAvatar,inactive
GoldenFrogHouse,Tupackio,post_mention,group,TuPack Community,active
GoldenFrogHouse,nestree_io,post_mention,not_found,,
GoldenFrogHouse,terminus_network_pos,post_mention,channel,Terminus.network,
GoldenFrogHouse,CollablyNetwork,post_mention,group,Collably Network,inactive
GoldenFrogHouse,trusty_fi,post_mention,channel,trusty_fi,
GoldenFrogHouse,goldenfrog_en,post_hidden,group,Golden Frog Support [EN],inactive
brightsetup,edu3labscommunity,linked_chat,group,Edu3Labs Official,community (free chat)
wocnews,wavesonchains,linked_chat,group,WavesOnChain,community (free chat)
wocnews,WavesOnChains,description,group,WavesOnChain,inactive
wocnews,wavescommunity,post,group,Waves Official 🌊,active
wocnews,unilendchat,post_mention,group,Unilend Chat,inactive
wocnews,PWRDAO,post_mention,group,PowerDAO Protocol ✊⚡️,active
wocnews,eliejak,post_mention,user_or_bot,,
wocnews,handuong09,post_mention,user_or_bot,,
wocnews,aaravsharma999,post_mention,not_found,,
wocnews,haidarshh,post_mention,user_or_bot,,
wocnews,puzzle_network,post_mention,group,Puzzle Network,active
wocnews,oracleaiq,post_mention,user_or_bot,,
wocnews,ceo_eywa,post_mention,user_or_bot,,
wocnews,crosscurvefi,post_mention,group,CrossCurveFi,inactive
wocnews,CurveFinance,post_mention,user_or_bot,,
wocnews,minano2006,post_mention,user_or_bot,,
wocnews,Lancelloth,post_mention,user_or_bot,,
wocnews,tthao19,post_mention,not_found,,
wocnews,Deonkaito,post_mention,not_found,,
wocnews,RicardoKO9,post_mention,user_or_bot,,
wocnews,YamadaHanakoo,post_mention,not_found,,
wocnews,Amanjiii,post_mention,user_or_bot,,
wocnews,lienkim,post_mention,user_or_bot,,
wocnews,Lovecrypto12,post_mention,user_or_bot,,
wocnews,Collins459,post_mention,user_or_bot,,
wocnews,DenjiBuildx,post_mention,not_found,,
wocnews,JoSol,post_mention,user_or_bot,,
wocnews,lukasduong3,post_mention,user_or_bot,,
wocnews,lordk101,post_mention,not_found,,
wocnews,DBilberry,post_mention,user_or_bot,,
wocnews,ngochaif,post_mention,user_or_bot,,
wocnews,Henryfranc,post_mention,not_found,,
wocnews,AishaKumarr,post_mention,not_found,,
wocnews,hoamy234,post_mention,user_or_bot,,
wocnews,misterpks,post_mention,user_or_bot,,
wocnews,tiger6095,post_mention,user_or_bot,,
wocnews,Hodlli,post_mention,user_or_bot,,
wocnews,Danzo980,post_mention,user_or_bot,,
wocnews,Luizheitor1,post_mention,user_or_bot,,
wocnews,Somzie,post_mention,user_or_bot,,
wocnews,WavesOnchain,post_mention,channel,"""WavesOnChain"" NFT Group Launcher",
wocnews,UnitsNetwork,post_mention,group,Units.Network Community Chat,inactive
wocnews,wavesprotocol,post_mention,channel,@wavesnews,
unitsnews,unitsnetwork,linked_chat,group,Units.Network Community Chat,community (free chat)
unitsnews,unitsnetwork,description,group,Units.Network Community Chat,inactive
unitsnews,unitsnetwork_tr,description,group,Units.Network Türkiye,inactive
unitsnews,units_network,description,group,Units.Network Чат,inactive
unitsnews,units_kr,description,group,UNITS 공식 한국 커뮤니티 🇰🇷,active
unitsnews,wavescommunity,post_mention,group,Waves Official 🌊,active
unitsnews,koalaswapchat,post_hidden,group,🐨 KoalaSwap Chat,inactive
unitsnews,unilendchat,post_hidden,group,Unilend Chat,inactive
unitsnews,ape_bond,post_mention,group,ApeBond,active
unitsnews,Unilendone,post_mention,not_found,,
unitsnews,KoalaSwap_app,post_mention,channel,🐨 KoalaSwap News,
unitsnews,wavesonchains,post_hidden,group,WavesOnChain,inactive
unitsnews,wavesfunnynodenews,post_mention,channel,WavesFunnyNode News,
unitsnews,brevis_zk,post_mention,channel,Move Labss,
unitsnews,mindsharing_pad,post_mention,group,XYPER (formerly MindSharing),inactive
unitsnews,DIAdata_org,post_mention,group,DIA Community,active
unitsnews,WEEX_Official,post_mention,group,ToPocket用户交流④群,active
unitsnews,nukepower_io,post_mention,channel,NUKE,
unitsnews,pupasprotocol,post_mention,channel,Pupas AI,
unitsnews,GPT360Tech,post_mention,user_or_bot,,
unitsnews,wavesnews,post_hidden,channel,Waves 🌊,
unitsnews,wavesfutbol,post_hidden,group,Waves is Doom,inactive
unitsnews,unitsnetwork2,post_hidden,group,Units.Network Community Chat 2,inactive
unitsnews,wocnews,post_hidden,channel,WavesOnChain News,
unitsnews,safeblock_com,post_hidden,channel,SafeBlock,
unitsnews,gpt360_announcement,post_hidden,channel,GPT360,
CryptoRankNews,CryptoRank_BDtm,description,user_or_bot,,
CryptoRankNews,CryptoRankEn,description,group,CryptoRank Community Chat,inactive
CryptoRankNews,cryptorank_io_sup,description,group,CryptoRank.io Support Eng Chat,inactive
CryptoRankNews,cryptorank_ru,description,group,CryptoRank.io Чат,inactive
cryptoizoffice,cryptoizindonesia,linked_chat,group,CRYPTOIZ.ORG,community (free chat)
cryptoizoffice,cryptoizindonesia,description,group,CRYPTOIZ.ORG,active
cryptoizoffice,agus_artemiss,description,user_or_bot,,
cryptoizoffice,MetinaID,post_mention,not_found,,
cryptoizoffice,oxyanman,post_mention,not_found,,
rektplebs,addstickers,description,not_found,,
rektplebs,shitplebssay,description,channel,Shit plebs say,
rektplebs,noplebs,description,channel,No pleb,
rektplebs,rektplebssubmission,description,group,Rekt Plebs Submission,active
rektplebs,WatcherGuru,post_mention,channel,Watcher Guru,
rektplebs,stevemurraaay,post_mention,not_found,,
rektplebs,GeneralMCNews,post_mention,channel,The General,
rektplebs,doomposting,post_hidden,channel,DoomPosting,
rektplebs,h7lking,post_hidden,user_or_bot,,
tehmoonwalkin,tehmoonwalker,description,user_or_bot,,
tehmoonwalkin,WatcherGuru,post_mention,channel,Watcher Guru,
tehmoonwalkin,BRICSNews,post_mention,channel,BRICS News,
tehmoonwalkin,bitcoin_price,post_mention,channel,Bitcoin Price,
tehmoonwalkin,overdose_gems_calls,post_hidden,channel,OverDose Gems Calls,
chromia_announcements,hellochromia,linked_chat,group,Chromia Official,community (free chat)
chromia_announcements,superoo7,post_mention,user_or_bot,,
chromia_announcements,YeouJie,post_mention,user_or_bot,,
chromia_announcements,cz_binance,post_mention,not_found,,
chromia_announcements,zahumennov,post_mention,user_or_bot,,
chromia_announcements,clawchainai,post,group,clawchain.ai,inactive
chromia_announcements,hellochromia,post_hidden,group,Chromia Official,active
chromia_announcements,chromiadev,post,group,Chromia Official Developers Chat,inactive
chromia_announcements,chromiaindia,post,group,Chromia - Official Indian Group,inactive
chromia_announcements,chromiaru,post,not_found,,
chromia_announcements,chromiaspanish,post,group,Chromia en Español Oficial,inactive
chromia_announcements,chromiaspanishanuncios,post,channel,Chromia en Español Noticias,
chromia_announcements,chromiatraders,post,group,Chromia Ecosystem Price Analysis!,active
chromia_announcements,chromiaturkiye,post,group,Chromia - Official Turkish Group,inactive
cotichannel,COTInetwork,linked_chat,group,COTI - Currency of the Internet,community (free chat)
cotichannel,COTInetwork,description,group,COTI - Currency of the Internet,active
cotichannel,CryptoNerd0_9,post_mention,not_found,,
cotichannel,SayferSecurity,post_mention,user_or_bot,,
cotichannel,OpenClaw,post_mention,channel,OpenClaw,
bullionbitcoinbs,rugpullradio,linked_chat,group,"₿ullion, ₿itcoin & ₿eyond w/ GMONEY",community (free chat)
bullionbitcoinbs,insiderpaper,post,channel,Insider Paper,
OntologyAnnouncements,OntologyNetwork,linked_chat,group,Ontology English,community (free chat)
OntologyAnnouncements,nilmirk68,post_mention,user_or_bot,,
OntologyAnnouncements,sasendish,post_mention,user_or_bot,,
OntologyAnnouncements,OntologyNetwork,post_mention,group,Ontology English,active
OntologyAnnouncements,iam_Furst,post_mention,channel,ONT,
OntologyAnnouncements,suje57,post_mention,user_or_bot,,
OntologyAnnouncements,chamithprasanga,post_mention,user_or_bot,,
OntologyAnnouncements,wije12,post_mention,user_or_bot,,
OntologyAnnouncements,blavo3,post_mention,user_or_bot,,
OntologyAnnouncements,lahirules,post_mention,not_found,,
OntologyAnnouncements,ranumithh,post_mention,user_or_bot,,
OntologyAnnouncements,Nilupula,post_mention,user_or_bot,,
OntologyAnnouncements,itsrufice,post_mention,user_or_bot,,
OntologyAnnouncements,lahirulez,post_mention,user_or_bot,,
OntologyAnnouncements,adjos_03,post_mention,not_found,,
OntologyAnnouncements,lmaginexscissor,post_mention,user_or_bot,,
OntologyAnnouncements,sonotkumar21,post_mention,not_found,,
OntologyAnnouncements,hirun_perera_1,post_mention,user_or_bot,,
OntologyAnnouncements,lumiere31,post_mention,user_or_bot,,
OntologyAnnouncements,anuradha_senevirathne,post_mention,user_or_bot,,
OntologyAnnouncements,yohasha98,post_mention,user_or_bot,,
OntologyAnnouncements,hirun_perera_29,post_mention,not_found,,
OntologyAnnouncements,helloiamvlo1,post_mention,user_or_bot,,
OntologyAnnouncements,nthilini,post_mention,user_or_bot,,
OntologyAnnouncements,ayush_hh07,post_mention,not_found,,
OntologyAnnouncements,yaysmint,post_mention,user_or_bot,,
OntologyAnnouncements,rbusines,post_mention,user_or_bot,,
OntologyAnnouncements,Mathus95,post_mention,user_or_bot,,
OntologyAnnouncements,brtjapan,post_mention,user_or_bot,,
OntologyAnnouncements,mr_laka_ofc,post_mention,user_or_bot,,
OntologyAnnouncements,kaviya000,post_mention,user_or_bot,,
OntologyAnnouncements,sedami_boitine,post_mention,not_found,,
OntologyAnnouncements,Sanjeewa87,post_mention,not_found,,
OntologyAnnouncements,AaronITS,post_mention,user_or_bot,,
OntologyAnnouncements,iamFurst,post_mention,user_or_bot,,
commas,Community_3Commas,description,group,3Commas Community,active
commas,Bassthay,post_mention,user_or_bot,,
JackDorseyCoins,Pumps,post_mention,channel,Pumps,
JackDorseyCoins,Market,post_mention,channel,Market,
JackDorseyCoins,Bitcoins,post_mention,channel,Bitcoins,
JackDorseyCoins,Coach,post_mention,channel,Coach,
JackDorseyCoins,cryptosignals,post_mention,channel,Crypto Signals,
JackDorseyCoins,ginginfin,post_mention,user_or_bot,,
zilliqa,zilliqachat,linked_chat,group,Zilliqa Official Chat,community (free chat)
zilliqa,zilliqachat,description,group,Zilliqa Official Chat,active
zilliqa,gzilcollective,post_hidden,group,GZIL Collective,inactive
zilliqa,gzildao,post,not_found,,
elon_musk,SpaceX,post_mention,channel,SpaceX,
elon_musk,teslaeurope,post_mention,not_found,,
elon_musk,robotaxi,post_mention,channel,GardenZone Mannol Kitchenaid Asuratoon Ariston Savills Robotaxi Ecosia MediaFire Kemono,
elon_musk,tesla_semi,post_mention,channel,Semi,
elon_musk,cybertruck,post_mention,channel,Tesla Cybertruck * Тесла Кибертрак,
elon_musk,SpaceXAI,post_mention,user_or_bot,,
elon_musk,Starlink,post_mention,channel,STARLINK,
elon_musk,StarbaseTX,post_mention,channel,Fragment,
elon_musk,Tesla,post_mention,user_or_bot,,
elon_musk,teslaenergy,post_mention,channel,Tesla Energy,
elon_musk,boringcompany,post_mention,not_found,,
elon_musk,TeslaRecruiting,post_mention,not_found,,
elon_musk,gigafactories,post_mention,not_found,,
elon_musk,Tesla_Megapack,post_mention,not_found,,
elon_musk,Apple_Updates,post_mention,channel,🍎   Apple iOS Updates   📲,
elon_musk,NikeAdidasDeals,post_mention,channel,Nike & Adidas Deals   🇺🇸,
elon_musk,boringconews,post_hidden,channel,The Boring Company News   🚇,
elon_musk,grok_feed,post_hidden,channel,Grok Feed   🌌,
elon_musk,spacextoday,post_hidden,channel,SpaceX Today   🚀,
elon_musk,starlinkfeed,post_hidden,channel,Starlink Feed   🛰,
elon_musk,tesla_news,post_hidden,channel,Tesla News   ⚡️,
elon_musk,teslaoptimusnews,post_hidden,channel,Tesla Optimus News   🤖,
elon_musk,boost,post,channel,Update to Boost,
elon_musk,+pruz1_d1skixzjjk,invite,private_invite,,not opened
WCSECHANNEL,wesladcommunity,linked_chat,group,WESLAD Research Community,comments only
WCSECHANNEL,wcsepayment,description,user_or_bot,,
WCSECHANNEL,WESLAD,description,user_or_bot,,
WCSECHANNEL,wesladcommunity,post_hidden,group,WESLAD Research Community,inactive
slashbizchannel,slashbiz,linked_chat,group,/slashbiz/ chat,community (free chat)
slashbizchannel,WatcherGuru,post_mention,channel,Watcher Guru,
slashbizchannel,GeneralMCNews,post_mention,channel,The General,
slashbizchannel,disclosetv,post_mention,channel,Disclose.tv,
slashbizchannel,MTodayNews,post_mention,channel,MT News,
anrknetworkann,ankrnetwork,linked_chat,group,Ankr Community,comments only
anrknetworkann,ankrnetwork,description,group,Ankr Community,inactive
anrknetworkann,neuraofficial,post_mention,group,Neura Protocol,active
anrknetworkann,Cointelegraph,post_mention,channel,Cointelegraph,
anrknetworkann,Mr_Minter,post_mention,user_or_bot,,
anrknetworkann,Stacks,post_mention,user_or_bot,,
anrknetworkann,sergioszn,post_mention,user_or_bot,,
anrknetworkann,devrelius,post_mention,user_or_bot,,
anrknetworkann,neuraio,post,channel,Neura Announcements & Updates,
Bridge_Oracle,BridgeOracle,linked_chat,group,Bridge Oracle Group,comments only
Bridge_Oracle,BridgeOracle,description,group,Bridge Oracle Group,inactive
Bridge_Oracle,mexcuk_community,post,group,MEXC UK Fan Club (Main),inactive
Bridge_Oracle,SinaEstavi,post_mention,channel,Sina Estavi | سینا استوی,
Bridge_Oracle,cryptoland_en,post_mention,channel,CryptoLand  ™   Signal | Analysis | News,
Bridge_Oracle,Neurashi,post_mention,channel,Neurashi,
HoodinalsNews,hoodinals,linked_chat,group,🔸Hoodinals🔸,community (free chat)
HoodinalsNews,everyone,post_mention,channel,i don't know how to be funny anymore,
Binance_MENA_Annoucements,BinanceArabic,linked_chat,group,Binance Arabic,community (free chat)
Binance_MENA_Annoucements,BinanceArabic,description,group,Binance Arabic,active
Binance_MENA_Annoucements,BinanceMenaEnglish,description,group,Binance MENA English,active
dgrid_ai_ann,dgrid_ai,linked_chat,group,DGrid Community,community (free chat)
dgrid_ai_ann,dgrid_ai,description,group,DGrid Community,active
dgrid_ai_ann,BNBCHAIN,post_mention,channel,BNB Chain,
dgrid_ai_ann,token2049,post_mention,not_found,,
dgrid_ai_ann,claudeai,post_mention,channel,MiniApp,
dgrid_ai_ann,OpenAI,post_mention,not_found,,
dgrid_ai_ann,XiaomiMiMo,post_mention,channel,Xiaomi MiMo,
dgrid_ai_ann,typesafeai,post_mention,channel,Typesafeai,
dgrid_ai_ann,Cointelegraph,post_mention,channel,Cointelegraph,
dgrid_ai_ann,mexcenglish,post_hidden,group,MEXC English (Official),active
dgrid_ai_ann,kucoin_news,post,channel,KuCoin Announcement,
CryptoSolutionAnn,CryptoSolutionChat,linked_chat,group,Crypto Solution,community (free chat)
CryptoSolutionAnn,Aiden_CryptoSolution,description,user_or_bot,,
CryptoSolutionAnn,cryptosolutionchat,post_hidden,group,Crypto Solution,active
CryptoSolutionAnn,ibnaichats,post,group,$IBNAi Chats,active
CryptoSolutionAnn,ceruleanlabsgroupchat,post_hidden,group,Cerulean Labs Official Chat,inactive
CryptoSolutionAnn,bithealthcommunity,post_hidden,group,BitHealth Community,inactive
CryptoSolutionAnn,talesofalekoofficialgroup,post_hidden,group,Tales Of Aleko Official Community,active
CryptoSolutionAnn,bitharvestsupergroup,post_hidden,group,Harvest+ Channels,inactive
CryptoSolutionAnn,bizaglobalcommunity,post,group,$ZIOW-$BIZA G1-Community,inactive
CryptoSolutionAnn,savitri_group,post_hidden,group,Savitri|Community Group Old delete soon join in the new group,inactive
CryptoSolutionAnn,nxone_community,post_hidden,not_found,,
CryptoSolutionAnn,r0ar_community,post_hidden,group,R0AR Community MOVING TO DISCORD 10/1/2026,inactive
CryptoSolutionAnn,IBNAiToken,post_mention,not_found,,
CryptoSolutionAnn,BIZAcoin,post_mention,not_found,,
CryptoSolutionAnn,igamezgamble,post_mention,user_or_bot,,
CryptoSolutionAnn,HCOW_Official,post_mention,channel,hcow_official,
CryptoSolutionAnn,fesfinance,post,channel,FES,
CryptoSolutionAnn,amadeusprotocol,post_mention,group,Amadeus Protocol - Official Channel,not resolved (per-channel cap)
CryptoSolutionAnn,amadotone,post_mention,not_found,,
CryptoSolutionAnn,aetheriumx_fun,post_hidden,group,AetheriumX Community,not resolved (per-channel cap)
CryptoSolutionAnn,mexc0808stockseason,post_hidden,group,MEXC Stocks,active
CryptoSolutionAnn,mexcenglish,post_hidden,group,MEXC English (Official),active
CryptoSolutionAnn,orca_official_en,post_hidden,group,Orca Network,not resolved (per-channel cap)
CryptoSolutionAnn,x18ex_channel,post_hidden,channel,X18ex — The Ultimate BSC-Native Institutional DEX,
CryptoSolutionAnn,ibn_ai,post,channel,$IBNAi,
CryptoSolutionAnn,mansorytoken,post_hidden,group,MANSORY TOKEN,not resolved (per-channel cap)
CryptoSolutionAnn,dextrobot_ai,post_hidden,channel,Dextro AI Trading Bot-Official Channel,
CryptoSolutionAnn,gainslink,post_hidden,group,Gainslink,not resolved (per-channel cap)
CryptoSolutionAnn,salvo_official,post_hidden,group,Salvo | Official,not resolved (per-channel cap)
CryptoSolutionAnn,alphaomegacoinaoc,post_hidden,channel,Alpha Omega Coin,
CryptoSolutionAnn,tivatoken_official,post_hidden,group,Intiva Token (TIVA),not resolved (per-channel cap)
CryptoSolutionAnn,richcoin_ric,post_hidden,group,Official Richcoin Community,not resolved (per-channel cap)
CryptoSolutionAnn,hashcowofficial,post,channel,HASHCOW Official | HCOW,
CryptoSolutionAnn,o2ramp_official,post_hidden,group,O2Ramp Official Channel,not resolved (per-channel cap)
CryptoSolutionAnn,worldex_official,post_hidden,not_found,,
CryptoSolutionAnn,fractionalisedworld,post,channel,Fractionalised World News   🗞️,
CryptoSolutionAnn,smartpropssolution,post_hidden,group,Smart Props Solution (SPS) - Community,not resolved (per-channel cap)
CryptoSolutionAnn,xclaw_ai,post_hidden,group,XClaw Global,not resolved (per-channel cap)
CryptoSolutionAnn,retiumblockchain,post_hidden,group,Retium Blockchain,not resolved (per-channel cap)
CryptoSolutionAnn,gtbschain,post_hidden,group,Gatbits (GTBS Chain),not resolved (per-channel cap)
CryptoSolutionAnn,timeuniverse_io,post_hidden,channel,TIMEUNIVERSE,
CryptoSolutionAnn,dcodex_official,post_hidden,not_found,,
CryptoSolutionAnn,digital_euro,post_hidden,user_or_bot,,
CryptoSolutionAnn,nexomine,post_hidden,channel,Nexo Mine,
CryptoSolutionAnn,bithealthglobal,post_hidden,channel,BitHealth Global,
CryptoSolutionAnn,meditechxtoken,post_hidden,group,MediTechX | Token,not resolved (per-channel cap)
CryptoSolutionAnn,bitcointrendandforecast,post_hidden,channel,bitcointrendandforecast,
CryptoSolutionAnn,taftoken,post_hidden,channel,taftoken,
CryptoSolutionAnn,tippobank_news,post_hidden,channel,Tippo News,
CryptoSolutionAnn,nominal_network,post,channel,Nominal network,
CryptoSolutionAnn,biokript,post,group,Biokript Official Chat,not resolved (per-channel cap)
CryptoSolutionAnn,talesofalekoofficialchannel,post_hidden,channel,Tales Of Aleko Official Channel,
CryptoSolutionAnn,ganapayment,post_hidden,group,GANA Payment,not resolved (per-channel cap)
CryptoSolutionAnn,woodeng_sol,post_hidden,channel,Woo Portal,
CryptoSolutionAnn,abatis_abtu,post_hidden,channel,Abatis ABTU,
CryptoSolutionAnn,hovronqiblockchain,post_hidden,group,QIE Blockchain Ecosystem🔗 🌐,not resolved (per-channel cap)
CryptoSolutionAnn,heraldexchange,post_hidden,user_or_bot,,
CryptoSolutionAnn,calgocm,post_hidden,group,Calgo Community,not resolved (per-channel cap)
CryptoSolutionAnn,beanbeeai,post_hidden,group,BeanBee,not resolved (per-channel cap)
CryptoSolutionAnn,pinexfinance,post_hidden,group,PineX Finance | Official group,not resolved (per-channel cap)
CryptoSolutionAnn,beleafai,post_hidden,channel,BELEAF,
CryptoSolutionAnn,+1rjv44laugi5nzdl,invite,private_invite,,not opened
CryptoSolutionAnn,+5n3b4d97ur41n2y0,invite,private_invite,,not opened
CryptoSolutionAnn,+6uerdm6by1rmmmqy,invite,private_invite,,not opened
CryptoSolutionAnn,+af8nvafnvbrhotvh,invite,private_invite,,not opened
CryptoSolutionAnn,+jnikl6k_p3nlmwzl,invite,private_invite,,not opened
CryptoSolutionAnn,+jra6xg-dbny2mdq5,invite,private_invite,,not opened
CryptoSolutionAnn,+lox3u2f-tvvinwzh,invite,private_invite,,not opened
CryptoSolutionAnn,+n9pi6ujvxme0nwi1,invite,private_invite,,not opened
CryptoSolutionAnn,+qh2kpspovqu2yjgx,invite,private_invite,,not opened
CryptoSolutionAnn,+ryealrxuwzdmntlk,invite,private_invite,,not opened
CryptoSolutionAnn,+v-lamezpcvpjyze0,invite,private_invite,,not opened
CryptoSolutionAnn,+vk6qjocwxfi3nju1,invite,private_invite,,not opened
CryptoSolutionAnn,+xkhqgrbxo4q0ntkx,invite,private_invite,,not opened
official_tapzi,tapzi_official,linked_chat,group,Tapzi,community (free chat)
official_tapzi,tapzi_official,description,group,Tapzi,active
staynexcomannouncement,officialstaynex,linked_chat,group,Staynex Community Channel 👥,community (free chat)
staynexcomannouncement,eni_community,post_hidden,group,ENI Official,inactive
staynexcomannouncement,decardcommunity,post_hidden,channel,decardcommunity,
staynexcomannouncement,depinsimchat,post_hidden,group,Depinsim Community,active
staynexcomannouncement,Yuenwonglabs,post_mention,not_found,,
staynexcomannouncement,Michaelros,post_mention,user_or_bot,,
staynexcomannouncement,SpeakerJeff,post_mention,channel,SpeakerJeff,
staynexcomannouncement,staynexcom,post_mention,channel,staynexcom,
staynexcomannouncement,EvanLuthra,post_mention,user_or_bot,,
staynexcomannouncement,DeCard,post_mention,user_or_bot,,
staynexcomannouncement,uxlinkofficial,post_hidden,group,UXLINK®,active
staynexcomannouncement,officialstaynex,post,group,Staynex Community Channel 👥,active
staynexcomannouncement,CwalletOfficial,post_mention,not_found,,
staynexcomannouncement,wenaltseason,post_mention,user_or_bot,,
staynexcomannouncement,ENI__Official,post_mention,not_found,,
staynexcomannouncement,DCS_DeCard,post_mention,channel,Leaderboard Sprint,
staynexcomannouncement,taskonxyz,post_mention,channel,Crypto traders,
staynexcomannouncement,CoinGecko,post_mention,group,CoinGecko,active
staynexcomannouncement,Depinsim,post_mention,channel,DePinSim Announcements,
staynexcomannouncement,DigiFinex,post_mention,not_found,,
staynexcomannouncement,OlaXBT,post_mention,user_or_bot,,
staynexcomannouncement,gatecom_en,post_hidden,group,Gate Exchange,inactive
staynexcomannouncement,kucoin_exchange,post_hidden,group,KuCoin Exchange,active
staynexcomannouncement,kucoin_news,post_hidden,channel,KuCoin Announcement,
staynexcomannouncement,mexcenglish,post_hidden,group,MEXC English (Official),active
staynexcomannouncement,boost,post_hidden,channel,Update to Boost,
staynexcomannouncement,digifinexen,post_hidden,group,DigiFinex Exchange,active
massa_latest_news,massanetwork,linked_chat,group,Massa (MAS),community (free chat)
massa_latest_news,dusacommunity,post_mention,group,Dusa Community 🪼,inactive
massa_latest_news,eaglefi_community,post_mention,group,EagleFi,inactive
massa_latest_news,damip,post_mention,user_or_bot,,
massa_latest_news,seb_massa,post_mention,user_or_bot,,
massa_latest_news,DusaLabs,post_mention,channel,Dusa Announcements,
massa_latest_news,username,post_mention,channel,Telegram Usernames,
massa_latest_news,akindo_io,post_mention,group,AKINDO Builders Club🛠,active
massa_latest_news,ta_ori,post_mention,user_or_bot,,
massa_latest_news,conf3rence,post_mention,group,CONF3RENCE | Official,inactive
massa_latest_news,letsexchange_io,post_mention,channel,LetsExchange.io,
massa_latest_news,UseGossip,post_mention,channel,UseGossip,
massa_latest_news,Sacura0276,post_mention,user_or_bot,,
massa_latest_news,EnsembleCodes,post_mention,not_found,,
massa_latest_news,Hypernestdao,post_mention,user_or_bot,,
massa_latest_news,letsexchangeio,post_mention,not_found,,
massa_latest_news,danielgmorosan,post_mention,not_found,,
massa_latest_news,DecentrNet,post_mention,group,Decentr,inactive
massa_latest_news,EthCC,post_mention,user_or_bot,,
GTProtocolNews,gtprotocol,linked_chat,group,GT Protocol Community Chat,community (free chat)
GTProtocolNews,CertiKCommunity,post_mention,group,CertiK,inactive
GTProtocolNews,QuackAI_AI,post_mention,not_found,,
GTProtocolNews,DuckyAI_Crypto,post_mention,not_found,,
GTProtocolNews,dagama_world,post_mention,not_found,,
GTProtocolNews,CertiK,post_mention,group,CertiK,inactive
GTProtocolNews,gtprotocol,post_hidden,group,GT Protocol Community Chat,active
MonstroAnnouncements,monstrodefi,linked_chat,group,Monstro,community (free chat)
MonstroAnnouncements,MonstroDeFi,post_mention,group,Monstro,inactive
MonstroAnnouncements,everyone,post_mention,channel,i don't know how to be funny anymore,
MonstroAnnouncements,TomJones1892,post_mention,user_or_bot,,
creditslinkchannel,creditslink,linked_chat,group,Creditlink Global,community (free chat)
creditslinkchannel,creditslink,description,group,Creditlink Global,inactive
creditslinkchannel,dechat_io,post_mention,channel,Dechat,
creditslinkchannel,Aster_DEX,post_mention,channel,Aster DEX,
creditslinkchannel,ThenaFi,post_mention,channel,THENA Announcements,
creditslinkchannel,PancakeSwap,post_mention,group,PancakeSwap,active
creditslinkchannel,AveaiGlobal,post_mention,group,Aveai Global🌍,inactive
creditslinkchannel,lista_dao,post_mention,group,Lista Dao | Blum,inactive
creditslinkchannel,TokenInsight,post_mention,not_found,,
creditslinkchannel,four_meme_,post_mention,not_found,,
creditslinkchannel,Four_FORM_,post_mention,not_found,,
creditslinkchannel,worldlibertyfi,post_mention,user_or_bot,,
creditslinkchannel,Xiaohe085,post_mention,user_or_bot,,
creditslinkchannel,BinanceWallet,post_mention,channel,binancewattle11,
creditslinkchannel,TokenPocket_TP,post_mention,group,TP钱包🔥TokenPocket - 私聊的就是骗子,inactive
creditslinkchannel,ThenaFi_,post_mention,not_found,,
creditslinkchannel,Fableration,post_mention,channel,Fableration,
creditslinkchannel,Save_maan,post_mention,not_found,,
creditslinkchannel,MOTECH76,post_mention,not_found,,
creditslinkchannel,meuna_dinda,post_mention,not_found,,
creditslinkchannel,RWAX_life,post_mention,group,RWAX,active
creditslinkchannel,genius_sirenBSC,post_mention,not_found,,
creditslinkchannel,EGLL_american,post_mention,channel,EGLL_american,
creditslinkchannel,BIGDONUSD1,post_mention,not_found,,
creditslinkchannel,bsc_daily,post_mention,group,BSC Daily - Chat,active
creditslinkchannel,Ripple,post_mention,group,Ripple - XRP,active
creditslinkchannel,dogecoin,post_mention,not_found,,
creditslinkchannel,web3vip,post_mention,not_found,,
creditslinkchannel,RootDataCrypto,post_mention,channel,Crypto - PREMIUM PUMP 🌱,
creditslinkchannel,BitgetWallet,post_mention,group,bitget 钱包客服,inactive
creditslinkchannel,ShihBSC,post_mention,not_found,,
creditslinkchannel,Gate_io,post_mention,group,Gate.io的小伙伴們,not resolved (per-channel cap)
creditslinkchannel,cz_binance,post_mention,not_found,,
creditslinkchannel,BNBCHAIN,post_mention,channel,BNB Chain,
creditslinkchannel,ChainCatcher_,post_mention,not_found,,
creditslinkchannel,GateWallet,post_mention,channel,Gate Wallet,
creditslinkchannel,InifaktaO,post_mention,not_found,,
creditslinkchannel,NiaYourbe,post_mention,not_found,,
creditslinkchannel,StarPhoneAI,post_mention,not_found,,
creditslinkchannel,VORTEX_of_Web3,post_mention,not_found,,
creditslinkchannel,Jasondi52,post_mention,not_found,,
creditslinkchannel,xstsetra,post_mention,not_found,,
creditslinkchannel,SBGdhin,post_mention,not_found,,
creditslinkchannel,sanjayrd_11,post_mention,not_found,,
creditslinkchannel,GGcockp,post_mention,not_found,,
creditslinkchannel,imranarya,post_mention,user_or_bot,,
creditslinkchannel,Didotxyz_,post_mention,not_found,,
creditslinkchannel,openclaw,post_mention,channel,OpenClaw,
creditslinkchannel,BitcoinChina_,post_mention,not_found,,
creditslinkchannel,binance,post_mention,not_found,,
creditslinkchannel,JupiterExchange,post_mention,group,Jupiter Exchange (Official Support),not resolved (per-channel cap)
creditslinkchannel,JumperExchange,post_mention,channel,Redacted    [ SCAM ],
creditslinkchannel,TrustWallet,post_mention,group,Trust Wallet - English,not resolved (per-channel cap)
creditslinkchannel,KIMCHI_BNB,post_mention,group,ATM,not resolved (per-channel cap)
creditslinkchannel,wwwqlwyxyz,post_mention,not_found,,
creditslinkchannel,InitVerse,post_mention,not_found,,
creditslinkchannel,cmdr_kernel,post_mention,user_or_bot,,
creditslinkchannel,Logancryptworld,post_mention,user_or_bot,,
creditslinkchannel,Ainime484434,post_mention,not_found,,
creditslinkchannel,Gilang_crypto,post_mention,not_found,,
creditslinkchannel,faroumka5,post_mention,user_or_bot,,
Crypto_Job_Org,SkebCoin_chat,linked_chat,group,SkebCoin Chat,community (free chat)
privateai_ann,privateaicom,linked_chat,group,PrivateAI.com / PGPT,community (free chat)
privateai_ann,stalkerscrypto,post_mention,not_found,,
privateai_ann,bull_bnb,post_mention,group,BULL BNB,inactive
privateai_ann,eli5_defi,post_mention,not_found,,
privateai_ann,alphabatcher,post_mention,channel,Alpha Batcher,
privateai_ann,uenderhand,post_mention,user_or_bot,,
privateai_ann,Anil_57,post_mention,user_or_bot,,
privateai_ann,Bentennyson24,post_mention,not_found,,
privateai_ann,Januzaj1234,post_mention,user_or_bot,,
privateai_ann,Nickey781,post_mention,user_or_bot,,
privateai_ann,Ozgur_34,post_mention,user_or_bot,,
privateai_ann,privateaicom,post,group,PrivateAI.com / PGPT,inactive
cryptorank_insights,cryptorank_ru,linked_chat,group,CryptoRank.io Чат,community (free chat)
cryptorank_insights,cryptorank_ru,description,group,CryptoRank.io Чат,inactive
cryptorank_insights,CryptoRank_BDtm,description,user_or_bot,,
cryptorank_insights,CryptoRankNews,description,channel,CryptoRank Analytics,
MEXCofficialNews,MEXCEnglish,linked_chat,group,MEXC English (Official),community (free chat)
MEXCofficialNews,MEXCEnglish,description,group,MEXC English (Official),active
MEXCofficialNews,MEXCPlayroom,description,group,MEXC Playroom,active
MEXCofficialNews,usithetalk,post_mention,user_or_bot,,
MEXCofficialNews,mexc_card_officialcommunity,post_hidden,group,MEXC Card,active
MEXCofficialNews,krakenfx,post_mention,not_found,,
MEXCofficialNews,Payward,post_mention,channel,Payward,
MEXCofficialNews,Jamie_MEXC,post_mention,user_or_bot,,
MEXCofficialNews,mexc0808stockseason,post_hidden,group,MEXC Stocks,active
MEXCofficialNews,mexcproduct,post_hidden,group,MEXC Product Fan Club,active
MEXCofficialNews,addemoji,post_hidden,channel,Add Emoji,
MEXCofficialNews,addstickers,post_hidden,not_found,,
MEXCofficialNews,mexc_enofficial,post_hidden,group,MEXC Listing,active
MEXCofficialNews,+flncboerf7wwmzy1,invite,private_invite,,not opened
MEXCofficialNews,+maa187ktlf8xyje1,invite,private_invite,,not opened
bsc_dailyann,bsc_daily,linked_chat,group,BSC Daily - Chat,community (free chat)
bsc_dailyann,bsc_daily,description,group,BSC Daily - Chat,active
bsc_dailyann,tk_media,description,user_or_bot,,
bsc_dailyann,conviction_chat,post_mention,group,Conviction Frens,inactive
bsc_dailyann,solidusaichat,post_hidden,group,ACN Chat Group,active
bsc_dailyann,ZID_BNB,post_mention,user_or_bot,,
bsc_dailyann,tk_media1,post_mention,user_or_bot,,
bsc_dailyann,PancakeSwap,post_mention,group,PancakeSwap,active
bsc_dailyann,joleyoq,post_mention,user_or_bot,,
bsc_dailyann,Promszy,post_mention,user_or_bot,,
bsc_dailyann,ScamcoinSPL,post_mention,group,Scamcoin ($SCAM),active
bsc_dailyann,GANA_PayFi,post_mention,user_or_bot,,
bsc_dailyann,samysir,post_mention,user_or_bot,,
bsc_dailyann,Gate_io,post_mention,group,Gate.io的小伙伴們,inactive
bsc_dailyann,CryptoSniperfun,post_mention,channel,CryptoSniper Announcements,
bsc_dailyann,LeoTon,post_mention,user_or_bot,,
bsc_dailyann,BnbTigerInu,post_mention,channel,BNBTiger official Announcements,
bsc_dailyann,BogeBNB,post_mention,channel,BNB DOGE $BOGE,
bsc_dailyann,AuveraChain,post_mention,not_found,,
bsc_dailyann,Zetarium_,post_mention,not_found,,
bsc_dailyann,kingasterbsc,post,group,King Aster,inactive
bsc_dailyann,BnbMemeSZN,post_mention,channel,BNB SZN,
bsc_dailyann,BNBCHAIN,post_mention,channel,BNB Chain,
bsc_dailyann,WipfGG,post_mention,user_or_bot,,
bsc_dailyann,soliumzz,post_mention,not_found,,
bsc_dailyann,JucamelW,post_mention,user_or_bot,,
bsc_dailyann,joellitleR,post_mention,user_or_bot,,
bsc_dailyann,fabiol24,post_mention,user_or_bot,,
bsc_dailyann,Tim4409,post_mention,user_or_bot,,
bsc_dailyann,KISTLEY,post_mention,user_or_bot,,
bsc_dailyann,WenBNB1,post_mention,user_or_bot,,
bsc_dailyann,open10z,post_mention,user_or_bot,,
bsc_dailyann,magaoppa,post_mention,not_found,,
bsc_dailyann,vabi534,post_mention,not_found,,
bsc_dailyann,vony0,post_mention,group,Ben,inactive
bsc_dailyann,Kylo2,post_mention,user_or_bot,,
bsc_dailyann,Martyn37,post_mention,user_or_bot,,
bsc_dailyann,lurlin,post_mention,user_or_bot,,
bsc_dailyann,Hany_c,post_mention,user_or_bot,,
bsc_dailyann,bossonbonk,post_mention,channel,bossonbonk,
bsc_dailyann,VIDT_DAO,post_mention,not_found,,
bsc_dailyann,elalind12,post_mention,not_found,,
bsc_dailyann,brock216,post_mention,user_or_bot,,
bsc_dailyann,thaddETH5,post_mention,user_or_bot,,
bsc_dailyann,Holsol1,post_mention,user_or_bot,,
bsc_dailyann,kaunjilla,post_mention,user_or_bot,,
bsc_dailyann,D_Oslo,post_mention,user_or_bot,,
bsc_dailyann,Stephenbrown1,post_mention,user_or_bot,,
bsc_dailyann,NuraLabs,post_mention,channel,Nura Labs,
bsc_dailyann,jager_BSC,post_mention,group,Jager Coin Community,active
bsc_dailyann,EvolveTKN,post_mention,group,Evolve Pro Community,active
bsc_dailyann,ENI__Official,post_mention,not_found,,
bsc_dailyann,dgrid_ai,post_mention,group,DGrid Community,active
bsc_dailyann,BabyBonkCoin,post_mention,not_found,,
bsc_dailyann,BabyMame_BNB,post_mention,channel,Baby Mame,
bsc_dailyann,tokenai_global,post_mention,group,TokenAI 中文社区,not resolved (per-channel cap)
bsc_dailyann,strikedotfun,post_mention,not_found,,
bsc_dailyann,bnbking33,post_mention,user_or_bot,,
bsc_dailyann,icebearCu,post_mention,user_or_bot,,
bsc_dailyann,mavinTrex,post_mention,user_or_bot,,
bsc_dailyann,soliuo22,post_mention,user_or_bot,,
cryptorank_insights,cryptorank_ru,linked_chat,group,CryptoRank.io Чат,community (free chat)
cryptorank_insights,cryptorank_ru,description,group,CryptoRank.io Чат,inactive
cryptorank_insights,CryptoRank_BDtm,description,user_or_bot,,
cryptorank_insights,CryptoRankNews,description,channel,CryptoRank Analytics,
cryptorank_insights,cryptorank_fundraising,description,channel,CryptoRank Fundraising Digest,
cryptorank_insights,allchaindao,post_hidden,channel,by lexaman.eth,
cryptorank_insights,Kefir_CryptoRank,post_mention,not_found,,
cryptorank_insights,best_colection,post_mention,not_found,,
cryptorank_insights,vvwashere,post_mention,user_or_bot,,
cryptorank_insights,DmitrySH91,post_mention,user_or_bot,,
cryptorank_insights,nothingelseorall,post_mention,user_or_bot,,
cryptorank_insights,amater2su,post_mention,user_or_bot,,
cryptorank_insights,boyko_denis,post_mention,user_or_bot,,
cryptorank_insights,igmaverickk,post_mention,user_or_bot,,
cryptorank_insights,Gzasv,post_mention,user_or_bot,,
cryptorank_insights,sVg12,post_mention,user_or_bot,,
cryptorank_insights,DIESELBEAST,post_mention,user_or_bot,,
cryptorank_insights,kulttony,post_mention,user_or_bot,,
cryptorank_insights,LESYONOK666,post_mention,user_or_bot,,
cryptorank_insights,CryptoRank_CM,post_mention,user_or_bot,,
cryptorank_insights,cryptorank_io_sup,post_hidden,group,CryptoRank.io Support Eng Chat,inactive
cryptorank_insights,+adbn_b8pnqa4owzi,invite,private_invite,,not opened
cryptorank_insights,+w1cihrsfbvg1ztyy,invite,private_invite,,not opened
Bridge_Oracle,BridgeOracle,linked_chat,group,Bridge Oracle Group,community (free chat)
Bridge_Oracle,BridgeOracle,description,group,Bridge Oracle Group,inactive
Bridge_Oracle,mexcuk_community,post,group,MEXC UK Fan Club (Main),inactive
Bridge_Oracle,SinaEstavi,post_mention,channel,Sina Estavi | سینا استوی,
Bridge_Oracle,cryptoland_en,post_mention,channel,CryptoLand  ™   Signal | Analysis | News,
Bridge_Oracle,Neurashi,post_mention,channel,Neurashi,
Bridge_Oracle,PancakeSwap,post_mention,group,PancakeSwap,active
Bridge_Oracle,uncx_token,post_mention,group,UNCX Network | Main,inactive
MEXCUK_Announcement,MEXCUK_Community,linked_chat,group,MEXC UK Fan Club (Main),community (free chat)
MEXCUK_Announcement,usithetalk,post_mention,user_or_bot,,
MEXCUK_Announcement,MEXCTrueNorth,post_mention,user_or_bot,,
MEXCUK_Announcement,dappOS_com,post_mention,not_found,,
MEXCUK_Announcement,krakenfx,post_mention,not_found,,
MEXCUK_Announcement,Payward,post_mention,channel,Payward,
MEXCUK_Announcement,theinterfold,post_mention,user_or_bot,,
MEXCUK_Announcement,KaitoAI,post_mention,channel,Kaitoai,
MEXCUK_Announcement,MEXCOceania,post_mention,not_found,,
MEXCUK_Announcement,OndoFinance,post_mention,channel,Ondo DAO,
MEXCUK_Announcement,mexctruenorthchannel,post_hidden,channel,MEXC TrueNorth Channel,
MEXCUK_Announcement,mexc0808stockseason,post_hidden,group,MEXC Stocks,active
MEXCUK_Announcement,mexcproduct,post_hidden,group,MEXC Product Fan Club,active
MEXCUK_Announcement,mexcenglish,post_hidden,group,MEXC English (Official),active
MEXCUK_Announcement,mexc_enofficial,post_hidden,group,MEXC Listing,active
MEXCUK_Announcement,dapposofficial,post_hidden,group,DAPPOS MOON🌕(token not launched yet),active
MEXCUK_Announcement,mexcofficialnews,post,channel,MEXC Community Channel,
MEXCUK_Announcement,+3w5zzhjjlss5mda1,invite,private_invite,,not opened
MEXCUK_Announcement,+flncboerf7wwmzy1,invite,private_invite,,not opened
GateOfficialNews,GateCom_EN,linked_chat,group,Gate Exchange,community (free chat)
GateOfficialNews,GateCom_EN,description,group,Gate Exchange,inactive
GateOfficialNews,USDDecentralize,post_mention,channel,USDDecentralize,
CryptoAlerts,AiDiscussion,post_mention,group,Ai Discussion,inactive
CryptoAlerts,CovidChat,post_mention,not_found,,
CryptoAlerts,CryptoGroups,post_mention,channel,Crypto Groups,
CryptoAlerts,CommunityRules,post_mention,channel,Community Rules,
CryptoAlerts,BitcoinCharts,post_mention,channel,Bitcoin Charts BTC,
CryptoAlerts,OffTopic,post_mention,channel,Off Topic,
CryptoAlerts,Charts,post_mention,channel,@Charts,
CryptoAlerts,StockMarkets,post_mention,group,Stock Markets,inactive
CryptoAlerts,disclosetv,post_mention,channel,Disclose.tv,
CryptoAlerts,WatcherGuru,post_mention,channel,Watcher Guru,
CryptoAlerts,EverythingBubble,post_mention,group,Everything Bubble,inactive
CryptoAlerts,News_Crypto,post_mention,channel,Crypto News,
CryptoAlerts,ClimateChange,post_mention,group,Climate Change,inactive
CryptoAlerts,FitnessHealth,post_mention,group,Fitness Health,inactive
CryptoAlerts,GrailMemes,post_mention,group,Grail Memes - GM,inactive
CryptoAlerts,InTheNews,post_mention,group,In The News,inactive
MEXC_ENchannel,MEXC_ENofficial,linked_chat,group,MEXC Listing,community (free chat)
MEXC_ENchannel,MEXC_ENofficial,description,group,MEXC Listing,active
MEXC_ENchannel,gameterminalchat,post_hidden,group,Game Terminal,active
MEXC_ENchannel,daokraft_community,post_hidden,channel,DAOKraft Official Community,
MEXC_ENchannel,tinacommunity,post_hidden,group,TINA Official Community,active
MEXC_ENchannel,CrocpadRBH,post_mention,not_found,,
MEXC_ENchannel,EventraMarket,post_mention,channel,Eventra,
MEXC_ENchannel,DustswapOnBase,post_mention,group,Dustswap Official Support,active
MEXC_ENchannel,mexcenglish,post_hidden,group,MEXC English (Official),active
MEXC_ENchannel,wangchaionbnb,post_mention,user_or_bot,,
MEXC_ENchannel,wefi_official,post_mention,group,WeFi Official Global,inactive
MEXC_ENchannel,Cortex_Network_,post_mention,not_found,,
MEXC_ENchannel,Hoookedpad,post_mention,group,Hooked,inactive
MEXC_ENchannel,saplingdotcash,post_mention,not_found,,
MEXC_ENchannel,priors_trade,post_mention,not_found,,
MEXC_ENchannel,gameterminal_,post_mention,not_found,,
MEXC_ENchannel,dphnAI,post_mention,channel,Dolphin - $POD Gateway,
MEXC_ENchannel,Monad_Moe,post_mention,not_found,,
MEXC_ENchannel,theinterfold,post_mention,user_or_bot,,
MEXC_ENchannel,doppler_fi,post_mention,user_or_bot,,
MEXC_ENchannel,Autheo_Network,post_mention,channel,Autheo,
MEXC_ENchannel,ConcreteXYZ,post_mention,channel,concretexyz,
MEXC_ENchannel,Paimon_Finance,post_mention,not_found,,
MEXC_ENchannel,Stockereum,post_mention,channel,Stockereum,
MEXC_ENchannel,zipcoincash,post_mention,group,zipcoin,inactive
MEXC_ENchannel,c8ntinuum,post_mention,user_or_bot,,
MEXC_ENchannel,NullMaskio,post_mention,group,nullmaskio,inactive
MEXC_ENchannel,GPonchain,post_mention,not_found,,
MEXC_ENchannel,daokraft_ai,post_mention,channel,DAOKraft,
MEXC_ENchannel,schiffygld,post_mention,not_found,,
MEXC_ENchannel,Mintellect_AI,post_mention,channel,mintellect_ai,
MEXC_ENchannel,inuapple,post_mention,group,iNu,inactive
MEXC_ENchannel,MarsCat_Global,post_mention,channel,marscat_global,
MEXC_ENchannel,tread_fi,post_mention,channel,Y,
MEXC_ENchannel,Magne_Ai,post_mention,channel,Ob,
MEXC_ENchannel,TINA_GeoDePIN,post_mention,not_found,,
MEXC_ENchannel,usdciscool,post_mention,group,$COOL,not resolved (per-channel cap)
MEXC_ENchannel,UsePaid,post_mention,group,PAID | CHAT,not resolved (per-channel cap)
MEXC_ENchannel,TollyLabs,post_mention,user_or_bot,,
MEXC_ENchannel,Arguspad,post_mention,channel,ArgusPad Deploys,
MEXC_ENchannel,mexc0808stockseason,post_hidden,group,MEXC Stocks,active
MEXC_ENchannel,crocspadrbh,post_hidden,channel,CrocpadRBH,
MEXC_ENchannel,wefi_announcements,post_hidden,channel,WeFi Announcements,
MEXC_ENchannel,cortexnetwork_global,post_hidden,group,Cortex Network,not resolved (per-channel cap)
MEXC_ENchannel,mexcproduct,post_hidden,group,MEXC Product Fan Club,active
MEXC_ENchannel,saplingcash,post_hidden,channel,Sapling,
MEXC_ENchannel,enclave_e3,post_hidden,group,Interfold General,not resolved (per-channel cap)
MEXC_ENchannel,addemoji,post_hidden,channel,Add Emoji,
MEXC_ENchannel,addstickers,post_hidden,not_found,,
MEXC_ENchannel,doppler_finance,post_hidden,channel,Doppler Finance Announcements,
MEXC_ENchannel,autheo_official,post_hidden,group,Autheo,not resolved (per-channel cap)
MEXC_ENchannel,c8ntinuumann,post_hidden,channel,c8ntinuum,
MEXC_ENchannel,eventramarketofficial,post_hidden,group,EventraMarket Official,not resolved (per-channel cap)
MEXC_ENchannel,nullmask_io,post_hidden,channel,NullMask Announcements,
MEXC_ENchannel,mintellect_official,post_hidden,group,Mintellect,not resolved (per-channel cap)
MEXC_ENchannel,magneai,post_hidden,group,MagneAI,not resolved (per-channel cap)
MEXC_ENchannel,+eb6_3wclni0wmdnl,invite,private_invite,,not opened
MEXC_ENchannel,+flncboerf7wwmzy1,invite,private_invite,,not opened
MEXC_ENchannel,+maa187ktlf8xyje1,invite,private_invite,,not opened
solidusaitech,solidusaichat,linked_chat,group,ACN Chat Group,community (free chat)
EvolveProportal,EvolveTKN,linked_chat,group,Evolve Pro Community,community (free chat)
EvolveProportal,Safeguard,post_mention,user_or_bot,,
RetiumChain,RetiumBlockchain,linked_chat,group,Retium Blockchain,community (free chat)
RetiumChain,ZachHumphries,post_mention,not_found,,
RetiumChain,retiumblockchain,post,group,Retium Blockchain,active
RetiumChain,+mkkhn-jqw58woda1,invite,private_invite,,not opened
qiblockchainannouncement,HovRonQiblockchain,linked_chat,group,QIE Blockchain Ecosystem🔗 🌐,community (free chat)
qiblockchainannouncement,HovRonQiblockchain,description,group,QIE Blockchain Ecosystem🔗 🌐,active
qiblockchainannouncement,weexglobal_group,post,group,WEEX English Official,active
qiblockchainannouncement,qieblockchain,post_mention,channel,qieblockchain,
qiblockchainannouncement,alexiaforge,post_mention,user_or_bot,,
qiblockchainannouncement,riad_qie,post_hidden,user_or_bot,,
qiblockchainannouncement,miketucsonsb1p,post_mention,not_found,,
qiblockchainannouncement,monserratemenar,post_mention,not_found,,
qiblockchainannouncement,romekhan09,post_mention,not_found,,
qiblockchainannouncement,haxellia17,post_mention,not_found,,
qiblockchainannouncement,review2013,post_mention,user_or_bot,,
qiblockchainannouncement,elli8764,post_mention,not_found,,
qiblockchainannouncement,paterz1vb,post_mention,not_found,,
qiblockchainannouncement,hadiabuttlelv,post_mention,not_found,,
qiblockchainannouncement,louiseparsi,post_mention,not_found,,
qiblockchainannouncement,alice38ti,post_mention,not_found,,
qiblockchainannouncement,arnoldadam0,post_mention,not_found,,
qiblockchainannouncement,Satoshi,post_mention,user_or_bot,,
qiblockchainannouncement,YourBusiness,post_mention,not_found,,
qiblockchainannouncement,yourname,post_mention,user_or_bot,,
qiblockchainannouncement,cryptowolves02,post_hidden,channel,Wolf Shills,
qiblockchainannouncement,+cxvsoobslejlyjqy,invite,private_invite,,not opened
qiblockchainannouncement,+vgi04licyzs3zwq9,invite,private_invite,,not opened
trust_announcements,trustwallet,linked_chat,group,Trust Wallet - English,community (free chat)
trust_announcements,trustwallet,description,group,Trust Wallet - English,active
CryptoAlerts,AiDiscussion,post_mention,group,Ai Discussion,inactive
CryptoAlerts,CovidChat,post_mention,not_found,,
CryptoAlerts,CryptoGroups,post_mention,channel,Crypto Groups,
CryptoAlerts,CommunityRules,post_mention,channel,Community Rules,
CryptoAlerts,BitcoinCharts,post_mention,channel,Bitcoin Charts BTC,
CryptoAlerts,OffTopic,post_mention,channel,Off Topic,
CryptoAlerts,Charts,post_mention,channel,@Charts,
CryptoAlerts,StockMarkets,post_mention,group,Stock Markets,inactive
CryptoAlerts,disclosetv,post_mention,channel,Disclose.tv,
CryptoAlerts,WatcherGuru,post_mention,channel,Watcher Guru,
CryptoAlerts,EverythingBubble,post_mention,group,Everything Bubble,inactive
CryptoAlerts,News_Crypto,post_mention,channel,Crypto News,
CryptoAlerts,ClimateChange,post_mention,group,Climate Change,inactive
CryptoAlerts,FitnessHealth,post_mention,other,,
CryptoAlerts,GrailMemes,post_mention,group,Grail Memes - GM,inactive
CryptoAlerts,InTheNews,post_mention,group,In The News,inactive
CryptoAlerts,LifestyleFlex,post_mention,group,Lifestyle Flex,inactive
CryptoAlerts,Longevity,post_mention,group,Longevity,inactive
CryptoAlerts,MigrantCrisis,post_mention,not_found,,
CryptoAlerts,Trollbox,post_mention,group,Trollbox,inactive
CryptoAlerts,WorldReligions,post_mention,group,World Religions,not resolved (per-channel cap)
CryptoAlerts,WorldWars,post_mention,group,War Chat,not resolved (per-channel cap)
CryptoAlerts,Democrats,post_mention,group,Democrats DNC Chat,not resolved (per-channel cap)
CryptoAlerts,Republicans,post_mention,group,Republicans GOP Chat,not resolved (per-channel cap)
CryptoAlerts,USElection,post_mention,group,US Politics Chat,not resolved (per-channel cap)
CryptoAlerts,USPolitics,post_mention,group,US Politics Chat,not resolved (per-channel cap)
CryptoAlerts,WorldPolitics,post_mention,group,World Politics,not resolved (per-channel cap)
CryptoAlerts,Resolutions,post_mention,group,Resolutions,not resolved (per-channel cap)
CryptoAlerts,CryptoFAQs,post_mention,channel,Crypto FAQs,
CryptoAlerts,TradingTips,post_mention,channel,Trading Tips,
CryptoAlerts,HardwareWallets,post_mention,channel,Hardware Wallets,
CryptoAlerts,CryptoCharts,post_mention,channel,Crypto Charts,
CardanoAnnouncements,CardanoSummit,post_mention,not_found,,
Bitmex_Coach,BitmexCoachAdmin,description,user_or_bot,,
Bitmex_Coach,Coins,post_mention,channel,Coins ( ₿ ),
Bitmex_Coach,coach,post,channel,Coach,
Bitmex_Coach,binance,post_mention,not_found,,
changelly,id2441387271,linked_chat,group,Chatgelly,comments only
changelly,safepaltg,post_hidden,group,SafePal_Official,active
changelly,www_Bitcoin_com,post_mention,channel,Bitcoin.com News,
changelly,scopulynews,post_hidden,channel,Scopuly - Stellar DeFi,
changelly,scopuly,post_mention,group,Scopuly - Stellar DeFi Platform,inactive
changelly,tether,post_hidden,channel,Tether,
changelly,myapp,post_hidden,user_or_bot,,
changelly,mywalleteng,post_hidden,channel,My Wallet · News,
changelly,tonkeeper_ru,post_hidden,channel,Новости Keeper,
changelly,mytonwalleten,post_hidden,channel,My Wallet (ex. MyTonWallet),
changelly,secuxcoldwallet,post_hidden,channel,SecuX Announcements,
changelly,tonkeeper_news,post_hidden,channel,Keeper News,
changelly,rewardy_korea_announcements,post_hidden,channel,Rewardy_Korea_Announcements,
changelly,smpl_app,post_hidden,channel,Simple Wallet,
changelly,hovronqiblockchain,post_hidden,group,QIE Blockchain Ecosystem🔗 🌐,active
changelly,tangem,post_hidden,channel,Tangem,
changelly,crypticannouncements,post_hidden,channel,Cryptic - Announcements,
changelly,+gd8jtzwmymzmnwri,invite,private_invite,,not opened
wazirx,wazirx_discuss,linked_chat,group,WazirX Discuss,community (free chat)
WEEXNews,WeexGlobal_Group,linked_chat,group,WEEX English Official,community (free chat)
WEEXNews,weexglobal_group,post,group,WEEX English Official,active
WEEXNews,CryptoLifer33,post_mention,not_found,,
WEEXNews,WEEX_Andy,post_mention,user_or_bot,,
WEEXNews,pudgypenguins,post_mention,channel,Pudgy Penguins   🐧,
WEEXNews,carlmoon,post_mention,channel,@carlmoon,
WEEXNews,WEEX_Official,post_mention,group,ToPocket用户交流④群,active
WEEXNews,PingCAP,post_mention,not_found,,
WEEXNews,ZakaWaqar,post_mention,not_found,,
WEEXNews,awscloud,post_mention,channel,AWS - What's new RSS feed.,
WEEXNews,nadinonchain,post_mention,not_found,,
WEEXNews,yourcryptodj,post_mention,user_or_bot,,
WEEXNews,weexn,post,user_or_bot,,
WEEXNews,weexnew,post,not_found,,
scopulynews,scopuly,linked_chat,group,Scopuly - Stellar DeFi Platform,community (free chat)
scopulynews,scopuly,description,group,Scopuly - Stellar DeFi Platform,inactive
rickysfundamentals,ricky50chantheirish,description,user_or_bot,,
rickysfundamentals,eyefuturechat,post,group,Eye Future Chat,inactive
ProAnalysisTrader,markhenry01,description,user_or_bot,,
BinanceLiquidations,XypherTalk,description,group,Xypher.IO,inactive
BinanceLiquidations,XypherIO,description,channel,Xypher.IO Announcements,
BinanceLiquidations,marky_traders,post,channel,Mark Trade,
elisascharts,elisasTAchat,description,group,Elisa's TA Chat,inactive
elisascharts,elisasFXchat,description,group,Elisa's FX Chat,inactive
elisascharts,elisasFXanalysis,description,channel,Elisa's FX Analysis,
elisascharts,irena,post_mention,user_or_bot,,
elisascharts,WatcherGuru,post_mention,channel,Watcher Guru,
elisascharts,Insider_leak_of_theday,post_mention,channel,Insider leak of the day,
WanchainANN,WanchainCHAT,linked_chat,group,Wanchain Official,community (free chat)
WanchainANN,WanchainCHAT,description,group,Wanchain Official,active
WanchainANN,XDCNetwork,post_mention,channel,XDC Network   🚀,
WanchainANN,SeiNetwork,post_mention,channel,Sei,
WanchainANN,TemujinLouie,post_mention,not_found,,
WhaleSniper,XypherTalk,description,group,Xypher.IO,inactive
MultiVACMTV,MultiVAC2020,linked_chat,group,MultiVAC [MTV],comments only
MultiVACMTV,relaychaincommunity,post_mention,channel,Relaychain | PORTAL,
MultiVACMTV,MTV_ART,post_mention,channel,MTV_art=материалы,
MultiVACMTV,StrikeXcrypto,post_mention,group,StrikeX | Community,inactive
MultiVACMTV,mtvart,post,not_found,,
TMGChannel,TMGTRENCHES,linked_chat,group,TMG Trenches,comments only
TMGChannel,officialcharthouse,post,group,Chart House,active
cryptorealy,whitelistchat,post_hidden,group,Whitelist Chat,active
cryptorealy,watersolmeme,post_hidden,channel,$WATER | SOL MEMECOIN,
cryptorealy,whitelist1,post_hidden,channel,Whitelist Media,
cryptorealy,+_er3ud8vfj5jodm0,invite,private_invite,,not opened
cryptorealy,+zk3auwmewpy5yzc0,invite,private_invite,,not opened
guardawallet,Guarda_community,linked_chat,group,Guarda Community,comments only
guardawallet,guarda_community,description,group,Guarda Community,inactive
guardawallet,guarda_marketing_manager,description,user_or_bot,,
CryptoTrades,ataladmin,description,user_or_bot,,
CryptoTrades,cryptosignals,post_mention,channel,Crypto Signals,
CryptoTrades,cryptotrader,post,channel,Crypto Trades,
ThriveNews,ThriveCrypto,description,not_found,,
ThriveNews,BitMEXKing,description,not_found,,
ThriveNews,Blim207,description,user_or_bot,,
VinDAXExchangeNews,vindax_team,post,user_or_bot,,
Rihannad,id1700340348,linked_chat,group,Rihanna music Rihana Chat,comments only
Rihannad,KHOKKEIST,description,user_or_bot,,
Rihannad,CHEMPIONOV_LIGA,description,channel,Лига Чемпионов - трансферы Европы,
Rihannad,investitsii,description,channel,StockTON   💎,
Rihannad,Lyubovc,description,channel,Love   ❤️,
Rihannad,milliarder,description,channel,Мужской журнал - Знакомства,
Rihannad,xrocket,post,user_or_bot,,
Rihannad,joinchat/AAAAAFJiRC-NPUScNTAjAg,invite,private_invite,,not opened
walletw,airdropchatter,description,group,Airdrop chat #1 💰,inactive
walletw,CryptoSentinel,description,channel,CryptoSentinel :: crypto news and analysis,
walletw,DeCenter,post_mention,channel,"DeCenter — блокчейн, биткоин, инвестиции",
walletw,hypecoinnews,post_mention,channel,Hype Coin News,
walletw,icokaraulny,post,channel,"КриптоЧасовой :: DeFi, крипта, блокчейн, альткойны, биткойн, майнинг, трейдинг, финтех",
walletw,whattonews,post_mention,channel,WhattoNews📰,
walletw,Toyeta_Altezza,post_mention,user_or_bot,,
walletw,major,post,user_or_bot,,
walletw,Money,post_mention,channel,Money   💰   Crypto & Finance,
walletw,CryptoPizza_News,post_mention,channel,CryptoPizza News,
walletw,notothemoon,post_hidden,channel,С нуля до нуля на крипте,
walletw,d_code,post,channel,Код.ру,
walletw,icomuzhik,post_hidden,channel,🤑 Крипто-скуф 🤓,
walletw,tapps,post,user_or_bot,,
walletw,infinityhedge,post,channel,infinityhedge,
walletw,drops,post,user_or_bot,,
walletw,coingraphnews,post_hidden,channel,Coingraph | News,
walletw,gamee,post,user_or_bot,,
walletw,drpkng,post,channel,AirDrop KING 👑,
walletw,aidropk,post,channel,Airdrop crypto,
walletw,airdroprate,post,channel,Airdrop Ratings 💎💰💵,
walletw,cryptoessay,post,channel,e/acc,
walletw,xrocket,post,user_or_bot,,
walletw,bitcoin21ideas,post_hidden,channel,21 идея,
walletw,batterypublicbeta,post,group,Tonkeeper Battery Beta,inactive
walletw,+8ylrc_77f6ywyjiy,invite,private_invite,,not opened
walletw,+l2zdul7791mzyzhi,invite,private_invite,,not opened
cryptorobotics_en,holders_cryptorobotics_eng,linked_chat,group,Cryptorobotics_chat,community (free chat)
cryptorobotics_en,holders_cryptorobotics_eng,description,group,Cryptorobotics_chat,active
cryptorobotics_en,onboarding_cr,post_mention,user_or_bot,,
cryptorobotics_en,Coxmoh,post_mention,user_or_bot,,
cryptorobotics_en,cryptorobotics_trader,post_hidden,channel,CryptoRobotics Trader’s Channel,
cryptorobotics_en,cryptorobotics,post_mention,channel,CryptoRobotics_RU,
cryptorobotics_en,SteveThompson009,post_mention,user_or_bot,,
cryptorobotics_en,Jo_Ken2,post_mention,user_or_bot,,
cryptorobotics_en,Looj66,post_mention,user_or_bot,,
cryptorobotics_en,captainfeci,post_mention,user_or_bot,,
binance_announcements,binanceexchange,linked_chat,group,Binance English,community (free chat)
binance_announcements,binanceexchange,description,group,Binance English,active
binance_announcements,BinanceChinese,description,group,币安官方中文群,active
binance_announcements,binance_cn,description,channel,币安公告,
avestagroupuz,avesta_chat,linked_chat,group,CHAT - Avesta Investment Group - Uzbekistan,comments only
avestagroupuz,ao_uzbekneftegaz,post_hidden,channel,Uzbekneftgaz | Расмий канал,
avestagroupuz,miit_uz,post_hidden,channel,"O‘zbekiston Respublikasi Investitsiyalar, sanoat va savdo vazirligi",
venture_tg,id2171928869,linked_chat,group,Venture Chat,comments only
venture_tg,strategy,description,user_or_bot,,
venture_tg,solicoinchat,post_hidden,group,Solicoin chat 😁,active
venture_tg,venture,post_mention,channel,Venture Capital,
venture_tg,solicoinofficial,post_mention,user_or_bot,,
venture_tg,+2ccwxfefcclintdi,invite,private_invite,,not opened
Forex_Tradings,ataladmin,description,user_or_bot,,
Forex_Tradings,cryptosignals,post_mention,channel,Crypto Signals,
cryptobullet,likeniss,description,user_or_bot,,
StreetTraderFx,STFXinfo,post_mention,user_or_bot,,
StreetTraderFx,+h60_ywcehb9kyjfk,invite,private_invite,,not opened
TechCryptoAnalyst,DannyTechnical,post_mention,user_or_bot,,
cointelegraph,chatcointelegraph,linked_chat,group,Cointelegraph Chat,comments only
cointelegraph,okxofficial_english,post_hidden,group,OKX English,active
cryptoquant_alert,cryptoquant_official,description,channel,CryptoQuant,
bitcoin,bitcoincomments,linked_chat,group,Bitcoin Discussion,comments only
cointrendz,cointrendzcommunity,description,group,CoinTrendz Temple⛩,inactive
CryptoEmpire_Signal,AshuEmperor,description,user_or_bot,,
cryptoquant_official,id1534080402,linked_chat,group,CryptoQuant,comments only
cryptoquant_official,cryptoquant_alert,description,channel,CryptoQuant Alert,
cryptoquant_official,cryptoquant_kr,description,channel,CryptoQuant 한국어  🇰🇷,
cryptoquant_official,cryptoquant_turkish,description,channel,CryptoQuant Türkçe   🇹🇷,
cryptoquant_official,cryptoquant_vn,description,channel,CryptoQuant Việt Nam  🇻🇳,
cryptoquant_official,CoinRabbit,post_mention,channel,CoinRabbit,
WhaleTracker,Whale_Tracker,description,group,𝐖𝐇𝐀𝐋𝐄𝐓𝐑𝐀𝐂𝐊𝐄𝐑 | 𝐀𝐒𝐊 🗯,active
WhaleTracker,Ocean_Host,description,user_or_bot,,
WhaleTracker,BitcoinPriceAlertsLive,post_mention,channel,Bitcoin Price Alerts [LIVE]   🟢,
glassnode,coinbase,post_mention,user_or_bot,,
glassnode,xapobankapp,post_mention,not_found,,
glassnode,ARKInvest,post_mention,not_found,,
glassnode,Bitwise,post_mention,user_or_bot,,
glassnode,blocks,post_mention,not_found,,
glassnode,Tesla,post_mention,user_or_bot,,
glassnode,n3ocortex,post_mention,user_or_bot,,
investkaki,BRICSNews,post_mention,channel,BRICS News,
investkaki,ai_kakis,post,not_found,,
joescrypt,SEBGroup,post_mention,not_found,,
joescrypt,GoldmanSachs,post_mention,not_found,,
joescrypt,MorganStanley,post_mention,not_found,,
joescrypt,Reflection_ai,post_mention,not_found,,
joescrypt,silvercrestgrp,post_mention,not_found,,
cryptoslatenews,cryptoslate,description,user_or_bot,,
wealthcreator7,Qoutes90,post_mention,channel,Daily Quotes,
altcoin,bitcoinchannel,description,channel,Bitcoin channel,
altcoin,bitcoinsignals,description,channel,Bitcoin Trading Signals,
altcoin,cryptocurrency,description,channel,Cryptocurrencies Channel,
altcoin,emergingcrypto,description,channel,Crypto News Feed   📡,
altcoin,ethereumdapps,description,channel,Ethereum DAPPS,
altcoin,btcjp,description,channel,Bitcoin 日本   🇯🇵,
altcoin,bitcoinaccepted,post_mention,not_found,,
WallStreetBetsReddit,wallstreetbetsforum,linked_chat,group,WallStreetBets Forum,comments only
cryptocurrency,bitcoinchannel,description,channel,Bitcoin channel,
cryptocurrency,bitcoinsignals,description,channel,Bitcoin Trading Signals,
cryptocurrency,altcoin,description,channel,Altcoins Channel,
cryptocurrency,emergingcrypto,description,channel,Crypto News Feed   📡,
cryptocurrency,ethereumdapps,description,channel,Ethereum DAPPS,
cryptocurrency,btcjp,description,channel,Bitcoin 日本   🇯🇵,
cryptocurrency,bitcoinaccepted,post_mention,not_found,,
BitcoinSniper,XypherIO,description,channel,Xypher.IO Announcements,
bitcoinchannel,cryptocurrency,description,channel,Cryptocurrencies Channel,
bitcoinchannel,bitcoinsignals,description,channel,Bitcoin Trading Signals,
bitcoinchannel,altcoin,description,channel,Altcoins Channel,
bitcoinchannel,emergingcrypto,description,channel,Crypto News Feed   📡,
bitcoinchannel,ethereumdapps,description,channel,Ethereum DAPPS,
bitcoinchannel,btcjp,description,channel,Bitcoin 日本   🇯🇵,
bitcoinchannel,bitcoinaccepted,post_mention,not_found,,
PoloniexAnnouncements,PoloniexEnglish,linked_chat,group,Poloniex English,community (free chat)
PoloniexAnnouncements,PoloniexEnglish,description,group,Poloniex English,active
PoloniexAnnouncements,tether,post_mention,channel,Tether,
PoloniexAnnouncements,tethergold,post_mention,not_found,,
PoloniexAnnouncements,Poloniex,post_mention,not_found,,
PoloniexAnnouncements,myidbyzeroborder,post,group,MYIDverified from ZeroBorder Recover Stolen scammed or lost crypto bitcoin - crypto recovery btc,active
themdtchannel,measurabledata,linked_chat,group,Measurable Data Token (MDT),comments only
themdtchannel,MeasurableData,post_mention,group,Measurable Data Token (MDT),inactive
themdtchannel,TheRewardMe,post_mention,group,RewardMe,inactive
themdtchannel,RewardMe,post_mention,group,RewardMe,inactive
themdtchannel,heathermhuang,post_mention,user_or_bot,,
themdtchannel,RewardBox_App,post_mention,not_found,,
themdtchannel,binance,post_mention,not_found,,
themdtchannel,ThePassportMe,post_mention,group,PassportMe,inactive
themdtchannel,Duolingo,post_mention,channel,DUOLINGO   💚,
themdtchannel,BinanceExchange,post_mention,group,Binance English,active
themdtchannel,SandboxGame,post_mention,group,[Official] The Sandbox,active
themdtchannel,RewardMeApp,post_mention,not_found,,
themdtchannel,Optimism,post_mention,user_or_bot,,
catchain,wallet,post_mention,user_or_bot,,
catchain,adiutor,post_mention,user_or_bot,,
catchain,gramcoinorg,post_hidden,channel,g,
catchain,ruton,post_mention,channel,Русский TON,
catchain,toncenter_news,post_hidden,channel,Toncenter API,
catchain,stakeeru,post_hidden,channel,Новости Stakee,
catchain,spintr,post_hidden,channel,Spintria Community,
catchain,tonbase,post_hidden,channel,рост будет бесконечный,
catchain,toncoin,post_hidden,channel,Gram of TON,
catchain,cryptoboten,post_hidden,channel,Crypto Bot News,
catchain,tonblockchain,post_hidden,channel,The Open Network,
catchain,durov,post_hidden,channel,Pavel Durov,
catchain,contest,post_hidden,channel,Telegram Contests,
canalexrp,iXRPCommunity,linked_chat,group,XRP Community,comments only
canalexrp,WatcherGuru,post_mention,channel,Watcher Guru,
canalexrp,OndoFinance,post_mention,channel,Ondo DAO,
canalexrp,JPMorgan,post_mention,not_found,,
canalexrp,Ripple,post_mention,group,Ripple - XRP,active
GoldTradingPK,goldtradingpk_discuss,linked_chat,group,TEAMPK DISCUSSION GROUP,comments only
GoldTradingPK,teampk_trader,description,user_or_bot,,
cryptonomist_english,thecryptonomist_ch,post_mention,channel,The Cryptonomist Italia,
cryptonomist_english,cryptonomistfrance,post_mention,channel,Cryptonomist France,
cryptonomist_english,OranjeBTC,post_mention,channel,OranjeBTC,
cryptonomist_english,cryptominingguild,post,channel,Cyrpto Mining Guild,
bitcoinmemes,bitcoin_memes_chat,linked_chat,group,Bitcoin Memes Chat,comments only
bitcoinmemes,bitcoin_memes_chat,description,group,Bitcoin Memes Chat,inactive
bitcoinmemes,PepeTheFrog,description,user_or_bot,,
bitcoinmemes,r_bitcoin,post_mention,channel,r/Bitcoin,
bitcoinmemes,WatcherGuru,post_mention,channel,Watcher Guru,
bitcoinmemes,bitcoin_insights,post,channel,Bitcoin Insights,
cryptochan_pricevolumepulse,coins_volume_pulse,description,channel,Coins Volume Pulse - CoinAlert.me,
cryptochan_pricevolumepulse,pro-account,post_hidden,not_found,,
techcrunchcom,androidcentralcom,post_hidden,channel,Android Central,
techcrunchcom,nineto5google,post_hidden,channel,9to5Google,
techcrunchcom,sammobilecom,post_hidden,channel,SamMobile,
techcrunchcom,thenextwebnews,post_hidden,channel,TNW | The Next Web,
techcrunchcom,thevergecom,post_hidden,channel,The Verge,
ethereumdapps,bitcoinchannel,description,channel,Bitcoin channel,
ethereumdapps,bitcoinsignals,description,channel,Bitcoin Trading Signals,
ethereumdapps,altcoin,description,channel,Altcoins Channel,
ethereumdapps,bitcoinaccepted,description,not_found,,
actiontokenslive,actiontokens,linked_chat,group,Action Tokens - Official Chat,comments only
actiontokenslive,LuxLifeOSP,post_mention,user_or_bot,,
actiontokenslive,neweyeslasvegas,post_mention,not_found,,
actiontokenslive,D_G_Nyte,post_mention,not_found,,
actiontokenslive,BESmetaverse,post_mention,channel,BES,
actiontokenslive,thebeertoken,post_mention,channel,BEER Token Official 🍻,
actiontokenslive,SacZAP,post_mention,not_found,,
actiontokenslive,okaybearsnft,post_mention,not_found,,
actiontokenslive,stellarsmiles,post,not_found,,
BinanceWaves,Coach,post_mention,channel,Coach,
BinanceWaves,PUMPS,post_mention,channel,Pumps,
BinanceWaves,cryptosignals,post_mention,channel,Crypto Signals,
BinanceWaves,Market,post_mention,channel,Market,
BinanceWaves,coins,post,channel,Coins ( ₿ ),
BinanceWaves,+rx8jpiqx1x85nza8,invite,private_invite,,not opened
rodaskarov,elonmusk,post_mention,channel,ElonMusk,
rodaskarov,tradeleaforg,post_mention,channel,Tradeleaf Announcements,
rodaskarov,MexcEnglish,post_mention,group,MEXC English (Official),active
rodaskarov,Coinstore_Eng,post_mention,group,Coinstore | Global (new),active
rodaskarov,nyknicks,post_mention,user_or_bot,,
rodaskarov,thegarden,post_mention,not_found,,
