channel_id,username,title,description,scam,verified,n_subscribers_2022,n_text_messages,last_message_date,n_tme_links,tme_links,topic,source,archive,archive_member
1457955475,OccupyWallStreet2,Occupy Wall Street 2: END THE FED,"End The Fed  First post: https://t.me/OccupyWallStreet2/12  Contact the admins, send suggestions and any other: @OccupyWS_feedback_bot",False,False,655,47,2021-02-26,3,occupywallstreet2 occupywallstreet2/12 rtintl/1135,Crypto,tgdataset,3,public_db/folder_2/file_74_from_NumbAlot_to_ohfuture.json
1073249327,OfficialCryptoMoonShot,CryptoMoonShots ️,"⚠️ Warning: Many users reported this account as a scam or a fake account. Please be careful, especially if it asks you for money.",True,False,39941,186,2021-11-04,498,adafuncat adagoldofficial alfcoinofficial_chat alien_universe_bsc alphadogefinance americandadtoken anarchistdogecoin angrydoge_official apekongofficialgroup asicbsc astralinu astrobotcoin astrodoggy astroflokix astrolunarada astronaut_token astronomicstoken atomiccake autocakeavax autocryptointernational baby_doge_inu babyapebanana babybonfirebsc babybullinu babycarebsc babycorgicoin_bsc babycr7bsc babydefido_bsc babydogebnb_official babydogeinuofficial babyduobsc babyearthtoken babyflokidog babyfortknox babygotchi babyminifootball babypunk_bsc babyrabbit_bsc babysafemoonofficall babysalvador babysquidgamebsc babywolf_token babywolfrise babyzap bangdecentralized battleheroen bdgfairlaunch beachdogebsc beaglecakebsc beenb_official beglobalfinance betusbinance beurop bfkwarzone biebershiba bigbullsociety biglaunchproject binaflokibsc binance_city binanomicschat bitcoineconews bitcoinnomics bitpumptoken blackmoneyglobal blockmonsters blubbercoin bnbdash bnblovers bnbpad boldcoin_bc_official booriosupport boostbnb broker_invest_group brokolinetwork bscdaddyfloki bscfairlaunchplatform1 bscmonkey bscstarshot bscsysdig buffdogecoinofficial bullishapes burnxtoken busdfarm busdium busdup cadadigital cake_pad cakeprobsc camistry_io cannabiztoken captainbulldogfinance captainfloki_chat cashdoge cashiotoken catchytoken celebrity_ch chakratoken chipssquad citadelofficial cloudcoinbscglobal cndogefloki coc_worldwar cockapootoken coineventshunter coinhunters_token coinlearnchat coinsack cookicakeofficial cosmicmusic cowboyinu_bsc crashroyaletoken creamcakebsc cryptermain cryptocoffee_token cryptolaunchlist cryptonitetoken cryptopolisgame cryptosaurus_coin cryptospiderman crzcube cybercakecc cyborgcoin dadanomics daddyharmony daddyusdt dalmatian_token deadepidemic defi_smartchainbsc defisportsllc defusafeexchange demole_iocommunity deplutus diamondtree_bsc digimooncoin dinocakeofficial doge_energy dogeastronaut dogebeg dogecoffee dogedrinks dogefloki dogeflokiespana dogeflokijapan dogeflokiturkey dogeflokivietnam dogefootballofficial dogekids dogenomics_bsc dogevaxofficial dolphinada donaldduckbsc donuttoken dopeprotocolbsc draconitetoken dreamsquesttavern dstarlightscoin dungeonmasterofficial dungeonmystery echoes_chat ecomotobr ecoxoloitztoken egreensnake ekta_community elonagotchibsc elonstarbasetoken empirebusinesstoken engineswapofficial epicbattlegame_nft eternalkishu everybnb extracoinchat familydogeback familydogecoin familyfloki fansonlycoin fantasyfloki fantasytalesen feederfarm fighter_gm flexmatrixofficial flockioficial flokiclassic flokidragonofficial flokidrinks flokigemsinu flokigravity flokijeetinu flokikingbsc flokikinginu flokipicofficial flokipunknft flokishiba_token flokishibadoge flokishimaofficial flokisimpofficial flokithecreator flokix_official fomo_chronicles fomobusd forevrfloki fourtwentytoken frame_rate freegas4life freemanbsc_chat freeseals frunkcake fsdcoinofficial fungiedao galabet_casino galaxyheroescoin gamebusd gamedestinyreal gamer_project genshinimpactbsc getgraphene glimpsetoken globallittlepanda goldengoblinbsc goldenshib goldenxrp goldrocketbsc gonewildofficial gox3iwallet greenbettoken greencandle_official gummy_bear_official gymscenechat halloweenshibaofficial happenednft happycake0 harderdaddy_bsc haretokenchat heliumx_hex hero_project herofiofficial heroflokiglobal herokishu heymariotoken highstreetworld hinainu hinainu_cn hinainu_in hnwstakeholders hodlgroupofcompanies hornydogeglobal hotdogebsc hotflokibsc hyperboostofficial hypersafemoon15x inception_bsc indobisabsc inferno_pay infinit_x infinityandbeyondbsc infinitypad intinity_bsc jamkeytoken joinchat/a2u4uikxjqawode1 joinchat/lxuswckxv1k3otjl jokecommunity jokercoinsofficial kaikenshiba_news kalacoinchina kalacoinid kalacoinofficial kalacoinsg kalacointurkey kickzinu kidcaspertoken kimcardano klasstoken kodicoinofficial koishiba lasereyesclub letsallsimp letsfuckingdoge lifebird littlefloki_official littlefox00 littlelinkbsc littlepandamoonindonesia littlepandamoonpershian littlepandamoonphp lolyofficial lottomaniabsc lottomoonarmy lotustokenofficial loudmarket lovepot_finance lucidlandsoffical luckypigtoken luckysweetbnb lutocash m7capital madworldcrypto maggroupofficialz magiccake_official majinbuudefi marsdogecommunity marsupilamibsc maxicardano meo_tools micropets mini_wrestling minibabyflokibsc minibtctoken minielephantbsc miniethv2 miniflokiada minigametoken minipigofficial minishibx minisparkybusd mommarijuanatoken momtokenglobal moniwarofficial monsterbusd mooncake_bsc moonflokinomics moongame_io moonienft moonimonuniverse moonwarriorschat mrmonkeyinu mtgoxswap multigame_chat muskycat mwarschat mwzdogeofficial mypetsocial naftydiscussions nanodogebsc_official nanoflokichat nanoshibainucoin nasdex_xyz naughtydogestudios nexuscryptosvc nft_globall nftclubofficial nftgalaxy_official nftlokibsc nomosproject nonametoken ocean_token odysslandchats official_cryptomoonshot/1257 official_projectx officialalphalandgroup officialmamacoco onlyuptoken opsglobalnetwork overlordbsc papafloki_bsc petworld_gamefi pieintheskychat pinkshibaofficial playcrabada_official playdogecoin playruneterrabsc playstarfinance playttk pocmoncom pocogroupchat pofycoin pokebattlenft pokemonunitebsc poopitup_official popartnft portalbsc potato_token powerbullprotocol presidentpig pridenation_tokenchat projectdogex pulsar_token punkthereum puppydogeofficial puppynomicsbsc queenfloki_bsc rabbitnomics razerfarmbsc redlightgreenlighttoken revaultnetwork rewardscake_official rikkeifinance ripprgaming riseandgrowbsc riseup_officiall rocketeertoken roningamez roronoazoroinu royalupcoin rpstofficial safe_earn safehumanofficial safenftgems safeturtles_bnb salmondeficommu samuraishibainu_group sandboxpro_community satoshibetstoken scfintoken sfbyofficial shadowdoge shibadominance shibaflokix shibahype shibanomics shibanomitoken shibapuppytoken shibarace shibaswapbsc shibawatchofficial shibaxrptoken shibfuel_official shitcoinprediction shitcoinshot shitcoinshots shivatoken shooterfloki simpnomics sincitytoken sky_shiba smartcaketoken smartethereumbsc snakerofficialchat snoopdoge7 soccerhub_globalchat socialchart solaritoken spacecatofficial spacecometofficial spacedogcoin spectrabsc spectrabsc20 sphynxswap spiderflokibsc squidgame_coin ssbtokenofficial stackdogebsc stakfinance starversechat superflokinomicsbsc supremediscussion surfdoge sushibatokengroup sushicattoken sushidoge_bsc talkadoprotocol tankarmychat team20bsc teslabiertoken theavatarcoin theluckycake therareantiquitiestoken thesuperbnb thunderrun titan_cake titaniumhandbsc tokencampfire tokennamesensor tokensquidgame tornado_token toydogecoin trenderliquid triallcommunity trigfinance trollercoinofficial ufcmemetoken unilendfinance upcakecommunity upcashtoken upfinitytg uswaptron utopiabscofficial vartium verofarmgroup versewar_official vipmineren vitalik_nakamoto_vtc vivaofficialgroup voldytoken waterfalldefi wealthfinanceofficial wenpump_bsc wildfeg wildfeg_announcement wolverinebsc wonderhero_io worldwidewealtharabic worldwidewealthfinance x_hunter_tg xaidex_project yorkiecoin_official yorocketofficial zetaprotocol zombiebattlefield zufinance,Crypto,tgdataset,3,public_db/folder_2/file_74_from_NumbAlot_to_ohfuture.json
1087921278,officialkybernetwork,Kyber Network Announcement Channel,🔔PLEASE NOTE: Official announcements & discussions now on Discord —> https://discord.gg/NB3vc8J9uv  Kyber’s DeFi liquidity hub powers decentralized token swaps & payments between applications.  *Admins have the 'admin' tag! * Website: Kyber.network,False,False,4332,801,2022-07-28,22,altcoinbuzzchat avalancheavax binanceexchange bsc_official_announcement/877 coinbaseknc cryptoorg_chain_announcements dragonaryann footballbattlenft gainschat jgndefi joinchat/gieaarx2oebknjvh kyberchinese kyberdeveloper kybernetwork kybervietnamese moonpotdotcom officialkybernetwork officialkybernetwork/1133 okexofficial_english polygonnews powerpoolcvp stephero_chat,Crypto,tgdataset,3,public_db/folder_2/file_74_from_NumbAlot_to_ohfuture.json
1263618216,SeeleAnn,,Official announcement channel of Seele,False,False,1902,299,2020-04-28,6,seeleann seeleann/160 seelecn seelefrancais seeletech seeletechspanish,Crypto,tgdataset,3,public_db/folder_2/file_93_from_secret_history_TG_to_sgmeme.json
1106773519,sense_announcements,SENSE Official Announcements,SENSE Official Announcements,False,False,309,193,2019-12-05,8,joinchat/gf1jjrmyfpjqffyirwcefa kucoin_telegram_competition sense_announcements sense_announcements/56 sensekorea sensetoken sensetoken_ru workcoin,Crypto,tgdataset,3,public_db/folder_2/file_93_from_secret_history_TG_to_sgmeme.json
1189446152,serendipitytradeacdemyopengroup,SERENDIPITY ACADEMY OPEN GROUP,https://t.me/serendipitysignals,False,False,4910,4252,2021-04-18,6,joinchat/aaaaaeblgggf4w_iwty4zq joinchat/aaaaaeblgggiowro_tbnhw joinchat/aaaaaff8vgfgk_pcg7epda mrserendipityodds serendipitysignals serendipitytradeacdemy,Crypto,tgdataset,3,public_db/folder_2/file_93_from_secret_history_TG_to_sgmeme.json
1117422832,PledgecampNews,,"In this channel, we will post important news and updates about Pledgecamp.",False,False,437,232,2021-04-12,11,bounty0xsupport ethan_pc getprotocol pledgecamp pledgecamp/143495 pledgecamp/160030 pledgecamp/160497 pledgecamp/160656 pledgecampnews pledgecampnews/186 topnetwork_top,Crypto,tgdataset,3,public_db/folder_2/file_80_from_pismaturok_to_politdrug.json
1130023675,plotx_ann,PlotX Announcements,The Official PlotX Community Announcements,False,False,5968,573,2022-07-30,25,ascendexchinese ascendexenglish bitmaxioenglishofficial cryptocityangels cryptonationama epnsproject hillrisecapitalchat maticnetwork mxcenglish plotus_official plotx_ama plotx_ama/1933 plotx_ann plotx_ann/163 plotx_ann/73 plotx_china plotx_kr plotx_official plotx_official__ plotx_official_vn plotx_russian plotx_unofficial plotxturkey thcryptospartans vqandfriends,Crypto,tgdataset,3,public_db/folder_2/file_80_from_pismaturok_to_politdrug.json
1204663832,PolicyPal_ANN,,"Dear all,  Thank you for your support over the past few years. The PAL Network team has some updates to share with the PAL community. Read more here: https://medium.com/@palnetwork_/pal-network-concludes-blockchain-project-pledges-remaining-funds-to-world",False,False,847,110,2020-10-15,0,,Crypto,tgdataset,3,public_db/folder_2/file_80_from_pismaturok_to_politdrug.json
1581960001,PolitischeKryptokunst,Politische Kryptokunst,,False,False,7,1261,2022-07-31,116,aerzteblatt agesabmyk ancientfeed antigates australiatimes bayernpresse berlinernachrichten besttokennews binancedailynews bitcoininventors blackwhiteunite blockchainreport brunopuno capitolnews cardanoreport chicagoreporter cnnunmasked coinbasereport coinbasereport/545 cryptoartmuseum cryptopunksclub cryptosignalsmust ctbch daoautonomous dasgrosseaufwachen dasgrossee diebasisparteiwaehler draintheswampnews elonmuskinfo ethereumdaily foxnewsfeed gaiaskinder gedankenzufreiheit gerhardschroder goldtradenews govron greatawakeningchannel greatawakeningde greatawakeningofficial gregorgysi grosseaufwachen grossesaufwachen hamburgpresse helgeschneiderkanal herbertkickl inchnews iv jeffbridgemaker jerusalemtribune johnfkennedyjr joschkafischer keanureevesreal kenfmnachrichten kingofbees koelninfo koenigderbienen kunstfuerfreiheit libertyonlinenews metaverseaccount michaelwendlernews muetterundvaeter nenakanal nftcollectorgroup nftfair nftreport nickszab nicolateslanews noahsprophecy officialsatoshi officialsatoshi/4489 officialsatoshi/4837 oskarlafontaine people4freedom pierretati politischekryptokunst qanondeu quantitynews querdenker24 s/sbmkcoin sabmyk sabmyk/42 sabmyk/75 sabmykawakening sbmkchat sbmkcoin sbmkcoin/13 sbmkme sbmkme/132 sbmkme/134 sbmkme/16 sbmkme/172 sbmkme/185 sbmkme/187 sbmkme/192 sbmkme/197 sbmkme/68 sebastianbieniek shawunawaz shawunawaz/180 shawunawaz/182 shibainuinfo solanainfo stablecoinnews starseedchildren supernarrativ thecryptomeme theeconomynews theeuropenews thegreatunmatrix thenewsweek therevolutionnow tillschw tuckercarlsonnews unvaccinatedwelcome vvanv wolfgangthierse,Crypto,tgdataset,3,public_db/folder_2/file_81_from_politduhovka_to_po_reshal.json
1435220157,PoloniexAnnouncements,Poloniex Announcements,Official announcements channel for Poloniex - a global cryptocurrency exchange.  Poloniex Official English Group @PoloniexEnglish,False,False,2914,1380,2022-07-31,2,poloniexenglish spacetravellerprogram,Crypto,tgdataset,3,public_db/folder_2/file_81_from_politduhovka_to_po_reshal.json
1217898451,PolygonAnnouncements,Polygon Official Announcements,"Polygon - Ethereum's Internet of blockchains, offers a wide range of secure, fast, affordable and energy-efficient Ethereum scaling solutions for Web 3 developers  Visit : https://polygon.technology/  Join our community: 🌏 Global TG: t.me/polygonofficial",False,True,18592,1958,2022-07-30,190,betprotocol biconomy bigcoinvietnam binance_usa binanceexchange binancefilipino binanceindian binancekorean binancenigeria binancerussian binancespanish binancethai binanceturkish bitmaxioenglishofficial cerenetwork_official crypcade crypto_bullandbear dappos_app dogechainofficial dvisionnetworkglobal easyfiann/53 fliporhodlchat fraxfinance freelaofficial gagarin_talk geodbgroup humanandmachineofficial huobiglobalofficial idcrypto1944 igannouncements igannouncementshttps joinchat/fergdehxikvddpki8q-jka joinchat/hx5wnhqj6v4wkbudphm8_a mahadao maticgamers maticnetwork maticnetwork/15844 maticnetwork/15853 maticnetwork/15861 maticnetwork/15864 maticnetwork/15866 maticnetwork/15868 maticnetwork/15871 maticnetwork/15872 maticnetwork/15874 maticnetwork/15879 maticnetwork/15880 maticnetwork/15884 maticnetwork/15890 maticnetwork/15892 maticnetwork/15896 maticnetwork/15897 maticnetwork/15900 maticnetwork/15902 maticnetwork/15904 maticnetwork_africa maticnetwork_announcements maticnetwork_announcements/1012 maticnetwork_announcements/1013 maticnetwork_announcements/1051 maticnetwork_announcements/1067 maticnetwork_announcements/1083 maticnetwork_announcements/1084 maticnetwork_announcements/1093 maticnetwork_announcements/1113 maticnetwork_announcements/1115 maticnetwork_announcements/1119 maticnetwork_announcements/1120 maticnetwork_announcements/1122 maticnetwork_announcements/1124 maticnetwork_announcements/1125 maticnetwork_announcements/1126 maticnetwork_announcements/1127 maticnetwork_announcements/1129 maticnetwork_announcements/1130 maticnetwork_announcements/1131 maticnetwork_announcements/1132 maticnetwork_announcements/1133 maticnetwork_announcements/1140 maticnetwork_announcements/1144 maticnetwork_announcements/1146 maticnetwork_announcements/1150 maticnetwork_announcements/1152 maticnetwork_announcements/1154 maticnetwork_announcements/1156 maticnetwork_announcements/1160 maticnetwork_announcements/1162 maticnetwork_announcements/1164 maticnetwork_announcements/1169 maticnetwork_announcements/1170 maticnetwork_announcements/1172 maticnetwork_announcements/1175 maticnetwork_announcements/1177 maticnetwork_announcements/1178 maticnetwork_announcements/1181 maticnetwork_announcements/1192 maticnetwork_announcements/1194 maticnetwork_announcements/1199 maticnetwork_announcements/1203 maticnetwork_announcements/1204 maticnetwork_announcements/1205 maticnetwork_announcements/1207 maticnetwork_announcements/1210 maticnetwork_announcements/1211 maticnetwork_announcements/1214 maticnetwork_announcements/1216 maticnetwork_announcements/1220 maticnetwork_announcements/1223 maticnetwork_announcements/1241 maticnetwork_announcements/1244 maticnetwork_announcements/1246 maticnetwork_announcements/1247 maticnetwork_announcements/1249 maticnetwork_announcements/1250 maticnetwork_announcements/1251 maticnetwork_announcements/1252 maticnetwork_announcements/1253 maticnetwork_announcements/1255 maticnetwork_announcements/1260 maticnetwork_announcements/1261 maticnetwork_announcements/1263 maticnetwork_announcements/1264 maticnetwork_announcements/1265 maticnetwork_announcements/1267 maticnetwork_announcements/1274 maticnetwork_announcements/1275 maticnetwork_announcements/1277 maticnetwork_announcements/1279 maticnetwork_announcements/1283 maticnetwork_announcements/1284 maticnetwork_announcements/1311 maticnetwork_announcements/1320 maticnetwork_announcements/1334 maticnetwork_announcements/1337 maticnetwork_announcements/1343 maticnetwork_announcements/1350 maticnetwork_announcements/1351 maticnetwork_announcements/1352 maticnetwork_announcements/1353 maticnetwork_announcements/1391 maticnetwork_announcements/1411 maticnetwork_announcements/1412 maticnetwork_announcements/1414 maticnetwork_announcements/1417 maticnetwork_announcements/1418 maticnetwork_announcements/1419 maticnetwork_announcements/1420 maticnetwork_announcements/1423 maticnetwork_announcements/1424 maticnetwork_announcements/1428 maticnetwork_announcements/746 maticnetwork_announcements/766 maticnetwork_announcements/781 maticnetwork_announcements/806 maticnetwork_announcements/847 maticnetwork_announcements/933 maticnetwork_announcements/938 maticnetwork_announcements/945 maticnetwork_announcements/962 maticnetwork_announcements/972 maticnetwork_india maticnetwork_indonesia maticnetwork_russia maticnetwork_spanish maticnetwork_turkish maticnetwork_vietnam maticprice maticwalletweb mxcenglish nftmall okexofficial_english oropocket persistenceone persistenceonechat plotx_ann/140 plotx_ann/182 plotx_official polygonofficial polyientgames_official probitenglish reefdefi rendertokenofficial stafi_protocol stakehound stakinghub straightfireofficial synfutures_defi terravirtua trustwallet vozblockchain,Crypto,tgdataset,3,public_db/folder_2/file_81_from_politduhovka_to_po_reshal.json
1130986984,powerledgerANN,Powerledger Announcements,"This channel is dedicated to media, interviews, articles, updates and announcements relating to Powerledger.",False,False,4135,290,2022-06-16,5,joinchat/aw-w-uhx7rmabbybhetpew joinchat/gasnokqsub3d5yvwka8ryg joinchat/gop-90dimipf7n_etvfzja powerledger powerledger/315917,Crypto,tgdataset,3,public_db/folder_2/file_81_from_politduhovka_to_po_reshal.json
1376434138,tceofficial,,"Spreading the ideas of the agora, anarchy, and action with articles that deliver ideas, information, and entertainment. By anarchists, for everyone.",False,False,19,3,2019-08-18,0,,Crypto,tgdataset,3,public_db/folder_2/file_102_from_Tanqidchi_to_techno_channel.json
1167238018,tcfoundation,TON Community Foundation,"https://ton-foundation.org This is an open channel of TCF both for members and those who aren't. Yet.  Cases, sumaries, news.",False,False,41,2,2020-03-30,0,,Crypto,tgdataset,3,public_db/folder_2/file_102_from_Tanqidchi_to_techno_channel.json
1375161109,techcrunchcom,TechCrunch,Startup and Technology News.  https://techcrunch.com,False,False,870,15478,2022-07-31,1,iv,Crypto,tgdataset,3,public_db/folder_2/file_102_from_Tanqidchi_to_techno_channel.json
1349397698,TechCryptoAnalyst,Technical CRYPTO Analyst,We provide only technical based charts here for alts coins as well as btc   We believe in charts and TA.  Not an Investment Advice Do your Own RESEARCH always,False,False,147814,6212,2022-07-31,11,joinchat/aaaaafbulmihgf6uqz4yta joinchat/ug4swu23ccakwvxy rock_bottom_whale_signal techcryptoanalyst techcryptoanalyst/1943 techcryptoanalyst/2083 techcryptoanalyst/2087 techcryptoanalyst/2380 techcryptoanalyst/2929 techcryptoanalyst/3265 techcryptoanalyst/4242,Crypto,tgdataset,3,public_db/folder_2/file_102_from_Tanqidchi_to_techno_channel.json
1364724544,technoxinfo,TechnoX/TechnoSwap Information Channel!,TechnoX is a decentralised public blockchain and cryptocurrency project and is fully open source. TecnhoX is developing a smart contract platform.,False,False,339,63,2021-10-22,1,technoxinfo,Crypto,tgdataset,3,public_db/folder_2/file_102_from_Tanqidchi_to_techno_channel.json
1761523256,slashbizchannel,"/biz/~ @bizcensorship ~ Sneed, Crypto, Business and Finance, memes and news, and being poor in general",,False,False,1349,6972,2022-07-31,192,+gwihbjgtihw3mme1 +lslz1nss6kg4mzbi +pllzulcgh3fjmzmy agentsoftruth agentsoftruthchat altskull48/30 antichirst/1620 antiwagie ataritokenofficial/199497 based_news_1bm/2062 based_news_1bm/294 based_news_1bm/311 based_news_1bm/444 based_news_1bm/524 based_news_1bm/594 based_news_1bm/908 based_news_1bm/926 bitcoinp2pmarketplace bizcensorship/9463 bizfeed/18757 bizfeed/18826 bizfeed/33677 bizfeed/34443 c/1205688614 c/1761523256 christiantabletopstreams cig_telegram/16315 covidredpills/11263 covidredpills/12682 covidredpills/499 crypthon_infosec_en/21831 crypto_schizo crypto_schizo/3051 cryptocurrency_inside cryptoquant_alert/2403 cryptoquant_alert/2522 cryptoquant_official/1255 cryptoranknews/6394 dalegribblesindoctrinationcenter darkuniverse09 davidicke/15676 davidicke/16093 decryptnews/10467 decryptnews/10481 defiprime/4900 defiprime/4901 defiprime/4976 defiprime/4979 defiprime/4989 defiprime/5091 defiscamcheck defiscamcheck/2744 demacre/14995 demacre/15017 demacre/15901 demacre/16153 disclosetv/5680 disclosetv/5818 disclosetv/5836 disclosetv/6016 disclosetv/6029 disclosetv/6041 disdainforshills download_it_bot dvpnpricediscussion/54102 exposingthelies/13986 exposingthelies/13990 eyescryptoscanner eyescryptoscanner/1268 eyescryptoscanner/1276 fartdao freedom_convoy_uncensored_news ftmschizos gabtrends/6120 galliadaily glassnode/416 glassnode/423 glassnode/424 glassnode/428 glassnode/475 glassnode/555 graddao hackberegini/746 hackernewslive/113605 hausechat69/196873 hederashomestead/175 hederashomestead/176 hederashomestead/177 hyperboreanmemes/787 hypskyline/52 iamlatrappe2/4937 inessas100/259 instantmediabot intelops/13340 iv jarrinjackson justdudechannel lauraabolichannel/19257 leaklive leakyvax/1037 leakyvax/1042 leakyvax/1128 leakyvax/1129 leakyvax/1132 leakyvax/1147 leakyvax/1170 leakyvax/1229 leakyvax/1319 leakyvax/1380 magicmoneytelegram/648 midanaaticossta/798 moneropilled/493 moonbeamunofficial/108560 morgothsreview/2969 my21wire/3058 neural_channel/173 nevschannel/743 nikocadoavocadoq officer_cia/384 osmosis_chat peeledkot pepelib/4353 pepelib/4398 pepelib/4453 pepelib/6240 pol4chan/192897 police_frequency/58673 potassiumnitratepilled/13695 qcpbroadcast/735 qcpbroadcast/781 realkarlibonne/54791 robinmg/11741 rtnews/16147 rtnews/18830 satoshiradiorof scarecrowfinance schizocraft schizosonline/2925 schizosonline/2962 schizosonline/3017 sentinel_co/234899 shitdcsays/808 sippyducks slashbizchannel stfnreport/10889 swprs/126 thebureauofmemeticwarfareog/9375 thedailyape/1069 thedailyape/1108 thedailyape/1230 thedailyape/1267 themarieoakes/990 thewesternchauvinist4/24 thomas_sewell/71 threespoons thuletide/2312 toncoin trends_review/265 truckersforfreedomglobal twittervid_bot unfolded/12748 unfolded/13046 unfolded/13063 unfolded/13064 unfolded/13068 unfolded/13090 unfolded/13107 unfolded/13116 unfolded/13118 unfolded/13131 unfolded/13134 unfolded/13176 unfolded/13183 unfolded/13200 unfolded/13201 unfolded/13214 unfolded/13232 unfolded/13233 unfolded/13242 unfolded/13328 unfolded/13338 unfolded/13360 unfolded/13377 unfolded/13478 unfolded/13488 unfolded/13497 unfolded/14401 unfolded/14402 wakingup1984channel/24977 whalebotalerts/176894 whalebotalerts/181195 ytbdownbot,Crypto,tgdataset,3,public_db/folder_2/file_96_from_sinformative2s_to_smotri_media.json
1396137206,smarttradecoinofficial,Account no more exists,Official Channel of the Smart Trade Coin https://go.smarttradecoin.com,False,False,46003,583,2022-02-26,1,c/1435039665,Crypto,tgdataset,3,public_db/folder_2/file_96_from_sinformative2s_to_smotri_media.json
1360561984,paTopaTinyo,🛸 paToz 👽,welcome home..  ancientbeging - no legal advice  always do your own research........!,False,False,1292,342,2022-05-17,0,,Crypto,tgdataset,3,public_db/folder_2/file_78_from_partyofthedead_to_PerplexedPen.json
1310455426,patronsofthemoon,Patrons of the Moon,The official Telegram channel of LilMoonLambo   👇🏼 Join the Movement,False,False,12565,10700,2022-07-31,212,+frbm38sita03ztji +spxllvvrwc5lytqy +srlxfv0kn_yzytiy +vtlqgwjnwd9hzmni aioznetwork alphacryptoproject anderoeth arbifloki ardanaofficial autostakechat avaxlauncherann axelarcommunity babydaddydogebsc babypunkofficial babysats backedprotocol bartertradeann bcdiploma beglobalfinance betfiofficial biconomy binancemcc bisonfinance bitmax_official_bot blackfiskchat blindboxes blockchainspace_official bosotokyo breederdao brolygon btfdeth bunnyfarm cddsp_io coldbank collateraldefi cricketstarmanager crownyio cryotoken cryptobharattraders/910 cryptoblank cryptodropgg cryptohusky cryptoklondike csm_ann cubicfinance dafiprotocol dawgstasparadise dbzcoinenglish decentrnet decimatedofficial def_finance defi_hodl defiprophetsannouncements defire_community dettapay divergenceprotocol easyfinetwork ejstrading empiredex escrow_protocol_chat everestdotorg expocapital fluffyeth forsakenentry frenchienetwork fuckteslatoken gamestopfinance goodtechfinance hubbleprotocol itrustofficialannouncements joinchat/aaaaafabckk3bwntjzhovq joinchat/r3wfcjznrmxkodqx joinqomshibapredator kfarmkcc kick_pad kickannouncements kukuswapio labsgroupio larpfinance lightningprotocol lossvegas lyscapital m6bullets martinshkreliinu maticnetwork maticnetwork_announcements maticnetwork_announcements/1013 maticnetwork_announcements/1093 maticnetwork_announcements/1113 maticnetwork_announcements/1120 maticnetwork_announcements/1122 maticnetwork_announcements/1124 maticnetwork_announcements/1126 maticnetwork_announcements/1129 maticnetwork_announcements/1144 maticnetwork_announcements/1146 maticnetwork_announcements/1150 maticnetwork_announcements/1154 maticnetwork_announcements/1156 maticnetwork_announcements/1162 maticnetwork_announcements/1170 maticnetwork_announcements/1172 maticnetwork_announcements/1177 maticnetwork_announcements/1178 maticnetwork_announcements/1181 maticnetwork_announcements/1204 maticnetwork_announcements/1210 maticnetwork_announcements/1214 maticnetwork_announcements/1216 maticnetwork_announcements/1220 maticnetwork_announcements/1241 maticnetwork_announcements/1244 maticnetwork_announcements/1246 maticnetwork_announcements/1247 maticnetwork_announcements/1249 maticnetwork_announcements/1251 maticnetwork_announcements/1252 maticnetwork_announcements/1253 maticnetwork_announcements/1255 maticnetwork_announcements/1260 maticnetwork_announcements/1261 maticnetwork_announcements/1263 maticnetwork_announcements/1264 maticnetwork_announcements/1265 maticnetwork_announcements/1267 maticnetwork_announcements/1274 maticnetwork_announcements/1275 maticnetwork_announcements/1277 maticnetwork_announcements/1279 maticnetwork_announcements/1283 maticnetwork_announcements/1284 meliorafinance monkeyball_official mp4social nolimitape nordfinance official_8pay officialflokiclassic orakuru orangeprotocol_talk origynfoundation overdose_gems_calls pashainu pebble72 pepemonfinance phibainu pinkslipfinance piranhas_finance playrichcity plutoinuerc plutoinuerccn polkafoundry polkamonorg poptownplatform probablynothingentry prosperan quickflipappannouncements quiverxcapital ramifiprotocol rbasebydefiprophets realandtrueschizotoken realgrimacecoin reimaginedfi rootkitfinance royalc95 savebritney schnoodledefi shazuio shibance shibnobicommunity shiburai shinjurai shirtum simbatoken smithcoach solice_io_chat spidercrypt0 stackingcharts stafi_protocol stake_velocity steamychecks stepnannouncement sync_network synchronyfi tartarus_ann/6 tartarus_finance thebull_crypto thewolfpacktelegram thorwalletofficial tidalann tidalglobal timeforreflection tombfinance tosdis two2based unifarm unmarshal_ann unmarshal_announcements vempirediscussion voltinuofficial walken_channel webfourio whalearmy wolfcryptoannounce wonderhero_io xdaistable xplosivekcs yfsynergyannouncements yfsynergynetwork youclout zappy zyxnetwork_eng,Crypto,tgdataset,3,public_db/folder_2/file_78_from_partyofthedead_to_PerplexedPen.json
1334902949,paymonchannel,,This is the channel of one of the most promising ICO. Advertising and spam is prohibited!  Site: https://ico.paymon.org/,False,False,85,63,2018-12-31,5,paymon_ico paymonchannel paymoneng paymonico paymonvietnam,Crypto,tgdataset,3,public_db/folder_2/file_78_from_partyofthedead_to_PerplexedPen.json
1174156565,PayPalmone,Make_17_Per_Hour_Listening_to_Music_Make_Money_Onl.247.mkv,,False,False,80,362,2021-01-04,5,foxfreenet gofundme_bot paypalmone quickinvite_bot tokenusdtbot,Crypto,tgdataset,3,public_db/folder_2/file_78_from_partyofthedead_to_PerplexedPen.json
1436044426,ProjectSeraphim,Project Seraphim,,False,False,4508,1682,2022-07-30,8,+s6zgball9eyyngmx canaryx_airdrop_bot johnmcafeechannel projectseraphim quantumstellarinitiative/7059 xeroloopwallets xquakechat xrdoge,Crypto,tgdataset,3,public_db/folder_2/file_83_from_ProjectEpsilon_to_publichealthrussia.json
1555053328,prolooteress,PRO LOOTERS,🌺WELCOME EVERYONE🌺  OWNER - @ASARMYBOT CO-OWNER -  @Adi20102   Dm me @asarmybro for bot promotion ✅ DAILY PAYTM VERIFIED AUTOPAY BOT ✅DAILY  GIVEAWAY😘 ✅VERIFIED APP LOOTS ✅ FUN WITH MEMBERS ✅ ALWAYS REPLY TO ALL USERS Target 15k 😍,False,False,12499,1122,2022-07-27,105,+dhohquh6mme1mgzl addsubscribebot airdrop_dgb_v5bot auto93_bot autopayybot baap_raaj_bot bigpromoterbot bit_coinreal_bot bnb_200_budget_bot bnb_binance_supber_bot bnbairdroplootbot bnbskyairdropbot btc_x_coinbase_bot btcairdrop456bot btccoinbasedistributionbot btcmythologyairdrop_bot cash_funda_kgfbot cash_scam_bot cashback76_bot catswapprofit2bot celotokenbot click_me_pro_bot clpairdropbot crypto2xlive crypto2xlivegroup dgbautopay00001_bot dgbfireebot dgbiinstanttbot dogecoinairdrop0bot dogecoindistributiondrop_bot dogencoinbot ean_kro_bot earn_cashi_bot earn_freedogecoin_bot earnbossbot earntron_byrefer_bot etherumtokenbot exampaybot fixedmembersbot free_tron_a1bot freemoneyby_bot getfree_dogecoinairdrop_bot getfree_tron_bot happy_sunday_bot hsvs87_bot internationalusd1_bot join2tron_a1bot kgf_bhai_cashbot kucoinnewairdrop_bot litecoinlegitpay_bot lovviing_bot mallu_sky_officialbot metaminingbot metaspaceairddropbot metaspacesinsairdbot mixmaxtricksbot money_looter_bot moneygiwevay_bot moneysolutionsytbot moonfinance_airdropbot moonfinance_channel moonfinancecoins morning_cashbot msp007_bot new_redeem_code_not_trusted_bot nike_airdrops nitroseenenbot paisabot_army_bot paisebotbot pay70_bot play_google_redeem_bot pocket_cash_tbot polygon1maticbot polygon_payybot realbotpayout realhbotchupbot reall_tron_bot redeem_code_auto_pau_bot refertoearn_tron_bot rvninstaairdropbot safediamondgrupo safediamondusdbot safemoon_10_motion_bot safemoon_evening_bot safemoon_special_sundaybot shib_20_million_giveaway_bot shibinu_airbot solana_autopay_bot telsaairdropbot telsaairdropxyzbot tl_casback_bot tomochain10000giveawaybot tomochain23bbot tomochainstantbot tron_dash1_bot tron_pay_a1bot troninvestesbot tronmadeeasybot trx_airdrop_a3bot trx_airdrop_vbot trxswapprofitbot usdtntokenbot vi_loot_v1_bot xrptokencryptobot you_subpay_bot,Crypto,tgdataset,3,public_db/folder_2/file_83_from_ProjectEpsilon_to_publichealthrussia.json
1331548246,Pro_Crypto_Signals,PRO CRYPTO SIGNALS™,Professional Cryptocurrency Trading News & Analysis. Do your own research before following any Idea.   (Spot trading Only).  @ProCryptoSignals_Support_bot https://procryptosignals.com/,False,False,5347,4746,2022-07-20,63,blackstonesignals c/1206638184 c/1271958594 c/1281228552 c/1366536840 coinsniperpro cryptoownersunite cryptoownersunite/3380 cryptoownersunite/3381 cryptoownersunite/3389 cryptoownersunite/4256 cryptoownersunite/4257 cryptoownersunite/4259 cryptoownersunite/6079 cryptoownersunite/6379 cryptoownersunite/6828 cryptoownersunite/6861 cryptoownersunite/6862 cryptoownersunite/6900 cryptoownersunite/7223 cryptoownersunite/7854 cryptoownersunite/7875 cryptoownersunite/7881 cryptoownersunite/8007 cryptoscanner100eyes joinchat/4e9pyjzksjezndu8 joinchat/aaaaaeuy0_0vd5ansxcb3g joinchat/aaaaaffzsoiybaujau-rka joinchat/aaaaaffzsojw4c7gb3engq kycisimportant marksignals pcs_signals_results pcs_signals_results/120 pcs_signals_results/3074 pcs_signals_results/3768 pcs_signals_results/5059 pcs_signals_results/5567 pcs_signals_results/5686 premium_singals pro_crypto_signals pro_crypto_signals/3938 pro_crypto_signals/4364 pro_crypto_signals/4600 pro_crypto_signals/5318 procrypto_signals procrypto_signals/3670 procryptosignals vote wildbitcoin wildbitcoin/2076 wildbitcoin/2096 wildbitcoin/2550 wildbitcoin/2825 wildbitcoin/2888 wildbitcoin/2925 wildbitcoin/2931 wildbitcoin/2973 wildbitcoin/3340 wildbitcoin/3355 wildbitcoin/3503 wildbitcoin/3726 wildbitcoin/4371 wildbitcoin/4650,Crypto,tgdataset,3,public_db/folder_2/file_83_from_ProjectEpsilon_to_publichealthrussia.json
1202459647,pSquare_Channel,PSquare Daily News & Announcements Channel,Crypto Views and Reviews  Website : https://pSquare.capital  Join our crypto community https://t.me/pSquare_Chat  Advertisement/Collaboration contact : https://t.me/pramod_pSquare,False,False,5658,3962,2022-07-31,204,allianceblock ankrnetwork apyfinance apyfinancechat axionofficial/124953 battleofnodes/60 battleofnodes/61 battleofnodes/62 bidesk_exchange bilaxy_announcements/417 bitbns bitmaxioenglishofficial bitmaxofficialannouncement/1280 blog/researches bscdottoolschat coreto covalenthq definer definernews edenchainannouncements/81 edenchainannouncements/86 edenchainannouncements/97 edenchainio elrondnetwork elrondnetworkann/146 elrondnetworkann/149 elrondnetworkann/150 elrondnetworkann/151 elrondnetworkann/152 elrondnetworkann/153 elrondnetworkann/154 elrondnetworkann/964 findoraen fliporhodl fliporhodl/845 fliporhodl/858 fliporhodlchat fliporhodlchat/33985 freighttrust gamefi_official gamefi_officialann genshardsann genshardsann/178 genshardsann/5 genshardschat icodrops/6917 joinchat/f-zs0rdtxg1jztyfypjmdg joinchat/f-zs0ua0zv1roi8hchs7aa joinchat/f-zs0ua0zv2vc40niv-r5a joinchat/f-zs0ujsj9ghlk2uhe6lag joinchat/f-zs0ul1ljnoqgiv_m0tea joinchat/f-zs0uwalh9edv9zrdqe5g joinchat/f-zs0uwalh9n4-bpowzrua joinchat/f-zs0uwalh9p1hxrgbszza kambriaofficial knitfinance knitfinanceann lcxnews/9 lightstreams maticnetwork maticnetwork_announcements maticnetwork_announcements/1013 maticnetwork_announcements/1051 maticnetwork_announcements/1084 maticnetwork_announcements/1093 maticnetwork_announcements/1113 maticnetwork_announcements/1120 maticnetwork_announcements/1122 maticnetwork_announcements/1124 maticnetwork_announcements/1125 maticnetwork_announcements/1126 maticnetwork_announcements/1127 maticnetwork_announcements/1129 maticnetwork_announcements/1130 maticnetwork_announcements/1131 maticnetwork_announcements/1132 maticnetwork_announcements/1144 maticnetwork_announcements/1146 maticnetwork_announcements/1150 maticnetwork_announcements/1154 maticnetwork_announcements/1156 maticnetwork_announcements/1162 maticnetwork_announcements/1170 maticnetwork_announcements/1172 maticnetwork_announcements/1177 maticnetwork_announcements/1178 maticnetwork_announcements/1181 maticnetwork_announcements/1204 maticnetwork_announcements/1210 maticnetwork_announcements/1214 maticnetwork_announcements/1216 maticnetwork_announcements/1220 maticnetwork_announcements/1222 maticnetwork_announcements/1241 maticnetwork_announcements/1244 maticnetwork_announcements/1246 maticnetwork_announcements/1247 maticnetwork_announcements/1249 maticnetwork_announcements/1251 maticnetwork_announcements/1252 maticnetwork_announcements/1253 maticnetwork_announcements/1255 maticnetwork_announcements/1260 maticnetwork_announcements/1261 maticnetwork_announcements/1263 maticnetwork_announcements/1264 maticnetwork_announcements/1265 maticnetwork_announcements/1267 maticnetwork_announcements/1274 maticnetwork_announcements/1275 maticnetwork_announcements/1277 maticnetwork_announcements/1279 maticnetwork_announcements/1283 maticnetwork_announcements/1284 maticnetwork_announcements/962 maticnetwork_announcements/972 maticwalletweb monoico mxcofficialnews/2250 nknorg nknorg/18908 nknorg/18909 nknorg/18910 officialpramodm origoofficialgroup oropocket paralink_network persistenceonechat phantasma_announcements/54 playcentglobal playcentofficial plotx_official polkafoundry polkamine_announcements pramod_psquare pramodmicoann pramodmicoann/284 pramodmicoann/364 pramodmicoann/370 pramodmicoann/399 pramodscommunity psquare_channel psquare_chat psquare_pramod psquareotc quarkchain quickswapdex rage_fan raze_net razor_announcement razornetwork reefannouncements/8 reefdefi riodefiofficial rivexann rivexofficial sifchain sparklecoin thecccommunity/2281 themisnetwork themisnetworkann themisnetworkofficial timcommunity ultralphaofficialannouncements/33 ultralphaofficialannouncements/89 unifi_protocol unilendannouncement unilendannouncement/10 unilendannouncement/13 unilendannouncement/14 unilendannouncement/15 unilendannouncement/150 unilendannouncement/159 unilendannouncement/166 unilendannouncement/173 unilendannouncement/190 unilendannouncement/20 unilendannouncement/212 unilendannouncement/226 unilendannouncement/237 unilendannouncement/24 unilendannouncement/241 unilendannouncement/245 unilendannouncement/27 unilendannouncement/29 unilendannouncement/30 unilendannouncement/313 unilendannouncement/316 unilendannouncement/32 unilendannouncement/37 unilendannouncement/39 unilendannouncement/40 unilendannouncement/42 unilendannouncement/46 unilendannouncement/48 unilendannouncement/49 unilendfinance unilendprice unrealannouncements unrealfinance vaultychat zebicrowdsale/252 zeroswap zeroswap_ann,Crypto,tgdataset,3,public_db/folder_2/file_83_from_ProjectEpsilon_to_publichealthrussia.json
1128032338,Quantfurians,We Are Quantfurians,The financial markets & lifestyle blog covering the latest news and trends that are of interest to Quantfurians.  @Quantfurian,False,False,131,128,2022-07-26,0,,Crypto,tgdataset,3,public_db/folder_2/file_85_from_QtHoneypotGraphics_to_Rainbow1214.json
1240702351,QuantumStellarInitiative,✨Quantum Stellar Initiative✨,"Official Announcements and Resources channel to support the local Stellar Quorum Slice, an SDF Initiative that is 100% created by, managed, and owned by the Quorum Slices!  “𝓑𝔂 𝓽𝓱𝓮 𝓟𝓮𝓸𝓹𝓵𝓮, 𝓕𝓸𝓻 𝓽𝓱𝓮 𝓟𝓮𝓸𝓹𝓵𝓮!”❤️  Est. 8/27/2021",False,False,14952,4169,2022-07-31,577,+-dupoxaldlozmtkx +-jz03lopudllmtkx +0aj404qzhoszm2vh +0astl3-5qwy2yjkx +0urko8fz-m41mwex +0zle5ergwuoxntg5 +1nyxuixrcwgxnddh +2fbivu0v8k02mdhh +2g0sjkx0ndizntjh +36ydr81b85y5n2qx +3dpogofi8-kwy2ex +5bsan8zynamynmvh +5mgdcx-grzswodnh +5n-pfjmcs6axytm5 +6vq95wkoheoxowrh +72jygnsihs80yzc5 +7azn2yvk49mzzwfh +8oepx9ktz2e5ytmx +8tdehusajmzhotkx +8yxwthegisq3nzqx +9cbdfsse2t05zwjh +9mni5r_0qmdjnzux +9vk3ljggd3gyotix +9xr9sxtrtp43ngex +_7ydadah1yniyjlh +_qxzj2cl2083mzy5 +_rtmlud2mhw2mwix +_xqhfxuazkszotc5 +a4cmya8gb_yzm2ix +acrdcpojnbgxnjgx +aznheqp5ajk4otbh +b68wote6p9m2mdix +bnaj79jur89lmwnh +btdk5hnn3olhodc5 +bv0nx5fq9ezhm2yx +bvf_ke4uuae3yjcx +bym6ojhnejpmytkx +ck5bebb_pjk1otex +d9zla8k52o00mtax +depu-tjfw-k2m2nh +eam_9qc4vprkmdy5 +ettholgmthywndcx +ev7iuk-lviu5mgmx +eyekdukgcie3mtux +fdfubn_tb5axzgfh +fjgxcteijkyxmzcx +fp2twz59x1jlzjkx +gn_cc_fvymcymtqx +gz4lvckangm1ztjh +h_aeedfamhkzywux +hjg-wa_hbs45zwzh +hmr3xptukeowmzhh +ii4erugjbdczzjix +ikopcwywmiq2ntix +isxoiejz2slhzgux +j-clebbpzb05mjmx +jd_uobl2lnk0mzyx +jrvg76rfufbizjgx +k9_xaix7pm5myjix +k_siftpq1t4wzdkx +kmsvhxstvro4mtgx +krz3eeak5di4ndlh +llapd-p4he00mzrh +lpbodwxjgxc4ztbh +lsb2qkuyzz03mzcx +luvbo88ycrk3mjvh +lxhaimiveq8yytdh +mova5elgu70ynddh +mzgvzh6ok-pjmdax +nho4hmxfige2yzkx +nmt-jqtyc481mtg5 +nt4yu9xvwezmytu9 +o7vtyjldlchkzjhh +oqzy2o1py8m2nzbh +ou2pdbf5vrjhnwjh +pf5egku4bajmotix +pkdvkodqazk3y2fh +pu4czsk_fu1hodkx +pzgohf5sosrjzmnh +q0c9ac_6lqxjntlh +qpp44ah61be0owex +r1opdpoz3_9hntc9 +raceix9veevmmwqx +raekyt8lxcmzmjix +rucom9y5otdhzdkx +s0k4j0vbtam1ngux +sbqiyg_-ah41ndrh +tazhts_xmm41ndcx +tc_fjtrwuza0yzgx +thbzfh3tvlmymdg5 +u6ho62kyzwbmmdkx +uoebwgylxsvhnzcx +upwdcf9m9ybjn2vh +vem-nxxsm5zmmzvh +wd9ihu6m7w85owyx +wphyfiqn2ttjzjkx +wte0lern4iw4ogqx +xjhzkwjyzn0yymmx +z3twdchwdwhimdcx +zg5qer8xcmm4mzvh +zjnzj5pzsji1odfh +zpmkhvu__rnjzjqx +zpvc8rfowg43mtax actiontokens algodexannouncements amc4all aqua_token/12182 aquarius_faqs/29 aquarius_governance/5 bc_freedomfighters/5400 beinformedlife/2627 canaryx_airdrop_bot codezvii coquorumchat denzelwashingtonchannel/130 digitalassetslatestnews/412 divineflamesportal drgroupofficial drue86/15083 drue86/22087 elonstellar elonstellar/117 elonstellar/35 elonstellar/5 elonstellar/59 elonstellar/9 essentialorganics familyman20181 familyman20181/8594 fchain_io gesaracryptochatchannel gesaracryptotutorial/18 gesaracryptotutorial/182 gesaracryptotutorial/185 gesaracryptotutorial/186 gesaracryptotutorial/217 gesaracryptotutorial/219 gesaracryptotutorial/332 gesaracryptotutorial/334 gesaracryptotutorial/412 gesaracryptotutorial/530 gesaracryptotutorial/573 gesaracryptotutorial/607 gesaracryptotutorial/702 gesaracryptotutorial/706 gesaracryptotutorial/709 gqxcapital gqxcapital/105 gqxcapital/1472 gqxcapital/1930 gqxcapital/2005 gqxcapital/2249 gqxcapital/2628 gqxcapital/2734 gqxcapital/3021 gqxcapital/3276 gqxcapital/329 gqxcapital/332 gqxcapital/3380 gqxcapital/3406 gqxcapital/504 gqxcapital/541 gqxcapital/542 gqxcapital/543 gqxcapital/571 gqxcapital/572 gqxcapital/573 gqxcapital/646 gqxcapital/656 gqxcapital/658 gqxcapital/702 gqxcapital/76 gqxcapital/969 gqxcapital/977 gqxcapitalchat__ gqxcapitalwisconsinquorumslice gqxcoloradoquorum gqxflorida/706 gqxgreaterdfwtx gqxgreatersanantonio gqxgreatersanantoniochat gqxhoustontx intelslava its_on_the_ledger its_on_the_ledger/51 its_on_the_ledger/59 its_on_the_ledger/60 its_on_the_ledger/61 its_on_the_ledger/62 its_on_the_ledger/63 its_on_the_ledger/64 its_on_the_ledger/66 its_on_the_ledger/67 its_on_the_ledger/68 its_on_the_ledger/69 its_on_the_ledger/73 its_on_the_ledger/74 its_on_the_ledger/75 its_on_the_ledger/76 its_on_the_ledger/77 joinchat/3fieym1s8m44nzdh joinchat/gu4shdvzsk5izda1 joinchat/rlg6q4upqfbhyjfh kabbalahcommunity kabbalahcommunity/198 kabbalahcommunity/34 kabbalahcommunity/35 kabbalahcommunity/46 kryptokompassde leapofconsciousness leapofconsciousness/389 leapofconsciousnesschat marketingforgod medbedstechnology/189 medbedstechnology/204 missrose2_bot moisesmichele oceantokensofficial oceantokensofficial/10950 preppercollective/8894 preppercollective/8895 preppercollective/8896 preppercollective/8897 preppercollective/8898 preppercollective/8899 preppercollective/8900 preppercollective/8901 preppercollective/8902 preppercollective/8903 preppercollective/8904 preppercollective/8905 preppercollective/8906 preppercollective/8907 preppercollective/8908 preppercollective/8909 preppercollective/8910 preppercollective/8911 preppercollective/8912 preppercollective/8913 preppercollective/8914 preppercollective/8915 preppercollective/8916 preppercollective/8917 preppercollective/8918 preppercollective/8919 preppercollective/8920 preppercollective/8921 preppercollective/8922 preppercollective/8923 preppercollective/8924 preppercollective/8925 preppercollective/8926 preppercollective/8927 preppercollective/8928 preppercollective/8929 preppercollective/8930 preppercollective/8931 preppercollective/8932 preppercollective/8933 preppercollective/8934 preppercollective/8935 preppercollective/8936 preppercollective/8937 preppercollective/8938 preppercollective/8939 projectseraphim projectseraphim/469 projectseraphim/473 qsicachat qsihoustontx qthestormrider777/9229 quantum_marketing_chat quantumlovechannel quantumstellar quantumstellarinitiative quantumstellarinitiative/10095 quantumstellarinitiative/10186 quantumstellarinitiative/10302 quantumstellarinitiative/10311 quantumstellarinitiative/10347 quantumstellarinitiative/10361 quantumstellarinitiative/10363 quantumstellarinitiative/10403 quantumstellarinitiative/10409 quantumstellarinitiative/10455 quantumstellarinitiative/10456 quantumstellarinitiative/10492 quantumstellarinitiative/10497 quantumstellarinitiative/10582 quantumstellarinitiative/10593 quantumstellarinitiative/10624 quantumstellarinitiative/10699 quantumstellarinitiative/10700 quantumstellarinitiative/10702 quantumstellarinitiative/10723 quantumstellarinitiative/10726 quantumstellarinitiative/10734 quantumstellarinitiative/10735 quantumstellarinitiative/10741 quantumstellarinitiative/10751 quantumstellarinitiative/10756 quantumstellarinitiative/10810 quantumstellarinitiative/10884 quantumstellarinitiative/10926 quantumstellarinitiative/10927 quantumstellarinitiative/10977 quantumstellarinitiative/10978 quantumstellarinitiative/11006 quantumstellarinitiative/11025 quantumstellarinitiative/11026 quantumstellarinitiative/11027 quantumstellarinitiative/11028 quantumstellarinitiative/11029 quantumstellarinitiative/11030 quantumstellarinitiative/11031 quantumstellarinitiative/11032 quantumstellarinitiative/11033 quantumstellarinitiative/11034 quantumstellarinitiative/11035 quantumstellarinitiative/11040 quantumstellarinitiative/11082 quantumstellarinitiative/11083 quantumstellarinitiative/11087 quantumstellarinitiative/11096 quantumstellarinitiative/11097 quantumstellarinitiative/11102 quantumstellarinitiative/11106 quantumstellarinitiative/11110 quantumstellarinitiative/11120 quantumstellarinitiative/11123 quantumstellarinitiative/11128 quantumstellarinitiative/11138 quantumstellarinitiative/11143 quantumstellarinitiative/11145 quantumstellarinitiative/11146 quantumstellarinitiative/11155 quantumstellarinitiative/11163 quantumstellarinitiative/11175 quantumstellarinitiative/11209 quantumstellarinitiative/11225 quantumstellarinitiative/11239 quantumstellarinitiative/11244 quantumstellarinitiative/11255 quantumstellarinitiative/11260 quantumstellarinitiative/11273 quantumstellarinitiative/11275 quantumstellarinitiative/11276 quantumstellarinitiative/11278 quantumstellarinitiative/11279 quantumstellarinitiative/113 quantumstellarinitiative/11310 quantumstellarinitiative/11311 quantumstellarinitiative/11312 quantumstellarinitiative/11314 quantumstellarinitiative/11328 quantumstellarinitiative/11333 quantumstellarinitiative/11344 quantumstellarinitiative/11370 quantumstellarinitiative/11396 quantumstellarinitiative/11412 quantumstellarinitiative/11427 quantumstellarinitiative/11432 quantumstellarinitiative/11433 quantumstellarinitiative/11434 quantumstellarinitiative/11435 quantumstellarinitiative/11436 quantumstellarinitiative/11437 quantumstellarinitiative/11461 quantumstellarinitiative/11505 quantumstellarinitiative/11515 quantumstellarinitiative/11536 quantumstellarinitiative/11585 quantumstellarinitiative/11625 quantumstellarinitiative/11642 quantumstellarinitiative/11646 quantumstellarinitiative/11685 quantumstellarinitiative/11693 quantumstellarinitiative/11704 quantumstellarinitiative/11776 quantumstellarinitiative/11838 quantumstellarinitiative/11839 quantumstellarinitiative/11847 quantumstellarinitiative/11876 quantumstellarinitiative/11914 quantumstellarinitiative/11918 quantumstellarinitiative/11937 quantumstellarinitiative/11947 quantumstellarinitiative/11957 quantumstellarinitiative/11981 quantumstellarinitiative/12087 quantumstellarinitiative/12114 quantumstellarinitiative/12120 quantumstellarinitiative/12122 quantumstellarinitiative/12153 quantumstellarinitiative/12183 quantumstellarinitiative/12207 quantumstellarinitiative/12209 quantumstellarinitiative/12213 quantumstellarinitiative/12242 quantumstellarinitiative/12249 quantumstellarinitiative/12272 quantumstellarinitiative/12276 quantumstellarinitiative/12294 quantumstellarinitiative/12343 quantumstellarinitiative/12350 quantumstellarinitiative/12379 quantumstellarinitiative/12409 quantumstellarinitiative/12521 quantumstellarinitiative/12563 quantumstellarinitiative/12614 quantumstellarinitiative/12631 quantumstellarinitiative/1418 quantumstellarinitiative/1449 quantumstellarinitiative/1481 quantumstellarinitiative/1590 quantumstellarinitiative/1977 quantumstellarinitiative/3302 quantumstellarinitiative/3504 quantumstellarinitiative/3520 quantumstellarinitiative/3532 quantumstellarinitiative/3649 quantumstellarinitiative/3674 quantumstellarinitiative/3725 quantumstellarinitiative/3727 quantumstellarinitiative/3728 quantumstellarinitiative/3732 quantumstellarinitiative/3736 quantumstellarinitiative/3741 quantumstellarinitiative/3753 quantumstellarinitiative/3805 quantumstellarinitiative/3825 quantumstellarinitiative/3922 quantumstellarinitiative/3982 quantumstellarinitiative/4099 quantumstellarinitiative/4123 quantumstellarinitiative/4138 quantumstellarinitiative/4224 quantumstellarinitiative/4279 quantumstellarinitiative/4429 quantumstellarinitiative/4444 quantumstellarinitiative/4495 quantumstellarinitiative/4571 quantumstellarinitiative/4589 quantumstellarinitiative/4592 quantumstellarinitiative/4628 quantumstellarinitiative/4703 quantumstellarinitiative/4816 quantumstellarinitiative/4832 quantumstellarinitiative/5015 quantumstellarinitiative/5045 quantumstellarinitiative/5088 quantumstellarinitiative/5160 quantumstellarinitiative/5193 quantumstellarinitiative/5195 quantumstellarinitiative/5220 quantumstellarinitiative/5228 quantumstellarinitiative/5250 quantumstellarinitiative/5315 quantumstellarinitiative/5346 quantumstellarinitiative/5364 quantumstellarinitiative/5374 quantumstellarinitiative/5432 quantumstellarinitiative/5438 quantumstellarinitiative/5439 quantumstellarinitiative/5478 quantumstellarinitiative/5523 quantumstellarinitiative/5546 quantumstellarinitiative/5563 quantumstellarinitiative/5577 quantumstellarinitiative/5630 quantumstellarinitiative/5631 quantumstellarinitiative/5641 quantumstellarinitiative/5654 quantumstellarinitiative/5669 quantumstellarinitiative/5670 quantumstellarinitiative/5738 quantumstellarinitiative/5782 quantumstellarinitiative/5787 quantumstellarinitiative/5799 quantumstellarinitiative/5819 quantumstellarinitiative/5830 quantumstellarinitiative/5862 quantumstellarinitiative/5899 quantumstellarinitiative/5924 quantumstellarinitiative/6011 quantumstellarinitiative/6085 quantumstellarinitiative/6117 quantumstellarinitiative/6157 quantumstellarinitiative/6158 quantumstellarinitiative/6165 quantumstellarinitiative/6179 quantumstellarinitiative/6211 quantumstellarinitiative/6326 quantumstellarinitiative/6367 quantumstellarinitiative/6369 quantumstellarinitiative/6371 quantumstellarinitiative/6983 quantumstellarinitiative/7002 quantumstellarinitiative/7033 quantumstellarinitiative/7273 quantumstellarinitiative/7296 quantumstellarinitiative/7404 quantumstellarinitiative/7679 quantumstellarinitiative/7751 quantumstellarinitiative/7925 quantumstellarinitiative/8134 quantumstellarinitiative/8136 quantumstellarinitiative/8139 quantumstellarinitiative/8525 quantumstellarinitiative/8526 quantumstellarinitiative/8607 quantumstellarinitiative/8684 quantumstellarinitiative/8722 quantumstellarinitiative/8778 quantumstellarinitiative/8837 quantumstellarinitiative/9010 quantumstellarinitiative/9078 quantumstellarinitiative/9097 quantumstellarinitiative/9117 quantumstellarinitiative/9120 quantumstellarinitiative/9331 quantumstellarinitiative/9526 quantumstellarinitiative/9751 quantumstellarinitiative/9928 quantumstellarinitiative/9944 quantumstellarinitiativechat quantumstellarinitiativechat/287039 quantumstellarinitiativechat/372836 quantumstellarinitiativechat/380002 quantumstellarinitiativechat/399712 quantumstellarinitiativechat/399768 quantumstellarinitiativechat/420108 realio_fund riseupradio risevolution rockynews rtnews stably stellar5x stellar5x/12 stellarmarteco stellarmarteco/338 stellarqcal/1595 stellarquorumpa stellarquorumpachat stellarrussia/88 stellarsmiles stellarsmileschannel/23 theofficialsantino timmy17seventysix/1105 whiplash347 whiplash347/111834 whiplash347/120938 whiplash347/125201 whiplash347/127867 whiplash347/134414 whiplash347/134630 whiplash347/134906 whiplash347/137092 whiplash347/137115 whiplash347/137412 whiplash347/137666 whiplash347/137671 whiplash347/137710 whiplash347/139875 whiplash347/140085 whiplash347/23514 whiplash347/32806 whiplash347/34112 whiplash347/34263 whiplash347/52656 whiplash347/53355 whiplash347/6023 whiplash347/6024 whiplash347/79599 xrpnesaragesaraqfs3 xrpqfsnesaragesara1,Crypto,tgdataset,3,public_db/folder_2/file_85_from_QtHoneypotGraphics_to_Rainbow1214.json
1329118245,synergygolubyev,Synergy_Golubev (Голубев),"About cryptoeconomy, fundraising, investments, future, everything. Join! Any questions or requests -  @golubev_serge",False,False,345,888,2022-07-18,12,be2do cointrads cryptobreakingbad deekood effectbisness highestsignals joinchat/aaaaafvsjmjdlj-790c6tq joinchat/j99vig9wkucwcgdrahfkbw oneinchexchange payrlink trade_bulls tradecryptonow,Crypto,tgdataset,3,public_db/folder_2/file_101_from_svinger_to_tanoneveshtpub.json
1410874200,Tamil_Movies_hd,Join @hollywood_series_movies_hd,,False,False,4516,3619,2022-03-10,195,a_funny_jokes allpurchased altbalaji_ulluoriginal androidappsstore1 androidgurus apkapkap appcasts avee_player_template baba_g_ka_thullu26 bananaprime12 best_whatsapps_status_video bikini_girls_online bollywood_fake_eye brazzersbox1 cinemaxpromo confidencetradestocks confidencetrading3 confidencetradinginc confidencetradingstocks crackedappsandgames crackedappsstore1 creamforadults crossdresschannel ctstockworks dealsnqoutes drstrange_bot drstrangepromotions dsp_paidpromotion earningappr freaks_s freepremium_apk freepremiumworld gameofhackers2 h_o_t_bollywoodactresspic_h_d hackergaang hacking_village haso_aur_hasayo hindi_cinema_hd hindifilms123 hindihdmovies_4k homemade_videos incest_indian_hindi joinchat/aaaaad8qcbtne4ezq-qbyg joinchat/aaaaae-nxna5ljzxjarqqq joinchat/aaaaae-p4tmobfythvvcag joinchat/aaaaae0-yxqvvtfkh6abnw joinchat/aaaaae0bbw2ui2z0we_xrg joinchat/aaaaae1rmikkgnfw-jhdra joinchat/aaaaae1yah6tikqlocj7uw joinchat/aaaaae2ylsyu85fmadvn3w joinchat/aaaaae3hq0cvovqlqqpy5g joinchat/aaaaae3kyqb3a06m9cytew joinchat/aaaaae5j8kdzdsnebfaang joinchat/aaaaae6ak-05cddxqkbroa joinchat/aaaaae8xxrf6qy_wtia6pg joinchat/aaaaae93akxnhjekosgxgq joinchat/aaaaae9yytdz1ztvubnzrg joinchat/aaaaaebwv5guhwa5ez_k1q joinchat/aaaaaecgzpys1xyhuuk9ig joinchat/aaaaaedvedfzza3h9yv8jg joinchat/aaaaaedwcnzlwov600aiyg joinchat/aaaaaeef8ooynapc3h6bfq joinchat/aaaaaegm0unadvrnbscybg joinchat/aaaaaegsdauvirc6q0ldjq joinchat/aaaaaegyclz_yvejhaulfq joinchat/aaaaaeh_c03alzmvgz2u4g joinchat/aaaaaehpam2uvjvjm2j5zq joinchat/aaaaaei3n5bypo6mzlsc-w joinchat/aaaaaeig3mfzawvh5kg6eq joinchat/aaaaaeit2j8onnywnx20eq joinchat/aaaaaek2hjgasv_6lrjdna joinchat/aaaaaelih10fy2fojmdfca joinchat/aaaaaemiu5ea6tcwkta96a joinchat/aaaaaemqlo-0dqx2n9d1ua joinchat/aaaaaemqlo_wqbqvdhztca joinchat/aaaaaemwlq-wwklxgywffq joinchat/aaaaaen2osrftqabjqavpw joinchat/aaaaaengnlhwqemajjngkg joinchat/aaaaaeo-jzb7ihvxtjwlwq joinchat/aaaaaeocp43e1i4asv0xbg joinchat/aaaaaeog0wcpx8h__xutua joinchat/aaaaaeoofssshwgmo5tf9q joinchat/aaaaaeoubd7bvr-y2vk9lw joinchat/aaaaaeozz3sc5ce0onzzqg joinchat/aaaaaep7ca0tsc4nquli5w joinchat/aaaaaeqaiuzizkn2mrzzbw joinchat/aaaaaeqm1zvleuoevox1ug joinchat/aaaaaeqwai2j1-wtwfb7aw joinchat/aaaaaerowsw3p6ojacgyeg joinchat/aaaaaertsvshp9s6bswt5w joinchat/aaaaaertsvsuywzgit_6dw joinchat/aaaaaes1ldjbsrmrpt0yra joinchat/aaaaaesquoekjimsxrdldq joinchat/aaaaaet3fcxhvfmcgpvjuq joinchat/aaaaaetdf5vfoj6yxz7g3w joinchat/aaaaaetlalv2oscde9-z6q joinchat/aaaaaetodkn7-l2s6czxiw joinchat/aaaaaetwqrkyplrkhaa0tw joinchat/aaaaaetx0wzgl5oglmty8a joinchat/aaaaaeublko42vvnecppda joinchat/aaaaaeuonvtxt0bqagjq9w joinchat/aaaaaeurc8vkzpqidpxb8a joinchat/aaaaaev-15eznhd7ppnrgw joinchat/aaaaaev-15hcpng0fbc_ia joinchat/aaaaaevns4ndi2850f8neq joinchat/aaaaaevsd11qaezbhkilna joinchat/aaaaaevvdv7bep8czcdoiw joinchat/aaaaaevwbvwfvu5jegry5g joinchat/aaaaaevxjsseldci5zbeeg joinchat/aaaaaewlzzgwlms1hpn-fg joinchat/aaaaaewnbfl5ilgwrxkn8q joinchat/aaaaaewxwj67y1byavye2w joinchat/aaaaaewxwj6g7gglywkutq joinchat/aaaaaexev_mj3stzzsdqqa joinchat/aaaaaexkv8pncfxfw28kwa joinchat/aaaaaeyj67p0e5v9wkyfjg joinchat/aaaaaezzybqiyfmvudc5hw joinchat/aaaaafa7r32x1jfbqrcnsq joinchat/aaaaafbr7b7f8czvq-df6g joinchat/aaaaafcy0ok9ciyqlbu-9q joinchat/aaaaafdowzy1dvu8kxq_cg joinchat/aaaaafdpevgylkmd5juhdw joinchat/aaaaafdz-vqdnj8idybwza joinchat/aaaaafg39mscvjelfpatwg joinchat/aaaaafgb2etbdntu8mxeiw joinchat/aaaaafgkwbw6ykylegmqpg joinchat/aaaaafhflhekpm6fwnkvfw joinchat/aaaaafinhe7_uvxp9bybog joinchat/aaaaafj_uzrw7w05br000q joinchat/aaaaafjrq-px8mttq7z-qw joinchat/aaaaafk1xyzunwzquvqqjw joinchat/aaaaafk8znyhd4jxjjxf5a joinchat/aaaaafmsjttrevzzrhlnma joinchat/aaaaafnx_q4at8ng-ijeoa joinchat/aaaaafr3oxmsiniboiz_lg joinchat/aaaaafrntvpao9pc4nzyrq joinchat/aaaaafsrynullpulm0fdoa joinchat/aaaaaft3czx9o_c6ja_rxa joinchat/aaaaaftazucwiez2tzkbrq joinchat/aaaaaftmlhffc7ric8v3fa joinchat/aaaaafuhv_ziottjtkljgg joinchat/aaaaafuwrhvioiyxe1cada joinchat/aaaaafvbalx80ru9q4tl4q joinchat/aaaaafvdn_ntgrebneo0rw joinchat/aaaaafvxc9hiloc1ndg3dq joinchat/aaaaafy6kcbmsmo9nr_t6a joinchat/aaaaafydsc2rwjogkuzciq joinchat/gviwgvt7m6uk188nv-bhvq joinchat/hwjeyu_-uzqdbmz1z6xkbw joinchat/ix1_j1qvvywsjrqbre6fkq joinchat/j8_-gflgc8qccyhldjpfdq joinchat/jl-qprn9bwpkhyfn1myyda joinchat/jl-qprnvhjpydev74wwgaq joinchat/jl-qpunvfioh0nns6mbphw joinchat/mtlquvevnpnudohijqizza joinchat/nu-oihibh_roi5cwzjsp0q joinchat/omjkmkmnypfnjdo2pexzma joinchat/ptx5exqfotz7ykpvnic61a khatrimazamoviess kingsap latest_hindi_song make_money_online_trick mother_boy18 movie_on_demands mtntgh muskurate_raho myshayaridilse nasheeli_hawaen online_gifts_shop online_shoping_in_india paytm_maha_loot paytm_mahaloot_bot pornotubeee positivity premium_wallpapers premiumappps premiumpas rochak_tathya_rav28 royal_promotion_1 savita_bhabhiofficial savita_vedios sexylitiol shayari_zone sic101 skymovies247 suparbhat_sandesh tamil_movies_hd tech_modapk technicalzon top5_gifts tophackbd trendingyoutubenews veg_hindi_jokess waveapk youtube_channel_promotion,Crypto,tgdataset,3,public_db/folder_2/file_101_from_svinger_to_tanoneveshtpub.json
1228866082,signals_binance_trading,Binance Trading Signals,"#binance   We are a team experienced in trading that provides high accuracy signals for major exchanges, mainly Binance. We also provide crypto news and TA of coins! #DYOR Not Financial Advice  🤖 Promotion / VIP: @CrypticTradingBot",False,False,364268,2158,2022-07-18,26,bitshibatoken blueorigintoken c/1229445650 crypticpumps cryptictrading cryptictradingbot crypto_trading_bitcoin/276 crypto_trading_bitcoin/284 crypto_trading_bitcoin/331 crypto_trading_bitcoin/333 crypto_trading_bitcoin/335 cryptocoinscoach cryptotradingcc cryptoworldnews ctbsupport hashbon_chat joinchat/aaaaae1bctleziyk4fxskg joinchat/slcxcmk2jlbnjgsn joinchat/tufy0stmhith9eys joinchat/ug4swu23ccakwvxy minersgardenchat minersgardenteam shiba_inu_coin techcryptoanalyst/4242 uniswap_defi_presales wallstreet_bet_s,Crypto,tgdataset,3,public_db/folder_2/file_95_from_shitemislibratan_to_sinfln.json
1211135864,silverhair717,,"背對着光明的餘焰，咆哮吧，咆哮 - Dylan Thomas  青年在反「逃犯條例修訂」抗爭中、面對警察暴力鎮壓、冒着被捕和受嚴刑的風險，為香港和公義付出了沈重代價。他們抗爭的決心，以及群策群力、互補互助的動員和戰術，令舉世矚目，更博得世界各地人民支持。  銀髪同輩們: 我們要珍惜時機，那怕就是未來短短十年八載,趁我們還未殘弱，未曾百病纏身、還有清晰的思考，還有澄明的心，為香港為青年人發聲！我們不是廢老！ 譲我們站出來，讓我們的聲音被聽見",False,False,2721,47,2020-08-27,37,hkposter777 hkstandstrong_promo/49181 prisoncar/24 twittermansyunzou/2588 youarenotalonehk/12449 youarenotalonehk/12888 youarenotalonehk/13887 youarenotalonehk/16138 youarenotalonehk/16194 youarenotalonehk/16475 youarenotalonehk/16526 youarenotalonehk/16541 youarenotalonehk/16545 youarenotalonehk/16586 youarenotalonehk/16603 youarenotalonehk/16629 youarenotalonehk/16636 youarenotalonehk/16649 youarenotalonehk/16721 youarenotalonehk/16735 youarenotalonehk/16757 youarenotalonehk/16772 youarenotalonehk/16810 youarenotalonehk/16814 youarenotalonehk/16909 youarenotalonehk/16920 youarenotalonehk/16967 youarenotalonehk/16969 youarenotalonehk/16986 youarenotalonehk/17010 youarenotalonehk/17011 youarenotalonehk/17036 youarenotalonehk/17047 youarenotalonehk/17048 youarenotalonehk/17116 youarenotalonehk/17146 youarenotalonehk/17211,Crypto,tgdataset,3,public_db/folder_2/file_95_from_shitemislibratan_to_sinfln.json
1213985125,tehmoonwalkin,tehMoonwalkeR Announcements,longterm crypto investing,False,False,9255,10721,2022-07-31,952,+fpvfzmnsoaa4yte9 +omemz0qzwrhizti1 +rxsurz4y6mlkodfl acdomgamebasedtraining adaswapcommunity addstickers/omnia_stickers aegislaunchpad aegislaunchpadannouncement affynofficial afkdaoann aiozofficial aj_analysis algolaunch algolaunchchat allynow alpacafinance altcoin_alerts/3786 altcoin_alerts/892 amaloversclub amaroom amazyio amazyio/112 amazyio/115 amazyio/116 amazyio/118 amazyio/121 amazyio/123 amazyio/132 amazyio/134 amazyio/137 amazyio/141 amazyio/152 amazyio/153 amazyio/155 amazyio/157 amazyio/181 amazyio/183 amazyio/85 amazyio_en amazyio_news_ru amazyio_ru animalia_anim animalia_anim_channel anrkeyxnews/336 anrkeyxofficial antexchat antexofficial arcadenetworkofficial art_wallet aspoworldchannelofficial aspoworldchinachannel aspoworldchinacommunity astarteranncmnt astartergroup astroswapofficial/10478 atlantisann atlantismetaverse auditchain_community avalaunch_app aventus_official avxlaunchpadann baby_swap battleofguardians battleofguardianschat bcmhunt bcmhuntgroup beargameschat bemil_chat bemil_official_channel bictoryfinance binancenfts bitlocus/480 bitlocus/564 bitlocus_official blackfiskchat blankwallet blankwalletannouncements blindboxes blindboxesnews blockassetofficial blockassetofficial/135332 blockassetofficial/135612 blockassetofficial/135632 blockassetofficial/136335 blocktalks blocktalksdiscussion bloktopia bloktopiachat bloxmovecommunity bnplpaychat bosonprotocol bosonprotocolann bosonprotocolfaq botocean botoceantradingchat botplanetchat brandlessph brightunion bsc_official_announcement/836 bscdottoolsann bscdottoolschat bsclaunchchannel bsclaunchgroup bscstation bscstation_media/771 bullperks_official bullperksannouncements bybitenglish bytenextannouncement bytenextofficial c/1624254229 caloapp caloappchannel canoncrypto canoncryptoclub carbongemstoken cardstarter cashtechchat cashtechnews cfcannouncements cgdiscuss chainguardians chainguardiansofficial cheersland cheersland_news chinesemetagearer chroniclecommunity chronobase chumbivalley02 cmccapitalvn cobidex coin98insights coinspaid_official coinwind coinwind_cn competitionstephero complifiofficial constantinkogan cotichannel/1710 cotinetwork crazy2casino creatorplatformglobal creoenginechannel cryptiaofficial cryptionnetworkann crypto_miners_community cryptoartai cryptobanterannouncement cryptobantergroup cryptoblades_general cryptochallengersd cryptochi_chat cryptofightclubchat cryptogalaxy_room cryptomalluclub cryptomeda cryptomeda_tech cryptomendo cryptonovae_community cryptoprophecies cryptoproscomunity cryptopuzzlesann cryptorubic_chat cryptoverseofficialchat cryptowolfchat1 cviofficial cyberspaceport cybertradegame cybertradeioi cybertradenews daomaker daomaker_ann daomaker_ann/815 daoventures darenft_official/1004 darkfrontiers deathroaddotio deathroaddotio/177 deathroaddotio/194 deathroaddotio/242 deathroadrace deathroadvngroup decus_official defi_wizard defi_wizard_ann deficityoffical definity_ann definity_community defiraccoons defiraccoonsnews defire_community defitools_trending dehive_chat deltaexchat deltatheta deltathetanews/151 deltathetanews/49 demole_io demole_iocommunity demole_iocommunity/165150 demoleio demoleio/237 demoleio/307 demoleio/387 demoleio/429 derace_price deracenews deracenft devvioannouncements/18 devvioannouncements/6 devvioannouncements/7 dextoolscommunity dfundproject digicolnews digicolofficial dinoexchange dinoexchangeann dinoxannouncements dinoxannouncements/309 dinoxproject disbalancer_group disciplinaofficial don_key_finance don_key_finance_ann doragonland doragonlandglobal doragonlandvn dreamsquestnftann dreamsquesttavern drivezann drops_nft dudearmy duetprotocolchannel ejsnews/918 ejsnews/919 elemon_mystery_box_master_bot elemonannouncement/160 elemonannouncement/202 elemonannouncement/302 elemonannouncement/389 elemonannouncement/396 elemonannouncement/419 elemonannouncement/439 elemonannouncement/441 elemonannouncement/443 elemonannouncement/447 elemonannouncement/486 elemonannouncement/573 elfinnews elondogeio elrondvalidators eqifi eqifi_announcements erthagame erthium ethboxann ethernitychain ethernitychainnews evolutionfinance f2nft f2nftofficial fantom_english fantomgochat fantomstarter fantomstarterannouncement/114 faraland_official farastarter_global farmxyz fastyieldapp fearcoin fearnftsannouncement fire_announcements flurryfinance_news flurryfinance_official fly_global fomo_manga_announcements footballgobsc forestknight forestknightinsights fractal_protocol freelaannouncements freelaofficial fucksellers fufuofficial gainsann/5833 gainschat galaxyattackairdropbot galaxyattackrev galaxyattackrev_group gamefi_official gamefi_officialann gamefi_officialann/1104 gamefi_officialann/278 gamefi_officialann/548 gamefiprotocol gamefiprotocol_announcement gameloungexyz gameloungexyzann gamerichcom gamerichnews gamestarter_co gamestarterbot gamestarternews gamestarternews/279 gamestationio_official gametokenprice gamyfi_ann gamyfi_hq gateio gateio/1046580 gateio_activity_giveaway gateio_activity_giveaway/1214 gateio_activity_giveaway/1277 gateio_activity_giveaway/1719 gateio_activity_giveaway/445 gcactoken generation_crypto/2793 genshardsann genshardsann/5 genshardschat glitchprotocol glitterfinance goldfeverann goldfevergame goodgamesguildchat gunstarannouncements gunstarglobal gunstarvn gunstarvn_channel gwsfinance gyrodao hackless_io hacklessann hapihf heliconnftchats heroesempires heroesempires_en herofiann herofiann/1019 herofiann/343 herofiann/557 herofiann/649 herofiann/651 herofiann/688 herofiann/723 herofibr herofichina herofiioph herofiiovn herofiofficial herofiturkey heroverse_ann heroverse_game himoworldofficial himoworldofficialann hinataio hindimetagearer hord_app hordnews hordnews/57 hunting4whitelist huobiglobalofficial hurricaneswap hvs_ventures ice_report illuvium imcommunityitw impermaxfinance impermaxfinanceann indiggann indometagearers infinityarenaofficial infinitygainzz instaraise instaraise_ann/205 insurace_channel insurace_protocol ioigame ioigames ixswapofficial jds_crypto/1174 jigenapp jigstack jigstackann joinchat/brbs51k5cworbktsgmb6ew joinchat/gst7bpb8-zhiztbk joinchat/pjbo1xlvwgw3zwy9 joinchat/u1odtwvnd0sxmjvl joinchat/zwnna10g7ty2ztc1 kabyarena kabyarena_ann kabyarena_ann/127 kadena_io kamariofficial kick_pad kingdomkarnage kingdomxann kingdomxgame kitsumon kk_announcements knightlands knightlands_ann knitfinance knitfinanceann kommunitas kommunitas_ann kucoin_exchange kucoin_metaverse kucoin_news/9883 kyberdyne_official kyrosinsights labsgroupannouncement/126 labsgroupio lbank_en legends_of_elumia_official legendsofmitra lememegossipchannel lepriconio lgfiofficial lgfiofficial/21 lgfiofficial/45 liberoofficialchannel liberoofficialgroup liftoffeth litcraft lom_updates lomdropbot lordarena lordarenachannel lordarenavietnamchatgroup lunarush_official lunarushchannel lunarushindonesia_official lunarushvn_official maiarexchange maiarexchangeann maiarexchangeann/259 mandalaexchange marnotaur marnotaur/71785 marnotaur_korea marnotaur_ru marnotaurch marnotauresp marnotaurfr marnotaurger marnotaurinds marnotaurit marnotaurjp marnotaurneth marnotaurpol marnotaurpt marnotaurthai marnotaurtur marnotaurvn maticnetwork maticnetwork_announcements mdexen mechmaster_ann mechmaster_ann/351 mechmaster_ann/352 mechmaster_ann/355 mechmaster_ann/383 mechmaster_ann/384 mechmaster_official melalienews melalieprice melos_studioofficial meowverse metafiannouncements metafiannouncements/83 metafiorg metagamz1 metagamz_chat metagearofficial/364 metarungame metasoccerofficial metaspatialann metaspatialgroup metastrike metastrike/193 metastrike/210 metastrike/222 metastrike/231 metastrike/235 metastrikechat metaversepro metaxyann metaxyglobal mexcenglish mh_ventures mine_announcements mine_announcements/176 mine_announcements/180 mine_announcements/181 mine_announcements/182 mine_announcements/187 mine_announcements/189 mine_announcements/190 mine_announcements/191 mine_announcements/204 mine_announcements/205 mine_announcements/206 mine_announcements/85 mine_announcements/87 mine_announcements/88 mine_announcements/89 minesofdalarnia minted_chat mixsome mobifi_officialann mogulproductions moniwarannouncements moniwarcentralvietnamannounce moniwarcentralvietnamcommunit moniwarofficial monkeyball_official monsoonann monsoonfinance monsterbattle1 monsterbattleann moonienft moonrabbitcom moonstarterchat mousehaunt mozikenofficial multigame_ann muon_net muonann mymasterwarchannel mymasterwarchannel/211 mymasterwargroup mymessageen mypandadao mystery_minigame_bot n1njawtf nafterapp netvrk_official news_3dto5d nft_cloud_chat nftcloud_api nftrade nftyplay nftyplayio nftyplayio/468 nftyplayio/470 nftyplayio/475 nftyplayio/478 nftyplayio/479 nftyplayio/520 nftyplayio/522 nftyplayio/523 nftyplayio/524 niftables ninnekogame ninnekogame_br ninnekogame_cn ninnekogame_idn ninnekogame_ph ninnekogame_phl ninnekogame_ru ninnekogame_thl ninnekogame_vn nomadexiles nordfinance nordfinance_ann nordfinance_ann/176 occamfi_com officialblokpadchat officialfirechain officialroe omnia_protocol omniaprotocol_news omniaprotocol_rusann omniaprotocol_russia ookeenga_global ookeenga_official ookeenga_official/388 ookeenga_official/394 opacitynews opacitystorage operonorigins optionroomchat optionroomchatofficial options_market orakuru_announcements/46 orecommunity orionprotocol orionprotocolnews orionprotocolnews/720 orionprotocolnews/749 orionprotocolnews/851 pandora_protocol pandoraprotocol paribus_io pastelnetwork paycoin_announcement payprotocol persistenceonechat phmetagearer phuture_group phutureofficialann pinknode pinknodeann piratexpiratecommu pixelpix_com pixelpixio pixelpixnews planeteaterschat planetsandbox planetsandbox_ann planetsandbox_ann/191 platofarm platofarm_news playcentglobal playcentofficial playermonph playmetagods_godblessyou_bot playttk plotx_ann plotx_official pocoann pocogroupchat pocogroupchat/323949 polkadexannouncements polkafantasyen polkafoundry polkafoundryann polkafoundryann/24 polkafoundryann/34 polkamarkets polkamonorg polkaplay polkaplayio polkarare polkarareann polkararekorea polkararerussia polkararevn polkastarter polkawarchat polkercrew polydex polydexannouncement polygod polygonofficial polygonumonline polygonumonlinechat polylastic polytrade_finance polytradefinance_news polytradekr polywantsacracker_farm privateness prlsharenowbot projectseed projectseedannouncements prometheus_mga prometheusann ptmetagearers publicmint publicmintann racefi_ann rage_fan rage_fan_announcement/27 rage_fan_announcement/34 rage_fan_announcement/46 rage_fan_announcement/50 rage_fan_announcement/8 rainmakergames rainmakergamesann razor_announcement razor_announcement/106 razor_announcement/107 razor_announcement/108 razor_announcement/110 razor_announcement/68 razor_announcement/69 razor_announcement/71 razor_announcement/77 razor_announcement/83 razor_announcement/84 razor_announcement/88 razornetwork realyofficial reblocksolutions refinablenft relitefinanceofficial relitefinanceofficials robonomics rocketvault rocofinance roseonn rtintl rxcworldofficial safelaunch_io saitoio saitoioann saitoioann/31 satorsao scaleswap scottybeamchat scottybeamio seascapenetwork seedifyfund seedifyfund/2196 sekuritance_skrt sentre sentreannouncements sentreannouncements/168 sentreindonesia shieldfinanceannouncements shieldfinancehq shuttleone sidus_heroes sidus_heroes_channel sincityannouncements sincitytoken snow_swap snowswap_announcements solchicksannouncements solchicksannouncements/158 souniio_channel souniio_cngroup souniio_group souniio_indonesia souniio_korea souniio_russia souniio_vngroup spacecryptoannounce spacecryptoannounce/129 spacecryptoannounce/149 spacecryptoannounce/191 spacecryptoglobal spacesip_news spacesip_news/196 spacesip_news/197 spacesip_news/198 spacesip_news/200 spacesip_news/332 spacesip_news/333 spacesip_news/338 spacesip_news/340 spacesip_news/341 spacesip_news/347 spacesip_news/350 spacesip_news/362 spacesip_news/365 spacesip_news/367 spacesip_news/368 spacesip_news/370 spacesip_news/372 spacesip_news/503 spacesip_news/504 spacesip_news/516 spacesip_news/520 spacesip_news/524 spacesip_news/525 spacey2025 spacey2025news spanishmetagearers sparklecoin spectre_grp splyt_announcements spookyswapcommunity spores_japan spores_kr spores_spanish spores_vietnam sporeschina sporeseng sporesofficial sporesportuguese sporesru sporesturkiye stackos staratlasgame steakbank_finance stepappchat stepappnews stepappnews/68 stephero_ann stephero_ann/427 stephero_chat stephero_marketplace stratos_announcement stratoscommunity sugarbouncensfw sukhavatinetwork superfarmann superfarmdao sweneapp swenetalks syntropynet sypool_protocol talecraft taro_news taroverse tehmoonwalkers tehmoonwalkers/1144404 tehmoonwalkers/1189096 tehmoonwalkers/1388170 tehmoonwalkers/441375 tehmoonwalkers/518158 tehmoonwalkers/518319 tehmoonwalkers/539793 tehmoonwalkers/555817 tehmoonwalkers/575814 tehmoonwalkers/605091 tehmoonwalkers/627032 tehmoonwalkers/647836 tehmoonwalkers/648819 tehmoonwalkers/662527 tehmoonwalkers/670822 tehmoonwalkers/687551 tehmoonwalkers/691422 tehmoonwalkers/693533 tehmoonwalkers/703032 tehmoonwalkers/707634 tehmoonwalkers/708415 tehmoonwalkers/724793 tehmoonwalkers/730360 tehmoonwalkers/733309 tehmoonwalkers/744998 tehmoonwalkers/748268 tehmoonwalkers/751918 tehmoonwalkers/754402 tehmoonwalkers/755113 tehmoonwalkers/755335 tehmoonwalkers/756998 tehmoonwalkers/758853 tehmoonwalkers/762914 tehmoonwalkers/764796 tehmoonwalkers/765323 tehmoonwalkers/771532 tehmoonwalkers/783839 tehmoonwalkers/796589 tehmoonwalkers/796966 tehmoonwalkers/799149 tehmoonwalkers/800362 tehmoonwalkers/806982 tehmoonwalkers/815643 tehmoonwalkers/815771 tehmoonwalkers/819178 tehmoonwalkers/819425 tehmoonwalkers/821995 tehmoonwalkers/824045 tehmoonwalkers/827481 tehmoonwalkers/829257 tehmoonwalkers/829466 tehmoonwalkers/893945 tehmoonwalkin tehmoonwalkin/13418 tehmoonwalkin/1668 tehmoonwalkin/19386 tehmoonwalkin/19897 tehmoonwalkin/7784 terminaltechsupport terraformerchat theavxlaunchpad thecryptotravelers thedynasty_ann thedynastybsc theindigg thekillboxgamechannel thekillboxtoken thesinverse thesinverseannouncements thetanarenanews thirm titanhunters titanhuntersann titanhuntersann/171 titanpricechat tkb_indonesia tkb_vietnam tkbfrench tkbjapan tkbkorea tkbromania tkbrussia tlh_official tokenecho tokoinglobal top7ico top7ico_chat trava_finance trava_finance_official triallcommunity trmgame trmnews truepnlchat twotwoofficial unboundannouncements unboundfinance uniarts uniartsnews unicyclenews unicycleofficial uniris_eng universaldollar universaldollarann unore_ann unoreinsure ureeqa vaiot_community victoriavrgroup victoriavrnews victoriavrnews/135 victoriavrnews/60 void_announcements voidcommunitychat vortexdefi_announcement vortexdefiofficial walken_channel walken_channel/247 walknapp wamapp wamappnews warena_korea warenachat warenaofficial warenaofficial/571 warenaround2airdropbot warenavietnam waultfinance whirlfinance whitelist_en whitelistchat_en wolfcryptoann wolfcryptopub wonderhero_io wonderhero_official/238 wsgtoken xana_english xanaofficial xanaofficial/293 xdaipunks xfaiofficial yellowroadido yfx_en yinfinance yinfinanceannouncements yooshi_official ysl_io ysl_price ysl_vn yslen_ann yslvn_ann zeroswap zeroswap_ann zoodao,Crypto,tgdataset,3,public_db/folder_2/file_103_from_techno_district_to_thankyoubodyrally.json
1255387899,TENETMovieHD1,📺 HD PRINT MOVIES ️,,False,False,58469,9,2021-12-08,1,crypto_information_1,Crypto,tgdataset,3,public_db/folder_2/file_103_from_techno_district_to_thankyoubodyrally.json
1130677348,te_food,TE-FOOD (TONE) Announcements,TE-FOOD news and announcements,False,False,1410,305,2022-07-22,2,tefood tefood_trading,Crypto,tgdataset,3,public_db/folder_2/file_103_from_techno_district_to_thankyoubodyrally.json
1340813281,sharereality,,🏅सचिन साळुंखे सर - Share Market Expert आहेत 👉त्यांना या क्षेत्रातील 15 वर्षांचा अनुभव आहे. 👉SHARE बाजार हा गुंवणूकिचे उत्तम माध्यम आहे ज्यातून अभ्यासू व्यक्ती खूप पैसा कमावू शकतो 🤗 फक्त गरज आहे योग्य मार्गदर्शनाची आणि ते आम्ही पुरवू🙏  @sharereality,False,False,421,143,2021-10-04,2,dheya_mpsc sharereality,Crypto,tgdataset,3,public_db/folder_2/file_94_from_sgmemenewfoundland_to_shitdirtymarxistglobalistssay.json
1414609917,shentonwaybets,ShentonWayBets,SG 🇸🇬 and Wall St 🇺🇲 Memes & News  https://linktr.ee/ShentonWayBets   Disclaimer: This is not financial advice. Any messages sent in this Telegram channel does not constitute a call to buy or sell any underlying securities,False,False,159,548,2022-07-31,1,singaporehdb,Crypto,tgdataset,3,public_db/folder_2/file_94_from_sgmemenewfoundland_to_shitdirtymarxistglobalistssay.json
1703265721,SHIBAinuInfo,SHIBA INU Info,,False,False,145,868,2022-07-31,72,agesabmyk ancientfeed antigates australiatimes besttokennews binancedailynews bitcoininventors blockchainreport brunopuno capitolnews cardanoreport chicagoreporter cnnunmasked coinbasereport coinbasereport/545 cryptoartmuseum cryptopunksclub cryptosignalsmust ctbch daoautonomous elonmuskinfo ethereumdaily foxnewsfeed goldtradenews govron greatawakeningchannel greatawakeningofficial inchnews iv jeffbridgemaker jerusalemtribune johnfkennedyjr metaverseaccount nftcollectorgroup nftfair nftreport nicolateslanews noahsprophecy officialsatoshi officialsatoshi/4489 officialsatoshi/4837 people4freedom s/sbmkcoin sabmyk sabmyk/42 sabmyk/75 sabmykawakening sbmkchat sbmkcoin sbmkcoin/13 sbmkme sbmkme/132 sbmkme/134 sbmkme/16 sbmkme/172 sbmkme/185 sbmkme/187 sbmkme/192 sbmkme/197 sbmkme/68 sebastianbieniek shawunawaz shibainuinfo solanainfo stablecoinnews starseedchildren supernarrativ thecryptomeme theeconomynews theeuropenews therevolutionnow tuckercarlsonnews,Crypto,tgdataset,3,public_db/folder_2/file_94_from_sgmemenewfoundland_to_shitdirtymarxistglobalistssay.json
1333753686,RevelationANN,,News arm for Revelationfund.io,False,False,908,15,2020-01-22,0,,Crypto,tgdataset,3,public_db/folder_2/file_88_from_retro880_to_romanewsita.json
1168446168,rhizomestream,,ICON news and analysis from the RHIZOME team.,False,False,41,247,2021-06-16,1,joinchat/ryjadnpepxgosgr9,Crypto,tgdataset,3,public_db/folder_2/file_88_from_retro880_to_romanewsita.json
1206459709,rialtaxibot1,,https://rialtaxi.com/,False,False,705,1062,2021-02-15,268,aatairbot abitchainbot acutecoinbot agentmileairdropbot airdrop_bounty_alerts airdropunited_bot alehub_bot apollobounty_bot apollonairdropbot aragonairdropbot askfmairdropbot asuraairdropbot atomicwalletairdropbot axens_chat axens_io bailsmanairdropbot belottobounty belottogroup benchmarktoken betlycoin_airdrop_bot bidium binsbounty_bot bitcoin_galaxy_bot bitcoincornerairdropbot bitcoinoriginbot bitfairairdropbot bitflux_bot blackinsurebot bpcgroup brainmabbot bravocoinbot btc_ticket_bot bubbletone_airdrop_bot bytomairdropbot cardoniobot careonchainairdrop_bot cashbetarticlesharingbot centive_bounty_bot cgcxbot cindicatorairdropbot cinemawelcome_airdrop_bot cloudeth_bot coinanalystairdropbot contentsprotocol_airdropbot crediblebot cremitbot cresttoken crypstock cryptopolice crypviserrefferalbot crystals_airdropbot csbounty cybercapitalinvest cybit_group dai_airdropbot dakucebot dcntairdropbot denchmusicico2018 deosairdropbot destream_bounty_bot divi_airdropbot donapartnersbot dreamrealairdropbot dreamsicobot dxchainbot easyloot_airdrop_bot easyoption_8 ebyteairdropbot ectareferralbot enlte_bot epiktoken epiktoken_rs equitybase eterbaseairdropbot ethercbot ethereumcorebot eucleiabot everlife_ai everlife_ai_bot expercoinairdropbot extokebot fameitairdropbot fanfareairdropbot fanmillionairebot fixyapp fixynetwork flashblocks flintcoin_bot friendupbountybot ftwairdrop_bot fxpaybounty_bot gcox_bountybot general0bot get_b2bx_bot get_cpex_bot get_dnet_bot get_dtc_bot get_gen_bot get_navi_bot get_nbtk_bot get_odin_bot get_tokens_bot get_vair_bot gigtricks gincoinairdropbot gladagebot globecasoffical gnosisairdropbot greenxnetworkairdropbot helixorangebot ibgbounty_bot iconclassicbot icowatchdogbot icxairdropbot igniteairdrop_bot infinitusbountybot ingotcoinbot ingotminiairdropbot innovativebioresearchbot internationalsciencehubbot intoken intokennews iotwprojectbot iregmedbot ixtusbot jaion_bot jaiontoken jboxairdropbot jibbitairdropbot joinchat/f079hrimlcilb5tqzmaccg joinchat/funjnu7fma6zy6k11pn0va joinchat/hs8g3hiyaoe7egnda8fq5a joinchat/imuoofd-tka1eb-shktgwq kairosairdropbot kanzhangairdropbot kaya_airdropbot knowchain_airdrop_bot kryptobits kryptoniumbot kubitx_official kucoin_telegram_competition kurecoinhub_bot laborarmybot lancernetworkairdrop_bot letsbetfather_bot lipchain littlephilchat loandexairdropbot looixairdropbot loyakkbounty_bot lq8airdropbot lux_ant_digital lybitairdrop_bot makeafoliobot marine_bounty_bot marketdecentralandairdrop_bot mcc_airdropbot mcflyaerobot mcocryptoairdrop_bot mcoin_onem mcoinnews_en mdtokens_community medilot_airdropbot medipedianewsyoutubechannelbot memezairdropbot metahashairdropbot metalairdropbot mevubounty_bot mitcoin_bot moacairdropbot modumico_bot monopoly_airdrop_bot museairdropbot mybitairdrop_bot mytcproject neptunairdropbot netscouters nexusair_bot obirumairdropbot odysseyofficial_code_bot ommerbountybot omnity_ico openpackagingnetworkofficial opetairdropbot oppopenwifi opportyairdropbot opsbountybot optincoinofficial orchbot origoofficialgroup osadc_airdrop_bot oxcoinairdropbot pavocoinbot pingpaid pinktaxibounty_bot populousairdrop_bot primasairdropbot prochainairdropbot promobuzzbot pundixairdropbot quantairdropbot quimalbot radiumairdrop_bot rateoniumairdropbot redi_airdropbot registryblocksairdropbot remittancetokenairdropbot rootblockchainbot rubidairdropbot rubyexchangebot satoexchange_official satumairdropbot sendsdt_bot seniumairdropbot set4earthbot shipitairdropbot silentnotarykucoinbot sleecoinbot smartchainmediaairdropbot snapparazziairdropbot socialgood_io sportsledger srxairdropbot strykzbounty subajairdropbot svandis_chatroom syntheticsai tanzoico terawatt_bot terravirtuadrop_bot tesse_airdrop_bot theindorsebot thingschain_bot tillbilly tillbillybot titanofficialbot tlc_airdrop2_bot tokencareairdropbot tokenize_airdropbot tokenstars_predictions_bot tombolaairdropbot trigid trusttoken_bot tuurntio typeriumbot upstakeairbot utornbot utourdts verasitychat videoxcoin_bot vidycoin vincoinbot vip2fanairdropbot vivalidservice vividtoken vtosbounty vtosbounty_bot vtosofficial wankcoinbot webfreeofficial webuy_airdrop_bot winiotaairdropbot worldopolyairbot xenonairdropbot yourblockv3bot zeroxcertann zilbounty_bot zuflo,Crypto,tgdataset,3,public_db/folder_2/file_88_from_retro880_to_romanewsita.json
1196195622,RichardsCalls,Richard's Calls,Free Bitcoin price predictions and analysis. Some other coins too.,False,False,14318,2685,2022-07-30,15,cryptogov hexbulgaria hexcrypto hexcrypto/1526888 hexdesign hexnews hexpro hextrading hexwinbot pulsechaincom pulsetwitterstorm pulsexcom richardheart scivive/59516 strape,Crypto,tgdataset,3,public_db/folder_2/file_88_from_retro880_to_romanewsita.json
1433755244,rickysfundamentals,Rickys fundamentals,Ricky the irish's personal f.a page. https://twitter.com/rickytheirish / @ricky50chantheirish,False,False,3521,1534,2022-05-12,35,b26_official/4 bullishkid bullishkidcommunity cryptovigilante cryptovigilanteann dafiprotocol/112997 genesismarkets genesisvision joinchat/aaaaafqhbbmlbwdrix_6kg joinchat/aaaaaftoz6j_iiguc-gqia joinchat/llzpbfnb0syzmfxd_w6e5a muroscryptos nebulasen orionprotocol orionprotocolnews rickypedias rickypedias/4319 rickypedias/4746 rickysfundamentals rickysfundamentals/1728 rickysfundamentals/1893 rickysfundamentals/2675 rickysfundamentalschat rickysfundamentalstracking rickysnewscast rickysnewsletter teamta_elisa_muro_bot tehcryptogoyjournal thelionden thelionsdenchat totemtribe videocoin wolfcryptopub zeroswap zeroswap_ann,Crypto,tgdataset,3,public_db/folder_2/file_88_from_retro880_to_romanewsita.json
1324914749,Rihannad,Rihanna music Rihana,По вопросам рекламы - @KHOKKEIST   https://t.me/joinchat/AAAAAFJiRC-NPUScNTAjAg - СРОЧНЫЕ НОВОСТИ  👉 @CHEMPIONOV_LIGA - Все о футболе  👉 @investitsii - Все о деньгах  👉 @Lyubovc - о любви ♥️  👉 @tatar - ЧАТ знакомства  👉 @milliarder - Мужской журнал,False,False,8193,2412,2022-07-26,19,+blblxdl_vqc2nze6 bliznetsya dayvinchik_leonardo devaac goroskop_b goroskopac joinchat/aaaaaegkwjgz_7_xrioxbw joinchat/pf6xku4ykw43zwfk kozerogc laliga lev_c ovenb rak_w rybyd skorpionf streletsb teletsb vesyb vodoleyb,Crypto,tgdataset,3,public_db/folder_2/file_88_from_retro880_to_romanewsita.json
1314355931,rko120,Fallen Soldier Shop | Stock Updates | https://rko12.com,https://rko12.com,False,False,2830,970,2022-06-19,8,crackingdotorg easygiftcard houseofdevs joinchat/aaaaae5xets3 joinchat/aaaaae5xets3lng2lldi6w joinchat/iglxyvoa1h3qxdccwdpwnw m1st_store m1stshop,Crypto,tgdataset,3,public_db/folder_2/file_88_from_retro880_to_romanewsita.json
1274842415,rodaskarov,Rod Askarov,Rod Askarov FinTech Entrepreneur Forbes 30 Under 30 List: Finance & Venture Capital http://www.forbes.com/profile/rod-askarov/,False,False,314,105,2022-07-31,1,rodaskarov,Crypto,tgdataset,3,public_db/folder_2/file_88_from_retro880_to_romanewsita.json
1410837069,OpacityNews,Opacity - Announcements,"Official Opacity Announcements Telegram Group!   Anonymous, secure storage powered by crypto. Find OPCT on Kucoin @ https://trade.kucoin.com/OPCT-BTC",False,False,1167,243,2022-07-25,9,cryptostarship kucoin_api kucoin_exchange opacitygithub opacitystorage overdose_gems_group s/opacitynews tehmoonwalkers xio_network,Crypto,tgdataset,3,public_db/folder_2/file_76_from_oOgaBoogaBruhh_to_ourspb.json
1395396476,OptionRoom,OptionRoom,OptionRoom - User governed oracle and forecast protocol built on Polkadot  www.optionroom.finance Chat: @optionroomchatofficial Twitter: https://twitter.com/option_room,False,False,16095,106,2022-04-01,2,hypersignchain optionroomchatofficial,Crypto,tgdataset,3,public_db/folder_2/file_76_from_oOgaBoogaBruhh_to_ourspb.json
1227678813,origoofficial,,The Privacy Preserving Platform for Decentralized Applications,False,False,1441,268,2020-09-21,8,huobiglobalofficial origonetworkkorea origonetworkvietnam origoofficial origoofficialcontributor origoofficialgroup origoofficialgroupjapan origoofficialgrouprussian,Crypto,tgdataset,3,public_db/folder_2/file_76_from_oOgaBoogaBruhh_to_ourspb.json
1179801773,otcroom,The OTC Room - Announcements,Announcement channel for The OTC Room,False,False,2295,852,2021-11-18,53,airdroplebs amaroom amaroom/22821 amaroom/23863 amaroom/24241 amaroom/30116 amaroom/32738 blockbid certikorg cloutroom coronaroom cosmostraders cragang cryptosmartest cryptosmartph defiroom dexgems exnetwork exnetwork/1017 exnetwork/1623 exnetworkpublic/8823 farmingroom fundfeed gojoy_auction gojoyfaq hederahashgraph icograders kryptoleaks margintraders masternodesters medilotofficial moonlamboship nervosnetwork nftotc otcroom otcroom/495 otcroom/552 otcroom/558 otcroomchat polkadotofficial predictionroom revocrypto/3857 skaleofficial stakingroom stocksgang thecryptoroom/242116 theotcroom topcoinskorea topcoinskoreagroup topicroom topicroom/5143 vega_protocol whitelistroom,Crypto,tgdataset,3,public_db/folder_2/file_76_from_oOgaBoogaBruhh_to_ourspb.json
1108839223,OtterWorld,,E Otter coisas,False,False,222,7,2019-05-30,0,,Crypto,tgdataset,3,public_db/folder_2/file_76_from_oOgaBoogaBruhh_to_ourspb.json
1062141011,r_Bitcoin,r/Bitcoin,r/Bitcoin,False,False,506,10260,2022-07-21,2,robosats robosats_es,Crypto,tgdataset,3,public_db/folder_2/file_90_from_rusecmedia_to_sad_music_and_pics.json
1266087451,phoenixtradersx,Phoenix Traders™,👋 Welcome in Phoenix Traders  ▪️Crypto Trading & Signals  ▪️TA and Account Managment ▪️Not Financial Advise,False,False,1815,724,2022-03-28,2,phoenixtradersbtc phoenixtraderschat,Crypto,tgdataset,3,public_db/folder_2/file_79_from_persa_ya_to_piskvpustotu.json
1304804324,pierre_crypt0_public,Pierre_Crypt0 - TA,#Bitcoin  https://y.at/📈🏆📈  https://twitter.com/pierre_crypt0  https://twitter.com/TheHavenCrypto  I will never DM you first. Ever.,False,False,6664,3316,2022-07-28,20,cryptocredta elisascharts krillinta krismacrypto muroscryptos pierre_crypt0_public/30 pierre_crypt0_public/3029 pierre_crypt0_public/31 pierre_crypt0_public/32 pierre_crypt0_public/33 pierre_crypt0_public/34 pierre_crypt0_public/35 pierre_crypt0_public/36 pierre_crypt0_public/37 pierre_crypt0_public/38 pierre_crypt0_public/39 pierre_crypt0_public/40 unfolded winterwolvesbitcoin winterwolvesta,Crypto,tgdataset,3,public_db/folder_2/file_79_from_persa_ya_to_piskvpustotu.json
1204318692,PikciochainAnn,,This is the official PikcioChain announcement channel @pikciochainann,False,False,247,313,2020-01-27,2,alephim pikciochain,Crypto,tgdataset,3,public_db/folder_2/file_79_from_persa_ya_to_piskvpustotu.json
1472868324,TheBabylonians,TheBabylonians,Keep up to date with the latest crypto/blockchain news developments  YouTube: https://www.youtube.com/c/TheBabyloniansCrypto  Website: https://www.theancientbabylonians.com/  Group Chat: https://t.me/TheBabyloniansCommunity,False,False,2150,10624,2022-07-31,8,+bsocy2hohwq3mjy1 anchor_official ftmannouncements/182 persistenceonechat pylon_protocol saturn_money synapsetrading thebabylonianscommunity,Crypto,tgdataset,3,public_db/folder_2/file_104_from_Thanos_pubg_to_theslog.json
1344030284,theblockcrypto,,The Block Crypto News Feed,False,False,167,8155,2021-01-25,0,,Crypto,tgdataset,3,public_db/folder_2/file_104_from_Thanos_pubg_to_theslog.json
1382986975,thebull_crypto,The Bull,"NO BULL NO GAIN!  Market analysis & recaps, scalping leverage calls, binance altcoin signals and real time news.  My channel is not financial advise, its my observation and opinion.   Twitter: twitter.com/thebull_crypto",False,False,93671,11245,2022-07-31,134,a2ann a2dao_chat aegisen altcoinwolves amazyio amazyio/61 amazyio/85 amazyio/86 amazyio/95 amazyio_en amazyio_news_ru amazyio_ru anomusio anomuspublic arpa_community/81104 avocado_guild avocadoguild binance_announcements/1094 binance_ru/1588 binanceexchange blockassetofficial blockassetupdates bloktopiachat codenamevalerts corestarter corestarter_chat corite corite_announcements cryptoklondike darkfrontiers decimated_game decimatedofficial deltatheta dendomains divinerprotocol_news divinerprotocolofficial elpisbattle_ann elpisbattle_official elrondnetworkann/690 exclusiverecords fanadisegrouptalk fantomfoundation/479 forwardprotocolofficial furu_kuru furukuru_ann gamestarternews glassnode/382 glassnode/416 guildfi heroesempires heroesempires_en idlecyber idlecyber_chat idlecybervietnam joinchat/aaaaaewvkmlyzohhbsctrg joinchat/aaaaafjutn9flpdivf3z9q joinchat/m-wkk-1lrag2ywqy kalmar_ann/16 kalmar_io kasta_announcements kasta_app kimoncrypto kimoncrypto/799 locknessanouncement locknessofficial lunarcrush/2179 memoverse_io memoverse_io_chat monsofficial mymessageann mymessageen nunuspirits nunuspirits_nft occamfi/140 polkacity/59238 polypadann polypadchat projectseed projectseedannouncements quiddtoken quiddtokentraders ramenswapannouncement/12 realyofficial realyofficialann rikkeifinance rikkeifinance_official safleann seedifyfund seedifyfund/2196 seorgroup seornetwork sidus_heroes sidus_heroes_channel sigmadex solanium_io solanium_io/236 solanium_io/240 solice_io solice_io_chat spacey2025 spacey2025news spheriumcommunity starpunk_vn starpunkann starpunkglobal starpunkvn starter_announcements/992 synchronyannouncement synchronyfi thebull_crypto thebull_crypto/1132 thebull_crypto/1557 thebull_crypto/2840 thebullcrypto thebullcrypto/2068 thebullcrypto/2403 theparallelofficial tryhards_io_official twelvelegions twelvelegionschannel unfolded unfolded/7955 unfolded/8006 unfolded/8073 unfolded/8094 valhallanft valhallanft_announcement wagglenetwork wallfair_updates wingswapann wingswapftm xhashtag_ann xhashtagio zamio_chat,Crypto,tgdataset,3,public_db/folder_2/file_104_from_Thanos_pubg_to_theslog.json
1755470272,TheCryptoMeme,The Crypto Meme,,False,False,79,894,2022-07-31,72,agesabmyk ancientfeed antigates australiatimes besttokennews binancedailynews bitcoininventors blockchainreport brunopuno capitolnews cardanoreport chicagoreporter cnnunmasked coinbasereport coinbasereport/545 cryptoartmuseum cryptopunksclub cryptosignalsmust ctbch daoautonomous elonmuskinfo ethereumdaily foxnewsfeed goldtradenews govron greatawakeningchannel greatawakeningofficial inchnews iv jeffbridgemaker jerusalemtribune johnfkennedyjr metaverseaccount nftcollectorgroup nftfair nftreport nicolateslanews noahsprophecy officialsatoshi officialsatoshi/4489 officialsatoshi/4837 people4freedom s/sbmkcoin sabmyk sabmyk/42 sabmyk/75 sabmykawakening sbmkchat sbmkcoin sbmkcoin/13 sbmkme sbmkme/132 sbmkme/134 sbmkme/16 sbmkme/172 sbmkme/185 sbmkme/187 sbmkme/192 sbmkme/197 sbmkme/68 sebastianbieniek shawunawaz shibainuinfo solanainfo stablecoinnews starseedchildren supernarrativ thecryptomeme theeconomynews theeuropenews therevolutionnow tuckercarlsonnews,Crypto,tgdataset,3,public_db/folder_2/file_104_from_Thanos_pubg_to_theslog.json
1282692145,thedailyape,The Daily Panda,"Posting stuff I find interesting here, feel free to share around! Frens share alpha.  @Darrenlautf   https://twitter.com/Darrenlautf   Disclaimer : Not financial advice, DYOR, Projects mentioned are not an endorsement/shill. Views are my own.",False,False,39155,1179,2022-07-30,8,bscprice dailyapehr darrenlautf thedailyape/111 thedailyape/121 thedailyape/915 unirocketdsd uniswapearlycalls/716,Crypto,tgdataset,3,public_db/folder_2/file_104_from_Thanos_pubg_to_theslog.json
1219261372,thedailyhodl,The Daily Hodl,,False,False,14359,10988,2022-07-31,0,,Crypto,tgdataset,3,public_db/folder_2/file_104_from_Thanos_pubg_to_theslog.json
1749103723,TheEconomyNews,The Economy News,,False,False,1790,877,2022-07-31,72,agesabmyk ancientfeed antigates australiatimes besttokennews binancedailynews bitcoininventors blockchainreport brunopuno capitolnews cardanoreport chicagoreporter cnnunmasked coinbasereport coinbasereport/545 cryptoartmuseum cryptopunksclub cryptosignalsmust ctbch daoautonomous elonmuskinfo ethereumdaily foxnewsfeed goldtradenews govron greatawakeningchannel greatawakeningofficial inchnews iv jeffbridgemaker jerusalemtribune johnfkennedyjr metaverseaccount nftcollectorgroup nftfair nftreport nicolateslanews noahsprophecy officialsatoshi officialsatoshi/4489 officialsatoshi/4837 people4freedom s/sbmkcoin sabmyk sabmyk/42 sabmyk/75 sabmykawakening sbmkchat sbmkcoin sbmkcoin/13 sbmkme sbmkme/132 sbmkme/134 sbmkme/16 sbmkme/172 sbmkme/185 sbmkme/187 sbmkme/192 sbmkme/197 sbmkme/68 sebastianbieniek shawunawaz shibainuinfo solanainfo stablecoinnews starseedchildren supernarrativ thecryptomeme theeconomynews theeuropenews therevolutionnow tuckercarlsonnews,Crypto,tgdataset,3,public_db/folder_2/file_104_from_Thanos_pubg_to_theslog.json
1285698228,thegoldminetrades,Thegoldminetrades,CRYPTO AND BINARY TRADING SOCIAL MEDIA MARKETING  OUTSOURCING  FREELANCING  INSTAGRAM FOLLOWERS YOUTUBE SUBSCRIBERS FACEBOOK FOLLOWERS TWITTER FOLLOWERS TELEGRAM PROMOTION CHANNEL MEMBERS ACCOUNT MANAGEMENT ACCOUNT VERIFICATION  @thegoldmineadmin,False,False,352,250,2019-08-21,2,joinchat/aaaaaeyimrsbsszmqa-oew theloungeeee,Crypto,tgdataset,3,public_db/folder_2/file_104_from_Thanos_pubg_to_theslog.json
1262837306,TheICOInvestigator,ICO Investigation,"Comprehensive, concise, and unbiased ICO reviews",False,False,12,11,2018-07-10,0,,Crypto,tgdataset,3,public_db/folder_2/file_104_from_Thanos_pubg_to_theslog.json
1419520931,TheKingsMarket,,@King_Jun Vouches!,False,False,287,407,2022-02-04,5,joinchat/aaaaaecstnjgwattqbu84g joinchat/aaaaaespaz_hnus8hyxcow joinchat/gocwz1br6kbfrg85wedo-g joinchat/hpc_v0p1tgkceujbxrz16q joinchat/hpc_vxgi8oqq8eyna-7rrw,Crypto,tgdataset,3,public_db/folder_2/file_104_from_Thanos_pubg_to_theslog.json
1290956904,themdtchannel,MDT Announcement Channel,,False,False,546,346,2022-07-23,6,cryptocoinscoach/25283 cryptocoinscoach/28127 mdtmarines mdturkish measurabledata measurabledatatoken,Crypto,tgdataset,3,public_db/folder_2/file_104_from_Thanos_pubg_to_theslog.json
1434456306,therussianmarket,Russian Market,"Crypto, Trade, Finance news with a grain of humor",False,False,6634,2676,2022-07-31,2,fintwitter therussianmarket,Crypto,tgdataset,3,public_db/folder_2/file_104_from_Thanos_pubg_to_theslog.json
1367163708,RamenswapAnnouncement,RamenSwap Announcement,ramenswap.finance,False,False,972,33,2021-05-02,4,indoexofficial probitenglish/356395 ramenswap ramenswapannouncement,Crypto,tgdataset,3,public_db/folder_2/file_86_from_rainbowcapricorns_to_realsecondworld.json
1052825535,razzleton,,Razzleton Healthcare,False,False,618,226,2017-03-19,1,razzleton_chat_ru,Crypto,tgdataset,3,public_db/folder_2/file_86_from_rainbowcapricorns_to_realsecondworld.json
1082835978,RCNtalk,RCN Whitepaper ENG.pdf,"RCN is an open-source global credit network that connects lenders, borrowers and originators on the blockchain to create frictionless, transparent and borderless loan markets.",False,False,1214,271,2021-08-10,5,binancespanish bslcomunidad joinchat/genroq0e3sjjamzhtwciog rcnchat rcntalk,Crypto,tgdataset,3,public_db/folder_2/file_86_from_rainbowcapricorns_to_realsecondworld.json
1307072826,spaceport,Space Port,A Wretched Hive of Scum and Villainy,False,False,111,2078,2021-08-25,7,atsbotscriptsupport commaschat cryptovigilantenetwork joinchat/aaaaae1e7cbclsqrmopbua joinchat/huzeouyzkewl3pjz0ek7jg jordyats spaceportchat,Crypto,tgdataset,3,public_db/folder_2/file_98_from_sosedi_sterpyat_to_SR_scripts.json
1207252259,SpeedCashProof,Speed Cash Payment Proof,,False,False,178,70,2021-12-20,1,speedcashbot,Crypto,tgdataset,3,public_db/folder_2/file_98_from_sosedi_sterpyat_to_SR_scripts.json
1153991717,spicytkn,Spicy Token,Spicy is a shared network for cross-chain communication connecting multiple blockchains into one unified network.,False,False,119,86,2022-06-05,1,spicytkn,Crypto,tgdataset,3,public_db/folder_2/file_98_from_sosedi_sterpyat_to_SR_scripts.json
1138946879,OhHeyMattyAnnouncement,OhHeyMatty Announcement Channel,"⚠️ Warning: Many users reported this account as a scam or a fake account. Please be careful, especially if it asks you for money.",True,False,194,751,2019-07-08,9,benngodenzi block_array chromawayofficialgroup ohheymattyannouncements ohheymattyyoutubetelegram/154458 quarkchainio vote wanchainann wanchainchat,Crypto,tgdataset,3,public_db/folder_2/file_75_from_ohhellyes_to_ooff88.json
1181638206,OhHeyMattyOfficialANN,OhHeyMatty Official Crypto Announcement Channel,"Channel where we discuss crypto related news/topics, Bitcoin/Altcoin TA, and Crypto startups.  The content on this channel is not meant to be financial advice and should not be used as such. Please do your own due dilligence.  #Crypto",False,False,2280,2793,2022-07-22,50,axionofficial bitsdaqexchangeofficial bscannouncements bscdegensunite bscsimpers chainx_news/32 cryptodakuofficial cryptodakurobinhooders cryptoprophecies cryptosurge_ann cryptovigilanteann cryptovigilantenews/288 cyberfi_tech defi_crypto_chat defi_leaks/159 ecomi evolutionfinance falcon_swap joinchat/p6m3yhclt8px7f9xoapfug launchxannouncements lobsters_chat/76544 manifoldfinance mb85_nft newpancakeswaplistings officialroyalefinance ohheymattyofficialann ohheymattypokerbross otc_escrow_network pathosart polkafoundry pumpanomicsreal pylonfinance rebaseofficial resistanceplatformann/15 ris3network/668 spaghettimoney sparksternews/252 ultra_io unilendannouncement unilendfinance vampireprotocol welaunchx wingstokenofficial wingstokenofficial/2852 wolfcryptoannounce/2532 wolfcryptoannounce/2568 wolfcryptopub xbtc_official ytoken zerononcense/20155,Crypto,tgdataset,3,public_db/folder_2/file_75_from_ohhellyes_to_ooff88.json
1494505031,olympzone,Olymp zone,,False,False,81,12,2020-08-14,1,olympzone,Crypto,tgdataset,3,public_db/folder_2/file_75_from_ohhellyes_to_ooff88.json
1163094211,OntologyAnnouncements,Ontology Official Announcement,,False,False,5773,1969,2022-07-29,56,baby_swap binancefrench binanceitalian contentosofficialgroup2 cryptocoinscoach dfutureglobal gamedao_en jetfuelfinance jgndefi joinchat/brbs51k5cworbktsgmb6ew joinchat/bvxngqtxmja2y2u1 joinchat/oj6y_1k_rmedtihsztisjq kalata_group moonpotdotcom movieblocannouncement/7 nftbomben ogcxontology ontology_korea ontology_nederland ontologyannouncements ontologyannouncementsru ontologyarabic ontologybangladesh ontologycantonese ontologyfrench ontologygerman ontologyindia ontologyindonesia ontologyitalian ontologymalay ontologynetwork ontologynetworkcn ontologynetworkko ontologynigeria ontologypakistan ontologyph ontologyportuguese ontologyromania ontologyrussian ontologyslovakczech ontologysouthafrica ontologyspanish ontologysrilankan ontologyswedish ontologytradingofficial ontologytrionesannouncements ontologytur ontologyvietnamese ontowallet sesameseedannouncements sil_finance tlod_en topnetwork_top wingdao xpansiongame xworldgames,Crypto,tgdataset,3,public_db/folder_2/file_75_from_ohhellyes_to_ooff88.json
1703437243,StablecoinNews,Sablecoin News,,False,False,20,735,2022-07-31,66,agesabmyk besttokennews binancedailynews bitcoininventors blockchainreport brunopuno capitolnews cardanoreport chicagoreporter cnnunmasked coinbasereport coinbasereport/545 cryptoartmuseum cryptopunksclub cryptosignalsmust ctbch daoautonomous elonmuskinfo ethereumdaily foxnewsfeed goldtradenews govron greatawakeningchannel greatawakeningofficial inchnews jeffbridgemaker jerusalemtribune johnfkennedyjr metaverseaccount nftcollectorgroup nftfair nftreport nicolateslanews noahsprophecy officialsatoshi officialsatoshi/4489 officialsatoshi/4837 people4freedom s/sbmkcoin sabmyk sabmyk/42 sabmyk/75 sbmkchat sbmkcoin sbmkcoin/13 sbmkme sbmkme/132 sbmkme/134 sbmkme/16 sbmkme/172 sbmkme/185 sbmkme/187 sbmkme/192 sbmkme/197 sbmkme/68 sebastianbieniek shawunawaz shibainuinfo solanainfo stablecoinnews supernarrativ thecryptomeme theeconomynews theeuropenews therevolutionnow tuckercarlsonnews,Crypto,tgdataset,3,public_db/folder_2/file_99_from_ssaAEsharif_to_strategic_news.json
1090865316,StackedCrypto,Stacked,Stacked Labs telegram is a community-favorite place for quick market insights and news.   📚Education 🗞Breaking News  👇Follow for more,False,False,8830,213,2021-12-16,3,bitcoinbravado/1009 bitcoinbravado/1211 bitcoinbravado/899,Crypto,tgdataset,3,public_db/folder_2/file_99_from_ssaAEsharif_to_strategic_news.json
1295614703,stafi_ann,StaFi Protocol Announcements,,False,False,1959,322,2022-07-29,17,bitmax_official_bot bitmaxofficialannouncement/2824 cryptodakuofficial/4618 easyfinetwork equilibrium_eosdt_official irisnetwork kucoin_exchange maticnetwork_announcements/1136 stafi_ann stafi_ann/35 stafi_anno stafi_protocol stafi_reth stafi_testnet stonefortress unilendfinance wrapped_finance,Crypto,tgdataset,3,public_db/folder_2/file_99_from_ssaAEsharif_to_strategic_news.json
1422849342,startups_tg,The Unicorn | Startups & Business,"Startups & Business news media  Buy Ads: @relevant_theory, @TS_Adv or https://telega.io/c/startups_tg",False,False,7981,226,2022-02-23,6,joinchat/fkh3vukwpujhngq1 joinchat/s0bibi7wsrdmy2ni nft_metaverses nft_redlist nytimes writer,Crypto,tgdataset,3,public_db/folder_2/file_99_from_ssaAEsharif_to_strategic_news.json
1681036891,stellarchannel,Stellar Family Channel,"#StellarFamily Community. Official Channel for everything #Stellar $XLM Blockchain, @StellarChannel. Join the telegram group @StellarFamilyOrg",False,False,496,625,2022-06-18,5,stellarchannel stellartokens/558 stellartokensbot thecybertechnology xbetofficialchat,Crypto,tgdataset,3,public_db/folder_2/file_99_from_ssaAEsharif_to_strategic_news.json
1536166798,stellarguard,Stellar Guard,,False,False,186,13,2022-06-16,0,,Crypto,tgdataset,3,public_db/folder_2/file_99_from_ssaAEsharif_to_strategic_news.json
1576552697,stellarlistorg,Stellarlist,STELLARLIST aims to be a platform which will provide access to financial services to each individual  all over the world.,False,False,2870,56,2022-07-05,4,andraqliftpromo stellarlistchat stellarlistorg tsukiairdrop_bot,Crypto,tgdataset,3,public_db/folder_2/file_99_from_ssaAEsharif_to_strategic_news.json
1386748647,StellarMartEco,StellarMart,Token Market On Stellar BlockChain . Follow us To buy the latest token at the best price & get highest profit 👉 https://t.me/StellarMartEco,False,False,4979,233,2022-07-31,14,elonpremium elonstellar elonstellar/35 elonstellar/5 elonstellar/56 elonstellar/9 quantumstellarinitiative stellar5x stellar5x/12 stellarmarteco stellarmarteco/216 stellarmarteco/261 vote whiplash347,Crypto,tgdataset,3,public_db/folder_2/file_99_from_ssaAEsharif_to_strategic_news.json
1166549222,real_factors,Crypto | BTC | NFT,@victor1213  @chedero  ads: https://telega.io/c/real_factors,False,False,16646,72,2022-07-28,1,pleasurepb,Crypto,tgdataset,3,public_db/folder_2/file_87_from_RealSex_to_retro.json
1204723974,reddit_wallstreetbets,WSB,Mirror of /r/wallsteetbets  More channels at @reddit_mirrors,False,False,21,3264,2022-07-31,0,,Crypto,tgdataset,3,public_db/folder_2/file_87_from_RealSex_to_retro.json
1303782697,rektplebs,Rekt Plebs,"We're collecting messages of rekt plebs  @shitplebssay Listed in @nopleb Listed in cryptogroups.com Official sticker pack https://t.me/addstickers/RektPlebs Supported by @whaleclub, @thecoinfarm, @nopleb @fivemem  Submit rekt plebs at @rektplebssubmission",False,False,10627,8648,2022-07-29,33,bondly booncoin bzrxtraders caerustoken_official cryptovigilantenews/352 deepbrainchain electrifyasiamarket/23170 exposingsparkster flowprotocol/49448 fundingsecuredmusk hbarhcommunityprice/9890 insolarcommunity/1519 joinchat/nfcfqen7ndudgfu4pu4qbw leonfundvictims linfinityen odysseyofficial/940430 odysseyofficial/940439 odysseyofficial/940441 owntradingunofficial/150816 owntradingunofficial/150900 owntradingunofficial/150922 owntradingunofficial/150992 pancakeswap rektplebssubmission/148425 rektplebssubmission/151395 rektplebssubmission/174925 rtnews screamdao shitplebssay tehmoonwalkers/375523 tezosplatform/264470 uchainecosystem/158957 watcherguru/1645,Crypto,tgdataset,3,public_db/folder_2/file_87_from_RealSex_to_retro.json
1134643239,requestnetwork,Request,The official Request Announcement Channel  Join and discuss with the community in the official Request telegram chat here: https://t.me/REQ_Official,False,False,3430,287,2022-07-06,3,global_499block_community req_official requestnetwork,Crypto,tgdataset,3,public_db/folder_2/file_87_from_RealSex_to_retro.json
1265278634,palmcrypto,,The only subcription you need,False,False,456,38,2019-11-21,0,,Crypto,tgdataset,3,public_db/folder_2/file_77_from_oursubvertedhistory_to_partyofnone.json
1409128260,PANDA_FINANCE_ANNOUCEMENT,PANDA_FINANCE_ANNOUCEMENT,👉Carding 👉Hacking 👉Cracking 👉Account Seller 👉Money Doubling 👉Account Giveaways,False,False,130,1,2021-08-24,0,,Crypto,tgdataset,3,public_db/folder_2/file_77_from_oursubvertedhistory_to_partyofnone.json
1225126001,Paradigm_Fund,Paradigm Daily,𝐈𝐧 𝐜𝐡𝐚𝐨𝐬 𝐥𝐢𝐞𝐬 𝐭𝐡𝐞 𝐭𝐫𝐮𝐭𝐡  🔘 Website: paradigmfund.io 🔘 Medium: https://medium.com/paradigm-fund 🔘 Twitter: https://twitter.com/paradigm_fund 🔘 Reddit: https://www.reddit.com/r/paradigm_fund/ 🔘 Chat: https://t.me/+TvuG8bz95i8qSxr0,False,False,1650,1837,2022-07-31,4,humanode humanodes joinchat/f2iy9e77hvgumpo9kksa9a paradigm_hub,Crypto,tgdataset,3,public_db/folder_2/file_77_from_oursubvertedhistory_to_partyofnone.json
1225076209,Paretoscam,Pareto SCAM plebs🚨,📣The official Pareto Network Scam and red flags sharing channel  ✔DONT buy anything from these people  ✔If you have any concerns Please pm @Stevoxxc  ✔Share the channel and let's collaborate to warn investors about this scam,False,False,58,231,2019-10-22,3,joinchat/heoz-0yis8vhae2t7ry-aq mricochannel/346 paretonetworkcommunity,Crypto,tgdataset,3,public_db/folder_2/file_77_from_oursubvertedhistory_to_partyofnone.json
1306337435,salvanik,Telegram promot,www.addtelegrammember.com,False,False,8,74,2022-07-29,15,+rkf4szcs6um2ixhf binanceinvestorg bitcashpa bricatoken coinsloan crypto_nft_marketplace_bot crypto_pump_new fxsupport11 neeo_official officialipverse salva_support satocoinchat satocoinofficial trxcpumining tulochain,Crypto,tgdataset,3,public_db/folder_2/file_91_from_sad_pikchi_to_sarovru.json
1265885692,SamSmithLeaks,,Sam Smith Leaks is a dedicated crypto Intelligence program to bypass the corruption in crypto.  Chat @SamSmithGang,False,False,32,167,2020-12-22,1,joinchat/rh_ygxdr-u1r_ujmil7wva,Crypto,tgdataset,3,public_db/folder_2/file_91_from_sad_pikchi_to_sarovru.json
1392782752,samsmithmovement,,The Sam Smith Movement was created to expose racism and scammers in the crypto community. Message me @SAMSMITHREAL,False,False,120,907,2020-07-01,0,,Crypto,tgdataset,3,public_db/folder_2/file_91_from_sad_pikchi_to_sarovru.json
1312753931,SamSmithTruth,Sam Smith Truth,"⚠️ Warning: Many users reported this account as a scam or a fake account. Please be careful, especially if it asks you for money.",True,False,49,128,2020-01-22,0,,Crypto,tgdataset,3,public_db/folder_2/file_91_from_sad_pikchi_to_sarovru.json
1626872786,QSINEWSCA,✨NorCal QSI NEWS✨,🌞Welcome to QSI California News! We are the Official News and Resources channel to support the California 💫 Stellar Quorum Ecosystem.  Disclaimer: Not Financial Advice. For Educational Purposes.,False,False,156,6979,2022-07-31,549,+0astl3-5qwy2yjkx +3pymyviljei4mji8 +5_bzzx9zahk0odq8 +jam6q5ueqpc3yzfk +nt4yu9xvwezmytu9 +oipgsoes28dmogq0 actiontokens afreum amc4all aqua_token aquarius_faqs aquarius_faqs/22 aquarius_faqs/23 aquarius_faqs/24 aquarius_faqs/25 aquarius_faqs/26 aquarius_faqs/27 aquarius_faqs/28 aquarius_faqs/29 aquarius_faqs/30 aquarius_home astrostellar astrowallet astrowalletx auraxchan authenticpayment awakened_144000 bandcoin bfirestellar bitdogetoken brainlaboratory brave_india bravecorporarion bravecorporation bravegermany braveitaly bravespain c/1277235544 c/1579629338 canaryx_airdrop_bot cannabis_token chemitokens citystatesdao citystatesm clicyourworld codezvii coinbycoin_lifedecoded/140 cryptosignalsmust danon1776/10993 danon1776/8200 decentralandtg digitalassetslatestnews/412 digitalfinancecoin digitalfinancecoins disclosetv/8525 dogetokenofficial drue86/15083 drue86/5633 ecotekchain ecoterritory electionwizard/1143 elonstellar elonstellar/117 elonstellar/35 elonstellar/5 elonstellar/59 elonstellar/9 emergencytoken everlife_ai exemus familyman20181/8498 fchain_io finxnetwork fredenergycommunity freethewillpatriots/56707 freethewillpatriots/59866 freethewillpatriots/60102 genuinestellarresearch/1144 genuinestellarresearch/458 georgenews gqxcapital gqxcapital/105 gqxcapital/1390 gqxcapital/2005 gqxcapital/248 gqxcapital/2628 gqxcapital/2734 gqxcapital/3276 gqxcapital/332 gqxcapital/3406 gqxcapital/543 gqxcapital/572 gqxcapital/646 gqxcapital/656 gqxcapital/658 gqxcapital/702 gqxcapital/744 gqxcapital/745 gqxcapital/755 gqxcapital/760 gqxcapital/761 gqxcapital/769 gqxcapital/770 gqxcapital/771 gqxcapital/969 gqxcapitalchat grandle_official gratitudetoken greatawakeningworld hitechtrade intelslava its_on_the_ledger its_on_the_ledger/51 its_on_the_ledger/59 its_on_the_ledger/60 its_on_the_ledger/61 its_on_the_ledger/62 its_on_the_ledger/63 its_on_the_ledger/64 its_on_the_ledger/66 its_on_the_ledger/67 its_on_the_ledger/68 its_on_the_ledger/69 its_on_the_ledger/73 its_on_the_ledger/74 its_on_the_ledger/75 its_on_the_ledger/76 its_on_the_ledger/77 johnmcafeechannel joinchat/pstv1zikwntkyzm8 kabbalahcommunity kabbalahcommunity/198 kabbalahcommunity/34 kabbalahcommunity/35 kabbalahcommunity/46 kagbabe/8484 keanureeves_channel kryptokompassde kthouse_official lauraabolichannel leapofconsciousness leapofconsciousness/389 leapofconsciousnesschat letsgobrandoncoin libertyoverwatchchannel/6035 libertyoverwatchchannel/6416 livebroadcastwithdonald lobstrqrcodescommoditied lobstrqrcodesswisscustody love17andyahweh lumenstorechannel lumenswap_africa lumenswapannouncement lumenswapcommunity mainegir marketingforgod medbedstechnology/189 medbedstechnology/204 mera_one metalinvestors mexcenglish millionnftsgroup missrose2_bot mobius_network oceantokensofficial payrue_global preppercollective/8894 preppercollective/8895 preppercollective/8896 preppercollective/8897 preppercollective/8898 preppercollective/8899 preppercollective/8900 preppercollective/8901 preppercollective/8902 preppercollective/8903 preppercollective/8904 preppercollective/8905 preppercollective/8906 preppercollective/8907 preppercollective/8908 preppercollective/8909 preppercollective/8910 preppercollective/8911 preppercollective/8912 preppercollective/8913 preppercollective/8914 preppercollective/8915 preppercollective/8916 preppercollective/8917 preppercollective/8918 preppercollective/8919 preppercollective/8920 preppercollective/8921 preppercollective/8922 preppercollective/8923 preppercollective/8924 preppercollective/8925 preppercollective/8926 preppercollective/8927 preppercollective/8928 preppercollective/8929 preppercollective/8930 preppercollective/8931 preppercollective/8932 preppercollective/8933 preppercollective/8934 preppercollective/8935 preppercollective/8936 preppercollective/8937 preppercollective/8938 preppercollective/8939 purestellar purestellarchat qnewsofficialtv qsicachat qthestormrider777/9229 qtimenetwork quantum_marketing_chat quantumdollar quantumlovechannel quantumstellar quantumstellarinitiative quantumstellarinitiative/10095 quantumstellarinitiative/10186 quantumstellarinitiative/10302 quantumstellarinitiative/10311 quantumstellarinitiative/10347 quantumstellarinitiative/10361 quantumstellarinitiative/10363 quantumstellarinitiative/10403 quantumstellarinitiative/10409 quantumstellarinitiative/10455 quantumstellarinitiative/10456 quantumstellarinitiative/10497 quantumstellarinitiative/10582 quantumstellarinitiative/10593 quantumstellarinitiative/10624 quantumstellarinitiative/10699 quantumstellarinitiative/10700 quantumstellarinitiative/10702 quantumstellarinitiative/10723 quantumstellarinitiative/10726 quantumstellarinitiative/10734 quantumstellarinitiative/10735 quantumstellarinitiative/10741 quantumstellarinitiative/10751 quantumstellarinitiative/10756 quantumstellarinitiative/10810 quantumstellarinitiative/10884 quantumstellarinitiative/10926 quantumstellarinitiative/10927 quantumstellarinitiative/10977 quantumstellarinitiative/10978 quantumstellarinitiative/11006 quantumstellarinitiative/11025 quantumstellarinitiative/11027 quantumstellarinitiative/11028 quantumstellarinitiative/11029 quantumstellarinitiative/11030 quantumstellarinitiative/11031 quantumstellarinitiative/11032 quantumstellarinitiative/11033 quantumstellarinitiative/11034 quantumstellarinitiative/11040 quantumstellarinitiative/11082 quantumstellarinitiative/11083 quantumstellarinitiative/11087 quantumstellarinitiative/11096 quantumstellarinitiative/11097 quantumstellarinitiative/11102 quantumstellarinitiative/11106 quantumstellarinitiative/11110 quantumstellarinitiative/11120 quantumstellarinitiative/11123 quantumstellarinitiative/11128 quantumstellarinitiative/11138 quantumstellarinitiative/11143 quantumstellarinitiative/11145 quantumstellarinitiative/11146 quantumstellarinitiative/11155 quantumstellarinitiative/11163 quantumstellarinitiative/11175 quantumstellarinitiative/11209 quantumstellarinitiative/11225 quantumstellarinitiative/11239 quantumstellarinitiative/11244 quantumstellarinitiative/11255 quantumstellarinitiative/11260 quantumstellarinitiative/11273 quantumstellarinitiative/11275 quantumstellarinitiative/11276 quantumstellarinitiative/11278 quantumstellarinitiative/11279 quantumstellarinitiative/113 quantumstellarinitiative/11310 quantumstellarinitiative/11311 quantumstellarinitiative/11312 quantumstellarinitiative/11314 quantumstellarinitiative/11328 quantumstellarinitiative/11333 quantumstellarinitiative/11344 quantumstellarinitiative/11370 quantumstellarinitiative/11396 quantumstellarinitiative/11412 quantumstellarinitiative/11427 quantumstellarinitiative/11432 quantumstellarinitiative/11433 quantumstellarinitiative/11434 quantumstellarinitiative/11435 quantumstellarinitiative/11436 quantumstellarinitiative/11437 quantumstellarinitiative/11461 quantumstellarinitiative/11515 quantumstellarinitiative/11536 quantumstellarinitiative/11585 quantumstellarinitiative/11625 quantumstellarinitiative/11642 quantumstellarinitiative/11646 quantumstellarinitiative/11685 quantumstellarinitiative/11704 quantumstellarinitiative/11776 quantumstellarinitiative/11831 quantumstellarinitiative/11838 quantumstellarinitiative/11839 quantumstellarinitiative/11847 quantumstellarinitiative/11883 quantumstellarinitiative/11884 quantumstellarinitiative/11885 quantumstellarinitiative/11888 quantumstellarinitiative/11889 quantumstellarinitiative/11890 quantumstellarinitiative/11891 quantumstellarinitiative/11892 quantumstellarinitiative/11895 quantumstellarinitiative/11914 quantumstellarinitiative/11937 quantumstellarinitiative/11947 quantumstellarinitiative/11957 quantumstellarinitiative/11981 quantumstellarinitiative/12087 quantumstellarinitiative/12114 quantumstellarinitiative/12120 quantumstellarinitiative/12122 quantumstellarinitiative/12153 quantumstellarinitiative/12183 quantumstellarinitiative/12207 quantumstellarinitiative/12209 quantumstellarinitiative/12213 quantumstellarinitiative/12242 quantumstellarinitiative/12249 quantumstellarinitiative/12272 quantumstellarinitiative/12276 quantumstellarinitiative/12294 quantumstellarinitiative/12343 quantumstellarinitiative/12350 quantumstellarinitiative/12379 quantumstellarinitiative/12409 quantumstellarinitiative/12521 quantumstellarinitiative/12614 quantumstellarinitiative/12631 quantumstellarinitiative/1418 quantumstellarinitiative/1449 quantumstellarinitiative/1481 quantumstellarinitiative/1590 quantumstellarinitiative/1977 quantumstellarinitiative/3302 quantumstellarinitiative/3532 quantumstellarinitiative/3725 quantumstellarinitiative/3727 quantumstellarinitiative/3728 quantumstellarinitiative/3732 quantumstellarinitiative/3753 quantumstellarinitiative/3805 quantumstellarinitiative/4429 quantumstellarinitiative/4444 quantumstellarinitiative/4495 quantumstellarinitiative/4571 quantumstellarinitiative/4589 quantumstellarinitiative/4592 quantumstellarinitiative/4628 quantumstellarinitiative/4703 quantumstellarinitiative/4816 quantumstellarinitiative/4832 quantumstellarinitiative/5088 quantumstellarinitiative/5193 quantumstellarinitiative/5195 quantumstellarinitiative/5220 quantumstellarinitiative/5250 quantumstellarinitiative/5315 quantumstellarinitiative/5346 quantumstellarinitiative/5364 quantumstellarinitiative/5432 quantumstellarinitiative/5438 quantumstellarinitiative/5439 quantumstellarinitiative/5523 quantumstellarinitiative/5546 quantumstellarinitiative/5563 quantumstellarinitiative/5577 quantumstellarinitiative/5641 quantumstellarinitiative/5654 quantumstellarinitiative/5669 quantumstellarinitiative/5670 quantumstellarinitiative/5738 quantumstellarinitiative/5782 quantumstellarinitiative/5787 quantumstellarinitiative/5799 quantumstellarinitiative/5830 quantumstellarinitiative/5899 quantumstellarinitiative/5924 quantumstellarinitiative/6011 quantumstellarinitiative/6085 quantumstellarinitiative/6117 quantumstellarinitiative/6165 quantumstellarinitiative/6211 quantumstellarinitiative/6235 quantumstellarinitiative/6326 quantumstellarinitiative/6367 quantumstellarinitiative/6369 quantumstellarinitiative/6371 quantumstellarinitiative/6983 quantumstellarinitiative/7002 quantumstellarinitiative/7033 quantumstellarinitiative/7273 quantumstellarinitiative/7296 quantumstellarinitiative/7404 quantumstellarinitiative/7679 quantumstellarinitiative/7751 quantumstellarinitiative/8134 quantumstellarinitiative/8136 quantumstellarinitiative/8139 quantumstellarinitiative/8525 quantumstellarinitiative/8526 quantumstellarinitiative/8607 quantumstellarinitiative/8684 quantumstellarinitiative/8722 quantumstellarinitiative/8778 quantumstellarinitiative/8837 quantumstellarinitiative/9010 quantumstellarinitiative/9078 quantumstellarinitiative/9097 quantumstellarinitiative/9117 quantumstellarinitiative/9120 quantumstellarinitiative/9331 quantumstellarinitiative/9526 quantumstellarinitiative/9751 quantumstellarinitiative/9928 quantumstellarinitiative/9944 quantumstellarinitiativechat quantumstellarinitiativechat/287039 quantumstellarinitiativechat/372836 quantumstellarinitiativechat/380002 quantumstellarinitiativechat/399712 quantumstellarinitiativechat/399768 quantumstellarinitiativechat/420108 realio_fund realio_fund/10223 realkarlibonne/51097 realuniversalnews riseupradio risevolution rockynews scopuly smartlandschat spicytkn spiritualclub stddiamond stellar5x stellar5x/12 stellar_tokens stellarart_nft stellarbeertokenchat stellarcaketech stellardoge stellarity stellarlandnet stellarleadofficial stellarlistorg stellarman_wins_token_group_chat stellarmarteco stellarmarteco/261 stellarmarteco/338 stellarnetworkvipchat stellarpayglobal stellarproorg stellarqcachat stellarqcal stellarquantumgroupofficial stellarrussia/88 stellarskull_wins_chat stellarsmiles stellarsmileschannel/23 stellarspacestoreorg stellartokens stellartokens/558 stellartokensbot strongholdxchg technoxinfo telegramtips/233 thecybertechnology thefarsight_official theofficialsantino tokensfound tokensfound/135 truthseekerschatgroup unitynewsnetwork/8866 whiplash347 whiplash347/111834 whiplash347/120938 whiplash347/125201 whiplash347/127867 whiplash347/131666 whiplash347/134414 whiplash347/134630 whiplash347/134906 whiplash347/137092 whiplash347/137115 whiplash347/137412 whiplash347/137666 whiplash347/137671 whiplash347/137710 whiplash347/139875 whiplash347/140085 whiplash347/15335 whiplash347/23754 whiplash347/32281 whiplash347/32283 whiplash347/32806 whiplash347/34112 whiplash347/34263 whiplash347/52656 whiplash347/53355 whiplash347/76267 whiplash347/79599 whiplash347/84490 whiplash347/84528 whiplash347/85092 whiplash347/85161 whiplash347/86677 whiplash347/86714 whiplash347/88955 xlmctoken xrdoge xrplairdrop xrpnesaragesaraqfs3 xxaofficial zenloungexrp zodiactokenschat zodiactokensofficial,Crypto,tgdataset,3,public_db/folder_2/file_84_from_publichozehonari_to_qthestormrider777.json
1222201037,StreetTraderFx,StreetTraderFx,Trade at your own risk. I am not a financial advisor.  Admin: @STFXinfo YouTube: https://YouTube.com/StreetTraderFx,False,False,2507,3510,2022-07-31,20,aiyocfx akfxfree at_journal dontshowmeyourindicators joinchat/aaaaae-4kr_91vdtnvwyra joinchat/aaaaafekncevdjwc__epxw joinchat/d_tpoozc-uszzmi0 joinchat/tli-hpayke8zyzc0 joinchat/ultbfjsmyhlblf12 joinchat/ultbfukavr8dcoj3 lotustradejournal refinedfx samsonfxjournal stfxmind streettraderfx streettraderfx/1483 streettraderfx/1775 streettraderfx/1796 streettradescrypto1 tradingviewproaccounts5usd,Crypto,tgdataset,3,public_db/folder_2/file_100_from_strategieduchoc_to_svinfin.json
1452318089,suppoinuofficial,HARPALPUR TOKEN OFFICIAL,,False,False,2098,7,2022-03-04,1,suppoinu,Crypto,tgdataset,3,public_db/folder_2/file_100_from_strategieduchoc_to_svinfin.json
1293248617,SuppoScam,,"Lets Shutdown ALL These Scammers on Youtube!  Viral Dislikes.  SMASH DOWN THE LIKES! 👎  New Suppo Vids posted daily, lets get to work. Power to the people, lets take away his Ad Revenue & END his ILLEGAL Pump & Dumps. Spread THE Word & Invite ALL.",False,False,51,543,2021-02-14,12,bilaxy_announcements/417 cryptovigilante exposingsparkster joinchat/aaaaae0vagk-xrrzt2wv0g sparksternews/306 sparksternews/309 supposcam supposcam/146 supposcam/170 supposcam/178 supposcam/61 supposcam/749,Crypto,tgdataset,3,public_db/folder_2/file_100_from_strategieduchoc_to_svinfin.json
1453010214,sure_means_sure,✌️ SMS Trading Levels✌️,✅ India's One Of The Best Channel For Stock Market Services .  ✅ Join This Channel To Start Your Journey & To Be Part of 5% Traders Who Always Make Money in Stock Markets.  ➡️  We Do Not Provide Paid Services,False,False,303703,3759,2022-02-06,1,sure_means_sure,Crypto,tgdataset,3,public_db/folder_2/file_100_from_strategieduchoc_to_svinfin.json
1369390268,Premium4U,TRUSTED BETTING,🕳Professional  Sports Betting 🕳  AAP KA APNA BHAI...... TRUSTED REPORT.....KAMAO.....IPL  For info/Cross : @Jukeboxex,False,False,328,7,2018-07-25,1,cryptodiamond,Crypto,tgdataset,3,public_db/folder_2/file_82_from_po_suti_to_projectdimar.json
1258168906,presearchnews,Presearch News,The Official Presearch Telegram Channel,False,False,11825,473,2022-07-29,6,coinmarketcap_listings joinchat/brbs51k5cworbktsgmb6ew kucoin_exchange presearch presearchnews presearchnodes,Crypto,tgdataset,3,public_db/folder_2/file_82_from_po_suti_to_projectdimar.json
1105038908,primalbase,,Distributed Workspace for Tech Community - https://primalbase.com/,False,False,120,226,2019-10-17,1,joinchat/aaaaaa3thv6kjkhafwusyw,Crypto,tgdataset,3,public_db/folder_2/file_82_from_po_suti_to_projectdimar.json
1159030276,prizmrates,Курсы Prizm на биржах (ежеминутные),Данный канал создан для аудитории пользователей криптовалюты Prizm для мониторинга курса монеты на биржах.  Мониторинг курса BTC на бирже Binance - @BitcoinBinanceRates,False,False,2507,10000,2022-02-18,0,,Crypto,tgdataset,3,public_db/folder_2/file_82_from_po_suti_to_projectdimar.json
1142667341,ProAnalysisTrader,Pro Analysis,"Contact us @markhenry01  We ProAnalysis, we aim to provide a conducive learning environment so you can learn and make profit .Not financial Advise .We are not responsible for any of your bad trades.",False,False,22229,8030,2022-07-30,10,binance_announcements/549 ico_analytic/708 joinchat/aaaaaeqbue3ljxrobt6pgq leadingcryptotraders leadingcryptotraders/1576 proanalysisreferral_bot proanalysistrader quarkchainio signalexpertbackup stellarforcechat,Crypto,tgdataset,3,public_db/folder_2/file_82_from_po_suti_to_projectdimar.json
1232391246,PROCALLS,,Diamond Calls/Giveaways for the Pro Calls Community  Thanks for visiting PRO CALLS  For business and sponsorship contact: @jeckbaross  Follow My Calls/Giveaways and get rich! 100 Usd to 400k in 10W !  ONLY SAFE PLAYS/GIVEAWAYS,False,False,4335,1,2022-01-15,1,senseishib,Crypto,tgdataset,3,public_db/folder_2/file_82_from_po_suti_to_projectdimar.json
1395008450,projectdefi2021,,,False,False,6,6,2021-02-16,0,,Crypto,tgdataset,3,public_db/folder_2/file_82_from_po_suti_to_projectdimar.json
