username,status,kind,title,subscribers,members,last_post,posts_7d,posts_30d,tme_links,description,http,checked_at
bitcoin_industry,alive,channel,Bitcoin Industry,434000,,2026-09-27T13:58:48+00:00,1,7,miaMybtc,☄️   Publishing news from the crypto industry faster than anyone else   ☄️   Promotion offers:  @miaMybtc,200,2026-09-30T17:28:00+00:00
Bitcoin_NewsTG,alive,channel_no_preview,.,10562,,,,,,,200,2026-09-30T17:28:02+00:00
CryptoWorldICOs,alive,channel,Crypto World ICOs,27,,2026-09-06T14:41:04+00:00,0,1,,,200,2026-09-30T17:28:05+00:00
CoinList_Trade,empty_page,,,,,,,,,"If you have  Telegram , you can contact  @CoinList_Trade  right away.",200,2026-09-30T17:28:07+00:00
Crypto_Publisher,alive,channel,Crypto Publisher,63,,2026-09-06T14:36:56+00:00,0,1,,,200,2026-09-30T17:28:09+00:00
CryptoNewsSource,alive,channel_no_preview,.,8598,,,,,,,200,2026-09-30T17:28:11+00:00
Bitcoin_Ethereum_Trading,alive,channel,Bitcoin_Ethereum_Trading,20,,2026-02-24T12:41:06+00:00,0,0,,Bitcoin_Ethereum_Trading,200,2026-09-30T17:28:14+00:00
Whalesguide,alive,channel,Whales Crypto Guide,198000,,2026-09-29T19:29:01+00:00,10,20,Whalescrypto Whalescryptos,This channel aims to provide the most profitable signals about crypto  Join  @Whalescryptos  chat group   twitter.com/Whalesofcrypto   Do trading and investment at your own risk DYOR We are not responsible for any further loss  DM for VIP group   @Whalescrypto,200,2026-09-30T17:28:16+00:00
Crypto_Bitcoin_Blockchain,alive,channel,Crypto | Bitcoin | Blockchain,32,,2026-09-06T14:41:51+00:00,0,1,,,200,2026-09-30T17:28:18+00:00
CryptoWorldNews,alive,channel,CryptoWorldNews,42300,,2026-09-30T17:18:52+00:00,14,14,CryptoWorldNews FinancialWorldUpdates LukaGrantTG,"Your ultimate source for the latest crypto news, market analysis, and in-depth insights. Stay ahead in the crypto game – all for free!   🔍    💡     @CryptoWorldNews   @FinancialWorldUpdates  Contact:  @LukaGrantTG   Buy ads:  https://telega.io/c/CryptoWorldNews",200,2026-09-30T17:28:21+00:00
TradeCryptoNow,alive,channel,TradeCryptoNow,94,,2025-01-21T07:36:06+00:00,0,0,,The username is for Sale,200,2026-09-30T17:28:23+00:00
CryptoWorldAnalysis,alive,channel,Crypto World Analysis,19,,2026-09-06T14:42:26+00:00,0,1,,,200,2026-09-30T17:28:25+00:00
Bitcoin_Magazine,alive,channel,Bitcoin Magazine,14400,,2026-09-30T11:37:59+00:00,20,20,Mark_CryptoNews,Contact:  @Mark_CryptoNews,200,2026-09-30T17:28:27+00:00
Bitcoin_Crypto_Coin_Calendar,alive,channel_no_preview,.,9222,,,,,,,200,2026-09-30T17:28:30+00:00
CryptoCoinsCoach,alive,channel,Coach,23100,,2026-09-23T12:38:16+00:00,0,16,verify_coach,CRYPTO COIN NEWS TRADING ALPHA & PORTFOLIO RESEARCH    ✅   Pvt Memberships: [Non-Refundable]  DM   ➡️    @verify_coach    Educational Content - Not A Financial Advice! DYOR  BITCOIN TRUMP WLFI BYBIT ETHEREUM AI SOLANA DOGE XRP ADA TRADE CHARTS INF,200,2026-09-30T17:28:32+00:00
CryptoMarketTime,alive,channel_no_preview,.,9110,,,,,,,200,2026-09-30T17:28:35+00:00
CryptoMarketUpdates,alive,group,Crypto Market Updates💯,,38,,,,,Best Community for Crypto Market Updates and Crypto Analysis✅️,200,2026-09-30T17:28:37+00:00
the_hedger,alive,channel,Crypto Hedger,140,,2022-01-11T08:03:44+00:00,0,0,,,200,2026-09-30T17:28:39+00:00
toncoin,alive,channel,Gram of TON,6590000,,2026-07-21T14:41:46+00:00,0,0,,"GRAM is the native token of TON — The Open Network — an ultrafast, scalable blockchain integrated with Telegram.",200,2026-09-30T17:28:42+00:00
thebull_crypto,alive,channel,The Bull,175000,,2026-09-30T12:14:16+00:00,19,19,TBE_SUPPORTER thebullowner,None of my posts are financial advice. Its my observation and opinion. Do your own research.  Business:  @thebullowner   Exclusive Group:  @TBE_SUPPORTER   Tweets:  x.com/thebull_crypto   Channel link:  https://t.me/+X0yIZqu2BQxlZTBl,200,2026-09-30T17:28:44+00:00
unfolded,alive,channel,unfolded.,117000,,2026-09-30T15:56:15+00:00,20,20,nakamotocat unfolded_defi,Hand-curated crypto market insights  DeFi:  @unfolded_defi  | X:  x.com/cryptounfolded  | DM  @nakamotocat,200,2026-09-30T17:28:46+00:00
cointiger_announcements,alive,channel,COINTIGER CRYPTO,10,,2026-07-24T19:26:02+00:00,0,0,Armstrong_Crypto,Our vip premium group service  We send 7 to 12 accurate signals with charts technical analysis information daily and the accurate signals chance is 85% to 95% SUCCESS ACCURACY. +1000 to +2000 pips weekly. +4000 to +6000 pips month.  @Armstrong_Crypto,200,2026-09-30T17:28:49+00:00
Kucoin_News,alive,channel,KuCoin Announcement,87800,,2026-09-30T14:51:29+00:00,20,20,,"Leading global crypto platform built on trust | 40M+ users worldwide  Material on this page is directed only at persons outside of the UK, and must not be acted upon by persons in the UK.",200,2026-09-30T17:28:51+00:00
cryptodakuofficial,alive,channel,Crypto Daku,49700,,2026-06-02T12:49:22+00:00,0,0,cryptodakuofficial cryptodakurobinhooders,For discussing everything about crypto. Cryptodaku is primary news channel to know latest happening in crypto. always DYOR. and plan your entry and exit  https://t.me/cryptodakuofficial   https://t.me/cryptodakurobinhooders   https://twitter.com/CryptoDaku_,200,2026-09-30T17:28:53+00:00
BitcoinBreaking,alive,channel,Bitcoin Breaking,2,,2026-01-13T10:53:02+00:00,0,0,,,200,2026-09-30T17:28:56+00:00
InvestmentTradingUpdates,alive,channel,InvestmentTradingUpdates,1850,,2024-10-25T10:08:06+00:00,0,0,Andrew_ape,EXPERIENCED CRYPTO Investors   🔥    🚀    PIN OUR CHANNEL ON TOP SO YOU DON'T MISS ANY UPDATE.   🤞    🚀    😎    PAID PROMOTION  @Andrew_ape,200,2026-09-30T17:28:58+00:00
ico_analytic,alive,channel,ICO Analytics (StandWithUkraine   🇺🇦  ),56800,,2026-09-28T09:30:58+00:00,3,10,ICO_Analytics_EN ICO_Analytics_UA ILLIA_K,We are focused on new coins: news and analysis.   https://icoanalytics.org   https://twitter.com/ICO_Analytics    https://www.facebook.com/ICOAnalytics/     🇬🇧  Chat:  https://t.me/ICO_Analytics_EN     🇺🇦   Chat:  https://t.me/ICO_Analytics_UA   Admin:  @ILLIA_K,200,2026-09-30T17:29:00+00:00
signals_binance_trading,alive,channel,Binance Trading Signals,20700,,2025-06-21T05:45:16+00:00,0,0,CrypticTradingBot,"#binance    We are a team experienced in trading that provides high accuracy signals for major exchanges, mainly Binance. We also provide crypto news and TA of coins!  #DYOR  Not Financial Advice    🤖   Promotion / VIP:  @CrypticTradingBot",200,2026-09-30T17:29:03+00:00
icodrops,alive,channel,ICO Drops - ICO News & Alerts,42600,,2026-09-10T13:30:55+00:00,0,1,icodrops_support,https://icodrops.com/  - Simple and beautiful ICO Calendar with independent ratings & analytics. With us it's impossible to miss the next great  #ICO .   🚀    Contacts:  @icodrops_support  (for any questions),200,2026-09-30T17:29:05+00:00
coindar,alive,channel,Coindar,11100,,2026-09-30T12:36:36+00:00,20,20,linkforkbot,Official  Coindar.org  Channel    🔗   Contacts & Ecosystem:  https://t.me/linkforkbot/link?startapp=coindar     🏷   Fee Discounts:  https://t.me/linkforkbot/link?startapp=discounts,200,2026-09-30T17:29:07+00:00
MinterTeam,alive,channel,Minter Network,7630,,2025-05-15T14:16:17+00:00,0,0,,Minter is an ultra-fast and robust cross-chain DEX with in-core AMM and order book powered by its own Layer-1 Blockchain.    https://www.minter.network/bip,200,2026-09-30T17:29:10+00:00
ElrondNetworkAnn,alive,channel,ElrondNetwork - Announcements,11,,2023-01-11T13:49:19+00:00,0,0,,,200,2026-09-30T17:29:12+00:00
daomaker_ann,alive,channel,DAO Maker News,14800,,2026-09-24T10:28:30+00:00,1,2,daomaker,"DAO Maker's Announcement Channel will offer important updates on the DAO Pad and the projects that utilize it, as-well-as regular notifications on interesting industry events.  Join Chat:  https://t.me/daomaker",200,2026-09-30T17:29:14+00:00
top7ico,alive,channel_no_preview,"Top 7 | Tech, AI & Crypto Analytics",24242,,,,,top7dan,"Daily analytics, news and insights on what's shaping big tech, AI & crypto. Follow for your daily Tech On Point  Proudly rooted in Ukraine 🇺🇦  Contact:  @top7dan  X: x.com/top7ico",200,2026-09-30T17:29:17+00:00
wavesnews,alive,channel,Waves   🌊,1030000,,2026-09-28T11:02:01+00:00,2,19,,"The L1 for real builders: Fast. DAO-powered. Made for dApps, DeFi & RWA  Making Waves in Web3 since 2016   🌊    Website:  https://waves.tech/",200,2026-09-30T17:29:19+00:00
crypto_news,alive,channel,Crypto News - Fast Market Moving  ⚡️,26100,,2026-09-29T20:18:57+00:00,20,20,rainbetcom,Latest crypto market insights and news   🚨     Rainbet.com  #1 non-kyc crypto casino & sportsbook  @rainbetcom,200,2026-09-30T17:29:22+00:00
PolygonAnnouncements,alive,channel,Polygon Official Announcements,13900,,2018-06-04T21:32:16+00:00,0,0,polygonofficial,"Polygon - Ethereum's Internet of blockchains, offers a wide range of secure, fast, affordable and energy-efficient Ethereum scaling solutions for Web 3 developers.  Visit:  https://polygon.technology/   Join our community:   🌏   Global TG:  t.me/polygonofficial",200,2026-09-30T17:29:24+00:00
ZeroSwap_ANN,alive,channel,ZeroSwap Official Announcements   🔁,3540,,2025-01-21T14:53:44+00:00,0,0,,"ZeroSwap is a MultiChain Protocol with Liquidity Mining, DEX Aggregation and DeFi Token Offering. Trade at Zero Fee and with Gasless Transactions.",200,2026-09-30T17:29:26+00:00
excavochannel,alive,channel,EXCAVO CHANNEL,432,,2025-08-29T07:31:35+00:00,0,0,ceoexcavo excavo_chat excavo_forex excavochannel excavofree excavonews,"One of the most popular trader by  Bitcoin.com  2018,2019 Top-1 by  Tradingview.com  122k foll  @excavochannel   @excavo_chat   @excavonews    @excavofree   @excavo_forex   Academy:  https://bit.ly/academyex   Twitter:  https://twitter.com/EXCAVO  Admin  @ceoexcavo",200,2026-09-30T17:29:28+00:00
QuantumStellarInitiative,alive,channel,✨  Quantum Stellar Initiative (QSI)  ✨,31900,,2026-09-30T17:10:24+00:00,19,19,,"QSI is the world's leading community on Stellar education, ecosystem, and adoption. Not a Financial Advisor. Please DYOR  “𝓑𝔂 𝓽𝓱𝓮 𝓟𝓮𝓸𝓹𝓵𝓮, 𝓕𝓸𝓻 𝓽𝓱𝓮 𝓟𝓮𝓸𝓹𝓵𝓮!”  ❤️    Est. 8/27/2021",200,2026-09-30T17:29:31+00:00
patronsofthemoon,alive,channel,patronsofthemoon,14,,2026-09-22T08:35:50+00:00,0,1,,,200,2026-09-30T17:29:33+00:00
Generation_Crypto,alive,channel,Generation Crypto #StandWithUkraine  🇺🇦,5250,,2026-06-26T15:04:58+00:00,0,0,Alex_GCrypto Ben_GCrypto gcryptochat,"Home to All Things Crypto. We cover the crypto world in a simple, but ingenious way.    👉    t.me/gcryptochat    👉    twitter.com/GCryptoBen  Contact:  @Alex_GCrypto   @Ben_GCrypto",200,2026-09-30T17:29:35+00:00
CryptoRankNews,alive,channel,CryptoRank Analytics,665000,,2026-09-30T13:30:30+00:00,20,20,CryptoRankEn CryptoRank_BDtm cryptorank_io_sup cryptorank_ru,The official channel of  CryptoRank.io  platform  Business request:  @CryptoRank_BDtm   Community chat -  @CryptoRankEn   Support -  @cryptorank_io_sup   СНГ чат -  @cryptorank_ru   Twitter  x.com/CryptoRank_io,200,2026-09-30T17:29:38+00:00
cryptoizoffice,alive,channel,Cryptoiz Research  🇲🇨,10600,,2026-09-30T09:56:55+00:00,20,20,agus_artemiss cryptoizindonesia,Grup Diskusi :  @cryptoizindonesia  Web :  cryptoiz.org   Admin :  @agus_artemiss   Hati hati penipuan yang mengatasnamakan admin .   WARNING TIDAK MENERIMA PENITIPAN TRADING,200,2026-09-30T17:29:40+00:00
rektplebs,alive,channel,Rekt Plebs,10900,,2026-09-27T10:38:47+00:00,8,20,addstickers noplebs rektplebssubmission shitplebssay,We're collecting messages of rekt plebs   @shitplebssay  Listed in  @noplebs  Listed in  cryptogroups.com  Official sticker pack  https://t.me/addstickers/RektPlebs    Submit rekt plebs at  @rektplebssubmission,200,2026-09-30T17:29:43+00:00
tehmoonwalkin,alive,channel,tehMoonwalkeR Calls and Bullish News,4160,,2026-09-24T19:53:24+00:00,2,10,tehmoonwalker,longterm crypto investing  @tehmoonwalker,200,2026-09-30T17:29:45+00:00
Toncoin_tc,alive,channel,Toncoin 中文頻道,17800,,2026-04-01T21:12:24+00:00,0,0,,The Open Network（TON） 正在將加密貨幣帶入每個人的口袋。透過在 Telegram 中建立 Web3 生態系統，TON 讓數十億人有機會擁有自己的數位身分、數據和資產。,200,2026-09-30T17:29:47+00:00
chromia_announcements,alive,channel,Chromia Official Announcements,2530,,2026-09-02T13:40:02+00:00,0,1,,The only official channel for Chromia - verifiable on our site  chromia.com  - beware imposter scam channels.,200,2026-09-30T17:29:50+00:00
cotichannel,alive,channel,COTI FOUNDATION CHANNEL,3990,,2026-09-24T19:13:43+00:00,1,20,COTInetwork,Welcome to the COTI Foundation Official Telegram Channel! Here you will find all the news and updates from the COTI team. Got any questions? Chat with us in our official group  https://t.me/COTInetwork,200,2026-09-30T17:29:52+00:00
altcoinwhales,alive,channel,Altcoin Whales,3070,,2026-08-20T00:39:51+00:00,0,0,,"Charts, analyses, calls forecasts & projections       ▀ ▄▀▀▄ ▀  private group chat (limited)   https://t.me/+lUyHMiL7ELw1NTlk",200,2026-09-30T17:29:54+00:00
UniLendAnnouncement,alive,channel,unilend announcement,8,,2026-09-16T08:54:33+00:00,0,1,,Unilend announcement,200,2026-09-30T17:29:57+00:00
plotx_ann,alive,channel,PlotX Announcements,926,,2022-11-18T05:49:58+00:00,0,0,,The Official PlotX Community Announcements,200,2026-09-30T17:29:59+00:00
cmcal_bot,alive,channel,CoinMarketCal Bot,30400,,2026-09-30T17:25:09+00:00,20,20,,Beep Bop! I am the official CoinMarketCal bot. My mission is to deliver the information from  coinmarketcal.com .,200,2026-09-30T17:30:01+00:00
bullionbitcoinbs,alive,channel,"₿ullion, ₿itcoin & ₿eyond w/ GMONEY",11300,,2026-09-30T17:00:57+00:00,20,20,bullionbitcoinbs,We discuss everything Bitcoin related to teach individuals how to become self sovereign and acess true freedom in cyberspace. Bitcoin is Digital 1776  Rugpull Radio  https://t.me/bullionbitcoinbs,200,2026-09-30T17:30:04+00:00
alphacryptoproject,empty_page,,,,,,,,,"If you have  Telegram , you can contact  @alphacryptoproject  right away.",200,2026-09-30T17:30:06+00:00
amaloversclub_channel,alive,channel,AMA LOVERS CLUB CHANNEL,926,,2026-05-18T14:57:04+00:00,0,0,Olonade02 amaloversclub malachi456alc,"A decentralized community for crypto enthusiasts interested in AMA, trading, airdrops, latest news, and giveaways  DM  @malachi456alc  or  @Olonade02  for proposals and promotions    💬    @amaloversclub    🌍    amaloversclub.com    🐦    twitter.com/amaloversclub     #DYOR",200,2026-09-30T17:30:08+00:00
pSquare_Channel,alive,channel,PSquare Daily Alpha,1020,,2025-02-24T03:56:41+00:00,0,0,stack2deep,Website :  https://pSquare.capital   contact  @stack2deep,200,2026-09-30T17:30:11+00:00
OntologyAnnouncements,alive,channel,Ontology Official Announcement,2910,,2026-09-28T11:02:12+00:00,2,5,,,200,2026-09-30T17:30:13+00:00
Dexe_network,alive,channel,DeXe Protocol - Announcements,7250,,2026-05-25T12:07:06+00:00,0,0,,An innovative infrastructure for creating and governing DAOs. 50+ smart-contracts for your web-3 product. Create your DAO through easy interface on  dexe.io,200,2026-09-30T17:30:16+00:00
BitMaxOfficialAnnouncement,empty_page,,,,,,,,,"If you have  Telegram , you can contact  @BitMaxOfficialAnnouncement  right away.",200,2026-09-30T17:30:18+00:00
commas,alive,channel,3Commas Announcements,12400,,2026-09-10T10:30:31+00:00,0,3,Community_3Commas,🌟   Welcome to the official Telegram channel of 3Commas.  • Our chat:  @Community_3Commas  • Support: support@3commas.io    💚   The choice of elite traders since 2017,200,2026-09-30T17:30:20+00:00
Bitcoin_Crypto_Signals,alive,channel_no_preview,.,5595,,,,,,,200,2026-09-30T17:30:23+00:00
FrontierDotXYZ,alive,channel,Frontier Announcements,3900,,2023-08-07T08:59:10+00:00,0,0,,Frontier is a DeFi interface to access Native DeFi and Staking by connecting existing mobile wallets.  Visit us:  www.frontier.xyz,200,2026-09-30T17:30:25+00:00
itubernews,alive,channel,iTuber Crypto News,1790,,2023-12-31T07:02:40+00:00,0,0,batv1 itubernews,✅   YouTube channel:  https://goo.gl/prpjNR    ✅   Telegram news:  https://t.me/itubernews                  ✅   Contact  @batv1,200,2026-09-30T17:30:27+00:00
JackDorseyCoins,alive,channel,Jack Dorsey Coins   🚀,22100,,2026-09-28T13:02:46+00:00,5,15,,Jack Macro thoughts about Crypto   by OG whale. Not a Financial Advice.,200,2026-09-30T17:30:30+00:00
walletsscan,alive,channel,WalletsScan,1840,,2024-03-21T21:01:32+00:00,0,0,,,200,2026-09-30T17:30:32+00:00
luaswapANN,alive,channel,LuaSwap Official Announcement,860,,2023-12-15T02:45:34+00:00,0,0,LuaSwap,"A place to get the latest updates on LuaSwap & LUA! Happy farming, everyone!  Main discussion group:  https://t.me/LuaSwap",200,2026-09-30T17:30:34+00:00
zilliqa,alive,channel,Zilliqa Announcement,6020,,2026-09-24T16:36:11+00:00,1,5,zilliqachat,Official Zilliqa Announcement Channel Official Zilliqa chat  https://t.me/zilliqachat,200,2026-09-30T17:30:37+00:00
Tidex_News,alive,channel,TIDEX.News,14000,,2024-08-05T11:46:19+00:00,0,0,,"Your gateway to digital assets, blockchain ecosystems, NFTs and the metaverse.  24/7 Support:  https://tidex.com/support",200,2026-09-30T17:30:40+00:00
elon_musk,alive,channel,Elon Musk,73100,,2026-09-29T21:54:28+00:00,14,14,,Elon Musk | Tesla | SpaceX | Latest news & innovations   Youtube channel:   https://youtube.com/@elon-musk-today?si=ub8TCtiLQWAoF3b6   Unofficial fan & news channel. Not affiliated with or endorsed by Elon Musk.,200,2026-09-30T17:30:42+00:00
artemcrypto,alive,channel,Artem Trading Club,96,,2023-11-24T15:59:19+00:00,0,0,ARSHEVELEV artemcrypto,Join the premium group  @artemcrypto  Contact  @ARSHEVELEV  to proceed with payment.,200,2026-09-30T17:30:45+00:00
OhHeyMattyOfficialANN,alive,channel,DeFi Crypto Ann,1150,,2018-11-05T06:17:14+00:00,0,0,,"Channel where we discuss crypto related news/topics, Bitcoin/Altcoin TA, and Crypto startups.  The content on this channel is not meant to be financial advice and should not be used as such. Please do your own due dilligence.   #Crypto",200,2026-09-30T17:30:47+00:00
vite_ann,alive,channel,Vite,1010,,2025-11-24T13:27:52+00:00,0,0,,,200,2026-09-30T17:30:49+00:00
crypto_nats,empty_page,,,,,,,,,"If you have  Telegram , you can contact  @crypto_nats  right away.",200,2026-09-30T17:30:51+00:00
TheEconomyNews,alive,channel,The Economy News,443,,2025-03-09T10:15:31+00:00,0,0,,,200,2026-09-30T17:30:54+00:00
TON_DEV,alive,channel_no_preview,Everscale Dev EN,493,,,,,,Everscale international community channel,200,2026-09-30T17:30:56+00:00
freenewspaper,alive,channel,Freenewspaper,32,,2026-04-16T05:09:56+00:00,0,0,,,200,2026-09-30T17:30:58+00:00
WCSECHANNEL,alive,channel,WESLAD Research   📊,14800,,2026-09-30T17:06:56+00:00,20,20,WESLAD wcsepayment,Structure Driven Crypto Trading High-probability setups • Market Structure • Smart Risk Management Dedicated to helping traders succeed with clean analysis.    📌  VIP  👉🏿   https://t.me/wcsepayment    📌  Partnership/Adverts   👉🏿   https://t.me/WESLAD,200,2026-09-30T17:31:00+00:00
slashbizchannel,alive,channel_no_preview,"/slashbiz/ dictatorship~ Optimal scarce content, Sneed, Crypto, Business and Finance, AI, memes, news, and being poor in",3431,,,,,slashbiz,"We value uniformity, inequity, and exclusivity.  Join  @slashbiz  chat",200,2026-09-30T17:31:03+00:00
lodgenews,alive,channel,El Lodge,425,,2023-07-14T17:01:24+00:00,0,0,reservecurrency reservelodge,Unofficial community ran group for Reserve Protocol. Chat group:  https://t.me/reservelodge   Official Reserve group:  https://t.me/reservecurrency,200,2026-09-30T17:31:05+00:00
CryptoSurge_ANN,alive,channel,Crypto Surge Announcements,533,,2026-06-17T17:00:18+00:00,0,0,CryptoSurge_EN,Research & publication about Blockchain technology  Join the chat:  @CryptoSurge_EN   (The chat is now private),200,2026-09-30T17:31:07+00:00
coinfeed,alive,channel,Coinfeed,433,,2026-02-25T09:37:31+00:00,0,0,,New coins in the Minter network,200,2026-09-30T17:31:10+00:00
lorancrypyto,empty_page,,,,,,,,,"If you have  Telegram , you can contact  @lorancrypyto  right away.",200,2026-09-30T17:31:12+00:00
anrknetworkann,alive,channel,Ankr Official Announcements,3060,,2026-09-24T17:38:57+00:00,2,10,ankrnetwork,Ankr is building an infrastructure platform and marketplace for Web3-stack deployment.  Telegram chat:  https://t.me/ankrnetwork  Website:  https://www.ankr.com/  Twitter:  https://twitter.com/ankr  Medium:  https://medium.com/ankr-network,200,2026-09-30T17:31:14+00:00
Bridge_Oracle,alive,channel,Bridge Oracle,122000,,2026-09-01T21:45:58+00:00,0,1,BridgeOracle,Let's Bridge the Worlds  #BridgeOracle   #BRG   Our CEO:  https://twitter.com/sinaEstavi     🔶   Public Group:  @BridgeOracle    🔶   Twitter:  twitter.com/bridge_oracle    🔶   Instagram:  instagram.com/bridge.oracle,200,2026-09-30T17:31:17+00:00
CryptoAlerts,alive,channel,Crypto Alerts,9270,,2026-09-24T12:00:28+00:00,1,2,listmebot,This channel is for major Crypto Alerts ONLY.  To list an item please use  @listmebot,200,2026-09-30T17:31:20+00:00
Btc_789,alive,channel,币圈财经新闻,3970,,2026-06-11T08:10:12+00:00,0,0,Tony_coinnews coinnews1234,【CoinNews社群导航】 @coinnews1234  【社群负责人】 @Tony_coinnews,200,2026-09-30T17:31:23+00:00
AirdropsEagle,alive,channel,Airdrops Eagle  ™,2370,,2026-01-05T11:58:32+00:00,0,0,YashGupta20,❤️   Welcome To Our Channel   ➖    ➖    ➖    ➖    ➖    ➖    ➖    ➖    ➖    ➖    ➖             💠   Paid Promotion   💠         🔮   Bot/Airdrop Promote   🔮        🔆   All Types Of Bot Maker   🔆     ➖    ➖    ➖    ➖    ➖    ➖    ➖    ➖    ➖    ➖    ➖     ☎️   Contact:  @YashGupta20,200,2026-09-30T17:31:25+00:00
CardanoAnnouncements,alive,channel,Cardano Announcements,35700,,2026-09-30T15:01:01+00:00,3,11,,"Official Community and Ecosystem Announcement Channel, managed by The Cardano Foundation Community Team. Official website:  https://cardano.org/",200,2026-09-30T17:31:28+00:00
BitcoinInventors,alive,channel_no_preview,Bitcoin Inventors,71,,,,,,The real inventors of Bitcoin and Cryptos,200,2026-09-30T17:31:31+00:00
Bitmex_Coach,alive,channel,Bitmex,1930,,2026-09-22T06:56:50+00:00,0,1,BitmexCoachAdmin,"Bitmex's liquidation engine, but speaks English instead of code. Enquiry-  @BitmexCoachAdmin",200,2026-09-30T17:31:33+00:00
BestTokenNews,alive,channel_no_preview,Best Token News,71,,,,,,,200,2026-09-30T17:31:35+00:00
CryptoVigilanteANN,alive,channel,CryptoVigilante,4160,,2025-04-17T01:18:32+00:00,0,0,CryptoVigilanteNetwork RealCryptoV,Website: CryptoVigilante.News  Contact:  @RealCryptoV  Chat:  @CryptoVigilanteNetwork   Not affiliated with The Dollar Vigilante,200,2026-09-30T17:31:38+00:00
TomoChainChannel,alive,channel,TomoChain ANN (Old),72,,2023-11-01T08:51:13+00:00,0,0,,,200,2026-09-30T17:31:40+00:00
DAOautonomous,alive,channel_no_preview,DAO autonomous,60,,,,,,,200,2026-09-30T17:31:42+00:00
hapi_ann,alive,channel,#HAPI Announcements,72400,,2025-12-23T19:00:02+00:00,0,0,hapiHF,HAPI: Onchain Cybersecurity Protocol for DeFi projects  Official chat:  https://t.me/hapiHF  Twitter:  https://twitter.com/i_am_hapi_one  Medium:  https://medium.com/i-am-hapi,200,2026-09-30T17:31:44+00:00
VvanV,alive,channel_no_preview,"راحتي """,17,,,,,,,200,2026-09-30T17:31:47+00:00
CTBCh,alive,channel,Crypto Trading Bitcoin Channel,39,,2025-03-09T10:15:31+00:00,0,0,,,200,2026-09-30T17:31:49+00:00
cryptokings25,alive,channel,Crypto Kings  ™,1990,,2025-11-15T07:55:51+00:00,0,0,cryptokingsboss,"Crypto Kings  ™   Make Your Crypto Work for You!  Everyone should earn with us!  Trade, Investment, Strategies.  Administrators  @cryptokingsboss",200,2026-09-30T17:31:51+00:00
QSINEWSCA,alive,channel,QSI Northern California   🇺🇸   (DO NOT USE),572,,2025-12-31T18:11:28+00:00,0,0,,Welcome to QSI Northern California News! We are the Official News and Resources channel to support the Northern California  ✨   Stellar Quorum Ecosystem.  Disclaimer: Not Financial Advice. For Educational Purposes only.,200,2026-09-30T17:31:54+00:00
bitcoinsignals,alive,channel,Bitcoin Trading Signals,844,,2026-06-03T17:45:43+00:00,0,0,bitchannelsbot bitcoinchannel cryptocurrency,"Channel for Bitcoin Trading signals. Contact / proposals, message   👉🏼    @bitchannelsbot    BTC news and updates on  @bitcoinchannel  Cryptocurrency news on  @cryptocurrency",200,2026-09-30T17:31:56+00:00
SHIBAinuInfo,alive,channel,SHIBA INU Info,46,,2025-03-09T10:15:31+00:00,0,0,,,200,2026-09-30T17:31:59+00:00
Crypto_Trading_Bitcoinf,alive,channel,Crypto Trading Bitcoin,13900,,2025-06-21T05:45:16+00:00,0,0,CTBSupport,#crypto   #trading   #bitcoin   #signals   #pumps   We are a team that consist of sophisticated and experienced traders that delivers daily crypto spot & margin signals with low risk and good profit.    ➡️   Contact:  @CTBSupport,200,2026-09-30T17:32:01+00:00
EthereumDaily,alive,channel,Ethereum Daily,52,,2025-03-09T10:15:32+00:00,0,0,,,200,2026-09-30T17:32:03+00:00
changelly,alive,channel,Changelly,15000,,2026-09-30T10:03:36+00:00,10,16,,"Exchange crypto →  changelly.page.link/telegram     💚   Best rates on the market   🕑   Speedy transactions   💸   1,200+ crypto assets   📩   24/7 human support → support@changelly.com   ❗️   Not for UK users",200,2026-09-30T17:32:06+00:00
GoldTradeNews,alive,channel_no_preview,Gold Trade News,31,,,,,,,200,2026-09-30T17:32:08+00:00
TheCryptoMeme,alive,channel,The Crypto Meme,23,,2025-03-09T10:15:31+00:00,0,0,,,200,2026-09-30T17:32:10+00:00
etnxnews,empty_page,,,,,,,,,"If you have  Telegram , you can contact  @etnxnews  right away.",200,2026-09-30T17:32:12+00:00
Tricky_crypto,alive,channel_no_preview,Tricky crypto,411,,,,,BCMCpromotion,#BCMC  🔥ONLY 100% LEGIT AIRDROPS 🔥  📲Ask if you need Promotion!! Telegram:  @BCMCpromotion   https://bcmc555.pro/a/88ec8a02-0284-4fa1-bb1e-59e8ae98b42c,200,2026-09-30T17:32:15+00:00
CryptoPunksClub,alive,channel,Crypto Punks Club,15,,2025-03-09T10:15:31+00:00,0,0,,,200,2026-09-30T17:32:17+00:00
CoinbaseReport,empty_page,,,,,,,,,"If you have  Telegram , you can contact  @CoinbaseReport  right away.",200,2026-09-30T17:32:20+00:00
GetGoodTA,alive,channel,GetGood! Full-Time Trading,426,,2023-05-01T13:58:30+00:00,0,0,getgoodnew jakovjakovjakov jakovmentoringtestimonials,"Clients:  @jakovmentoringtestimonials   No bullshit  Contact:  @jakovjakovjakov   Public Chat:  @getgoodnew   - Not investment advice, always DYOR.",200,2026-09-30T17:32:22+00:00
MetaverseAccount,alive,channel_no_preview,Metaverse Account,11,,,,,,,200,2026-09-30T17:32:24+00:00
wazirx,alive,channel,WazirX Announcements,98800,,2026-09-30T12:37:02+00:00,14,20,,The official announcement channel of WazirX - Building India's most trusted Bitcoin & Cryptocurrency exchange,200,2026-09-30T17:32:26+00:00
CardanoReport,alive,channel,Cardano Report,4,,2025-03-09T10:15:32+00:00,0,0,,,200,2026-09-30T17:32:29+00:00
rickysfundamentals,alive,channel,RICKYS FUNDAMENTALS,1480,,2026-09-29T03:19:47+00:00,20,20,ricky50chantheirish solana_trojanbot,Ricky the irish's personal f.a page.  https://twitter.com/rickytheirish  /  @ricky50chantheirish  easiest sol trading  https://t.me/solana_trojanbot?start=r-ricky50chanthei,200,2026-09-30T17:32:31+00:00
ProAnalysisTrader,alive,channel,Pro Analysis,10900,,2026-09-20T04:27:36+00:00,0,2,markhenry01,"Contact us  @markhenry01   We ProAnalysis, we aim to provide a conducive learning environment so you can learn and make profit .Not financial Advise .We are not responsible for any of your bad trades.",200,2026-09-30T17:32:33+00:00
CryptoartMuseum,alive,channel,Cryptoart Museum,9,,2025-03-09T10:15:32+00:00,0,0,,,200,2026-09-30T17:32:36+00:00
prolooteress,empty_page,,,,,,,,,"If you have  Telegram , you can contact  @prolooteress  right away.",200,2026-09-30T17:32:38+00:00
BinanceLiquidations,alive,channel,Binance Futures Liquidations,179000,,2026-09-30T17:08:14+00:00,20,20,XypherIO XypherTalk,Live liquidations in Binance Futures  Maintained by  @XypherIO   https://xypher.io/  Support  @XypherTalk   Not affiliated with Binance,200,2026-09-30T17:32:40+00:00
elisascharts,alive,channel,Elisa's Charts,1000,,2026-09-19T09:52:30+00:00,0,2,elisasFXanalysis elisasFXchat elisasTAchat,ELISA'S CHARTS technical analysis. Join chat too  t.me/elisasTAchat  and for FX  t.me/elisasFXanalysis  and  t.me/elisasFXchat,200,2026-09-30T17:32:43+00:00
WanchainANN,alive,channel,WanchainANN - Wanchain.org Announcements Channel,3890,,2026-09-17T10:08:22+00:00,0,3,WanchainCHAT,The Official  Wanchain.org  Announcements Channel.  Please join our official chat as well:  https://t.me/WanchainCHAT,200,2026-09-30T17:32:45+00:00
WhaleSniper,alive,channel,Whale Sniper,60100,,2026-09-30T17:08:39+00:00,20,20,XypherTalk,Get notified when Binance assets get unusual amount of buy/sell activity.   Support chat:  @XypherTalk  Get premium version at  Xypher.io,200,2026-09-30T17:32:47+00:00
StablecoinNews,alive,channel,Sablecoin News,4,,2025-03-09T10:15:31+00:00,0,0,,,200,2026-09-30T17:32:49+00:00
MultiVACMTV,alive,channel,MultiVAC Channel,1620,,2026-09-30T15:14:46+00:00,2,2,,The official channel of MultiVAC,200,2026-09-30T17:32:52+00:00
TMGChannel,alive,channel,Crypto Saving Expert,2600,,2026-09-29T15:56:49+00:00,11,20,,"Official Crypto Saving Expert Announcements Channel, Trading, Videos, News - Feel Free to share this content",200,2026-09-30T17:32:54+00:00
hashbon_com,alive,channel_no_preview,Hashbon FiRe,1287,,,,,hashbon_chat,Hashbon FiRe official channel  🌏 website  https://rocket.hashbon.com/  🚀 Hashbon Community https://t.me/hashbon_chat,200,2026-09-30T17:32:56+00:00
tunezalpha,alive,channel,tunez alpha   🤔,2190,,2026-04-08T00:39:35+00:00,0,0,,howdy,200,2026-09-30T17:32:59+00:00
fmfw_io_announcements,alive,channel,FMFW.io Announcements,299,,2023-03-24T14:39:35+00:00,0,0,,Never miss any news from the  FMFW.io  Exchange,200,2026-09-30T17:33:01+00:00
wallets_scan,alive,channel,WalletsScan (World),909,,2024-03-21T21:01:32+00:00,0,0,,,200,2026-09-30T17:33:04+00:00
dlavrov_tch,alive,channel,DLavrov Professional Trading,5290,,2025-10-11T00:04:18+00:00,0,0,,"I’m a trader since 2007.  In this channel, I share my ideas and tips for trading in the Crypto, Stocks markets.  Content must be used for educational/informational purposes only! I don’t provide financial advices!!!",200,2026-09-30T17:33:06+00:00
cryptorealy,alive,channel,DEFI Journal,4460,,2026-09-28T11:20:07+00:00,1,5,cryptadvbot,"Since 2018, Defi Journal has been talking about the future of money and investment, highlighting the transformations in society and culture that are happening to them.  Contact:  @cryptadvbot",200,2026-09-30T17:33:08+00:00
PolitischeKryptokunst,alive,channel_no_preview,Politische Kryptokunst,6,,,,,,,200,2026-09-30T17:33:11+00:00
coinbeginner,alive,channel,Coin Beginner (₿),6080,,2025-07-31T15:57:26+00:00,0,0,DrDigit,Your daily dose of Cryptocurrency   😍    Paid Promotion:  @DrDigit,200,2026-09-30T17:33:13+00:00
wavesenterprise,alive,channel,Waves Enterprise: news,1390,,2025-02-06T12:52:14+00:00,0,0,wavesenterprisegroup,"News of Waves Enterprise – a hybrid blockchain platform for businesses, offering public and private blockchains for clients building fault-tolerant digital infrastructures.  Site:  https://wavesenterprise.com  Group:  https://t.me/wavesenterprisegroup",200,2026-09-30T17:33:15+00:00
TheBabylonians,alive,channel,TheBabylonians,3960,,2026-07-16T02:01:32+00:00,0,0,,Twitter:  https://x.com/The_Babylonians   YouTube:  https://www.youtube.com/c/TheBabyloniansCrypto   Substack (Biotech):  https://syntopia23.substack.com/,200,2026-09-30T17:33:18+00:00
ProjectSeraphim,alive,channel,BearBangerz,2120,,2026-09-03T23:28:20+00:00,0,4,,,200,2026-09-30T17:33:20+00:00
OpacityNews,alive,channel,Opacity - Announcements,534,,2023-01-27T02:54:03+00:00,0,0,,"Official Opacity Announcements Telegram Group!   Anonymous, secure storage powered by crypto. Find OPCT on Kucoin @  https://trade.kucoin.com/OPCT-BTC",200,2026-09-30T17:33:22+00:00
dropsearn,alive,channel,Drops Earn News,5010,,2025-05-30T03:34:49+00:00,0,0,dropsearn_chat dropsearn_ru_chat,"Another channel about cryptocurrency earnings. Airdrops, Events, Staking, DeFi  Website:  https://dropsearn.com  Chat EN:  https://t.me/dropsearn_chat  Chat RU:  https://t.me/dropsearn_ru_chat",200,2026-09-30T17:33:25+00:00
boxminingChannel,alive,channel,Boxmining Announcements,2029,,2024-12-02T07:53:16+00:00,0,0,,Latest Videos and Announcments from Boxmining. Get the latest groundbreaking news and information!,200,2026-09-30T17:33:27+00:00
guardawallet,alive,channel,Guarda Crypto Wallet,1200,,2026-09-30T07:19:47+00:00,6,20,guarda_community guarda_marketing_manager guarda_support_bot,"Ultimate non-custodial wallet for all cryptos. 70+ chains & 400K+ tokens. Buy, swap, send, stake & hodl   🔒    our X  https://x.com/GuardaWallet     💻    guarda.com    🙌🏼    support.guarda.com    👥    @guarda_community    📩    @guarda_marketing_manager    🤖    @guarda_support_bot",200,2026-09-30T17:33:29+00:00
WallStreetSilver,empty_page,,,,,,,,,"If you have  Telegram , you can view posts by  @WallStreetSilver  right away.",200,2026-09-30T17:33:32+00:00
comfycrypto,alive,user_or_bot,Comfort,,,,,,,,200,2026-09-30T17:33:34+00:00
HEXnews,alive,channel,HEXnews,9030,,2018-05-15T16:45:37+00:00,0,0,,"Richard only communicates in person. He doesn't use twitter, telegram, social media, email, msgs, youtube, newspapers, magazines, mail, tv, or radio. Humble  ❤️    🙏",200,2026-09-30T17:33:36+00:00
CryptoTrades,alive,channel,Crypto Trades,13000,,2026-09-29T08:26:12+00:00,13,19,ataladmin,This is Earn&Learn channel. We are here to enjoy the ride while learning how to do it. Swing trading without pumps&dumps.  Contact  @ataladmin  for Enquiries   https://forms.gle/Jv9V9Ea6cmkuC8GA7,200,2026-09-30T17:33:38+00:00
daoventuresofficial,alive,channel,Securo Finance Announcement,1630,,2022-06-29T01:01:33+00:00,0,0,,(Announcement Channel)  Simplify crypto investing with DeFi indices Using all-in-1 dashboard and API integration  Early sign-up available at  http://securo.finance,200,2026-09-30T17:33:41+00:00
coinnewschannel,alive,channel,CoinNews,1520,,2023-10-24T04:13:16+00:00,0,0,SteveElison,Get fast cryptocurrency facts every day.  Inquiries:  @SteveElison,200,2026-09-30T17:33:43+00:00
TheTradeLog,alive,channel,TradeLog,58,,2023-01-15T01:51:59+00:00,0,0,,,200,2026-09-30T17:33:45+00:00
requestnetwork,alive,channel,Request Network - Announcements,1440,,2024-11-24T00:58:47+00:00,0,0,REQ_Official,The official Request Network Announcements Channel  Join and discuss with the community in the official Request telegram chat here:  https://t.me/REQ_Official,200,2026-09-30T17:33:48+00:00
stellarlistorg,empty_page,,,,,,,,,"If you have  Telegram , you can contact  @stellarlistorg  right away.",200,2026-09-30T17:33:50+00:00
ThriveNews,alive,channel,THRIVE  ™   Crypto News,15,,2026-09-30T13:38:46+00:00,20,20,BitMEXKing Blim207 ThriveCrypto,"This channel provides Crypto News, VIP Results, Signals & Strategies for Cryptocurrencies.  Website:  Thrive4Crypto.com  Thrive Chat:  @ThriveCrypto  For VIP contact:  @BitMEXKing  or  @Blim207",200,2026-09-30T17:33:52+00:00
ltoinfo,alive,channel,LTO Network Announcements,1170,,2026-01-04T13:25:24+00:00,0,0,LTOnetwork,LTOnetwork.com  is Europe’s leading hybrid blockchain platform: the new standard for data security and collaboration. GDPR compliant & easy to integrate!  Chat   🗣    @LTOnetwork  Docs:  docs.ltonetwork.com  Blog:  blog.ltonetwork.com   Staking   🍖    bit.ly/35xv5AU,200,2026-09-30T17:33:54+00:00
metalpaysme,alive,channel,Metal DAO - Announcements,1100,,2023-08-29T18:52:18+00:00,0,0,,The official Metal DAO announcements channel,200,2026-09-30T17:33:57+00:00
VinDAXExchangeNews,alive,channel,VinDAX News,1770,,2026-09-25T08:45:58+00:00,1,8,,,200,2026-09-30T17:33:59+00:00
salvanik,empty_page,,,,,,,,,"If you have  Telegram , you can view posts by  @salvanik  right away.",200,2026-09-30T17:34:02+00:00
cryptomaymay,alive,channel,/biz/ Crypto MayMay Shithole - Bogdanof Down! I repeat both Bogdanof down!,2520,,2026-04-26T12:21:41+00:00,0,0,,Your favorite /biz/'s /biz/,200,2026-09-30T17:34:04+00:00
tpmerchant,alive,channel,FOREX COURSES,288,,2023-12-28T18:47:26+00:00,0,0,,,200,2026-09-30T17:34:06+00:00
TronTradeNews,alive,channel,TronTrade News,150,,2022-06-14T10:14:35+00:00,0,0,,"News related to TronTrade, Trading and Tokens on the TRON network  Start trading:  https://trontrade.io",200,2026-09-30T17:34:09+00:00
globalbsn,alive,channel,BSN,186,,2023-04-14T09:17:22+00:00,0,0,bsnsupport,BSN Official Channel  Official website:  https://bsnbase.io   Telegram Group:  https://t.me/bsnsupport   Twitter:  https://twitter.com/bsnbase   Facebook:  https://www.facebook.com/bsnbase   Reddit:  https://www.reddit.com/r/BSNBase,200,2026-09-30T17:34:11+00:00
Rihannad,alive,channel,Rihanna music Rihana,4770,,2026-09-30T13:00:22+00:00,6,6,CHEMPIONOV_LIGA KHOKKEIST Lyubovc investitsii joinchat milliarder,По вопросам рекламы -  @KHOKKEIST     https://t.me/joinchat/AAAAAFJiRC-NPUScNTAjAg  - СРОЧНЫЕ НОВОСТИ    👉    @CHEMPIONOV_LIGA  - Все о футболе    👉    @investitsii  - Все о деньгах    👉    @Lyubovc  - о любви   ♥️       👉    @milliarder  - Мужской журнал,200,2026-09-30T17:34:13+00:00
cbinsider,alive,channel,Coin Bureau Telegram (Old),220,,2025-12-02T11:12:51+00:00,0,0,CoinBureau,Old Coin Bureau Telegram  Please follow  @CoinBureau  for the link to the main Coin Bureau telegram account,200,2026-09-30T17:34:15+00:00
walletw,alive,channel,Crypto Wallet & Crypto Card World   🔥    💵    🤖,429,,2026-09-21T12:21:32+00:00,0,4,CryptoSentinel airdropchatter,Channel dedicated solely to crypto wallets and crypto cards  Crypto news:  @CryptoSentinel   Chat:  @airdropchatter,200,2026-09-30T17:34:18+00:00
cryptorobotics_en,alive,channel,Cryptorobotics,10500,,2026-09-21T13:01:31+00:00,0,1,holders_cryptorobotics_eng,https://cryptorobotics.ai  — a platform for efficient automated trading on cryptocurrency exchanges    📩   info@cryptorobotics.net   🗣    https://t.me/holders_cryptorobotics_eng    🔗   All links and community rules:  https://taplink.cc/cryptorobotics,200,2026-09-30T17:34:20+00:00
CryptoTree07,empty_page,,,,,,,,,"If you have  Telegram , you can view posts by  @CryptoTree07  right away.",200,2026-09-30T17:34:22+00:00
HankRS225,alive,channel,Hank汽車部落格,457,,2023-09-26T16:52:36+00:00,0,0,,Hank是資深汽車部落格，業餘賽車手，模擬賽車推廣者，社論作家，歡迎關注我的頻道，掌握最新獨立視野新訊息！,200,2026-09-30T17:34:25+00:00
RichardsCalls,alive,channel,Richard's Calls,11000,,2018-03-18T21:41:07+00:00,0,0,,"Richard only communicates in person. He doesn't use twitter, telegram, social media, email, msgs, youtube, newspapers, magazines, mail, tv, or radio. Humble  ❤️    🙏",200,2026-09-30T17:34:27+00:00
binance_announcements,alive,channel,Binance Announcements,3390000,,2026-09-30T13:01:38+00:00,20,20,BinanceChinese binance_announcements binance_cn binanceexchange,Binance Official English Group  @binanceexchange  Binance Official Chinese Group  @BinanceChinese   Binance English Announcements  @binance_announcements  Binance Chinese Announcements  @binance_cn,200,2026-09-30T17:34:29+00:00
avestagroupuz,alive,channel,Avesta Investment Group - Uzbekistan,1440,,2026-09-30T12:03:56+00:00,13,13,avestainvestbot,"Avesta Investment Group - a leading investment banking firm in Uzbekistan and Turkmenistan.    https://www.avestagroup.com   With inquiries, please contact   @avestainvestbot",200,2026-09-30T17:34:32+00:00
Binance_Telegram,alive,channel,Crypto Rekt Liquidations Bot,5550,,2026-09-16T11:00:00+00:00,0,20,,"The UnOfficial Binance Liquidations Tracker & Whale Alerts   🐋    🚨    Rekts displayed in real time for BTC, ETH and other coins liquidations   🔴    🟢    Live Displays of Funding Rates, Bitcoin, Ethereum, XRP, Cardano, Solana, Dogecoin, Chainlink, bybit, coinbase.",200,2026-09-30T17:34:34+00:00
KaloianICO,alive,channel,Bitcoin Earnings,32,,2022-11-01T15:46:36+00:00,0,0,,"ICO Airdrops, Faucets, Cloud Mining, Wallets, FREE Stuff and More!",200,2026-09-30T17:34:36+00:00
BitMEXSniper,alive,channel,BitMEX Sniper,12700,,2026-07-23T08:44:59+00:00,0,0,XypherIO,Notifies of orders above 5M and liquidations above 500k contracts on the XBTUSD market.   Managed by  @XypherIO   Not affiliated with Bitmex,200,2026-09-30T17:34:39+00:00
Pro_Crypto_Signals,alive,channel,PRO CRYPTO SIGNALS  ™,3180,,2026-05-23T03:42:41+00:00,0,0,ProCryptoSignals_Support ProCryptoSignals_Support_bot,Professional Cryptocurrency Trading News & Analysis. Do your own research before following any Idea.   (Spot trading Only).   @ProCryptoSignals_Support_bot   https://procryptosignals.com/   Live Support Contact:  @ProCryptoSignals_Support,200,2026-09-30T17:34:41+00:00
stafi_ann,alive,channel,StaFi Protocol Announcements,661,,2026-03-26T03:09:46+00:00,0,0,,,200,2026-09-30T17:34:43+00:00
venture_tg,alive,channel,Venture Capital,2190000,,2026-09-30T16:27:01+00:00,20,20,strategy,"The official channel of V3V Ventures. We share updates on our investments, portfolio companies, and fund activities.  Buy Ads:  @strategy  (this is our only account).",200,2026-09-30T17:34:46+00:00
eterbasenews,alive,channel,ETERBASE NEWS,195,,2022-06-06T14:09:52+00:00,0,0,,All news regarding ETERBASE Digital Asset Exchange.,200,2026-09-30T17:35:09+00:00
cryptocrosstrade,alive,channel,CryptoZond | Криптоанализы без диагнозов,775,,2026-09-30T05:00:06+00:00,7,20,,"На канале автоматические уведомления по листингу монет на биржах, по движению на кошельках китов и на холодных кошельках бирж, сигналы при резких изменениях курсов, индекс жадности и страха. Ничего лишнего, только цифры.",200,2026-09-30T17:35:12+00:00
Forex_Tradings,alive,channel,Forex Tradings,19600,,2026-09-29T08:26:06+00:00,13,19,ataladmin,"Educational content, not a financial advice.  Contact  @ataladmin  for Premium club admission   https://forms.gle/Jv9V9Ea6cmkuC8GA7",200,2026-09-30T17:35:14+00:00
cryptobullet,alive,channel,CryptoBullet,67600,,2026-09-30T15:08:39+00:00,19,20,likeniss,Let the CryptoBullet hit you!  🔫    Business Inquiries  @likeniss   Premium/VIP subscription  @likeniss   Not Financial Advice,200,2026-09-30T17:35:16+00:00
thedailyape,alive,channel,The Daily Ape (On Break),29000,,2026-04-20T07:40:29+00:00,0,0,Darrenlautf,"Posting stuff I find interesting here, feel free to share around! Frens share alpha.   @Darrenlautf     https://twitter.com/Darrenlautf    Disclaimer : Not financial advice, DYOR, Projects mentioned are not an endorsement/shill. Views are my own.",200,2026-09-30T17:35:18+00:00
pierre_crypt0_public,alive,channel,Pierre - TA,5,,2024-10-30T00:13:45+00:00,0,0,,,200,2026-09-30T17:35:21+00:00
WeChatEssence,alive,channel,微信搬运工（旧）,13200,,2024-08-26T04:47:53+00:00,0,0,pincongessence,本频道两个目的，1. 丰富电报上的中文内容（不可否认还是有很多非政治的优质内容在微信公众号里），2. 有些微信的内容分享了之后就和谐了，本频道可以做个备份。试运营中，欢迎订阅。  目前对于超长文章（超过三万字的）只能发前一部分，剩余内容请参阅原文链接。  特别声明：转发不代表支持，完全是机器人处理。   友情频道：蛋挞报  @pincongessence,200,2026-09-30T17:35:23+00:00
whalescryptovip,alive,channel,Crypto Signals   ©,206000,,2026-08-25T03:10:14+00:00,0,0,AdSignals,Prepare your wallet for a good profit and the number one channel in Telegram    😇    X :  https://x.com/csignalsvip   PAID / AD :  @AdSignals,200,2026-09-30T17:35:25+00:00
StreetTraderFx,alive,channel,StreetTraderFx  🫆,3850,,2026-09-29T18:04:25+00:00,19,19,,Author of “High Probability Demand & Supply Trading Strategy” Malaysian SNR Trader,200,2026-09-30T17:35:28+00:00
TechCryptoAnalyst,alive,channel,Technical CRYPTO Analyst,323000,,2026-09-30T06:20:31+00:00,20,20,,We provide only technical based charts here for alts coins as well as btc   We believe in charts and TA.  Not an Investment Advice Do your Own RESEARCH always,200,2026-09-30T17:36:06+00:00
CryptoSpecialSignals1,alive,channel,Crypto Special Signals,4370,,2026-04-29T12:43:19+00:00,0,0,,Crypto No1 Binance-Bybit-Mexc Futures Trading Channel,200,2026-09-30T17:36:08+00:00
stellarchannel,alive,channel,Stellar Family Channel,37,,2024-08-12T22:53:57+00:00,0,0,StellarChannel StellarFamilyOrg,"#StellarFamily  Community. Official Channel for everything  #Stellar  $XLM Blockchain,  @StellarChannel . Join the telegram group  @StellarFamilyOrg",200,2026-09-30T17:36:10+00:00
TNC_INSTANT_PAY,empty_page,,,,,,,,,"If you have  Telegram , you can contact  @TNC_INSTANT_PAY  right away.",200,2026-09-30T17:36:13+00:00
cointelegraph,alive,channel,Cointelegraph,333000,,2026-09-30T17:35:01+00:00,14,14,,"The Future of Money   Unbiased crypto, markets & Web3 news in real-time. Trusted since 2013.    🔔   Turn on notifications to catch the calls that move markets.  Explore:  linktr.ee/cointelegraph_mobile   For ads: advertise@cointelegraph.com",200,2026-09-30T17:36:15+00:00
cryptoquant_alert,alive,channel,CryptoQuant Alert,70700,,2026-09-29T13:52:24+00:00,6,20,cryptoquant_official,- Official Channel:  @cryptoquant_official  - Customized Alerts:  https://cryptoquant.com/alert  - Live Charts:  cryptoquant.com  - Specification:  bit.ly/3gUaRbe,200,2026-09-30T17:36:17+00:00
World_News_Business_Crypto_Forex,empty_page,,,,,,,,,"If you have  Telegram , you can contact  @World_News_Business_Crypto_Forex  right away.",200,2026-09-30T17:36:20+00:00
Crypto_Tweets,alive,channel,Crypto Tweets,8930,,2023-05-17T10:21:11+00:00,0,0,BinanceVolumer Coach Crypto_News,Crypto Tweets - All the important tweets in one place and on time.   @Coach  - important market analyse   @BinanceVolumer  - Binance 24Hr Volume   @Crypto_News,200,2026-09-30T17:36:22+00:00
tradingview,alive,channel,TradingView,141000,,2025-06-10T15:53:03+00:00,0,0,,"This is TradingView’s official Telegram. Subscribe for tips, wisdom, education, and market-moving charts.   Look first / then leap.",200,2026-09-30T17:36:24+00:00
bitcoin,alive,channel,Bitcoin,184000,,2026-09-30T16:54:41+00:00,20,20,,This is the top Telegram channel for  #Bitcoin  news and information. Inject the orange coin directly into your mind!   🍊,200,2026-09-30T17:36:27+00:00
cointrendz,alive,channel,CoinTrendz.com,21200,,2026-09-30T15:00:11+00:00,20,20,cointrendzbot cointrendzcommunity,"Crypto Market Data Insights, Market Activity, News, Events & more!  Main Channel of  CoinTrendz.com    ♠️      🤖   FREE Crypto Market Bot:  @cointrendzbot    ❤   Talk with us:  @cointrendzcommunity",200,2026-09-30T17:36:29+00:00
CryptoEmpire_Signal,alive,channel,Crypto Empire Signal  ™,27400,,2026-09-27T09:28:28+00:00,4,20,AshuEmperor,This Channel Aims to Provide Cryptocurrency Signals for Long Term (1+  Year ) Mid-Term (3 - 6 Months) & Short Term (01 - 30 Days) .    @AshuEmperor - (Founder & C.E.O)  Don't Ask For Paid & Cross Promotion .,200,2026-09-30T17:36:32+00:00
www_Bitcoin_com,alive,channel,Bitcoin.com News,54100,,2026-09-30T17:20:23+00:00,14,14,,"🚀   Get the latest Bitcoin, crypto, and global economic news in 36 languages. Stay informed with timely, objective updates from  Bitcoin.com  News.    📢   Follow us on X:  x.com/BitcoinNews    🌎   Read more:  news.bitcoin.com    🔥   Advertising: ads@bitcoin.com",200,2026-09-30T17:36:34+00:00
cryptoquant_official,alive,channel,CryptoQuant,56000,,2026-09-30T07:11:36+00:00,6,13,cryptoquant_alert cryptoquant_kr cryptoquant_turkish cryptoquant_vn,Realtime Alerts:  @cryptoquant_alert  Live Charts:  cryptoquant.com   Translation Channel 한국어|  @cryptoquant_kr  Türkçe|  @cryptoquant_turkish  Tiếng Việt |  @cryptoquant_vn,200,2026-09-30T17:36:37+00:00
crypto_talks,empty_page,,,,,,,,,"If you have  Telegram , you can contact  @crypto_talks  right away.",200,2026-09-30T17:36:39+00:00
xrpnewsuk,alive,channel,XRP.ARMY www.xrp.army   ❤️    🇺🇲    🇬🇧,4980,,2026-09-29T09:46:23+00:00,4,4,,This is purely for information purposes and not financial advice,200,2026-09-30T17:36:41+00:00
StellarMartEco,alive,channel,StellarMart,3640,,2026-07-24T17:28:17+00:00,0,0,StellarMartEco,Token Market On Stellar BlockChain . Follow us To buy the latest token at the best price & get highest profit   👉    https://t.me/StellarMartEco,200,2026-09-30T17:36:43+00:00
presearchnews,alive,channel,Presearch News,5130,,2026-07-29T00:20:36+00:00,0,0,,The Official Presearch Telegram Channel,200,2026-09-30T17:36:46+00:00
WhaleTracker,alive,channel,🐳   𝐖𝐇𝐀𝐋𝐄𝐓𝐑𝐀𝐂𝐊𝐄𝐑   👀,17200,,2026-09-30T17:27:06+00:00,20,20,Ocean_Host WTask_Bot Whale_Tracker,A smart Bot that sends a Realtime (Price/Volume) alerts about important and unusual Binance markets changes.  Chat:  @Whale_Tracker  Bot:  @WTask_Bot   Developer Contact -  @Ocean_Host,200,2026-09-30T17:36:48+00:00
bctof,alive,channel_no_preview,Best Crypto Traders Official,1658,,,,,ad_teleg,"👉 Crypto Price Analyses, Which Are Worth Checking Out  😎 Do you trade on Binance?  Click the link below, register, and receive 20% of a commission back: https://www.binance.com/en/register?ref=ZRYIGVYU  Advertising:  @ad_teleg",200,2026-09-30T17:36:51+00:00
Ultra_ann,alive,channel,Ultra Announcement,1860,,2025-05-05T13:00:59+00:00,0,0,,Ultra.io  Announcement channel,200,2026-09-30T17:36:53+00:00
CryptoCrunchy,alive,channel,CryptoCrunchy,3490,,2026-08-03T14:52:35+00:00,0,0,GoCryptoCrunch,"All Crypto updates, infographics & memes   💯      👉   DM  @GoCryptoCrunch  4 Promo   📩    Track money, wealth, finance, gold, trading, stocks, token, Bitcoin, Ethereum, XRP, USDT. Catch coins airdrops, giveaways from Binance, Coinbase, OKX, Bybit, bitget on Telegram",200,2026-09-30T17:36:55+00:00
CryptoScanner100eyes,alive,channel,100eyes Crypto Scanner (PREVIEW),31200,,2026-09-30T12:45:52+00:00,5,20,Official_100eyes_bot,"Our scanner automatically detects RSI Divergences, Support zones, and much more. This Preview channel shows free alerts for the top 4 coins.   No ads.  Premium 100eyes scanner tracks 350+ coins. For a 24h free trial talk to our bot:  @Official_100eyes_bot !",200,2026-09-30T17:36:58+00:00
glassnode,alive,channel,Glassnode,44100,,2026-09-30T15:00:31+00:00,11,14,,Institutional Data and Market Intelligence for Digital Assets.   https://studio.glassnode.com/,200,2026-09-30T17:37:00+00:00
investkaki,alive,channel,InvestKaki,5030,,2026-09-30T00:38:54+00:00,6,10,,📊   Invest for the Better!,200,2026-09-30T17:37:02+00:00
OptionRoom,alive,channel,OptionRoom,3550,,2022-12-11T14:31:40+00:00,0,0,optionroomchatofficial,OptionRoom - User governed oracle and forecast protocol built on Polkadot   www.optionroom.finance  Chat:  @optionroomchatofficial  Twitter:  https://twitter.com/option_room,200,2026-09-30T17:37:05+00:00
CryptoVigilanteNews,alive,channel,CryptoVigilante News,2170,,2025-07-18T12:21:41+00:00,0,0,CryptoVigilanteANN CryptoVigilanteNetwork RealCryptoV,News & Evidence will be shared in this channel. Main Channel  @CryptoVigilanteANN .   Contact:  @RealCryptoV  Chatroom:  @CryptoVigilanteNetwork,200,2026-09-30T17:37:07+00:00
synergygolubyev,empty_page,,,,,,,,,"If you have  Telegram , you can contact  @synergygolubyev  right away.",200,2026-09-30T17:37:09+00:00
joescrypt,alive,channel,JoesCrypt,9520,,2026-09-30T00:16:18+00:00,20,20,,Nothing posted or shared in this channel should be considered financial advice.  Disclaimer:  bit.ly/asymm-disclaimer,200,2026-09-30T17:37:12+00:00
cryptoslatenews,alive,channel,CryptoSlate News,10400,,2026-09-30T17:26:01+00:00,20,20,cryptoslate,"Daily Bitcoin, Mcro & Prediction Market News from CryptoSlate    🌐   Web:  cryptoslate.com    ✈️   Telegram DM:  t.me/cryptoslate    🐦   X:  x.com/cryptoslate    📰   Newsletter:  cryptoslate.substack.com",200,2026-09-30T17:37:14+00:00
wealthcreator7,alive,channel,Wealthcreator,40500,,2026-09-30T09:25:34+00:00,20,20,wealthcreator7bot,"LEARN WITH ME   https://www.wealthcreator7.com   I'm not a SEBI regd advisor,the info provided by me is for educational purposes only You R responsible for all investment decisions,plz note that I dont provide any tips/stock suggestion  @wealthcreator7bot",200,2026-09-30T17:37:16+00:00
usdzarkings,alive,channel,Usdzar kings group   👑,14700,,2025-11-30T08:14:50+00:00,0,0,,FREE FOREX SIGNALS and SETUPS *Strategies  * setups and signals *chart analysis and guidance *RR STRATEGY Check shared media for all content JOIN NOW b4 it disappears,200,2026-09-30T17:37:19+00:00
altcoin,alive,channel,Altcoins Channel,5380,,2026-09-30T09:11:20+00:00,18,20,bitchannelsbot bitcoinchannel bitcoinsignals btcjp cryptocurrency emergingcrypto ethereumdapps,"Channel for altcoins news and signals. Contact / proposals, message to   👉🏼    @bitchannelsbot    OTHER CHANNELS:  @bitcoinchannel    📣    @bitcoinsignals    ⏰    @cryptocurrency    📢    @emergingcrypto    📡    @ethereumdapps    🔹    @btcjp    🇯🇵",200,2026-09-30T17:37:21+00:00
real_factors,empty_page,,,,,,,,,"If you have  Telegram , you can contact  @real_factors  right away.",200,2026-09-30T17:37:23+00:00
easybitcoinspayout,alive,channel,Easy Bitcoins Payouts Proof,5430,,2025-03-28T17:45:16+00:00,0,0,joinchat,Payout Channel/News   https://t.me/joinchat/AAAAAEMQrddOji-LhHBMGQ,200,2026-09-30T17:37:26+00:00
BrieflyCrypto,alive,channel,Briefly Crypto,5170,,2025-10-30T10:47:36+00:00,0,0,danclarkie imBagsy,"Screening  #Crypto  &  #NFT  news in real-time, AI-driven.    🚨   Articles are not endorsements   🚨    Created by  @danclarkie  in collaboration with  @imBagsy    twitter.com/BrieflyCrypto",200,2026-09-30T17:37:28+00:00
bitcoinistnews,alive,channel,Bitcoinist.com News,5150,,2025-09-05T17:44:50+00:00,0,0,,"Bitcoinist is the prime source for information about Bitcoin, digital currency and blockchain technology.",200,2026-09-30T17:37:30+00:00
WallStreetBetsReddit,alive,channel,WallStreet Bets,9050,,2026-09-30T16:46:41+00:00,20,20,,"A clone of WallStreetBets subreddit.  No more, no less",200,2026-09-30T17:37:33+00:00
WhalePump,alive,channel,WhalePump Reborn: Best Signals! (100% FREE),10600,,2026-09-28T16:54:33+00:00,4,20,,"BEST CHANNEL EVER, PERIOD.   Everyone makes money here!   😍   Signals are traded at your own risk. Not financial advice.  ALWAYS buy Bitcoin and own 75%+ of your portfolio in it.",200,2026-09-30T17:37:35+00:00
dailyycryptonews,alive,channel_no_preview,CRYPTO UNIVERSITY 🦁    [ SCAM ],1403,,,,,,"Trusted Source For Crypto News And More   Money doesn't grow in trees, but on our SIGNALS.",200,2026-09-30T17:37:38+00:00
CTMarkets,alive,channel,Cointelegraph Markets & Research,12400,,2026-04-28T15:15:01+00:00,0,0,,Bitcoin price breaking news & cryptocurrency market analysis,200,2026-09-30T17:37:40+00:00
cryptocurrency,alive,channel,Cryptocurrencies Channel,5130,,2026-09-30T10:54:20+00:00,20,20,altcoin bitchannelsbot bitcoinchannel bitcoinsignals btcjp emergingcrypto ethereumdapps,"Contact / proposals, message to   👉🏼    @bitchannelsbot   Bitcoin news:  @bitcoinchannel    📢   Trading:  @bitcoinsignals    ⏰   Altcoins:  @altcoin    📣   Extended updates:  @emergingcrypto    📡   DAPPS:  @ethereumdapps    🔹   Japanese:  @btcjp",200,2026-09-30T17:37:42+00:00
CryptonicFreeSignals,alive,channel,Cryptonic  ™,1950,,2025-01-06T16:21:32+00:00,0,0,CryptonicAdmin Cryptonictestimonials,"Free signals ,Cryptocurrency updates, whales activity,pump alerts  Autotrade service  Signal accuracy 99%  Premium Club membership and ICO Promotion -  @CryptonicAdmin   Join Our Testimonials Channel-  @Cryptonictestimonials   Visit us -",200,2026-09-30T17:37:44+00:00
BinanceResearch,alive,channel,Binance Research,10400,,2026-09-29T11:04:44+00:00,2,10,,Stay up to date with the latest releases on Binance Research.   https://research.binance.com/,200,2026-09-30T17:37:47+00:00
thedailyhodl,alive,channel,The Daily Hodl,8070,,2026-09-30T17:35:08+00:00,20,20,,,200,2026-09-30T17:37:49+00:00
therussianmarket,alive,channel,Russian Market,344,,2023-03-10T05:49:32+00:00,0,0,,,200,2026-09-30T17:37:51+00:00
BitcoinSniper,alive,channel,Bitcoin Sniper,13500,,2026-09-30T12:43:26+00:00,3,20,XypherIO,"Tracks important information about the king, including unusual activities, news and other metrics.  Another bot by  @XypherIO",200,2026-09-30T17:37:54+00:00
insideton,alive,channel,InsideTON,3,,2026-09-03T02:29:16+00:00,0,2,,,200,2026-09-30T17:37:56+00:00
tradersHubFreechat,empty_page,,,,,,,,,"If you have  Telegram , you can contact  @tradersHubFreechat  right away.",200,2026-09-30T17:37:58+00:00
bitcoinchannel,alive,channel,Bitcoin channel,3250,,2026-09-30T17:27:55+00:00,20,20,altcoin bitchannelsbot bitcoinsignals btcjp cryptocurrency emergingcrypto ethereumdapps,Contact / proposals   👉🏼    @bitchannelsbot    Crypto news:  @cryptocurrency    📢   Trading:  @bitcoinsignals    ⏰   Altcoins:  @altcoin    📣   Mixed news feed:  @emergingcrypto    📡   DAPPs:  @ethereumdapps    🔹   Japanese:  @btcjp    🇯🇵,200,2026-09-30T17:38:01+00:00
fortuneinsight,alive,channel,Fortune Insight,2350,,2026-09-30T15:25:18+00:00,20,20,,Fortune Insight - 率先洞悉商戰思維、創新財富及市場趨勢！飽覽一切關於商業世界的關鍵內容，探索國際商業視野。 . Fb:  https://www.facebook.com/fortuneinsight/  . Ig:  https://www.instagram.com/fortuneinsight/,200,2026-09-30T17:38:03+00:00
deti_lilith,empty_page,,,,,,,,,"If you have  Telegram , you can contact  @deti_lilith  right away.",200,2026-09-30T17:38:05+00:00
utoday_en,alive,channel,U°Today,4440,,2026-09-30T16:40:13+00:00,20,20,,"U°Today covers the crypto industry and community, Blockchain, fintech and AI. We run price forecasts, analyses, opinion columns, expert’s blogs, interviews and features. We are open to exchanging opinions with you. Stay tuned!  https://u.today",200,2026-09-30T17:38:07+00:00
iconinjasnews,alive,channel_no_preview,Corleone’s research news,104,,,,,,,200,2026-09-30T17:38:10+00:00
myetherwallet,alive,channel,MEW | MyEtherWallet,4330,,2026-04-23T22:26:27+00:00,0,0,,The official Telegram channel of MyEtherWallet.,200,2026-09-30T17:38:12+00:00
PoloniexAnnouncements,alive,channel,Poloniex Announcements,4670,,2026-09-30T02:29:55+00:00,6,19,PoloniexEnglish,Official announcements channel for Poloniex - a global cryptocurrency exchange.  Poloniex Official English Group  @PoloniexEnglish,200,2026-09-30T17:38:14+00:00
Paradigm_Fund,alive,channel_no_preview,1,6,,,,,,,200,2026-09-30T17:38:17+00:00
ChartKitchen,alive,channel,Chart Kitchen,1010,,2023-09-16T21:06:36+00:00,0,0,,Chart Kitchen Telegram relay.  Join our Discord! -  https://discord.gg/hy7NyXKdUT    https://chartkitchen.com,200,2026-09-30T17:38:21+00:00
themdtchannel,alive,channel,MDT Announcement Channel,320,,2026-09-09T22:49:12+00:00,0,1,,,200,2026-09-30T17:38:24+00:00
deribit_notifications,alive,channel,Deribit Notifications,2870,,2026-09-30T07:59:53+00:00,10,20,,Important notifications about Deribit Exchange. Deribit is not available in the United States or other restricted countries.,200,2026-09-30T17:38:27+00:00
bullionstacking,alive,channel,Bullion Stacking,2,,2022-02-06T01:58:55+00:00,0,0,,"News, tips and resources for anyone wanting to buy gold and silver.",200,2026-09-30T17:38:29+00:00
Tamil_Movies_hd,alive,channel_no_preview,Join @hollywood_series_movies_hd,1699,,,,,,Upload Language: #Tamil #telugu #malayalam #Hindi #english #kannada,200,2026-09-30T17:38:31+00:00
phoenixtradersx,empty_page,,,,,,,,,"If you have  Telegram , you can contact  @phoenixtradersx  right away.",200,2026-09-30T17:38:33+00:00
bfxannouncements,alive,channel,Bitfinex Announcements,1470,,2026-09-24T10:33:15+00:00,1,1,,Official announcements from the Bitfinex team.,200,2026-09-30T17:38:36+00:00
catchain,alive,channel,"CAT — TON Validator, Apps and News",7010,,2026-09-18T12:05:30+00:00,0,7,,"Hot news, services and announces from validator of The Open Network.",200,2026-09-30T17:38:38+00:00
TradeLogIN,alive,group,KİMSESİZLER YER ALTI 2,,451,,,,kimsesizleryeralti,https://t.me/kimsesizleryeralti gruba davetlisiniz,200,2026-09-30T17:38:41+00:00
canalexrp,alive,channel,Ripple XRP | Breaking News,2520,,2026-09-22T18:52:10+00:00,0,16,,Useful News & Updates about Ripple and XRP,200,2026-09-30T17:38:43+00:00
te_food,alive,channel,TE-FOOD (TONE) Announcements,724,,2024-04-08T08:26:42+00:00,0,0,,TE-FOOD news and announcements,200,2026-09-30T17:38:45+00:00
GoldTradingPK,alive,channel,GOLD TRADING PK,6720,,2026-09-30T15:14:39+00:00,20,20,teampk_trader,"Welcome to Gold Trading PK! Your go-to source for gold trading insights, market updates, and expert tips. Join us for real-time analysis, trading strategies, and discussions to help you ( Educational Purpose )  | Owner :  @teampk_trader  |",200,2026-09-30T17:38:48+00:00
betprotocol_announcements,alive,channel,betprotocol_announcements,,,2024-10-20T19:47:31+00:00,0,0,,,200,2026-09-30T17:38:50+00:00
cryptonomist_english,alive,channel,The Cryptonomist,599,,2026-09-30T16:13:04+00:00,20,20,,"This is the official English channel for  Cryptonomist.ch/en  The Cryptonomist - Reporting the Future - The latest news about NFT, trading, crypto and fintech",200,2026-09-30T17:38:53+00:00
bitcoinmemes,alive,channel,Bitcoin Memes,6350,,2026-09-25T12:16:22+00:00,1,8,PepeTheFrog bitcoin_memes_chat,send memes:  @PepeTheFrog   chat:  @bitcoin_memes_chat,200,2026-09-30T17:38:55+00:00
cbondsglobal,alive,channel_no_preview,Cbonds: Global Bond Market,1616,,,,,,International Bond News  📑Partnership: smm@cbonds.info,200,2026-09-30T17:38:57+00:00
khona_cele,alive,channel,FOREX TRADERS ONLY!,321,,2022-09-15T21:17:10+00:00,0,0,Arcadia97hunnit,Telegram:  @Arcadia97hunnit   Facebook page:  https://www.facebook.com/DaytonaArcadia/,200,2026-09-30T17:39:00+00:00
cryptoatlas_io,alive,channel_no_preview,CryptoAtlas: The Latest News From the Crypto Space 🌐,594,,,,,,,200,2026-09-30T17:39:02+00:00
allpremiumleaks,empty_page,,,,,,,,,"If you have  Telegram , you can contact  @allpremiumleaks  right away.",200,2026-09-30T17:39:04+00:00
cryptochan_pricevolumepulse,alive,channel,Coins Volume Pulse - Coinalert.me,1160,,2026-09-29T12:38:03+00:00,7,20,coins_volume_pulse,Due the rebranding channel moving to new address:  https://t.me/coins_volume_pulse  This channel will stop updating after November 1st.  Канал переезжает на новый адрес:  https://t.me/coins_volume_pulse  Обновление данного канала прекратится с 1 ноября.,200,2026-09-30T17:39:06+00:00
historyyoutube,alive,channel,История всего,3770,,2026-09-29T13:00:41+00:00,2,5,,Поддержите нас на патреоне  https://www.patreon.com/history_of_everything,200,2026-09-30T17:39:09+00:00
techcrunchcom,alive,channel,TechCrunch,4930,,2026-09-30T16:54:09+00:00,20,20,,Startup and Technology News.   https://techcrunch.com,200,2026-09-30T17:39:16+00:00
r_Bitcoin,alive,channel,r/Bitcoin,1290,,2026-09-30T17:37:16+00:00,20,20,,r/Bitcoin,200,2026-09-30T17:39:19+00:00
AshWSB,alive,channel,ASH WSB,4,,2022-10-12T17:53:15+00:00,0,0,,,200,2026-09-30T17:39:21+00:00
ethereumdapps,alive,channel,Ethereum DAPPS,465,,2026-09-29T01:37:31+00:00,1,4,altcoin bitchannelsbot bitcoinaccepted bitcoinchannel bitcoinsignals,"Ethereum & DAPPS news and updates.  Contact / proposals, message   👉🏼    @bitchannelsbot   Bitcoin news:  @bitcoinchannel    📢   Trading signals:  @bitcoinsignals    ⏰   Altcoin news:  @altcoin    📣   BTC shops:  @bitcoinaccepted    🛍",200,2026-09-30T17:39:23+00:00
Gumboleaks,alive,channel_no_preview,G Calls,417,,,,,,Trade journal/thoughts/trade plans,200,2026-09-30T17:39:26+00:00
crypto_inferno,empty_page,,,,,,,,,"If you have  Telegram , you can contact  @crypto_inferno  right away.",200,2026-09-30T17:39:28+00:00
crypto_lions,empty_page,,,,,,,,,"If you have  Telegram , you can contact  @crypto_lions  right away.",200,2026-09-30T17:39:30+00:00
actiontokenslive,alive,channel,Action Tokens - News & Releases | Will Not DM You,100,,2026-09-12T09:19:14+00:00,0,2,,The Official Release Channel of Action Tokens,200,2026-09-30T17:39:32+00:00
BinanceWaves,alive,channel,Crypto Waves,21200,,2026-09-24T13:22:47+00:00,4,15,,Play with the Whales   Disclaimer: Non Financial Advice. whales somtime lose   😢,200,2026-09-30T17:39:35+00:00
markets_signal,alive,channel,Markets Signals  💼,11,,2025-09-23T02:57:29+00:00,0,0,,"This is an official signal channel of Market Finance, where you get free trading signals for both crypto, forex and indices |   🆓   Note:: NO SIGNAL IS 100% SURE... 80/100 signal is guaranteed   🤗",200,2026-09-30T17:39:37+00:00
INVESTIGATIONSINOPHTHALMOLOGY,empty_page,,,,,,,,,"If you have  Telegram , you can view posts by  @INVESTIGATIONSINOPHTHALMOLOGY  right away.",200,2026-09-30T17:39:39+00:00
zettt_trading,alive,channel,Zettt's Trading Journal,82,,2026-07-01T11:59:12+00:00,0,0,,"Optimizing code, trading strategies, and trail splits.",200,2026-09-30T17:39:42+00:00
Kuroodo_D,empty_page,,,,,,,,,"If you have  Telegram , you can contact  @Kuroodo_D  right away.",200,2026-09-30T17:39:44+00:00
rodaskarov,alive,channel,Rod Askarov,544,,2026-09-30T08:51:15+00:00,10,20,,Serial Entrepreneur | Forbes 30U30 | Fintech/AI |  forbes.com/profile/rod-askarov/,200,2026-09-30T17:39:46+00:00
rko120,alive,channel_no_preview,Fallen Soldier Shop | Stock Updates | https://rko12.com,1646,,,,,,https://rko12.com,200,2026-09-30T17:39:49+00:00
updatejago,alive,channel,High Gold,104,,2022-08-01T12:24:09+00:00,0,0,,All accounts can be fixed and all who wants to invest can join. ALL HIGH GOLD ACCOUNTS FACING PROBLEMS SHOULD DM HERE.,200,2026-09-30T17:39:51+00:00
shentonwaybets,alive,channel,ShentonWayBets,250,,2026-02-05T11:55:33+00:00,0,0,Fixed_Deposits m3dtrade3,SGX   🇸🇬   | Wall Street   🇺🇲   | Crypto   🔑     @Fixed_Deposits   https://t.me/m3dtrade3    Disclaimer: This is not financial advice. Any message sent from this Telegram channel does not constitute a call to buy or sell any securities.,200,2026-09-30T17:39:59+00:00
cryptobuyit,alive,channel,Crypto buys,177,,2022-07-27T18:26:06+00:00,0,0,,Just your one stop crypto news shop.  For up-to-date news on crypto coins.  Read fast   So you can be  Crypt.to.buy.it,200,2026-09-30T17:40:01+00:00
bitcoinmagazinefeed,alive,channel,Bitcoin Magazine Feed,192,,2024-01-22T15:12:18+00:00,0,0,,,200,2026-09-30T17:40:04+00:00
CryptoDecentralized,alive,channel,Crypto Newsfeed,23,,2026-09-29T04:48:22+00:00,20,20,,"FUD vs FOMO! Bears vs Bulls! Premium cryptocurrency news aggregator and important alerts For informational purposes only. not offered or intended to be used as legal, tax, investment, financial advice",200,2026-09-30T17:40:06+00:00
Mpireforex_telegram,alive,channel,MPIRE FOREX  📊    💸    💰,1020,,2022-11-17T18:03:20+00:00,0,0,,MPIRE FX  📈    💵    📉    - MT4 REGISTERED SYSTEM INSTRUCTIONS / PLUG N’PLAY  👨🏼‍💻    👩🏽‍💻    💵    💵   - FREE SIGNALS WEEKLY (Once/Twice a Week)  📉   - MPIRE FX STUDENT RESULTS  🐺    📈   - NO INVESTMENTS  ❌    • IF YOU WISH TO JOIN THE WOLF TEAM FULL TIME OR MONTHLY - 081 851 7229,200,2026-09-30T17:40:09+00:00
Quantfurians,alive,channel,Leus Love Quantfury,,,2023-01-01T14:01:46+00:00,0,0,,,200,2026-09-30T17:40:11+00:00
electroBOOM,empty_page,,,,,,,,,"If you have  Telegram , you can contact  @electroBOOM  right away.",200,2026-09-30T17:40:13+00:00
WolfCryptoAnnounce,alive,channel,Wolf Crypto ANN,29,,2021-03-17T02:56:02+00:00,0,0,,,200,2026-09-30T17:40:15+00:00
botje11,alive,channel,Botje11,4250,,2026-09-20T16:23:50+00:00,0,5,,,200,2026-09-30T17:40:18+00:00
Cointelegraph_de_newsbot,alive,channel,COINTELEGRAPH DE,66,,2026-03-01T13:16:06+00:00,0,0,blockchainpionier btcecho_newsbot cointelegraph_de_newsbot,RSS-Feed für Cointelegraph DE (Unofficial)  BTC ECHO NEWS RSS FEED (Unofficial)  @btcecho_newsbot   COINTELEGRAPH NEWS RSS FEED  @cointelegraph_de_newsbot   Kontakt:  @blockchainpionier,200,2026-09-30T17:40:25+00:00
cryptoland_en,alive,channel,CryptoLand  ™   Signal | Analysis | News,153000,,2026-09-30T17:24:56+00:00,20,20,CryptoLandHub Estavi,"Real-time crypto signals, analysis & news. Data-driven insights for smarter trading.    💬   Community Group:  @CryptoLandHub    🐦    x.com/CryptoLandApp    📸    instagram.com/CryptoLandApp      👤   Owner:  @Estavi",200,2026-09-30T17:40:28+00:00
powerledgerANN,alive,channel,Powerledger Announcements,2250,,2026-04-30T06:28:46+00:00,0,0,,"This channel is dedicated to media, interviews, articles, updates and announcements relating to Powerledger.",200,2026-09-30T17:40:30+00:00
Crypto_Pumps_Binancee,alive,channel,Crypto Pumps Binance,7690,,2024-03-09T09:38:33+00:00,0,0,CrypticPumps CrypticTradingBot Crypto_Binance_Bitcoin Crypto_Trading_Bitcoin Signals_Binance_Trading,💻   Crypto Channels:  @CrypticPumps   @Crypto_Trading_Bitcoin   @Signals_Binance_Trading   @Crypto_Binance_Bitcoin   ✪ Crypto Pumps Binance ✪    ➡️   VIP Signals:  @CrypticTradingBot,200,2026-09-30T17:40:33+00:00
fullycrypto_official,alive,channel_no_preview,FullyCrypto,32,,,,,,"Home of the latest bitcoin, ethereum, blockchain, mining, and cryptocurrency price news, plus so much more.",200,2026-09-30T17:40:35+00:00
CoinomiWallet,alive,channel,Coinomi | Official Announcements Channel,1370,,2026-09-09T12:42:02+00:00,0,1,brenny_coinomi coinomi_official fer_kw jan_coinomi,Coinomi Wallet :: Bitcoin Ethereum Altcoins Tokens  Live support and discoussion group:  @coinomi_official   Admins:  @brenny_coinomi   @jan_coinomi   @fer_kw,200,2026-09-30T17:40:37+00:00
diddycarterico,empty_page,,,,,,,,,"If you have  Telegram , you can contact  @diddycarterico  right away.",200,2026-09-30T17:40:40+00:00
curvefiann,alive,channel,Curve Finance,1560,,2026-09-30T12:28:51+00:00,4,20,,All the latest and official updates from  https://www.curve.finance/    https://x.com/curvefinance?s=21,200,2026-09-30T17:40:42+00:00
kryptoleaks,empty_page,,,,,,,,,"If you have  Telegram , you can contact  @kryptoleaks  right away.",200,2026-09-30T17:40:44+00:00
Goldaktien,alive,channel,1000 Bagger Report,123,,2026-09-28T20:22:34+00:00,20,20,,REICH MIT GOLDAKTIEN  https://gebert-trade.weebly.com/report.html,200,2026-09-30T17:40:47+00:00
sure_means_sure,empty_page,,,,,,,,,"If you have  Telegram , you can view posts by  @sure_means_sure  right away.",200,2026-09-30T17:40:49+00:00
buternbread,alive,channel,Bread&Butter,210,,2023-12-12T22:04:10+00:00,0,0,mvkadmin,It's all about crypto!  For contact please  @mvkadmin,200,2026-09-30T17:40:52+00:00
otcroom,alive,channel,The OTC Room - Announcements,1580,,2021-11-18T23:26:53+00:00,0,0,,Announcement channel for The OTC Room,200,2026-09-30T17:40:55+00:00
reddit_wallstreetbets,alive,channel,WSB,12,,2023-10-09T07:21:19+00:00,0,0,reddit_mirrors,Mirror of /r/wallsteetbets  More channels at  @reddit_mirrors,200,2026-09-30T17:40:57+00:00
TRONannouncements,alive,channel_no_preview,The Intelligent Shitcoinestor,772,,,,,,,200,2026-09-30T17:40:59+00:00
Cryptofuturetrade_cryptocurrency,empty_page,,,,,,,,,"If you have  Telegram , you can contact  @Cryptofuturetrade_cryptocurrency  right away.",200,2026-09-30T17:41:02+00:00
paTopaTinyo,alive,channel,🛸   paToz   👽,570,,2025-08-09T16:48:12+00:00,0,0,,welcome home..  ancientbeging - no legal advice  always do your own research........!,200,2026-09-30T17:41:04+00:00
cryptovigilante,empty_page,,,,,,,,,"If you have  Telegram , you can contact  @cryptovigilante  right away.",200,2026-09-30T17:41:06+00:00
BetWagon,alive,channel,YDC_ANALYSIS,214,,2022-10-01T15:12:12+00:00,0,0,,The best Telegram channel with football tips and analysis!  The leading roadpath to wealth   💪       💰  90% accurate on daily free tips   ⚽️  Popular leagues coverage,200,2026-09-30T17:41:09+00:00
CryptoArnieANN,empty_page,,,,,,,,,"If you have  Telegram , you can contact  @CryptoArnieANN  right away.",200,2026-09-30T17:41:11+00:00
traderanalysis,alive,channel_no_preview,‏Trader Analysis Spx 🇸🇦,847,,,,,,"القناه العامة      - التحليل الفني ( لـ  الاوبشن , الاسهم , الشركات ). * بنـاء على النظره الفنيه والماليه يتم النشر في هذا القناة  لغرض التعليم والفائدة وننصح بالتداول بالمحفظه التجريبيه وقرار البيع والشراء مسؤوليتك 📝",200,2026-09-30T17:41:13+00:00
internetkz,alive,channel,Ни единого разрыва!,459,,2023-05-19T02:03:18+00:00,0,0,,Индикатор технических проблем соцсетей и Youtube в РК,200,2026-09-30T17:41:16+00:00
basedbiztelegram,alive,channel_no_preview,Go to @slashbizchannel,238,,,,,slashbiz slashbizchannel,Deprecated due to telegram censorship for app stores users Chat -  @slashbiz  Current channel -  @slashbizchannel,200,2026-09-30T17:41:18+00:00
rialtaxibot1,empty_page,,,,,,,,,"If you have  Telegram , you can contact  @rialtaxibot1  right away.",200,2026-09-30T17:41:20+00:00
GRANDMASTERSIFUJI,alive,channel_no_preview,Binany paid signal ✅,88,,,,,,,200,2026-09-30T17:41:23+00:00
dfinity_announcements,alive,channel_no_preview,DFINITY Announcements    [ SCAM ],384,,,,,,dfinity,200,2026-09-30T17:41:25+00:00
startups_tg,alive,channel,Startups & VC,157,,2022-10-08T15:33:58+00:00,0,0,,,200,2026-09-30T17:41:27+00:00
cobinhoodnews,alive,channel,COBINHOOD News,218,,2021-10-11T08:12:29+00:00,0,0,,,200,2026-09-30T17:41:29+00:00
smarttradecoinofficial,alive,channel,Account no more exists,6210,,2023-07-22T14:31:13+00:00,0,0,,account no more exist,200,2026-09-30T17:41:32+00:00
MacroCRG1,alive,channel,CRG,3,,2026-09-30T12:48:23+00:00,14,14,,,200,2026-09-30T17:41:59+00:00
mineschnerLtd,empty_page,,,,,,,,,"If you have  Telegram , you can contact  @mineschnerLtd  right away.",200,2026-09-30T17:42:02+00:00
FoxesHourlies,alive,channel,HourlyBots,418,,2025-12-03T01:42:31+00:00,0,0,,You can contact support at support@tinyfox.dev,200,2026-09-30T17:42:04+00:00
stellarguard,alive,channel,Stellar Guard,71,,2022-06-16T18:58:36+00:00,0,0,,,200,2026-09-30T17:42:06+00:00
cryptotraderlibrary,empty_page,,,,,,,,,"If you have  Telegram , you can contact  @cryptotraderlibrary  right away.",200,2026-09-30T17:42:08+00:00
BitcoinKarl,alive,channel_no_preview,Karl T's Bitcoin Channel,510,,,,,,An educational channel for nationalists who are interested in the latest Bitcoin info. Hosted by Karl Thorburn.,200,2026-09-30T17:42:11+00:00
videocoinannouncements,alive,channel_no_preview,Vivid Labs Announcements,151,,,,,,"Decentralized Video Encoding, Storage, and CDN. Find out more at the official project website www.videocoin.io",200,2026-09-30T17:42:13+00:00
spicytkn,alive,channel,Spicy Token,35,,2021-08-24T22:24:27+00:00,0,0,,,200,2026-09-30T17:42:15+00:00
minterdev_en,alive,channel,Minter Dev Notifications,37,,2023-08-13T06:30:58+00:00,0,0,,Notifications about new Minter Blockchain versions and features,200,2026-09-30T17:42:18+00:00
Insights1234,empty_page,,,,,,,,,"If you have  Telegram , you can contact  @Insights1234  right away.",200,2026-09-30T17:42:20+00:00
ultraearning123,alive,channel,👑  AIRDROP LOOTER  ™,145,,2022-10-11T14:02:06+00:00,0,0,,🌹  ᴡᴇʟᴄᴏᴍᴇ ɪɴ ᴏᴜʀ ᴄʜᴀɴɴᴇʟ  🌹                 😎  ʀᴏᴀᴅ ᴛᴏ 10k  😎          💠   JOIN LEGIT AIRDROPS    💠   DISCUSSION GROUP    💠   SEND REFERRAL LINKS   💠   KEEP MAKING MONEY    💠   JOIN GIVEAWAY,200,2026-09-30T17:42:22+00:00
lazyforexsa,alive,channel,LAZY FOREX SYTHETICS,190,,2023-03-28T02:26:22+00:00,0,0,,Forex trading made easy  👑   IN GOD WE TRUST  💙       https://www.youtube.com/watch?v=OiW98z1sU-A&t=55s,200,2026-09-30T17:42:25+00:00
wallstreetbetsannouncements,alive,channel,[ANN] WallStreetBets   💎    🙌🏻,5050,,2026-09-03T16:54:11+00:00,0,2,WallStreetBets,"[ANN] channel for  @WallStreetBets   Disclaimer: nothing said by the adminstrators should be contrued as financial advice, do your own DD/research.",200,2026-09-30T17:42:27+00:00
suppoinuofficial,empty_page,,,,,,,,,"If you have  Telegram , you can contact  @suppoinuofficial  right away.",200,2026-09-30T17:42:29+00:00
cryp2gemann,empty_page,,,,,,,,,"If you have  Telegram , you can contact  @cryp2gemann  right away.",200,2026-09-30T17:42:32+00:00
prizmrates,alive,channel,Курсы Prizm на биржах (ежеминутные),913,,2025-05-18T23:11:02+00:00,0,0,BitcoinBinanceRates,Данный канал создан для аудитории пользователей криптовалюты Prizm для мониторинга курса монеты на биржах.  Мониторинг курса BTC на бирже Binance -  @BitcoinBinanceRates,200,2026-09-30T17:42:34+00:00
minter_alert,alive,channel,Minter Whales,200,,2021-10-28T12:00:03+00:00,0,0,minter_crabs minter_monkeys,Watch out for Minter whales! Transactions over 99 999 BIP  Check also:  @minter_crabs  &  @minter_monkeys   BUY / SELL BIP:  https://teleg.link/BIP_Banker_bot?start=affiliate-bLfcAqYdvuGS,200,2026-09-30T17:42:36+00:00
GenkoChamber,alive,channel,Genko (CryptoChibi) - GC,80,,2021-08-08T03:41:24+00:00,0,0,,Most Educated CryptoCurrency Channel,200,2026-09-30T17:42:39+00:00
OhHeyMattyAnnouncement,alive,channel_no_preview,OhHeyMatty Announcement Channel    [ SCAM ],88,,,,,,A place for general announcements for my Youtube followers.,200,2026-09-30T17:42:41+00:00
Tradingfxchannel,empty_page,,,,,,,,,"If you have  Telegram , you can contact  @Tradingfxchannel  right away.",200,2026-09-30T17:42:44+00:00
ICOReview,empty_page,,,,,,,,,"If you have  Telegram , you can contact  @ICOReview  right away.",200,2026-09-30T17:42:46+00:00
cointified,empty_page,,,,,,,,,"If you have  Telegram , you can contact  @cointified  right away.",200,2026-09-30T17:42:48+00:00
LORDFOREXWORD,alive,channel,FX-WORLD WIDE,101,,2025-04-04T08:03:08+00:00,0,0,,THE FREE WORLD OF TRADING SKILLS,200,2026-09-30T17:42:51+00:00
crypto_senpai,alive,user_or_bot,Dilshan Senarathna,,,,,,,,200,2026-09-30T17:42:53+00:00
datalightme,empty_page,,,,,,,,,"If you have  Telegram , you can contact  @datalightme  right away.",200,2026-09-30T17:42:55+00:00
AllUniSwapListings,alive,channel,All Uniswap Listings,2930,,2022-06-20T19:12:05+00:00,0,0,,"Get a instant notification of all listings on Uniswap V2! Please do NOT PM for promotional purposes, thank you!",200,2026-09-30T17:42:58+00:00
origoofficial,empty_page,,,,,,,,,"If you have  Telegram , you can contact  @origoofficial  right away.",200,2026-09-30T17:43:00+00:00
top100wallet,alive,channel,Монитор топ100 BTC-адресов,142,,2022-02-10T18:29:34+00:00,0,0,dmitriyDelov,"Бот собирает данные о входящих/исходящих транзакциях на крупнейших 100 биткоин адресах, которые суммируются и публикуются ежедневно в 12:00 (по МСК). По всем вопросам:  @dmitriyDelov",200,2026-09-30T17:43:02+00:00
absolutelysasha,empty_page,,,,,,,,,"If you have  Telegram , you can contact  @absolutelysasha  right away.",200,2026-09-30T17:43:05+00:00
bearmageddon,empty_page,,,,,,,,,"If you have  Telegram , you can contact  @bearmageddon  right away.",200,2026-09-30T17:43:07+00:00
TheKingsMarket,empty_page,,,,,,,,,"If you have  Telegram , you can contact  @TheKingsMarket  right away.",200,2026-09-30T17:43:09+00:00
CoinAgg,alive,channel,Crypto News Feed,183,,2026-09-30T17:21:45+00:00,20,20,,,200,2026-09-30T17:43:12+00:00
MadRange,empty_page,,,,,,,,,"If you have  Telegram , you can view posts by  @MadRange  right away.",200,2026-09-30T17:43:14+00:00
TroyTrade_Channel,alive,channel,TROY Announcements,743,,2020-09-11T07:57:07+00:00,0,0,,"Troy Trade, derived from Troy Network, is a global prime broker specialized in crypto asset trading. We provide crypto brokerage services for institutional-grade capital and professional traders with revolutionary trading products.",200,2026-09-30T17:43:16+00:00
coindesknew,alive,channel,coin_news,2009,,2021-08-26T19:46:08+00:00,0,0,,Convenient way to get news from  coindesk.com  coindesknews@gmail.com,200,2026-09-30T17:43:19+00:00
LebaneseLira,empty_page,,,,,,,,,"If you have  Telegram , you can contact  @LebaneseLira  right away.",200,2026-09-30T17:43:21+00:00
AllthingsTA,empty_page,,,,,,,,,"If you have  Telegram , you can contact  @AllthingsTA  right away.",200,2026-09-30T17:43:24+00:00
RCNtalk,empty_page,,,,,,,,,"If you have  Telegram , you can contact  @RCNtalk  right away.",200,2026-09-30T17:43:26+00:00
BCMPromotionsANN,empty_page,,,,,,,,,"If you have  Telegram , you can contact  @BCMPromotionsANN  right away.",200,2026-09-30T17:43:28+00:00
tippytipss,empty_page,,,,,,,,,"If you have  Telegram , you can contact  @tippytipss  right away.",200,2026-09-30T17:43:30+00:00
AccountStoreHub,alive,channel,Bgmi players,91,,2022-01-23T05:06:59+00:00,0,0,,,200,2026-09-30T17:43:33+00:00
CryptoOwnersUnite,alive,channel,CryptoOwnersUnite  ™  طالب العلم,720,,2024-12-04T15:37:01+00:00,0,0,,Crypto Owners Unite is A Team of professional Analyst. we provide  Daily&Short Term signals / Swing trades Based on Technical analysis & fundamental analyst. All of our work comes for free to help you in this wild market.  we ask Allah reconcile and repay,200,2026-09-30T17:43:35+00:00
spaceport,alive,channel,Space Port,47,,2021-08-25T17:46:25+00:00,0,0,,A Wretched Hive of Scum and Villainy,200,2026-09-30T17:43:38+00:00
Crypto_Binance_Trading,empty_page,,,,,,,,,"If you have  Telegram , you can contact  @Crypto_Binance_Trading  right away.",200,2026-09-30T17:43:40+00:00
razzleton,empty_page,,,,,,,,,"If you have  Telegram , you can contact  @razzleton  right away.",200,2026-09-30T17:43:42+00:00
cryptoanalystco,alive,channel,CryptoAnalyst.co,112,,2019-02-05T14:40:07+00:00,0,0,nicolo_st,"Daily news updates straight from our website,  CryptoAnalyst.co  , delivered straight to your Telegram inbox!  Message  @nicolo_st  for business enquiries.  Investment Advice Disclaimer:  http://cryptoanaly.st/crypt44ad",200,2026-09-30T17:43:45+00:00
kryptsu,alive,channel,Kryptsu,371,,2021-12-14T11:20:37+00:00,0,0,,Emerging tech for the innovative investor,200,2026-09-30T17:43:47+00:00
thegoldminetrades,alive,channel,Thegoldminetrades,95,,2019-08-21T09:27:45+00:00,0,0,thegoldmineadmin,CRYPTO AND BINARY TRADING SOCIAL MEDIA MARKETING  OUTSOURCING  FREELANCING  INSTAGRAM FOLLOWERS YOUTUBE SUBSCRIBERS FACEBOOK FOLLOWERS TWITTER FOLLOWERS TELEGRAM PROMOTION CHANNEL MEMBERS ACCOUNT MANAGEMENT ACCOUNT VERIFICATION   @thegoldmineadmin,200,2026-09-30T17:43:49+00:00
bzntm_events,alive,channel,BYZANTIUM | EVENTS,44,,2019-12-31T13:32:12+00:00,0,0,,Track the world of blockchain events |  events.BZNTM.com,200,2026-09-30T17:43:52+00:00
Paretoscam,empty_page,,,,,,,,,"If you have  Telegram , you can contact  @Paretoscam  right away.",200,2026-09-30T17:43:54+00:00
chadnews,alive,channel,$DEC Head CHAD NEWS,85,,2021-11-01T16:14:00+00:00,0,0,,$DEC is a helluva drug!,200,2026-09-30T17:43:56+00:00
whalebotalerts,alive,channel,WhaleBot Alerts   🐳,144000,,2026-09-30T16:00:05+00:00,20,20,CryptoAquarium CryptoWhaleBot WhaleBotPumps WhaleBotRektd icebergy,"The official  @CryptoWhaleBot  channel for crypto and bitcoin price action, social media analytics, news, and more!  Liquidations:  @WhaleBotRektd   Alt Monitor:  @WhaleBotPumps   Chat:   @CryptoAquarium   dev:   @icebergy",200,2026-09-30T17:43:59+00:00
TENETMovieHD1,empty_page,,,,,,,,,"If you have  Telegram , you can contact  @TENETMovieHD1  right away.",200,2026-09-30T17:44:01+00:00
free_binany_signal,empty_page,,,,,,,,,"If you have  Telegram , you can contact  @free_binany_signal  right away.",200,2026-09-30T17:44:03+00:00
whale_alert_io,alive,channel,Whale Alert,300000,,2026-09-30T17:34:28+00:00,20,20,,The most advanced  #blockchain  tracker and analytics system reporting large and interesting transactions as they happen. All data available through our API.,200,2026-09-30T17:44:06+00:00
Dollarvigilante1,empty_page,,,,,,,,,"If you have  Telegram , you can contact  @Dollarvigilante1  right away.",200,2026-09-30T17:44:08+00:00
cointrad,alive,channel,G.C.C.G.  ™,2840,,2025-10-03T18:05:58+00:00,0,0,,Global Crypto Consulting Group.  G.C.C.G.  ™   project is represented by a Professional Highly Qualified Analytical Team of Crypto-Traders.,200,2026-09-30T17:44:10+00:00
CryptoT,alive,channel,CryptoT,1600,,2024-05-02T01:34:53+00:00,0,0,CryptoT TonyCrypto VIP_Testimonials,Profit reports:  https://t.me/CryptoT/7557   Testimonials:  https://t.me/VIP_Testimonials     📌   Subscription form:  https://cryptot.io/become-a-member/     🧑🏻‍💻   Contact  @TonyCrypto   Web:  CryptoT.io,200,2026-09-30T17:44:12+00:00
chadsvcann,empty_page,,,,,,,,,"If you have  Telegram , you can contact  @chadsvcann  right away.",200,2026-09-30T17:44:15+00:00
silverhair717,empty_page,,,,,,,,,"If you have  Telegram , you can contact  @silverhair717  right away.",200,2026-09-30T17:44:17+00:00
cryptorhythmsofficial,alive,channel,Cryptorhythms Official,129,,2021-11-18T15:31:39+00:00,0,0,,"This will be the Announcement, News and Info Channel for CryptoRhythms Group. Welcome!  Maintained by: ILoveBitmex",200,2026-09-30T17:44:19+00:00
serendipitytradeacdemyopengroup,alive,channel,SERENDIPITY ACADEMY OPEN GROUP,1790,,2021-07-01T09:09:50+00:00,0,0,serendipitysignals,https://t.me/serendipitysignals,200,2026-09-30T17:44:22+00:00
Crypto_Baba_official1,empty_page,,,,,,,,,"If you have  Telegram , you can contact  @Crypto_Baba_official1  right away.",200,2026-09-30T17:44:24+00:00
uppsalafoundation,alive,channel,Sentinel Protocol Announcement,493,,2019-09-24T03:25:24+00:00,0,0,,An official radio broadcasting for public announcement,200,2026-09-30T17:44:26+00:00
StackedCrypto,alive,channel,Speak Ventures,3470,,2025-09-24T00:57:03+00:00,0,0,,Speak develops tools for builders and traders for the Solana Onchain Ecosystem   CA:  FoBeu5sdn91be9rCCf9uHnfHoGaZEqZnK6FGoNLxbonk,200,2026-09-30T17:44:29+00:00
whale_alert,alive,channel,Whale Alert,14200,,2020-03-11T08:19:07+00:00,0,0,,"Live tracking of large crypto transactions from and to exchanges and tether creations. Shows alerts for:  #BTC ,  #ETH ,  #USDt , and top 100  #ERC20  tokens  Mirrors tweets from:  https://twitter.com/whale_alert",200,2026-09-30T17:44:31+00:00
crypto_eli5,alive,channel_no_preview,crypto eli5,1068,,,,,banteg,blockchain exclusive mostly technical stuff editor:  @banteg,200,2026-09-30T17:44:33+00:00
CryptoExchangeListing,alive,channel,Crypto Exchange Listing,2730,,2022-08-29T12:05:12+00:00,0,0,,This channel aims to accurately predict the listing of a new token on an exchange before the official announcement.  Full description:  https://goo.gl/2z2k83   Contact:  https://goo.gl/sHf7gc,200,2026-09-30T17:44:36+00:00
live_tradings,alive,channel,Trading Expert,16,,2024-03-22T07:23:55+00:00,0,0,,,200,2026-09-30T17:44:38+00:00
PROCALLS,empty_page,,,,,,,,,"If you have  Telegram , you can contact  @PROCALLS  right away.",200,2026-09-30T17:44:41+00:00
DollarVigilanteB,empty_page,,,,,,,,,"If you have  Telegram , you can contact  @DollarVigilanteB  right away.",200,2026-09-30T17:44:43+00:00
ccncom,empty_page,,,,,,,,,"If you have  Telegram , you can contact  @ccncom  right away.",200,2026-09-30T17:44:46+00:00
CryptoCoinsGuides,alive,channel_no_preview,CryptoCoinsCoach Guides,2799,,,,,CryptoCoinsCoach,CCC.io important crypto guides  Follow our channel  @CryptoCoinsCoach  as well !,200,2026-09-30T17:44:48+00:00
lumigroup,alive,channel,Lumi Wallet Group,158,,2021-12-01T16:58:01+00:00,0,0,,"Official channel of  lumiwallet.com  Here you can find Lumi news, useful posts and links No support in telegram! All support queries here:  https://support.lumiwallet.com/",200,2026-09-30T17:44:50+00:00
LovelyFork,alive,channel,The Same Photo of a Fork Everyday,3690,,2026-09-29T16:41:01+00:00,7,20,,"**No Instagram, Facebook, or any other accounts**",200,2026-09-30T17:44:58+00:00
botomex,alive,channel,WhaleFuck,908,,2019-12-05T19:02:58+00:00,0,0,,Crypto screener,200,2026-09-30T17:45:01+00:00
tonorg,alive,channel,TON,1920,,2019-09-24T17:34:56+00:00,0,0,,Telegram Open Network,200,2026-09-30T17:45:03+00:00
ExpandAnnouncements,alive,channel,Expand Announcements,518,,2023-10-31T17:35:40+00:00,0,0,,Announcement Channel for Expand: The Protocol for Decentralized Mechanical Turk -  Expand.org  -  Twitter.com/XPN,200,2026-09-30T17:45:05+00:00
PledgecampNews,empty_page,,,,,,,,,"If you have  Telegram , you can contact  @PledgecampNews  right away.",200,2026-09-30T17:45:08+00:00
RamenswapAnnouncement,alive,channel,RamenSwap Announcement,358,,2021-05-02T23:04:43+00:00,0,0,,ramenswap.finance,200,2026-09-30T17:45:10+00:00
iCrypto,alive,channel,iCrypto,510,,2024-08-02T23:05:13+00:00,0,0,,Latest crypto news & market insights,200,2026-09-30T17:45:13+00:00
BitcoinExchangeGuide,alive,channel,BitcoinExchangeGuide.com,1110,,2021-12-31T18:39:45+00:00,0,0,,"Bitcoin, Cryptocurrency & Blockchain News",200,2026-09-30T17:45:15+00:00
forexfreeindicatorsforlife,alive,channel,MTWEALTH FOREX TRADING PTY)LTD,299,,2023-10-24T11:50:07+00:00,0,0,,,200,2026-09-30T17:45:23+00:00
sense_announcements,alive,channel,SENSE Official Announcements,135,,2019-12-05T19:18:05+00:00,0,0,,SENSE Official Announcements,200,2026-09-30T17:45:25+00:00
globalcryptoinvestment,alive,channel,ICA Updates,21,,2019-12-12T12:18:40+00:00,0,0,Tugito cryptosupprt,Welcome to International Crypto Association!We know we improve ourselves with our customers.For any questions or informations about our premium services: Membership/Paid Promotion:  @cryptosupprt   Cross:  @Tugito  Email: cryptoassociationchannel@gmail.com,200,2026-09-30T17:45:27+00:00
corporate_finance,alive,channel_no_preview,Mercury Finance,1164,,,,,Corpfinfeedback_bot,"We will help you to become a finance superstar! The contents of the channel: http://telegra.ph/Contents-06-18. If you have any questions or would like to share any materials - please, contact:  @Corpfinfeedback_bot",200,2026-09-30T17:45:30+00:00
CurrenciesknightFX,alive,channel_no_preview,Currencies knight's FX,400,,,,,Currenciesknights,"✳️Welcome To Currencies knight's FX✴️ We Provide E.A's, Trading System's and Free Signals. 📉Surround Yourself With Winners You won't Go Wrong 💎 To join VVIP Members Talk to me Admin  @Currenciesknights",200,2026-09-30T17:45:32+00:00
marketslive2,empty_page,,,,,,,,,"If you have  Telegram , you can contact  @marketslive2  right away.",200,2026-09-30T17:45:35+00:00
thewsresearches,empty_page,,,,,,,,,"If you have  Telegram , you can contact  @thewsresearches  right away.",200,2026-09-30T17:45:37+00:00
vugustfx,empty_page,,,,,,,,,"If you have  Telegram , you can contact  @vugustfx  right away.",200,2026-09-30T17:45:39+00:00
whalelive,alive,channel,🐳  Whale Live  🐳,732,,2023-08-26T10:36:53+00:00,0,0,AltSignals,cc  @AltSignals   BitMex/Bybit/Binance Long short rekts Buy sell data Bitmex 5m+ Binance 2m+ ByBit 2m+ Grouping of orders too Example  40x100k 15s< = 4m 4x1m 15s< = 4m Also hourly data  Enjoy fellas,200,2026-09-30T17:45:42+00:00
XtraUpdates,empty_page,,,,,,,,,"If you have  Telegram , you can contact  @XtraUpdates  right away.",200,2026-09-30T17:45:44+00:00
viewbase,empty_page,,,,,,,,,"If you have  Telegram , you can contact  @viewbase  right away.",200,2026-09-30T17:45:46+00:00
ConfidentialCryptoUpdates,empty_page,,,,,,,,,"If you have  Telegram , you can contact  @ConfidentialCryptoUpdates  right away.",200,2026-09-30T17:45:49+00:00
cryptoland74,empty_page,,,,,,,,,"If you have  Telegram , you can contact  @cryptoland74  right away.",200,2026-09-30T17:45:51+00:00
IoP_news,empty_page,,,,,,,,,"If you have  Telegram , you can contact  @IoP_news  right away.",200,2026-09-30T17:45:53+00:00
ExclusiveRecords,empty_page,,,,,,,,,"If you have  Telegram , you can contact  @ExclusiveRecords  right away.",200,2026-09-30T17:45:56+00:00
calvinandhobbes_c,alive,channel,Calvin & Hobbes | Comics,1200,,2025-12-31T06:30:00+00:00,0,0,CryptoBot addstickers calvinandhobbes_c,Calvin and Hobbes everyday! Boost us —  https://t.me/calvinandhobbes_c?boost  Stickers —  https://t.me/addstickers/calvinandhobbes_c  Donations —  http://t.me/CryptoBot?start=IVP50p1aaMnR  Buy and sell crypto —  http://t.me/CryptoBot?start=r-10447-market,200,2026-09-30T17:45:58+00:00
chimpmemes,empty_page,,,,,,,,,"If you have  Telegram , you can contact  @chimpmemes  right away.",200,2026-09-30T17:46:00+00:00
crypto_meme,alive,channel,#meme,326,,2021-11-08T08:53:39+00:00,0,0,nakamotocat,Best crypto memes in one place. Get one of your five-a-day!   contact -  @nakamotocat,200,2026-09-30T17:46:03+00:00
RevelationANN,empty_page,,,,,,,,,"If you have  Telegram , you can contact  @RevelationANN  right away.",200,2026-09-30T17:46:05+00:00
twocommafastlane,empty_page,,,,,,,,,"If you have  Telegram , you can contact  @twocommafastlane  right away.",200,2026-09-30T17:46:07+00:00
PolicyPal_ANN,empty_page,,,,,,,,,"If you have  Telegram , you can contact  @PolicyPal_ANN  right away.",200,2026-09-30T17:46:09+00:00
crushcryptoannouncement,alive,channel,Crush Crypto Announcement,303,,2019-03-11T21:49:44+00:00,0,0,cc_victor,"Real time notifications for all the reports from Crush Crypto. Feedback is always welcome, please message  @cc_victor .  Website:  https://crushcrypto.com/  Youtube:  https://www.youtube.com/CrushCrypto  Twitter:  https://twitter.com/CrushCrypto",200,2026-09-30T17:46:12+00:00
cryptovestcom,empty_page,,,,,,,,,"If you have  Telegram , you can contact  @cryptovestcom  right away.",200,2026-09-30T17:46:14+00:00
daily_links,empty_page,,,,,,,,,"If you have  Telegram , you can contact  @daily_links  right away.",200,2026-09-30T17:46:17+00:00
electrifyasia_announcements,alive,channel,Electrify.Asia (Announcements),374,,2020-02-26T11:59:32+00:00,0,0,,Official Announcement Channel for Electrify.Asia,200,2026-09-30T17:46:19+00:00
sharereality,empty_page,,,,,,,,,"If you have  Telegram , you can contact  @sharereality  right away.",200,2026-09-30T17:46:21+00:00
PikciochainAnn,empty_page,,,,,,,,,"If you have  Telegram , you can contact  @PikciochainAnn  right away.",200,2026-09-30T17:46:23+00:00
InvestorKaki,alive,channel_no_preview,"Forex/Stock Trading, Market News, Updates, Summary and Signals",227,,,,,,"We just share the forex, stock and market news summary and some signals.",200,2026-09-30T17:46:26+00:00
paymonchannel,empty_page,,,,,,,,,"If you have  Telegram , you can contact  @paymonchannel  right away.",200,2026-09-30T17:46:28+00:00
CryptoNewsNowGAB,alive,channel,CRYPTO NEWS NOW,179,,2022-01-22T08:20:43+00:00,0,0,,,200,2026-09-30T17:46:30+00:00
Premium4U,empty_page,,,,,,,,,"If you have  Telegram , you can contact  @Premium4U  right away.",200,2026-09-30T17:46:32+00:00
SamSmithTruth,empty_page,,,,,,,,,"If you have  Telegram , you can contact  @SamSmithTruth  right away.",200,2026-09-30T17:46:35+00:00
transferaapp,empty_page,,,,,,,,,"If you have  Telegram , you can contact  @transferaapp  right away.",200,2026-09-30T17:46:37+00:00
WalletWatchAlerts,empty_page,,,,,,,,,"If you have  Telegram , you can contact  @WalletWatchAlerts  right away.",200,2026-09-30T17:46:45+00:00
financialright,empty_page,,,,,,,,,"If you have  Telegram , you can contact  @financialright  right away.",200,2026-09-30T17:46:47+00:00
internationalcryptoassociation,alive,channel,International Crypto Association,61,,2019-12-12T12:31:03+00:00,0,0,Tugito cryptosupprt,Welcome to International Crypto Association!We know we improve ourselves with our customers.For any questions or informations about our premium services: Membership/Paid Promotion:  @cryptosupprt   Cross:  @Tugito  Email: cryptoassociationchannel@gmail.com,200,2026-09-30T17:46:49+00:00
palmcrypto,empty_page,,,,,,,,,"If you have  Telegram , you can contact  @palmcrypto  right away.",200,2026-09-30T17:46:51+00:00
bitpie_news,empty_page,,,,,,,,,"If you have  Telegram , you can contact  @bitpie_news  right away.",200,2026-09-30T17:46:54+00:00
changellypro,alive,channel,Changelly PRO,108,,2021-11-15T21:25:04+00:00,0,0,,The offical channel of Changelly PRO – a cryptocurrency exchange platform. Support – support@pro.changelly.com,200,2026-09-30T17:46:56+00:00
cryptotafree,alive,channel_no_preview,Tradingview Crypto Technical Analysis,138,,,,,cryptonewsEN cryptotafree forextafree stockstafree,"Technical Analysis Channels:  -Crypto:  @cryptotafree   -Stocks:  @stockstafree   -Forex, Index, Commodities:  @forextafree   -Crypto News:  @cryptonewsEN",200,2026-09-30T17:46:58+00:00
ICOsDailyAnn,empty_page,,,,,,,,,"If you have  Telegram , you can contact  @ICOsDailyAnn  right away.",200,2026-09-30T17:47:01+00:00
technoxinfo,alive,channel,TechnoX/TechnoSwap Information Channel!,67,,2023-07-01T05:18:23+00:00,0,0,,TechnoX is a decentralised public blockchain and cryptocurrency project and is fully open source. TecnhoX is developing a smart contract platform.,200,2026-09-30T17:47:03+00:00
SuppoScam,empty_page,,,,,,,,,"If you have  Telegram , you can contact  @SuppoScam  right away.",200,2026-09-30T17:47:05+00:00
HavenProtocolKing,alive,channel,Haven Protocol King   👑,51,,2021-12-24T06:26:36+00:00,0,0,,Haven is a  #DeFi  ecosystem of private assets with Monero privacy features.  $xUSD $xBTC $xAU $xAG $xEUR $xCNY $xAUD $xCHF $xGBP $xJPY now live.,200,2026-09-30T17:47:07+00:00
OtterWorld,empty_page,,,,,,,,,"If you have  Telegram , you can contact  @OtterWorld  right away.",200,2026-09-30T17:47:10+00:00
berichwithme_news,alive,channel,NEWS BERICHWITH.ME,53,,2019-12-04T09:32:00+00:00,0,0,,⭐  BERICHWITH.ME  ⭐   INDEPENDENT INVESTMENT REVIEWS -The best investment reviews monitor. -All Information you need for success. -Daily updates on your favorite projects.,200,2026-09-30T17:47:12+00:00
ArtemCryptoClub,empty_page,,,,,,,,,"If you have  Telegram , you can contact  @ArtemCryptoClub  right away.",200,2026-09-30T17:47:15+00:00
cointifystory,empty_page,,,,,,,,,"If you have  Telegram , you can contact  @cointifystory  right away.",200,2026-09-30T17:47:17+00:00
SpeedCashProof,alive,channel,Speed Cash Payment Proof,8,,2021-12-20T08:43:41+00:00,0,0,,,200,2026-09-30T17:47:19+00:00
theblockcrypto,empty_page,,,,,,,,,"If you have  Telegram , you can contact  @theblockcrypto  right away.",200,2026-09-30T17:47:21+00:00
WalCafe_2,empty_page,,,,,,,,,"If you have  Telegram , you can contact  @WalCafe_2  right away.",200,2026-09-30T17:47:24+00:00
blackstoneresultsvip,alive,channel,Blackstone Vip Results,41,,2023-09-09T06:50:42+00:00,0,0,,Important what we post here not singnals to buy at peaks . becouse any signals need update and follow up if the market change and we change targets  so if any one follow up them on his own risk / most of them risky to enter after reaches 1.2 target,200,2026-09-30T17:47:26+00:00
encryptotel,alive,channel,EncryptoTel_News,96,,2021-12-31T20:00:37+00:00,0,0,encryptotel encryptotelchat encryptotelrus,Secure VoIP and B2B blockchain communication infrastructure  Chats: RU:  https://t.me/encryptotelrus  EN:  https://t.me/encryptotelchat  NEWS:  https://t.me/encryptotel   Web sites:  https://encryptotel.com   https://swap.encryptotel.com  - eETT <> wETT,200,2026-09-30T17:47:28+00:00
BinaryDistrict,empty_page,,,,,,,,,"If you have  Telegram , you can contact  @BinaryDistrict  right away.",200,2026-09-30T17:47:31+00:00
PANDA_FINANCE_ANNOUCEMENT,empty_page,,,,,,,,,"If you have  Telegram , you can contact  @PANDA_FINANCE_ANNOUCEMENT  right away.",200,2026-09-30T17:47:33+00:00
PayPalmone,empty_page,,,,,,,,,"If you have  Telegram , you can contact  @PayPalmone  right away.",200,2026-09-30T17:47:36+00:00
addischain,empty_page,,,,,,,,,"If you have  Telegram , you can contact  @addischain  right away.",200,2026-09-30T17:47:39+00:00
samsmithmovement,empty_page,,,,,,,,,"If you have  Telegram , you can contact  @samsmithmovement  right away.",200,2026-09-30T17:47:41+00:00
primalbase,empty_page,,,,,,,,,"If you have  Telegram , you can contact  @primalbase  right away.",200,2026-09-30T17:47:43+00:00
forklogmedia,empty_page,,,,,,,,,"If you have  Telegram , you can contact  @forklogmedia  right away.",200,2026-09-30T17:47:46+00:00
olympzone,empty_page,,,,,,,,,"If you have  Telegram , you can contact  @olympzone  right away.",200,2026-09-30T17:47:48+00:00
grbairdrop,alive,channel,Free Airdrops,9,,2021-08-18T11:07:59+00:00,0,0,GrabAirdrop,@GrabAirdrop,200,2026-09-30T17:47:50+00:00
bitstarz_news,empty_page,,,,,,,,,"If you have  Telegram , you can contact  @bitstarz_news  right away.",200,2026-09-30T17:47:58+00:00
cryptowhalewilliee,alive,channel,WhaleGateConfidential,28,,2018-07-02T08:55:08+00:00,0,0,,,200,2026-09-30T17:48:00+00:00
MAJORROSHFOREX,empty_page,,,,,,,,,"If you have  Telegram , you can contact  @MAJORROSHFOREX  right away.",200,2026-09-30T17:48:02+00:00
DrGoldenpocket,empty_page,,,,,,,,,"If you have  Telegram , you can contact  @DrGoldenpocket  right away.",200,2026-09-30T17:48:05+00:00
MagicEats,empty_page,,,,,,,,,"If you have  Telegram , you can contact  @MagicEats  right away.",200,2026-09-30T17:48:07+00:00
cryptofreeSi,empty_page,,,,,,,,,"If you have  Telegram , you can contact  @cryptofreeSi  right away.",200,2026-09-30T17:48:09+00:00
KhivaPresidentialSchoolEnglish,alive,channel,English language Olympiad by Khiva Presidential School,19,,2020-06-04T14:46:44+00:00,0,0,,The Purpose of the channel is to sharpen students' knowledge of English and help them learn more while partaking in test,200,2026-09-30T17:48:11+00:00
fofoofomarket,empty_page,,,,,,,,,"If you have  Telegram , you can contact  @fofoofomarket  right away.",200,2026-09-30T17:48:14+00:00
tcfoundation,alive,channel,TON Community Foundation,28,,2020-03-30T17:11:18+00:00,0,0,,"https://ton-foundation.org  This is an open channel of TCF both for members and those who aren't. Yet.  Cases, sumaries, news.",200,2026-09-30T17:48:16+00:00
rhizomestream,empty_page,,,,,,,,,"If you have  Telegram , you can contact  @rhizomestream  right away.",200,2026-09-30T17:48:18+00:00
CoinNewsHome,empty_page,,,,,,,,,"If you have  Telegram , you can contact  @CoinNewsHome  right away.",200,2026-09-30T17:48:20+00:00
CRT_GRATIS_2ND,empty_page,,,,,,,,,"If you have  Telegram , you can contact  @CRT_GRATIS_2ND  right away.",200,2026-09-30T17:48:23+00:00
gram2223,empty_page,,,,,,,,,"If you have  Telegram , you can contact  @gram2223  right away.",200,2026-09-30T17:48:25+00:00
SamSmithLeaks,empty_page,,,,,,,,,"If you have  Telegram , you can contact  @SamSmithLeaks  right away.",200,2026-09-30T17:48:27+00:00
forexsignalselite,alive,channel,📈  VENOM FX TRIAL SIGNALS   📉,11,,2019-11-20T15:35:02+00:00,0,0,,📈  ALSO SUBSCRIBE TO THE YOUTUBE CHANNEL   📉     https://www.youtube.com/channel/UCKAL1kt9C4ibY4Pug2eaGLg     📊  FOREX SET UPS WILL BE UPLOADED AND PROFITS & STRATEGYS   📊,200,2026-09-30T17:48:30+00:00
cchainbreakers,empty_page,,,,,,,,,"If you have  Telegram , you can contact  @cchainbreakers  right away.",200,2026-09-30T17:48:32+00:00
VanomForex,empty_page,,,,,,,,,"If you have  Telegram , you can contact  @VanomForex  right away.",200,2026-09-30T17:48:34+00:00
changethatmatters,alive,channel,Change That Matters,24,,2020-11-01T00:42:32+00:00,0,0,,Political ads promoting the Democratic Party 2018 Platform,200,2026-09-30T17:48:37+00:00
labormanaged,empty_page,,,,,,,,,"If you have  Telegram , you can contact  @labormanaged  right away.",200,2026-09-30T17:48:39+00:00
tceofficial,empty_page,,,,,,,,,"If you have  Telegram , you can contact  @tceofficial  right away.",200,2026-09-30T17:48:41+00:00
legit_bitcoins,empty_page,,,,,,,,,"If you have  Telegram , you can contact  @legit_bitcoins  right away.",200,2026-09-30T17:48:44+00:00
forexarsonists,alive,channel,📊    💰  FOREX ARSONISTS  💰     📊,6,,2023-11-18T18:07:40+00:00,0,0,,We teach everything you wanna know about forex  📈    📉    💰    ✅   We sell some signals   📈    💰   Selling systems Mt4 vision R1200 Mt5 vision R1300  Join the winning team and make profits everyday.yy  🙏    ♥️    💰    ✅,200,2026-09-30T17:48:46+00:00
TraderMattM,empty_page,,,,,,,,,"If you have  Telegram , you can contact  @TraderMattM  right away.",200,2026-09-30T17:48:48+00:00
TheICOInvestigator,alive,channel,ICO Investigation,5,,2019-09-21T23:30:59+00:00,0,0,,"Comprehensive, concise, and unbiased ICO reviews",200,2026-09-30T17:48:51+00:00
EMPIRE_FOREX_TRADERS,empty_page,,,,,,,,,"If you have  Telegram , you can contact  @EMPIRE_FOREX_TRADERS  right away.",200,2026-09-30T17:48:53+00:00
CatariumDonate,alive,channel,Catarium Donate,4,,2021-04-29T22:59:56+00:00,0,0,,,200,2026-09-30T17:48:55+00:00
abitcoinqueen,empty_page,,,,,,,,,"If you have  Telegram , you can contact  @abitcoinqueen  right away.",200,2026-09-30T17:48:57+00:00
projectdefi2021,empty_page,,,,,,,,,"If you have  Telegram , you can contact  @projectdefi2021  right away.",200,2026-09-30T17:49:00+00:00
