channel,channel_title,channel_subs,channel_last_post,channel_status,group,group_title,group_members,group_msgs_7d,group_users_7d,group_free_msgs_7d,group_type,group_active,how_found,verified_by,manual_group,manual_scam_signals,checked_by,notes
@binance_announcements,Binance Announcements,3356336,2026-10-08,active,@binanceexchange,Binance English,332820,93,21,21,community,True,description linked_chat,script,,,,
@binance_announcements,Binance Announcements,3356336,2026-10-08,active,@BinanceChinese,币安官方中文群,268167,97,17,78,community_of_@x7rL7ony7EJkZjI1,True,description,script,,,,
@venture_tg,Venture Capital,2150138,2026-10-08,active,@solicoinchat,Solicoin chat 😁,7513,97,14,97,standalone,True,post_hidden,script,,,,
@Airdrop,@Airdrop,1132874,2026-09-28,active,@AirdropGroup,Airdrop Group,188521,100,35,15,community,True,description linked_chat manual,manual+script,https://t.me/AirdropGroup,,,
@Airdrop,@Airdrop,1132874,2026-09-28,active,@coinlotto_chat,CoinLotto Chat,414,100,54,59,community_of_@coinlotto_xyz,True,post post_hidden,script,https://t.me/AirdropGroup,,,
@Airdrop,@Airdrop,1132874,2026-09-28,active,@adspowerenchat,AdsPower Browser | Chat (EN),4908,100,49,80,community_of_@adspoweren,True,post post_hidden,script,https://t.me/AirdropGroup,,,
@Airdrop,@Airdrop,1132874,2026-09-28,active,@bitcoinbase_community,Bitcoin Base Community,32572,100,53,46,community_of_@bitcoinbase_news,True,post_hidden,script,https://t.me/AirdropGroup,,,
@Airdrop,@Airdrop,1132874,2026-09-28,active,@SweepGlobal_Chat,Sweep,37163,100,31,36,community_of_@SweepGlobal,True,post_hidden,script,https://t.me/AirdropGroup,,,
@Airdrop,@Airdrop,1132874,2026-09-28,active,@lithochat,Lithosphere (LITHO) Official Global,37900,97,30,63,community_of_@superlitho,True,post_hidden,script,https://t.me/AirdropGroup,,,
@Airdrop,@Airdrop,1132874,2026-09-28,active,@slidefunchat,Slide.fun Chat,42622,100,40,54,community_of_@Slidefunchannel,True,post_hidden,script,https://t.me/AirdropGroup,,,
@Airdrop,@Airdrop,1132874,2026-09-28,active,@iopndiscussion,IOPn | Discussion,111591,72,37,34,community_of_@iopn_io,True,post_hidden,script,https://t.me/AirdropGroup,,,
@Airdrop,@Airdrop,1132874,2026-09-28,active,@crypgptcommunity,CrypGPT Community,54166,100,15,28,community_of_@crypgpttoken,True,post_hidden,script,https://t.me/AirdropGroup,,,
@Airdrop,@Airdrop,1132874,2026-09-28,active,@sixrcommunity,SIXR COMMUNITY,15030,37,15,0,standalone,True,post_hidden,script,https://t.me/AirdropGroup,,,
@Airdrop,@Airdrop,1132874,2026-09-28,active,@biznanachannelchat,Biznana Community!,14904,100,27,11,standalone,True,post_hidden,script,https://t.me/AirdropGroup,,,
@Airdrop,@Airdrop,1132874,2026-09-28,active,@tokenforgeOfficialCommunity,tokenforge Community,5817,100,12,38,standalone,True,post_hidden,script,https://t.me/AirdropGroup,,,
@Airdrop,@Airdrop,1132874,2026-09-28,active,@LamineYamal_official_group,Lamine Yamal Official Group,6702,90,13,16,community_of_@LamineYamal_official_channel,True,post_hidden,script,https://t.me/AirdropGroup,,,
@Airdrop,@Airdrop,1132874,2026-09-28,active,@HuntFiChat,HuntFi Chat,1061,15,5,15,community_of_@HuntFiOfficial,True,post_hidden,script,https://t.me/AirdropGroup,,,
@Airdrop,@Airdrop,1132874,2026-09-28,active,@dac_chain,DAC | Quantum Chain,52133,100,66,75,standalone,True,post_mention,script,https://t.me/AirdropGroup,,,
@Airdrop,@Airdrop,1132874,2026-09-28,active,@recycletokens,Recycle Tokens | Launch on PUMPFUN 👁,91,82,21,69,standalone,True,post_hidden,script,https://t.me/AirdropGroup,,,
@Airdrop,@Airdrop,1132874,2026-09-28,active,@play_vice,VICE,483,29,11,18,standalone,True,post_hidden,script,https://t.me/AirdropGroup,,,
@Airdrop,@Airdrop,1132874,2026-09-28,active,@unitokenunic,UNIC Crypto (UNIC),7715,100,33,77,standalone,True,post_hidden,script,https://t.me/AirdropGroup,,,
@AirdropDetective,Airdrop Detective,1057432,2026-09-29,active,@Zycot_Support_Group,Zycot Support and Reward Group,4771,23,12,17,standalone,True,post post_hidden,script,MANY,,,
@AirdropDetective,Airdrop Detective,1057432,2026-09-29,active,@cancore_chat,Cancore [Chat],99561,100,62,66,community_of_@cancore_io,True,post post_hidden,script,MANY,,,
@AirdropDetective,Airdrop Detective,1057432,2026-09-29,active,@bitcoinbase_community,Bitcoin Base Community,32572,100,53,46,community_of_@bitcoinbase_news,True,post post_hidden,script,MANY,,,
@AirdropDetective,Airdrop Detective,1057432,2026-09-29,active,@PythoDEXCommunity,PythoDex Community,11605,51,21,22,standalone,True,post post_hidden,script,MANY,,,
@AirdropDetective,Airdrop Detective,1057432,2026-09-29,active,@slidefunchat,Slide.fun Chat,42622,100,40,54,community_of_@Slidefunchannel,True,post_hidden,script,MANY,,,
@AirdropDetective,Airdrop Detective,1057432,2026-09-29,active,@SweepGlobal_Chat,Sweep,37163,100,31,36,community_of_@SweepGlobal,True,post_hidden,script,MANY,,,
@AirdropDetective,Airdrop Detective,1057432,2026-09-29,active,@Meta_Earth_Community,Meta Earth Community,125465,100,28,38,community_of_@Meta_Earth_Announcement,True,post_hidden,script,MANY,,,
@AirdropDetective,Airdrop Detective,1057432,2026-09-29,active,@TopNodGroup,TopNod_Group,20140,100,25,24,standalone,True,post_hidden,script,MANY,,,
@AirdropDetective,Airdrop Detective,1057432,2026-09-29,active,@ScandicCoin_Group,SCANDIC COIN (SNC-Group),83650,30,13,19,community_of_@ScandicCoin,True,post_hidden,script,MANY,,,
@AirdropDetective,Airdrop Detective,1057432,2026-09-29,active,@mstblockchainchat,MST Blockchain Official Group,8638,93,57,68,community_of_@mstblockchain,True,post_hidden,script,MANY,,,
@AirdropDetective,Airdrop Detective,1057432,2026-09-29,active,@MeccaGlobalChat,MECCA Chat,31866,100,21,93,standalone,True,post_hidden,script,MANY,,,
@AirdropDetective,Airdrop Detective,1057432,2026-09-29,active,@iopndiscussion,IOPn | Discussion,111591,72,37,34,community_of_@iopn_io,True,post_hidden,script,MANY,,,
@AirdropDetective,Airdrop Detective,1057432,2026-09-29,active,@crypgptcommunity,CrypGPT Community,54166,100,15,28,community_of_@crypgpttoken,True,post_hidden,script,MANY,,,
@AirdropDetective,Airdrop Detective,1057432,2026-09-29,active,@biznanachannelchat,Biznana Community!,14904,100,27,11,standalone,True,post_hidden,script,MANY,,,
@AirdropDetective,Airdrop Detective,1057432,2026-09-29,active,@axionchatEn,Axion Community,12148,58,8,45,community_of_@Axioncoin1,True,post_hidden,script,MANY,,,
@AirdropDetective,Airdrop Detective,1057432,2026-09-29,active,@ExtsyCommunity,Extsy Community,19971,27,12,20,community_of_@ExtsyChannel,True,post_hidden,script,MANY,,,
@AirdropDetective,Airdrop Detective,1057432,2026-09-29,active,@rzto_io_chat,RZTO | Community chat,47868,100,11,100,community_of_@rztoio,True,post_hidden,script,MANY,,,
@AirdropDetective,Airdrop Detective,1057432,2026-09-29,active,@nodiens,Nodiens,38747,100,70,75,standalone,True,post_mention,script,MANY,,,
@AirdropDetective,Airdrop Detective,1057432,2026-09-29,active,@AgentAiCash,AGENT AI CASH,8204,100,49,59,community_of_@AgentAiCashAnn,True,post_hidden,script,MANY,,,
@AirdropDetective,Airdrop Detective,1057432,2026-09-29,active,@PowerXOne,PowerX One,3001,100,23,66,community_of_@PowerXOneAnnouncement,True,post_hidden,script,MANY,,,
@AirdropDetective,Airdrop Detective,1057432,2026-09-29,active,@HelloTelos,Telos Community,8822,77,22,46,standalone,True,post_hidden,script,MANY,,,
@AirdropDetective,Airdrop Detective,1057432,2026-09-29,active,@AirdropDetectiveSupport,Airdrop Detective Community 1,188187,100,96,78,standalone,True,description post_hidden,script,MANY,,,
@AirdropDetective,Airdrop Detective,1057432,2026-09-29,active,@miuro_ai,MIURO,12255,99,8,0,standalone,True,post_hidden,script,MANY,,,
@wavesnews,Waves 🌊,1031897,2026-09-28,active,@Wavescommunity,Waves Official 🌊,7616,36,12,24,community,True,linked_chat post_mention,script,,,,
@wavesnews,Waves 🌊,1031897,2026-09-28,active,@ape_bond,ApeBond,12693,100,21,56,community_of_@ApeBond_News,True,post_mention,script,,,,
@trust_announcements,Trust Wallet - Announcements,733023,2026-09-23,active,@trustwallet,Trust Wallet - English,10319,96,24,43,community,True,description linked_chat,script,,,,
@unitsnews,Units.Network Announcements,707437,2026-10-05,active,@units_kr,UNITS 공식 한국 커뮤니티 🇰🇷,248,100,6,100,standalone,True,description,script,,,,
@unitsnews,Units.Network Announcements,707437,2026-10-05,active,@Wavescommunity,Waves Official 🌊,7616,36,12,24,community_of_@wavesnews,True,post_mention,script,,,,
@unitsnews,Units.Network Announcements,707437,2026-10-05,active,@ape_bond,ApeBond,12693,100,21,56,community_of_@ApeBond_News,True,post_mention,script,,,,
@unitsnews,Units.Network Announcements,707437,2026-10-05,active,@DIAdata_org,DIA Community,4825,100,18,50,community_of_@DIAannouncements,True,post_mention,script,,,,
@unitsnews,Units.Network Announcements,707437,2026-10-05,active,@weex_official,ToPocket用户交流④群,375,100,11,82,standalone,True,post_mention,script,,,,
@airdropinspector,Airdrop Inspector,706595,2026-09-30,active,@AirdropSupportGroup,Airdrop Inspector Support Group,103924,100,37,79,community,True,linked_chat,script,MANY,,,
@airdropinspector,Airdrop Inspector,706595,2026-09-30,active,@TopNodGroup,TopNod_Group,20140,100,25,24,standalone,True,post_hidden,script,MANY,,,
@airdropinspector,Airdrop Inspector,706595,2026-09-30,active,@MGBX_English,MGBX Global,138786,100,18,51,community_of_@mgbxancement_en,True,post_hidden,script,MANY,,,
@airdropinspector,Airdrop Inspector,706595,2026-09-30,active,@MarsChain5,MarsChain,31965,100,22,34,standalone,True,post_hidden,script,MANY,,,
@airdropinspector,Airdrop Inspector,706595,2026-09-30,active,@uponly_space,UPONLY COMMUNITY,2358,100,10,64,community_of_@uponlyspace,True,post_hidden,script,MANY,,,
@airdropinspector,Airdrop Inspector,706595,2026-09-30,active,@spark_coded,Spark Community,4283,100,25,58,standalone,True,post_hidden,script,MANY,,,
@airdropinspector,Airdrop Inspector,706595,2026-09-30,active,@mypalofficial1,Mypal official,14996,100,22,6,standalone,True,post_hidden,script,MANY,,,
@bitcoin_industry,Bitcoin Industry,433902,2026-09-27,active,@cnktplus,CNKT+,6884,21,11,13,standalone,True,post,script,,,,
@bitcoin_industry,Bitcoin Industry,433902,2026-09-27,active,@OpenledgerKorea,OpenLedger Korea,2314,28,10,25,community_of_@OpenledgerKoreaANN,True,post_hidden,script,,,,
@bitcoin_industry,Bitcoin Industry,433902,2026-09-27,active,@GetVerse,Bitcoin.com,13976,100,13,26,standalone,True,post_hidden,script,,,,
@AirdropO,🎎 Airdrop Ninja 🎎,357096,2026-09-28,active,@AirdropNinjaGroup,🎎 Airdrop Ninja Community 🎎,97896,100,19,74,community,True,linked_chat,script,MANY,,,
@cointelegraph,Cointelegraph,331780,2026-10-08,active,@OKXOfficial_English,OKX English,350576,52,25,30,community_of_@OKXAnnouncements,True,post_hidden,script,,,,
@GTProtocolNews,GT Protocol Announcements Channel,245205,2026-09-18,active,@gtprotocol,GT Protocol Community Chat,47638,64,24,48,community,True,linked_chat post_hidden,script,,,,
@Whalesguide,Whales Crypto Guide,197625,2026-09-29,active,@Whalescryptos,Whales Crypto Forex trading,8881,99,53,41,community,True,description linked_chat,script,,,,
@solidusaitech,ACN ANNOUNCEMENTS,173064,2026-10-06,active,@solidusaichat,ACN Chat Group,71444,59,18,23,community,True,linked_chat,script,,,,
@cancore_io,Cancore [Announcements],166334,2026-09-29,active,@cancore_chat,Cancore [Chat],99561,100,62,66,community,True,description linked_chat,script,,,,
@ScandicCoin,SCANDIC COIN (SNC),157325,2026-09-30,active,@ScandicCoin_Group,SCANDIC COIN (SNC-Group),83650,30,13,19,community,True,description linked_chat,script,,,,
@Bridge_Oracle,Bridge Oracle,121307,2026-10-02,active,@PancakeSwap,PancakeSwap,94742,100,25,28,standalone,True,post_mention,script,,,,
@MEXCofficialNews,MEXC Community Channel,98624,2026-10-07,active,@MEXCEnglish,MEXC English (Official),231534,100,36,25,community,True,description linked_chat,script,,,,
@MEXCofficialNews,MEXC Community Channel,98624,2026-10-07,active,@MEXCPlayroom,MEXC Playroom,43764,98,10,38,standalone,True,description,script,,,,
@MEXCofficialNews,MEXC Community Channel,98624,2026-10-07,active,@MEXC_Card_OfficialCommunity,MEXC Card,1318,100,14,40,standalone,True,post_hidden,script,,,,
@MEXCofficialNews,MEXC Community Channel,98624,2026-10-07,active,@MEXC0808StockSeason,MEXC Stocks,16764,100,28,48,standalone,True,post_hidden,script,,,,
@MEXCofficialNews,MEXC Community Channel,98624,2026-10-07,active,@MEXCProduct,MEXC Product Fan Club,460,100,45,5,standalone,True,post_hidden,script,,,,
@MEXCofficialNews,MEXC Community Channel,98624,2026-10-07,active,@MEXC_ENofficial,MEXC Listing,60737,80,12,35,community_of_@MEXC_ENchannel,True,post_hidden,script,,,,
@wazirx,WazirX Announcements,98401,2026-10-07,active,@wazirx_discuss,WazirX Discuss,33413,73,30,47,community,True,linked_chat,script,,,,
@Kucoin_News,KuCoin Announcement,87762,2026-09-30,active,@Kucoin_Exchange,KuCoin Exchange,197980,100,36,33,standalone,True,post_hidden,script,,,,
@Kucoin_News,KuCoin Announcement,87762,2026-09-30,active,@kumining_en,KuMining Official Group,33174,100,16,84,standalone,True,post_hidden,script,,,,
@CryptoLibrarysAirdrop,Crypto Librarys Airdrop,78269,2026-09-04,active,@crypgptcommunity,CrypGPT Community,54166,100,15,28,community_of_@crypgpttoken,True,post post_hidden,script,MANY,,,
@CryptoLibrarysAirdrop,Crypto Librarys Airdrop,78269,2026-09-04,active,@rzto_io_chat,RZTO | Community chat,47868,100,11,100,community_of_@rztoio,True,post post_hidden,script,MANY,,,
@CryptoLibrarysAirdrop,Crypto Librarys Airdrop,78269,2026-09-04,active,@CryptoLibraryDiscussion,Crypto Library Discussion,3932,100,45,95,standalone,True,post,script,MANY,,,
@CryptoLibrarysAirdrop,Crypto Librarys Airdrop,78269,2026-09-04,active,@your_community,YOUR AI ($YOURAI) - The Only Official Channel,13787,100,31,5,standalone,True,post_hidden,script,MANY,,,
@CryptoLibrarysAirdrop,Crypto Librarys Airdrop,78269,2026-09-04,active,@nexchain_ai,Nexchain,9963,100,12,17,standalone,True,post_mention,script,MANY,,,
@CryptoLibrarysAirdrop,Crypto Librarys Airdrop,78269,2026-09-04,active,@quantixfinance,Quantix Finance Official Community,15130,35,10,22,standalone,True,post_hidden,script,MANY,,,
@CryptoLibrarysAirdrop,Crypto Librarys Airdrop,78269,2026-09-04,active,@tapzi_official,Tapzi,5977,58,12,37,community_of_@official_tapzi,True,post_hidden,script,MANY,,,
@CryptoLibrarysAirdrop,Crypto Librarys Airdrop,78269,2026-09-04,active,@CryptoLibrarysRefferal,Crypto Librarys | Refferal Group,1895,100,44,100,standalone,True,post,script,MANY,,,
@iotradersio,IO Trader IO️ Announcement,76315,2026-09-30,active,@coingecko,CoinGecko,19783,33,13,21,community_of_@coingeckonews,True,post_mention,script,,,,
@iotradersio,IO Trader IO️ Announcement,76315,2026-09-30,active,@CyreneAI,CyreneAI,1750,37,7,8,standalone,True,post_mention,script,,,,
@iotradersio,IO Trader IO️ Announcement,76315,2026-09-30,active,@phnx_fi,Phoenix Finance,1633,100,19,3,standalone,True,post_mention,script,,,,
@staynexcomannouncement,Staynex Announcement Channel,59907,2026-10-05,active,@officialstaynex,Staynex Community Channel 👥,49098,79,15,29,community,True,linked_chat post,script,,,,
@staynexcomannouncement,Staynex Announcement Channel,59907,2026-10-05,active,@depinsimchat,Depinsim Community,17844,100,27,43,standalone,True,post_hidden,script,,,,
@staynexcomannouncement,Staynex Announcement Channel,59907,2026-10-05,active,@uxlinkofficial,UXLINK®,62871,100,19,0,standalone,True,post_hidden,script,,,,
@staynexcomannouncement,Staynex Announcement Channel,59907,2026-10-05,active,@coingecko,CoinGecko,19783,33,13,21,community_of_@coingeckonews,True,post_mention,script,,,,
@staynexcomannouncement,Staynex Announcement Channel,59907,2026-10-05,active,@Kucoin_Exchange,KuCoin Exchange,197980,100,36,33,standalone,True,post_hidden,script,,,,
@staynexcomannouncement,Staynex Announcement Channel,59907,2026-10-05,active,@MEXCEnglish,MEXC English (Official),231534,100,36,25,community_of_@MEXCofficialNews,True,post_hidden,script,,,,
@staynexcomannouncement,Staynex Announcement Channel,59907,2026-10-05,active,@DigiFinexEN,DigiFinex Exchange,32284,100,14,85,standalone,True,post_hidden,script,,,,
@crypgpttoken,CRYPGPT TOKEN OFFICIAL,58700,2026-09-30,active,@crypgptcommunity,CrypGPT Community,54166,100,15,28,community,True,linked_chat post_hidden,script,,,,
@crypgpttoken,CRYPGPT TOKEN OFFICIAL,58700,2026-09-30,active,@Biconomycom,Biconomy.com,79678,69,28,36,community_of_@biconomy_Ann,True,post_mention,script,,,,
@CryptoSolutionAnn,Crypto Solution Announcement,58549,2026-10-06,active,@CryptoSolutionChat,Crypto Solution,24525,100,35,71,community,True,linked_chat post_hidden,script,,,,
@CryptoSolutionAnn,Crypto Solution Announcement,58549,2026-10-06,active,@IBNAiChats,$IBNAi Chats,1334,100,8,35,standalone,True,post,script,,,,
@CryptoSolutionAnn,Crypto Solution Announcement,58549,2026-10-06,active,@TalesOfAlekoOfficialGroup,Tales Of Aleko Official Community,30269,54,11,54,standalone,True,post_hidden,script,,,,
@CryptoSolutionAnn,Crypto Solution Announcement,58549,2026-10-06,active,@AetheriumX_fun,AetheriumX Community,16456,100,5,12,standalone,True,post_hidden,script,,,,
@CryptoSolutionAnn,Crypto Solution Announcement,58549,2026-10-06,active,@MEXC0808StockSeason,MEXC Stocks,16764,100,28,48,standalone,True,post_hidden,script,,,,
@CryptoSolutionAnn,Crypto Solution Announcement,58549,2026-10-06,active,@MEXCEnglish,MEXC English (Official),231534,100,36,25,community_of_@MEXCofficialNews,True,post_hidden,script,,,,
@CryptoSolutionAnn,Crypto Solution Announcement,58549,2026-10-06,active,@MansoryToken,MANSORY TOKEN,13971,95,7,47,standalone,True,post_hidden,script,,,,
@CryptoSolutionAnn,Crypto Solution Announcement,58549,2026-10-06,active,@TIVAtoken_official,Intiva Token (TIVA),39502,70,13,37,standalone,True,post_hidden,script,,,,
@CryptoSolutionAnn,Crypto Solution Announcement,58549,2026-10-06,active,@o2ramp_official,O2Ramp Official Channel,20691,100,7,0,standalone,True,post_hidden,script,,,,
@CryptoSolutionAnn,Crypto Solution Announcement,58549,2026-10-06,active,@RetiumBlockchain,Retium Blockchain,11844,89,35,51,community_of_@RetiumChain,True,post_hidden,script,,,,
@CryptoSolutionAnn,Crypto Solution Announcement,58549,2026-10-06,active,@biokript,Biokript Official Chat,709,23,8,19,standalone,True,post,script,,,,
@CryptoSolutionAnn,Crypto Solution Announcement,58549,2026-10-06,active,@HovRonQiblockchain,QIE Blockchain Ecosystem🔗 🌐,21623,80,14,27,community_of_@qiblockchainannouncement,True,post_hidden,script,,,,
@CryptoSolutionAnn,Crypto Solution Announcement,58549,2026-10-06,active,@calgocm,Calgo Community,2901,43,12,36,standalone,True,post_hidden,script,,,,
@CryptoWorldNews,CryptoWorldNews,42288,2026-09-30,active,@zcash_community_chat,Zcash (ZEC) Community | Chat,2851,100,12,61,comment_chat_of_a_channel,True,post_hidden,script,,,,
@Slidefunchannel,Slide.fun Channel,38708,2026-09-30,active,@slidefunchat,Slide.fun Chat,42622,100,40,54,community,True,description linked_chat,script,,,,
@Slidefunchannel,Slide.fun Channel,38708,2026-09-30,active,@RCD_Wb3_Chat,Rise of Cinder Duck Chat,3771,27,13,4,standalone,True,post_hidden,script,,,,
@Slidefunchannel,Slide.fun Channel,38708,2026-09-30,active,@InsightXHQ,InsightX,20639,100,18,84,standalone,True,post_mention,script,,,,
@bitcoinbase_news,Bitcoin Base Announcements,33025,2026-09-27,active,@bitcoinbase_community,Bitcoin Base Community,32572,100,53,46,community,True,linked_chat,script,,,,
@QuantumStellarInitiative,✨Quantum Stellar Initiative (QSI)✨,31822,2026-10-05,active,@QuantumStellarInitiativeChat,ℚ𝕊𝕀 ℂ𝕙𝕒𝕥,6692,100,65,17,community,True,linked_chat post,script,,,,
@creditslinkchannel,Creditlink Announcements 📣,25092,2026-09-22,active,@PancakeSwap,PancakeSwap,94742,100,25,28,standalone,True,post_mention,script,,,,
@creditslinkchannel,Creditlink Announcements 📣,25092,2026-09-22,active,@RWAX_life,RWAX,13688,100,22,70,standalone,True,post_mention,script,,,,
@creditslinkchannel,Creditlink Announcements 📣,25092,2026-09-22,active,@bsc_daily,BSC Daily - Chat,25251,26,11,22,community_of_@bsc_dailyann,True,post_mention,script,,,,
@creditslinkchannel,Creditlink Announcements 📣,25092,2026-09-22,active,@Ripple,Ripple - XRP,15881,100,30,62,standalone,True,post_mention,script,,,,
@creditslinkchannel,Creditlink Announcements 📣,25092,2026-09-22,active,@trustwallet,Trust Wallet - English,10319,96,24,43,community_of_@trust_announcements,True,post_mention,script,,,,
@dgrid_ai_ann,DGrid Announcement,23383,2026-10-06,active,@dgrid_ai,DGrid Community,40954,100,34,43,community,True,description linked_chat,script,,,,
@dgrid_ai_ann,DGrid Announcement,23383,2026-10-06,active,@MEXCEnglish,MEXC English (Official),231534,100,36,25,community_of_@MEXCofficialNews,True,post_hidden,script,,,,
@WhaleTracker,🐳 𝐖𝐇𝐀𝐋𝐄𝐓𝐑𝐀𝐂𝐊𝐄𝐑 👀,17119,2026-10-08,active,@Whale_Tracker,𝐖𝐇𝐀𝐋𝐄𝐓𝐑𝐀𝐂𝐊𝐄𝐑 | 𝐀𝐒𝐊 🗯,12533,57,37,57,community_of_@whaletrackerofficial,True,description,script,,,,
@bsc_dailyann,BSC Daily - Announcements,16547,2026-09-29,active,@bsc_daily,BSC Daily - Chat,25251,26,11,22,community,True,description linked_chat,script,,,,
@bsc_dailyann,BSC Daily - Announcements,16547,2026-09-29,active,@solidusaichat,ACN Chat Group,71444,59,18,23,community_of_@solidusaitech,True,post_hidden,script,,,,
@bsc_dailyann,BSC Daily - Announcements,16547,2026-09-29,active,@PancakeSwap,PancakeSwap,94742,100,25,28,standalone,True,post_mention,script,,,,
@bsc_dailyann,BSC Daily - Announcements,16547,2026-09-29,active,@ScamcoinSPL,Scamcoin ($SCAM),493,70,10,58,standalone,True,post_mention,script,,,,
@bsc_dailyann,BSC Daily - Announcements,16547,2026-09-29,active,@Jager_BSC,Jager Coin Community,13614,46,11,3,standalone,True,post_mention,script,,,,
@bsc_dailyann,BSC Daily - Announcements,16547,2026-09-29,active,@EvolveTKN,Evolve Pro Community,26600,84,10,14,community_of_@EvolveProportal,True,post_mention,script,,,,
@bsc_dailyann,BSC Daily - Announcements,16547,2026-09-29,active,@dgrid_ai,DGrid Community,40954,100,34,43,community_of_@dgrid_ai_ann,True,post_mention,script,,,,
@bsc_dailyann,BSC Daily - Announcements,16547,2026-09-29,active,@TokenAI_Global,TokenAI 中文社区,1924,22,5,22,standalone,True,post_mention,script,,,,
@changelly,Changelly,15091,2026-10-06,active,@SafePalTG,SafePal_Official,30014,86,24,2,standalone,True,post_hidden,script,,,,
@changelly,Changelly,15091,2026-10-06,active,@HovRonQiblockchain,QIE Blockchain Ecosystem🔗 🌐,21623,80,14,27,community_of_@qiblockchainannouncement,True,post_hidden,script,,,,
@daomaker_ann,DAO Maker News,14760,2026-09-24,active,@your_community,YOUR AI ($YOURAI) - The Only Official Channel,13787,100,31,5,standalone,True,post_hidden,script,,,,
@daomaker_ann,DAO Maker News,14760,2026-09-24,active,@hivello_official,Hivello Official Community,5122,90,19,31,standalone,True,post_hidden,script,,,,
@daomaker_ann,DAO Maker News,14760,2026-09-24,active,@Nexade_Official,NEXADE,6376,100,21,0,standalone,True,post_hidden,script,,,,
@daomaker_ann,DAO Maker News,14760,2026-09-24,active,@officialstaynex,Staynex Community Channel 👥,49098,79,15,29,community_of_@staynexcomannouncement,True,post_hidden,script,,,,
@daomaker_ann,DAO Maker News,14760,2026-09-24,active,@snapmuseio,Snapmuse.io,6357,99,27,18,standalone,True,post_hidden,script,,,,
@daomaker_ann,DAO Maker News,14760,2026-09-24,active,@massanetwork,Massa (MAS),13154,43,15,22,community_of_@massa_latest_news,True,post_hidden,script,,,,
@daomaker_ann,DAO Maker News,14760,2026-09-24,active,@gtprotocol,GT Protocol Community Chat,47638,64,24,48,community_of_@GTProtocolNews,True,post_hidden,script,,,,
@MEXC_ENchannel,MEXC Listing Announcement,14681,2026-10-07,active,@MEXC_ENofficial,MEXC Listing,60737,80,12,35,community,True,description linked_chat,script,,,,
@MEXC_ENchannel,MEXC Listing Announcement,14681,2026-10-07,active,@GameTerminalchat,Game Terminal,10751,70,28,38,standalone,True,post_hidden,script,,,,
@MEXC_ENchannel,MEXC Listing Announcement,14681,2026-10-07,active,@TinaCommunity,TINA Official Community,20094,96,21,76,standalone,True,post_hidden,script,,,,
@MEXC_ENchannel,MEXC Listing Announcement,14681,2026-10-07,active,@DustswapOnBase,Dustswap Official Support,6927,22,7,10,standalone,True,post_mention,script,,,,
@MEXC_ENchannel,MEXC Listing Announcement,14681,2026-10-07,active,@MEXCEnglish,MEXC English (Official),231534,100,36,25,community_of_@MEXCofficialNews,True,post_hidden,script,,,,
@MEXC_ENchannel,MEXC Listing Announcement,14681,2026-10-07,active,@usdciscool,$COOL,706,57,13,35,standalone,True,post_mention,script,,,,
@MEXC_ENchannel,MEXC Listing Announcement,14681,2026-10-07,active,@UsePaid,PAID | CHAT,8674,99,7,49,standalone,True,post_mention,script,,,,
@MEXC_ENchannel,MEXC Listing Announcement,14681,2026-10-07,active,@MEXC0808StockSeason,MEXC Stocks,16764,100,28,48,standalone,True,post_hidden,script,,,,
@MEXC_ENchannel,MEXC Listing Announcement,14681,2026-10-07,active,@CortexNetwork_global,Cortex Network,24097,100,23,97,standalone,True,post_hidden,script,,,,
@MEXC_ENchannel,MEXC Listing Announcement,14681,2026-10-07,active,@MEXCProduct,MEXC Product Fan Club,460,100,45,5,standalone,True,post_hidden,script,,,,
@MEXC_ENchannel,MEXC Listing Announcement,14681,2026-10-07,active,@enclave_e3,Interfold General,1922,99,26,56,community_of_@interfoldhq_updates,True,post_hidden,script,,,,
@MEXC_ENchannel,MEXC Listing Announcement,14681,2026-10-07,active,@Autheo_Official,Autheo,343,46,17,25,community_of_@autheo_news_official,True,post_hidden,script,,,,
@MEXC_ENchannel,MEXC Listing Announcement,14681,2026-10-07,active,@Mintellect_official,Mintellect,29056,49,16,47,standalone,True,post_hidden,script,,,,
@Bitcoin_Magazine,Bitcoin Magazine,14437,2026-09-30,active,@zcash_community_chat,Zcash (ZEC) Community | Chat,2851,100,12,61,comment_chat_of_a_channel,True,post_hidden,script,,,,
@commas,3Commas Announcements,12384,2026-09-10,active,@Community_3Commas,3Commas Community,4997,23,14,12,standalone,True,description,script,,,,
@mgbxancement_en,MGBX Announcement,11660,2026-10-05,active,@MGBX_English,MGBX Global,138786,100,18,51,community,True,description linked_chat,script,,,,
@iopn_io,IOPn,11512,2026-09-28,active,@iopndiscussion,IOPn | Discussion,111591,72,37,34,community,True,linked_chat,script,,,,
@iopn_io,IOPn,11512,2026-09-28,active,@iopn_Chinese,IOPn中文(Chinese),1150,88,45,88,standalone,True,post,script,,,,
@bullionbitcoinbs,"₿ullion, ₿itcoin & ₿eyond w/ GMONEY",11285,2026-10-05,active,@rugpullradio,"₿ullion, ₿itcoin & ₿eyond w/ GMONEY",1894,100,22,35,community,True,linked_chat,script,,,,
@SweepGlobal,Sweep Announcement,11277,2026-09-29,active,@SweepGlobal_Chat,Sweep,37163,100,31,36,community,True,description linked_chat,script,,,,
@Binance_MENA_Annoucements,Binance MENA Announcements,11118,2026-10-06,active,@BinanceArabic,Binance Arabic,96640,100,33,48,community,True,description linked_chat,script,,,,
@Binance_MENA_Annoucements,Binance MENA Announcements,11118,2026-10-06,active,@BinanceMENAEnglish,Binance MENA English,57492,100,17,9,standalone,True,description,script,,,,
@rektplebs,Rekt Plebs,10878,2026-10-01,active,@rektplebssubmission,Rekt Plebs Submission,1123,100,13,65,standalone,True,description,script,,,,
@cryptoizoffice,Cryptoiz Research🇲🇨,10625,2026-10-05,active,@cryptoizindonesia,CRYPTOIZ.ORG,7032,100,14,26,community,True,description linked_chat,script,,,,
@cryptorobotics_en,Cryptorobotics,10341,2026-09-21,active,@holders_cryptorobotics_eng,Cryptorobotics_chat,8284,75,10,40,community,True,description linked_chat,script,,,,
@coingeckonews,CoinGecko News,10009,2026-10-02,active,@coingecko,CoinGecko,19783,33,13,21,community,True,linked_chat post_mention,script,,,,
@AgentAiCashAnn,AGENT AI CASH Announcement,9382,2026-09-30,active,@AgentAiCash,AGENT AI CASH,8204,100,49,59,community,True,linked_chat post_hidden,script,,,,
@mstblockchain,MST Blockchain Channel,9183,2026-09-30,active,@mstblockchainchat,MST Blockchain Official Group,8638,93,57,68,community,True,linked_chat post,script,,,,
@massa_latest_news,Massa News,6646,2026-09-22,active,@massanetwork,Massa (MAS),13154,43,15,22,community,True,linked_chat,script,,,,
@massa_latest_news,Massa News,6646,2026-09-22,active,@akindo_io,AKINDO Builders Club🛠,748,36,16,8,standalone,True,post_mention,script,,,,
@Meta_Earth_Announcement,Meta Earth Announcement,6639,2026-09-29,active,@Meta_Earth_Community,Meta Earth Community,125465,100,28,38,community,True,description linked_chat,script,,,,
@RetiumChain,Retium,6552,2026-10-06,active,@RetiumBlockchain,Retium Blockchain,11844,89,35,51,community,True,linked_chat post,script,,,,
@zilliqa,Zilliqa Announcement,5994,2026-10-02,active,@zilliqachat,Zilliqa Official Chat,10642,80,21,32,community,True,description linked_chat,script,,,,
@PoloniexAnnouncements,Poloniex Announcements,4663,2026-10-08,active,@PoloniexEnglish,Poloniex English,18348,33,14,26,community,True,description linked_chat,script,,,,
@PoloniexAnnouncements,Poloniex Announcements,4663,2026-10-08,active,@MYIDbyzeroborder,MYIDverified from ZeroBorder Recover Stolen scammed or lost crypto bitcoin - crypto recovery btc,1196,28,8,20,standalone,True,post,script,,,,
@cryptorealy,DEFI Journal,4458,2026-09-28,active,@whitelistchat,Whitelist Chat,6388,95,24,15,community_of_@whitelist1,True,post_hidden,script,,,,
@cotichannel,COTI FOUNDATION CHANNEL,3990,2026-10-02,active,@COTInetwork,COTI - Currency of the Internet,16962,100,31,31,community,True,description linked_chat,script,,,,
@WanchainANN,WanchainANN - Wanchain.org Announcements Channel,3867,2026-10-04,active,@WanchainCHAT,Wanchain Official,8413,99,18,65,community,True,description linked_chat,script,,,,
@WEEXNews,WEEX News,3650,2026-10-08,active,@WeexGlobal_Group,WEEX English Official,194821,100,86,97,community,True,linked_chat post,script,,,,
@WEEXNews,WEEX News,3650,2026-10-08,active,@weex_official,ToPocket用户交流④群,375,100,11,82,standalone,True,post_mention,script,,,,
@biconomy_Ann,Biconomy.com Announcement Channel,3471,2026-10-05,active,@Biconomycom,Biconomy.com,79678,69,28,36,community,True,description linked_chat,script,,,,
@biconomy_Ann,Biconomy.com Announcement Channel,3471,2026-10-05,active,@hoodinals,🔸Hoodinals🔸,3846,26,7,14,community_of_@HoodinalsNews,True,post_mention,script,,,,
@biconomy_Ann,Biconomy.com Announcement Channel,3471,2026-10-05,active,@bitcoincashii,Bitcoin Cash II (BCH2),296,100,5,98,standalone,True,post_mention,script,,,,
@biconomy_Ann,Biconomy.com Announcement Channel,3471,2026-10-05,active,@MyNexusMind,NexusMind,2484,79,10,72,standalone,True,post_mention,script,,,,
@biconomy_Ann,Biconomy.com Announcement Channel,3471,2026-10-05,active,@posternlabs,Postern Labs,326,23,15,8,standalone,True,post_mention,script,,,,
@biconomy_Ann,Biconomy.com Announcement Channel,3471,2026-10-05,active,@dgrid_ai,DGrid Community,40954,100,34,43,community_of_@dgrid_ai_ann,True,post_mention,script,,,,
@biconomy_Ann,Biconomy.com Announcement Channel,3471,2026-10-05,active,@basecatonbase,Base(d) Cat | Official,1701,89,31,52,standalone,True,post_mention,script,,,,
@GoldenFrogHouse,Golden Frog 🐸 Announcement,3462,2026-09-08,active,@TupackIo,TuPack Community,1775,100,12,99,standalone,True,post_mention,script,,,,
@slashbizchannel,"/slashbiz/ dictatorship~ Optimal scarce content, Sneed, Crypto, Business and Finance, AI, memes, news, and being poor in general",3433,2026-10-05,active,@slashbiz,/slashbiz/ chat,347,97,25,40,community,True,linked_chat,script,,,,
@anrknetworkann,Ankr Official Announcements,3047,2026-10-05,active,@neuraofficial,Neura Protocol,32074,100,58,4,standalone,True,post_mention,script,,,,
@OntologyAnnouncements,Ontology Official Announcement,2900,2026-09-28,active,@OntologyNetwork,Ontology English,13692,70,19,46,community,True,linked_chat post_mention,script,,,,
@ApeBond_News,ApeBond News & Announcements,2668,2026-10-05,active,@ape_bond,ApeBond,12693,100,21,56,community,True,linked_chat,script,,,,
@ApeBond_News,ApeBond News & Announcements,2668,2026-10-05,active,@DogelonMars,DogelonMars,29641,100,25,83,standalone,True,post_mention,script,,,,
@TMGChannel,Crypto Saving Expert,2587,2026-10-08,active,@OfficialChartHouse,Chart House,681,96,18,44,community_of_@Chart_House_Research,True,post,script,,,,
@chromia_announcements,Chromia Official Announcements,2516,2026-10-05,active,@hellochromia,Chromia Official,15793,100,17,51,community,True,linked_chat post_hidden,script,,,,
@chromia_announcements,Chromia Official Announcements,2516,2026-10-05,active,@ChromiaTraders,Chromia Ecosystem Price Analysis!,1666,48,15,26,standalone,True,post,script,,,,
@canalexrp,Ripple XRP | Breaking News,2513,2026-10-08,active,@Ripple,Ripple - XRP,15881,100,30,62,standalone,True,post_mention,script,,,,
@officialkybernetwork,Kyber Network Announcement Channel,2412,2026-09-28,active,@kybernetwork,Kyber Network Official,7459,47,12,21,community,True,linked_chat post_mention,script,,,,
@officialkybernetwork,Kyber Network Announcement Channel,2412,2026-09-28,active,@fraxfinance,Frax Finance,13168,99,36,55,standalone,True,post_mention,script,,,,
@PowerXOneAnnouncement,PowerX One Announcement,2106,2026-09-30,active,@PowerXOne,PowerX One,3001,100,23,66,community,True,description linked_chat,script,,,,
@adspoweren,AdsPower Browser | News (EN),2087,2026-09-30,active,@adspowerenchat,AdsPower Browser | Chat (EN),4908,100,49,80,community,True,description linked_chat,script,,,,
@dextrobot_ai,Dextro AI Trading Bot-Official Channel,1667,2026-10-05,active,@CryptoSolutionChat,Crypto Solution,24525,100,35,71,community_of_@CryptoSolutionAnn,True,post_hidden,script,,,,
@OpenledgerKoreaANN,OpenLedger Korea ANN,1628,2026-09-29,active,@OpenledgerKorea,OpenLedger Korea,2314,28,10,25,community,True,linked_chat post_hidden,script,,,,
@OpenledgerKoreaANN,OpenLedger Korea ANN,1628,2026-09-29,active,@BinanceArabic,Binance Arabic,96640,100,33,48,community_of_@Binance_MENA_Annoucements,True,post_mention,script,,,,
@OpenledgerKoreaANN,OpenLedger Korea ANN,1628,2026-09-29,active,@dgrid_ai,DGrid Community,40954,100,34,43,community_of_@dgrid_ai_ann,True,post_mention,script,,,,
@qiblockchainannouncement,QIE Blockchain Announcement Channel,1457,2026-10-05,active,@HovRonQiblockchain,QIE Blockchain Ecosystem🔗 🌐,21623,80,14,27,community,True,description linked_chat,script,,,,
@qiblockchainannouncement,QIE Blockchain Announcement Channel,1457,2026-10-05,active,@WeexGlobal_Group,WEEX English Official,194821,100,86,97,community_of_@WEEXNews,True,post,script,,,,
@GiveawaysCryptobot,CryptoBot Giveaways,1407,2026-09-28,active,@detrade_global,Detrade Official Group,20801,100,29,40,community_of_@Detrade_Exchange,True,manual,manual,http://t.me/detrade_global,,,
@MEXCUK_Announcement,MEXC UK Fan Club (News),789,2026-10-07,active,@MEXC0808StockSeason,MEXC Stocks,16764,100,28,48,standalone,True,post_hidden,script,,,,
@MEXCUK_Announcement,MEXC UK Fan Club (News),789,2026-10-07,active,@MEXCProduct,MEXC Product Fan Club,460,100,45,5,standalone,True,post_hidden,script,,,,
@MEXCUK_Announcement,MEXC UK Fan Club (News),789,2026-10-07,active,@MEXCEnglish,MEXC English (Official),231534,100,36,25,community_of_@MEXCofficialNews,True,post_hidden,script,,,,
@MEXCUK_Announcement,MEXC UK Fan Club (News),789,2026-10-07,active,@MEXC_ENofficial,MEXC Listing,60737,80,12,35,community_of_@MEXC_ENchannel,True,post_hidden,script,,,,
@MEXCUK_Announcement,MEXC UK Fan Club (News),789,2026-10-07,active,@DapposOfficial,DAPPOS MOON🌕(token not launched yet),19035,26,14,16,standalone,True,post_hidden,script,,,,
@rodaskarov,Rod Askarov,546,2026-10-08,active,@MEXCEnglish,MEXC English (Official),231534,100,36,25,community_of_@MEXCofficialNews,True,post_mention,script,,,,
@rodaskarov,Rod Askarov,546,2026-10-08,active,@coinstore_Eng,Coinstore | Global (new),7883,98,35,40,standalone,True,post_mention,script,,,,
@coinlotto_xyz,CoinLotto,524,2026-09-30,active,@coinlotto_chat,CoinLotto Chat,414,100,54,59,community,True,description linked_chat,script,,,,
@Detrade_Exchange,Detrade Official Channel,391,2026-09-17,active,@detrade_global,Detrade Official Group,20801,100,29,40,community,True,linked_chat post_hidden,script,,,,
@themdtchannel,MDT Announcement Channel,320,2026-10-07,active,@binanceexchange,Binance English,332820,93,21,21,community_of_@binance_announcements,True,post_mention,script,,,,
@themdtchannel,MDT Announcement Channel,320,2026-10-07,active,@sandboxgame,[Official] The Sandbox,27075,26,14,18,standalone,True,post_mention,script,,,,
@official_tapzi,Tapzi Announcement,187,2026-10-01,active,@tapzi_official,Tapzi,5977,58,12,37,community,True,description linked_chat,script,,,,
@wocnews,WavesOnChain News,154,2026-09-12,active,@Wavescommunity,Waves Official 🌊,7616,36,12,24,community_of_@wavesnews,True,post,script,,,,
@wocnews,WavesOnChain News,154,2026-09-12,active,@PWRDAO,PowerDAO Protocol ✊⚡️,10604,100,11,53,standalone,True,post_mention,script,,,,
@wocnews,WavesOnChain News,154,2026-09-12,active,@puzzle_network,Puzzle Network,830,99,18,57,community_of_@puzzlenetworknews,True,post_mention,script,,,,
@HoodinalsNews,🔶 Hoodinals News 🔶,6,2026-09-30,active,@hoodinals,🔸Hoodinals🔸,3846,26,7,14,community,True,linked_chat,script,,,,
@EvolveProportal,Evop Portal,2,2026-09-29,active,@EvolveTKN,Evolve Pro Community,26600,84,10,14,community,True,linked_chat,script,,,,
@venture_tg,Venture Capital,2150138,2026-10-08,active,@id2171928869,Venture Chat,1705,23,0,0,comments_only,False,linked_chat,script,,,,
@venture_tg,Venture Capital,2150138,2026-10-08,active,t.me/+2ccwxfefcclintdi,,,,,,private,,invite,script,,,,
@Airdrop,@Airdrop,1132874,2026-09-28,active,@PicksdotappCommunity,GetPicks Official,310,72,4,4,standalone,False,post_hidden,script,https://t.me/AirdropGroup,,,
@Airdrop,@Airdrop,1132874,2026-09-28,active,@ZenoTraderCommunity,Zeno Traders - Community,1120,2,0,0,community_of_@ZenoTraderChannel,False,post_hidden,script,https://t.me/AirdropGroup,,,
@Airdrop,@Airdrop,1132874,2026-09-28,active,@spacexbscchat,SPACEX CHAT,2147,5,2,5,community_of_@SPACEXONBSC,False,post_hidden,script,https://t.me/AirdropGroup,,,
@Airdrop,@Airdrop,1132874,2026-09-28,active,@artyfactgroup,Artyfact Global Group,154103,0,0,0,community_of_@artyfactnews,False,post_hidden,script,https://t.me/AirdropGroup,,,
@Airdrop,@Airdrop,1132874,2026-09-28,active,@miningmai_chat,MAI Chat,23963,14,5,6,standalone,False,post_hidden,script,https://t.me/AirdropGroup,,,
@Airdrop,@Airdrop,1132874,2026-09-28,active,@Deepsea_chat,Deep Sea | Chat,5480,42,27,9,community_of_@Deepseaio,False,post_hidden,script,https://t.me/AirdropGroup,,,
@Airdrop,@Airdrop,1132874,2026-09-28,active,@AirdropGroupII,Airdrop Group II,178287,4,0,0,standalone,False,post_hidden,script,https://t.me/AirdropGroup,,,
@Airdrop,@Airdrop,1132874,2026-09-28,active,@vitalum_io_group,Vitalum Official Group,15958,0,0,0,standalone,False,post_hidden,script,https://t.me/AirdropGroup,,,
@Airdrop,@Airdrop,1132874,2026-09-28,active,@biznanacommunity,.,50,0,0,0,standalone,False,post_hidden,script,https://t.me/AirdropGroup,,,
@Airdrop,@Airdrop,1132874,2026-09-28,active,@aideficommunity,AIDEFI,1949,0,0,0,standalone,False,post_hidden,script,https://t.me/AirdropGroup,,,
@Airdrop,@Airdrop,1132874,2026-09-28,active,@SafeHavenExch_Community,SafeHaven Exchange Official Community,1698,14,4,13,community_of_@SafeHavenExch_Announcements,False,post_hidden,script,https://t.me/AirdropGroup,,,
@Airdrop,@Airdrop,1132874,2026-09-28,active,@trovxcommunity,TROVX COMMUNITY,86,0,0,0,standalone,False,post_hidden,script,https://t.me/AirdropGroup,,,
@Airdrop,@Airdrop,1132874,2026-09-28,active,@chainstakechat,Chainstake Community,65,0,0,0,community_of_@chainstake_org,False,post_hidden,script,https://t.me/AirdropGroup,,,
@Airdrop,@Airdrop,1132874,2026-09-28,active,@minebluecommunity,Mine Blue,11340,0,0,0,community_of_@mineblue_uk,False,post_hidden,script,https://t.me/AirdropGroup,,,
@Airdrop,@Airdrop,1132874,2026-09-28,active,@icopaxchat,ICOPAX Community,24223,0,0,0,community_of_@icopax,False,post_hidden,script,https://t.me/AirdropGroup,,,
@Airdrop,@Airdrop,1132874,2026-09-28,active,@picksdotapp,Picksdotapp,0,0,0,0,standalone,False,post_mention,script,https://t.me/AirdropGroup,,,
@Airdrop,@Airdrop,1132874,2026-09-28,active,@dudedexofficial,D-Dex Official chat,181,0,0,0,community_of_@dudedex,False,post_hidden,script,https://t.me/AirdropGroup,,,
@AirdropDetective,Airdrop Detective,1057432,2026-09-29,active,@poloxdaocommunity,Poloxdao Community,22193,0,0,0,standalone,False,post_hidden,script,MANY,,,
@AirdropDetective,Airdrop Detective,1057432,2026-09-29,active,@Ai_auctionschat,Ai Auction Chat,13205,2,0,0,community_of_@ai_auctions,False,post_hidden,script,MANY,,,
@AirdropDetective,Airdrop Detective,1057432,2026-09-29,active,@artyfactgroup,Artyfact Global Group,154103,0,0,0,community_of_@artyfactnews,False,post_hidden,script,MANY,,,
@AirdropDetective,Airdrop Detective,1057432,2026-09-29,active,@iotradersiochat,IO Trader IO,69201,5,1,1,community_of_@iotradersio,False,post_hidden,script,MANY,,,
@AirdropDetective,Airdrop Detective,1057432,2026-09-29,active,@yieldbaycommunity,Yieldbay Community,1489,3,3,2,standalone,False,post_hidden,script,MANY,,,
@AirdropDetective,Airdrop Detective,1057432,2026-09-29,active,@PikuDAO_Group,Piku Finance Community,3345,13,4,2,standalone,False,post_hidden,script,MANY,,,
@AirdropDetective,Airdrop Detective,1057432,2026-09-29,active,@concealcommunity,Conceal Community,941,7,4,5,standalone,False,post_hidden,script,MANY,,,
@AirdropDetective,Airdrop Detective,1057432,2026-09-29,active,@EXOT_community,EXOT Community,38493,2,2,1,community_of_@EXOT_ann,False,post_hidden,script,MANY,,,
@AirdropDetective,Airdrop Detective,1057432,2026-09-29,active,@CheesePad_Group,🐹🧀CheesePad Group,31380,14,8,9,community_of_@Cheese_Pad,False,post_hidden,script,MANY,,,
@AirdropDetective,Airdrop Detective,1057432,2026-09-29,active,@vitalum_io_group,Vitalum Official Group,15958,0,0,0,standalone,False,post_hidden,script,MANY,,,
@AirdropDetective,Airdrop Detective,1057432,2026-09-29,active,@ZetCoreTeam_chat,ZET NETWORK Chat,18746,0,0,0,community_of_@zetcoreteam,False,post_hidden,script,MANY,,,
@AirdropDetective,Airdrop Detective,1057432,2026-09-29,active,@PaydaxCommunity,PaydaxOfficial - Community,1223,0,0,0,community_of_@paydaxofficial,False,post_hidden,script,MANY,,,
@AirdropDetective,Airdrop Detective,1057432,2026-09-29,active,@Purintaxyz,Purintaxyz,0,0,0,0,standalone,False,post_mention,script,MANY,,,
@AirdropDetective,Airdrop Detective,1057432,2026-09-29,active,@AiAlgoAnalysis,AI Agent Ai Algo Trade and Analysis,5488,4,2,2,standalone,False,post_hidden,script,MANY,,,
@AirdropDetective,Airdrop Detective,1057432,2026-09-29,active,t.me/+2-ii7ye52ba5nge0,,,,,,private,,invite,script,MANY,,,
@AirdropDetective,Airdrop Detective,1057432,2026-09-29,active,t.me/+6dsz_ujhv8dmyta8,,,,,,private,,invite,script,MANY,,,
@AirdropDetective,Airdrop Detective,1057432,2026-09-29,active,t.me/+6x9p0l0hs3tkmgjl,,,,,,private,,invite,script,MANY,,,
@AirdropDetective,Airdrop Detective,1057432,2026-09-29,active,t.me/+7nkvkcch7a5hnwq1,,,,,,private,,invite,script,MANY,,,
@AirdropDetective,Airdrop Detective,1057432,2026-09-29,active,t.me/+86ar1jvzm-vlmdy8,,,,,,private,,invite,script,MANY,,,
@AirdropDetective,Airdrop Detective,1057432,2026-09-29,active,t.me/+eciaimp1iec5m2m5,,,,,,private,,invite,script,MANY,,,
@AirdropDetective,Airdrop Detective,1057432,2026-09-29,active,t.me/+pu6ztlwgfhq5ogi1,,,,,,private,,invite,script,MANY,,,
@AirdropDetective,Airdrop Detective,1057432,2026-09-29,active,t.me/+qsfxz7nq3gy2mdrl,,,,,,private,,invite,script,MANY,,,
@AirdropDetective,Airdrop Detective,1057432,2026-09-29,active,t.me/+tikfw8ckxtgxm2q0,,,,,,private,,invite,script,MANY,,,
@wavesnews,Waves 🌊,1031897,2026-09-28,active,@koalaswapchat,🐨 KoalaSwap Chat,167,1,1,1,standalone,False,post_hidden,script,,,,
@wavesnews,Waves 🌊,1031897,2026-09-28,active,@unilendchat,Unilend Chat,204,1,1,1,standalone,False,post_hidden,script,,,,
@wavesnews,Waves 🌊,1031897,2026-09-28,active,@wavesonchains,WavesOnChain,648,57,2,57,community_of_@wocnews,False,post_hidden,script,,,,
@wavesnews,Waves 🌊,1031897,2026-09-28,active,@unitsnetwork,Units.Network Community Chat,58224,15,7,5,community_of_@unitsnews,False,post_hidden,script,,,,
@wavesnews,Waves 🌊,1031897,2026-09-28,active,@wavesbridge,WavesBridge,232,3,3,2,standalone,False,post_hidden,script,,,,
@wavesnews,Waves 🌊,1031897,2026-09-28,active,@wavesfutbol,Waves Futbol,111,0,0,0,standalone,False,post_hidden,script,,,,
@wavesnews,Waves 🌊,1031897,2026-09-28,active,@unitsnetwork2,Units.Network Community Chat 2,33935,4,2,4,standalone,False,post_hidden,script,,,,
@wavesnews,Waves 🌊,1031897,2026-09-28,active,@ambassadordao,Waves Ambassador Program,1389,4,2,4,standalone,False,post_hidden,script,,,,
@wavesnews,Waves 🌊,1031897,2026-09-28,active,@JoinPete,Pete token chat!,55606,5,4,4,community_of_@petetokennews,False,post_hidden,script,,,,
@wavesnews,Waves 🌊,1031897,2026-09-28,active,@PeteFrogDuck,PeteFrogDuck,81,1,1,1,standalone,False,post_hidden,script,,,,
@unitsnews,Units.Network Announcements,707437,2026-10-05,active,@unitsnetwork,Units.Network Community Chat,58224,15,7,5,comments_only,False,description linked_chat,script,,,,
@unitsnews,Units.Network Announcements,707437,2026-10-05,active,@unitsnetwork_tr,Units.Network Türkiye,2328,0,0,0,standalone,False,description,script,,,,
@unitsnews,Units.Network Announcements,707437,2026-10-05,active,@units_network,Units.Network Чат,1435,14,5,4,standalone,False,description,script,,,,
@unitsnews,Units.Network Announcements,707437,2026-10-05,active,@koalaswapchat,🐨 KoalaSwap Chat,167,1,1,1,standalone,False,post_hidden,script,,,,
@unitsnews,Units.Network Announcements,707437,2026-10-05,active,@unilendchat,Unilend Chat,204,1,1,1,standalone,False,post_hidden,script,,,,
@unitsnews,Units.Network Announcements,707437,2026-10-05,active,@wavesonchains,WavesOnChain,648,57,2,57,community_of_@wocnews,False,post_hidden,script,,,,
@unitsnews,Units.Network Announcements,707437,2026-10-05,active,@mindsharing_pad,XYPER (formerly MindSharing),817,0,0,0,standalone,False,post_mention,script,,,,
@unitsnews,Units.Network Announcements,707437,2026-10-05,active,@wavesfutbol,Waves Futbol,111,0,0,0,standalone,False,post_hidden,script,,,,
@unitsnews,Units.Network Announcements,707437,2026-10-05,active,@unitsnetwork2,Units.Network Community Chat 2,33935,4,2,4,standalone,False,post_hidden,script,,,,
@airdropinspector,Airdrop Inspector,706595,2026-09-30,active,@PicksdotappCommunity,GetPicks Official,310,72,4,4,standalone,False,post_hidden,script,MANY,,,
@airdropinspector,Airdrop Inspector,706595,2026-09-30,active,@BearTrapCommunity,BearTrap Community,1169,13,5,10,standalone,False,post_hidden,script,MANY,,,
@airdropinspector,Airdrop Inspector,706595,2026-09-30,active,@miningmai_chat,MAI Chat,23963,14,5,6,standalone,False,post_hidden,script,MANY,,,
@airdropinspector,Airdrop Inspector,706595,2026-09-30,active,@StarPhoneCC,StarPhone Global,28140,45,9,13,community_of_@StarPhone_CC,False,post post_hidden,script,MANY,,,
@airdropinspector,Airdrop Inspector,706595,2026-09-30,active,@xileague,XI League – Fantasy Cricket & Football,41,0,0,0,community_of_@xileaguechannel,False,post_hidden,script,MANY,,,
@airdropinspector,Airdrop Inspector,706595,2026-09-30,active,@dextrobotai,Dextro AI Trading Bot,1824,14,1,2,community_of_@dextrobot_ai,False,post_hidden,script,MANY,,,
@CryptoRankNews,CryptoRank Analytics,660145,2026-10-05,active,@CryptoRankEn,CryptoRank Community Chat,8169,0,0,0,community_of_@CR_tApp,False,description,script,,,,
@CryptoRankNews,CryptoRank Analytics,660145,2026-10-05,active,@cryptorank_io_sup,CryptoRank.io Support Eng Chat,11496,6,4,3,standalone,False,description,script,,,,
@CryptoRankNews,CryptoRank Analytics,660145,2026-10-05,active,@cryptorank_ru,CryptoRank.io Чат,3594,1,0,0,community_of_@cryptorank_insights,False,description,script,,,,
@GateOfficialNews,Gate News,491467,2026-10-07,active,@GateCom_EN,Gate Exchange,191541,100,14,7,comments_only,False,description linked_chat,script,,,,
@bitcoin_industry,Bitcoin Industry,433902,2026-09-27,active,@cryptosmarthub_chat,CryptoSmartHub Chat,3207,0,0,0,community_of_@CryptoSmartHubOfficial,False,post_hidden,script,,,,
@bitcoin_industry,Bitcoin Industry,433902,2026-09-27,active,@propdefi,PropDefi,2114,0,0,0,standalone,False,post,script,,,,
@bitcoin_industry,Bitcoin Industry,433902,2026-09-27,active,@OpenLedgerCN,OpenLedger China,502,0,0,0,standalone,False,post_hidden,script,,,,
@bitcoin_industry,Bitcoin Industry,433902,2026-09-27,active,@openledgerofficial,OpenLedger,21406,5,3,3,standalone,False,post_hidden,script,,,,
@bitcoin_industry,Bitcoin Industry,433902,2026-09-27,active,@MetaGamesCoin_io,MetagamesCoin,2510,1,0,0,standalone,False,post_hidden,script,,,,
@bitcoin_industry,Bitcoin Industry,433902,2026-09-27,active,t.me/+1ullvmp1wyuznduy,,,,,,private,,invite,script,,,,
@bitcoin_industry,Bitcoin Industry,433902,2026-09-27,active,t.me/+n1pjzksk7wawmte6,,,,,,private,,invite,script,,,,
@AirdropO,🎎 Airdrop Ninja 🎎,357096,2026-09-28,active,@artyfactgroup,Artyfact Global Group,154103,0,0,0,community_of_@artyfactnews,False,post post_hidden,script,MANY,,,
@AirdropO,🎎 Airdrop Ninja 🎎,357096,2026-09-28,active,@giverep,,,,,,unverified,,post_mention,script,MANY,,,
@AirdropO,🎎 Airdrop Ninja 🎎,357096,2026-09-28,active,@cryptogamingtech,CryptoGaming,58,8,4,5,standalone,False,post post_hidden,script,MANY,,,
@AirdropO,🎎 Airdrop Ninja 🎎,357096,2026-09-28,active,@Pepe_Palm_Beach,Pepe Palm Beach $PPB,5586,8,4,6,standalone,False,post post_hidden,script,MANY,,,
@AirdropO,🎎 Airdrop Ninja 🎎,357096,2026-09-28,active,@GoldenFrog_EN,Golden Frog Support [EN],541,3,2,2,community_of_@GoldenFrogHouse,False,post_hidden,script,MANY,,,
@AirdropO,🎎 Airdrop Ninja 🎎,357096,2026-09-28,active,t.me/+--vhbumnd3tjzdg0,,,,,,private,,invite,script,MANY,,,
@AirdropO,🎎 Airdrop Ninja 🎎,357096,2026-09-28,active,t.me/+ep9fq0omywu4mgzk,,,,,,private,,invite,script,MANY,,,
@cointelegraph,Cointelegraph,331780,2026-10-08,active,@chatcointelegraph,Cointelegraph Chat,1333,100,34,4,comments_only,False,linked_chat,script,,,,
@GTProtocolNews,GT Protocol Announcements Channel,245205,2026-09-18,active,@CertiKCommunity,CertiK,10188,0,0,0,community_of_@CertiKAnnounce,False,post_mention,script,,,,
@GTProtocolNews,GT Protocol Announcements Channel,245205,2026-09-18,active,@CertiK,,,,,,unverified,,post_mention,script,,,,
@cryptoflash_news,"CryptoFlash⚡️— blockchain, news, investments",238755,2026-09-29,active,@CryptoFlash,,,,,,unverified,,manual,manual,https://t.me/CryptoFlash,,,
@F_crypto_pumps_l,FL Crypto Pumps,211260,2026-09-20,active,@pumpour,,,,,,unverified,,manual,manual,https://t.me/pumpour,,,
@bitcoin,Bitcoin,184116,2026-10-08,active,@bitcoincomments,Bitcoin Discussion,2316,100,44,1,comments_only,False,linked_chat,script,,,,
@BinanceLiquidations,Binance Futures Liquidations,178652,2026-10-08,active,@XypherTalk,Xypher.IO,2219,0,0,0,community_of_@XypherIO,False,description,script,,,,
@thebull_crypto,The Bull,174641,2026-09-30,active,t.me/+X0yIZqu2BQxlZTBl,,,,,,private,,invite,script,,,,
@cancore_io,Cancore [Announcements],166334,2026-09-29,active,@FiveNorthHQ,FiveNorthHQ,4,0,0,0,standalone,False,post_mention,script,,,,
@Bridge_Oracle,Bridge Oracle,121307,2026-10-02,active,@BridgeOracle,Bridge Oracle Group,30867,3,0,0,comments_only,False,description linked_chat,script,,,,
@Bridge_Oracle,Bridge Oracle,121307,2026-10-02,active,@MEXCUK_Community,MEXC UK Fan Club (Main),3603,34,5,23,community_of_@MEXCUK_Announcement,False,post,script,,,,
@Bridge_Oracle,Bridge Oracle,121307,2026-10-02,active,@uncx_token,UNCX Network | Main,5549,0,0,0,standalone,False,post_mention,script,,,,
@Trading_Signals_Bitcoin_Forex,Free Trading Signals Bitcoin Forex,112887,2026-09-29,active,@TradingPROs,,,,,,unverified,,manual,manual,https://t.me/TradingPROs,,,
@brightsetup,BrightSetup Updates,99949,2026-09-29,active,@edu3labscommunity,Edu3Labs Official,16580,1,1,1,comments_only,False,linked_chat,script,,,,
@MEXCofficialNews,MEXC Community Channel,98624,2026-10-07,active,t.me/+flncboerf7wwmzy1,,,,,,private,,invite,script,,,,
@MEXCofficialNews,MEXC Community Channel,98624,2026-10-07,active,t.me/+maa187ktlf8xyje1,,,,,,private,,invite,script,,,,
@CryptoLibrarysAirdrop,Crypto Librarys Airdrop,78269,2026-09-04,active,@FavrrChat,Favrr,44,0,0,0,standalone,False,post_hidden,script,MANY,,,
@CryptoLibrarysAirdrop,Crypto Librarys Airdrop,78269,2026-09-04,active,@LottryCommunity,Lottry | Community,16816,100,6,2,community_of_@LottryAnnouncements,False,post_hidden,script,MANY,,,
@CryptoLibrarysAirdrop,Crypto Librarys Airdrop,78269,2026-09-04,active,@goracoingroup,Gora Groupies,3325,6,1,2,comment_chat_of_a_channel,False,post,script,MANY,,,
@CryptoLibrarysAirdrop,Crypto Librarys Airdrop,78269,2026-09-04,active,@SOAI_OfficeCommunity,SOAI-Official communication group,5718,0,0,0,community_of_@SOAIOfficialOO8,False,post_hidden,script,MANY,,,
@CryptoLibrarysAirdrop,Crypto Librarys Airdrop,78269,2026-09-04,active,@HybridCommunity,Hybrid | Community,58619,4,3,4,community_of_@HybridAnnouncements,False,post_hidden,script,MANY,,,
@CryptoLibrarysAirdrop,Crypto Librarys Airdrop,78269,2026-09-04,active,@cryptoclubs_group,FindEX AI - Chat,5942,0,0,0,community_of_@findex_app,False,post_hidden,script,MANY,,,
@CryptoLibrarysAirdrop,Crypto Librarys Airdrop,78269,2026-09-04,active,@romcoingroup,Romcoin Official Group,1674,2,1,2,community_of_@romcoinchannel,False,post_hidden,script,MANY,,,
@CryptoLibrarysAirdrop,Crypto Librarys Airdrop,78269,2026-09-04,active,@cryptogamingtech,CryptoGaming,58,8,4,5,standalone,False,post_hidden,script,MANY,,,
@CryptoLibrarysAirdrop,Crypto Librarys Airdrop,78269,2026-09-04,active,@NUTSACK_SQUIRREL,NUTSACK SQUIRREL,3859,3,2,3,standalone,False,post,script,MANY,,,
@CryptoLibrarysAirdrop,Crypto Librarys Airdrop,78269,2026-09-04,active,@GoldenFrog_EN,Golden Frog Support [EN],541,3,2,2,community_of_@GoldenFrogHouse,False,post_hidden,script,MANY,,,
@CryptoLibrarysAirdrop,Crypto Librarys Airdrop,78269,2026-09-04,active,@V8COIN,V8COIN,20770,2,1,2,standalone,False,post_hidden,script,MANY,,,
@CryptoLibrarysAirdrop,Crypto Librarys Airdrop,78269,2026-09-04,active,@magatrumpz,MAGA TRUMP-$TRUMP,4217,100,6,15,community_of_@magatrumpch,False,post_hidden,script,MANY,,,
@CryptoLibrarysAirdrop,Crypto Librarys Airdrop,78269,2026-09-04,active,@apewealth,APE WEALTH,2171,0,0,0,standalone,False,post_hidden,script,MANY,,,
@CryptoLibrarysAirdrop,Crypto Librarys Airdrop,78269,2026-09-04,active,@babydoge2x,Baby Doge 2.0-$BabyDoge Group,2114,31,4,26,community_of_@babydoge2ch,False,post_hidden,script,MANY,,,
@CryptoLibrarysAirdrop,Crypto Librarys Airdrop,78269,2026-09-04,active,@somnianetwork,Somnia Network,69207,5,3,5,standalone,False,post_hidden,script,MANY,,,
@CryptoLibrarysAirdrop,Crypto Librarys Airdrop,78269,2026-09-04,active,@bomememe3,Book of Meme 3.0 - $BOME Group,3547,15,1,15,community_of_@bome3meme,False,post_hidden,script,MANY,,,
@CryptoLibrarysAirdrop,Crypto Librarys Airdrop,78269,2026-09-04,active,@trumpmemez,TRUMP $MEME Group,1717,9,1,9,community_of_@trumpmemex,False,post_hidden,script,MANY,,,
@CryptoLibrarysAirdrop,Crypto Librarys Airdrop,78269,2026-09-04,active,t.me/+hcr2akbqju8yngi0,,,,,,private,,invite,script,MANY,,,
@CryptoLibrarysAirdrop,Crypto Librarys Airdrop,78269,2026-09-04,active,t.me/+r_zogk8h9501zde1,,,,,,private,,invite,script,MANY,,,
@CryptoLibrarysAirdrop,Crypto Librarys Airdrop,78269,2026-09-04,active,t.me/+rvgsgmdybywyzjrk,,,,,,private,,invite,script,MANY,,,
@iotradersio,IO Trader IO️ Announcement,76315,2026-09-30,active,@iotradersiochat,IO Trader IO,69201,5,1,1,comments_only,False,linked_chat,script,,,,
@iotradersio,IO Trader IO️ Announcement,76315,2026-09-30,active,@gatedex,Gatedex,18,17,1,17,standalone,False,post_mention,script,,,,
@iotradersio,IO Trader IO️ Announcement,76315,2026-09-30,active,@Dubai_Block,Dubai Block,4,0,0,0,standalone,False,post_mention,script,,,,
@iotradersio,IO Trader IO️ Announcement,76315,2026-09-30,active,@BitgetWallet,,,,,,unverified,,post_mention,script,,,,
@iotradersio,IO Trader IO️ Announcement,76315,2026-09-30,active,@wagmi_vc,wagmi_vc,4,0,0,0,standalone,False,post_mention,script,,,,
@elon_musk,Elon Musk,72875,2026-10-05,active,t.me/+pruz1_d1skixzjjk,,,,,,private,,invite,script,,,,
@RoymanCrypto,Royman Crypto - INVESTMENT,66324,2026-09-24,active,@RoymanCrypto_Chat,💬Royman Crypto - COMMUNITY💎,3204,0,0,,standalone,False,manual post,manual+script,https://t.me/RoymanCrypto_Chat,,,
@staynexcomannouncement,Staynex Announcement Channel,59907,2026-10-05,active,@ENI_Community,ENI Official,23330,86,0,0,standalone,False,post_hidden,script,,,,
@staynexcomannouncement,Staynex Announcement Channel,59907,2026-10-05,active,@GateCom_EN,Gate Exchange,191541,100,14,7,community_of_@GateOfficialNews,False,post_hidden,script,,,,
@WhaleSniper,Whale Sniper,59906,2026-10-08,active,@XypherTalk,Xypher.IO,2219,0,0,0,community_of_@XypherIO,False,description,script,,,,
@CryptoSolutionAnn,Crypto Solution Announcement,58549,2026-10-06,active,@ceruleanlabsgroupchat,Cerulean Labs Official Chat,215,17,3,17,standalone,False,post_hidden,script,,,,
@CryptoSolutionAnn,Crypto Solution Announcement,58549,2026-10-06,active,@BitHealthCommunity,BitHealth Community,24332,4,2,4,standalone,False,post_hidden,script,,,,
@CryptoSolutionAnn,Crypto Solution Announcement,58549,2026-10-06,active,@BitHarvestSupergroup,Harvest+ Channels,5995,0,0,0,standalone,False,post_hidden,script,,,,
@CryptoSolutionAnn,Crypto Solution Announcement,58549,2026-10-06,active,@bizaglobalcommunity,$ZIOW-$BIZA G1-Community,2577,9,2,8,standalone,False,post,script,,,,
@CryptoSolutionAnn,Crypto Solution Announcement,58549,2026-10-06,active,@savitri_group,Savitri|Community Group Old delete soon join in the new group,2404,1,1,1,standalone,False,post_hidden,script,,,,
@CryptoSolutionAnn,Crypto Solution Announcement,58549,2026-10-06,active,@r0ar_community,R0AR Community MOVING TO DISCORD 10/1/2026,4065,7,1,6,standalone,False,post_hidden,script,,,,
@CryptoSolutionAnn,Crypto Solution Announcement,58549,2026-10-06,active,@amadeusprotocol,Amadeus Protocol - Official Channel,17540,6,1,6,standalone,False,post_mention,script,,,,
@CryptoSolutionAnn,Crypto Solution Announcement,58549,2026-10-06,active,@Orca_Official_En,Orca Network,2459,52,0,0,standalone,False,post_hidden,script,,,,
@CryptoSolutionAnn,Crypto Solution Announcement,58549,2026-10-06,active,@Gainslink,Gainslink,20790,3,1,1,standalone,False,post_hidden,script,,,,
@CryptoSolutionAnn,Crypto Solution Announcement,58549,2026-10-06,active,@Salvo_Official,Salvo | Official,23764,2,2,2,standalone,False,post_hidden,script,,,,
@CryptoSolutionAnn,Crypto Solution Announcement,58549,2026-10-06,active,@Richcoin_RIC,Official Richcoin Community,2595,16,8,12,standalone,False,post_hidden,script,,,,
@CryptoSolutionAnn,Crypto Solution Announcement,58549,2026-10-06,active,@SmartPropsSolution,Smart Props Solution (SPS) - Community,1544,0,0,0,standalone,False,post_hidden,script,,,,
@CryptoSolutionAnn,Crypto Solution Announcement,58549,2026-10-06,active,@xclaw_ai,,,,,,unverified,,post_hidden,script,,,,
@CryptoSolutionAnn,Crypto Solution Announcement,58549,2026-10-06,active,@GTBSchain,Gatbits (GTBS Chain),10390,17,10,17,standalone,False,post_hidden,script,,,,
@CryptoSolutionAnn,Crypto Solution Announcement,58549,2026-10-06,active,@meditechxtoken,MediTechX | Token,25917,14,1,14,community_of_@mtxto,False,post_hidden,script,,,,
@CryptoSolutionAnn,Crypto Solution Announcement,58549,2026-10-06,active,@ganapayment,GANA Payment,6203,11,7,3,standalone,False,post_hidden,script,,,,
@CryptoSolutionAnn,Crypto Solution Announcement,58549,2026-10-06,active,@BeanBeeAI,BeanBee,3031,16,5,16,standalone,False,post_hidden,script,,,,
@CryptoSolutionAnn,Crypto Solution Announcement,58549,2026-10-06,active,@PineXFinance,PineX Finance | Official group,226,3,2,3,standalone,False,post_hidden,script,,,,
@CryptoSolutionAnn,Crypto Solution Announcement,58549,2026-10-06,active,t.me/+1rjv44laugi5nzdl,,,,,,private,,invite,script,,,,
@CryptoSolutionAnn,Crypto Solution Announcement,58549,2026-10-06,active,t.me/+5n3b4d97ur41n2y0,,,,,,private,,invite,script,,,,
@CryptoSolutionAnn,Crypto Solution Announcement,58549,2026-10-06,active,t.me/+6uerdm6by1rmmmqy,,,,,,private,,invite,script,,,,
@CryptoSolutionAnn,Crypto Solution Announcement,58549,2026-10-06,active,t.me/+af8nvafnvbrhotvh,,,,,,private,,invite,script,,,,
@CryptoSolutionAnn,Crypto Solution Announcement,58549,2026-10-06,active,t.me/+jnikl6k_p3nlmwzl,,,,,,private,,invite,script,,,,
@CryptoSolutionAnn,Crypto Solution Announcement,58549,2026-10-06,active,t.me/+jra6xg-dbny2mdq5,,,,,,private,,invite,script,,,,
@CryptoSolutionAnn,Crypto Solution Announcement,58549,2026-10-06,active,t.me/+lox3u2f-tvvinwzh,,,,,,private,,invite,script,,,,
@CryptoSolutionAnn,Crypto Solution Announcement,58549,2026-10-06,active,t.me/+n9pi6ujvxme0nwi1,,,,,,private,,invite,script,,,,
@CryptoSolutionAnn,Crypto Solution Announcement,58549,2026-10-06,active,t.me/+qh2kpspovqu2yjgx,,,,,,private,,invite,script,,,,
@CryptoSolutionAnn,Crypto Solution Announcement,58549,2026-10-06,active,t.me/+ryealrxuwzdmntlk,,,,,,private,,invite,script,,,,
@CryptoSolutionAnn,Crypto Solution Announcement,58549,2026-10-06,active,t.me/+v-lamezpcvpjyze0,,,,,,private,,invite,script,,,,
@CryptoSolutionAnn,Crypto Solution Announcement,58549,2026-10-06,active,t.me/+vk6qjocwxfi3nju1,,,,,,private,,invite,script,,,,
@CryptoSolutionAnn,Crypto Solution Announcement,58549,2026-10-06,active,t.me/+xkhqgrbxo4q0ntkx,,,,,,private,,invite,script,,,,
@ico_analytic,ICO Analytics (StandWithUkraine 🇺🇦),56768,2026-09-28,active,@ICO_Analytics_EN,ICO Analytics NewsRoom EN,2883,3,1,1,standalone,False,description,script,,,,
@ico_analytic,ICO Analytics (StandWithUkraine 🇺🇦),56768,2026-09-28,active,@ICO_Analytics_UA,ICO Analytics NewsRoom UA,529,2,1,2,standalone,False,description,script,,,,
@cryptoquant_official,CryptoQuant,55982,2026-10-08,active,@id1534080402,CryptoQuant,449,28,10,5,comments_only,False,linked_chat,script,,,,
@incrypted_airdrops,Incrypted Airdrops,46800,2026-09-28,active,@incrypted_airdrop_chat,Incrypted Airdrop Chat,5935,41,11,1,comments_only,False,linked_chat manual,manual+script,https://t.me/incrypted_airdrop_chat,,,
@CryptoWorldNews,CryptoWorldNews,42288,2026-09-30,active,@CryptoChatCWN,CWN Crypto Chat,20844,100,9,1,comments_only,False,linked_chat,script,,,,
@CryptoWorldNews,CryptoWorldNews,42288,2026-09-30,active,@coininfo_chat,COIN INFO chat,20,48,1,1,comment_chat_of_a_channel,False,post_mention,script,,,,
@NEXT100XGEMS,Next 100X GEMS,42206,2026-09-25,active,@Official_Vone,Vone - First Web3 Communication Platform,673,0,0,0,standalone,False,manual,manual,https://t.me/Official_Vone,,,
@memecoinx,Memecoin Gems Shilling 🚀,38940,2026-09-17,active,@dagama_chat,daGama Chat,38582,,,,comment_chat_of_a_channel,,post,script,https://t.me/bbonkcommunity,,,
@memecoinx,Memecoin Gems Shilling 🚀,38940,2026-09-17,active,@NovaEx_Ai,Novaex Ai,52680,,,,comment_chat_of_a_channel,,post,script,https://t.me/bbonkcommunity,,,
@memecoinx,Memecoin Gems Shilling 🚀,38940,2026-09-17,active,@bbonkcommunity,BBONK COMMUNITY,15,0,0,0,standalone,False,manual,manual,https://t.me/bbonkcommunity,,,
@Slidefunchannel,Slide.fun Channel,38708,2026-09-30,active,@KultGamesLocalGroup,Kult Local Community,201,0,0,0,standalone,False,post_hidden,script,,,,
@Slidefunchannel,Slide.fun Channel,38708,2026-09-30,active,@KachingVIP,Kaching!,2075,7,3,2,community_of_@KachingPlay,False,post_mention,script,,,,
@forex_signalsc,Forex Signals Trading,32892,2026-09-29,active,@nebortrade,,,,,,unverified,,manual,manual,https://t.me/nebortrade,,,
@QuantumStellarInitiative,✨Quantum Stellar Initiative (QSI)✨,31822,2026-10-05,active,@QSIVideos,QSI Library: Stellar Training Materials,2413,3,2,0,standalone,False,post_hidden,script,,,,
@QuantumStellarInitiative,✨Quantum Stellar Initiative (QSI)✨,31822,2026-10-05,active,@stellarmoonbunny,MoonBunBun - QSIGF- ABUNDANCE,1927,100,2,100,standalone,False,post,script,,,,
@QuantumStellarInitiative,✨Quantum Stellar Initiative (QSI)✨,31822,2026-10-05,active,@synergyfoundationico,‼️⚠️QSIGF-ANOMALY,1700,100,1,100,standalone,False,post,script,,,,
@QuantumStellarInitiative,✨Quantum Stellar Initiative (QSI)✨,31822,2026-10-05,active,@vngfoundationico,QSIGF-MUTATION,689,96,2,96,standalone,False,post,script,,,,
@QuantumStellarInitiative,✨Quantum Stellar Initiative (QSI)✨,31822,2026-10-05,active,t.me/+2qjfj2euaenjyznh,,,,,,private,,invite,script,,,,
@QuantumStellarInitiative,✨Quantum Stellar Initiative (QSI)✨,31822,2026-10-05,active,t.me/+ja31yw1hqqy1yzux,,,,,,private,,invite,script,,,,
@QuantumStellarInitiative,✨Quantum Stellar Initiative (QSI)✨,31822,2026-10-05,active,t.me/+jjtn_diwhvsxmtji,,,,,,private,,invite,script,,,,
@QuantumStellarInitiative,✨Quantum Stellar Initiative (QSI)✨,31822,2026-10-05,active,t.me/+wqanur6kf2vmzdyx,,,,,,private,,invite,script,,,,
@QuantumStellarInitiative,✨Quantum Stellar Initiative (QSI)✨,31822,2026-10-05,active,t.me/+x8i6xflqtudjzgrh,,,,,,private,,invite,script,,,,
@StarPhone_CC,StarPhone,27690,2026-10-04,active,@StarPhoneCC,StarPhone Global,28140,45,9,13,comments_only,False,linked_chat post_hidden,script,,,,
@StarPhone_CC,StarPhone,27690,2026-10-04,active,@creditslink,Creditlink Global,41608,0,0,0,community_of_@creditslinkchannel,False,post_mention,script,,,,
@Cheese_Pad,CheesePad Announcement,27031,2026-09-19,active,@CheesePad_Group,🐹🧀CheesePad Group,31380,14,8,9,comments_only,False,linked_chat post,script,,,,
@Cheese_Pad,CheesePad Announcement,27031,2026-09-19,active,t.me/+twuhbeagirk3mmfl,,,,,,private,,invite,script,,,,
@creditslinkchannel,Creditlink Announcements 📣,25092,2026-09-22,active,@creditslink,Creditlink Global,41608,0,0,0,comments_only,False,description linked_chat,script,,,,
@creditslinkchannel,Creditlink Announcements 📣,25092,2026-09-22,active,@aveaiglobal,Aveai Global🌍,70,0,0,0,standalone,False,post_mention,script,,,,
@creditslinkchannel,Creditlink Announcements 📣,25092,2026-09-22,active,@lista_dao,Lista Dao | Blum,57,0,0,0,standalone,False,post_mention,script,,,,
@creditslinkchannel,Creditlink Announcements 📣,25092,2026-09-22,active,@TokenPocket_TP,,,,,,unverified,,post_mention,script,,,,
@creditslinkchannel,Creditlink Announcements 📣,25092,2026-09-22,active,@BitgetWallet,,,,,,unverified,,post_mention,script,,,,
@creditslinkchannel,Creditlink Announcements 📣,25092,2026-09-22,active,@gate_io,Gate.io的小伙伴們,11683,0,0,0,community_of_@gatearticlelist_English,False,post_mention,script,,,,
@creditslinkchannel,Creditlink Announcements 📣,25092,2026-09-22,active,@JupiterExchange,,,,,,unverified,,post_mention,script,,,,
@creditslinkchannel,Creditlink Announcements 📣,25092,2026-09-22,active,@KIMCHI_BNB,ATM,189,0,0,0,standalone,False,post_mention,script,,,,
@top7ico,"Top 7 | Tech, AI & Crypto Analytics",24241,2026-09-30,active,@top7ico_chat,Top 7 | Official Chat,3987,21,0,0,comments_only,False,linked_chat,script,,,,
@BinanceWaves,Crypto Waves,21116,2026-10-05,active,t.me/+rx8jpiqx1x85nza8,,,,,,private,,invite,script,,,,
@cointrendz,CoinTrendz.com,21093,2026-10-08,active,@CoinTrendzCommunity,CoinTrendz Temple⛩,1665,10,5,10,standalone,False,description,script,,,,
@ai_auctions,Ai Auction News,20956,2026-09-30,active,@Ai_auctionschat,Ai Auction Chat,13205,2,0,0,comments_only,False,linked_chat,script,,,,
@bsc_dailyann,BSC Daily - Announcements,16547,2026-09-29,active,@conviction_chat,Conviction Frens,654,0,0,0,standalone,False,post_mention,script,,,,
@bsc_dailyann,BSC Daily - Announcements,16547,2026-09-29,active,@gate_io,Gate.io的小伙伴們,11683,0,0,0,community_of_@gatearticlelist_English,False,post_mention,script,,,,
@bsc_dailyann,BSC Daily - Announcements,16547,2026-09-29,active,@kingasterbsc,King Aster,949,0,0,0,standalone,False,post,script,,,,
@bsc_dailyann,BSC Daily - Announcements,16547,2026-09-29,active,@vony0,Ben,33,0,0,0,standalone,False,post_mention,script,,,,
@changelly,Changelly,15091,2026-10-06,active,@id2441387271,Chatgelly,108,15,1,0,comments_only,False,linked_chat,script,,,,
@changelly,Changelly,15091,2026-10-06,active,@scopuly,Scopuly - Stellar DeFi Platform,11782,37,5,8,community_of_@scopulynews,False,post_mention,script,,,,
@changelly,Changelly,15091,2026-10-06,active,t.me/+gd8jtzwmymzmnwri,,,,,,private,,invite,script,,,,
@daomaker_ann,DAO Maker News,14760,2026-09-24,active,@daomaker,DAO Maker Community & Support,21198,6,5,4,comments_only,False,description linked_chat,script,,,,
@daomaker_ann,DAO Maker News,14760,2026-09-24,active,@RebelBotsChat,Rebel Bots | Chat,2771,1,1,1,community_of_@RebelBotsXoilWars,False,post_hidden,script,,,,
@daomaker_ann,DAO Maker News,14760,2026-09-24,active,@weebsgroup,Weebs.App,2892,4,2,4,standalone,False,post_hidden,script,,,,
@daomaker_ann,DAO Maker News,14760,2026-09-24,active,@RGamesOfficialChat,R Games Official Chat,6514,2,2,2,community_of_@RGamesOfficial,False,post_hidden,script,,,,
@daomaker_ann,DAO Maker News,14760,2026-09-24,active,@edu3labscommunity,Edu3Labs Official,16580,1,1,1,community_of_@brightsetup,False,post_hidden,script,,,,
@daomaker_ann,DAO Maker News,14760,2026-09-24,active,@CyberArenaCommunity,Cyber Arena AR/VR,4700,2,1,2,community_of_@CyberArenaNews,False,post_hidden,script,,,,
@daomaker_ann,DAO Maker News,14760,2026-09-24,active,@TENETPublicChat,TENET Chat,5511,0,0,0,community_of_@TENETNewsChannel,False,post,script,,,,
@daomaker_ann,DAO Maker News,14760,2026-09-24,active,@arbipadchat,ArbiPad Global Chat,2131,1,1,1,community_of_@arbipadnews,False,post,script,,,,
@daomaker_ann,DAO Maker News,14760,2026-09-24,active,@rejuvecommunity,Rejuve Community 🌿,5476,13,5,7,standalone,False,post,script,,,,
@daomaker_ann,DAO Maker News,14760,2026-09-24,active,@SkebCoin_chat,SkebCoin Chat,1072,7,0,0,community_of_@Crypto_Job_Org,False,post,script,,,,
@daomaker_ann,DAO Maker News,14760,2026-09-24,active,@heliosblock,Helios Blockchain,4566,9,5,2,community_of_@heliosblock_news,False,post_hidden,script,,,,
@daomaker_ann,DAO Maker News,14760,2026-09-24,active,@fusiobybg,FUSIO By BlockGuard,16238,3,3,2,standalone,False,post_hidden,script,,,,
@daomaker_ann,DAO Maker News,14760,2026-09-24,active,@chirppad,ChirpPad,40415,6,2,4,community_of_@chirppadANN,False,post_hidden,script,,,,
@daomaker_ann,DAO Maker News,14760,2026-09-24,active,@E4Cverse,E4C: Final Salvation,1227,1,1,1,standalone,False,post_hidden,script,,,,
@daomaker_ann,DAO Maker News,14760,2026-09-24,active,@CredbullMain,Credbull.io,69031,0,0,0,community_of_@CredbullAnnouncements,False,post_hidden,script,,,,
@daomaker_ann,DAO Maker News,14760,2026-09-24,active,@TrakxFr,Trakx,4229,0,0,0,standalone,False,post_hidden,script,,,,
@daomaker_ann,DAO Maker News,14760,2026-09-24,active,@codyfight,Codyfight,46590,1,1,1,community_of_@codyfightnews,False,post_hidden,script,,,,
@daomaker_ann,DAO Maker News,14760,2026-09-24,active,@privateaicom,PrivateAI.com / PGPT,8927,0,0,0,community_of_@privateai_ann,False,post_hidden,script,,,,
@daomaker_ann,DAO Maker News,14760,2026-09-24,active,@bowleddotio,Bowled.io Community,4362,0,0,0,standalone,False,post_hidden,script,,,,
@daomaker_ann,DAO Maker News,14760,2026-09-24,active,@hover_market,Hover,1,0,0,0,standalone,False,post_hidden,script,,,,
@daomaker_ann,DAO Maker News,14760,2026-09-24,active,@sociapol,SociaPol Turkish Community,772,0,0,0,standalone,False,post_hidden,script,,,,
@daomaker_ann,DAO Maker News,14760,2026-09-24,active,@scriptnetworkofficial,Script Network (Acquired) - This Telegram is Now Closed,60077,0,0,0,standalone,False,post_hidden,script,,,,
@daomaker_ann,DAO Maker News,14760,2026-09-24,active,@finceptor_global,Finceptor Global Community,23776,0,0,0,community_of_@finceptor_ann,False,post_hidden,script,,,,
@daomaker_ann,DAO Maker News,14760,2026-09-24,active,@virtualversionsofficial,Virtual Versions Official Chat,13226,0,0,0,standalone,False,post,script,,,,
@daomaker_ann,DAO Maker News,14760,2026-09-24,active,@sophia_verse,SophiaVerse Community,5760,6,5,4,community_of_@sophiaverseann,False,post,script,,,,
@daomaker_ann,DAO Maker News,14760,2026-09-24,active,@egocoin_en,EGO Paysenger Chat (EN) check at egoco.in,21167,0,0,0,community_of_@ego_paysenger_en,False,post,script,,,,
@daomaker_ann,DAO Maker News,14760,2026-09-24,active,@WistaverseTG,WISTAVERSE ✊,444,0,0,0,standalone,False,post,script,,,,
@daomaker_ann,DAO Maker News,14760,2026-09-24,active,@coinzixtoken,COINZIX Announcements| $ZIX by coinzix.com,6176,0,0,0,standalone,False,post,script,,,,
@daomaker_ann,DAO Maker News,14760,2026-09-24,active,@xcademy,XCAD Network Official,13801,0,0,0,community_of_@xcadnetworknews,False,post,script,,,,
@WCSECHANNEL,WESLAD Research 📊,14722,2026-10-05,active,@wesladcommunity,WESLAD Research Community,445,100,41,8,comments_only,False,linked_chat post_hidden,script,,,,
@MEXC_ENchannel,MEXC Listing Announcement,14681,2026-10-07,active,@wefi_official,WeFi Official Global,373,0,0,0,standalone,False,post_mention,script,,,,
@MEXC_ENchannel,MEXC Listing Announcement,14681,2026-10-07,active,@Hoookedpad,Hooked,2488,0,0,0,standalone,False,post_mention,script,,,,
@MEXC_ENchannel,MEXC Listing Announcement,14681,2026-10-07,active,@zipcoincash,zipcoin,3123,0,0,0,standalone,False,post_mention,script,,,,
@MEXC_ENchannel,MEXC Listing Announcement,14681,2026-10-07,active,@nullmaskio,nullmaskio,8,0,0,0,standalone,False,post_mention,script,,,,
@MEXC_ENchannel,MEXC Listing Announcement,14681,2026-10-07,active,@iNuApple,iNu,4308,0,0,0,standalone,False,post_mention,script,,,,
@MEXC_ENchannel,MEXC Listing Announcement,14681,2026-10-07,active,@EventraMarketOfficial,EventraMarket Official,5475,0,0,0,community_of_@EventraMarket,False,post_hidden,script,,,,
@MEXC_ENchannel,MEXC Listing Announcement,14681,2026-10-07,active,@MagneAI,MagneAI,7948,14,9,11,standalone,False,post_hidden,script,,,,
@MEXC_ENchannel,MEXC Listing Announcement,14681,2026-10-07,active,t.me/+eb6_3wclni0wmdnl,,,,,,private,,invite,script,,,,
@MEXC_ENchannel,MEXC Listing Announcement,14681,2026-10-07,active,t.me/+flncboerf7wwmzy1,,,,,,private,,invite,script,,,,
@MEXC_ENchannel,MEXC Listing Announcement,14681,2026-10-07,active,t.me/+maa187ktlf8xyje1,,,,,,private,,invite,script,,,,
@iopn_io,IOPn,11512,2026-09-28,active,@iopn_korean,IOPn 한국방 (Korean),1188,0,0,0,standalone,False,post,script,,,,
@iopn_io,IOPn,11512,2026-09-28,active,@iopn_russian,IOPn l Russian,589,0,0,0,standalone,False,post,script,,,,
@iopn_io,IOPn,11512,2026-09-28,active,@iopn_spanish,IOPn Español (Spanish),408,2,1,2,standalone,False,post,script,,,,
@iopn_io,IOPn,11512,2026-09-28,active,@iopn_turkish,IOPn Türkçe (Turkish),1063,0,0,0,standalone,False,post,script,,,,
@cryptobricegiveaways,CryptoBrice Giveaway,9598,2026-09-20,active,@bricegaw,CryptoBrice Community,121,0,0,,standalone,False,post,script,https://t.me/cryptobricegiveaways,,,
@AgentAiCashAnn,AGENT AI CASH Announcement,9382,2026-09-30,active,@AiAlgoAnalysis,AI Agent Ai Algo Trade and Analysis,5488,4,2,2,standalone,False,post_hidden,script,,,,
@CryptoAlerts,Crypto Alerts,9242,2026-10-01,active,@AiDiscussion,,,,,,unverified,,post_mention,script,,,,
@CryptoAlerts,Crypto Alerts,9242,2026-10-01,active,@StockMarkets,,,,,,unverified,,post_mention,script,,,,
@CryptoAlerts,Crypto Alerts,9242,2026-10-01,active,@EverythingBubble,Everything Bubble,2,0,0,0,standalone,False,post_mention,script,,,,
@CryptoAlerts,Crypto Alerts,9242,2026-10-01,active,@ClimateChange,,,,,,unverified,,post_mention,script,,,,
@CryptoAlerts,Crypto Alerts,9242,2026-10-01,active,@FitnessHealth,,,,,,unverified,,post_mention,script,,,,
@CryptoAlerts,Crypto Alerts,9242,2026-10-01,active,@GrailMemes,,,,,,unverified,,post_mention,script,,,,
@CryptoAlerts,Crypto Alerts,9242,2026-10-01,active,@InTheNews,,,,,,unverified,,post_mention,script,,,,
@CryptoAlerts,Crypto Alerts,9242,2026-10-01,active,@LifestyleFlex,,,,,,unverified,,post_mention,script,,,,
@CryptoAlerts,Crypto Alerts,9242,2026-10-01,active,@Longevity,,,,,,unverified,,post_mention,script,,,,
@CryptoAlerts,Crypto Alerts,9242,2026-10-01,active,@Trollbox,Trollbox,371,0,0,0,standalone,False,post_mention,script,,,,
@CryptoAlerts,Crypto Alerts,9242,2026-10-01,active,@WorldReligions,,,,,,unverified,,post_mention,script,,,,
@CryptoAlerts,Crypto Alerts,9242,2026-10-01,active,@WorldWars,,,,,,unverified,,post_mention,script,,,,
@CryptoAlerts,Crypto Alerts,9242,2026-10-01,active,@Democrats,,,,,,unverified,,post_mention,script,,,,
@CryptoAlerts,Crypto Alerts,9242,2026-10-01,active,@Republicans,,,,,,unverified,,post_mention,script,,,,
@CryptoAlerts,Crypto Alerts,9242,2026-10-01,active,@USElection,,,,,,unverified,,post_mention,script,,,,
@CryptoAlerts,Crypto Alerts,9242,2026-10-01,active,@USPolitics,,,,,,unverified,,post_mention,script,,,,
@CryptoAlerts,Crypto Alerts,9242,2026-10-01,active,@WorldPolitics,,,,,,unverified,,post_mention,script,,,,
@CryptoAlerts,Crypto Alerts,9242,2026-10-01,active,@Resolutions,,,,,,unverified,,post_mention,script,,,,
@dudedex,D-Dex Official,9062,2026-09-16,active,@dudedexofficial,D-Dex Official chat,181,0,0,0,comments_only,False,linked_chat post,script,,,,
@WallStreetBetsReddit,WallStreet Bets,9033,2026-10-08,active,@wallstreetbetsforum,WallStreetBets Forum,277,96,1,1,comments_only,False,linked_chat,script,,,,
@Deepseaio,Deep Sea | Channel,7746,2026-09-29,active,@Deepsea_chat,Deep Sea | Chat,5480,42,27,9,comments_only,False,description linked_chat,script,,,,
@itsgawsita,Sita Giveaway & CV Crypto🔮🐿️,7052,2026-09-29,active,t.me/+QcQ3ixtsDToxNWQx,,,,,,private,,manual,manual,https://t.me/+QcQ3ixtsDToxNWQx,,,
@scopulynews,Scopuly - Stellar DeFi,6725,2026-10-08,active,@scopuly,Scopuly - Stellar DeFi Platform,11782,37,5,8,comments_only,False,description linked_chat,script,,,,
@GoldTradingPK,GOLD TRADING PK,6700,2026-10-08,active,@goldtradingpk_discuss,TEAMPK DISCUSSION GROUP,684,21,0,0,comments_only,False,linked_chat,script,,,,
@massa_latest_news,Massa News,6646,2026-09-22,active,@dusacommunity,Dusa Community 🪼,415,6,4,5,standalone,False,post_mention,script,,,,
@massa_latest_news,Massa News,6646,2026-09-22,active,@eaglefi_community,EagleFi,108,0,0,0,standalone,False,post_mention,script,,,,
@massa_latest_news,Massa News,6646,2026-09-22,active,@conf3rence,CONF3RENCE | Official,471,4,3,4,standalone,False,post_mention,script,,,,
@massa_latest_news,Massa News,6646,2026-09-22,active,@DecentrNet,Decentr,1729,1,1,0,community_of_@DecentrAnnouncements,False,post_mention,script,,,,
@Meta_Earth_Announcement,Meta Earth Announcement,6639,2026-09-29,active,@MktsInsider,,,,,,unverified,,post_mention,script,,,,
@RetiumChain,Retium,6552,2026-10-06,active,t.me/+mkkhn-jqw58woda1,,,,,,private,,invite,script,,,,
@cryptorank_insights,CryptoRank Insights,6437,2026-10-05,active,@cryptorank_ru,CryptoRank.io Чат,3594,1,0,0,comments_only,False,description linked_chat,script,,,,
@cryptorank_insights,CryptoRank Insights,6437,2026-10-05,active,@cryptorank_io_sup,CryptoRank.io Support Eng Chat,11496,6,4,3,standalone,False,post_hidden,script,,,,
@cryptorank_insights,CryptoRank Insights,6437,2026-10-05,active,t.me/+adbn_b8pnqa4owzi,,,,,,private,,invite,script,,,,
@cryptorank_insights,CryptoRank Insights,6437,2026-10-05,active,t.me/+w1cihrsfbvg1ztyy,,,,,,private,,invite,script,,,,
@bitcoinmemes,Bitcoin Memes,6331,2026-09-25,active,@bitcoin_memes_chat,Bitcoin Memes Chat,164,0,0,0,comments_only,False,description linked_chat,script,,,,
@zilliqa,Zilliqa Announcement,5994,2026-10-02,active,@GZILCOLLECTIVE,GZIL Collective,261,3,2,2,standalone,False,post_hidden,script,,,,
@privateai_ann,PrivateAI.com / PGPT Announcement,5427,2026-09-18,active,@privateaicom,PrivateAI.com / PGPT,8927,0,0,0,comments_only,False,linked_chat post,script,,,,
@privateai_ann,PrivateAI.com / PGPT Announcement,5427,2026-09-18,active,@bull_bnb,BULL BNB,262,0,0,0,standalone,False,post_mention,script,,,,
@Rihannad,Rihanna music Rihana,4747,2026-10-08,active,@id1700340348,Rihanna music Rihana Chat,217,100,0,0,comments_only,False,linked_chat,script,,,,
@Rihannad,Rihanna music Rihana,4747,2026-10-08,active,t.me/joinchat/AAAAAFJiRC-NPUScNTAjAg,,,,,,private,,invite,script,,,,
@cryptorealy,DEFI Journal,4458,2026-09-28,active,t.me/+_er3ud8vfj5jodm0,,,,,,private,,invite,script,,,,
@cryptorealy,DEFI Journal,4458,2026-09-28,active,t.me/+zk3auwmewpy5yzc0,,,,,,private,,invite,script,,,,
@StreetTraderFx,StreetTraderFx🫆,3863,2026-10-08,active,t.me/+h60_ywcehb9kyjfk,,,,,,private,,invite,script,,,,
@biconomy_Ann,Biconomy.com Announcement Channel,3471,2026-10-05,active,@sovrentech,OLD SOVREN,25,0,0,0,standalone,False,post_mention,script,,,,
@biconomy_Ann,Biconomy.com Announcement Channel,3471,2026-10-05,active,@ChumpCoinX,Chump Coin Official | Chat,3876,2,2,2,standalone,False,post_mention,script,,,,
@biconomy_Ann,Biconomy.com Announcement Channel,3471,2026-10-05,active,@panther_wallet,panther_wallet,6,0,0,0,standalone,False,post_mention,script,,,,
@biconomy_Ann,Biconomy.com Announcement Channel,3471,2026-10-05,active,@MicroduckNVDA,MicroDuck CTO,1244,95,4,95,standalone,False,post_mention,script,,,,
@biconomy_Ann,Biconomy.com Announcement Channel,3471,2026-10-05,active,@thinkingcatRH,Thinking Cat,1002,2,2,2,standalone,False,post_mention,script,,,,
@GoldenFrogHouse,Golden Frog 🐸 Announcement,3462,2026-09-08,active,@GoldenFrog_EN,Golden Frog Support [EN],541,3,2,2,comments_only,False,linked_chat post_hidden,script,,,,
@GoldenFrogHouse,Golden Frog 🐸 Announcement,3462,2026-09-08,active,@maavatar,MaAvatar,2449,17,5,16,standalone,False,post_mention,script,,,,
@GoldenFrogHouse,Golden Frog 🐸 Announcement,3462,2026-09-08,active,@collablynetwork,Collably Network,453,21,7,6,community_of_@CollablyNetworkAnnouncement,False,post_mention,script,,,,
@GemsofSensei,Altcoin Sensei | PRINT HOUSE 🖨️🏠,3213,2026-09-27,active,t.me/+wK8TMJIql2JlNTlk,,,,,,private,,manual,manual,https://t.me/+wK8TMJIql2JlNTlk,,,
@jinmucall,JinMu 100x Gems,3189,2026-09-29,active,t.me/+SnSuFLFtW-M2NGM1,,,,,,private,,manual,manual,https://t.me/+SnSuFLFtW-M2NGM1,,,
@anrknetworkann,Ankr Official Announcements,3047,2026-10-05,active,@ankrnetwork,Ankr Community,16259,20,9,9,comments_only,False,description linked_chat,script,,,,
@ApeBond_News,ApeBond News & Announcements,2668,2026-10-05,active,@unitsnetwork,Units.Network Community Chat,58224,15,7,5,community_of_@unitsnews,False,post_mention,script,,,,
@ApeBond_News,ApeBond News & Announcements,2668,2026-10-05,active,@monstrodefi,Monstro,1066,16,6,11,community_of_@MonstroAnnouncements,False,post_mention,script,,,,
@TMGChannel,Crypto Saving Expert,2587,2026-10-08,active,@TMGTRENCHES,TMG Trenches,601,15,1,0,comments_only,False,linked_chat,script,,,,
@chromia_announcements,Chromia Official Announcements,2516,2026-10-05,active,@clawchainai,clawchain.ai,103,0,0,0,standalone,False,post,script,,,,
@chromia_announcements,Chromia Official Announcements,2516,2026-10-05,active,@ChromiaDev,Chromia Official Developers Chat,478,0,0,0,standalone,False,post,script,,,,
@chromia_announcements,Chromia Official Announcements,2516,2026-10-05,active,@ChromiaIndia,Chromia - Official Indian Group,663,0,0,0,standalone,False,post,script,,,,
@chromia_announcements,Chromia Official Announcements,2516,2026-10-05,active,@ChromiaSpanish,Chromia en Español Oficial,95,0,0,0,community_of_@ChromiaSpanishAnuncios,False,post,script,,,,
@chromia_announcements,Chromia Official Announcements,2516,2026-10-05,active,@chromiaturkiye,Chromia - Official Turkish Group,206,4,2,4,community_of_@chrhaber,False,post,script,,,,
@canalexrp,Ripple XRP | Breaking News,2513,2026-10-08,active,@iXRPCommunity,XRP Community,175,6,0,0,comments_only,False,linked_chat,script,,,,
@PowerXOneAnnouncement,PowerX One Announcement,2106,2026-09-30,active,t.me/+exysdoa1c-5iyty6,,,,,,private,,invite,script,,,,
@PowerXOneAnnouncement,PowerX One Announcement,2106,2026-09-30,active,t.me/+lxpvus87fik4mjk6,,,,,,private,,invite,script,,,,
@adspoweren,AdsPower Browser | News (EN),2087,2026-09-30,active,t.me/+l1agi2x36maymjc1,,,,,,private,,invite,script,,,,
@adspoweren,AdsPower Browser | News (EN),2087,2026-09-30,active,t.me/+snjmrcs9iwzhzdu0,,,,,,private,,invite,script,,,,
@dextrobot_ai,Dextro AI Trading Bot-Official Channel,1667,2026-10-05,active,@dextrobotai,Dextro AI Trading Bot,1824,14,1,2,comments_only,False,linked_chat,script,,,,
@OpenledgerKoreaANN,OpenLedger Korea ANN,1628,2026-09-29,active,@storyprotocol,Story protocol,316,0,0,0,standalone,False,post_mention,script,,,,
@OpenledgerKoreaANN,OpenLedger Korea ANN,1628,2026-09-29,active,@TheoriqAI,Ai space 1,59,0,0,0,standalone,False,post_mention,script,,,,
@MultiVACMTV,MultiVAC Channel,1611,2026-09-30,active,@MultiVAC2020,MultiVAC [MTV],4141,14,5,6,comments_only,False,linked_chat,script,,,,
@MultiVACMTV,MultiVAC Channel,1611,2026-09-30,active,@StrikeXcrypto,StrikeX | Community,2490,2,2,2,standalone,False,post_mention,script,,,,
@rickysfundamentals,RICKYS FUNDAMENTALS,1482,2026-10-05,active,@EyeFutureChat,Eye Future Chat,273,0,0,0,standalone,False,post,script,,,,
@qiblockchainannouncement,QIE Blockchain Announcement Channel,1457,2026-10-05,active,t.me/+cxvsoobslejlyjqy,,,,,,private,,invite,script,,,,
@qiblockchainannouncement,QIE Blockchain Announcement Channel,1457,2026-10-05,active,t.me/+vgi04licyzs3zwq9,,,,,,private,,invite,script,,,,
@avestagroupuz,Avesta Investment Group - Uzbekistan,1444,2026-10-08,active,@avesta_chat,CHAT - Avesta Investment Group - Uzbekistan,28,22,0,0,comments_only,False,linked_chat,script,,,,
@GiveawaysCryptobot,CryptoBot Giveaways,1407,2026-09-28,active,@Atom_one_chat,АТОМ | 𝐂𝐇𝐀𝐓 💬,7115,,,,comment_chat_of_a_channel,,post,script,http://t.me/detrade_global,,,
@guardawallet,Guarda Crypto Wallet,1197,2026-10-03,active,@Guarda_community,Guarda Community,4135,21,9,9,comments_only,False,description linked_chat,script,,,,
@ZenoTraderChannel,Zeno Traders - Updates,1118,2026-09-30,active,@ZenoTraderCommunity,Zeno Traders - Community,1120,2,0,0,comments_only,False,linked_chat,script,,,,
@elisascharts,Elisa's Charts,998,2026-09-19,active,@ElisasTAChat,Elisa's TA Chat,415,0,0,0,standalone,False,description,script,,,,
@elisascharts,Elisa's Charts,998,2026-09-19,active,@elisasFXchat,Elisa's FX Chat,85,0,0,0,standalone,False,description,script,,,,
@HumbleApes,Humble Gems 100x,976,2026-09-21,active,t.me/+-Fa3mSs52MMxM2Nl,,,,,,private,,manual,manual,https://t.me/+-Fa3mSs52MMxM2Nl,,,
@MEXCUK_Announcement,MEXC UK Fan Club (News),789,2026-10-07,active,@MEXCUK_Community,MEXC UK Fan Club (Main),3603,34,5,23,comments_only,False,linked_chat,script,,,,
@MEXCUK_Announcement,MEXC UK Fan Club (News),789,2026-10-07,active,t.me/+3w5zzhjjlss5mda1,,,,,,private,,invite,script,,,,
@MEXCUK_Announcement,MEXC UK Fan Club (News),789,2026-10-07,active,t.me/+flncboerf7wwmzy1,,,,,,private,,invite,script,,,,
@KachingPlay,Kaching!,730,2026-10-05,active,@KachingVIP,Kaching!,2075,7,3,2,comments_only,False,linked_chat post_mention,script,,,,
@walletw,Crypto Wallet & Crypto Card World 🔥💵🤖,432,2026-09-21,active,@airdropchatter,Airdrop chat #1 💰,738,0,0,0,standalone,False,description,script,,,,
@walletw,Crypto Wallet & Crypto Card World 🔥💵🤖,432,2026-09-21,active,@batterypublicbeta,Tonkeeper Battery Beta,1885,0,0,0,standalone,False,post,script,,,,
@walletw,Crypto Wallet & Crypto Card World 🔥💵🤖,432,2026-09-21,active,t.me/+8ylrc_77f6ywyjiy,,,,,,private,,invite,script,,,,
@walletw,Crypto Wallet & Crypto Card World 🔥💵🤖,432,2026-09-21,active,t.me/+l2zdul7791mzyzhi,,,,,,private,,invite,script,,,,
@Trading_Group,TRADING GROUP,377,2026-09-11,active,@TRADING_GROUP_ROOM,TRADING ROOM,13,0,0,0,comments_only,False,linked_chat manual,manual+script,https://t.me/TRADING_GROUP_ROOM,,,
@Trading_Group,TRADING GROUP,377,2026-09-11,active,@note_yaddasht_room,Note یادداشت Room,14,,,,comment_chat_of_a_channel,,post,script,https://t.me/TRADING_GROUP_ROOM,,,
@Trading_Group,TRADING GROUP,377,2026-09-11,active,@CapparisRoom,Capparis-Room / کاپاریس,127,,,,comment_chat_of_a_channel,,post,script,https://t.me/TRADING_GROUP_ROOM,,,
@Crypto_Job_Org,CryptoJobs.Org,369,2026-10-05,active,@SkebCoin_chat,SkebCoin Chat,1072,7,0,0,comments_only,False,linked_chat,script,,,,
@blocktroll,₿ootleg Ⓐnalysis,330,2026-09-25,active,@DoctorBitcoin,The Rizzn InDAOstrial Compex,83,5,1,1,comments_only,False,linked_chat,script,,,,
@themdtchannel,MDT Announcement Channel,320,2026-10-07,active,@measurabledata,Measurable Data Token (MDT),7878,22,6,8,comments_only,False,linked_chat post_mention,script,,,,
@themdtchannel,MDT Announcement Channel,320,2026-10-07,active,@TheRewardMe,,,,,,unverified,,post_mention,script,,,,
@themdtchannel,MDT Announcement Channel,320,2026-10-07,active,@RewardMe,,,,,,unverified,,post_mention,script,,,,
@themdtchannel,MDT Announcement Channel,320,2026-10-07,active,@thepassportme,PassportMe,2,0,0,0,standalone,False,post_mention,script,,,,
@wocnews,WavesOnChain News,154,2026-09-12,active,@wavesonchains,WavesOnChain,648,57,2,57,comments_only,False,description linked_chat,script,,,,
@wocnews,WavesOnChain News,154,2026-09-12,active,@unilendchat,Unilend Chat,204,1,1,1,standalone,False,post_mention,script,,,,
@wocnews,WavesOnChain News,154,2026-09-12,active,@CrossCurveFi,CrossCurveFi,1,0,0,0,standalone,False,post_mention,script,,,,
@wocnews,WavesOnChain News,154,2026-09-12,active,@unitsnetwork,Units.Network Community Chat,58224,15,7,5,community_of_@unitsnews,False,post_mention,script,,,,
@actiontokenslive,Action Tokens - News & Releases | Will Not DM You,99,2026-09-12,active,@actiontokens,Action Tokens - Official Chat,679,2,2,2,comments_only,False,linked_chat,script,,,,
@xileaguechannel,XI League – Fantasy Cricket & Football,31,2026-09-05,active,@xileague,XI League – Fantasy Cricket & Football,41,0,0,0,comments_only,False,linked_chat post,script,,,,
@MonstroAnnouncements,Monstro Announcements,9,2026-10-04,active,@monstrodefi,Monstro,1066,16,6,11,comments_only,False,linked_chat post_mention,script,,,,
@Trading_Crypto_Signals_Bitcoin,Trading Crypto Bitcoin Signals,1038408,2026-09-29,active,,,,,,,,,,,,,,
@next10xgem1,Binance Spot & FutuRes Signals 🐋,329019,2026-09-29,active,,,,,,,,,,,,,,
@TechCryptoAnalyst,Technical CRYPTO Analyst,320197,2026-10-07,active,,,,,,,,,,,,,,
@Binance_Futures_Trades,🇺🇸 Crypto Signals Trading (AI),316341,2026-09-29,active,,,,,,,,,,,,,,
@Signals_Trader_Trading,Crypto Futures,298449,2026-09-29,active,,,,,,,,,,,,,,
@Trading_Trader_Free,Signals Crypto,251939,2026-09-29,active,,,,,,,,,,,,,,
@Gold_Forex_Xauusd_Btcusd_Signals,GOLD XAUUSD BTCUSD FOREX SIGNALS 📊,235303,2026-09-29,active,,,,,,,,,,,PREMIUM GROUP,,,
@gems_airdrops_co,Crypto GEMs/Airdrops — Solana | BSC,230024,2026-09-28,active,,,,,,,,,,,,,,
@binance_futures6,Binance Futures & Liquidations | Tracker,152847,2026-09-28,active,,,,,,,,,,,,,,
@crypto_signalsf,Crypto Signals ⚡,123107,2026-09-29,active,,,,,,,,,,,,,,
@unfolded,unfolded.,117224,2026-09-30,active,,,,,,,,,,,,,,
@blockchainwhispersbaby,D Man,98854,2026-09-22,active,,,,,,,,,,,,,,
@cryptoquant_alert,CryptoQuant Alert,70627,2026-10-07,active,,,,,,,,,,,,,,
@cryptobullet,CryptoBullet,67616,2026-10-08,active,,,,,,,,,,,,,,
@FinCryptoDaily_en,"FinCrypto Daily | Finance, Crypto, Investments",63345,2026-09-29,active,,,,,,,,,,,,,,
@Trading_Signals_Futures_Binance,Binance Spot & Futures Trading Signals,54401,2026-09-29,active,,,,,,,,,,,,,,
@www_Bitcoin_com,Bitcoin.com News,53275,2026-10-07,active,,,,,,,,,,,,,,
@glassnode,Glassnode,44062,2026-10-07,active,,,,,,,,,,,,,,
@icodrops,ICO Drops - ICO News & Alerts,42634,2026-09-10,active,,,,,,,,,,,,,,
@wealthcreator7,Wealthcreator,40411,2026-10-08,active,,,,,,,,,,,,,,
@CardanoAnnouncements,Cardano Announcements,35599,2026-09-30,active,,,,,,,,,,,,,,
@forex_signalsg,ForexSignals,35536,2026-09-29,active,,,,,,,,,,,,,,
@CryptoScanner100eyes,100eyes Crypto Scanner (PREVIEW),31158,2026-10-08,active,,,,,,,,,,,,,,
@cmcal_bot,CoinMarketCal Bot,30300,2026-10-05,active,,,,,,,,,,,,,,
@CryptoEmpire_Signal,Crypto Empire Signal™,27250,2026-10-06,active,,,,,,,,,,,,,,
@crypto_news,Crypto News - Fast Market Moving⚡️,26080,2026-09-30,active,,,,,,,,,,,,,,
@CryptoCoinsCoach,Coach,23145,2026-09-23,active,,,,,,,,,,,,,,
@JackDorseyCoins,Jack Dorsey Coins 🚀,22016,2026-10-05,active,,,,,,,,,,,,,,
@Forex_Tradings,Forex Tradings,19578,2026-10-08,active,,,,,,,,,,,,,,
@Zero_To_Hero_premium_trading,ZERO TO HERO PREMIUM GROUP,19181,2026-09-29,active,,,,,,,,,,,,,,
@BitcoinSniper,Bitcoin Sniper,13514,2026-10-07,active,,,,,,,,,,,,,,
@CryptoTrades,Crypto Trades,13007,2026-10-08,active,,,,,,,,,,,,,,
@binance_futuresr,Binance Futures Official ( Free Signal ),11258,2026-09-26,active,,,,,,,,,,,,,,
@coindar,Coindar,11144,2026-09-30,active,,,,,,,,,,,,,,
@ProAnalysisTrader,Pro Analysis,10885,2026-09-20,active,,,,,,,,,,,,,,
@WhalePump,WhalePump Reborn: Best Signals! (100% FREE),10527,2026-09-28,active,,,,,,,,,,,,,,
@BinanceResearch,Binance Research,10352,2026-10-06,active,,,,,,,,,,,,,,
@cryptoslatenews,CryptoSlate News,10341,2026-10-08,active,,,,,,,,,,,,,,
@joescrypt,JoesCrypt,9449,2026-10-08,active,,,,,,,,,,,,,,
@thedailyhodl,The Daily Hodl,8042,2026-10-08,active,,,,,,,,,,,,,,
@catchain,"CAT — TON Validator, Apps and News",7019,2026-09-18,active,,,,,,,,,,,,,,
@Binance_Telegram,Crypto Rekt Liquidations Bot,5531,2026-09-16,active,,,,,,,,,,,,,,
@altcoin,Altcoins Channel,5360,2026-10-07,active,,,,,,,,,,,,,,
@cryptocurrency,Cryptocurrencies Channel,5100,2026-10-08,active,,,,,,,,,,,,,,
@investkaki,InvestKaki,5031,2026-10-08,active,,,,,,,,,,,,,,
@giveaway_cryptobo,КОНКУРСЫ И РАЗДАЧИ КРИПТОБОТ,4992,2026-09-03,active,,,,,,,,,,,,,,
@xrpnewsuk,XRP.ARMY www.xrp.army ❤️🇺🇲🇬🇧,4969,2026-10-06,active,,,,,,,,,,,,,,
@techcrunchcom,TechCrunch,4949,2026-10-08,active,,,,,,,,,,,,,,
@utoday_en,U°Today,4435,2026-10-08,active,,,,,,,,,,,,,,
@botje11,Botje11,4235,2026-10-05,active,,,,,,,,,,,,,,
@tehmoonwalkin,tehMoonwalkeR Calls and Bullish News,4148,2026-09-24,active,,,,,,,,,,,,,,
@historyyoutube,История всего,3767,2026-09-29,active,,,,,,,,,,,,,,
@bitcoinchannel,Bitcoin channel,3235,2026-10-08,active,,,,,,,,,,,,,,
@BlockchairNews,Blockchair News,3203,2026-09-29,active,,,,,,,,,,,,,,
@bitcoino_trading,BITCOIN TRADING,3064,2026-09-23,active,,,,,,,,,,,,,,
@deribit_notifications,Deribit Notifications,2870,2026-10-06,active,,,,,,,,,,,,,,
@fortuneinsight,Fortune Insight,2343,2026-10-08,active,,,,,,,,,,,,,,
@Bitmex_Coach,Bitmex,1928,2026-09-22,active,,,,,,,,,,,,,,
@VinDAXExchangeNews,VinDAX News,1764,2026-10-08,active,,,,,,,,,,,,,,
@investments_in_crypto,Инвестиции в крипту,1745,2026-09-18,active,,,,,,,,,,,,,,
@early100xgems,Early 100x Gems,1646,2026-09-29,active,,,,,,,,,,,,,,
@cbondsglobal,Cbonds: Global Bond Market,1618,2026-10-08,active,,,,,,,,,,,,,,
@PapaWoody_100xGems,Papa Woody 100x Gems,1518,2026-09-26,active,,,,,,,,,,,,,,
@CRYPTO0_community,CRYPTO community,1366,2026-09-19,active,,,,,,,,,,,,,,
@r_Bitcoin,r/Bitcoin,1281,2026-10-08,active,,,,,,,,,,,,,,
@cryptochan_pricevolumepulse,Coins Volume Pulse - Coinalert.me,1156,2026-10-05,active,,,,,,,,,,,,,,
@cryptocrosstrade,CryptoZond | Криптоанализы без диагнозов,775,2026-10-08,active,,,,,,,,,,,,,,
@cryptonomist_english,The Cryptonomist,599,2026-10-08,active,,,,,,,,,,,,,,
@ethereumdapps,Ethereum DAPPS,463,2026-10-05,active,,,,,,,,,,,,,,
@cryptogwss,Giveaways,192,2026-09-28,active,,,,,,,,,,,,,,
@trading_Bitcoino,Bitcoin trading,141,2026-09-06,active,,,,,,,,,,,,,,
@Crypto_Publisher,Crypto Publisher,63,2026-09-06,active,,,,,,,,,,,,,,
@Crypto_Bitcoin_Blockchain,Crypto | Bitcoin | Blockchain,32,2026-09-06,active,,,,,,,,,,,,,,
@CryptoWorldICOs,Crypto World ICOs,27,2026-09-06,active,,,,,,,,,,,,,,
@BINANCE_FUTURESA,BINANCE FUTURESARAB,25,,active,,,,,,,,,,,,,,
@CryptoDecentralized,Crypto Newsfeed,23,2026-10-08,active,,,,,,,,,,,,,,
@CryptoWorldAnalysis,Crypto World Analysis,19,2026-09-06,active,,,,,,,,,,,,,,
@ThriveNews,THRIVE™ Crypto News,15,2026-10-08,active,,,,,,,,,,,,,,
@patronsofthemoon,patronsofthemoon,14,2026-10-05,active,,,,,,,,,,,,,,
@bigblueocean,bigblueocean,8,2026-09-10,active,,,,,,,,,,,,,,
@UniLendAnnouncement,unilend announcement,8,2026-09-16,active,,,,,,,,,,,,,,
@bfxannouncements,bfxannouncements,2,2026-10-05,active,,,,,,,,,,,,,,
@xclaw_ai,xclaw_ai,1,2026-10-06,active,,,,,,,,,,,,,,
@interfoldhq_updates,,,,not_checked,@enclave_e3,Interfold General,1922,99,26,56,community,True,linked_chat,script,,,,
@autheo_news_official,,,,not_checked,@Autheo_Official,Autheo,343,46,17,25,community,True,linked_chat,script,,,,
@Chart_House_Research,,,,not_checked,@OfficialChartHouse,Chart House,681,96,18,44,community,True,linked_chat,script,,,,
@whitelist1,,,,not_checked,@whitelistchat,Whitelist Chat,6388,95,24,15,community,True,linked_chat,script,,,,
@x7rL7ony7EJkZjI1,,,,not_checked,@BinanceChinese,币安官方中文群,268167,97,17,78,community,True,linked_chat,script,,,,
@OKXAnnouncements,,,,not_checked,@OKXOfficial_English,OKX English,350576,52,25,30,community,True,linked_chat,script,,,,
@whaletrackerofficial,,,,not_checked,@Whale_Tracker,𝐖𝐇𝐀𝐋𝐄𝐓𝐑𝐀𝐂𝐊𝐄𝐑 | 𝐀𝐒𝐊 🗯,12533,57,37,57,community,True,linked_chat,script,,,,
@EventraMarket,,,,not_checked,@EventraMarketOfficial,EventraMarket Official,5475,0,0,0,comments_only,False,linked_chat,script,,,,
@XypherIO,,,,not_checked,@XypherTalk,Xypher.IO,2219,0,0,0,comments_only,False,linked_chat,script,,,,
@rewardmechannel,,,,not_checked,@id1304605056,RewardMe,6094,0,0,0,comments_only,False,linked_chat,script,,,,
@rztoio,RZTO | News channel,44842,2026-05-06,inactive,@rzto_io_chat,RZTO | Community chat,47868,100,11,100,community,True,linked_chat,script,,,,
@ExtsyChannel,Extsy Official Channel,10864,2026-01-12,inactive,@ExtsyCommunity,Extsy Community,19971,27,12,20,community,True,linked_chat,script,,,,
@Axioncoin1,Axion Announcement,10026,2026-01-09,inactive,@axionchatEn,Axion Community,12148,58,8,45,community,True,linked_chat,script,,,,
@superlitho,Lithosphere (LITHO) Announcements,8009,2026-03-26,inactive,@lithochat,Lithosphere (LITHO) Official Global,37900,97,30,63,community,True,linked_chat,script,,,,
@DIAannouncements,DIA - Announcements,6334,2026-08-12,inactive,@DIAdata_org,DIA Community,4825,100,18,50,community,True,linked_chat,script,,,,
@uponlyspace,UPONLY PORTAL,5500,2026-08-16,inactive,@uponly_space,UPONLY COMMUNITY,2358,100,10,64,community,True,linked_chat,script,,,,
@LamineYamal_official_channel,Lamine Yamal Official Channel,5423,2025-08-28,inactive,@LamineYamal_official_group,Lamine Yamal Official Group,6702,90,13,16,community,True,linked_chat,script,,,,
@HuntFiOfficial,HuntFi Announcements,1062,2025-10-30,inactive,@HuntFiChat,HuntFi Chat,1061,15,5,15,community,True,linked_chat,script,,,,
@puzzlenetworknews,Puzzle Network Announcements,280,2023-07-03,inactive,@puzzle_network,Puzzle Network,830,99,18,57,community,True,linked_chat,script,,,,
@trackerscrypto,.,2,2023-07-15,inactive,@cryptotrackerschat,Crypto Trackers Chat,490,43,8,,standalone,True,description,script,,,,
@CR_tApp,CryptoRank tApp News,252545,2026-02-06,inactive,@CryptoRankEn,CryptoRank Community Chat,8169,0,0,0,comments_only,False,linked_chat,script,,,,
@artyfactnews,Artyfact Announcements,232336,2026-07-08,inactive,@artyfactgroup,Artyfact Global Group,154103,0,0,0,comments_only,False,linked_chat,script,,,,
@RebelBotsXoilWars,Rebel Bots | Official Announcements,129963,2025-02-19,inactive,@RebelBotsChat,Rebel Bots | Chat,2771,1,1,1,comments_only,False,linked_chat,script,,,,
@chirppadANN,ChirpPad Announcements [ANN],79055,2025-10-08,inactive,@chirppad,ChirpPad,40415,6,2,4,comments_only,False,linked_chat,script,,,,
@HybridAnnouncements,Hybrid | Announcements,53040,2026-01-01,inactive,@HybridCommunity,Hybrid | Community,58619,4,3,4,comments_only,False,linked_chat,script,,,,
@codyfightnews,Codyfight Announcements,48276,2025-06-05,inactive,@codyfight,Codyfight,46590,1,1,1,comments_only,False,linked_chat,script,,,,
@EXOT_ann,EXOT Announcement,43864,2026-04-27,inactive,@EXOT_community,EXOT Community,38493,2,2,1,comments_only,False,linked_chat,script,,,,
@finceptor_ann,Finceptor Announcements,22958,2026-04-04,inactive,@finceptor_global,Finceptor Global Community,23776,0,0,0,comments_only,False,linked_chat,script,,,,
@ego_paysenger_en,EGO Paysenger (EN) check at egoco.in,21273,2026-01-03,inactive,@egocoin_en,EGO Paysenger Chat (EN) check at egoco.in,21167,0,0,0,comments_only,False,linked_chat,script,,,,
@mtxto,MTX NEWS,20282,2026-08-14,inactive,@meditechxtoken,MediTechX | Token,25917,14,1,14,comments_only,False,linked_chat,script,,,,
@mineblue_uk,Mine Blue,19929,2025-11-22,inactive,@minebluecommunity,Mine Blue,11340,0,0,0,comments_only,False,linked_chat,script,,,,
@zetcoreteam,ZET NETWORK,16525,2026-03-05,inactive,@ZetCoreTeam_chat,ZET NETWORK Chat,18746,0,0,0,comments_only,False,linked_chat,script,,,,
@LottryAnnouncements,Lottry | Announcements,15476,2025-04-19,inactive,@LottryCommunity,Lottry | Community,16816,100,6,2,comments_only,False,linked_chat,script,,,,
@petetokennews,$PETE Token Channel,15191,2026-08-06,inactive,@JoinPete,Pete token chat!,55606,5,4,4,comments_only,False,linked_chat,script,,,,
@TENETNewsChannel,TENET News,11507,2025-02-06,inactive,@TENETPublicChat,TENET Chat,5511,0,0,0,comments_only,False,linked_chat,script,,,,
@findex_app,Crypto Clubs - App,8627,2026-05-13,inactive,@cryptoclubs_group,FindEX AI - Chat,5942,0,0,0,comments_only,False,linked_chat,script,,,,
@heliosblock_news,Helios Blockchain - Announcements,4482,2026-01-14,inactive,@heliosblock,Helios Blockchain,4566,9,5,2,comments_only,False,linked_chat,script,,,,
@xcadnetworknews,XCAD Network Announcements,4012,2026-04-01,inactive,@xcademy,XCAD Network Official,13801,0,0,0,comments_only,False,linked_chat,script,,,,
@babydoge2ch,Baby Doge 2.0-$BabyDoge,2814,2025-04-16,inactive,@babydoge2x,Baby Doge 2.0-$BabyDoge Group,2114,31,4,26,comments_only,False,linked_chat,script,,,,
@paydaxofficial,PaydaxOfficial,2531,2025-10-28,inactive,@PaydaxCommunity,PaydaxOfficial - Community,1223,0,0,0,comments_only,False,linked_chat,script,,,,
@arbipadnews,ArbiPad News,2478,2025-10-19,inactive,@arbipadchat,ArbiPad Global Chat,2131,1,1,1,comments_only,False,linked_chat,script,,,,
@CryptoSmartHubOfficial,CryptoSmartHub,2429,2026-05-20,inactive,@cryptosmarthub_chat,CryptoSmartHub Chat,3207,0,0,0,comments_only,False,linked_chat,script,,,,
@bome3meme,Book of Meme 3.0 - $BOME,1674,2026-05-13,inactive,@bomememe3,Book of Meme 3.0 - $BOME Group,3547,15,1,15,comments_only,False,linked_chat,script,,,,
@icopax,ICOPAX: One Bot – All of Crypto,1310,2026-01-31,inactive,@icopaxchat,ICOPAX Community,24223,0,0,0,comments_only,False,linked_chat,script,,,,
@romcoinchannel,Romcoin Official Channel,1304,2026-03-14,inactive,@romcoingroup,Romcoin Official Group,1674,2,1,2,comments_only,False,linked_chat,script,,,,
@sophiaverseann,SophiaVerse Announcements,1286,2026-04-22,inactive,@sophia_verse,SophiaVerse Community,5760,6,5,4,comments_only,False,linked_chat,script,,,,
@trumpmemex,TRUMP $MEME Channel,1182,2026-05-09,inactive,@trumpmemez,TRUMP $MEME Group,1717,9,1,9,comments_only,False,linked_chat,script,,,,
@CyberArenaNews,Cyber Arena AR/VR News,1154,2025-02-02,inactive,@CyberArenaCommunity,Cyber Arena AR/VR,4700,2,1,2,comments_only,False,linked_chat,script,,,,
@magatrumpch,MAGA TRUMP-$TRUMP,1002,2025-10-20,inactive,@magatrumpz,MAGA TRUMP-$TRUMP,4217,100,6,15,comments_only,False,linked_chat,script,,,,
@CredbullAnnouncements,Credbull Official Announcement,742,2024-12-22,inactive,@CredbullMain,Credbull.io,69031,0,0,0,comments_only,False,linked_chat,script,,,,
@RGamesOfficial,R Games Official Annoucement,509,2026-01-21,inactive,@RGamesOfficialChat,R Games Official Chat,6514,2,2,2,comments_only,False,linked_chat,script,,,,
@SPACEXONBSC,SPACEX | BSC,418,2026-06-29,inactive,@spacexbscchat,SPACEX CHAT,2147,5,2,5,comments_only,False,linked_chat,script,,,,
@DecentrAnnouncements,Decentr Announcements,414,2026-08-23,inactive,@DecentrNet,Decentr,1729,1,1,0,comments_only,False,linked_chat,script,,,,
@CertiKAnnounce,CertiK Announcements,209,2026-01-06,inactive,@CertiKCommunity,CertiK,10188,0,0,0,comments_only,False,linked_chat,script,,,,
@CollablyNetworkAnnouncement,Collably Network Announcement,131,2026-07-04,inactive,@collablynetwork,Collably Network,453,21,7,6,comments_only,False,linked_chat,script,,,,
@SafeHavenExch_Announcements,SafeHaven Exchange Official Announcements,92,2026-08-05,inactive,@SafeHavenExch_Community,SafeHaven Exchange Official Community,1698,14,4,13,comments_only,False,linked_chat,script,,,,
@chainstake_org,CHAINSTAKE,73,2025-09-22,inactive,@chainstakechat,Chainstake Community,65,0,0,0,comments_only,False,linked_chat,script,,,,
@SOAIOfficialOO8,SOAI-Official channel,55,2026-03-07,inactive,@SOAI_OfficeCommunity,SOAI-Official communication group,5718,0,0,0,comments_only,False,linked_chat,script,,,,
@ChromiaSpanishAnuncios,Chromia en Español Noticias,25,2025-01-25,inactive,@ChromiaSpanish,Chromia en Español Oficial,95,0,0,0,comments_only,False,linked_chat,script,,,,
@gatearticlelist_English,Gate.io articlelist,13,2022-11-20,inactive,@gate_io,Gate.io的小伙伴們,11683,0,0,0,comments_only,False,linked_chat,script,,,,
@GiveRep_news,GiveRep Announcement,10,2025-03-27,inactive,@id2556002430,GiveRep,755,0,0,0,comments_only,False,linked_chat,script,,,,
@chrhaber,Chromia Türkiye Haber,8,2022-07-31,inactive,@chromiaturkiye,Chromia - Official Turkish Group,206,4,2,4,comments_only,False,linked_chat,script,,,,
@watersolmeme,$WATER | SOL MEMECOIN,1128476,2025-04-22,inactive,,,,,,,,,,,,,,
@AirdropKartOfficial,Airdrop Kart,465336,2026-07-31,inactive,,,,,,,,,,,,,,
@Free_Crypto_Pumps_Signals_Vip,Free Crypto Pumps Signals,161014,2026-06-19,inactive,,,,,,,,,,,,,,
@Crypto_Signals_Trading_Binance,Binance Trading Crypto Futures Signals,96644,2026-07-28,inactive,,,,,,,,,,,,,,
@Trading_Signals_Binance_Futures,Binance Futures Trading Signals Crypto,75217,2026-07-23,inactive,,,,,,,,,,,,,,
@CryptoColls,Community,71324,2025-03-05,inactive,,,,,,,,,,,,,,
@Crypto_Pumps_Profits_Signals,Crypto Pumps,55334,2024-05-25,inactive,,,,,,,,,,,,,,
@Signals_Mandarin,Crypto Mandarin the Signals,18941,2025-05-14,inactive,,,,,,,,,,,,,,
@BinanceAcademy,Binance Academy,12452,2022-09-07,inactive,,,,,,,,,,,,,,
@blockchainwhispers_B,Blockchain Whispers ® Official (By D Man) -- The Most Amazing Crypto Channel Ever Created By Mankind!,11263,2024-09-26,inactive,,,,,,,,,,,,,,
@Bitcoin_NewsTG,.,10562,2025-01-10,inactive,,,,,,,,,,,,,,
@Bitcoin_Crypto_Coin_Calendar,.,9221,2020-11-01,inactive,,,,,,,,,,,,,,
@CryptoMarketTime,.,9110,2019-07-15,inactive,,,,,,,,,,,,,,
@CryptoNewsSource,.,8597,2018-12-30,inactive,,,,,,,,,,,,,,
@Blockchain_Crypto_Bitcoin,.,8369,2020-10-21,inactive,,,,,,,,,,,,,,
@bullspromote,Bulls Crypto Giveaways 💴 🍃,8198,2026-08-22,inactive,,,,,,,,,,,,,,
@altcoin_gemss,Krypto Arbitrage,7940,2026-04-18,inactive,,,,,,,,,,,,,,
@bft_forex_signals_free,WOLVES AUTOTRADER,7329,2025-10-09,inactive,,,,,,,,,,,,,,
@Bitcoin_Crypto_Signals,.,5583,2021-02-04,inactive,,,,,,,,,,,,,,
@crypto1_pump,FTL Crypto Insider,4423,2025-07-27,inactive,,,,,,,,,,,,,,
@ProjectSeraphim,BearBangerz,2110,2026-09-03,inactive,,,,,,,,,,,,,,
@MoneroEconomicForum,Monero Economic Forum,1747,2026-08-22,inactive,,,,,,,,,,,,,,
@Tamil_Movies_hd,Join @hollywood_series_movies_hd,1694,2021-06-12,inactive,,,,,,,,,,,,,,
@bctof,Best Crypto Traders Official,1651,2023-12-27,inactive,,,,,,,,,,,,,,
@rko120,Fallen Soldier Shop | Stock Updates | https://rko12.com,1637,2022-06-19,inactive,,,,,,,,,,,,,,
@wallstbetspumps,WallStreetBets Crypto Pumps - Investing!,1421,2021-08-25,inactive,,,,,,,,,,,,,,
@dailyycryptonews,CRYPTO UNIVERSITY 🦁,1401,2023-03-15,inactive,,,,,,,,,,,,,,
@hashbon_com,Hashbon FiRe,1286,2022-08-10,inactive,,,,,,,,,,,,,,
@MoneroOrangePills,Monero Orange Pills 🟠,1280,2021-12-24,inactive,,,,,,,,,,,,,,
@bilaxy_announcements,Bilaxy Official Announcement Channel,1271,2026-06-09,inactive,,,,,,,,,,,,,,
@dailywhalepumps,Daily MemeCoin Pumps 📢,1158,2024-08-09,inactive,,,,,,,,,,,,,,
@hyipsystemchecker,Crypto Investment Platforms,1113,2026-08-21,inactive,,,,,,,,,,,,,,
@powgemscallsol,Pow Gems CALL on SOLANA,1054,2026-03-16,inactive,,,,,,,,,,,,,,
@OfficialCryptoMoonShot,CryptoMoonShots,909,2021-11-25,inactive,,,,,,,,,,,,,,
@BinanceInside,Binance Inside Info,862,2024-12-01,inactive,,,,,,,,,,,,,,
@cryptoatlas_io,CryptoAtlas: The Latest News From the Crypto Space 🌐,588,2025-10-11,inactive,,,,,,,,,,,,,,
@TON_DEV,Everscale Dev EN,492,2023-04-10,inactive,,,,,,,,,,,,,,
@Gumboleaks,G Calls,416,2024-03-28,inactive,,,,,,,,,,,,,,
@Tricky_crypto,Tricky crypto,411,2025-01-01,inactive,,,,,,,,,,,,,,
@memecoincreatorinsider,Meme Coin Creator,363,2025-08-15,inactive,,,,,,,,,,,,,,
@AltGemCalls,Altcoin Gems Calls 🚀,299,2026-05-20,inactive,,,,,,,,,,,,,,
@crypto_investment9,Crypto Investment,235,2022-05-13,inactive,,,,,,,,,,,,,,
@Blockshow,BlockShow by Cointelegraph 🌐,226,2024-03-28,inactive,,,,,,,,,,,,,,
@fantomfoundation,Sonic Announcements (prev. Fantom),204,2024-08-01,inactive,,,,,,,,,,,,,,
@moneyhesitfreesignals,MONEY HEIST FREE SIGNALS,168,2022-05-16,inactive,,,,,,,,,,,,,,
@moon_shot_calls,Moonshot Calls,147,2024-10-16,inactive,,,,,,,,,,,,,,
@Community_cryptoo,Ua Community,130,2025-10-04,inactive,,,,,,,,,,,,,,
@blockchain_lobsters,Crab Notes [OLD],130,2022-06-05,inactive,,,,,,,,,,,,,,
@cryptop_community,CrypTop Community,123,2024-09-26,inactive,,,,,,,,,,,,,,
@iconinjasnews,Corleone’s research news,103,2023-12-14,inactive,,,,,,,,,,,,,,
@DrDegensAltCoinGems,Degen’s Altcoin GEMS💎,97,2023-06-10,inactive,,,,,,,,,,,,,,
@BestTokenNews,Best Token News,71,2025-03-09,inactive,,,,,,,,,,,,,,
@BitcoinInventors,Bitcoin Inventors,70,2025-03-09,inactive,,,,,,,,,,,,,,
@BlockchainNewsETC,Ethereum Classic & Blockchain news,62,2022-10-09,inactive,,,,,,,,,,,,,,
@DAOautonomous,DAO autonomous,60,2025-03-09,inactive,,,,,,,,,,,,,,
@bnewscrawler,"BNews - Notícias, política, ações, bovespa, economia, bitcoin de forma automatizada",37,2023-03-14,inactive,,,,,,,,,,,,,,
@crypto_investment,Cryptocurrency Investment and Trading,36,2019-01-21,inactive,,,,,,,,,,,,,,
@LunarCryptoCommunity,Lunar Crypto Community,32,2025-09-03,inactive,,,,,,,,,,,,,,
@cryptogiveawayforall,Giveaway & Regalos 🎁 Free & Gratis,31,2022-06-26,inactive,,,,,,,,,,,,,,
@GoldTradeNews,Gold Trade News,31,2025-03-09,inactive,,,,,,,,,,,,,,
@voluntarily_e,Voluntarily,28,2024-12-13,inactive,,,,,,,,,,,,,,
@TradingPROs,ТРЕЙДИНГ ЭТО ПРОСТО,27,2023-06-14,inactive,,,,,,,,,,,,,,
@VvanV,"راحتي """,17,2026-07-21,inactive,,,,,,,,,,,,,,
@bloombergquint,bloombergquint,11,2024-06-28,inactive,,,,,,,,,,,,,,
@MetaverseAccount,Metaverse Account,10,2025-03-09,inactive,,,,,,,,,,,,,,
@PolitischeKryptokunst,Politische Kryptokunst,6,,inactive,,,,,,,,,,,,,,
@Paradigm_Fund,1,6,2022-08-27,inactive,,,,,,,,,,,,,,
@insideton,InsideTON,3,2026-09-03,inactive,,,,,,,,,,,,,,
@economemtrics,,,,dead,,,,,,,,,,,,,,
@OccupyWallStreet2,,,,dead,,,,,,,,,,,,,,
@vseobiabloke,,,,dead,,,,,,,,,,,,,,
@egordeev,,,,dead,,,,,,,,,,,,,,
@SeeleAnn,,,,dead,,,,,,,,,,,,,,
@BlockchainAds,,,,dead,,,,,,,,,,,,,,
@BoboLabs,,,,dead,,,,,,,,,,,,,,
@CryptoFlash,,,,dead,,,,,,,,,,,,,,
@pumpour,,,,dead,,,,,,,,,,,,,,
@nebortrade,,,,dead,,,,,,,,,,,,,,
,,,,,@PhemexFutures_en,Phemex Futures Trading Group,7814,100,33,,standalone,True,search,script,,,,
,,,,,@AltGemAlpha,Altcoin Gems ALPHA 💎,829,100,21,,standalone,True,search,script,,,,
,,,,,@investment_crypto,investment crypto,423,99,51,,standalone,True,search,script,,,,
,,,,,@group_trading,group_trading,258,25,8,,standalone,True,search,script,,,,
,,,,,@id2150444629,Jupiter Exchange (Official Support),12887,49,16,31,standalone,True,search,script,,,,
,,,,,@id2115343747,Democrats DNC Chat,338,68,7,33,standalone,True,search,script,,,,
,,,,,@id1076871110,US Politics Chat,1108,98,22,57,standalone,True,search,script,,,,
,,,,,@Gold_Trader_Xauusd_Forex_Signals,GOLD FOREX TRADER,385453,,,,comment_chat_of_a_channel,,search,script,,,,
,,,,,@Gold_btcusd_xauusd,GOLD BTCUSD XAUUSD FOREX SIGNALS,342532,100,0,,standalone,False,search,script,,,,
,,,,,@AirdropDetectiveTeam,Broadcast Channel,306495,3,0,,standalone,False,search,script,,,,
,,,,,@Crypto_1winod_hackfqohitlz,Aviatorr Signals 🚀 Crypto,231300,0,0,,standalone,False,search,script,,,,
,,,,,@Forex_xauusd_signals_6,FOREX XAUUSD BTCUSD SIGNAL,190747,,,,comment_chat_of_a_channel,,search,script,,,,
,,,,,@Quotex_Crypto_Bitcoinn_Trading,Quotex Trading Signals📈🚀,168187,0,0,,standalone,False,search,script,,,,
,,,,,@trading_bitcoin_forex_signals,Trading Bitcoin Forex Signals,156354,,,,comment_chat_of_a_channel,,search,script,,,,
,,,,,@CHATTINGSD_FOREVER_Groupsf,Friend Crypto,112353,100,1,,standalone,False,search,script,,,,
,,,,,@quotex_trading_bitcoin_signals,Quotex Trading Bitcoin Signals,103804,,,,comment_chat_of_a_channel,,search,script,,,,
,,,,,@crypt6gj,𝗔𝗥𝗔𝗕 𝗜𝗡𝗩𝗘𝗦𝗧𝗠𝗘𝗡𝗧 🌹🐳𝗔𝗡𝗗 《𝐂𝐑𝐘𝐏𝐓𝐎》𝗣𝗨𝗠𝗣,78455,84,1,,standalone,False,search,script,,,,
,,,,,@CryptoDenisNFT_chat,DENIS | Crypto & NFT | Chat,31304,,,,comment_chat_of_a_channel,,search,script,,,,
,,,,,@yf_wn,Solana Gems Calls Pump Fun Memecoins,30685,100,1,,standalone,False,search,script,,,,
,,,,,@dh_6f,Solana Gem Kripto Sinyal Memecoin Türkiye,30253,100,1,,standalone,False,search,script,,,,
,,,,,@qr_9v,Solana Gems PH Memecoin Calls Signals,30082,100,1,,standalone,False,search,script,,,,
,,,,,@tf_ev,Solana Gems India Memecoin Calls Signals,30075,100,1,,standalone,False,search,script,,,,
,,,,,@coinsbit_chat,Coinsbit CryptoExchange,21570,3,3,,standalone,False,search,script,,,,
,,,,,@Next100XGEMSchat,Next 100X GEMS Chat,10692,,,,comment_chat_of_a_channel,,search,script,,,,
,,,,,@cryptoxpress_chat,CryptoXpress Official Chat Group,9132,,,,comment_chat_of_a_channel,,search,script,,,,
,,,,,@CryptoSnackCommunity,Crypto Snack | Official Community Group🍩,4841,1,1,,standalone,False,search,script,,,,
,,,,,@BinanceFutures_Official,Binance Futures & Options Official [EN],4607,0,0,,standalone,False,search,script,,,,
,,,,,@chat_crypto,Crypto Chat — Degen Calls,1443,0,0,,standalone,False,search,script,,,,
,,,,,@crypto_pumpi,دریافت سود روزانه با استیک تتر🔒,1218,0,0,,standalone,False,search,script,,,,
,,,,,@cryptoenthusiasts1_chat,Crypto Enthusiast| CHAT,926,,,,comment_chat_of_a_channel,,search,script,,,,
,,,,,@solgems_alphabot_community,Solana Gems Alphabot Community,825,,,,comment_chat_of_a_channel,,search,script,,,,
,,,,,@cryptox_chat,CryptoX Vietnam | group chat,742,,,,comment_chat_of_a_channel,,search,script,,,,
,,,,,@Trading_group9,شركة مجموعة التداول السعودية,676,5,0,,standalone,False,search,script,,,,
,,,,,@coinpump245,Crypto Signal Pump,636,0,0,,standalone,False,search,script,,,,
,,,,,@Crypto_Chat7,Mega Crypto World,427,0,0,,standalone,False,search,script,,,,
,,,,,@arabwhalesgroup,Crypto Arab Community,317,11,3,,standalone,False,search,script,,,,
,,,,,@Richards_Pumps,CryptoPumpsByRichards🚀,312,0,0,,standalone,False,search,script,,,,
,,,,,@CryptoChaosCommunity,CryptoChaos.Club | Community,146,,,,comment_chat_of_a_channel,,search,script,,,,
,,,,,@MisfitsTrading,Space Misfits - Trading Group,115,0,0,,standalone,False,search,script,,,,
,,,,,@CryptoMedved_public_chat,CryptoMedved public chat,102,,,,comment_chat_of_a_channel,,search,script,,,,
,,,,,@BITCOINW_TRADING,BITCOIN TRADING,88,,,,comment_chat_of_a_channel,,search,script,,,,
,,,,,@ai_tradinggroup,🧩AI TRADING GROUP,74,5,0,,standalone,False,search,script,,,,
,,,,,@MADDMemecoin,MADD MemeCoin Chat,46,,,,comment_chat_of_a_channel,,search,script,,,,
,,,,,@trading_2key,2key Unofficial Trading Group,35,0,0,,standalone,False,search,script,,,,
,,,,,@bidensolcalls,𝓑𝓲𝓭𝓮𝓷 >> 𝙂𝙚𝙢𝙨 | 𝙎𝙤𝙡𝙖𝙣𝙖 100𝙭 𝘾𝙖𝙡𝙡𝙨,32,0,0,,standalone,False,search,script,,,,
,,,,,@crypto_giveaways,Huobi Primebox Card Exchange,23,0,0,,standalone,False,search,script,,,,
,,,,,@giveaway_crypton,Розыгрыш Crypton [Истории],21,0,0,,standalone,False,search,script,,,,
,,,,,@defi_gems_100x,DeFi gems 10x - 100x,13,0,0,,standalone,False,search,script,,,,
,,,,,@Crypto_Trading_MM,🧩Crypto Trading MM Group | Community | Airdrops,12,0,0,,standalone,False,search,script,,,,
,,,,,@CryptopiaCommunity,Cryptopia Community,2,0,0,,standalone,False,search,script,,,,
,,,,,@id1978761758,Markets Insider,4,0,0,0,standalone,False,search,script,,,,
,,,,,@id2567048440,bitget 钱包客服,2113,1,0,0,standalone,False,search,script,,,,
,,,,,@id1963129580,TP钱包🔥TokenPocket - 私聊的就是骗子,56,0,0,0,standalone,False,search,script,,,,
,,,,,@id2043988756,Ai Discussion,91,1,1,1,standalone,False,search,script,,,,
,,,,,@id2144993506,Stock Markets,57,6,2,6,standalone,False,search,script,,,,
,,,,,@id2075001353,Climate Change,65,0,0,0,standalone,False,search,script,,,,
,,,,,@id2048307374,Fitness Health,58,0,0,0,standalone,False,search,script,,,,
,,,,,@id2013665724,Grail Memes - GM,347,8,1,7,standalone,False,search,script,,,,
,,,,,@id2104009619,In The News,38,0,0,0,standalone,False,search,script,,,,
,,,,,@id2002664907,Lifestyle Flex,43,0,0,0,standalone,False,search,script,,,,
,,,,,@id2001892085,Longevity,187,0,0,0,standalone,False,search,script,,,,
,,,,,@id1923028971,World Religions,60,0,0,0,standalone,False,search,script,,,,
,,,,,@id2135854643,War Chat,113,0,0,0,standalone,False,search,script,,,,
,,,,,@id2065939259,Republicans GOP Chat,588,17,4,14,standalone,False,search,script,,,,
,,,,,@id2110057379,World Politics,64,1,1,1,standalone,False,search,script,,,,
,,,,,@id1083267474,Resolutions,272,11,4,6,standalone,False,search,script,,,,
