username,channel_id,topic,in_sabmyk,priority,source
a1933production,1448000741,Extremists and radicals,False,1,tgdataset_conspiracy_list
AbsoluteBritain,1167632506,Extremists and radicals,False,1,tgdataset_conspiracy_list
AdolfLitler,1223284326,Extremists and radicals,False,1,tgdataset_conspiracy_list
Allpilled,1397499849,Extremists and radicals,False,1,tgdataset_conspiracy_list
AmericanKrogan,1426198085,Extremists and radicals,False,1,tgdataset_conspiracy_list
anamgael,1479041833,Extremists and radicals,False,1,tgdataset_conspiracy_list
anfomhartelegram,1183063444,Extremists and radicals,False,1,tgdataset_conspiracy_list
AngelwaffenCREW3,1570649157,Extremists and radicals,False,1,tgdataset_conspiracy_list
Anglomania,1674527194,Extremists and radicals,False,1,tgdataset_conspiracy_list
ANSP_Action,1381835163,Extremists and radicals,False,1,tgdataset_conspiracy_list
AntiComunistCrew,1364400189,Extremists and radicals,False,1,tgdataset_conspiracy_list
AntifaAllstars,1392039170,Extremists and radicals,False,1,tgdataset_conspiracy_list
AntifaPublicWatch,1224619086,Extremists and radicals,False,1,tgdataset_conspiracy_list
antiwhites,1456618238,Extremists and radicals,False,1,tgdataset_conspiracy_list
archivecat,1233278415,Extremists and radicals,False,1,tgdataset_conspiracy_list
AryanPrinz,1475797864,Extremists and radicals,False,1,tgdataset_conspiracy_list
AryanRising,1382098103,Extremists and radicals,False,1,tgdataset_conspiracy_list
auschwitztruth,1429341670,Extremists and radicals,False,1,tgdataset_conspiracy_list
basededucation,1338590823,Extremists and radicals,False,1,tgdataset_conspiracy_list
BasedHankHill,1356554242,Extremists and radicals,False,1,tgdataset_conspiracy_list
basedireland,1460369248,Extremists and radicals,False,1,tgdataset_conspiracy_list
basedruski2,1495514286,Extremists and radicals,False,1,tgdataset_conspiracy_list
BCBackToBasics,1235974397,Extremists and radicals,False,1,tgdataset_conspiracy_list
beadymanor,1072737404,Extremists and radicals,False,1,tgdataset_conspiracy_list
BillCooperFollower,1255226034,Extremists and radicals,False,1,tgdataset_conspiracy_list
BitChute_Aktivisten,1196072087,Extremists and radicals,False,1,tgdataset_conspiracy_list
BitterBreadAndWine,1212874925,Extremists and radicals,False,1,tgdataset_conspiracy_list
BLMglobal,1424375158,Extremists and radicals,False,1,tgdataset_conspiracy_list
boomerwafden,1286968280,Extremists and radicals,False,1,tgdataset_conspiracy_list
bowlingalone,1419224829,Extremists and radicals,False,1,tgdataset_conspiracy_list
brexitwaffen,1344884043,Extremists and radicals,False,1,tgdataset_conspiracy_list
BrianoflondonTalks,1365109750,Extremists and radicals,False,1,tgdataset_conspiracy_list
Celtiqued101,1386790937,Extremists and radicals,False,1,tgdataset_conspiracy_list
Cesspool,1065357198,Extremists and radicals,False,1,tgdataset_conspiracy_list
Charles_Calthrops,1476167174,Extremists and radicals,False,1,tgdataset_conspiracy_list
chileanshitposts,1416111003,Extremists and radicals,False,1,tgdataset_conspiracy_list
ChristReich,1166470179,Extremists and radicals,False,1,tgdataset_conspiracy_list
CifutProblematik,1314532961,Extremists and radicals,False,1,tgdataset_conspiracy_list
cis_white_male,1442865049,Extremists and radicals,False,1,tgdataset_conspiracy_list
CLuncensored,1233570780,Extremists and radicals,False,1,tgdataset_conspiracy_list
CommunistLibrary,1278589414,Extremists and radicals,False,1,tgdataset_conspiracy_list
conquistagoy,1100124461,Extremists and radicals,False,1,tgdataset_conspiracy_list
conservativeharmony,1357471485,Extremists and radicals,False,1,tgdataset_conspiracy_list
cousinofsleeps,1164850802,Extremists and radicals,False,1,tgdataset_conspiracy_list
Cr0Magnon1215,1195684109,Extremists and radicals,False,1,tgdataset_conspiracy_list
CritiquedIreland,1392928002,Extremists and radicals,False,1,tgdataset_conspiracy_list
CulturalExile14,1335195146,Extremists and radicals,False,1,tgdataset_conspiracy_list
cummunistturbo,1369291599,Extremists and radicals,False,1,tgdataset_conspiracy_list
dailyredpill,1122148852,Extremists and radicals,False,1,tgdataset_conspiracy_list
danerikssonSE,1404643403,Extremists and radicals,False,1,tgdataset_conspiracy_list
dank_maymays,1136687737,Extremists and radicals,False,1,tgdataset_conspiracy_list
darrylrevok,1490130840,Extremists and radicals,False,1,tgdataset_conspiracy_list
datapac,1316033221,Extremists and radicals,False,1,tgdataset_conspiracy_list
DAVEYTRUMPNEWS,1348743147,Extremists and radicals,False,1,tgdataset_conspiracy_list
DeepEcology,1398673172,Extremists and radicals,False,1,tgdataset_conspiracy_list
DerVPN,1211107320,Extremists and radicals,False,1,tgdataset_conspiracy_list
DestoryTheSoy,1181291234,Extremists and radicals,False,1,tgdataset_conspiracy_list
dextrospeaks,1361983316,Extremists and radicals,False,1,tgdataset_conspiracy_list
DickbuttMemes,1474362767,Extremists and radicals,False,1,tgdataset_conspiracy_list
DissidentAction,1189026478,Extremists and radicals,False,1,tgdataset_conspiracy_list
diversityisastrength,1499554772,Extremists and radicals,False,1,tgdataset_conspiracy_list
diversitymachtfrei,1463916406,Extremists and radicals,False,1,tgdataset_conspiracy_list
DogeSpeaks,1479237835,Extremists and radicals,False,1,tgdataset_conspiracy_list
DOPSA18,1184499006,Extremists and radicals,False,1,tgdataset_conspiracy_list
EAHAWhite,1187037213,Extremists and radicals,False,1,tgdataset_conspiracy_list
EarthlingCarl,1481204179,Extremists and radicals,False,1,tgdataset_conspiracy_list
econazi,1483588381,Extremists and radicals,False,1,tgdataset_conspiracy_list
edmundmartyr,1482455500,Extremists and radicals,False,1,tgdataset_conspiracy_list
ELPjq,1341969796,Extremists and radicals,False,1,tgdataset_conspiracy_list
EmilyYoucis,1390707347,Extremists and radicals,False,1,tgdataset_conspiracy_list
emperorillustratumable,1194381016,Extremists and radicals,False,1,tgdataset_conspiracy_list
etnostra,1471677550,Extremists and radicals,False,1,tgdataset_conspiracy_list
EwigeWahrheiten,1420303232,Extremists and radicals,False,1,tgdataset_conspiracy_list
ExposedNose,1363530364,Extremists and radicals,False,1,tgdataset_conspiracy_list
ExposeTheNose,1226964983,Extremists and radicals,False,1,tgdataset_conspiracy_list
exposingculturalmarxism,1109874371,Extremists and radicals,False,1,tgdataset_conspiracy_list
FascistActionComingThrough,1521598473,Extremists and radicals,False,1,tgdataset_conspiracy_list
fash1848,1266927523,Extremists and radicals,False,1,tgdataset_conspiracy_list
fashwave3,1492038982,Extremists and radicals,False,1,tgdataset_conspiracy_list
fashwave6,1274717783,Extremists and radicals,False,1,tgdataset_conspiracy_list
FBG420,1340981418,Extremists and radicals,False,1,tgdataset_conspiracy_list
FJCruisers,1435002303,Extremists and radicals,False,1,tgdataset_conspiracy_list
FK_DivisionOFFICIAL,1342844876,Extremists and radicals,False,1,tgdataset_conspiracy_list
FlorianHomm,1279286214,Extremists and radicals,False,1,tgdataset_conspiracy_list
frankefrederick,1451995859,Extremists and radicals,False,1,tgdataset_conspiracy_list
Fuhr33,1293180758,Extremists and radicals,False,1,tgdataset_conspiracy_list
gay_trans_agenda,1275007989,Extremists and radicals,False,1,tgdataset_conspiracy_list
GDL4LIFE,1268172099,Extremists and radicals,False,1,tgdataset_conspiracy_list
gearmurphy,1499098030,Extremists and radicals,False,1,tgdataset_conspiracy_list
gentlybenevolent,1321960413,Extremists and radicals,False,1,tgdataset_conspiracy_list
genxny,1191203849,Extremists and radicals,False,1,tgdataset_conspiracy_list
glynntone,1385086155,Extremists and radicals,False,1,tgdataset_conspiracy_list
GoodGoyim,1491918196,Extremists and radicals,False,1,tgdataset_conspiracy_list
GoyimNewsNetwork,1418876075,Extremists and radicals,False,1,tgdataset_conspiracy_list
greentextshitposting,1178161927,Extremists and radicals,False,1,tgdataset_conspiracy_list
guidetokulchur,1248811129,Extremists and radicals,False,1,tgdataset_conspiracy_list
HandsomeTruth,1246599489,Extremists and radicals,False,1,tgdataset_conspiracy_list
hapaperspective,1412277322,Extremists and radicals,False,1,tgdataset_conspiracy_list
HateFacts,1212306649,Extremists and radicals,False,1,tgdataset_conspiracy_list
herewegooooo,1499891966,Extremists and radicals,False,1,tgdataset_conspiracy_list
hiddentruthvideos,1517200518,Extremists and radicals,False,1,tgdataset_conspiracy_list
HistoryClearinghouse,1455063728,Extremists and radicals,False,1,tgdataset_conspiracy_list
hitl999,1386436044,Extremists and radicals,False,1,tgdataset_conspiracy_list
holocaustliesexposed,1590381607,Extremists and radicals,False,1,tgdataset_conspiracy_list
HoloHoax3,1480469518,Extremists and radicals,False,1,tgdataset_conspiracy_list
holohoax_memes1,1328251060,Extremists and radicals,False,1,tgdataset_conspiracy_list
hoolahaaan,1361717199,Extremists and radicals,False,1,tgdataset_conspiracy_list
HUGOSFAVORITE,1341285932,Extremists and radicals,False,1,tgdataset_conspiracy_list
hulkhogangroyp,1152924506,Extremists and radicals,False,1,tgdataset_conspiracy_list
huxvhrhi465434,1424344577,Extremists and radicals,False,1,tgdataset_conspiracy_list
huzzar,1440829612,Extremists and radicals,False,1,tgdataset_conspiracy_list
I_Love_Hate_Speech,1643013804,Extremists and radicals,False,1,tgdataset_conspiracy_list
infoandshit,1442039811,Extremists and radicals,False,1,tgdataset_conspiracy_list
InfoRelayDepot,1441861867,Extremists and radicals,False,1,tgdataset_conspiracy_list
internationalblackshirts,1179424306,Extremists and radicals,False,1,tgdataset_conspiracy_list
InternetRe,1317743251,Extremists and radicals,False,1,tgdataset_conspiracy_list
invictusmaneo2077,1159266445,Extremists and radicals,False,1,tgdataset_conspiracy_list
IrelandsWoes,1161562496,Extremists and radicals,False,1,tgdataset_conspiracy_list
irishpatriots,1409428304,Extremists and radicals,False,1,tgdataset_conspiracy_list
IRISHREBELLION,1188222071,Extremists and radicals,False,1,tgdataset_conspiracy_list
ItsOkayToBeWhiteAndRight,1394578102,Extremists and radicals,False,1,tgdataset_conspiracy_list
ivor_cummins,1322281374,Extremists and radicals,False,1,tgdataset_conspiracy_list
JESUS_warned_us_about_THEM1,1346136623,Extremists and radicals,False,1,tgdataset_conspiracy_list
Jewicide,1380780027,Extremists and radicals,False,1,tgdataset_conspiracy_list
jeworldodor,1303655801,Extremists and radicals,False,1,tgdataset_conspiracy_list
joggersjog,1267739896,Extremists and radicals,False,1,tgdataset_conspiracy_list
johnchap8,1481129350,Extremists and radicals,False,1,tgdataset_conspiracy_list
JQanonheadquarters,1493002272,Extremists and radicals,False,1,tgdataset_conspiracy_list
justwhitegoyimthings,1389761744,Extremists and radicals,False,1,tgdataset_conspiracy_list
KatoMemesmith,1161044965,Extremists and radicals,False,1,tgdataset_conspiracy_list
keith_woods,1440826143,Extremists and radicals,False,1,tgdataset_conspiracy_list
Klementholohoax6gorillion,1412441587,Extremists and radicals,False,1,tgdataset_conspiracy_list
kommited,1347788234,Extremists and radicals,False,1,tgdataset_conspiracy_list
KosherNetwork,1474120050,Extremists and radicals,False,1,tgdataset_conspiracy_list
Kraken_Wood,1466178986,Extremists and radicals,False,1,tgdataset_conspiracy_list
La_Reconquista,1436249085,Extremists and radicals,False,1,tgdataset_conspiracy_list
labourfaust,1402996848,Extremists and radicals,False,1,tgdataset_conspiracy_list
Larrypulledit,1350180578,Extremists and radicals,False,1,tgdataset_conspiracy_list
lauratowler,1189709213,Extremists and radicals,False,1,tgdataset_conspiracy_list
Liberal_Maniacal_Psychosis_Arc,1165349064,Extremists and radicals,False,1,tgdataset_conspiracy_list
libertaryanchannel,1274605241,Extremists and radicals,False,1,tgdataset_conspiracy_list
Life_Love_Laugh,1401042288,Extremists and radicals,False,1,tgdataset_conspiracy_list
liftwaffle,1322742979,Extremists and radicals,False,1,tgdataset_conspiracy_list
lill_frigg1488,1227864534,Extremists and radicals,False,1,tgdataset_conspiracy_list
LOSTBOYEVSKY,1116976321,Extremists and radicals,False,1,tgdataset_conspiracy_list
MAFAitsthejewsstupid,1318962529,Extremists and radicals,False,1,tgdataset_conspiracy_list
MAKEAMERICAWHITE1488,1415329648,Extremists and radicals,False,1,tgdataset_conspiracy_list
makefreedoms,1246719454,Extremists and radicals,False,1,tgdataset_conspiracy_list
markacollett,1150849367,Extremists and radicals,False,1,tgdataset_conspiracy_list
martinezperspective,1436861665,Extremists and radicals,False,1,tgdataset_conspiracy_list
MaskiesMediaMadness,1137058888,Extremists and radicals,False,1,tgdataset_conspiracy_list
MelvinFinkelstein,1231599031,Extremists and radicals,False,1,tgdataset_conspiracy_list
MentallyStable,1319650027,Extremists and radicals,False,1,tgdataset_conspiracy_list
MikeEnochPeinovich,1262084348,Extremists and radicals,False,1,tgdataset_conspiracy_list
MoreTankieChapo,1369993158,Extremists and radicals,False,1,tgdataset_conspiracy_list
mpvids,1124148787,Extremists and radicals,False,1,tgdataset_conspiracy_list
nation110,1483216718,Extremists and radicals,False,1,tgdataset_conspiracy_list
NationalistOrder,1303091196,Extremists and radicals,False,1,tgdataset_conspiracy_list
natsocunited1,1453676120,Extremists and radicals,False,1,tgdataset_conspiracy_list
NatSocWW,1607444107,Extremists and radicals,False,1,tgdataset_conspiracy_list
NazBol,1126621715,Extremists and radicals,False,1,tgdataset_conspiracy_list
nggrz,1489107979,Extremists and radicals,False,1,tgdataset_conspiracy_list
NickGriffin,1426547098,Extremists and radicals,False,1,tgdataset_conspiracy_list
niggersplatterthesecond1,1223689471,Extremists and radicals,False,1,tgdataset_conspiracy_list
ninenein,1401377828,Extremists and radicals,False,1,tgdataset_conspiracy_list
NoChanceYT,1405958258,Extremists and radicals,False,1,tgdataset_conspiracy_list
NordicSunBudapest,1176453489,Extremists and radicals,False,1,tgdataset_conspiracy_list
nsmmedia,1156509418,Extremists and radicals,False,1,tgdataset_conspiracy_list
OGTVG,1384088786,Extremists and radicals,False,1,tgdataset_conspiracy_list
OKGroomerMunitionsFactory,1341550127,Extremists and radicals,False,1,tgdataset_conspiracy_list
OneEyedJackRussell,1306456967,Extremists and radicals,False,1,tgdataset_conspiracy_list
opposumgang,1397496638,Extremists and radicals,False,1,tgdataset_conspiracy_list
owlwaffen,1195605396,Extremists and radicals,False,1,tgdataset_conspiracy_list
PappyUncensored,1302436191,Extremists and radicals,False,1,tgdataset_conspiracy_list
PatAltSW,1270669359,Extremists and radicals,False,1,tgdataset_conspiracy_list
patreinhard,1316939425,Extremists and radicals,False,1,tgdataset_conspiracy_list
PatrioticChris,1368334613,Extremists and radicals,False,1,tgdataset_conspiracy_list
PatrioticGroypers,1456086700,Extremists and radicals,False,1,tgdataset_conspiracy_list
patriotspace,1473141921,Extremists and radicals,False,1,tgdataset_conspiracy_list
PatTalk,1372970685,Extremists and radicals,False,1,tgdataset_conspiracy_list
PaxTube,1367880651,Extremists and radicals,False,1,tgdataset_conspiracy_list
PlagueDoctorRitz,1362429577,Extremists and radicals,False,1,tgdataset_conspiracy_list
pol_4chan,1310284190,Extremists and radicals,False,1,tgdataset_conspiracy_list
pol_memes_cartoons,1308708605,Extremists and radicals,False,1,tgdataset_conspiracy_list
politicalshitpostersUK,1163281767,Extremists and radicals,False,1,tgdataset_conspiracy_list
portapottychannel,1292868192,Extremists and radicals,False,1,tgdataset_conspiracy_list
ppol5,1463385082,Extremists and radicals,False,1,tgdataset_conspiracy_list
professorhonkleberg,1183517712,Extremists and radicals,False,1,tgdataset_conspiracy_list
prowhitetv,1485363920,Extremists and radicals,False,1,tgdataset_conspiracy_list
r_communism,1126307047,Extremists and radicals,False,1,tgdataset_conspiracy_list
r_latestagecapitalism,1284266233,Extremists and radicals,False,1,tgdataset_conspiracy_list
RaidFest333,1120979064,Extremists and radicals,False,1,tgdataset_conspiracy_list
randomreposts,1259600606,Extremists and radicals,False,1,tgdataset_conspiracy_list
rcet_v_g11n,1398771996,Extremists and radicals,False,1,tgdataset_conspiracy_list
realisticaryanperspective,1280917498,Extremists and radicals,False,1,tgdataset_conspiracy_list
RealNazbol2,1265537728,Extremists and radicals,False,1,tgdataset_conspiracy_list
realnickjfuentes,1241441828,Extremists and radicals,False,1,tgdataset_conspiracy_list
redpillbooklinks,1470060182,Extremists and radicals,False,1,tgdataset_conspiracy_list
RedpillDump,1298078549,Extremists and radicals,False,1,tgdataset_conspiracy_list
RedPillVideoArchive,1409706051,Extremists and radicals,False,1,tgdataset_conspiracy_list
RenewBritannia,1288445956,Extremists and radicals,False,1,tgdataset_conspiracy_list
ResolutionRDO,1315740885,Extremists and radicals,False,1,tgdataset_conspiracy_list
ROPPENWAFFEN,1160333696,Extremists and radicals,False,1,tgdataset_conspiracy_list
saintharrison,1160648905,Extremists and radicals,False,1,tgdataset_conspiracy_list
sargon_of_akkad,1376671719,Extremists and radicals,False,1,tgdataset_conspiracy_list
savethewestnow,1473859916,Extremists and radicals,False,1,tgdataset_conspiracy_list
scholarofthefirstsin,1225842662,Extremists and radicals,False,1,tgdataset_conspiracy_list
ScottishDiversityCrimeWatch,1401510587,Extremists and radicals,False,1,tgdataset_conspiracy_list
scottishtam,1246474791,Extremists and radicals,False,1,tgdataset_conspiracy_list
SeekersOfTruth,1412771409,Extremists and radicals,False,1,tgdataset_conspiracy_list
shill_tactics1,1235316771,Extremists and radicals,False,1,tgdataset_conspiracy_list
shitdirtymarxistglobalistssay,1081759391,Extremists and radicals,False,1,tgdataset_conspiracy_list
ShitpostingFRENs,1277270498,Extremists and radicals,False,1,tgdataset_conspiracy_list
SHTF_Prepping,1170810171,Extremists and radicals,False,1,tgdataset_conspiracy_list
SiolnahEireann,1310577213,Extremists and radicals,False,1,tgdataset_conspiracy_list
sixxmillioncookies,1620116143,Extremists and radicals,False,1,tgdataset_conspiracy_list
slaviawave,1479533994,Extremists and radicals,False,1,tgdataset_conspiracy_list
smapwt,1326911505,Extremists and radicals,False,1,tgdataset_conspiracy_list
smashculturalmarxism1,1397205869,Extremists and radicals,False,1,tgdataset_conspiracy_list
SmashPaganism_Secularism,1413902316,Extremists and radicals,False,1,tgdataset_conspiracy_list
Sniper_Tower,1417311807,Extremists and radicals,False,1,tgdataset_conspiracy_list
so_that_aryans_never_die,1279041308,Extremists and radicals,False,1,tgdataset_conspiracy_list
sonofbritain,1408462766,Extremists and radicals,False,1,tgdataset_conspiracy_list
spacekike,1353696172,Extremists and radicals,False,1,tgdataset_conspiracy_list
Sparksy,1151116944,Extremists and radicals,False,1,tgdataset_conspiracy_list
SunsetZone,1161005835,Extremists and radicals,False,1,tgdataset_conspiracy_list
SurvivingWeimerika,1212175625,Extremists and radicals,False,1,tgdataset_conspiracy_list
SurvivingWeimerikw,1527591032,Extremists and radicals,False,1,tgdataset_conspiracy_list
swenat,1378770902,Extremists and radicals,False,1,tgdataset_conspiracy_list
takscorner,1457002408,Extremists and radicals,False,1,tgdataset_conspiracy_list
the_texian,1203728899,Extremists and radicals,False,1,tgdataset_conspiracy_list
TheAnglosphere,1381584287,Extremists and radicals,False,1,tgdataset_conspiracy_list
theawakenedsaxon,1452921245,Extremists and radicals,False,1,tgdataset_conspiracy_list
thebigoven,1196524280,Extremists and radicals,False,1,tgdataset_conspiracy_list
TheBureauOfMemeticWarfareOG,1323525417,Extremists and radicals,False,1,tgdataset_conspiracy_list
TheCuriousRealist,1435609646,Extremists and radicals,False,1,tgdataset_conspiracy_list
TheFallout,1251486650,Extremists and radicals,False,1,tgdataset_conspiracy_list
TheFrogsPond,1213274720,Extremists and radicals,False,1,tgdataset_conspiracy_list
TheGoyimKnows,1235461737,Extremists and radicals,False,1,tgdataset_conspiracy_list
theirishnationalist,1277484104,Extremists and radicals,False,1,tgdataset_conspiracy_list
TheJewQuestion,1347756517,Extremists and radicals,False,1,tgdataset_conspiracy_list
TheJQ,1448956172,Extremists and radicals,False,1,tgdataset_conspiracy_list
TheLeaf88,1496195662,Extremists and radicals,False,1,tgdataset_conspiracy_list
therealityreport,1443613812,Extremists and radicals,False,1,tgdataset_conspiracy_list
THEREISAWARONWHITES,1242634878,Extremists and radicals,False,1,tgdataset_conspiracy_list
theUNCENSOREDnetwork,1485866666,Extremists and radicals,False,1,tgdataset_conspiracy_list
TheWardenPost,1441072553,Extremists and radicals,False,1,tgdataset_conspiracy_list
TheWarRoom1,1144532093,Extremists and radicals,False,1,tgdataset_conspiracy_list
THEWATERS_23AAw_ATT9M,1382424863,Extremists and radicals,False,1,tgdataset_conspiracy_list
theweaponizedwest,1378637157,Extremists and radicals,False,1,tgdataset_conspiracy_list
thezyklon_beast,1384319615,Extremists and radicals,False,1,tgdataset_conspiracy_list
ThirdWayFashposting,1122115268,Extremists and radicals,False,1,tgdataset_conspiracy_list
ThoseStillLoyal,1261452365,Extremists and radicals,False,1,tgdataset_conspiracy_list
thuletide,1288641123,Extremists and radicals,False,1,tgdataset_conspiracy_list
TimesWomen,1472547120,Extremists and radicals,False,1,tgdataset_conspiracy_list
TodayINoticed,1368566297,Extremists and radicals,False,1,tgdataset_conspiracy_list
TommysHeroes,1482428765,Extremists and radicals,False,1,tgdataset_conspiracy_list
TRRRNEWSRH,1183005202,Extremists and radicals,False,1,tgdataset_conspiracy_list
true_anarchy,1476235808,Extremists and radicals,False,1,tgdataset_conspiracy_list
TruthIsHateSpeech,1197422941,Extremists and radicals,False,1,tgdataset_conspiracy_list
TS38hh,1237593521,Extremists and radicals,False,1,tgdataset_conspiracy_list
ulrichhirschmannarchives,1402613946,Extremists and radicals,False,1,tgdataset_conspiracy_list
ulrichhirschmannarticles,1550344395,Extremists and radicals,False,1,tgdataset_conspiracy_list
uncleblitz1488,1481645000,Extremists and radicals,False,1,tgdataset_conspiracy_list
UnemployedFreeTimeHappyHour,1469803948,Extremists and radicals,False,1,tgdataset_conspiracy_list
usahate,1271105319,Extremists and radicals,False,1,tgdataset_conspiracy_list
valmet_archive,1189881590,Extremists and radicals,False,1,tgdataset_conspiracy_list
veritasomnia,1325456017,Extremists and radicals,False,1,tgdataset_conspiracy_list
vinniesullivan,1197278601,Extremists and radicals,False,1,tgdataset_conspiracy_list
VorherrschaftDivision,1195886796,Extremists and radicals,False,1,tgdataset_conspiracy_list
VPotpourri,1327823342,Extremists and radicals,False,1,tgdataset_conspiracy_list
WarmasterHorus,1206138596,Extremists and radicals,False,1,tgdataset_conspiracy_list
wawaryanwoman,1160259303,Extremists and radicals,False,1,tgdataset_conspiracy_list
wayotworld,1247038183,Extremists and radicals,False,1,tgdataset_conspiracy_list
wearescvm,1167446834,Extremists and radicals,False,1,tgdataset_conspiracy_list
westernculturegeneral,1212092458,Extremists and radicals,False,1,tgdataset_conspiracy_list
westernheritageinmusic93,1453180121,Extremists and radicals,False,1,tgdataset_conspiracy_list
Westernmasculinity,1195222959,Extremists and radicals,False,1,tgdataset_conspiracy_list
WeThirdWay,1295286752,Extremists and radicals,False,1,tgdataset_conspiracy_list
Wewelsburg88,1461154395,Extremists and radicals,False,1,tgdataset_conspiracy_list
whatchadoinrabbi,1368249224,Extremists and radicals,False,1,tgdataset_conspiracy_list
whatchadointelegrim,1482652403,Extremists and radicals,False,1,tgdataset_conspiracy_list
whatonearth93,1482164151,Extremists and radicals,False,1,tgdataset_conspiracy_list
WhiteAction,1454381433,Extremists and radicals,False,1,tgdataset_conspiracy_list
WhiteAgendaRadio,1456322228,Extremists and radicals,False,1,tgdataset_conspiracy_list
whitefight5w,1354026295,Extremists and radicals,False,1,tgdataset_conspiracy_list
WhitePhoenix1972,1337281571,Extremists and radicals,False,1,tgdataset_conspiracy_list
whitesarebasedgoy,1221957589,Extremists and radicals,False,1,tgdataset_conspiracy_list
WhitesOnlyGroup,1414470625,Extremists and radicals,False,1,tgdataset_conspiracy_list
WhitesWW,1192246722,Extremists and radicals,False,1,tgdataset_conspiracy_list
WhiteTreeIsBrownTree,1101896647,Extremists and radicals,False,1,tgdataset_conspiracy_list
Wickstrom,1302100653,Extremists and radicals,False,1,tgdataset_conspiracy_list
withintheredpillboxx,1279459175,Extremists and radicals,False,1,tgdataset_conspiracy_list
WriteWinger,1512214198,Extremists and radicals,False,1,tgdataset_conspiracy_list
WW2_Truth,1465437561,Extremists and radicals,False,1,tgdataset_conspiracy_list
xCobraKaix,1297961892,Extremists and radicals,False,1,tgdataset_conspiracy_list
ZestyCommies,1391944115,Extremists and radicals,False,1,tgdataset_conspiracy_list
zionismexposed,1132800998,Extremists and radicals,False,1,tgdataset_conspiracy_list
ZoltanousHNyt,1190597866,Extremists and radicals,False,1,tgdataset_conspiracy_list
zuendels_bunker,1469566692,Extremists and radicals,False,1,tgdataset_conspiracy_list
ZyklonBSlidingDoors,1418496357,Extremists and radicals,False,1,tgdataset_conspiracy_list
abirballan1,1570795601,Covid,False,2,tgdataset_conspiracy_list
about_factsandtruth,1480278990,Covid,False,2,tgdataset_conspiracy_list
AdamsEconomics,1570647760,Covid,False,2,tgdataset_conspiracy_list
adapt2030,1425436024,Covid,False,2,tgdataset_conspiracy_list
ADARights,1263164006,Covid,False,2,tgdataset_conspiracy_list
Adelaide_SA_everything,1714424607,Covid,False,2,tgdataset_conspiracy_list
AdelaideFreedomFighters,1465822737,Covid,False,2,tgdataset_conspiracy_list
advocateme,1460829616,Covid,False,2,tgdataset_conspiracy_list
AFCInfo,1168135965,Covid,False,2,tgdataset_conspiracy_list
affindia,1434046398,Covid,False,2,tgdataset_conspiracy_list
aflsolicitors,1247944141,Covid,False,2,tgdataset_conspiracy_list
agenda21_30_parties,1489710339,Covid,False,2,tgdataset_conspiracy_list
Agenda2O22,1601388492,Covid,False,2,tgdataset_conspiracy_list
agentsoftruth,1371527142,Covid,False,2,tgdataset_conspiracy_list
AirQualityOwl,1448392340,Covid,False,2,tgdataset_conspiracy_list
ajrobertsshow,1571047962,Covid,False,2,tgdataset_conspiracy_list
AlanWattSentientSentinel,1398569126,Covid,False,2,tgdataset_conspiracy_list
albertablueskies,1573543358,Covid,False,2,tgdataset_conspiracy_list
albertacanadacampaign,1212999686,Covid,False,2,tgdataset_conspiracy_list
Alex_Berenson,1535474820,Covid,False,2,tgdataset_conspiracy_list
AlexiaTweets,1196972750,Covid,False,2,tgdataset_conspiracy_list
alfavedicnews,1151393698,Covid,False,2,tgdataset_conspiracy_list
aliranglife,1168395790,Covid,False,2,tgdataset_conspiracy_list
AltSkull48,1681539189,Covid,False,2,tgdataset_conspiracy_list
alttheorynews,1158378997,Covid,False,2,tgdataset_conspiracy_list
AmandaForbes,1246806212,Covid,False,2,tgdataset_conspiracy_list
amandhavollmer,1246481727,Covid,False,2,tgdataset_conspiracy_list
amyloftusmusic,1401863824,Covid,False,2,tgdataset_conspiracy_list
AnamiSacredSamurais,1484586177,Covid,False,2,tgdataset_conspiracy_list
anarchismimmortalityofvoting,1484960672,Covid,False,2,tgdataset_conspiracy_list
AngelRealm,1543015187,Covid,False,2,tgdataset_conspiracy_list
annunakipavey,1437307053,Covid,False,2,tgdataset_conspiracy_list
anothertruth,1472025337,Covid,False,2,tgdataset_conspiracy_list
anthonyoflynn,1331737034,Covid,False,2,tgdataset_conspiracy_list
Anti_Vaccin3s,1568503545,Covid,False,2,tgdataset_conspiracy_list
Anticoms,1333726715,Covid,False,2,tgdataset_conspiracy_list
antilibrary_xxi,1490286911,Covid,False,2,tgdataset_conspiracy_list
antilockdownireland,1242115487,Covid,False,2,tgdataset_conspiracy_list
AntiMaskNYC,1404322007,Covid,False,2,tgdataset_conspiracy_list
antinarrativemedia,1330048808,Covid,False,2,tgdataset_conspiracy_list
antivaccinationaustralia,1493472810,Covid,False,2,tgdataset_conspiracy_list
AntiVaxUK,1211581238,Covid,False,2,tgdataset_conspiracy_list
AOECOINCHANNEL,1147008722,Covid,False,2,tgdataset_conspiracy_list
apocalypsenowmexico,1491606292,Covid,False,2,tgdataset_conspiracy_list
Apocalypsis1,1327585344,Covid,False,2,tgdataset_conspiracy_list
Appleseed1A,1045537045,Covid,False,2,tgdataset_conspiracy_list
ariseaustralia,1441006691,Covid,False,2,tgdataset_conspiracy_list
artwithaim,1417754610,Covid,False,2,tgdataset_conspiracy_list
AscensionCodes,1401088859,Covid,False,2,tgdataset_conspiracy_list
ashleytaylorwellness,1265197004,Covid,False,2,tgdataset_conspiracy_list
astra2021zeneca,1196050401,Covid,False,2,tgdataset_conspiracy_list
AUS1WA,1535475712,Covid,False,2,tgdataset_conspiracy_list
AUSawakening,1767011651,Covid,False,2,tgdataset_conspiracy_list
AusFrontlineHealthProfessionals,1512051177,Covid,False,2,tgdataset_conspiracy_list
AusRepsOfficial,1284001873,Covid,False,2,tgdataset_conspiracy_list
Aussie_News,1565832507,Covid,False,2,tgdataset_conspiracy_list
Aussie_News2,1799240048,Covid,False,2,tgdataset_conspiracy_list
aussiefreedom,1535528186,Covid,False,2,tgdataset_conspiracy_list
AussiesUnited,1392939887,Covid,False,2,tgdataset_conspiracy_list
aussieswanttruth1,1150853299,Covid,False,2,tgdataset_conspiracy_list
AussieTruckiesUnited,1513654032,Covid,False,2,tgdataset_conspiracy_list
australia_must_rise,1152081132,Covid,False,2,tgdataset_conspiracy_list
AustraliaAwakens,1352980893,Covid,False,2,tgdataset_conspiracy_list
australiaforfreedom,1489475467,Covid,False,2,tgdataset_conspiracy_list
australianrevival,1469436575,Covid,False,2,tgdataset_conspiracy_list
AustraliansforCHD,1160154287,Covid,False,2,tgdataset_conspiracy_list
australiansforsafetechnology,1432322863,Covid,False,2,tgdataset_conspiracy_list
Australiantimes,1572874656,Covid,False,2,tgdataset_conspiracy_list
australiaoneparty_official,1241078461,Covid,False,2,tgdataset_conspiracy_list
AustraliaPreppingSurvival,1549275523,Covid,False,2,tgdataset_conspiracy_list
australiarising,1250515597,Covid,False,2,tgdataset_conspiracy_list
australiavoicechat,1570747587,Covid,False,2,tgdataset_conspiracy_list
auzunited,1276373890,Covid,False,2,tgdataset_conspiracy_list
AviYeminiOfficial,1313918749,Covid,False,2,tgdataset_conspiracy_list
avninformedchoice,1410894772,Covid,False,2,tgdataset_conspiracy_list
awakeinthedreamchannel,1435345471,Covid,False,2,tgdataset_conspiracy_list
awakenedlightofficial,1102000819,Covid,False,2,tgdataset_conspiracy_list
awakenedorwells,1268836921,Covid,False,2,tgdataset_conspiracy_list
awakenindiamovement,1328990667,Covid,False,2,tgdataset_conspiracy_list
Awakening_Red_Pill,1212685295,Covid,False,2,tgdataset_conspiracy_list
Awakening_the_sheep_page,1349311470,Covid,False,2,tgdataset_conspiracy_list
awakeningmasters,1376843974,Covid,False,2,tgdataset_conspiracy_list
awakeningsheep,1226592215,Covid,False,2,tgdataset_conspiracy_list
awakenwithjp,1297254866,Covid,False,2,tgdataset_conspiracy_list
awakenwithme,1181417705,Covid,False,2,tgdataset_conspiracy_list
awkn20,1163646589,Covid,False,2,tgdataset_conspiracy_list
AwokenCanberraAnnouncements,1659275697,Covid,False,2,tgdataset_conspiracy_list
babylondecoded,1467177727,Covid,False,2,tgdataset_conspiracy_list
BackToBasicsLifeCoaching,1256736269,Covid,False,2,tgdataset_conspiracy_list
badassmamita,1176314179,Covid,False,2,tgdataset_conspiracy_list
badbluegirl,1289186967,Covid,False,2,tgdataset_conspiracy_list
BankruptStates,1201183013,Covid,False,2,tgdataset_conspiracy_list
bannedvideo1,1280335027,Covid,False,2,tgdataset_conspiracy_list
baogaoduizhang,1581201455,Covid,False,2,tgdataset_conspiracy_list
BareNakedTruth,1264136391,Covid,False,2,tgdataset_conspiracy_list
BasedOmnivore,1406007767,Covid,False,2,tgdataset_conspiracy_list
BC_FreedomFighters,1521336454,Covid,False,2,tgdataset_conspiracy_list
beckfreedom,1534603417,Covid,False,2,tgdataset_conspiracy_list
beinformedlife,1476408246,Covid,False,2,tgdataset_conspiracy_list
BelieveInResistance,1477495783,Covid,False,2,tgdataset_conspiracy_list
belindamoore,1377248089,Covid,False,2,tgdataset_conspiracy_list
bengilroy,1294282058,Covid,False,2,tgdataset_conspiracy_list
BeyondtheNarrative,1173020136,Covid,False,2,tgdataset_conspiracy_list
BillofRights1689,1568324490,Covid,False,2,tgdataset_conspiracy_list
billytekahika,1757415051,Covid,False,2,tgdataset_conspiracy_list
birdgroupuk,1291749511,Covid,False,2,tgdataset_conspiracy_list
BlackfullaGrapeVine,1439301903,Covid,False,2,tgdataset_conspiracy_list
BlessTheVacuum,1165167081,Covid,False,2,tgdataset_conspiracy_list
blisspurefoods,1282570683,Covid,False,2,tgdataset_conspiracy_list
BlkUbiquity,1366074658,Covid,False,2,tgdataset_conspiracy_list
BloodyPiratepresents,1433698461,Covid,False,2,tgdataset_conspiracy_list
BluntNewsfeed,1364888836,Covid,False,2,tgdataset_conspiracy_list
bobbynetwork,1347916571,Covid,False,2,tgdataset_conspiracy_list
Bobbysperspective,1358013524,Covid,False,2,tgdataset_conspiracy_list
bodhisvaha,1184934783,Covid,False,2,tgdataset_conspiracy_list
BoxCleverArmy,1198174011,Covid,False,2,tgdataset_conspiracy_list
brainlaboratory,1545939412,Covid,False,2,tgdataset_conspiracy_list
breesmedia,1459493469,Covid,False,2,tgdataset_conspiracy_list
BrianGerardSchaeferChannel,1585483856,Covid,False,2,tgdataset_conspiracy_list
BristolBlues32,1762042677,Covid,False,2,tgdataset_conspiracy_list
BritishNursingAllianceSpeak,1133664809,Covid,False,2,tgdataset_conspiracy_list
BritishPatriotNews,1432752009,Covid,False,2,tgdataset_conspiracy_list
Bukeeyo,1586724549,Covid,False,2,tgdataset_conspiracy_list
BurnersInService,1324208826,Covid,False,2,tgdataset_conspiracy_list
buttarrashid,1347114595,Covid,False,2,tgdataset_conspiracy_list
cabintalk,1348473503,Covid,False,2,tgdataset_conspiracy_list
CaliVaxChoice,1234390827,Covid,False,2,tgdataset_conspiracy_list
CamelotTV,1366360198,Covid,False,2,tgdataset_conspiracy_list
CanadaHealthAlliance,1418460558,Covid,False,2,tgdataset_conspiracy_list
CanadasMaskExemptionJUSTSAYNO,1391505777,Covid,False,2,tgdataset_conspiracy_list
CanadaTheDailyDescent,1219352755,Covid,False,2,tgdataset_conspiracy_list
canadian_fact_checked_news,1325172648,Covid,False,2,tgdataset_conspiracy_list
canadianuprising,1415400227,Covid,False,2,tgdataset_conspiracy_list
carboncaptureshield,1416049673,Covid,False,2,tgdataset_conspiracy_list
carlvernon,1345798390,Covid,False,2,tgdataset_conspiracy_list
carriemadej,1664011271,Covid,False,2,tgdataset_conspiracy_list
CaseAgaisntVeganism,1332095504,Covid,False,2,tgdataset_conspiracy_list
CatherineEdwardsLife,1429022823,Covid,False,2,tgdataset_conspiracy_list
cccorona,1324938695,Covid,False,2,tgdataset_conspiracy_list
censoredlinks,1330685361,Covid,False,2,tgdataset_conspiracy_list
CENSOREDMEDIA,1271119715,Covid,False,2,tgdataset_conspiracy_list
Censorslip,1182732576,Covid,False,2,tgdataset_conspiracy_list
cerchiamoilpinguino,1404339464,Covid,False,2,tgdataset_conspiracy_list
certificateofbollocks,1253569604,Covid,False,2,tgdataset_conspiracy_list
chaosnavigator,1382329338,Covid,False,2,tgdataset_conspiracy_list
charleskassatly,1447086326,Covid,False,2,tgdataset_conspiracy_list
CHDEurope,1226127871,Covid,False,2,tgdataset_conspiracy_list
checkthemotivesoriginal,1540377362,Covid,False,2,tgdataset_conspiracy_list
ChefPeteEvans,1289642792,Covid,False,2,tgdataset_conspiracy_list
chestyschannel,1261621277,Covid,False,2,tgdataset_conspiracy_list
chiefnerd,1601053024,Covid,False,2,tgdataset_conspiracy_list
choqlife,1532533441,Covid,False,2,tgdataset_conspiracy_list
chriskirckof,1415883417,Covid,False,2,tgdataset_conspiracy_list
christinawilson84,1794155671,Covid,False,2,tgdataset_conspiracy_list
citizenofearthofficial,1316535428,Covid,False,2,tgdataset_conspiracy_list
ClareWHarrison,1410000392,Covid,False,2,tgdataset_conspiracy_list
classactiontoprotectourkids,1639675297,Covid,False,2,tgdataset_conspiracy_list
CLCGB,1413678085,Covid,False,2,tgdataset_conspiracy_list
ClimateIreland,1411490525,Covid,False,2,tgdataset_conspiracy_list
ColinCambray,1494778904,Covid,False,2,tgdataset_conspiracy_list
collectiveevolution,1170956238,Covid,False,2,tgdataset_conspiracy_list
collectivem,1172394368,Covid,False,2,tgdataset_conspiracy_list
CommonLaw_Australia,1606439062,Covid,False,2,tgdataset_conspiracy_list
commonlifeofcommonpeople,1362029814,Covid,False,2,tgdataset_conspiracy_list
communityaustralia,1796932880,Covid,False,2,tgdataset_conspiracy_list
communityhealthproject,1416154882,Covid,False,2,tgdataset_conspiracy_list
ComputingForeverOfficial,1250192398,Covid,False,2,tgdataset_conspiracy_list
ConcernedcitizenAustralia,1535938629,Covid,False,2,tgdataset_conspiracy_list
concernedlawyersnetwork,1348999410,Covid,False,2,tgdataset_conspiracy_list
connectingconsciousness,1227367829,Covid,False,2,tgdataset_conspiracy_list
ConorRafferty,1469221155,Covid,False,2,tgdataset_conspiracy_list
consciousawakeningg,1202548726,Covid,False,2,tgdataset_conspiracy_list
consciouspineal,1483125331,Covid,False,2,tgdataset_conspiracy_list
consciousthinking,1461724239,Covid,False,2,tgdataset_conspiracy_list
consciousvitality,1419821902,Covid,False,2,tgdataset_conspiracy_list
conspiracy42,1249966693,Covid,False,2,tgdataset_conspiracy_list
Conspiracydocs,1259930259,Covid,False,2,tgdataset_conspiracy_list
Conspirologiya_Kot_Bayu,1284006391,Covid,False,2,tgdataset_conspiracy_list
contaniments,1533555653,Covid,False,2,tgdataset_conspiracy_list
ConversationsWithVermonters,1455467274,Covid,False,2,tgdataset_conspiracy_list
Convid1984,1152968755,Covid,False,2,tgdataset_conspiracy_list
copsforcovidtruth,1549930878,Covid,False,2,tgdataset_conspiracy_list
CorbettReport,1169737702,Covid,False,2,tgdataset_conspiracy_list
Corona_5G_Rollout,1470799563,Covid,False,2,tgdataset_conspiracy_list
corona_communism2020,1311029988,Covid,False,2,tgdataset_conspiracy_list
corona_investigative,1355515670,Covid,False,2,tgdataset_conspiracy_list
CoronaChanNews3,1166216862,Covid,False,2,tgdataset_conspiracy_list
CoronaInvestigativeCommittee,1572719507,Covid,False,2,tgdataset_conspiracy_list
coronatruth2020,1124870233,Covid,False,2,tgdataset_conspiracy_list
coronavaccinsbijwerkingen,1466193143,Covid,False,2,tgdataset_conspiracy_list
CoronavirusIntelligence,1494759873,Covid,False,2,tgdataset_conspiracy_list
CoronaVirusMemes,1133549091,Covid,False,2,tgdataset_conspiracy_list
coronavirusrealinfo,1342513755,Covid,False,2,tgdataset_conspiracy_list
CoronvirusPlushie,1406312796,Covid,False,2,tgdataset_conspiracy_list
Corrupted_Australia,1257594514,Covid,False,2,tgdataset_conspiracy_list
counterspin,1291390698,Covid,False,2,tgdataset_conspiracy_list
COV19LIES,1214960614,Covid,False,2,tgdataset_conspiracy_list
cov19SA,1320553672,Covid,False,2,tgdataset_conspiracy_list
covfacts,1583248917,Covid,False,2,tgdataset_conspiracy_list
covfefenewsnetwork,1593342842,Covid,False,2,tgdataset_conspiracy_list
covicorruption,1178114517,Covid,False,2,tgdataset_conspiracy_list
COVID19agenda,1446573122,Covid,False,2,tgdataset_conspiracy_list
covid19physicians,1433049592,Covid,False,2,tgdataset_conspiracy_list
covid19report,1183930141,Covid,False,2,tgdataset_conspiracy_list
COVID19Resources,1240753461,Covid,False,2,tgdataset_conspiracy_list
covid19thefacts,1214731710,Covid,False,2,tgdataset_conspiracy_list
Covid19Truth,1336224089,Covid,False,2,tgdataset_conspiracy_list
COVID19Up,1259249024,Covid,False,2,tgdataset_conspiracy_list
Covid_my,1500474035,Covid,False,2,tgdataset_conspiracy_list
covid_vaccine_injuries,1226804730,Covid,False,2,tgdataset_conspiracy_list
covidbc,1622683334,Covid,False,2,tgdataset_conspiracy_list
Covidbin,1478851494,Covid,False,2,tgdataset_conspiracy_list
CovidCoronaVaccines,1476461293,Covid,False,2,tgdataset_conspiracy_list
CovidDiscussionForum,1174504772,Covid,False,2,tgdataset_conspiracy_list
CovidHoax2020,1551735519,Covid,False,2,tgdataset_conspiracy_list
covidillusion,1558475195,Covid,False,2,tgdataset_conspiracy_list
covidmedicchannle,1476932475,Covid,False,2,tgdataset_conspiracy_list
covidpositivenews,1730514183,Covid,False,2,tgdataset_conspiracy_list
CovidRedPills,1459035940,Covid,False,2,tgdataset_conspiracy_list
covidreinformation,1318597898,Covid,False,2,tgdataset_conspiracy_list
covidresearchdata,1439218325,Covid,False,2,tgdataset_conspiracy_list
CovidScienceLibrary,1425367912,Covid,False,2,tgdataset_conspiracy_list
covidsense,1315130945,Covid,False,2,tgdataset_conspiracy_list
covidsnewsworld,1565533553,Covid,False,2,tgdataset_conspiracy_list
CovidSolutionsAustralia,1585929908,Covid,False,2,tgdataset_conspiracy_list
covidtruthnet,1709446932,Covid,False,2,tgdataset_conspiracy_list
covidvaccinedeath,1157434618,Covid,False,2,tgdataset_conspiracy_list
covidvaccineforum,1555056206,Covid,False,2,tgdataset_conspiracy_list
covidvaccineinjuries,1204995962,Covid,False,2,tgdataset_conspiracy_list
CovidVaccineReaction,1472244533,Covid,False,2,tgdataset_conspiracy_list
covidvaccinesideeffectsreporting,1414395510,Covid,False,2,tgdataset_conspiracy_list
covidvaccinevictims,1201191009,Covid,False,2,tgdataset_conspiracy_list
CovidVaccineWORLD,1236464198,Covid,False,2,tgdataset_conspiracy_list
covidvaxinjury,1477384989,Covid,False,2,tgdataset_conspiracy_list
covidvtruth,1797287773,Covid,False,2,tgdataset_conspiracy_list
covwatch,1586804261,Covid,False,2,tgdataset_conspiracy_list
craigbackmanaustralia,1695392859,Covid,False,2,tgdataset_conspiracy_list
craigkelly,1219891644,Covid,False,2,tgdataset_conspiracy_list
CrawlingDitches,1173649316,Covid,False,2,tgdataset_conspiracy_list
credalytica,1325428736,Covid,False,2,tgdataset_conspiracy_list
cropcirclesandets,1165887507,Covid,False,2,tgdataset_conspiracy_list
CrownVirusAgenda,1279542951,Covid,False,2,tgdataset_conspiracy_list
CryptoConspiraciesCurrentEvents,1182308819,Covid,False,2,tgdataset_conspiracy_list
cullensmith,1179489227,Covid,False,2,tgdataset_conspiracy_list
culturewarresource,1451769723,Covid,False,2,tgdataset_conspiracy_list
cv19vaccine_reactions,1376435969,Covid,False,2,tgdataset_conspiracy_list
cv19vaccineinjured,1419249884,Covid,False,2,tgdataset_conspiracy_list
cvinjuriesanddeaths,1410736173,Covid,False,2,tgdataset_conspiracy_list
cvnvacs,1134384507,Covid,False,2,tgdataset_conspiracy_list
dagan1234,1468016846,Covid,False,2,tgdataset_conspiracy_list
dailyexpose,1339147628,Covid,False,2,tgdataset_conspiracy_list
DailyMoonstar,1488957117,Covid,False,2,tgdataset_conspiracy_list
dajjalvskhilafah,1371452287,Covid,False,2,tgdataset_conspiracy_list
damosworld,1321353192,Covid,False,2,tgdataset_conspiracy_list
DanaAshlieOfficial,1183419958,Covid,False,2,tgdataset_conspiracy_list
darkuniverse09,1197643005,Covid,False,2,tgdataset_conspiracy_list
daveoneegschat,1199395285,Covid,False,2,tgdataset_conspiracy_list
David_Walden,1173375971,Covid,False,2,tgdataset_conspiracy_list
davidavocadowolfe,1298320756,Covid,False,2,tgdataset_conspiracy_list
davidgoldberg,1415826947,Covid,False,2,tgdataset_conspiracy_list
davidicke,1460207643,Covid,False,2,tgdataset_conspiracy_list
dawidsnowden_world,1363777678,Covid,False,2,tgdataset_conspiracy_list
dayofthehope,1390311147,Covid,False,2,tgdataset_conspiracy_list
dbrozenews,1240512314,Covid,False,2,tgdataset_conspiracy_list
debbiegarrattchannel,1508927090,Covid,False,2,tgdataset_conspiracy_list
defendingfreechoice,1294430267,Covid,False,2,tgdataset_conspiracy_list
DefenseDistributed,1304877309,Covid,False,2,tgdataset_conspiracy_list
demikatespeaks,1425544405,Covid,False,2,tgdataset_conspiracy_list
democratic_cooperative,1421120983,Covid,False,2,tgdataset_conspiracy_list
detoxdoc,1160593966,Covid,False,2,tgdataset_conspiracy_list
deviljuiceforeveryone,1541407192,Covid,False,2,tgdataset_conspiracy_list
Digital_ID_Au,1542207430,Covid,False,2,tgdataset_conspiracy_list
DipDiet,1404275988,Covid,False,2,tgdataset_conspiracy_list
DirtRoadDiscussion,1681022970,Covid,False,2,tgdataset_conspiracy_list
DisabilityAid,1437074916,Covid,False,2,tgdataset_conspiracy_list
dissident_priest,1541301506,Covid,False,2,tgdataset_conspiracy_list
djjohnno68,1298037893,Covid,False,2,tgdataset_conspiracy_list
DoctorsSpeakOut,1511022937,Covid,False,2,tgdataset_conspiracy_list
dogzbollox1,1757974086,Covid,False,2,tgdataset_conspiracy_list
dontmetalwithme2,1402322158,Covid,False,2,tgdataset_conspiracy_list
downtherabbitholewegofolks,1361588429,Covid,False,2,tgdataset_conspiracy_list
downunderinfo,1356487207,Covid,False,2,tgdataset_conspiracy_list
Dr_BetsyChannel,1535166251,Covid,False,2,tgdataset_conspiracy_list
drabbithole,1447597283,Covid,False,2,tgdataset_conspiracy_list
DrAndrewWakefield,1153997112,Covid,False,2,tgdataset_conspiracy_list
DrAriyanaLove,1164408242,Covid,False,2,tgdataset_conspiracy_list
drbradcampbell,1185050901,Covid,False,2,tgdataset_conspiracy_list
drbrc,1338035618,Covid,False,2,tgdataset_conspiracy_list
DrBRCnews,1459126503,Covid,False,2,tgdataset_conspiracy_list
drchristianenorthrup,1236450869,Covid,False,2,tgdataset_conspiracy_list
DrDavidMartin,1380223582,Covid,False,2,tgdataset_conspiracy_list
DrEdithUbuntu,1285454969,Covid,False,2,tgdataset_conspiracy_list
Drevrapiti,1503149977,Covid,False,2,tgdataset_conspiracy_list
driscollstudios,1502891683,Covid,False,2,tgdataset_conspiracy_list
DrJaneRuby,1431797507,Covid,False,2,tgdataset_conspiracy_list
DrJudyAnneMikovits,1582391503,Covid,False,2,tgdataset_conspiracy_list
DrLynnFynn,1179142792,Covid,False,2,tgdataset_conspiracy_list
DrMikeYeadon,1490967900,Covid,False,2,tgdataset_conspiracy_list
drpalevsky,1462204779,Covid,False,2,tgdataset_conspiracy_list
DrPaulAlexander,1553489149,Covid,False,2,tgdataset_conspiracy_list
DrPriya777,1405789971,Covid,False,2,tgdataset_conspiracy_list
drskydata,1442994376,Covid,False,2,tgdataset_conspiracy_list
drsuzanneH,1250466818,Covid,False,2,tgdataset_conspiracy_list
DrTenpenny,1429505052,Covid,False,2,tgdataset_conspiracy_list
DrTJohn,1351475834,Covid,False,2,tgdataset_conspiracy_list
drue86,1245922703,Covid,False,2,tgdataset_conspiracy_list
DrugNerds,1104509804,Covid,False,2,tgdataset_conspiracy_list
DrunvaloMelchizedek,1528310315,Covid,False,2,tgdataset_conspiracy_list
DrVladimirZevZelenkoOfficial,1695573897,Covid,False,2,tgdataset_conspiracy_list
dryburgh,1466104460,Covid,False,2,tgdataset_conspiracy_list
DrZelenkoMD,1504865263,Covid,False,2,tgdataset_conspiracy_list
EARTH20GENESIS,1463594599,Covid,False,2,tgdataset_conspiracy_list
EarthJusticeLeague_DataLibrary,1700237518,Covid,False,2,tgdataset_conspiracy_list
earthunited,1180514493,Covid,False,2,tgdataset_conspiracy_list
easternontariofreedomalliance,1320327712,Covid,False,2,tgdataset_conspiracy_list
ebullientbynature,1357570345,Covid,False,2,tgdataset_conspiracy_list
ECETI_OFFICIAL_CHANNEL,1299972536,Covid,False,2,tgdataset_conspiracy_list
eclecticconsciousness,1188373441,Covid,False,2,tgdataset_conspiracy_list
eclecticoutpost,1164985876,Covid,False,2,tgdataset_conspiracy_list
Edenslivingtv,1154747246,Covid,False,2,tgdataset_conspiracy_list
EDN_R,1159251155,Covid,False,2,tgdataset_conspiracy_list
eh_den,1573537090,Covid,False,2,tgdataset_conspiracy_list
ELPhealth,1347378009,Covid,False,2,tgdataset_conspiracy_list
emergencysurvivalskills,1505255646,Covid,False,2,tgdataset_conspiracy_list
EMF_EHS_English,1158996722,Covid,False,2,tgdataset_conspiracy_list
endilluminati,1482662851,Covid,False,2,tgdataset_conspiracy_list
endthelockdownireland,1388145441,Covid,False,2,tgdataset_conspiracy_list
enemymediaIG,1187486268,Covid,False,2,tgdataset_conspiracy_list
entherapy,1364162981,Covid,False,2,tgdataset_conspiracy_list
erinhealthnutnews,1456080014,Covid,False,2,tgdataset_conspiracy_list
ErwachenMitMarcus,1167196000,Covid,False,2,tgdataset_conspiracy_list
EscapeTheMatrix,1442543394,Covid,False,2,tgdataset_conspiracy_list
eSmog_5G,1154649008,Covid,False,2,tgdataset_conspiracy_list
EuphonicEXOpolitic,1273369503,Covid,False,2,tgdataset_conspiracy_list
Eurekarebellion,1235902100,Covid,False,2,tgdataset_conspiracy_list
EuropeanForumforVaccineVigilance,1272496017,Covid,False,2,tgdataset_conspiracy_list
europeanswithlaptops,1453425351,Covid,False,2,tgdataset_conspiracy_list
everlychannel,1455530812,Covid,False,2,tgdataset_conspiracy_list
EverythingScience,1075490389,Covid,False,2,tgdataset_conspiracy_list
evolutionary_life,1272728467,Covid,False,2,tgdataset_conspiracy_list
EvolvedTruth,1470253077,Covid,False,2,tgdataset_conspiracy_list
ExposeDarkness,1186008706,Covid,False,2,tgdataset_conspiracy_list
ExposingTheTruth2day,1199210471,Covid,False,2,tgdataset_conspiracy_list
eXtinctionRebellion,1370622227,Covid,False,2,tgdataset_conspiracy_list
eylacuenca,1216420873,Covid,False,2,tgdataset_conspiracy_list
faarkem,1244473687,Covid,False,2,tgdataset_conspiracy_list
FACTnotFictionx,1258765795,Covid,False,2,tgdataset_conspiracy_list
facts_vs_lies,1482840553,Covid,False,2,tgdataset_conspiracy_list
factseekers,1197844061,Covid,False,2,tgdataset_conspiracy_list
factsoverfear,1171502991,Covid,False,2,tgdataset_conspiracy_list
Fall_of_the_Cabal,1318445791,Covid,False,2,tgdataset_conspiracy_list
fanosthevoice,1218356629,Covid,False,2,tgdataset_conspiracy_list
federal_reserve,1205883775,Covid,False,2,tgdataset_conspiracy_list
FEMATHELASTSTEP,1514459770,Covid,False,2,tgdataset_conspiracy_list
FFANZW,1534463526,Covid,False,2,tgdataset_conspiracy_list
finalcalltofreedom,1482208488,Covid,False,2,tgdataset_conspiracy_list
fiona1970,1281040691,Covid,False,2,tgdataset_conspiracy_list
FionaRoseDiamond,1480632020,Covid,False,2,tgdataset_conspiracy_list
FlatEarthMemesParty,1319762880,Covid,False,2,tgdataset_conspiracy_list
FLCCC_Alliance,1433194886,Covid,False,2,tgdataset_conspiracy_list
flushoutthetruth,1367422246,Covid,False,2,tgdataset_conspiracy_list
fmllol,1389914178,Covid,False,2,tgdataset_conspiracy_list
fokason,1158514657,Covid,False,2,tgdataset_conspiracy_list
folkepartiet,1328313421,Covid,False,2,tgdataset_conspiracy_list
foodgoon_actual,1378285556,Covid,False,2,tgdataset_conspiracy_list
ForYourAttention,1395445583,Covid,False,2,tgdataset_conspiracy_list
FosterGamble,1158511426,Covid,False,2,tgdataset_conspiracy_list
foundconscious,1272304578,Covid,False,2,tgdataset_conspiracy_list
Fourdirections3132,1430156731,Covid,False,2,tgdataset_conspiracy_list
free_uk,1463518420,Covid,False,2,tgdataset_conspiracy_list
Freedom_Warriors,1155042186,Covid,False,2,tgdataset_conspiracy_list
freedomandresistance,1415288498,Covid,False,2,tgdataset_conspiracy_list
FreedomDoc1,1154906575,Covid,False,2,tgdataset_conspiracy_list
freedomexpressme,1103608609,Covid,False,2,tgdataset_conspiracy_list
freedomfightersandfriends,1649821893,Covid,False,2,tgdataset_conspiracy_list
freedomfromcovidscam,1121982060,Covid,False,2,tgdataset_conspiracy_list
FreedomIdeasNoVax,1553495800,Covid,False,2,tgdataset_conspiracy_list
freedominfilm,1586455869,Covid,False,2,tgdataset_conspiracy_list
freedomnovascotia,1436596794,Covid,False,2,tgdataset_conspiracy_list
freedomre1gns,1269507641,Covid,False,2,tgdataset_conspiracy_list
freedomtravelalliance,1562251701,Covid,False,2,tgdataset_conspiracy_list
freedomtribe_net,1536190143,Covid,False,2,tgdataset_conspiracy_list
freeinformation000,1670495917,Covid,False,2,tgdataset_conspiracy_list
freeleft_freielinke,1397766230,Covid,False,2,tgdataset_conspiracy_list
FreeThinkersKnowledgeisPower,1159424992,Covid,False,2,tgdataset_conspiracy_list
FREEWORLDORDER,1394752154,Covid,False,2,tgdataset_conspiracy_list
friendsoftruth,1480197382,Covid,False,2,tgdataset_conspiracy_list
fromthedust,1625345982,Covid,False,2,tgdataset_conspiracy_list
FRXnews,1433955546,Covid,False,2,tgdataset_conspiracy_list
FUCK_THE_ABC,1231166616,Covid,False,2,tgdataset_conspiracy_list
FuryRoad_Intel,1361102643,Covid,False,2,tgdataset_conspiracy_list
futurefood,1343290327,Covid,False,2,tgdataset_conspiracy_list
fyrgen,1202024582,Covid,False,2,tgdataset_conspiracy_list
gabriellebrick,1259083418,Covid,False,2,tgdataset_conspiracy_list
gbs2021,1596474268,Covid,False,2,tgdataset_conspiracy_list
gchristensen,1249748413,Covid,False,2,tgdataset_conspiracy_list
geddes,1198318740,Covid,False,2,tgdataset_conspiracy_list
genxquestionseverything,1492863723,Covid,False,2,tgdataset_conspiracy_list
GeocentricReality,1414721726,Covid,False,2,tgdataset_conspiracy_list
GeopathologyZA,1344917799,Covid,False,2,tgdataset_conspiracy_list
gerardrennick,1750368327,Covid,False,2,tgdataset_conspiracy_list
Gilt_Elephant_BdeH,1591679658,Covid,False,2,tgdataset_conspiracy_list
ginnianeja11,1425063875,Covid,False,2,tgdataset_conspiracy_list
glassforsenate,1285198121,Covid,False,2,tgdataset_conspiracy_list
goddek,1313218767,Covid,False,2,tgdataset_conspiracy_list
godschildrenmatter,1236692075,Covid,False,2,tgdataset_conspiracy_list
goground,1594401530,Covid,False,2,tgdataset_conspiracy_list
gracevb,1418792063,Covid,False,2,tgdataset_conspiracy_list
GrandTheftWorld,1448639576,Covid,False,2,tgdataset_conspiracy_list
GrandTorino5x5,1158616686,Covid,False,2,tgdataset_conspiracy_list
GrantWickham,1184174995,Covid,False,2,tgdataset_conspiracy_list
greatergetaway,1260971069,Covid,False,2,tgdataset_conspiracy_list
greatgameindia,1318315803,Covid,False,2,tgdataset_conspiracy_list
greatreject,1351461972,Covid,False,2,tgdataset_conspiracy_list
GreenfyreReview,1476700266,Covid,False,2,tgdataset_conspiracy_list
greengeckocommunity,1495270490,Covid,False,2,tgdataset_conspiracy_list
guardianmelbourne,1273750602,Covid,False,2,tgdataset_conspiracy_list
gulag_2020,1276677228,Covid,False,2,tgdataset_conspiracy_list
GyanamUPSC,1168485227,Covid,False,2,tgdataset_conspiracy_list
hackernewslive,1099505434,Covid,False,2,tgdataset_conspiracy_list
HangLooseRecluse,1545175468,Covid,False,2,tgdataset_conspiracy_list
headwobbleofficial,1286520433,Covid,False,2,tgdataset_conspiracy_list
healingcove,1460707209,Covid,False,2,tgdataset_conspiracy_list
healingthedividenews,1176949552,Covid,False,2,tgdataset_conspiracy_list
HealthBites,1279827769,Covid,False,2,tgdataset_conspiracy_list
healthfreedomflorida,1380806447,Covid,False,2,tgdataset_conspiracy_list
HealthFreedomForHumanity,1281732112,Covid,False,2,tgdataset_conspiracy_list
HealthFreedomPA,1258381645,Covid,False,2,tgdataset_conspiracy_list
healthimpact,1180372638,Covid,False,2,tgdataset_conspiracy_list
healthmystic,1491532081,Covid,False,2,tgdataset_conspiracy_list
HealthNewsWatch,1112325725,Covid,False,2,tgdataset_conspiracy_list
Healthy_Happy_Lifestyle,1401257792,Covid,False,2,tgdataset_conspiracy_list
HearTheMothersRoar,1309015712,Covid,False,2,tgdataset_conspiracy_list
HelloIrlandiaIE,1236048854,Covid,False,2,tgdataset_conspiracy_list
helloladywhite,1175021360,Covid,False,2,tgdataset_conspiracy_list
hennamaria22,1254889223,Covid,False,2,tgdataset_conspiracy_list
herbalalchemist,1506306923,Covid,False,2,tgdataset_conspiracy_list
hfidaho,1173778116,Covid,False,2,tgdataset_conspiracy_list
hfireland,1187668755,Covid,False,2,tgdataset_conspiracy_list
hiddeninplainsight1,1456460829,Covid,False,2,tgdataset_conspiracy_list
holistichealthandmore,1422373185,Covid,False,2,tgdataset_conspiracy_list
holistichealthdefense,1420872987,Covid,False,2,tgdataset_conspiracy_list
hongkongbridgeUK,1504165669,Covid,False,2,tgdataset_conspiracy_list
houseofwagner,1467755915,Covid,False,2,tgdataset_conspiracy_list
hscreativeworks,1425590036,Covid,False,2,tgdataset_conspiracy_list
hugsovermasks,1429359885,Covid,False,2,tgdataset_conspiracy_list
humansfirst,1202678277,Covid,False,2,tgdataset_conspiracy_list
hvitgardr2,1503679467,Covid,False,2,tgdataset_conspiracy_list
hvitgardr3,1381514061,Covid,False,2,tgdataset_conspiracy_list
HWNChannel,1175959076,Covid,False,2,tgdataset_conspiracy_list
I_Find_This_Interesting,1124111218,Covid,False,2,tgdataset_conspiracy_list
iamdrsamwhite,1731171026,Covid,False,2,tgdataset_conspiracy_list
iceagefarmer,1392849104,Covid,False,2,tgdataset_conspiracy_list
icur22yy4me,1339614568,Covid,False,2,tgdataset_conspiracy_list
Ideaschema,1317798438,Covid,False,2,tgdataset_conspiracy_list
ilivetruth,1450771613,Covid,False,2,tgdataset_conspiracy_list
IMACOGINDEWHEELOFLIFE,1299826451,Covid,False,2,tgdataset_conspiracy_list
imaginedrealitieswithkhrisha,1483399100,Covid,False,2,tgdataset_conspiracy_list
InCorporeSano,1273146742,Covid,False,2,tgdataset_conspiracy_list
infiniteloveandjoy,1760041945,Covid,False,2,tgdataset_conspiracy_list
InfokriegDeutschland,1264885848,Covid,False,2,tgdataset_conspiracy_list
informedconsentca,1216426436,Covid,False,2,tgdataset_conspiracy_list
InformedConsentNS,1449422265,Covid,False,2,tgdataset_conspiracy_list
InSearchForTruth,1582409611,Covid,False,2,tgdataset_conspiracy_list
insixdays,1270405829,Covid,False,2,tgdataset_conspiracy_list
IntegralLife,1203580553,Covid,False,2,tgdataset_conspiracy_list
interdastingholes,1443992512,Covid,False,2,tgdataset_conspiracy_list
inthistogetherfortruth,1157510962,Covid,False,2,tgdataset_conspiracy_list
IntuitiveAI,1217924477,Covid,False,2,tgdataset_conspiracy_list
IntuitiveCommunity,1193602953,Covid,False,2,tgdataset_conspiracy_list
IntuitiveCopy,1128291065,Covid,False,2,tgdataset_conspiracy_list
IntuitiveEmergent,1172265620,Covid,False,2,tgdataset_conspiracy_list
IntuitiveGame,1213683842,Covid,False,2,tgdataset_conspiracy_list
IntuitiveGrowing,1445407014,Covid,False,2,tgdataset_conspiracy_list
IntuitiveInc,1218379875,Covid,False,2,tgdataset_conspiracy_list
IntuitiveParenting,1349164566,Covid,False,2,tgdataset_conspiracy_list
IntuitivePublicMedia,1327985533,Covid,False,2,tgdataset_conspiracy_list
IntuitivePublicRadio,1405072555,Covid,False,2,tgdataset_conspiracy_list
IntuitiveSocialGiving,1420907082,Covid,False,2,tgdataset_conspiracy_list
IntuitiveSocialMemory,1417335511,Covid,False,2,tgdataset_conspiracy_list
IntuitiveTraffic,1439488573,Covid,False,2,tgdataset_conspiracy_list
IntuitiveUnknown,1273425152,Covid,False,2,tgdataset_conspiracy_list
investigateCovidVax,1586823404,Covid,False,2,tgdataset_conspiracy_list
IPANewJersey,1321987066,Covid,False,2,tgdataset_conspiracy_list
IPRNewYorkCity,1268719265,Covid,False,2,tgdataset_conspiracy_list
IPRWest,1173206209,Covid,False,2,tgdataset_conspiracy_list
IslamicMedicine124,1137672551,Covid,False,2,tgdataset_conspiracy_list
IvermectinFORSALE,1508953500,Covid,False,2,tgdataset_conspiracy_list
IvermectinVERSUSthegreatreset,1440361410,Covid,False,2,tgdataset_conspiracy_list
jabrag,1728616591,Covid,False,2,tgdataset_conspiracy_list
jaclyndunnechannel,1472455498,Covid,False,2,tgdataset_conspiracy_list
jamiefreemanuk,1266622669,Covid,False,2,tgdataset_conspiracy_list
jamiemcintyre,1231660998,Covid,False,2,tgdataset_conspiracy_list
JaneOrientMD,1717881757,Covid,False,2,tgdataset_conspiracy_list
jannyorganically,1233861946,Covid,False,2,tgdataset_conspiracy_list
jcherrypresents,1378368378,Covid,False,2,tgdataset_conspiracy_list
jeffersonian_nullification,1322077328,Covid,False,2,tgdataset_conspiracy_list
jermwarfare,1193871734,Covid,False,2,tgdataset_conspiracy_list
jessicahesser,1356728003,Covid,False,2,tgdataset_conspiracy_list
JesusChristsoon,1739094865,Covid,False,2,tgdataset_conspiracy_list
Jew_World_Order,1394707567,Covid,False,2,tgdataset_conspiracy_list
jewelldruryadvocateforjustice,1544450868,Covid,False,2,tgdataset_conspiracy_list
jimcorr,1226106091,Covid,False,2,tgdataset_conspiracy_list
jimmysnewsfeed,1379403023,Covid,False,2,tgdataset_conspiracy_list
joannebould2406,1499517585,Covid,False,2,tgdataset_conspiracy_list
jobseventsopportunities,1285418044,Covid,False,2,tgdataset_conspiracy_list
jodiemeschuk,1418186489,Covid,False,2,tgdataset_conspiracy_list
johnblaidtts,1276918422,Covid,False,2,tgdataset_conspiracy_list
johncaulfield,1184010334,Covid,False,2,tgdataset_conspiracy_list
johnlarter,1521684315,Covid,False,2,tgdataset_conspiracy_list
JohnUbele,1345214872,Covid,False,2,tgdataset_conspiracy_list
joinInformationOverload,1288975604,Covid,False,2,tgdataset_conspiracy_list
jonprobyartandeconomia,1460696159,Covid,False,2,tgdataset_conspiracy_list
joshdelsol,1338013431,Covid,False,2,tgdataset_conspiracy_list
jrhchannel,1316589218,Covid,False,2,tgdataset_conspiracy_list
juanchamie,1629952489,Covid,False,2,tgdataset_conspiracy_list
juliec4freedom,1442026608,Covid,False,2,tgdataset_conspiracy_list
just4shitandgiggles,1588627268,Covid,False,2,tgdataset_conspiracy_list
justdescoveredthis,1591977336,Covid,False,2,tgdataset_conspiracy_list
JustDudeChannel,1151831301,Covid,False,2,tgdataset_conspiracy_list
justiceforevee,1235375115,Covid,False,2,tgdataset_conspiracy_list
justthefactsmaam,1168649295,Covid,False,2,tgdataset_conspiracy_list
JWilderness,1489549879,Covid,False,2,tgdataset_conspiracy_list
karleen_love,1452830615,Covid,False,2,tgdataset_conspiracy_list
Kate_Shemirani_Natural_Nurse,1339288421,Covid,False,2,tgdataset_conspiracy_list
KeepingOneStepAhead,1473406735,Covid,False,2,tgdataset_conspiracy_list
kellybroganmd,1193711897,Covid,False,2,tgdataset_conspiracy_list
knowledgeseekersfamily,1709719964,Covid,False,2,tgdataset_conspiracy_list
knowthein,1428268618,Covid,False,2,tgdataset_conspiracy_list
kristen_nagle,1449302401,Covid,False,2,tgdataset_conspiracy_list
kungFluVirus,1377276355,Covid,False,2,tgdataset_conspiracy_list
lamestream,1324062865,Covid,False,2,tgdataset_conspiracy_list
laron_g_s,1149797228,Covid,False,2,tgdataset_conspiracy_list
larrydcook,1394303875,Covid,False,2,tgdataset_conspiracy_list
LauraAbolichannel,1375690723,Covid,False,2,tgdataset_conspiracy_list
lawyersoflight,1322667292,Covid,False,2,tgdataset_conspiracy_list
LeakyVax,1385390491,Covid,False,2,tgdataset_conspiracy_list
leannelpg,1100951160,Covid,False,2,tgdataset_conspiracy_list
LecademyNews,1164809690,Covid,False,2,tgdataset_conspiracy_list
leegarrettnews,1450764128,Covid,False,2,tgdataset_conspiracy_list
letsvoteca,1473588358,Covid,False,2,tgdataset_conspiracy_list
liberty_stream_network_ireland,1443410090,Covid,False,2,tgdataset_conspiracy_list
libertyforBC,1474827918,Covid,False,2,tgdataset_conspiracy_list
lightcodesactivation,1558219865,Covid,False,2,tgdataset_conspiracy_list
lightpath_support,1400352217,Covid,False,2,tgdataset_conspiracy_list
linkorlov,1196656963,Covid,False,2,tgdataset_conspiracy_list
LittlePhoot,1168782448,Covid,False,2,tgdataset_conspiracy_list
liv_inthemoment,1253020925,Covid,False,2,tgdataset_conspiracy_list
LIVANDU,1251002367,Covid,False,2,tgdataset_conspiracy_list
LiveFreeOrDie_au_nz,1155506675,Covid,False,2,tgdataset_conspiracy_list
LiveHealthy,1002274566,Covid,False,2,tgdataset_conspiracy_list
living_real_in_a_fake_world,1494245103,Covid,False,2,tgdataset_conspiracy_list
LogosIsRising,1159645830,Covid,False,2,tgdataset_conspiracy_list
louiseArtery,1476609148,Covid,False,2,tgdataset_conspiracy_list
louisemckenna,1365714763,Covid,False,2,tgdataset_conspiracy_list
lovingenergies,1466909334,Covid,False,2,tgdataset_conspiracy_list
LSNTOFFICIAL,1287281551,Covid,False,2,tgdataset_conspiracy_list
ltcolevola,1417011666,Covid,False,2,tgdataset_conspiracy_list
luizmd3,1284459067,Covid,False,2,tgdataset_conspiracy_list
lukestorey,1442193713,Covid,False,2,tgdataset_conspiracy_list
MADMIXCONSPIRACIES,1436448891,Covid,False,2,tgdataset_conspiracy_list
MainBeachMedia,1215599389,Covid,False,2,tgdataset_conspiracy_list
maintenance_room,1551636622,Covid,False,2,tgdataset_conspiracy_list
makechangehappen,1313721612,Covid,False,2,tgdataset_conspiracy_list
MakingInformeddecisions,1562657250,Covid,False,2,tgdataset_conspiracy_list
MamaFixit,1362114499,Covid,False,2,tgdataset_conspiracy_list
mandiatrandomm,1332899628,Covid,False,2,tgdataset_conspiracy_list
marcmalone,1453499762,Covid,False,2,tgdataset_conspiracy_list
maria_vana_channel,1101986508,Covid,False,2,tgdataset_conspiracy_list
MariaRigoliLawyerChannel,1261642133,Covid,False,2,tgdataset_conspiracy_list
marielra,1497148230,Covid,False,2,tgdataset_conspiracy_list
marksteele5g,1436022779,Covid,False,2,tgdataset_conspiracy_list
martinpcostello,1316724028,Covid,False,2,tgdataset_conspiracy_list
maryannscoops,1288266428,Covid,False,2,tgdataset_conspiracy_list
maskinfodump,1236278940,Covid,False,2,tgdataset_conspiracy_list
matrixdecoded,1332488613,Covid,False,2,tgdataset_conspiracy_list
mattbelair,1241522830,Covid,False,2,tgdataset_conspiracy_list
mattlawsonphotography,1476060410,Covid,False,2,tgdataset_conspiracy_list
MCMLXXXIVwasbetter,1287615243,Covid,False,2,tgdataset_conspiracy_list
MediaWorkspace,1255884312,Covid,False,2,tgdataset_conspiracy_list
medicalfraudisreal,1574976312,Covid,False,2,tgdataset_conspiracy_list
melbournefreedomrallyupdates,1408079020,Covid,False,2,tgdataset_conspiracy_list
melbournemisfits,1307023128,Covid,False,2,tgdataset_conspiracy_list
MelbourneRiseUpUnitedWeStand,1174440881,Covid,False,2,tgdataset_conspiracy_list
meme_fwo,1283423059,Covid,False,2,tgdataset_conspiracy_list
meme_me_up,1178950997,Covid,False,2,tgdataset_conspiracy_list
menagainstthenarrative,1452457273,Covid,False,2,tgdataset_conspiracy_list
mgtowsec,1164267538,Covid,False,2,tgdataset_conspiracy_list
Michael_Priest,1405881476,Covid,False,2,tgdataset_conspiracy_list
michaelbrazil,1192251998,Covid,False,2,tgdataset_conspiracy_list
MilansNews,1301573090,Covid,False,2,tgdataset_conspiracy_list
Millions_United,1419488744,Covid,False,2,tgdataset_conspiracy_list
mina_chabaka,1393078558,Covid,False,2,tgdataset_conspiracy_list
mlteop,1360975036,Covid,False,2,tgdataset_conspiracy_list
mmamvau,1201859406,Covid,False,2,tgdataset_conspiracy_list
MMSinfo,1416634072,Covid,False,2,tgdataset_conspiracy_list
MontiMaro777,1264424053,Covid,False,2,tgdataset_conspiracy_list
morgancjonas,1183954052,Covid,False,2,tgdataset_conspiracy_list
Morphius21,1540923531,Covid,False,2,tgdataset_conspiracy_list
mrn_death,1269909528,Covid,False,2,tgdataset_conspiracy_list
mttsuf,1264080722,Covid,False,2,tgdataset_conspiracy_list
MTvaccinechoice,1357445785,Covid,False,2,tgdataset_conspiracy_list
My21wire,1402904953,Covid,False,2,tgdataset_conspiracy_list
myceliummessage,1282457185,Covid,False,2,tgdataset_conspiracy_list
mySpiritualpath,1594953374,Covid,False,2,tgdataset_conspiracy_list
NacionalismoBlanco,1498954750,Covid,False,2,tgdataset_conspiracy_list
nandadji,1244685812,Covid,False,2,tgdataset_conspiracy_list
naomicookformerRN,1245374333,Covid,False,2,tgdataset_conspiracy_list
NatasRamz06,1278307345,Covid,False,2,tgdataset_conspiracy_list
NatemaxHumanAlliance,1298632408,Covid,False,2,tgdataset_conspiracy_list
NationalCitizensAllianceInfo,1490207409,Covid,False,2,tgdataset_conspiracy_list
NationalistForChrist,1245215117,Covid,False,2,tgdataset_conspiracy_list
NationalUnited,1527731146,Covid,False,2,tgdataset_conspiracy_list
natnnetwork,1520602957,Covid,False,2,tgdataset_conspiracy_list
NaturalHealthNews,1207063333,Covid,False,2,tgdataset_conspiracy_list
NBunvaccinated,1560309453,Covid,False,2,tgdataset_conspiracy_list
ne3xus5,1313010505,Covid,False,2,tgdataset_conspiracy_list
neilhague,1511032746,Covid,False,2,tgdataset_conspiracy_list
neo_network,1131589914,Covid,False,2,tgdataset_conspiracy_list
newearthproj,1415461437,Covid,False,2,tgdataset_conspiracy_list
News4AChange,1491861041,Covid,False,2,tgdataset_conspiracy_list
news_ycombinator,1265333160,Covid,False,2,tgdataset_conspiracy_list
newscritical,1492852663,Covid,False,2,tgdataset_conspiracy_list
NewsMoots,1415862442,Covid,False,2,tgdataset_conspiracy_list
newworldordervideos,1463150900,Covid,False,2,tgdataset_conspiracy_list
nicholalb,1354789643,Covid,False,2,tgdataset_conspiracy_list
nicolewellness,1453765497,Covid,False,2,tgdataset_conspiracy_list
NilesCindy,1339822297,Covid,False,2,tgdataset_conspiracy_list
ninetydegreeturns,1228934438,Covid,False,2,tgdataset_conspiracy_list
NMNVMC,1495360358,Covid,False,2,tgdataset_conspiracy_list
no2vaccine,1195830943,Covid,False,2,tgdataset_conspiracy_list
nobulart,1592578504,Covid,False,2,tgdataset_conspiracy_list
NoGoolag,1157524527,Covid,False,2,tgdataset_conspiracy_list
nomandatoryvaccinationparty,1164947907,Covid,False,2,tgdataset_conspiracy_list
NoMoreFakeNews,1205705611,Covid,False,2,tgdataset_conspiracy_list
NoMoreLockdowns,1302345463,Covid,False,2,tgdataset_conspiracy_list
NoMoreLockdownsUK,1202997098,Covid,False,2,tgdataset_conspiracy_list
Nonpolitcschannel,1345931437,Covid,False,2,tgdataset_conspiracy_list
Not_On_The_Beeb,1170602868,Covid,False,2,tgdataset_conspiracy_list
NotesOnRefuge,1172599385,Covid,False,2,tgdataset_conspiracy_list
notovaccine,1176381244,Covid,False,2,tgdataset_conspiracy_list
NottinghamTruthSheriff,1211486176,Covid,False,2,tgdataset_conspiracy_list
NoVaccineCoercion,1302092585,Covid,False,2,tgdataset_conspiracy_list
nrtamilnadunursing,1273134596,Covid,False,2,tgdataset_conspiracy_list
NursesAgainstLockdowns,1277520246,Covid,False,2,tgdataset_conspiracy_list
nuttersunite,1301638760,Covid,False,2,tgdataset_conspiracy_list
NVIC_VaccineFreedom,1187219939,Covid,False,2,tgdataset_conspiracy_list
NWO_Rebel,1357386700,Covid,False,2,tgdataset_conspiracy_list
NWOreporter,1618490690,Covid,False,2,tgdataset_conspiracy_list
NZLiberty,1420442005,Covid,False,2,tgdataset_conspiracy_list
NZLibertyMovement,1385498366,Covid,False,2,tgdataset_conspiracy_list
nzprochoice,1543121884,Covid,False,2,tgdataset_conspiracy_list
NZunderAttack,1460156798,Covid,False,2,tgdataset_conspiracy_list
off_Guardian,1306902813,Covid,False,2,tgdataset_conspiracy_list
offgridcanada,1750643925,Covid,False,2,tgdataset_conspiracy_list
OffgridiIreland,1488289712,Covid,False,2,tgdataset_conspiracy_list
offguardian,1483517232,Covid,False,2,tgdataset_conspiracy_list
OfficialChannelComusavUSA,1431631417,Covid,False,2,tgdataset_conspiracy_list
offthegridnow,1218170163,Covid,False,2,tgdataset_conspiracy_list
OhioAMF,1172469319,Covid,False,2,tgdataset_conspiracy_list
oliverjanichinternational,1527481557,Covid,False,2,tgdataset_conspiracy_list
onceyouawake1,1342856820,Covid,False,2,tgdataset_conspiracy_list
OneDayDevineNews,1320034707,Covid,False,2,tgdataset_conspiracy_list
oneInfochannel,1476817750,Covid,False,2,tgdataset_conspiracy_list
only_the_facts_man,1583459092,Covid,False,2,tgdataset_conspiracy_list
Open1info,1325343575,Covid,False,2,tgdataset_conspiracy_list
openaccessevidence,1469129146,Covid,False,2,tgdataset_conspiracy_list
openhowse,1249003485,Covid,False,2,tgdataset_conspiracy_list
opentotruth,1346917560,Covid,False,2,tgdataset_conspiracy_list
openyoureyes2,1193375762,Covid,False,2,tgdataset_conspiracy_list
operation2030x,1368741288,Covid,False,2,tgdataset_conspiracy_list
operationuprise,1590238675,Covid,False,2,tgdataset_conspiracy_list
orderfromchaos,1317590036,Covid,False,2,tgdataset_conspiracy_list
ORIANA213B,1197485280,Covid,False,2,tgdataset_conspiracy_list
OurVoicesMatter,1551005572,Covid,False,2,tgdataset_conspiracy_list
OutMedMan,1204880754,Covid,False,2,tgdataset_conspiracy_list
pandata19,1269452782,Covid,False,2,tgdataset_conspiracy_list
pandemicpodcastUK,1289050779,Covid,False,2,tgdataset_conspiracy_list
pandemictruths,1265401072,Covid,False,2,tgdataset_conspiracy_list
PandorasWeb,1270873388,Covid,False,2,tgdataset_conspiracy_list
paradigmshake,1592772652,Covid,False,2,tgdataset_conspiracy_list
ParentsSA,1594082164,Covid,False,2,tgdataset_conspiracy_list
parentswithquestions,1793794713,Covid,False,2,tgdataset_conspiracy_list
parlerrefugees,1201707092,Covid,False,2,tgdataset_conspiracy_list
partijvoordeliefde,1418585468,Covid,False,2,tgdataset_conspiracy_list
patiencebuildskindness,1255893045,Covid,False,2,tgdataset_conspiracy_list
patriotawakenings,1242266070,Covid,False,2,tgdataset_conspiracy_list
patriotsaustralia,1500532611,Covid,False,2,tgdataset_conspiracy_list
pbhunters,1331108678,Covid,False,2,tgdataset_conspiracy_list
pdf_channel,1002606695,Covid,False,2,tgdataset_conspiracy_list
PeaceRiverAlbertaArea,1150362536,Covid,False,2,tgdataset_conspiracy_list
Pedr01,1213778081,Covid,False,2,tgdataset_conspiracy_list
PeepsOfEarth,1494560686,Covid,False,2,tgdataset_conspiracy_list
PenelopeJ5,1468411244,Covid,False,2,tgdataset_conspiracy_list
PeopleInNumbers,1466590147,Covid,False,2,tgdataset_conspiracy_list
PeoplePowerAus,1727549437,Covid,False,2,tgdataset_conspiracy_list
peoplestruth,1408587783,Covid,False,2,tgdataset_conspiracy_list
PerthFreedomRallyChannel,1236692705,Covid,False,2,tgdataset_conspiracy_list
PerthHealthFreedomInfo,1296567653,Covid,False,2,tgdataset_conspiracy_list
Peter_ZA,1055225734,Covid,False,2,tgdataset_conspiracy_list
peterlittleOfficialChallenge,1578657298,Covid,False,2,tgdataset_conspiracy_list
PeterMcCullough,1538642018,Covid,False,2,tgdataset_conspiracy_list
Pierscorbyn,1222966149,Covid,False,2,tgdataset_conspiracy_list
pittsburghipr,1490383976,Covid,False,2,tgdataset_conspiracy_list
PLANDEMIC,1326254213,Covid,False,2,tgdataset_conspiracy_list
plandemic_resource_channel,1183271394,Covid,False,2,tgdataset_conspiracy_list
PLPReturns,1577656053,Covid,False,2,tgdataset_conspiracy_list
Pointoview,1270886071,Covid,False,2,tgdataset_conspiracy_list
Polczat,1547702749,Covid,False,2,tgdataset_conspiracy_list
politicalaccountabilityca,1476768963,Covid,False,2,tgdataset_conspiracy_list
PowerVa,1358470256,Covid,False,2,tgdataset_conspiracy_list
PPLSVoice,1390650777,Covid,False,2,tgdataset_conspiracy_list
preciousoneexperience,1369146847,Covid,False,2,tgdataset_conspiracy_list
PretoriaNoordPretoriaNorth,1163641894,Covid,False,2,tgdataset_conspiracy_list
priceofreality,1697458588,Covid,False,2,tgdataset_conspiracy_list
ProgressOfBigBrother,1376540946,Covid,False,2,tgdataset_conspiracy_list
ProjectKnowledge,1124297683,Covid,False,2,tgdataset_conspiracy_list
projectmatilda,1680119163,Covid,False,2,tgdataset_conspiracy_list
ProtestEverywhere,1163445862,Covid,False,2,tgdataset_conspiracy_list
Protocols4Life,1347166458,Covid,False,2,tgdataset_conspiracy_list
proudboysvictoria,1336778522,Covid,False,2,tgdataset_conspiracy_list
provenremediesandcures,1533643663,Covid,False,2,tgdataset_conspiracy_list
ProxyWorldNews,1615885965,Covid,False,2,tgdataset_conspiracy_list
psy_war,1264737110,Covid,False,2,tgdataset_conspiracy_list
PsychedelicAdventure,1193282225,Covid,False,2,tgdataset_conspiracy_list
publicannouncement602967921,1645108362,Covid,False,2,tgdataset_conspiracy_list
pulling_back_the_veil,1133542974,Covid,False,2,tgdataset_conspiracy_list
purelyparsonss,1300308920,Covid,False,2,tgdataset_conspiracy_list
putchildrenfirst,1220174950,Covid,False,2,tgdataset_conspiracy_list
QAnonHeal,1249325809,Covid,False,2,tgdataset_conspiracy_list
Qpenmic,1573168348,Covid,False,2,tgdataset_conspiracy_list
queen_of_freedom21,1392497248,Covid,False,2,tgdataset_conspiracy_list
quest_to_save_humanity,1765260332,Covid,False,2,tgdataset_conspiracy_list
QuriousKiwi,1202692901,Covid,False,2,tgdataset_conspiracy_list
QuriousKiwiInAus,1481643757,Covid,False,2,tgdataset_conspiracy_list
rachelspeaksout,1157941368,Covid,False,2,tgdataset_conspiracy_list
RachelVaughan,1294163472,Covid,False,2,tgdataset_conspiracy_list
randomanonch1,1477811837,Covid,False,2,tgdataset_conspiracy_list
randyhillier,1260603895,Covid,False,2,tgdataset_conspiracy_list
RealAustralianFreedom,1211869627,Covid,False,2,tgdataset_conspiracy_list
realBauhauswife,1272973134,Covid,False,2,tgdataset_conspiracy_list
realblaircottrell,1215855026,Covid,False,2,tgdataset_conspiracy_list
realCRP,1186933663,Covid,False,2,tgdataset_conspiracy_list
realdocumentaries,1427451038,Covid,False,2,tgdataset_conspiracy_list
RealLandDownUnder,1219452476,Covid,False,2,tgdataset_conspiracy_list
reallygraceful,1158552466,Covid,False,2,tgdataset_conspiracy_list
RealNZchannel,1237266337,Covid,False,2,tgdataset_conspiracy_list
realtruthreport,1467328406,Covid,False,2,tgdataset_conspiracy_list
RealWorldNewsChannel,1416140089,Covid,False,2,tgdataset_conspiracy_list
rebelsquad1,1344050581,Covid,False,2,tgdataset_conspiracy_list
reclameyourpower,1109948546,Covid,False,2,tgdataset_conspiracy_list
REDandFollow,1320979285,Covid,False,2,tgdataset_conspiracy_list
RedDog71Media,1378805326,Covid,False,2,tgdataset_conspiracy_list
redpill_repository,1165322822,Covid,False,2,tgdataset_conspiracy_list
redpilldaily,1469456288,Covid,False,2,tgdataset_conspiracy_list
redpillnewsuk,1247131881,Covid,False,2,tgdataset_conspiracy_list
redshoecanary,1798316536,Covid,False,2,tgdataset_conspiracy_list
reignitedemocracyaustralia,1410798000,Covid,False,2,tgdataset_conspiracy_list
ResetInvestmentStrategies,1278223032,Covid,False,2,tgdataset_conspiracy_list
ResistanceIsVictory,1279559896,Covid,False,2,tgdataset_conspiracy_list
resisttweety,1157265707,Covid,False,2,tgdataset_conspiracy_list
ResurrectionEuropa,1207873874,Covid,False,2,tgdataset_conspiracy_list
revelationprophecy,1266033455,Covid,False,2,tgdataset_conspiracy_list
ReviveAcademy,1323971421,Covid,False,2,tgdataset_conspiracy_list
RhiVDG,1286095977,Covid,False,2,tgdataset_conspiracy_list
RightDownUnder,1423423002,Covid,False,2,tgdataset_conspiracy_list
riseabovethelie,1380347048,Covid,False,2,tgdataset_conspiracy_list
riseAustralia,1299198851,Covid,False,2,tgdataset_conspiracy_list
RiseUpCollective,1260666738,Covid,False,2,tgdataset_conspiracy_list
RM_Covid,1293221625,Covid,False,2,tgdataset_conspiracy_list
RobertWMalone,1378664824,Covid,False,2,tgdataset_conspiracy_list
robinmg,1202315764,Covid,False,2,tgdataset_conspiracy_list
RobinsonCrusaders,1283991409,Covid,False,2,tgdataset_conspiracy_list
RobynOpenshaw,1273123662,Covid,False,2,tgdataset_conspiracy_list
RomanLightWall,1281101088,Covid,False,2,tgdataset_conspiracy_list
rooftopkoreanrant,1442187930,Covid,False,2,tgdataset_conspiracy_list
RWMaloneMD,1111693396,Covid,False,2,tgdataset_conspiracy_list
SafeCommunityNetwork,1253811081,Covid,False,2,tgdataset_conspiracy_list
saffronjadeandlemonade1,1366823346,Covid,False,2,tgdataset_conspiracy_list
sandroconte,1250465947,Covid,False,2,tgdataset_conspiracy_list
sanjeevsabhlok,1389433046,Covid,False,2,tgdataset_conspiracy_list
SarahSmithNM,1542014102,Covid,False,2,tgdataset_conspiracy_list
SarahSwift,1275226052,Covid,False,2,tgdataset_conspiracy_list
sars2covid19Hoax,1279530413,Covid,False,2,tgdataset_conspiracy_list
sassyangelXo,1432375310,Covid,False,2,tgdataset_conspiracy_list
SavageNoblesAndMerryPeasants,1169200736,Covid,False,2,tgdataset_conspiracy_list
SAVEAMERICAAMENC,1483422497,Covid,False,2,tgdataset_conspiracy_list
savingsovereignty,1492335305,Covid,False,2,tgdataset_conspiracy_list
sayeregengmi,1415730911,Covid,False,2,tgdataset_conspiracy_list
SayNoToLockdown,1429095003,Covid,False,2,tgdataset_conspiracy_list
SeekingTruthMatters,1572839120,Covid,False,2,tgdataset_conspiracy_list
SEIRPG,1256392460,Covid,False,2,tgdataset_conspiracy_list
sensumcommunem,1234633109,Covid,False,2,tgdataset_conspiracy_list
Sent_inel,1428945559,Covid,False,2,tgdataset_conspiracy_list
septimuskane,1146076304,Covid,False,2,tgdataset_conspiracy_list
sezblack,1308126374,Covid,False,2,tgdataset_conspiracy_list
shantih_ma,1241027784,Covid,False,2,tgdataset_conspiracy_list
sheeplebashers,1235233307,Covid,False,2,tgdataset_conspiracy_list
SHEEPLENEWS,1256851641,Covid,False,2,tgdataset_conspiracy_list
showusthevirus,1503688436,Covid,False,2,tgdataset_conspiracy_list
SHTFFarmer,1457331876,Covid,False,2,tgdataset_conspiracy_list
sideeffectsofcovid,1516833538,Covid,False,2,tgdataset_conspiracy_list
silencebegins,1316205750,Covid,False,2,tgdataset_conspiracy_list
Simulation9,1229618036,Covid,False,2,tgdataset_conspiracy_list
singaporefreedom,1191570399,Covid,False,2,tgdataset_conspiracy_list
situationreport,1192045714,Covid,False,2,tgdataset_conspiracy_list
solarireport,1404184663,Covid,False,2,tgdataset_conspiracy_list
SolarPunk,1369809018,Covid,False,2,tgdataset_conspiracy_list
SoldiersVoice,1247830275,Covid,False,2,tgdataset_conspiracy_list
SolutionWatch,1514704000,Covid,False,2,tgdataset_conspiracy_list
SophiesOpinion,1315536406,Covid,False,2,tgdataset_conspiracy_list
soulrising1,1716535825,Covid,False,2,tgdataset_conspiracy_list
sovereignsoulcollective,1169660515,Covid,False,2,tgdataset_conspiracy_list
SpaceMonkeyHQ,1322385054,Covid,False,2,tgdataset_conspiracy_list
SPATIALENERGY,1464441573,Covid,False,2,tgdataset_conspiracy_list
spiritofliberty,1281786764,Covid,False,2,tgdataset_conspiracy_list
SpringRaynePaone,1304966690,Covid,False,2,tgdataset_conspiracy_list
SSDSNB,1171414194,Covid,False,2,tgdataset_conspiracy_list
stand4thee,1168125915,Covid,False,2,tgdataset_conspiracy_list
standup911,1269717667,Covid,False,2,tgdataset_conspiracy_list
standupsacramentocounty,1416431774,Covid,False,2,tgdataset_conspiracy_list
StayFreeTV,1445898590,Covid,False,2,tgdataset_conspiracy_list
stephenchavura,1525880501,Covid,False,2,tgdataset_conspiracy_list
SteveB_Research_Updates,1328175274,Covid,False,2,tgdataset_conspiracy_list
stevegamble,1200795729,Covid,False,2,tgdataset_conspiracy_list
SteveHofmeyrEnVolkOndersteuning,1252151613,Covid,False,2,tgdataset_conspiracy_list
STFNREPORT,1195438885,Covid,False,2,tgdataset_conspiracy_list
stierlinks,1390852989,Covid,False,2,tgdataset_conspiracy_list
stop5gbarcelona,1155190026,Covid,False,2,tgdataset_conspiracy_list
stopcommonpass,1412227240,Covid,False,2,tgdataset_conspiracy_list
StopTheLockdown_ResistTheVaccine,1385475811,Covid,False,2,tgdataset_conspiracy_list
stopthemadnessworldwide,1583063838,Covid,False,2,tgdataset_conspiracy_list
stopworldcontrol1,1211158148,Covid,False,2,tgdataset_conspiracy_list
StormCloudsGathering,1374598725,Covid,False,2,tgdataset_conspiracy_list
StreetMD,1161027445,Covid,False,2,tgdataset_conspiracy_list
structuredmetabolix,1320861012,Covid,False,2,tgdataset_conspiracy_list
sucharitbhakdi_fanclub,1302382248,Covid,False,2,tgdataset_conspiracy_list
Sunshine_Coast_Awakened_Aussies,1508751716,Covid,False,2,tgdataset_conspiracy_list
SUNTEES,1149257258,Covid,False,2,tgdataset_conspiracy_list
superconspiracythursday,1268543941,Covid,False,2,tgdataset_conspiracy_list
SurvivalScott,1453548839,Covid,False,2,tgdataset_conspiracy_list
svenspulpit,1490909302,Covid,False,2,tgdataset_conspiracy_list
swfreedomcommunitychannel,1546398000,Covid,False,2,tgdataset_conspiracy_list
swordoftruth1,1561028541,Covid,False,2,tgdataset_conspiracy_list
SydneyFreedomFighters,1573389423,Covid,False,2,tgdataset_conspiracy_list
syntheticspeculation,1236492701,Covid,False,2,tgdataset_conspiracy_list
takeactioncanada,1248400519,Covid,False,2,tgdataset_conspiracy_list
talialikeitis,1313652612,Covid,False,2,tgdataset_conspiracy_list
taniatheherbalist,1279145881,Covid,False,2,tgdataset_conspiracy_list
TAPgoldcoast,1538445904,Covid,False,2,tgdataset_conspiracy_list
TAPSouthBrisbane,1176923448,Covid,False,2,tgdataset_conspiracy_list
TAPWesternSydney,1275659235,Covid,False,2,tgdataset_conspiracy_list
Targeted_Individuals,1428437453,Covid,False,2,tgdataset_conspiracy_list
TargetedIndividualsSupport,1183912666,Covid,False,2,tgdataset_conspiracy_list
tatertotters,1427119674,Covid,False,2,tgdataset_conspiracy_list
tdpshow,1150792939,Covid,False,2,tgdataset_conspiracy_list
tearingcovid19apart,1198445854,Covid,False,2,tgdataset_conspiracy_list
technocracyNWO,1251616164,Covid,False,2,tgdataset_conspiracy_list
technocraticdystopia,1697760392,Covid,False,2,tgdataset_conspiracy_list
TeddyWestCountry,1195052286,Covid,False,2,tgdataset_conspiracy_list
terraintheorychat,1377070233,Covid,False,2,tgdataset_conspiracy_list
terramysterious,1262027822,Covid,False,2,tgdataset_conspiracy_list
teupoterd,1192231692,Covid,False,2,tgdataset_conspiracy_list
TFC_8,1238446049,Covid,False,2,tgdataset_conspiracy_list
TGRINFOCHANNEL,1260467483,Covid,False,2,tgdataset_conspiracy_list
thawiseman,1534594501,Covid,False,2,tgdataset_conspiracy_list
The_Great_Awakening_Big_Picture,1199891227,Covid,False,2,tgdataset_conspiracy_list
The_Great_Awakening_Health,1227046621,Covid,False,2,tgdataset_conspiracy_list
The_Great_Awakening_Plandemic,1304299394,Covid,False,2,tgdataset_conspiracy_list
The_Great_Awakening_Videos,1223849964,Covid,False,2,tgdataset_conspiracy_list
the_jackals_mark,1375732125,Covid,False,2,tgdataset_conspiracy_list
The_Knowledge_Channel,1379502769,Covid,False,2,tgdataset_conspiracy_list
The_Real_Gaz_Mabs_News,1193320501,Covid,False,2,tgdataset_conspiracy_list
The_Revolution_Wont_Be_Televised,1667913182,Covid,False,2,tgdataset_conspiracy_list
The_UK_Channel,1433291673,Covid,False,2,tgdataset_conspiracy_list
the_woodlander,1250659301,Covid,False,2,tgdataset_conspiracy_list
theascendantcitizen,1780482210,Covid,False,2,tgdataset_conspiracy_list
TheAustraliaProject,1597063194,Covid,False,2,tgdataset_conspiracy_list
thebaseddepartment,1147762560,Covid,False,2,tgdataset_conspiracy_list
TheBrainusers,1513106291,Covid,False,2,tgdataset_conspiracy_list
thec19thruth,1685287737,Covid,False,2,tgdataset_conspiracy_list
TheClownWorld,1439827874,Covid,False,2,tgdataset_conspiracy_list
thecollectivevoice,1478498023,Covid,False,2,tgdataset_conspiracy_list
theconsciousresistance,1465141739,Covid,False,2,tgdataset_conspiracy_list
TheConspiracyHole,1335927003,Covid,False,2,tgdataset_conspiracy_list
TheConspiracyHole2,1329827423,Covid,False,2,tgdataset_conspiracy_list
TheConspiracyHub,1181926208,Covid,False,2,tgdataset_conspiracy_list
thecontrarian1,1186356989,Covid,False,2,tgdataset_conspiracy_list
thecoronacuretg,1388331298,Covid,False,2,tgdataset_conspiracy_list
thecrowhouseoffical,1208912534,Covid,False,2,tgdataset_conspiracy_list
thedannyroscoeshow,1261012353,Covid,False,2,tgdataset_conspiracy_list
thedarksideoftruthh,1243469759,Covid,False,2,tgdataset_conspiracy_list
thedazeofnoway,1359029870,Covid,False,2,tgdataset_conspiracy_list
TheDocofDetox,1499620227,Covid,False,2,tgdataset_conspiracy_list
TheDragonAlliance,1404639582,Covid,False,2,tgdataset_conspiracy_list
theDTrain,1474233408,Covid,False,2,tgdataset_conspiracy_list
TheEdgelordInvestor,1222810055,Covid,False,2,tgdataset_conspiracy_list
THEEVENT211220,1454206430,Covid,False,2,tgdataset_conspiracy_list
theEvent777,1326456636,Covid,False,2,tgdataset_conspiracy_list
thefive8take,1398194522,Covid,False,2,tgdataset_conspiracy_list
TheGrandCognitiveMinimum,1186479196,Covid,False,2,tgdataset_conspiracy_list
thegreaterreset,1289379467,Covid,False,2,tgdataset_conspiracy_list
TheGreatResetEXPOSED,1389661054,Covid,False,2,tgdataset_conspiracy_list
TheGreatResetTimes,1321650946,Covid,False,2,tgdataset_conspiracy_list
TheHealthForumNZch,1688740001,Covid,False,2,tgdataset_conspiracy_list
TheHighWire,1213619123,Covid,False,2,tgdataset_conspiracy_list
TheHippyWarrior,1136169650,Covid,False,2,tgdataset_conspiracy_list
TheHouseofCBRN,1224300402,Covid,False,2,tgdataset_conspiracy_list
TheIntuitiveInvisible,1437564257,Covid,False,2,tgdataset_conspiracy_list
TheIrishInquiry,1274662331,Covid,False,2,tgdataset_conspiracy_list
theirishsentinel,1299331568,Covid,False,2,tgdataset_conspiracy_list
TheKovidKollection,1442233413,Covid,False,2,tgdataset_conspiracy_list
TheLightTruthPaper,1182558412,Covid,False,2,tgdataset_conspiracy_list
thelionsroar1,1202864797,Covid,False,2,tgdataset_conspiracy_list
themalchemist,1306378926,Covid,False,2,tgdataset_conspiracy_list
TheMatrixAnalyst,1203407921,Covid,False,2,tgdataset_conspiracy_list
themotherofnations,1523482674,Covid,False,2,tgdataset_conspiracy_list
thenickholtpodcast,1297706748,Covid,False,2,tgdataset_conspiracy_list
thepeoplesaveaustralia,1507332013,Covid,False,2,tgdataset_conspiracy_list
thepeopleslawyerchannel,1479150744,Covid,False,2,tgdataset_conspiracy_list
ThePeoplesTruthTiaSeverino,1454343379,Covid,False,2,tgdataset_conspiracy_list
thepholosopherchannel,1380151000,Covid,False,2,tgdataset_conspiracy_list
ThePlandemic,1298324718,Covid,False,2,tgdataset_conspiracy_list
thepulseone,1232643037,Covid,False,2,tgdataset_conspiracy_list
therawtap,1270111878,Covid,False,2,tgdataset_conspiracy_list
TherealMirrorProject,1337798456,Covid,False,2,tgdataset_conspiracy_list
THERESEARCHROOM,1469265136,Covid,False,2,tgdataset_conspiracy_list
theresistanceengland,1085339511,Covid,False,2,tgdataset_conspiracy_list
theriotimes,1718683233,Covid,False,2,tgdataset_conspiracy_list
thespreadeagle,1783996031,Covid,False,2,tgdataset_conspiracy_list
thetransparencyreport,1399191430,Covid,False,2,tgdataset_conspiracy_list
TheTruthSeekersChannel,1295366802,Covid,False,2,tgdataset_conspiracy_list
theuniversalantidote,1459678750,Covid,False,2,tgdataset_conspiracy_list
thewakeupproject22,1750642570,Covid,False,2,tgdataset_conspiracy_list
TheWayFwrd,1297860159,Covid,False,2,tgdataset_conspiracy_list
TheWonderingEnglishman,1311918030,Covid,False,2,tgdataset_conspiracy_list
Theworldhasgonemad,1523598700,Covid,False,2,tgdataset_conspiracy_list
thexyztelegram,1300351181,Covid,False,2,tgdataset_conspiracy_list
theyllive,1235482055,Covid,False,2,tgdataset_conspiracy_list
thingstakenoffyoutube,1255516675,Covid,False,2,tgdataset_conspiracy_list
thoughtandaction,1135792715,Covid,False,2,tgdataset_conspiracy_list
thriveMNC,1609469505,Covid,False,2,tgdataset_conspiracy_list
thrivemovie,1482863149,Covid,False,2,tgdataset_conspiracy_list
TIFALOCKHARTT,1499714848,Covid,False,2,tgdataset_conspiracy_list
tigerreborn,1464928651,Covid,False,2,tgdataset_conspiracy_list
TimeStopLoadingNormalLife,1399081775,Covid,False,2,tgdataset_conspiracy_list
TipOfTheMoment,1315403573,Covid,False,2,tgdataset_conspiracy_list
TIWWF,1308500943,Covid,False,2,tgdataset_conspiracy_list
to_awaken_a_normie,1559801995,Covid,False,2,tgdataset_conspiracy_list
TOONARMYRELNEWS,1462809438,Covid,False,2,tgdataset_conspiracy_list
traviscarper,1364766981,Covid,False,2,tgdataset_conspiracy_list
Triumph_Over_Health,1388823141,Covid,False,2,tgdataset_conspiracy_list
TruckersForFreedomGlobal,1746608515,Covid,False,2,tgdataset_conspiracy_list
trumpintel,1201190823,Covid,False,2,tgdataset_conspiracy_list
truth4health,1450519951,Covid,False,2,tgdataset_conspiracy_list
Truth_Awakening_Channel,1443895322,Covid,False,2,tgdataset_conspiracy_list
truth_is_hidden67,1379886235,Covid,False,2,tgdataset_conspiracy_list
truthability,1461751692,Covid,False,2,tgdataset_conspiracy_list
truthbtold2,1281166047,Covid,False,2,tgdataset_conspiracy_list
Truthers_United,1592310794,Covid,False,2,tgdataset_conspiracy_list
TruthGraphs,1312215092,Covid,False,2,tgdataset_conspiracy_list
truthhasnoagenda,1477028704,Covid,False,2,tgdataset_conspiracy_list
truthhuntersinc,1390955921,Covid,False,2,tgdataset_conspiracy_list
truthmedia000,1327172067,Covid,False,2,tgdataset_conspiracy_list
truthpills,1431407800,Covid,False,2,tgdataset_conspiracy_list
TruthReport,1272395025,Covid,False,2,tgdataset_conspiracy_list
truthseeker777,1441300403,Covid,False,2,tgdataset_conspiracy_list
truthseeker86,1185563755,Covid,False,2,tgdataset_conspiracy_list
truthspeakersnetwork,1218146635,Covid,False,2,tgdataset_conspiracy_list
truththeory,1409506809,Covid,False,2,tgdataset_conspiracy_list
TruthTON,1332034901,Covid,False,2,tgdataset_conspiracy_list
TruthUncensored,1277462847,Covid,False,2,tgdataset_conspiracy_list
TryBlue,1568711342,Covid,False,2,tgdataset_conspiracy_list
ubuntuplanet,1230070043,Covid,False,2,tgdataset_conspiracy_list
ukfalliance,1365472532,Covid,False,2,tgdataset_conspiracy_list
ukvacinfo,1282579644,Covid,False,2,tgdataset_conspiracy_list
ultimacodex,1202395559,Covid,False,2,tgdataset_conspiracy_list
uncensorabletruth,1387707260,Covid,False,2,tgdataset_conspiracy_list
UncensoredRedPills,1757586156,Covid,False,2,tgdataset_conspiracy_list
uncensoredtruths,1481033041,Covid,False,2,tgdataset_conspiracy_list
uncensoredupdates,1194565080,Covid,False,2,tgdataset_conspiracy_list
unitedaussies,1248163581,Covid,False,2,tgdataset_conspiracy_list
unitedpoliceNSW,1240932140,Covid,False,2,tgdataset_conspiracy_list
unitedwestandaust,1751122279,Covid,False,2,tgdataset_conspiracy_list
unitenowaustralia,1520379982,Covid,False,2,tgdataset_conspiracy_list
UnityNewsChannel,1356728850,Covid,False,2,tgdataset_conspiracy_list
UniversalLibrary,1385013842,Covid,False,2,tgdataset_conspiracy_list
UnjabbedNZCommunity,1530497358,Covid,False,2,tgdataset_conspiracy_list
unmaskthefear,1385694192,Covid,False,2,tgdataset_conspiracy_list
untrivialpursuit,1463533673,Covid,False,2,tgdataset_conspiracy_list
Unvaccinatd,1636317141,Covid,False,2,tgdataset_conspiracy_list
Unvaxcinated,1569283173,Covid,False,2,tgdataset_conspiracy_list
UpmarketZine,1270487897,Covid,False,2,tgdataset_conspiracy_list
usmortality,1609122877,Covid,False,2,tgdataset_conspiracy_list
vaccinationdecisionsDrJudy,1737864279,Covid,False,2,tgdataset_conspiracy_list
vaccinechoiceaustralia,1385673328,Covid,False,2,tgdataset_conspiracy_list
vaccinechoicecanada,1375872751,Covid,False,2,tgdataset_conspiracy_list
vaccinechoiceprayercommunity,1429498634,Covid,False,2,tgdataset_conspiracy_list
vaccinedebategroup,1401530462,Covid,False,2,tgdataset_conspiracy_list
vaccinedisclosure,1205688614,Covid,False,2,tgdataset_conspiracy_list
VaccineEqualsInfertility,1277709003,Covid,False,2,tgdataset_conspiracy_list
vaccinepolice,1153875383,Covid,False,2,tgdataset_conspiracy_list
vaccinereactions,1401737483,Covid,False,2,tgdataset_conspiracy_list
vaccinetalk,1411975243,Covid,False,2,tgdataset_conspiracy_list
vaccinetestimonials,1393040556,Covid,False,2,tgdataset_conspiracy_list
ValleyOutpostCollection,1419291406,Covid,False,2,tgdataset_conspiracy_list
vavalaresistance,1584437600,Covid,False,2,tgdataset_conspiracy_list
vaxaretoxic,1422340282,Covid,False,2,tgdataset_conspiracy_list
VaxStats,1479942356,Covid,False,2,tgdataset_conspiracy_list
vaxverite,1261162481,Covid,False,2,tgdataset_conspiracy_list
venturedesktop,1353906946,Covid,False,2,tgdataset_conspiracy_list
verdeyrebelde,1194421486,Covid,False,2,tgdataset_conspiracy_list
VernonColeman,1326169125,Covid,False,2,tgdataset_conspiracy_list
Vexxine,1348783744,Covid,False,2,tgdataset_conspiracy_list
vicupdates,1503349611,Covid,False,2,tgdataset_conspiracy_list
VigilantFox,1522046510,Covid,False,2,tgdataset_conspiracy_list
visomvet,1223607832,Covid,False,2,tgdataset_conspiracy_list
vivoterra_en,1236160282,Covid,False,2,tgdataset_conspiracy_list
voices4choices,1623767906,Covid,False,2,tgdataset_conspiracy_list
voicesforfreedom,1453495435,Covid,False,2,tgdataset_conspiracy_list
VVAnuus,1411343422,Covid,False,2,tgdataset_conspiracy_list
vxxsheddingforbodyworkers,1587584500,Covid,False,2,tgdataset_conspiracy_list
wahumanrightsadvocates,1619400750,Covid,False,2,tgdataset_conspiracy_list
WakeTheUKUP,1348145085,Covid,False,2,tgdataset_conspiracy_list
wakeupaustralia,1347683109,Covid,False,2,tgdataset_conspiracy_list
wakeywakeywakey,1379871957,Covid,False,2,tgdataset_conspiracy_list
wakingup1984channel,1224324472,Covid,False,2,tgdataset_conspiracy_list
watgebeurter,1510491839,Covid,False,2,tgdataset_conspiracy_list
WeAreAllEssential,1476856018,Covid,False,2,tgdataset_conspiracy_list
WeAreFASA,1212164569,Covid,False,2,tgdataset_conspiracy_list
wearerighteous,1546743507,Covid,False,2,tgdataset_conspiracy_list
WEARETHE99PERCENTCHANNEL,1400562690,Covid,False,2,tgdataset_conspiracy_list
WeAreUniversalTruth,1543923677,Covid,False,2,tgdataset_conspiracy_list
WEE_WhiteEconomicEmpowerment,1464232121,Covid,False,2,tgdataset_conspiracy_list
WEF4IR,1749271075,Covid,False,2,tgdataset_conspiracy_list
wethefreerd,1416596913,Covid,False,2,tgdataset_conspiracy_list
wethepatriotsusa,1425105361,Covid,False,2,tgdataset_conspiracy_list
Wethepeoplestruth1,1458786387,Covid,False,2,tgdataset_conspiracy_list
WExWIN,1315934441,Covid,False,2,tgdataset_conspiracy_list
WFAorg,1436148165,Covid,False,2,tgdataset_conspiracy_list
whatsupcanadian,1206957774,Covid,False,2,tgdataset_conspiracy_list
whatyournotsupposetoknow,1584634181,Covid,False,2,tgdataset_conspiracy_list
WhereWeGoOneWeGoAllWorldwide,1365813324,Covid,False,2,tgdataset_conspiracy_list
WhistleBlowerK,1156840976,Covid,False,2,tgdataset_conspiracy_list
WhiteRoseandThorn,1385263332,Covid,False,2,tgdataset_conspiracy_list
whitewellness,1184726917,Covid,False,2,tgdataset_conspiracy_list
wideawakemedia,1476381993,Covid,False,2,tgdataset_conspiracy_list
wilmsfront,1284761501,Covid,False,2,tgdataset_conspiracy_list
WL369,1153113736,Covid,False,2,tgdataset_conspiracy_list
wnyminutemen,1361103065,Covid,False,2,tgdataset_conspiracy_list
wolfchannel2,1223172477,Covid,False,2,tgdataset_conspiracy_list
Wonderlanderino,1580747475,Covid,False,2,tgdataset_conspiracy_list
WorldAwakening2,1461798795,Covid,False,2,tgdataset_conspiracy_list
worlddoctorsalliance,1480430374,Covid,False,2,tgdataset_conspiracy_list
worldhoax,1413003600,Covid,False,2,tgdataset_conspiracy_list
wrenchinthegears,1150886417,Covid,False,2,tgdataset_conspiracy_list
wtfjh,1306248251,Covid,False,2,tgdataset_conspiracy_list
wtpuk,1424346030,Covid,False,2,tgdataset_conspiracy_list
wuhanvirus_covid19,1134574372,Covid,False,2,tgdataset_conspiracy_list
wwellb,1166506873,Covid,False,2,tgdataset_conspiracy_list
wwg1wga_qslovenia,1486219458,Covid,False,2,tgdataset_conspiracy_list
WWG1WGAGlobal,1359033923,Covid,False,2,tgdataset_conspiracy_list
wwrevT,1437358677,Covid,False,2,tgdataset_conspiracy_list
YellowvestIre,1332709296,Covid,False,2,tgdataset_conspiracy_list
yourrightsaust,1244282239,Covid,False,2,tgdataset_conspiracy_list
YvetteBronx,1440175934,Covid,False,2,tgdataset_conspiracy_list
zeeemedia,1504492434,Covid,False,2,tgdataset_conspiracy_list
zeitgeistearth,1129062816,Covid,False,2,tgdataset_conspiracy_list
zelenkoprotocol,1296941854,Covid,False,2,tgdataset_conspiracy_list
zerotolerancemedia,1453476633,Covid,False,2,tgdataset_conspiracy_list
AmericanTribune,1177244321,US news,True,3,tgdataset_conspiracy_list
AncientFeed,1382087559,US news,True,3,tgdataset_conspiracy_list
AntiCoronaRegime,1426840488,US news,True,3,tgdataset_conspiracy_list
AntiCoronaTerrorism,1419302828,US news,True,3,tgdataset_conspiracy_list
AntiFakePandemic,1359669362,US news,True,3,tgdataset_conspiracy_list
AntiGates,1188237003,US news,True,3,tgdataset_conspiracy_list
AntiilluminatiOfficial,1214316989,US news,True,3,tgdataset_conspiracy_list
antiNewsweek,1331286870,US news,True,3,tgdataset_conspiracy_list
Antipafi,1447259941,US news,True,3,tgdataset_conspiracy_list
AntivaxMessiah,1517396641,US news,True,3,tgdataset_conspiracy_list
ArizonaReporter,1315033511,US news,True,3,tgdataset_conspiracy_list
artisallaround,1396140109,US news,True,3,tgdataset_conspiracy_list
AustraliaTimes,1278353388,US news,True,3,tgdataset_conspiracy_list
AwakenMovement,1233417816,US news,True,3,tgdataset_conspiracy_list
AwakenWeAre,1432356346,US news,True,3,tgdataset_conspiracy_list
BayernPresse,1409730795,US news,True,3,tgdataset_conspiracy_list
BBCpost,1315681248,US news,True,3,tgdataset_conspiracy_list
BerlinerNachrichten,1385495873,US news,True,3,tgdataset_conspiracy_list
BlackWhiteUnite,1449097796,US news,True,3,tgdataset_conspiracy_list
BLMnews,1219960269,US news,True,3,tgdataset_conspiracy_list
Bravetower,1494824103,US news,True,3,tgdataset_conspiracy_list
BritishPatriotsParty,1363596352,US news,True,3,tgdataset_conspiracy_list
CanadaFreeNews,1305236052,US news,True,3,tgdataset_conspiracy_list
CandaceOw,1428334973,US news,True,3,tgdataset_conspiracy_list
CapitolNews,1442585851,US news,True,3,tgdataset_conspiracy_list
CharlesFlynn,1236491691,US news,True,3,tgdataset_conspiracy_list
ChemtrailsNews,1453914542,US news,True,3,tgdataset_conspiracy_list
ChicagoReporter,1488443509,US news,True,3,tgdataset_conspiracy_list
ClintEastwoodReal,1340956717,US news,True,3,tgdataset_conspiracy_list
DemocratsNews,1231373396,US news,True,3,tgdataset_conspiracy_list
DepartmentOfDefence,1232401093,US news,True,3,tgdataset_conspiracy_list
DianaFSpencer,1335404040,US news,True,3,tgdataset_conspiracy_list
DigitalExodus,1243046900,US news,True,3,tgdataset_conspiracy_list
DigitalSupersoldier,1477204083,US news,True,3,tgdataset_conspiracy_list
DonaldTrumpJrInfo,1486325736,US news,True,3,tgdataset_conspiracy_list
DrainTheSwampNews,1321909590,US news,True,3,tgdataset_conspiracy_list
DTrumpt,1467553986,US news,True,3,tgdataset_conspiracy_list
EdwardSnwdn,1579161417,US news,True,3,tgdataset_conspiracy_list
ElectricNewsChannel,1380332721,US news,True,3,tgdataset_conspiracy_list
ElonMuskInfo,1532914074,US news,True,3,tgdataset_conspiracy_list
EnglandFirst,1457271656,US news,True,3,tgdataset_conspiracy_list
EricClaptons,1519092394,US news,True,3,tgdataset_conspiracy_list
EvaHermanNachrichten,1154689322,US news,True,3,tgdataset_conspiracy_list
EvaVlaardingerbroek,1776706282,US news,True,3,tgdataset_conspiracy_list
FirstFlushNews,1208971990,US news,True,3,tgdataset_conspiracy_list
FloridaDaily,1184705910,US news,True,3,tgdataset_conspiracy_list
FrancescoDeGregori,1460863131,US news,True,3,tgdataset_conspiracy_list
FranceToday,1439127441,US news,True,3,tgdataset_conspiracy_list
FuckNaturalimmunityDenier,1773218676,US news,True,3,tgdataset_conspiracy_list
GaiasKinder,1367961220,US news,True,3,tgdataset_conspiracy_list
Genapostle,1179964408,US news,True,3,tgdataset_conspiracy_list
GeneralFlynnInfo,1421108458,US news,True,3,tgdataset_conspiracy_list
GeorgiaTribune,1221008617,US news,True,3,tgdataset_conspiracy_list
GerhardSchroder,1343537775,US news,True,3,tgdataset_conspiracy_list
GodWinsOfficial,1216131889,US news,True,3,tgdataset_conspiracy_list
Govapostle,1151585245,US news,True,3,tgdataset_conspiracy_list
GovRon,1646760828,US news,True,3,tgdataset_conspiracy_list
GreatAwakeningChannel,1493291081,US news,True,3,tgdataset_conspiracy_list
GreatAwakeningDe,1422343221,US news,True,3,tgdataset_conspiracy_list
GreatAwakeningFrance,1190461302,US news,True,3,tgdataset_conspiracy_list
GreatAwakeningItalia,1361740061,US news,True,3,tgdataset_conspiracy_list
GreatAwakeningOfficial,1230442614,US news,True,3,tgdataset_conspiracy_list
GreatAwakeningUK,1218448464,US news,True,3,tgdataset_conspiracy_list
GreatAwakeningUS,1454816244,US news,True,3,tgdataset_conspiracy_list
GreatCoronaCoup,1407623625,US news,True,3,tgdataset_conspiracy_list
GreaterMAGA,1197879088,US news,True,3,tgdataset_conspiracy_list
GreatMarch,1223585300,US news,True,3,tgdataset_conspiracy_list
GreatUnmatrix,1323194217,US news,True,3,tgdataset_conspiracy_list
GregorGysi,1253794545,US news,True,3,tgdataset_conspiracy_list
Hardhauer,1352200753,US news,True,3,tgdataset_conspiracy_list
HereIsQ,1228780906,US news,True,3,tgdataset_conspiracy_list
HereJoeM,1311957508,US news,True,3,tgdataset_conspiracy_list
HistoryFeed,1234393139,US news,True,3,tgdataset_conspiracy_list
HopeNotFear,1321695674,US news,True,3,tgdataset_conspiracy_list
HuanOsa,1496318488,US news,True,3,tgdataset_conspiracy_list
IndiaTVN,1466180915,US news,True,3,tgdataset_conspiracy_list
IranAT,1286224154,US news,True,3,tgdataset_conspiracy_list
IrlandDaily,1496771986,US news,True,3,tgdataset_conspiracy_list
JapanAwakening,1199281120,US news,True,3,tgdataset_conspiracy_list
JCMiller,1432820298,US news,True,3,tgdataset_conspiracy_list
JeffBridgemaker,1618557062,US news,True,3,tgdataset_conspiracy_list
JesusAmerica,1176633798,US news,True,3,tgdataset_conspiracy_list
JoeBidenDaily,1407364366,US news,True,3,tgdataset_conspiracy_list
JohnFKennedyJr,1426082961,US news,True,3,tgdataset_conspiracy_list
JonVoightReal,1224553147,US news,True,3,tgdataset_conspiracy_list
JuAssange,1570783961,US news,True,3,tgdataset_conspiracy_list
KanyeOW,1296893170,US news,True,3,tgdataset_conspiracy_list
KeanuReevesReal,1380284892,US news,True,3,tgdataset_conspiracy_list
KoreaAwaken,1337183608,US news,True,3,tgdataset_conspiracy_list
LibertyOnlineNews,1491342628,US news,True,3,tgdataset_conspiracy_list
LiverpoolTimes,1335746275,US news,True,3,tgdataset_conspiracy_list
LLWoodChannel,1362828115,US news,True,3,tgdataset_conspiracy_list
LondonPost,1370932092,US news,True,3,tgdataset_conspiracy_list
LosAngelesPost,1230303566,US news,True,3,tgdataset_conspiracy_list
LoveNotVaccines,1504784360,US news,True,3,tgdataset_conspiracy_list
MakePeopleFreeAgain,1788784877,US news,True,3,tgdataset_conspiracy_list
MassimoGaravaglia,1495856197,US news,True,3,tgdataset_conspiracy_list
MaurizioCattelan,1165294845,US news,True,3,tgdataset_conspiracy_list
MelGibsonReal,1302834936,US news,True,3,tgdataset_conspiracy_list
memepow,1260233653,US news,True,3,tgdataset_conspiracy_list
MichaelJacksonAlive,1492749012,US news,True,3,tgdataset_conspiracy_list
MichaelWendlerNews,1267146193,US news,True,3,tgdataset_conspiracy_list
MikeJLindell,1154227479,US news,True,3,tgdataset_conspiracy_list
MikePenceInfo,1181587153,US news,True,3,tgdataset_conspiracy_list
NesaraGesaraInfo,1385560963,US news,True,3,tgdataset_conspiracy_list
NibiruInfo,1498660836,US news,True,3,tgdataset_conspiracy_list
NicolaTeslaNews,1160572206,US news,True,3,tgdataset_conspiracy_list
NostradamusInfo,1264767418,US news,True,3,tgdataset_conspiracy_list
NovakDjoko,1632849858,US news,True,3,tgdataset_conspiracy_list
ObamaGateTruth,1467066582,US news,True,3,tgdataset_conspiracy_list
OfficialAnonymous,1476087987,US news,True,3,tgdataset_conspiracy_list
OfficialSatoshi,1323653137,US news,True,3,tgdataset_conspiracy_list
OfficialTimes,1266753937,US news,True,3,tgdataset_conspiracy_list
OhioDaily,1315856681,US news,True,3,tgdataset_conspiracy_list
OklahomaNews,1325372115,US news,True,3,tgdataset_conspiracy_list
PatriotPartyUS,1238694982,US news,True,3,tgdataset_conspiracy_list
PatriotsRepublicNews,1204135756,US news,True,3,tgdataset_conspiracy_list
People4Freedom,1393635062,US news,True,3,tgdataset_conspiracy_list
PierreTati,1408766118,US news,True,3,tgdataset_conspiracy_list
QAnonCentral,1166088338,US news,True,3,tgdataset_conspiracy_list
QAnonDEU,1217710953,US news,True,3,tgdataset_conspiracy_list
QAnonItaliano,1223946758,US news,True,3,tgdataset_conspiracy_list
QAnonMessiah,1514752514,US news,True,3,tgdataset_conspiracy_list
QAnonPeople,1237833060,US news,True,3,tgdataset_conspiracy_list
QAnonStormBase,1195901626,US news,True,3,tgdataset_conspiracy_list
QDonaldJTrump,1300222229,US news,True,3,tgdataset_conspiracy_list
QdropsFeed,1149544865,US news,True,3,tgdataset_conspiracy_list
QShaman,1448102539,US news,True,3,tgdataset_conspiracy_list
qspeaking,1393121192,US news,True,3,tgdataset_conspiracy_list
QuantityNews,1529258280,US news,True,3,tgdataset_conspiracy_list
Querdenker24,1135024441,US news,True,3,tgdataset_conspiracy_list
quotationnation,1191673380,US news,True,3,tgdataset_conspiracy_list
RealJoshHawley,1258313992,US news,True,3,tgdataset_conspiracy_list
RealMikePompeo,1270127441,US news,True,3,tgdataset_conspiracy_list
RealRonDeSantis,1186678754,US news,True,3,tgdataset_conspiracy_list
RealSteveBannon,1207633990,US news,True,3,tgdataset_conspiracy_list
RepublicanToday,1457158321,US news,True,3,tgdataset_conspiracy_list
RGiuliani,1390498282,US news,True,3,tgdataset_conspiracy_list
RisveglioItaliano,1369199894,US news,True,3,tgdataset_conspiracy_list
RonWatkinss,1366803185,US news,True,3,tgdataset_conspiracy_list
RowanAtkin,1460620427,US news,True,3,tgdataset_conspiracy_list
RussiaRA,1381999699,US news,True,3,tgdataset_conspiracy_list
SabmykAwakening,1383773284,US news,True,3,tgdataset_conspiracy_list
SatanicArt,1176880888,US news,True,3,tgdataset_conspiracy_list
ScotlandFirst,1375609806,US news,True,3,tgdataset_conspiracy_list
Shawunuwaz,1221625398,US news,True,3,tgdataset_conspiracy_list
SideyPowellAcount,1346243157,US news,True,3,tgdataset_conspiracy_list
SpaceForceNews,1173114609,US news,True,3,tgdataset_conspiracy_list
StarseedChildren,1171930401,US news,True,3,tgdataset_conspiracy_list
supernarrativ,1151473843,US news,True,3,tgdataset_conspiracy_list
TheAmericanProphet,1155637672,US news,True,3,tgdataset_conspiracy_list
TheAntiguardian,1422512576,US news,True,3,tgdataset_conspiracy_list
TheBritishNews,1303530488,US news,True,3,tgdataset_conspiracy_list
TheEuropeNews,1466056636,US news,True,3,tgdataset_conspiracy_list
TheGhostEzra,1447582094,US news,True,3,tgdataset_conspiracy_list
TheGreatAwakening2,1358923616,US news,True,3,tgdataset_conspiracy_list
TheGreatAwakenings,1467950709,US news,True,3,tgdataset_conspiracy_list
TheGreatMarch,1484273466,US news,True,3,tgdataset_conspiracy_list
TheGreatUnmatrix,1206325310,US news,True,3,tgdataset_conspiracy_list
TheMedicalFreedom,1647143572,US news,True,3,tgdataset_conspiracy_list
TheNewsweek,1358714361,US news,True,3,tgdataset_conspiracy_list
TheRealAwakening,1340214082,US news,True,3,tgdataset_conspiracy_list
TheRevolutionNOW,1701555011,US news,True,3,tgdataset_conspiracy_list
TheSummerOfResistance,1378594542,US news,True,3,tgdataset_conspiracy_list
TheTrumpists,1491943863,US news,True,3,tgdataset_conspiracy_list
TimesOfChina,1283532745,US news,True,3,tgdataset_conspiracy_list
TomBradyReal,1440801049,US news,True,3,tgdataset_conspiracy_list
TOSullivan,1337470749,US news,True,3,tgdataset_conspiracy_list
TuckerCarlsonNews,1403866025,US news,True,3,tgdataset_conspiracy_list
UfoOfficial,1421434447,US news,True,3,tgdataset_conspiracy_list
UniteNotDivide,1194083615,US news,True,3,tgdataset_conspiracy_list
UnsplitSoul,1365542123,US news,True,3,tgdataset_conspiracy_list
UnsplitSouls,1410791343,US news,True,3,tgdataset_conspiracy_list
UnvaccinatedWelcome,1562258004,US news,True,3,tgdataset_conspiracy_list
USmarinesChannel,1466731211,US news,True,3,tgdataset_conspiracy_list
USmilitaryVoice,1154131355,US news,True,3,tgdataset_conspiracy_list
USnavyChannel,1264167396,US news,True,3,tgdataset_conspiracy_list
USPatriots,1154525863,US news,True,3,tgdataset_conspiracy_list
VaxFr,1568221393,US news,True,3,tgdataset_conspiracy_list
WeAreTheFaithful,1444644332,US news,True,3,tgdataset_conspiracy_list
WikiOfficial,1299461938,US news,True,3,tgdataset_conspiracy_list
WolfgangThierse,1156118630,US news,True,3,tgdataset_conspiracy_list
WorldAwaken,1284034051,US news,True,3,tgdataset_conspiracy_list
WWG1WGAhere,1486985550,US news,True,3,tgdataset_conspiracy_list
YellowstoneWolf,1298735255,US news,True,3,tgdataset_conspiracy_list
Absolute1776,1399513230,US news,False,3,tgdataset_conspiracy_list
absolute17q,1332584478,US news,False,3,tgdataset_conspiracy_list
AccesstoAngels444,1257738078,US news,False,3,tgdataset_conspiracy_list
Activemancstreamz,1473403192,World news,False,3,tgdataset_conspiracy_list
ActivistPost,1288615773,US news,False,3,tgdataset_conspiracy_list
acTVism,1288601228,US news,False,3,tgdataset_conspiracy_list
AdnansArchives,1324537033,World news,False,3,tgdataset_conspiracy_list
AdrenochromeHumanTrafficking,1535346145,US news,False,3,tgdataset_conspiracy_list
AdvancedMedicine,1272327119,US news,False,3,tgdataset_conspiracy_list
AfrikanerBoerOriginal,1319179298,World news,False,3,tgdataset_conspiracy_list
AFUpdates,1102928828,US news,False,3,tgdataset_conspiracy_list
AGENT_A1,1471556598,US news,False,3,tgdataset_conspiracy_list
agitatedman,1435523613,US news,False,3,tgdataset_conspiracy_list
ahab88,1391544796,US news,False,3,tgdataset_conspiracy_list
AIM_America,1307538837,US news,False,3,tgdataset_conspiracy_list
AkhandBharath,1390812954,World news,False,3,tgdataset_conspiracy_list
alaraofsiriuschannel,1422207066,US news,False,3,tgdataset_conspiracy_list
alertajudiada,1123084340,World news,False,3,tgdataset_conspiracy_list
AlexanderQPatriot,1342769950,US news,False,3,tgdataset_conspiracy_list
alexicusbloomicus,1413569842,US news,False,3,tgdataset_conspiracy_list
AlexJonesChannel,1332030398,US news,False,3,tgdataset_conspiracy_list
alialexander,1172275438,US news,False,3,tgdataset_conspiracy_list
alicedownrabbithole,1482727717,US news,False,3,tgdataset_conspiracy_list
AliceInWonerland,1303958899,US news,False,3,tgdataset_conspiracy_list
aligoingholistic,1470654046,US news,False,3,tgdataset_conspiracy_list
alistairwilliams,1330821669,US news,False,3,tgdataset_conspiracy_list
AllAnonPI,1233161481,US news,False,3,tgdataset_conspiracy_list
alleyesonislam,1495923433,World news,False,3,tgdataset_conspiracy_list
AllisNotWhatitSeems,1156515429,US news,False,3,tgdataset_conspiracy_list
ALoneRaccoon,1571325873,US news,False,3,tgdataset_conspiracy_list
alproudboys,1188509795,US news,False,3,tgdataset_conspiracy_list
AlSangmoore,1430852273,US news,False,3,tgdataset_conspiracy_list
alteredegos,1277529225,US news,False,3,tgdataset_conspiracy_list
AlternativeNewsStream,1318069572,US news,False,3,tgdataset_conspiracy_list
ALXTheLord,1273487030,US news,False,3,tgdataset_conspiracy_list
amandaensing,1466741447,US news,False,3,tgdataset_conspiracy_list
AmAr0719,1132700244,World news,False,3,tgdataset_conspiracy_list
Amazing_Polly,1279733198,US news,False,3,tgdataset_conspiracy_list
AmazingPollyOriginal,1360037740,US news,False,3,tgdataset_conspiracy_list
america_news_channel,1227111274,US news,False,3,tgdataset_conspiracy_list
AmericaAwakes,1435145938,US news,False,3,tgdataset_conspiracy_list
Americabroadcasts,1402079171,US news,False,3,tgdataset_conspiracy_list
American_Patriot_Reality_Check,1742233269,US news,False,3,tgdataset_conspiracy_list
AmericanAscent,1297588130,US news,False,3,tgdataset_conspiracy_list
AmericanBeauty17,1523361238,US news,False,3,tgdataset_conspiracy_list
americancrusade,1200364697,US news,False,3,tgdataset_conspiracy_list
AmericanMilitiaFreedomForces,1243789903,US news,False,3,tgdataset_conspiracy_list
AmericanPat01,1271986070,US news,False,3,tgdataset_conspiracy_list
AmericanProphetChannel,1488789587,US news,False,3,tgdataset_conspiracy_list
AmericanStrong1776,1464487784,US news,False,3,tgdataset_conspiracy_list
AmericanUP,1468870225,US news,False,3,tgdataset_conspiracy_list
AmericanWarrior2,1211116102,US news,False,3,tgdataset_conspiracy_list
americaproject,1562104544,US news,False,3,tgdataset_conspiracy_list
AmericasAuditForce,1504714141,US news,False,3,tgdataset_conspiracy_list
AmericasVoiceOutsideMedia,1229245866,US news,False,3,tgdataset_conspiracy_list
AmericaUpdates,1381268300,World news,False,3,tgdataset_conspiracy_list
americawoke,1391010640,World news,False,3,tgdataset_conspiracy_list
ampop,1297785463,US news,False,3,tgdataset_conspiracy_list
AmThoughtLeader,1261662782,US news,False,3,tgdataset_conspiracy_list
amymareethatwouldbeme,1308214548,US news,False,3,tgdataset_conspiracy_list
AnarchoMemes,1117535856,World news,False,3,tgdataset_conspiracy_list
anarcorpinternational,1391783064,US news,False,3,tgdataset_conspiracy_list
ancreport,1338273509,US news,False,3,tgdataset_conspiracy_list
andibond17,1163926059,US news,False,3,tgdataset_conspiracy_list
Andy_Ngo,1409521802,US news,False,3,tgdataset_conspiracy_list
AndySaxon78,1413938031,World news,False,3,tgdataset_conspiracy_list
AngelaEstep,1202750522,US news,False,3,tgdataset_conspiracy_list
AngelChristinePatriot,1224931139,US news,False,3,tgdataset_conspiracy_list
ANGELICHUMANS,1174125612,US news,False,3,tgdataset_conspiracy_list
AngelResQue,1412370831,US news,False,3,tgdataset_conspiracy_list
AnnaKhaitChannel,1442696526,US news,False,3,tgdataset_conspiracy_list
AnnieQuePorterUpdates,1296008934,US news,False,3,tgdataset_conspiracy_list
Anon_31,1295518232,US news,False,3,tgdataset_conspiracy_list
anonawol,1193442412,US news,False,3,tgdataset_conspiracy_list
anonbible,1129554271,US news,False,3,tgdataset_conspiracy_list
anonbunker,1163461712,World news,False,3,tgdataset_conspiracy_list
AnonEngland,1439718598,US news,False,3,tgdataset_conspiracy_list
anonghostinfo,1087457556,World news,False,3,tgdataset_conspiracy_list
anonpatriotq76,1307108152,US news,False,3,tgdataset_conspiracy_list
AntiPlumbers,1153213611,US news,False,3,tgdataset_conspiracy_list
antoinettekalaj17,1246083581,US news,False,3,tgdataset_conspiracy_list
APatriotsTruth,1421211793,US news,False,3,tgdataset_conspiracy_list
appledailyhk26,1518876965,World news,False,3,tgdataset_conspiracy_list
Aq701,1444443883,World news,False,3,tgdataset_conspiracy_list
aquariussoldier,1282558052,US news,False,3,tgdataset_conspiracy_list
ArchBonnema,1458266592,US news,False,3,tgdataset_conspiracy_list
ArchiesBunker,1235488510,US news,False,3,tgdataset_conspiracy_list
areveur51,1111715476,US news,False,3,tgdataset_conspiracy_list
areyouawake1,1487992005,US news,False,3,tgdataset_conspiracy_list
ArizonaAuditForce,1170084097,US news,False,3,tgdataset_conspiracy_list
ArizonaAuditLiveFeeds,1475513236,US news,False,3,tgdataset_conspiracy_list
ArizonaConservatives,1425704944,US news,False,3,tgdataset_conspiracy_list
ArizonaRedRoots,1391409918,US news,False,3,tgdataset_conspiracy_list
ArkansasGroyper1,1352355737,US news,False,3,tgdataset_conspiracy_list
Arkmidnight,1366767158,US news,False,3,tgdataset_conspiracy_list
ArmyOfFrogs17,1265203805,US news,False,3,tgdataset_conspiracy_list
ArrestsIndictmentsJustice,1212307538,US news,False,3,tgdataset_conspiracy_list
artsakheng,1457650346,World news,False,3,tgdataset_conspiracy_list
AscendingTheSpectrum,1181818570,US news,False,3,tgdataset_conspiracy_list
ashleasimonnews,1399901142,World news,False,3,tgdataset_conspiracy_list
AshTruthBrew,1282754360,US news,False,3,tgdataset_conspiracy_list
asleepnomore,1334573377,US news,False,3,tgdataset_conspiracy_list
atmashanti,1345729145,US news,False,3,tgdataset_conspiracy_list
AtomFront,1249052211,US news,False,3,tgdataset_conspiracy_list
AttorneySidneyP0well,1236923035,US news,False,3,tgdataset_conspiracy_list
auditthevotepa,1200935534,US news,False,3,tgdataset_conspiracy_list
AuditWINews,1252412179,US news,False,3,tgdataset_conspiracy_list
auraxchan,1396163912,World news,False,3,tgdataset_conspiracy_list
aussie_aramean,1629375133,US news,False,3,tgdataset_conspiracy_list
AussieCossack,1403720833,World news,False,3,tgdataset_conspiracy_list
aussiesurvival,1152393345,World news,False,3,tgdataset_conspiracy_list
Australia99news,1768268883,US news,False,3,tgdataset_conspiracy_list
AustraliaFirst,1325816330,World news,False,3,tgdataset_conspiracy_list
Australian_Resistance,1517403877,US news,False,3,tgdataset_conspiracy_list
autismobalkan,1271831673,World news,False,3,tgdataset_conspiracy_list
autistnewsfornormies,1459653371,US news,False,3,tgdataset_conspiracy_list
Aw8keNotWoke,1371583903,US news,False,3,tgdataset_conspiracy_list
AwakeInformed,1449707158,US news,False,3,tgdataset_conspiracy_list
Awaken2,1386816711,World news,False,3,tgdataset_conspiracy_list
Awakened44,1489503116,US news,False,3,tgdataset_conspiracy_list
AwakenedPatriotsUSA,1277206199,US news,False,3,tgdataset_conspiracy_list
awakeningdaily,1415794608,US news,False,3,tgdataset_conspiracy_list
AwokenRepLady,1197517319,US news,False,3,tgdataset_conspiracy_list
axisoftheresistance,1468872541,World news,False,3,tgdataset_conspiracy_list
AzazelNews,1417164314,World news,False,3,tgdataset_conspiracy_list
azinformer,1393306282,US news,False,3,tgdataset_conspiracy_list
b_info_audio,1335385164,US news,False,3,tgdataset_conspiracy_list
babyqplus,1265981114,US news,False,3,tgdataset_conspiracy_list
BandRMemes,1434773924,US news,False,3,tgdataset_conspiracy_list
BANNEDdotVIDEO,1211204702,US news,False,3,tgdataset_conspiracy_list
bannedforlife,1460408339,US news,False,3,tgdataset_conspiracy_list
BannedInTheUSA,1362314254,US news,False,3,tgdataset_conspiracy_list
bannedvid,1112293130,US news,False,3,tgdataset_conspiracy_list
Banners4Freedom,1688888932,US news,False,3,tgdataset_conspiracy_list
bannonswarroom,1402428745,US news,False,3,tgdataset_conspiracy_list
BannonWarRoom,1211378130,US news,False,3,tgdataset_conspiracy_list
BANTIFA,1167039220,US news,False,3,tgdataset_conspiracy_list
Based_AmyNews,1238765661,US news,False,3,tgdataset_conspiracy_list
based_anon,1464369627,World news,False,3,tgdataset_conspiracy_list
based_news_1bm,1533218134,World news,False,3,tgdataset_conspiracy_list
based_polka,1257723421,US news,False,3,tgdataset_conspiracy_list
BasedClipboard,1258785581,US news,False,3,tgdataset_conspiracy_list
BasedPakistan,1203970208,World news,False,3,tgdataset_conspiracy_list
BasedPalpatine,1190176182,US news,False,3,tgdataset_conspiracy_list
BaselineHorizon,1610136006,US news,False,3,tgdataset_conspiracy_list
bcwyf,1549805579,US news,False,3,tgdataset_conspiracy_list
Beer_Parade,1430456208,US news,False,3,tgdataset_conspiracy_list
behizy,1407356475,US news,False,3,tgdataset_conspiracy_list
beholdisraelchannel,1361890342,World news,False,3,tgdataset_conspiracy_list
beInformedpage,1434840369,US news,False,3,tgdataset_conspiracy_list
BellumActa,1113491634,World news,False,3,tgdataset_conspiracy_list
BellumActaNews,1161666782,World news,False,3,tgdataset_conspiracy_list
Ben_Oni_Q,1298633990,US news,False,3,tgdataset_conspiracy_list
benjaminnorton,1353914108,World news,False,3,tgdataset_conspiracy_list
BennyJohnson,1464373947,US news,False,3,tgdataset_conspiracy_list
BenShapiroGang,1469367369,US news,False,3,tgdataset_conspiracy_list
BernardSanders,1352473926,US news,False,3,tgdataset_conspiracy_list
BestOf4chan,1190318984,US news,False,3,tgdataset_conspiracy_list
bestofconsphole,1417154849,US news,False,3,tgdataset_conspiracy_list
betsyrossdigitalflagnews,1422491745,US news,False,3,tgdataset_conspiracy_list
beyondtherubicon,1287942874,US news,False,3,tgdataset_conspiracy_list
biasnews,1173706313,US news,False,3,tgdataset_conspiracy_list
biblicaltransition,1216623077,US news,False,3,tgdataset_conspiracy_list
BidenCrimeFamily,1414459602,US news,False,3,tgdataset_conspiracy_list
bidenhistime,1127847374,US news,False,3,tgdataset_conspiracy_list
bidenmemes2,1310228962,US news,False,3,tgdataset_conspiracy_list
BidenMoments,1377947473,US news,False,3,tgdataset_conspiracy_list
BidenSucksBalls,1426197400,US news,False,3,tgdataset_conspiracy_list
BigDaddysLightWarrior,1367624577,US news,False,3,tgdataset_conspiracy_list
billmitchell,1401783323,US news,False,3,tgdataset_conspiracy_list
BinsTruthSeekers,1278070362,US news,False,3,tgdataset_conspiracy_list
bioclandestine,1703373052,US news,False,3,tgdataset_conspiracy_list
BiowaffeSarsCov2,1516781440,US news,False,3,tgdataset_conspiracy_list
BirdClanMessenger,1387702893,US news,False,3,tgdataset_conspiracy_list
BitChute,1179404916,US news,False,3,tgdataset_conspiracy_list
BitchuteC,1367715360,US news,False,3,tgdataset_conspiracy_list
blackballed,1201967274,US news,False,3,tgdataset_conspiracy_list
BlackLivesSplatter,1388584145,US news,False,3,tgdataset_conspiracy_list
BlankeSuidAfrikaners,1400495921,World news,False,3,tgdataset_conspiracy_list
Blessed2Teach,1226077970,US news,False,3,tgdataset_conspiracy_list
BLMProtests,1477630864,US news,False,3,tgdataset_conspiracy_list
Blue_Eyes_88,1511338131,US news,False,3,tgdataset_conspiracy_list
bluecatthoughts,1399253638,US news,False,3,tgdataset_conspiracy_list
BlueSkyReportTelegram,1297751069,US news,False,3,tgdataset_conspiracy_list
bobbylawrence_1776,1326817170,US news,False,3,tgdataset_conspiracy_list
bobbypiton,1419037956,US news,False,3,tgdataset_conspiracy_list
BoldSpearElmerFudd,1455473725,US news,False,3,tgdataset_conspiracy_list
bonbiwaffen,1173642903,World news,False,3,tgdataset_conspiracy_list
bonbiwaffen3,1205880778,World news,False,3,tgdataset_conspiracy_list
bonbiwaffenmusic,1208814897,World news,False,3,tgdataset_conspiracy_list
bondsforthewin,1730114792,US news,False,3,tgdataset_conspiracy_list
Bonkore,1223534035,US news,False,3,tgdataset_conspiracy_list
BonnieNDavid,1353239115,US news,False,3,tgdataset_conspiracy_list
BoomersIRL,1170721057,US news,False,3,tgdataset_conspiracy_list
boondocksainted76,1183623630,US news,False,3,tgdataset_conspiracy_list
bootlegmediachat,1292440939,US news,False,3,tgdataset_conspiracy_list
BORDERWARSAZ,1486663797,US news,False,3,tgdataset_conspiracy_list
BoycottTurkeyOrg,1429500518,World news,False,3,tgdataset_conspiracy_list
BQQMROOM,1423740906,US news,False,3,tgdataset_conspiracy_list
Brandenburg4MI,1328912314,US news,False,3,tgdataset_conspiracy_list
BraveTVChannel,1237565048,US news,False,3,tgdataset_conspiracy_list
Braving_The_Storm,1439708554,US news,False,3,tgdataset_conspiracy_list
BrazilianInsurgencyComrades,1478600882,World news,False,3,tgdataset_conspiracy_list
brconnection,1321593888,World news,False,3,tgdataset_conspiracy_list
breadlinks,1362508599,World news,False,3,tgdataset_conspiracy_list
breaking_news_911,1459825678,US news,False,3,tgdataset_conspiracy_list
Breaking_News_Uncensored,1501070480,World news,False,3,tgdataset_conspiracy_list
breakingUS,1196341855,US news,False,3,tgdataset_conspiracy_list
BreFuechsel,1244968962,US news,False,3,tgdataset_conspiracy_list
brendon_tarrant,1318696746,World news,False,3,tgdataset_conspiracy_list
brendonoconnell,1278922561,US news,False,3,tgdataset_conspiracy_list
BrentCatesTHUNDERDOME,1204308318,US news,False,3,tgdataset_conspiracy_list
Brian_Skroski_AnonNews,1248561441,US news,False,3,tgdataset_conspiracy_list
brienjames,1100325392,US news,False,3,tgdataset_conspiracy_list
BrightEyesBrant,1706565128,US news,False,3,tgdataset_conspiracy_list
BritainFirst,1440870040,World news,False,3,tgdataset_conspiracy_list
BritainNow,1434058186,World news,False,3,tgdataset_conspiracy_list
BritishNationalParty,1357910053,World news,False,3,tgdataset_conspiracy_list
brittanysellner,1305996195,US news,False,3,tgdataset_conspiracy_list
BrittRepublican,1273771484,US news,False,3,tgdataset_conspiracy_list
bronzeagemantis,1238193605,US news,False,3,tgdataset_conspiracy_list
BrotherStreetJoy,1413980537,US news,False,3,tgdataset_conspiracy_list
brunobarks,1281584440,US news,False,3,tgdataset_conspiracy_list
Brutus_The_Insane,1165018147,US news,False,3,tgdataset_conspiracy_list
buckleupnow,1317169957,US news,False,3,tgdataset_conspiracy_list
BudgiePestControl,1467846806,US news,False,3,tgdataset_conspiracy_list
bunintended,1189817922,US news,False,3,tgdataset_conspiracy_list
BureauReporter,1382000256,World news,False,3,tgdataset_conspiracy_list
Burgess4Utah,1358089567,US news,False,3,tgdataset_conspiracy_list
businessoftruth,1372214610,US news,False,3,tgdataset_conspiracy_list
businews,1113928068,World news,False,3,tgdataset_conspiracy_list
Caesars_Legion,1356129984,US news,False,3,tgdataset_conspiracy_list
CalgaryFreedomCentral,1313413308,US news,False,3,tgdataset_conspiracy_list
Canada1st,1429540855,US news,False,3,tgdataset_conspiracy_list
CanadaFirstOfficial,1368664616,US news,False,3,tgdataset_conspiracy_list
Canadian_Nationalist_Front,1376837828,US news,False,3,tgdataset_conspiracy_list
canadian_nationalist_party,1476096156,US news,False,3,tgdataset_conspiracy_list
CanadianAmericanAlliance,1210034452,US news,False,3,tgdataset_conspiracy_list
CanadianBeav,1222132422,US news,False,3,tgdataset_conspiracy_list
CanaryintheCoalMine,1578001951,US news,False,3,tgdataset_conspiracy_list
CandaceOnFire,1283286173,US news,False,3,tgdataset_conspiracy_list
CandaceOwensChannel,1450201376,US news,False,3,tgdataset_conspiracy_list
candidlyqurious7,1384739972,US news,False,3,tgdataset_conspiracy_list
CandlesInTheNight,1301651802,US news,False,3,tgdataset_conspiracy_list
Canis_Channel,1420467826,US news,False,3,tgdataset_conspiracy_list
CannCon,1366741223,US news,False,3,tgdataset_conspiracy_list
capefearproudboys,1581801430,US news,False,3,tgdataset_conspiracy_list
captainflyerlog,1237159400,US news,False,3,tgdataset_conspiracy_list
CaptRick1974,1247572172,US news,False,3,tgdataset_conspiracy_list
carolineglick,1242418209,World news,False,3,tgdataset_conspiracy_list
CAT_chats,1570392186,US news,False,3,tgdataset_conspiracy_list
Cat_The_Great,1718565703,US news,False,3,tgdataset_conspiracy_list
catteryshare,1128632011,World news,False,3,tgdataset_conspiracy_list
CatturdFan,1447597072,US news,False,3,tgdataset_conspiracy_list
cavetrollhaven,1206928843,US news,False,3,tgdataset_conspiracy_list
CBTheory,1476556367,US news,False,3,tgdataset_conspiracy_list
cdellypatriot,1227049782,US news,False,3,tgdataset_conspiracy_list
Central_5DN1L_HK,1168866757,World news,False,3,tgdataset_conspiracy_list
CharlieKirk,1412053777,US news,False,3,tgdataset_conspiracy_list
CharlieWard,1195682143,US news,False,3,tgdataset_conspiracy_list
chasematthewschannel,1490979480,US news,False,3,tgdataset_conspiracy_list
CHAZIKSTAN,1169216418,US news,False,3,tgdataset_conspiracy_list
ChessMoves,1590464340,US news,False,3,tgdataset_conspiracy_list
chicagofamily,1163628749,US news,False,3,tgdataset_conspiracy_list
chieftrumpster,1284430657,US news,False,3,tgdataset_conspiracy_list
ChinaNews_USRC,1313149300,World news,False,3,tgdataset_conspiracy_list
ChineseSocialism,1272678222,World news,False,3,tgdataset_conspiracy_list
chongaldxrump,1155334520,US news,False,3,tgdataset_conspiracy_list
ChrisDoyle,1333704675,World news,False,3,tgdataset_conspiracy_list
chrisnelsonuncensored,1440757305,US news,False,3,tgdataset_conspiracy_list
ChristianPatriotNews,1230318030,US news,False,3,tgdataset_conspiracy_list
Christiantactics,1104141713,US news,False,3,tgdataset_conspiracy_list
christiantactics2,1746431830,World news,False,3,tgdataset_conspiracy_list
CIG_telegram,1458480018,World news,False,3,tgdataset_conspiracy_list
cioccolanti,1409891629,US news,False,3,tgdataset_conspiracy_list
cirstenw,1346843277,US news,False,3,tgdataset_conspiracy_list
citizenfreepress,1322286476,US news,False,3,tgdataset_conspiracy_list
cjtruth316,1199364163,US news,False,3,tgdataset_conspiracy_list
ClintonFoundation,1080362106,World news,False,3,tgdataset_conspiracy_list
coded_to,1418725174,US news,False,3,tgdataset_conspiracy_list
CodeMonkeyZ,1423746290,US news,False,3,tgdataset_conspiracy_list
codikag2021,1206731745,US news,False,3,tgdataset_conspiracy_list
CognitiveCarbonPublic,1331507956,US news,False,3,tgdataset_conspiracy_list
coleforsc,1224264567,US news,False,3,tgdataset_conspiracy_list
ColumbusProudBoys,1565162683,US news,False,3,tgdataset_conspiracy_list
combathistory,1462247021,World news,False,3,tgdataset_conspiracy_list
COMEDIANDAVEMARTIN,1173758077,US news,False,3,tgdataset_conspiracy_list
ComeQutBetter,1303234261,US news,False,3,tgdataset_conspiracy_list
commonsenseUSA1,1396974285,US news,False,3,tgdataset_conspiracy_list
communismkills,1252204275,US news,False,3,tgdataset_conspiracy_list
Condor_Legion,1350771570,US news,False,3,tgdataset_conspiracy_list
Confederate1861,1628445938,US news,False,3,tgdataset_conspiracy_list
ConnectingDotsChannel,1311713270,US news,False,3,tgdataset_conspiracy_list
ConnectingUsALL,1191742599,US news,False,3,tgdataset_conspiracy_list
conpermiso,1234879611,US news,False,3,tgdataset_conspiracy_list
ConsciousNews,1415389755,US news,False,3,tgdataset_conspiracy_list
ConservativeBlogger,1455986372,US news,False,3,tgdataset_conspiracy_list
conservativechoicecampaign,1201165011,US news,False,3,tgdataset_conspiracy_list
ConservativeCrackhouse,1471932214,US news,False,3,tgdataset_conspiracy_list
ConservativeDaily,1589995016,US news,False,3,tgdataset_conspiracy_list
conservativejblQck1776,1656992334,US news,False,3,tgdataset_conspiracy_list
conservativeunderground,1354586947,US news,False,3,tgdataset_conspiracy_list
consortium_news,1494606901,US news,False,3,tgdataset_conspiracy_list
conspiracies,1001487644,US news,False,3,tgdataset_conspiracy_list
conspiracy_corner_news,1457455985,US news,False,3,tgdataset_conspiracy_list
conspnews,1359386332,US news,False,3,tgdataset_conspiracy_list
constitutional_republic12,1196922176,US news,False,3,tgdataset_conspiracy_list
constitutionalawakening,1226210398,US news,False,3,tgdataset_conspiracy_list
contextualinsurgent,1462444040,US news,False,3,tgdataset_conspiracy_list
ConventionOfStates,1398370705,US news,False,3,tgdataset_conspiracy_list
ConvoySwitzerland,1662104971,US news,False,3,tgdataset_conspiracy_list
coontowns,1163908095,US news,False,3,tgdataset_conspiracy_list
cosmic_news,1447569490,US news,False,3,tgdataset_conspiracy_list
CosmicOriginsChannel,1459761699,US news,False,3,tgdataset_conspiracy_list
coulterculture,1419054988,US news,False,3,tgdataset_conspiracy_list
countersec,1251707832,US news,False,3,tgdataset_conspiracy_list
COVID1984CANADA,1475042613,World news,False,3,tgdataset_conspiracy_list
covid19arizona,1267588876,US news,False,3,tgdataset_conspiracy_list
covidfirst,1472465047,US news,False,3,tgdataset_conspiracy_list
cpagedecodes,1504102023,US news,False,3,tgdataset_conspiracy_list
CPNRedPill,1538263084,US news,False,3,tgdataset_conspiracy_list
Cpt_Redpill,1252602549,US news,False,3,tgdataset_conspiracy_list
crayonics,1145931505,US news,False,3,tgdataset_conspiracy_list
CreativeDestructionMedia,1389301983,US news,False,3,tgdataset_conspiracy_list
CredibleSource,1403570470,US news,False,3,tgdataset_conspiracy_list
CriticalHappenstance,1193423105,World news,False,3,tgdataset_conspiracy_list
CriticalMemeTheory,1353234349,US news,False,3,tgdataset_conspiracy_list
criticalricetheory,1562915578,US news,False,3,tgdataset_conspiracy_list
Crossroads_josh,1316260134,US news,False,3,tgdataset_conspiracy_list
crosstherubicon54,1413851117,US news,False,3,tgdataset_conspiracy_list
cttAC,1382743427,World news,False,3,tgdataset_conspiracy_list
Cue_is_Qing,1270290935,US news,False,3,tgdataset_conspiracy_list
CuetheMarines,1492199042,US news,False,3,tgdataset_conspiracy_list
culttture,1435209640,US news,False,3,tgdataset_conspiracy_list
CultureOfCrime,1204890569,US news,False,3,tgdataset_conspiracy_list
Cultures_of_Resistance,1266447726,World news,False,3,tgdataset_conspiracy_list
culturewarcriminal,1232052560,US news,False,3,tgdataset_conspiracy_list
currentevents2020,1406965391,US news,False,3,tgdataset_conspiracy_list
CVINENEWS,1259417502,US news,False,3,tgdataset_conspiracy_list
CWFarr,1442587320,US news,False,3,tgdataset_conspiracy_list
cwillis191,1183798117,US news,False,3,tgdataset_conspiracy_list
CWonde,1464368568,US news,False,3,tgdataset_conspiracy_list
D2LTogether,1258836696,US news,False,3,tgdataset_conspiracy_list
D2NWO,1362100779,US news,False,3,tgdataset_conspiracy_list
DailyBriefing,1174212168,US news,False,3,tgdataset_conspiracy_list
dailyjihad,1154435679,World news,False,3,tgdataset_conspiracy_list
dailyrealtimenews,1687072719,US news,False,3,tgdataset_conspiracy_list
DakotaProudBoys,1295963900,US news,False,3,tgdataset_conspiracy_list
DaldorenGaming,1518732896,US news,False,3,tgdataset_conspiracy_list
DanCrenshaw,1274115091,US news,False,3,tgdataset_conspiracy_list
DaneanHere2,1383761175,US news,False,3,tgdataset_conspiracy_list
dangeroustimes,1387183656,US news,False,3,tgdataset_conspiracy_list
danielbostic,1287222876,US news,False,3,tgdataset_conspiracy_list
danielle_maga23,1490161322,US news,False,3,tgdataset_conspiracy_list
daniellerodenroth1,1227096583,US news,False,3,tgdataset_conspiracy_list
daniellestella2020,1230885644,US news,False,3,tgdataset_conspiracy_list
danijelsheran,1155817917,US news,False,3,tgdataset_conspiracy_list
dannytommo,1289546762,World news,False,3,tgdataset_conspiracy_list
DaRealRePUBLIC2021,1298182139,US news,False,3,tgdataset_conspiracy_list
dark2light_17,1396974302,US news,False,3,tgdataset_conspiracy_list
darkIIlight,1475225805,US news,False,3,tgdataset_conspiracy_list
DarkMatterWaffen,1466406200,US news,False,3,tgdataset_conspiracy_list
darleneswaffar,1280278804,US news,False,3,tgdataset_conspiracy_list
DarthApu,1333306303,US news,False,3,tgdataset_conspiracy_list
dasrightarchive,1434119336,US news,False,3,tgdataset_conspiracy_list
datadude316,1468910673,US news,False,3,tgdataset_conspiracy_list
daughterjudah,1477524362,US news,False,3,tgdataset_conspiracy_list
DauntlessDialogue,1422031476,US news,False,3,tgdataset_conspiracy_list
DaveJanda,1300094227,US news,False,3,tgdataset_conspiracy_list
davidknightshow,1158842348,US news,False,3,tgdataset_conspiracy_list
DBongino,1349957470,US news,False,3,tgdataset_conspiracy_list
dcblm,1294621708,US news,False,3,tgdataset_conspiracy_list
dcconservatives,1792130045,US news,False,3,tgdataset_conspiracy_list
DDDJusticeIsHere,1574655625,US news,False,3,tgdataset_conspiracy_list
deafanddumbinstitute,1250612266,US news,False,3,tgdataset_conspiracy_list
debasedvburra,1344087814,US news,False,3,tgdataset_conspiracy_list
DeclassifyTheNation,1205416588,US news,False,3,tgdataset_conspiracy_list
decqded,1498143758,US news,False,3,tgdataset_conspiracy_list
defendevropa,1126156342,World news,False,3,tgdataset_conspiracy_list
DefenseBlog,1236887441,World news,False,3,tgdataset_conspiracy_list
Defundmedia,1189888633,US news,False,3,tgdataset_conspiracy_list
deinfringe,1267749141,US news,False,3,tgdataset_conspiracy_list
DelawarePatriotsUnite,1756170051,US news,False,3,tgdataset_conspiracy_list
demacre,1154985723,US news,False,3,tgdataset_conspiracy_list
DemandFreeSpeech,1484857373,US news,False,3,tgdataset_conspiracy_list
dennisscheerman,1184908115,US news,False,3,tgdataset_conspiracy_list
deplatforming,1465569696,US news,False,3,tgdataset_conspiracy_list
DeportationMassTM,1304021033,World news,False,3,tgdataset_conspiracy_list
DerekRants,1241847514,US news,False,3,tgdataset_conspiracy_list
DerSchwarzeRitter,1375638720,US news,False,3,tgdataset_conspiracy_list
destinydelisio,1297373102,US news,False,3,tgdataset_conspiracy_list
DestroyEvilGroup,1157464351,US news,False,3,tgdataset_conspiracy_list
DevinDevasquez,1336487490,US news,False,3,tgdataset_conspiracy_list
devonpatriotschannel,1480676228,World news,False,3,tgdataset_conspiracy_list
DevonStack,1466014518,US news,False,3,tgdataset_conspiracy_list
diclosure2021,1331475719,US news,False,3,tgdataset_conspiracy_list
DieForIsraelGoy,1344732965,World news,False,3,tgdataset_conspiracy_list
dieversity,1211703188,US news,False,3,tgdataset_conspiracy_list
digital_army,1398708414,US news,False,3,tgdataset_conspiracy_list
Digital_Monkey_Business,1324614299,US news,False,3,tgdataset_conspiracy_list
DigitalAnon1701,1445506169,US news,False,3,tgdataset_conspiracy_list
DigitalGeneral,1376849027,US news,False,3,tgdataset_conspiracy_list
DigitalMarine,1189273179,US news,False,3,tgdataset_conspiracy_list
digitalmigration,1306245875,US news,False,3,tgdataset_conspiracy_list
digitalsoldiers911,1252290293,US news,False,3,tgdataset_conspiracy_list
digitalsoldiersTDR,1484802304,US news,False,3,tgdataset_conspiracy_list
DigitalSwolljerOfficial,1434489160,US news,False,3,tgdataset_conspiracy_list
DIGITALWARRIORNEWS,1166564603,US news,False,3,tgdataset_conspiracy_list
DilaraEsengilChannel,1507353494,US news,False,3,tgdataset_conspiracy_list
DineshJDSouza,1406639052,US news,False,3,tgdataset_conspiracy_list
dirt2021,1386227519,US news,False,3,tgdataset_conspiracy_list
discerningthetruth,1320371616,US news,False,3,tgdataset_conspiracy_list
disclosetvmirror,1420126832,US news,False,3,tgdataset_conspiracy_list
disclosurehub,1272372993,US news,False,3,tgdataset_conspiracy_list
DisclosureLibrary,1170161057,US news,False,3,tgdataset_conspiracy_list
DismantlingTheCabal,1383999758,US news,False,3,tgdataset_conspiracy_list
dissidentmama,1455467135,US news,False,3,tgdataset_conspiracy_list
DITRH1,1644461477,US news,False,3,tgdataset_conspiracy_list
DIU0777,1776337531,World news,False,3,tgdataset_conspiracy_list
DLoesch,1355625032,US news,False,3,tgdataset_conspiracy_list
Dman72,1302619402,US news,False,3,tgdataset_conspiracy_list
DMPatriotMusic,1747980714,US news,False,3,tgdataset_conspiracy_list
DMW_3,1527520332,US news,False,3,tgdataset_conspiracy_list
DNN1776,1175735970,US news,False,3,tgdataset_conspiracy_list
doamuslims,1002628191,World news,False,3,tgdataset_conspiracy_list
docsalla,1258524115,US news,False,3,tgdataset_conspiracy_list
DoctorQsBoomBox,1216122870,US news,False,3,tgdataset_conspiracy_list
doggosvs,1363436903,World news,False,3,tgdataset_conspiracy_list
Donald_Lincoln,1741054026,US news,False,3,tgdataset_conspiracy_list
donaldJtrump_team,1252528969,US news,False,3,tgdataset_conspiracy_list
DonaldJTrumpSupport,1462265934,US news,False,3,tgdataset_conspiracy_list
donaldQlincoln,1294427507,US news,False,3,tgdataset_conspiracy_list
DonaldQTrump,1277828946,US news,False,3,tgdataset_conspiracy_list
DonaldTrumpTrapHouse,1481869568,US news,False,3,tgdataset_conspiracy_list
DongaldTrunk,1323381886,US news,False,3,tgdataset_conspiracy_list
DontTreadOnMeTrump2020,1439327812,US news,False,3,tgdataset_conspiracy_list
DougLassMacArthur,1125651249,US news,False,3,tgdataset_conspiracy_list
DownTheRabbitHoleagain,1410209474,US news,False,3,tgdataset_conspiracy_list
dpatriots1776,1158702741,US news,False,3,tgdataset_conspiracy_list
drainingtheswamp,1284479497,US news,False,3,tgdataset_conspiracy_list
drawandstrikechannel,1264643776,US news,False,3,tgdataset_conspiracy_list
drdavidduke,1266659153,US news,False,3,tgdataset_conspiracy_list
DreamRareChat,1194085093,US news,False,3,tgdataset_conspiracy_list
DrRuthrants,1108350936,US news,False,3,tgdataset_conspiracy_list
DrScottYoung,1284549569,US news,False,3,tgdataset_conspiracy_list
Dschlopes,1202407111,US news,False,3,tgdataset_conspiracy_list
DTwizzle,1334271006,US news,False,3,tgdataset_conspiracy_list
duerstthewuerst,1235378260,US news,False,3,tgdataset_conspiracy_list
DUMBSandUnderground,1583188112,US news,False,3,tgdataset_conspiracy_list
DuncanLemp,1458105167,US news,False,3,tgdataset_conspiracy_list
DustyBogan,1236762836,US news,False,3,tgdataset_conspiracy_list
Dutch_Lioness,1308683733,US news,False,3,tgdataset_conspiracy_list
dwtruthwarrior,1352858583,US news,False,3,tgdataset_conspiracy_list
Eagle059Channel,1151006492,US news,False,3,tgdataset_conspiracy_list
EARTHQLEANINGTHUNDER2Q2Q,1271603001,US news,False,3,tgdataset_conspiracy_list
eastcoast_intel,1302100322,US news,False,3,tgdataset_conspiracy_list
eCareerConNext,1494182773,US news,False,3,tgdataset_conspiracy_list
EdgeofWonderOfficial,1489657620,US news,False,3,tgdataset_conspiracy_list
edmma_2,1343259546,World news,False,3,tgdataset_conspiracy_list
EdsUpdates,1473469321,US news,False,3,tgdataset_conspiracy_list
EdwardJeromeTaylor,1467804338,US news,False,3,tgdataset_conspiracy_list
egKWw36CZQ9iYjgx,1216362418,US news,False,3,tgdataset_conspiracy_list
ejmjensensr,1171008819,US news,False,3,tgdataset_conspiracy_list
elaineshtein121,1565446331,US news,False,3,tgdataset_conspiracy_list
EldersMatter,1409149061,US news,False,3,tgdataset_conspiracy_list
electiondataanalyzer,1502068459,US news,False,3,tgdataset_conspiracy_list
electionevidence,1179076417,US news,False,3,tgdataset_conspiracy_list
ElectionFraud20_org,1256336075,US news,False,3,tgdataset_conspiracy_list
ElectionFraudExposed,1237501986,US news,False,3,tgdataset_conspiracy_list
electionwizard,1329886149,US news,False,3,tgdataset_conspiracy_list
ELPpizzagate,1183414490,US news,False,3,tgdataset_conspiracy_list
EmergencyNewsChannel,1314868859,US news,False,3,tgdataset_conspiracy_list
emfuleni_news,1241986093,World news,False,3,tgdataset_conspiracy_list
emichaeljones,1126732129,US news,False,3,tgdataset_conspiracy_list
EmisorBelico01Wooblie,1165180351,World news,False,3,tgdataset_conspiracy_list
emma_mitchem,1239255301,US news,False,3,tgdataset_conspiracy_list
emmaajimenez,1210893763,US news,False,3,tgdataset_conspiracy_list
emmamcqwon,1279824711,US news,False,3,tgdataset_conspiracy_list
endgame777,1429771341,US news,False,3,tgdataset_conspiracy_list
ENDHUMANTRAFFICKING,1474635205,US news,False,3,tgdataset_conspiracy_list
endtimeheadlines,1290625887,World news,False,3,tgdataset_conspiracy_list
endtimesnewsministry,1388616225,World news,False,3,tgdataset_conspiracy_list
enjoytheshowchannel,1387355763,US news,False,3,tgdataset_conspiracy_list
EnkiFoxFanClub,1254697594,US news,False,3,tgdataset_conspiracy_list
EnochsNewsBlast,1178173760,US news,False,3,tgdataset_conspiracy_list
EnoughIsEnoughGBch,1153277850,World news,False,3,tgdataset_conspiracy_list
eotcmk,1123335447,US news,False,3,tgdataset_conspiracy_list
EOTSPODCAST,1183180102,US news,False,3,tgdataset_conspiracy_list
epochtimes,1157742664,US news,False,3,tgdataset_conspiracy_list
EpsteinArchive,1303640484,US news,False,3,tgdataset_conspiracy_list
ericfmoore,1210458630,US news,False,3,tgdataset_conspiracy_list
EricStrikerTRS,1464667483,US news,False,3,tgdataset_conspiracy_list
escapefromtheprisonplanet,1161771436,US news,False,3,tgdataset_conspiracy_list
esotericarchive,1471221267,US news,False,3,tgdataset_conspiracy_list
esotericorderofobrien,1183482799,US news,False,3,tgdataset_conspiracy_list
EternalMuscovite,1658077441,World news,False,3,tgdataset_conspiracy_list
EthaneNews,1107915824,World news,False,3,tgdataset_conspiracy_list
ethioflat,1442092303,World news,False,3,tgdataset_conspiracy_list
EurasianChoice,1295601717,World news,False,3,tgdataset_conspiracy_list
EurasianNews,1443462553,World news,False,3,tgdataset_conspiracy_list
europeanist,1258938269,World news,False,3,tgdataset_conspiracy_list
europeanresistance,1379715505,World news,False,3,tgdataset_conspiracy_list
EuropeLives,1345025025,World news,False,3,tgdataset_conspiracy_list
EuropeShallLive,1303983671,World news,False,3,tgdataset_conspiracy_list
Evan_Troxel,1491189491,US news,False,3,tgdataset_conspiracy_list
evans_baked_telegram,1283151103,US news,False,3,tgdataset_conspiracy_list
everyoneswelcome,1427058757,World news,False,3,tgdataset_conspiracy_list
everythingamerican,1372537201,US news,False,3,tgdataset_conspiracy_list
EverythingHomeTalkShow,1471688101,US news,False,3,tgdataset_conspiracy_list
EverythingTechnology,1109034259,US news,False,3,tgdataset_conspiracy_list
EvilOwnsYou,1750621700,US news,False,3,tgdataset_conspiracy_list
exposeislamireland,1290150316,World news,False,3,tgdataset_conspiracy_list
exposesimonandcharlie,1138754668,US news,False,3,tgdataset_conspiracy_list
ExposeThePEDOSendTheCABAL,1508710229,US news,False,3,tgdataset_conspiracy_list
exposingthelies,1047710477,US news,False,3,tgdataset_conspiracy_list
exposingthetruthchannel,1301776157,US news,False,3,tgdataset_conspiracy_list
Extralien,1560566123,US news,False,3,tgdataset_conspiracy_list
EyeOnAntisemitism,1399637233,World news,False,3,tgdataset_conspiracy_list
EzraACohen,1255633610,US news,False,3,tgdataset_conspiracy_list
F_F_Away,1166554898,US news,False,3,tgdataset_conspiracy_list
FactsMatter_Roman,1446774338,US news,False,3,tgdataset_conspiracy_list
FaithNewsNetwork,1461202944,US news,False,3,tgdataset_conspiracy_list
Fallsac,1102335963,World news,False,3,tgdataset_conspiracy_list
FalseHopeEstabliShah2,1376821585,US news,False,3,tgdataset_conspiracy_list
FamiliesDestroyedByTheState,1434317533,US news,False,3,tgdataset_conspiracy_list
familiesmatter,1476367608,US news,False,3,tgdataset_conspiracy_list
familyman20181,1209399023,US news,False,3,tgdataset_conspiracy_list
faragebarrage,1115266872,World news,False,3,tgdataset_conspiracy_list
FarmAttacksSouthAfrica,1422132226,World news,False,3,tgdataset_conspiracy_list
farmgirl17,1302194225,US news,False,3,tgdataset_conspiracy_list
fascismshmascism,1168253546,US news,False,3,tgdataset_conspiracy_list
FathersFailedByTheState,1192783226,US news,False,3,tgdataset_conspiracy_list
fatherwaffen,1461808403,US news,False,3,tgdataset_conspiracy_list
fbedrock,1205518956,US news,False,3,tgdataset_conspiracy_list
FCB_D3CODE,1370680737,US news,False,3,tgdataset_conspiracy_list
fedup4us,1417052630,US news,False,3,tgdataset_conspiracy_list
FedUpPatriots,1152481252,US news,False,3,tgdataset_conspiracy_list
FedUpUSA,1336950334,US news,False,3,tgdataset_conspiracy_list
FeedChats,1261653651,US news,False,3,tgdataset_conspiracy_list
FeelzGoodman,1381025091,US news,False,3,tgdataset_conspiracy_list
felixrex,1186827346,US news,False,3,tgdataset_conspiracy_list
fightCRT,1454245481,US news,False,3,tgdataset_conspiracy_list
FightersForFreedom,1370136952,US news,False,3,tgdataset_conspiracy_list
FindPatriots,1177971698,US news,False,3,tgdataset_conspiracy_list
findyourfriendspei,1356870975,US news,False,3,tgdataset_conspiracy_list
FirstAmendmentPraetorian,1331657515,US news,False,3,tgdataset_conspiracy_list
firstintel1,1345732230,US news,False,3,tgdataset_conspiracy_list
FKTVupdates,1338724496,US news,False,3,tgdataset_conspiracy_list
FLYNN5ARCADE,1394007160,US news,False,3,tgdataset_conspiracy_list
FlyoverConservatives,1426807772,US news,False,3,tgdataset_conspiracy_list
fogvalley,1207485232,US news,False,3,tgdataset_conspiracy_list
followchris,1383146979,US news,False,3,tgdataset_conspiracy_list
followsthewhiterabbit,1559440810,US news,False,3,tgdataset_conspiracy_list
for_God_so_loved_the_world,1211126930,US news,False,3,tgdataset_conspiracy_list
fordfischer,1353249426,US news,False,3,tgdataset_conspiracy_list
Forecast432Hz,1216947806,US news,False,3,tgdataset_conspiracy_list
foreignaffairsintelligencecounci,1160801868,US news,False,3,tgdataset_conspiracy_list
ForUsAllSpeakYourTruth,1469730179,US news,False,3,tgdataset_conspiracy_list
FoundationGermanEmpireChannel,1448749968,US news,False,3,tgdataset_conspiracy_list
FountainOfTruthMedia,1225654397,US news,False,3,tgdataset_conspiracy_list
FourCornersOSINT,1464046259,US news,False,3,tgdataset_conspiracy_list
FR33DOMF1GHTRs,1560319698,US news,False,3,tgdataset_conspiracy_list
freaksenseworld,1489922809,US news,False,3,tgdataset_conspiracy_list
freedom01234,1272916887,World news,False,3,tgdataset_conspiracy_list
FREEDOM4MAandUSA,1425565585,US news,False,3,tgdataset_conspiracy_list
FreedomBelleDataDrops,1565678853,US news,False,3,tgdataset_conspiracy_list
freedomcommunityuk,1182607468,US news,False,3,tgdataset_conspiracy_list
Freedomfightersww,1598360419,US news,False,3,tgdataset_conspiracy_list
freedomforcebattalion,1325036945,US news,False,3,tgdataset_conspiracy_list
FreedomLovingPatriot4life,1225238802,US news,False,3,tgdataset_conspiracy_list
FreedomNewsNetwork,1283742708,US news,False,3,tgdataset_conspiracy_list
Freedompeoplenow,1281504169,US news,False,3,tgdataset_conspiracy_list
freedomreigns,1568784713,US news,False,3,tgdataset_conspiracy_list
freedomtothepeople89,1169148619,US news,False,3,tgdataset_conspiracy_list
Freeezerr,1151710393,US news,False,3,tgdataset_conspiracy_list
FreeFlorida,1441480033,US news,False,3,tgdataset_conspiracy_list
freeJuliane,1469602277,US news,False,3,tgdataset_conspiracy_list
freeleft,1357856857,World news,False,3,tgdataset_conspiracy_list
FreePalestine_48,1094760801,World news,False,3,tgdataset_conspiracy_list
freespeechgreensborochannel,1218149853,US news,False,3,tgdataset_conspiracy_list
freespeechisntfree,1376787875,US news,False,3,tgdataset_conspiracy_list
freespeechstatetelegram,1377754954,US news,False,3,tgdataset_conspiracy_list
FreeSpeechToday,1715340130,US news,False,3,tgdataset_conspiracy_list
freestatecolorado,1221604079,US news,False,3,tgdataset_conspiracy_list
FreeStateFloridaNews,1485150572,US news,False,3,tgdataset_conspiracy_list
FreeTheWillPatriots,1430826036,US news,False,3,tgdataset_conspiracy_list
freethinkingproject,1415001412,US news,False,3,tgdataset_conspiracy_list
Frenchanon1111,1576211251,US news,False,3,tgdataset_conspiracy_list
FreshMannaforTheGreatAwakening,1156057607,US news,False,3,tgdataset_conspiracy_list
fritzthelang,1408598946,US news,False,3,tgdataset_conspiracy_list
FrogLife_17,1366115019,US news,False,3,tgdataset_conspiracy_list
frogpub,1242608436,US news,False,3,tgdataset_conspiracy_list
fromhknews,1208058044,World news,False,3,tgdataset_conspiracy_list
FSGazette,1300498906,World news,False,3,tgdataset_conspiracy_list
FTLIan,1353067599,US news,False,3,tgdataset_conspiracy_list
FUCKtheNAZIworldORDER,1509583002,US news,False,3,tgdataset_conspiracy_list
FUCKtheNewWorldQrder,1540959405,US news,False,3,tgdataset_conspiracy_list
fuehrernet,1125600437,US news,False,3,tgdataset_conspiracy_list
FullOnArmor,1201483981,US news,False,3,tgdataset_conspiracy_list
fullspectrumuniverse,1481620656,US news,False,3,tgdataset_conspiracy_list
funsizecharlie2020,1475080023,US news,False,3,tgdataset_conspiracy_list
g3news,1295082945,World news,False,3,tgdataset_conspiracy_list
gabbichoong,1348743974,US news,False,3,tgdataset_conspiracy_list
GabNews,1423609854,US news,False,3,tgdataset_conspiracy_list
gabsocial,1485691102,US news,False,3,tgdataset_conspiracy_list
gabtrends,1155714507,US news,False,3,tgdataset_conspiracy_list
gaiainternational,1374916317,World news,False,3,tgdataset_conspiracy_list
GailGolec,1408988846,US news,False,3,tgdataset_conspiracy_list
gailofgaia,1311719747,US news,False,3,tgdataset_conspiracy_list
GaleDribblesHouseofWaxPolitics,1199628484,US news,False,3,tgdataset_conspiracy_list
Galileo0723,1308627934,US news,False,3,tgdataset_conspiracy_list
GalliaDaily,1279884824,World news,False,3,tgdataset_conspiracy_list
gamersllc,1159886975,US news,False,3,tgdataset_conspiracy_list
GameTheoryNewsRadio,1469566820,US news,False,3,tgdataset_conspiracy_list
GarrettMZiegler,1401661571,US news,False,3,tgdataset_conspiracy_list
GatewayPundit,1355430869,US news,False,3,tgdataset_conspiracy_list
gatewaypunditofficial,1408963933,US news,False,3,tgdataset_conspiracy_list
gatortime,1430998955,US news,False,3,tgdataset_conspiracy_list
gavha944,1223799039,World news,False,3,tgdataset_conspiracy_list
gavinwax,1126728483,US news,False,3,tgdataset_conspiracy_list
GayRightNews,1389675304,US news,False,3,tgdataset_conspiracy_list
GBTUSAWSU,1394461887,US news,False,3,tgdataset_conspiracy_list
gdkarma2,1302943883,US news,False,3,tgdataset_conspiracy_list
Gematria_Shmematria,1519725703,US news,False,3,tgdataset_conspiracy_list
GeminiPatriot74,1158383003,US news,False,3,tgdataset_conspiracy_list
GeneralFlynnExposed,1717616361,US news,False,3,tgdataset_conspiracy_list
GeneralMcInerney,1450985011,US news,False,3,tgdataset_conspiracy_list
GenFlynnFans,1499072039,US news,False,3,tgdataset_conspiracy_list
GenflynnQ,1483964727,US news,False,3,tgdataset_conspiracy_list
GenWarz,1148563594,US news,False,3,tgdataset_conspiracy_list
GeopoliticsAndEmpire,1391166244,World news,False,3,tgdataset_conspiracy_list
george_news,1343157805,US news,False,3,tgdataset_conspiracy_list
georgenews,1235322843,US news,False,3,tgdataset_conspiracy_list
GeorgeWebb,1234153277,US news,False,3,tgdataset_conspiracy_list
GermanDictatorshipNews,1225020730,World news,False,3,tgdataset_conspiracy_list
GermaniaPost,1114397633,World news,False,3,tgdataset_conspiracy_list
GESARAandNESARA,1572439903,US news,False,3,tgdataset_conspiracy_list
geseranesera,1214313659,US news,False,3,tgdataset_conspiracy_list
getinformed2,1302369512,US news,False,3,tgdataset_conspiracy_list
GFLearth,1186487003,US news,False,3,tgdataset_conspiracy_list
gh6ttr3Q,1493864391,US news,False,3,tgdataset_conspiracy_list
gholland04,1448060770,US news,False,3,tgdataset_conspiracy_list
GhostEzra,1435468415,US news,False,3,tgdataset_conspiracy_list
Giga_GARV,1348341855,US news,False,3,tgdataset_conspiracy_list
giladatzmon,1397274678,World news,False,3,tgdataset_conspiracy_list
GitmoTV,1518960967,US news,False,3,tgdataset_conspiracy_list
GiveThatSomeThought,1004953685,US news,False,3,tgdataset_conspiracy_list
glennbeck,1151338081,US news,False,3,tgdataset_conspiracy_list
GlennTeale,1399161095,World news,False,3,tgdataset_conspiracy_list
glensaffer,1225356026,US news,False,3,tgdataset_conspiracy_list
GlenWallaby,1412911023,US news,False,3,tgdataset_conspiracy_list
GlobalPatriotGroup,1221838623,US news,False,3,tgdataset_conspiracy_list
GlobalResearch_ca,1492688254,World news,False,3,tgdataset_conspiracy_list
GlutenFreeGluten,1487234316,US news,False,3,tgdataset_conspiracy_list
GMINORITY,1353338831,US news,False,3,tgdataset_conspiracy_list
Godalwayswinz,1335255477,US news,False,3,tgdataset_conspiracy_list
GodBlessPresidentTrump,1386468650,US news,False,3,tgdataset_conspiracy_list
GODblessTrump11,1310818828,US news,False,3,tgdataset_conspiracy_list
GodEmperorTrumpOfficial,1418164205,US news,False,3,tgdataset_conspiracy_list
GodsGoodNewslink,1301832070,US news,False,3,tgdataset_conspiracy_list
Godstheboss,1326737318,US news,False,3,tgdataset_conspiracy_list
GoodDog_USA,1377378548,US news,False,3,tgdataset_conspiracy_list
GoReading,1006130365,World news,False,3,tgdataset_conspiracy_list
gothsfortrump,1169803803,US news,False,3,tgdataset_conspiracy_list
governmentisnotyourfriend,1383049751,US news,False,3,tgdataset_conspiracy_list
govioc,1605397729,US news,False,3,tgdataset_conspiracy_list
GoyimDefenceLeague,1253230540,World news,False,3,tgdataset_conspiracy_list
GrasshopperChannel,1583593485,US news,False,3,tgdataset_conspiracy_list
gratefulpatriot,1242293380,US news,False,3,tgdataset_conspiracy_list
greatawakening,1348418470,US news,False,3,tgdataset_conspiracy_list
GreatAwakeningHk,1337613069,US news,False,3,tgdataset_conspiracy_list
greatawakeningworld,1444582681,US news,False,3,tgdataset_conspiracy_list
greatimawakened,1433487545,US news,False,3,tgdataset_conspiracy_list
GreekBordersGeneral,1499031181,World news,False,3,tgdataset_conspiracy_list
Griftersandliarsexposure,1477277005,US news,False,3,tgdataset_conspiracy_list
GuidoAndEscanor,1285755139,US news,False,3,tgdataset_conspiracy_list
guomingeming,1370277482,World news,False,3,tgdataset_conspiracy_list
gypsycrusader,1362500827,US news,False,3,tgdataset_conspiracy_list
HandleTheTruthChannel,1247063354,US news,False,3,tgdataset_conspiracy_list
Happycanadian,1195725600,US news,False,3,tgdataset_conspiracy_list
HARDNEWSNETWORKWIRE,1252499590,US news,False,3,tgdataset_conspiracy_list
hatemuslim,1344016744,World news,False,3,tgdataset_conspiracy_list
HawGa,1277769680,US news,False,3,tgdataset_conspiracy_list
hawga_oc,1395277737,US news,False,3,tgdataset_conspiracy_list
hazydays5150,1568299437,US news,False,3,tgdataset_conspiracy_list
HealingByIntuition,1372677491,US news,False,3,tgdataset_conspiracy_list
healthyhealingmomma1,1231430754,US news,False,3,tgdataset_conspiracy_list
HeartsofOak,1462723677,US news,False,3,tgdataset_conspiracy_list
heidichan,1334804215,World news,False,3,tgdataset_conspiracy_list
helpstophate,1373722588,US news,False,3,tgdataset_conspiracy_list
hhoppler420,1203522682,World news,False,3,tgdataset_conspiracy_list
HighDMary,1299867815,US news,False,3,tgdataset_conspiracy_list
highervibrationsunshinecoast,1519022688,US news,False,3,tgdataset_conspiracy_list
Himalaya_English_Channel,1589141750,World news,False,3,tgdataset_conspiracy_list
HisLoveTriumphs,1574602979,US news,False,3,tgdataset_conspiracy_list
HKDMovement,1270300917,World news,False,3,tgdataset_conspiracy_list
hknewsEng,1351326296,World news,False,3,tgdataset_conspiracy_list
hnaftali,1326663868,World news,False,3,tgdataset_conspiracy_list
holdthelinepatriot,1184730375,US news,False,3,tgdataset_conspiracy_list
hombrerana5326,1389384539,US news,False,3,tgdataset_conspiracy_list
hongkong_info,1373477294,World news,False,3,tgdataset_conspiracy_list
hongkongersmovement,1214776759,World news,False,3,tgdataset_conspiracy_list
honkpilled,1188856488,US news,False,3,tgdataset_conspiracy_list
HOTWisconsin,1477509146,US news,False,3,tgdataset_conspiracy_list
HSRetoucherQ,1409255151,US news,False,3,tgdataset_conspiracy_list
humanitytranscending_w_siobhan,1203919948,US news,False,3,tgdataset_conspiracy_list
HumanResistanceAllianceHRA,1781248221,US news,False,3,tgdataset_conspiracy_list
humansofdystopia,1394601344,World news,False,3,tgdataset_conspiracy_list
huwhitesmemes,1169862150,US news,False,3,tgdataset_conspiracy_list
Hyer971,1428949284,US news,False,3,tgdataset_conspiracy_list
i70show,1251037899,US news,False,3,tgdataset_conspiracy_list
iadaily,1231516509,US news,False,3,tgdataset_conspiracy_list
Iamlatrappe2,1712116502,US news,False,3,tgdataset_conspiracy_list
IamLaTrappeNews,1344539402,US news,False,3,tgdataset_conspiracy_list
IBIZAMagicIsland2Q21QWWG1WGA,1158765195,US news,False,3,tgdataset_conspiracy_list
IceQued,1489778597,US news,False,3,tgdataset_conspiracy_list
ICONS2021,1368943376,US news,False,3,tgdataset_conspiracy_list
ID1776News,1495416261,US news,False,3,tgdataset_conspiracy_list
IDCanada,1439529089,US news,False,3,tgdataset_conspiracy_list
Idealintuition17,1241201042,US news,False,3,tgdataset_conspiracy_list
idenglandofficial,1214662276,World news,False,3,tgdataset_conspiracy_list
identarist_en,1138188063,World news,False,3,tgdataset_conspiracy_list
illinoisstandingagaintstyranny,1237385345,US news,False,3,tgdataset_conspiracy_list
illuminatiSLAYER,1164262590,US news,False,3,tgdataset_conspiracy_list
imcatturdd,1071668868,US news,False,3,tgdataset_conspiracy_list
imglover13THGENPATRIOT,1473582977,US news,False,3,tgdataset_conspiracy_list
IMPERIALNEWSSERVICE,1415560489,World news,False,3,tgdataset_conspiracy_list
imtriggeredAF,1254122029,US news,False,3,tgdataset_conspiracy_list
IMYNTheGreatAwakening,1410346489,US news,False,3,tgdataset_conspiracy_list
imyourmoderator,1190089761,US news,False,3,tgdataset_conspiracy_list
in5d1,1162677585,US news,False,3,tgdataset_conspiracy_list
InconvenientTruths,1192315683,US news,False,3,tgdataset_conspiracy_list
Independent_informations,1190026296,US news,False,3,tgdataset_conspiracy_list
indianaproudboys,1467936990,US news,False,3,tgdataset_conspiracy_list
indigo_kinder,1305122330,US news,False,3,tgdataset_conspiracy_list
indygram,1142519036,World news,False,3,tgdataset_conspiracy_list
inessas100,1795183969,World news,False,3,tgdataset_conspiracy_list
InevitableET,1187303991,US news,False,3,tgdataset_conspiracy_list
INFILTRATEDbyTRUTH,1589268241,US news,False,3,tgdataset_conspiracy_list
info_station,1217564735,US news,False,3,tgdataset_conspiracy_list
InformationEqualsDecisions,1176720498,US news,False,3,tgdataset_conspiracy_list
INFOWARS_AMERICA,1448450499,US news,False,3,tgdataset_conspiracy_list
infowarslive,1464031281,US news,False,3,tgdataset_conspiracy_list
InfowarsNews,1282619246,US news,False,3,tgdataset_conspiracy_list
IngersollLockW_chat,1236498620,US news,False,3,tgdataset_conspiracy_list
inmagnaexcitatio,1346350333,US news,False,3,tgdataset_conspiracy_list
InnerSpaceMedia,1267436051,US news,False,3,tgdataset_conspiracy_list
insider_amigo,1333906316,World news,False,3,tgdataset_conspiracy_list
intelops,1357671420,US news,False,3,tgdataset_conspiracy_list
intelops2,1344628570,World news,False,3,tgdataset_conspiracy_list
Intelsky,1256952599,World news,False,3,tgdataset_conspiracy_list
intelslava,1310984791,World news,False,3,tgdataset_conspiracy_list
internationalfccp,1344532044,World news,False,3,tgdataset_conspiracy_list
IntheboxWithJohnLawrence,1335925382,World news,False,3,tgdataset_conspiracy_list
inthelightnews,1167111269,US news,False,3,tgdataset_conspiracy_list
InTrumpWeTrustNow,1402952786,US news,False,3,tgdataset_conspiracy_list
IronMemes,1132826435,World news,False,3,tgdataset_conspiracy_list
ISCResearch,1300269873,World news,False,3,tgdataset_conspiracy_list
ishjay1960,1362890584,US news,False,3,tgdataset_conspiracy_list
islamexposeduk,1170593033,World news,False,3,tgdataset_conspiracy_list
islamicnatsoc,1288048050,World news,False,3,tgdataset_conspiracy_list
islamophobiawatch,1243225354,US news,False,3,tgdataset_conspiracy_list
Islamthetruth,1441346032,World news,False,3,tgdataset_conspiracy_list
israel_wc2,1402715991,World news,False,3,tgdataset_conspiracy_list
israelwc,1004048577,World news,False,3,tgdataset_conspiracy_list
isralite4ever17,1476785387,US news,False,3,tgdataset_conspiracy_list
ItaliaDailyNewsTelegramChannel,1229086520,World news,False,3,tgdataset_conspiracy_list
ItalyQanons,1435924810,US news,False,3,tgdataset_conspiracy_list
ITandTechnologies,1419194942,US news,False,3,tgdataset_conspiracy_list
itfpod,1471930138,US news,False,3,tgdataset_conspiracy_list
itsmajavation,1314079909,US news,False,3,tgdataset_conspiracy_list
itsmefree,1286234150,US news,False,3,tgdataset_conspiracy_list
itsokaytoberight,1165731977,US news,False,3,tgdataset_conspiracy_list
Ivanka2024,1485474774,US news,False,3,tgdataset_conspiracy_list
ivoryhecker,1244678147,US news,False,3,tgdataset_conspiracy_list
IvysNewsAndChat,1150692757,US news,False,3,tgdataset_conspiracy_list
J6TankMan,1160826228,US news,False,3,tgdataset_conspiracy_list
Jack_Posobiec,1200851498,US news,False,3,tgdataset_conspiracy_list
JackDawkins,1417136285,World news,False,3,tgdataset_conspiracy_list
JackPosobiec,1257815982,US news,False,3,tgdataset_conspiracy_list
JacobAWohl,1170161792,US news,False,3,tgdataset_conspiracy_list
JacobNewsArticles,1169306081,World news,False,3,tgdataset_conspiracy_list
jadenpmcneil,1368583980,US news,False,3,tgdataset_conspiracy_list
James_Goddard,1332480763,World news,False,3,tgdataset_conspiracy_list
jamesharveytr,1159723647,World news,False,3,tgdataset_conspiracy_list
JamesOKeefeIII,1358907673,US news,False,3,tgdataset_conspiracy_list
JamesWoodsReal,1446225709,US news,False,3,tgdataset_conspiracy_list
jan_woida,1161342669,US news,False,3,tgdataset_conspiracy_list
JanieMarie,1484273877,US news,False,3,tgdataset_conspiracy_list
JasonLloydBourne,1432517233,US news,False,3,tgdataset_conspiracy_list
JaydaFransen,1256362411,World news,False,3,tgdataset_conspiracy_list
jaydyer,1293638702,US news,False,3,tgdataset_conspiracy_list
JeBo_QArmy,1442722355,US news,False,3,tgdataset_conspiracy_list
JefferyEpsteindidntkillhimself,1467654031,US news,False,3,tgdataset_conspiracy_list
JellenneAZ,1526899528,US news,False,3,tgdataset_conspiracy_list
jessiethethinker,1338893598,US news,False,3,tgdataset_conspiracy_list
JesusPerspective,1158678672,US news,False,3,tgdataset_conspiracy_list
jews_did_911,1247643683,World news,False,3,tgdataset_conspiracy_list
JFK_TV,1315025726,US news,False,3,tgdataset_conspiracy_list
JFKJRAlive,1309976245,US news,False,3,tgdataset_conspiracy_list
JGhost_79,1431555908,US news,False,3,tgdataset_conspiracy_list
jhwesten,1201880754,US news,False,3,tgdataset_conspiracy_list
jim_watkins,1432064880,US news,False,3,tgdataset_conspiracy_list
JoeBiggs,1495617499,US news,False,3,tgdataset_conspiracy_list
joeoltmann,1486518721,US news,False,3,tgdataset_conspiracy_list
john_pirate,1337029197,US news,False,3,tgdataset_conspiracy_list
JohnBirchSociety,1306516699,US news,False,3,tgdataset_conspiracy_list
JohnHumanKind,1415330726,US news,False,3,tgdataset_conspiracy_list
johnpilger,1439935054,World news,False,3,tgdataset_conspiracy_list
Johnr777,1248332771,US news,False,3,tgdataset_conspiracy_list
johntigtiegen,1540439181,US news,False,3,tgdataset_conspiracy_list
joinalmuntazir,1459136102,World news,False,3,tgdataset_conspiracy_list
jointheQchannel,1250528261,US news,False,3,tgdataset_conspiracy_list
JoleneBuntingUK,1395166838,World news,False,3,tgdataset_conspiracy_list
jolieyvonne,1486358286,US news,False,3,tgdataset_conspiracy_list
joonigger,1202556212,US news,False,3,tgdataset_conspiracy_list
jordansather,1154706320,US news,False,3,tgdataset_conspiracy_list
Josh_Hawley,1218257811,US news,False,3,tgdataset_conspiracy_list
JourneyToTruthPodcast,1416609640,US news,False,3,tgdataset_conspiracy_list
JovanHuttonPulitzer,1244428011,US news,False,3,tgdataset_conspiracy_list
jploubriel,1346941491,US news,False,3,tgdataset_conspiracy_list
JPSpeaks,1582523268,US news,False,3,tgdataset_conspiracy_list
jrpatton,1183239054,US news,False,3,tgdataset_conspiracy_list
JSlayUSofA,1571313635,US news,False,3,tgdataset_conspiracy_list
jtwildemusic,1309239220,US news,False,3,tgdataset_conspiracy_list
juanatalkpodcast,1257226473,US news,False,3,tgdataset_conspiracy_list
JuanOSavin,1286750244,US news,False,3,tgdataset_conspiracy_list
JuanQSeven,1348318451,US news,False,3,tgdataset_conspiracy_list
jubiileee,1325740833,US news,False,3,tgdataset_conspiracy_list
JudicialWatch,1741701520,US news,False,3,tgdataset_conspiracy_list
Julian_AssangeWikiLeaks,1502089761,US news,False,3,tgdataset_conspiracy_list
juliansrumchannel,1168253251,US news,False,3,tgdataset_conspiracy_list
JusticeByLight,1419659262,US news,False,3,tgdataset_conspiracy_list
justin_we_are_change,1297779158,US news,False,3,tgdataset_conspiracy_list
justredpillsv2,1372682524,US news,False,3,tgdataset_conspiracy_list
KAGAPatriots,1395405050,US news,False,3,tgdataset_conspiracy_list
kagbabe,1472374861,US news,False,3,tgdataset_conspiracy_list
kagbro,1404147006,US news,False,3,tgdataset_conspiracy_list
kamilnagel,1218150366,US news,False,3,tgdataset_conspiracy_list
KanekoaTheGreat,1453677131,US news,False,3,tgdataset_conspiracy_list
KarenBrewerBushTelegraphNews,1451887788,US news,False,3,tgdataset_conspiracy_list
karenskeks,1466262920,US news,False,3,tgdataset_conspiracy_list
KarlQ17,1581294490,US news,False,3,tgdataset_conspiracy_list
KaryMullis,1601209990,US news,False,3,tgdataset_conspiracy_list
keanureeveschannel,1563895513,US news,False,3,tgdataset_conspiracy_list
KelamatyYT,1441162400,US news,False,3,tgdataset_conspiracy_list
KellyTownsend,1354272408,US news,False,3,tgdataset_conspiracy_list
KenanSonOfEnos,1160889108,US news,False,3,tgdataset_conspiracy_list
KentuckyProudBoys,1150823493,US news,False,3,tgdataset_conspiracy_list
KikisFinds,1222617060,US news,False,3,tgdataset_conspiracy_list
killuminatiinpicture,1446057669,US news,False,3,tgdataset_conspiracy_list
kindwithspineq,1491550805,US news,False,3,tgdataset_conspiracy_list
kitchensoup,1253739694,US news,False,3,tgdataset_conspiracy_list
Knownedge,1158770467,US news,False,3,tgdataset_conspiracy_list
KnowUrEnemy,1459252124,US news,False,3,tgdataset_conspiracy_list
KrakenKrew,1251044249,US news,False,3,tgdataset_conspiracy_list
krugerdunning1,1462730517,US news,False,3,tgdataset_conspiracy_list
kushsyndicate1776,1416638314,US news,False,3,tgdataset_conspiracy_list
L1ESEXPOSED,1523982865,US news,False,3,tgdataset_conspiracy_list
Lady_Liberty_9,1262129874,US news,False,3,tgdataset_conspiracy_list
ladydraza,1464517727,US news,False,3,tgdataset_conspiracy_list
ladyjustice323,1580256954,US news,False,3,tgdataset_conspiracy_list
lakeishainspires,1336951471,US news,False,3,tgdataset_conspiracy_list
LakeTahoeSierras,1475145200,US news,False,3,tgdataset_conspiracy_list
LankampInteligence2,1798932597,US news,False,3,tgdataset_conspiracy_list
LarryElder,1378759358,US news,False,3,tgdataset_conspiracy_list
lastdaysblog,1300266941,US news,False,3,tgdataset_conspiracy_list
LastoftheAnalogKids,1281361033,US news,False,3,tgdataset_conspiracy_list
latest_uncensored,1476487564,US news,False,3,tgdataset_conspiracy_list
LauraLoomer,1190350368,US news,False,3,tgdataset_conspiracy_list
LauraLoomerFanClub,1110613934,US news,False,3,tgdataset_conspiracy_list
LaurenWitzkeOfficial,1209438364,US news,False,3,tgdataset_conspiracy_list
Lawful_America,1426259601,US news,False,3,tgdataset_conspiracy_list
lawofoneupdates,1460903172,US news,False,3,tgdataset_conspiracy_list
leagueofextraordinarypepes,1428002172,US news,False,3,tgdataset_conspiracy_list
LebUpdate,1377364871,World news,False,3,tgdataset_conspiracy_list
Lefty_Crypto,1349618580,US news,False,3,tgdataset_conspiracy_list
LegalBriefwithSusanDee,1312835042,US news,False,3,tgdataset_conspiracy_list
LetsFixStuff,1452045471,US news,False,3,tgdataset_conspiracy_list
letthetruthbeknown,1411441276,US news,False,3,tgdataset_conspiracy_list
LewisCountryStore,1405060224,US news,False,3,tgdataset_conspiracy_list
LexitMovement,1240836766,US news,False,3,tgdataset_conspiracy_list
liberalhivemind,1373887766,US news,False,3,tgdataset_conspiracy_list
LiberateAmerica,1422607665,US news,False,3,tgdataset_conspiracy_list
LibertarianMediaResource,1474045883,US news,False,3,tgdataset_conspiracy_list
Libertas00,1666888382,US news,False,3,tgdataset_conspiracy_list
libertydude,1440947343,US news,False,3,tgdataset_conspiracy_list
LibertyLexiRevealingTruth,1163317896,US news,False,3,tgdataset_conspiracy_list
LibertyPressHawaii,1189630490,US news,False,3,tgdataset_conspiracy_list
LibertyQ17,1440398676,US news,False,3,tgdataset_conspiracy_list
LibertyShill,1233469381,US news,False,3,tgdataset_conspiracy_list
lightfortruth,1364260467,US news,False,3,tgdataset_conspiracy_list
lightotruth,1647358883,US news,False,3,tgdataset_conspiracy_list
lightwarriorpatriots4444,1142949939,US news,False,3,tgdataset_conspiracy_list
LinWoodChannel,1464534148,US news,False,3,tgdataset_conspiracy_list
linwoodspeakstruth,1461449783,US news,False,3,tgdataset_conspiracy_list
LionsDenUncensored,1455006043,US news,False,3,tgdataset_conspiracy_list
listenhereinward,1423590137,US news,False,3,tgdataset_conspiracy_list
littlemisstruther,1399800959,US news,False,3,tgdataset_conspiracy_list
littllemel,1312742207,US news,False,3,tgdataset_conspiracy_list
live_America,1181035845,US news,False,3,tgdataset_conspiracy_list
LiveFromAmerica,1406393207,US news,False,3,tgdataset_conspiracy_list
lives2020,1241871205,US news,False,3,tgdataset_conspiracy_list
Liveuptofreedom,1243323094,World news,False,3,tgdataset_conspiracy_list
LiveWithLorri,1153530030,US news,False,3,tgdataset_conspiracy_list
LizCrokinReport,1285432333,US news,False,3,tgdataset_conspiracy_list
lizsfg_channel,1168801954,US news,False,3,tgdataset_conspiracy_list
LJsTruthChannel,1713420224,US news,False,3,tgdataset_conspiracy_list
ljt_is_me_again,1495275257,US news,False,3,tgdataset_conspiracy_list
LKDarktoLight,1405782560,US news,False,3,tgdataset_conspiracy_list
LogicalBrad,1210231451,US news,False,3,tgdataset_conspiracy_list
logicallikeme,1361381913,US news,False,3,tgdataset_conspiracy_list
LondonForBritain,1496163028,World news,False,3,tgdataset_conspiracy_list
longislandprotests,1261198080,US news,False,3,tgdataset_conspiracy_list
LookingGlass1776,1295452195,US news,False,3,tgdataset_conspiracy_list
loomeredofficial,1459513255,US news,False,3,tgdataset_conspiracy_list
Lou_Bee,1219502069,US news,False,3,tgdataset_conspiracy_list
loucollinsrs,1462449225,US news,False,3,tgdataset_conspiracy_list
louiehueyofficial,1408001525,US news,False,3,tgdataset_conspiracy_list
louisianadraintheswamp,1767118444,US news,False,3,tgdataset_conspiracy_list
love17andyahweh,1208363454,US news,False,3,tgdataset_conspiracy_list
LoveWinsTh3Day,1496549244,US news,False,3,tgdataset_conspiracy_list
LoveYanaGalanin369,1355518120,US news,False,3,tgdataset_conspiracy_list
lslsbahsbdlxpjsn,1135000499,World news,False,3,tgdataset_conspiracy_list
LTcommschannel,1270042134,US news,False,3,tgdataset_conspiracy_list
luciusreport,1400125385,US news,False,3,tgdataset_conspiracy_list
LUKEPATRIOTINTHEPARK,1737884128,US news,False,3,tgdataset_conspiracy_list
lukesmemes,1319468382,US news,False,3,tgdataset_conspiracy_list
lynetteann37,1652565388,US news,False,3,tgdataset_conspiracy_list
m_u_n_c,1366117397,World news,False,3,tgdataset_conspiracy_list
MackieMorris,1418881027,US news,False,3,tgdataset_conspiracy_list
madeintheusa2,1316258572,US news,False,3,tgdataset_conspiracy_list
madhick,1125619786,US news,False,3,tgdataset_conspiracy_list
MAGAToday,1395012363,US news,False,3,tgdataset_conspiracy_list
MAINEGIR,1212206074,US news,False,3,tgdataset_conspiracy_list
Majestic12Mirror,1403191153,US news,False,3,tgdataset_conspiracy_list
MajorPatriot,1173217681,US news,False,3,tgdataset_conspiracy_list
MakavellQ,1154520450,US news,False,3,tgdataset_conspiracy_list
MakeArizonaGreat,1555068002,US news,False,3,tgdataset_conspiracy_list
MakingAmericaGreatAgain8,1232675923,US news,False,3,tgdataset_conspiracy_list
malinka202,1295388499,World news,False,3,tgdataset_conspiracy_list
malta1st,1441819028,World news,False,3,tgdataset_conspiracy_list
mamasavage,1251373463,US news,False,3,tgdataset_conspiracy_list
manifesto38tudobem,1275823017,US news,False,3,tgdataset_conspiracy_list
maninamerica,1340605787,US news,False,3,tgdataset_conspiracy_list
mareq16,1400560718,US news,False,3,tgdataset_conspiracy_list
Mario_Presents,1180731551,US news,False,3,tgdataset_conspiracy_list
MARIOBORG20,1323727715,World news,False,3,tgdataset_conspiracy_list
mark19766,1218293608,World news,False,3,tgdataset_conspiracy_list
markbutler,1210563258,World news,False,3,tgdataset_conspiracy_list
MarkDice,1434194408,US news,False,3,tgdataset_conspiracy_list
MarkFinchemAZ,1227917167,US news,False,3,tgdataset_conspiracy_list
marxxist,1235314961,World news,False,3,tgdataset_conspiracy_list
marylyntodd,1545144935,US news,False,3,tgdataset_conspiracy_list
mattbraynard,1494697895,US news,False,3,tgdataset_conspiracy_list
mattcouch,1494754421,US news,False,3,tgdataset_conspiracy_list
MatthewTBatey,1156256513,US news,False,3,tgdataset_conspiracy_list
MattLautnerCattle,1401458505,US news,False,3,tgdataset_conspiracy_list
Maximus_4EVR_mv,1433991207,US news,False,3,tgdataset_conspiracy_list
maxjmcguire,1314876910,US news,False,3,tgdataset_conspiracy_list
MBNews_UK,1333506469,World news,False,3,tgdataset_conspiracy_list
MCJmediaAus,1449910618,World news,False,3,tgdataset_conspiracy_list
mdmdaannews,1496530082,US news,False,3,tgdataset_conspiracy_list
mediahubireland,1496431521,World news,False,3,tgdataset_conspiracy_list
MediaShattered,1300742023,US news,False,3,tgdataset_conspiracy_list
mediatricks,1435982362,US news,False,3,tgdataset_conspiracy_list
MediaWatchUSA,1237045407,US news,False,3,tgdataset_conspiracy_list
MegaPatriot65,1364150406,US news,False,3,tgdataset_conspiracy_list
melissaexplainsitall,1705198037,US news,False,3,tgdataset_conspiracy_list
MelTrump,1538302775,US news,False,3,tgdataset_conspiracy_list
meltthem,1174358332,World news,False,3,tgdataset_conspiracy_list
MemeDepot1776,1407716033,US news,False,3,tgdataset_conspiracy_list
MemeWars4Ever,1467887883,US news,False,3,tgdataset_conspiracy_list
menefrego1776,1216193479,US news,False,3,tgdataset_conspiracy_list
merica_patriot,1242948582,US news,False,3,tgdataset_conspiracy_list
meta_sight,1282484318,US news,False,3,tgdataset_conspiracy_list
mexizzachet2077,1253470414,US news,False,3,tgdataset_conspiracy_list
mgshowchannel,1302871845,US news,False,3,tgdataset_conspiracy_list
MiamiProudboys,1408063027,US news,False,3,tgdataset_conspiracy_list
MIB_MessageInABottle,1550867396,World news,False,3,tgdataset_conspiracy_list
MichaelAFu,1502581999,US news,False,3,tgdataset_conspiracy_list
MichaelCoudrey,1473394872,US news,False,3,tgdataset_conspiracy_list
michaeljburry,1194793502,US news,False,3,tgdataset_conspiracy_list
MichaelJLindell,1358262728,US news,False,3,tgdataset_conspiracy_list
michaelyon,1481689621,US news,False,3,tgdataset_conspiracy_list
michellefieldingspiritualcoach,1178694333,US news,False,3,tgdataset_conspiracy_list
MichelleMalkin,1457099754,US news,False,3,tgdataset_conspiracy_list
MichiganPatriotz,1315978892,US news,False,3,tgdataset_conspiracy_list
mickeyscomedy,1359437687,US news,False,3,tgdataset_conspiracy_list
micronews21,1498144560,US news,False,3,tgdataset_conspiracy_list
MidCoastCircle,1331525284,US news,False,3,tgdataset_conspiracy_list
midnightrider17,1471999473,US news,False,3,tgdataset_conspiracy_list
midnightriders1776,1321422396,US news,False,3,tgdataset_conspiracy_list
midwest_intel,1480909725,US news,False,3,tgdataset_conspiracy_list
mikelindellisq,1190848950,US news,False,3,tgdataset_conspiracy_list
MilitaerMemes,1486678205,World news,False,3,tgdataset_conspiracy_list
millennialmillie,1739077761,US news,False,3,tgdataset_conspiracy_list
MillenniumSunOne,1324837729,US news,False,3,tgdataset_conspiracy_list
mimitrump,1165514996,US news,False,3,tgdataset_conspiracy_list
MiriamHope_News,1481148897,US news,False,3,tgdataset_conspiracy_list
MissAy4mKY,1353868111,US news,False,3,tgdataset_conspiracy_list
missoulacounty,1239438897,US news,False,3,tgdataset_conspiracy_list
MissouriAuditForce,1362374238,US news,False,3,tgdataset_conspiracy_list
MistyG17,1481320011,US news,False,3,tgdataset_conspiracy_list
MMGinvestNEWs,1452763703,US news,False,3,tgdataset_conspiracy_list
mnproudboys,1359266551,US news,False,3,tgdataset_conspiracy_list
ModRadOfficial,1191846403,US news,False,3,tgdataset_conspiracy_list
momsmagnet,1229475939,US news,False,3,tgdataset_conspiracy_list
MonkeyWerx,1448423729,US news,False,3,tgdataset_conspiracy_list
moonifest,1366637379,US news,False,3,tgdataset_conspiracy_list
mosstairway,1506229787,World news,False,3,tgdataset_conspiracy_list
motiv8britainnews,1421391763,World news,False,3,tgdataset_conspiracy_list
MotorCityCheif,1398286306,US news,False,3,tgdataset_conspiracy_list
movetotexaspresidenttrump,1246785147,US news,False,3,tgdataset_conspiracy_list
mptvtruthcasts,1361400470,US news,False,3,tgdataset_conspiracy_list
Mr_tdogg,1288170960,US news,False,3,tgdataset_conspiracy_list
MRARTT2,1436316990,US news,False,3,tgdataset_conspiracy_list
Mrgunsngear,1331125917,World news,False,3,tgdataset_conspiracy_list
MrHatield1776,1340110203,US news,False,3,tgdataset_conspiracy_list
Mrswilkesmythvsreality,1264723428,US news,False,3,tgdataset_conspiracy_list
mrtruthbombchat,1478528781,US news,False,3,tgdataset_conspiracy_list
MsTigress,1356772724,US news,False,3,tgdataset_conspiracy_list
MTKate,1345372528,US news,False,3,tgdataset_conspiracy_list
MudOnWhiteCrime,1494781112,World news,False,3,tgdataset_conspiracy_list
murderbydecree,1630369277,US news,False,3,tgdataset_conspiracy_list
MurderTheMedia,1414255764,US news,False,3,tgdataset_conspiracy_list
mustangdebbie1,1457622198,US news,False,3,tgdataset_conspiracy_list
MustangMedic,1354537629,US news,False,3,tgdataset_conspiracy_list
My_Name_Is_MarQ_1111,1644189331,US news,False,3,tgdataset_conspiracy_list
mydadworksfornintendo,1349546282,US news,False,3,tgdataset_conspiracy_list
MyonysLibrary,1276949341,World news,False,3,tgdataset_conspiracy_list
MyPatriotsNetwork,1412209577,US news,False,3,tgdataset_conspiracy_list
mysterionrises,1119349583,US news,False,3,tgdataset_conspiracy_list
MystiQLuna88,1404086628,US news,False,3,tgdataset_conspiracy_list
n8news,1228762911,US news,False,3,tgdataset_conspiracy_list
NancySeekingTruthAlways,1563429757,US news,False,3,tgdataset_conspiracy_list
narayanbeauty,1284435924,US news,False,3,tgdataset_conspiracy_list
NarrativeReframes,1206773705,US news,False,3,tgdataset_conspiracy_list
natalismisfuture,1258299549,US news,False,3,tgdataset_conspiracy_list
Nate1776,1179670911,US news,False,3,tgdataset_conspiracy_list
nathan1111jugan,1332004574,US news,False,3,tgdataset_conspiracy_list
NationalDreamCenter,1356502946,US news,False,3,tgdataset_conspiracy_list
NationalistAction,1384491365,US news,False,3,tgdataset_conspiracy_list
NationalistAlliance,1156780585,US news,False,3,tgdataset_conspiracy_list
NationalistNews,1415667452,US news,False,3,tgdataset_conspiracy_list
natlydenise,1251983459,US news,False,3,tgdataset_conspiracy_list
natsecjeff,1211244445,World news,False,3,tgdataset_conspiracy_list
ncchristianpatriots,1411395987,US news,False,3,tgdataset_conspiracy_list
NCSCTruthSeekers,1338003333,US news,False,3,tgdataset_conspiracy_list
NearEndEntropy,1472659416,US news,False,3,tgdataset_conspiracy_list
neoconsarecommies,1174133732,US news,False,3,tgdataset_conspiracy_list
NeoMikesNewsRantsMemes,1305350366,US news,False,3,tgdataset_conspiracy_list
NesaraNews,1243802297,US news,False,3,tgdataset_conspiracy_list
NeueMitte,1208728490,World news,False,3,tgdataset_conspiracy_list
newageorder,1436580730,US news,False,3,tgdataset_conspiracy_list
newearthmedia,1456898247,US news,False,3,tgdataset_conspiracy_list
NewHampshirePatriot,1547947900,US news,False,3,tgdataset_conspiracy_list
NewJerseyAuditForce,1586931884,US news,False,3,tgdataset_conspiracy_list
NewMexicoAuditForce,1524531854,US news,False,3,tgdataset_conspiracy_list
NewResistance,1490461830,World news,False,3,tgdataset_conspiracy_list
newrightwing,1363158040,US news,False,3,tgdataset_conspiracy_list
News_3Dto5D,1163816325,US news,False,3,tgdataset_conspiracy_list
NewsAlertsNow,1454665285,World news,False,3,tgdataset_conspiracy_list
NewSavageDawg,1542824858,US news,False,3,tgdataset_conspiracy_list
newsbeast,1251003701,US news,False,3,tgdataset_conspiracy_list
NewsForFreeAmerica,1321950751,US news,False,3,tgdataset_conspiracy_list
NewsMaximum,1411247186,US news,False,3,tgdataset_conspiracy_list
NewsMaxUSA,1152767636,US news,False,3,tgdataset_conspiracy_list
newsofehrru,1251409646,World news,False,3,tgdataset_conspiracy_list
Newsworthtelling1,1244475420,US news,False,3,tgdataset_conspiracy_list
newtemplars,1559864353,US news,False,3,tgdataset_conspiracy_list
newworldwarrior,1178765393,US news,False,3,tgdataset_conspiracy_list
NewYorkAuditForce,1589479478,US news,False,3,tgdataset_conspiracy_list
newyorkfreedomrally,1230609499,US news,False,3,tgdataset_conspiracy_list
nicemanhood,1290295910,US news,False,3,tgdataset_conspiracy_list
NicholasVeniamin,1384836446,US news,False,3,tgdataset_conspiracy_list
nickdip,1277162064,US news,False,3,tgdataset_conspiracy_list
nickfuentesfans,1207454600,US news,False,3,tgdataset_conspiracy_list
nickjfuentes,1343341889,US news,False,3,tgdataset_conspiracy_list
nickmon1112,1298550894,US news,False,3,tgdataset_conspiracy_list
NicoleNY,1431872324,US news,False,3,tgdataset_conspiracy_list
NICProudBoysMain,1314766297,US news,False,3,tgdataset_conspiracy_list
niggermonkey48,1303129836,US news,False,3,tgdataset_conspiracy_list
Nighthawk420,1305570939,US news,False,3,tgdataset_conspiracy_list
NineEleven_911,1428161874,US news,False,3,tgdataset_conspiracy_list
NineElevenIsrael,1498376587,World news,False,3,tgdataset_conspiracy_list
NineMilSMG,1329902891,US news,False,3,tgdataset_conspiracy_list
ninoscorner,1135840821,US news,False,3,tgdataset_conspiracy_list
No_BS_NewS,1235779695,US news,False,3,tgdataset_conspiracy_list
NobleLeader,1236566143,US news,False,3,tgdataset_conspiracy_list
NOCOMPLIANCECANADA,1284189680,US news,False,3,tgdataset_conspiracy_list
NoDeals17,1439340973,US news,False,3,tgdataset_conspiracy_list
NoEqual,1395078846,US news,False,3,tgdataset_conspiracy_list
nomaskmandates,1518910750,US news,False,3,tgdataset_conspiracy_list
NoNmedia,1390564972,US news,False,3,tgdataset_conspiracy_list
Nonna2016,1278589743,US news,False,3,tgdataset_conspiracy_list
noor_binladin,1275912128,US news,False,3,tgdataset_conspiracy_list
NorAmIntelCollective,1631626660,World news,False,3,tgdataset_conspiracy_list
northcarolinapatriots,1216743902,US news,False,3,tgdataset_conspiracy_list
NorthwestOhioPB,1435562923,US news,False,3,tgdataset_conspiracy_list
Noshillzone,1151206062,US news,False,3,tgdataset_conspiracy_list
NotFound_4_04,1198620354,US news,False,3,tgdataset_conspiracy_list
NotGonnaTakeIt,1177592101,US news,False,3,tgdataset_conspiracy_list
NothingButTruth_NBT,1452409714,US news,False,3,tgdataset_conspiracy_list
notjustpoliticsasusual,1566603652,US news,False,3,tgdataset_conspiracy_list
NotNeoIsNeo,1418598702,US news,False,3,tgdataset_conspiracy_list
nowcomesthepain,1395132098,US news,False,3,tgdataset_conspiracy_list
NPCreserves,1493141930,US news,False,3,tgdataset_conspiracy_list
NSDAPFrance,1335251900,World news,False,3,tgdataset_conspiracy_list
NSWAgainstTheExtremeLeft,1196747191,US news,False,3,tgdataset_conspiracy_list
NTDNews,1343572701,US news,False,3,tgdataset_conspiracy_list
NukeFrogs,1160781595,US news,False,3,tgdataset_conspiracy_list
Nurse_Deplorable,1346601028,US news,False,3,tgdataset_conspiracy_list
Nymphonews,1144671460,US news,False,3,tgdataset_conspiracy_list
nzruckus,1465614281,US news,False,3,tgdataset_conspiracy_list
OANNTV,1190116618,US news,False,3,tgdataset_conspiracy_list
OEnochO_Connecting_Dots,1213814479,World news,False,3,tgdataset_conspiracy_list
officeofDonaldJTrump,1488153290,US news,False,3,tgdataset_conspiracy_list
officialcharliewardshow,1165298312,US news,False,3,tgdataset_conspiracy_list
OfficialCombatLVL,1354564248,US news,False,3,tgdataset_conspiracy_list
officialjonmiller,1137409088,US news,False,3,tgdataset_conspiracy_list
officialmichiganproudboys,1130107556,US news,False,3,tgdataset_conspiracy_list
officialmorganariel,1249392076,US news,False,3,tgdataset_conspiracy_list
officialNashboys,1529913326,US news,False,3,tgdataset_conspiracy_list
officialNHPB,1487421303,US news,False,3,tgdataset_conspiracy_list
OfficialPurePolitics,1486036068,US news,False,3,tgdataset_conspiracy_list
OfficialRedPillNews,1495059782,US news,False,3,tgdataset_conspiracy_list
officialrootedwings,1389725417,US news,False,3,tgdataset_conspiracy_list
officialtruthsocialmedia,1694003436,US news,False,3,tgdataset_conspiracy_list
OfficialWestTennesseProudBoys,1728630568,US news,False,3,tgdataset_conspiracy_list
OfLoveNLightQ,1343767080,US news,False,3,tgdataset_conspiracy_list
OhioProudBoys,1314862452,US news,False,3,tgdataset_conspiracy_list
olidox,1325966102,US news,False,3,tgdataset_conspiracy_list
OmlinNews,1386126132,US news,False,3,tgdataset_conspiracy_list
oneamericanewsnetwork,1275250374,World news,False,3,tgdataset_conspiracy_list
OneRepublicNetwork,1552714228,US news,False,3,tgdataset_conspiracy_list
OnlyWhitePeopleGoToHeaven2,1453749939,US news,False,3,tgdataset_conspiracy_list
OntarioFreedomForum,1716477241,World news,False,3,tgdataset_conspiracy_list
OpenMediaOne,1301017298,US news,False,3,tgdataset_conspiracy_list
Operation_Moon_Tower,1485282480,US news,False,3,tgdataset_conspiracy_list
OperationBlondePatriot,1404624049,US news,False,3,tgdataset_conspiracy_list
OperationCue,1297004749,US news,False,3,tgdataset_conspiracy_list
operationdisclosure,1368416182,US news,False,3,tgdataset_conspiracy_list
OPFreedom,1435599583,US news,False,3,tgdataset_conspiracy_list
opusaexpose,1508937999,World news,False,3,tgdataset_conspiracy_list
OratorBlogInfirnationWarrior,1457018376,US news,False,3,tgdataset_conspiracy_list
OriginalDonaldTrump,1430102248,US news,False,3,tgdataset_conspiracy_list
orioncollective,1400211799,US news,False,3,tgdataset_conspiracy_list
OrlaredChan,1314940146,World news,False,3,tgdataset_conspiracy_list
OscarMidnightRider,1382810021,US news,False,3,tgdataset_conspiracy_list
OSINTLive,1410429120,World news,False,3,tgdataset_conspiracy_list
otorgomes,1345897716,US news,False,3,tgdataset_conspiracy_list
OttawaBound,1618372498,World news,False,3,tgdataset_conspiracy_list
outlaw_marine1775,1237497453,US news,False,3,tgdataset_conspiracy_list
OutofShadowsChannel,1169393679,US news,False,3,tgdataset_conspiracy_list
outofthisworldnews,1472788524,US news,False,3,tgdataset_conspiracy_list
outsider_news,1396823528,US news,False,3,tgdataset_conspiracy_list
Owen_Shroyer,1199573219,US news,False,3,tgdataset_conspiracy_list
OwenBenjamin,1185128310,US news,False,3,tgdataset_conspiracy_list
palaestina,1456242682,World news,False,3,tgdataset_conspiracy_list
PastorGregHooker,1516792781,US news,False,3,tgdataset_conspiracy_list
PATCHANQN,1545824321,US news,False,3,tgdataset_conspiracy_list
Patri0tsareinContr0l,1150424885,US news,False,3,tgdataset_conspiracy_list
Patrick17HenryV9,1320598051,US news,False,3,tgdataset_conspiracy_list
PatrickBouvierKennedy,1554804771,US news,False,3,tgdataset_conspiracy_list
PatrickByrne,1472621232,US news,False,3,tgdataset_conspiracy_list
patrickcaseyusa,1489214107,US news,False,3,tgdataset_conspiracy_list
patricklancasternewstoday,1538274069,World news,False,3,tgdataset_conspiracy_list
PatrickMByrne,1494406837,US news,False,3,tgdataset_conspiracy_list
Patriot_Nation,1265407769,US news,False,3,tgdataset_conspiracy_list
Patriot_Prayer_Force_WWG1WGA,1399896798,US news,False,3,tgdataset_conspiracy_list
PatriotAct17,1773684625,US news,False,3,tgdataset_conspiracy_list
PatriotAds,1278042745,US news,False,3,tgdataset_conspiracy_list
PatriotAlerts,1286190476,US news,False,3,tgdataset_conspiracy_list
patriotangelnews,1483954032,US news,False,3,tgdataset_conspiracy_list
PatriotArmy,1246679365,US news,False,3,tgdataset_conspiracy_list
patriotartsfarm,1165311094,US news,False,3,tgdataset_conspiracy_list
patriotbasics,1301251424,US news,False,3,tgdataset_conspiracy_list
PATRIOTCHRISTIANNEWS,1153474782,US news,False,3,tgdataset_conspiracy_list
PatriotFrontline,1607474938,US news,False,3,tgdataset_conspiracy_list
PatriotGirlsUnited,1315055327,US news,False,3,tgdataset_conspiracy_list
PatrioticCrusader,1263643156,US news,False,3,tgdataset_conspiracy_list
PatrioticMetalMan,1450738938,US news,False,3,tgdataset_conspiracy_list
PatrioticNetwork,1491725212,US news,False,3,tgdataset_conspiracy_list
patrioticunity,1241139133,World news,False,3,tgdataset_conspiracy_list
PatriotKentucky,1376386888,US news,False,3,tgdataset_conspiracy_list
patriotmancave,1263562410,US news,False,3,tgdataset_conspiracy_list
PatriotN88,1220713754,US news,False,3,tgdataset_conspiracy_list
patriotnewsnetworkchannel,1452282222,US news,False,3,tgdataset_conspiracy_list
PatriotNewz,1326434858,World news,False,3,tgdataset_conspiracy_list
PatriotOp,1321045025,US news,False,3,tgdataset_conspiracy_list
patriotprayerusa,1389801331,US news,False,3,tgdataset_conspiracy_list
PatriotPrincess1,1335375623,US news,False,3,tgdataset_conspiracy_list
PatriotPunkNetwork,1427639765,US news,False,3,tgdataset_conspiracy_list
Patriots1776,1373301959,US news,False,3,tgdataset_conspiracy_list
patriots456932,1165436895,US news,False,3,tgdataset_conspiracy_list
patriotshq,1200405431,US news,False,3,tgdataset_conspiracy_list
patriotsjoin,1176734198,US news,False,3,tgdataset_conspiracy_list
PatriotSocieties,1311195423,US news,False,3,tgdataset_conspiracy_list
PatriotsOnlyWesternConservative,1274194997,US news,False,3,tgdataset_conspiracy_list
patriotsquest,1181115966,US news,False,3,tgdataset_conspiracy_list
patriotsstandstrong,1183168381,US news,False,3,tgdataset_conspiracy_list
patriotstreetfighter,1408950146,US news,False,3,tgdataset_conspiracy_list
patriotsunite17,1265926034,US news,False,3,tgdataset_conspiracy_list
PatriotsUS,1411628800,US news,False,3,tgdataset_conspiracy_list
PATRIOTSWORLDWIDE,1429520671,US news,False,3,tgdataset_conspiracy_list
PatriotTalk2020,1557143820,US news,False,3,tgdataset_conspiracy_list
PatriotTechNews,1269492995,US news,False,3,tgdataset_conspiracy_list
patriottide,1399374664,US news,False,3,tgdataset_conspiracy_list
PatriotVoiceOfficial,1406599970,US news,False,3,tgdataset_conspiracy_list
PatriotWarRoom,1484456572,US news,False,3,tgdataset_conspiracy_list
patriotwwg1wga,1423762749,US news,False,3,tgdataset_conspiracy_list
PatriziaRametta,1236466378,US news,False,3,tgdataset_conspiracy_list
patton6966,1540454992,US news,False,3,tgdataset_conspiracy_list
PaulGoldingBlog,1387563596,US news,False,3,tgdataset_conspiracy_list
PaulSerranchannel,1189442596,US news,False,3,tgdataset_conspiracy_list
PB_Brawler,1211521767,US news,False,3,tgdataset_conspiracy_list
pbfcks,1240331672,US news,False,3,tgdataset_conspiracy_list
PBNOR,1486332058,US news,False,3,tgdataset_conspiracy_list
pbspokanecda,1334416414,US news,False,3,tgdataset_conspiracy_list
pcbullshit,1407410488,US news,False,3,tgdataset_conspiracy_list
pearlswisdoms,1403329737,US news,False,3,tgdataset_conspiracy_list
Pedo_Hunters_Channel,1340429295,US news,False,3,tgdataset_conspiracy_list
PedosExposed,1176576163,US news,False,3,tgdataset_conspiracy_list
PennsylvaniaAudit,1252009612,US news,False,3,tgdataset_conspiracy_list
pepebroadcastnetwork,1480598070,US news,False,3,tgdataset_conspiracy_list
PepeDeluxed,1224761681,US news,False,3,tgdataset_conspiracy_list
PepeMatter,1390659157,US news,False,3,tgdataset_conspiracy_list
peRsianbQy7777,1419087184,US news,False,3,tgdataset_conspiracy_list
PeterSalemiLiveAuth,1271685276,US news,False,3,tgdataset_conspiracy_list
phil_godlewskii,1577810626,US news,False,3,tgdataset_conspiracy_list
phillypb,1298034294,US news,False,3,tgdataset_conspiracy_list
phoenixfireredpill,1241525343,US news,False,3,tgdataset_conspiracy_list
Pi_An0n,1304530967,US news,False,3,tgdataset_conspiracy_list
Pipeline_8kun,1464166504,US news,False,3,tgdataset_conspiracy_list
pissedoffpatriot33,1499259459,World news,False,3,tgdataset_conspiracy_list
PissyLeaks,1303151288,US news,False,3,tgdataset_conspiracy_list
pizzagates,1163286544,US news,False,3,tgdataset_conspiracy_list
pjwnews,1459279278,US news,False,3,tgdataset_conspiracy_list
plainenglishchronicle,1483738043,World news,False,3,tgdataset_conspiracy_list
plasticgirlreport,1365605259,US news,False,3,tgdataset_conspiracy_list
pOakley,1423822876,US news,False,3,tgdataset_conspiracy_list
pol4chan,1293013534,World news,False,3,tgdataset_conspiracy_list
polbreaking,1063047573,World news,False,3,tgdataset_conspiracy_list
police_frequency,1136479756,US news,False,3,tgdataset_conspiracy_list
PoliceThePolice,1288090068,US news,False,3,tgdataset_conspiracy_list
politically_incorrect,1123462974,US news,False,3,tgdataset_conspiracy_list
politically_incorrectt,1497322528,US news,False,3,tgdataset_conspiracy_list
PoliticalMemes,1101425425,World news,False,3,tgdataset_conspiracy_list
politicalright,1443915582,US news,False,3,tgdataset_conspiracy_list
Politicsandreligionpredictions,1478510858,US news,False,3,tgdataset_conspiracy_list
politipsych,1235460875,US news,False,3,tgdataset_conspiracy_list
polsholywar,1298096309,US news,False,3,tgdataset_conspiracy_list
POntario,1224020762,US news,False,3,tgdataset_conspiracy_list
pookzta,1428550845,US news,False,3,tgdataset_conspiracy_list
popcornnewstv,1786493187,World news,False,3,tgdataset_conspiracy_list
PortlandsLiberation,1443672676,US news,False,3,tgdataset_conspiracy_list
Pouissant,1172885125,US news,False,3,tgdataset_conspiracy_list
poybs,1460323319,US news,False,3,tgdataset_conspiracy_list
POYMemeFarm,1312613991,US news,False,3,tgdataset_conspiracy_list
POYNews,1586155085,US news,False,3,tgdataset_conspiracy_list
praying_medic,1399139748,US news,False,3,tgdataset_conspiracy_list
PrayingMedicOfficial,1142999291,US news,False,3,tgdataset_conspiracy_list
PRAYtriots,1503815042,US news,False,3,tgdataset_conspiracy_list
PredatorGroomingAwareness,1424835583,World news,False,3,tgdataset_conspiracy_list
prensadia,1169812628,US news,False,3,tgdataset_conspiracy_list
presidentialelection2020,1216044700,US news,False,3,tgdataset_conspiracy_list
pressdogg,1264263256,US news,False,3,tgdataset_conspiracy_list
PressGuard,1423137378,US news,False,3,tgdataset_conspiracy_list
PRETTYWEIRD369,1161852453,US news,False,3,tgdataset_conspiracy_list
preventgensa,1178488958,World news,False,3,tgdataset_conspiracy_list
progreatbritain,1322265669,World news,False,3,tgdataset_conspiracy_list
Project_Logos,1290955497,US news,False,3,tgdataset_conspiracy_list
project_veritas,1200497997,US news,False,3,tgdataset_conspiracy_list
projectcamelotKerry,1499238445,US news,False,3,tgdataset_conspiracy_list
ProjectNemesis6692,1579322903,World news,False,3,tgdataset_conspiracy_list
ProjectSurvivor,1458215761,World news,False,3,tgdataset_conspiracy_list
ProtestsSouthAfrica,1481559919,World news,False,3,tgdataset_conspiracy_list
Proud_Goys,1338122650,US news,False,3,tgdataset_conspiracy_list
ProudAmericanNews,1472975436,US news,False,3,tgdataset_conspiracy_list
ProudBoysAlaskaNorthStar,1404605218,US news,False,3,tgdataset_conspiracy_list
proudboysaustralia,1478560988,US news,False,3,tgdataset_conspiracy_list
proudboysbritannia,1331707987,US news,False,3,tgdataset_conspiracy_list
proudboysLI,1398392863,US news,False,3,tgdataset_conspiracy_list
ProudboysPDX,1308022031,US news,False,3,tgdataset_conspiracy_list
proudboyspor,1166450825,US news,False,3,tgdataset_conspiracy_list
proudboysusa,1179907854,US news,False,3,tgdataset_conspiracy_list
proudtilldeath,1370916007,US news,False,3,tgdataset_conspiracy_list
prowhitefam,1421567872,US news,False,3,tgdataset_conspiracy_list
prowhitefam2,1744853182,World news,False,3,tgdataset_conspiracy_list
PrymeMinisterOriginalDripster17,1208912323,US news,False,3,tgdataset_conspiracy_list
PsychoticBreakNews,1549816296,US news,False,3,tgdataset_conspiracy_list
ptariot51,1219601659,US news,False,3,tgdataset_conspiracy_list
pTMPrh6ldaM0MTBh,1544344210,US news,False,3,tgdataset_conspiracy_list
PunisherBriefings,1462787865,US news,False,3,tgdataset_conspiracy_list
pureart99,1295863972,US news,False,3,tgdataset_conspiracy_list
PurgeOperationWarRoom,1379219983,US news,False,3,tgdataset_conspiracy_list
PussyPass,1152406866,US news,False,3,tgdataset_conspiracy_list
pwrhz,1294622384,US news,False,3,tgdataset_conspiracy_list
Q17_Awakening,1366504973,US news,False,3,tgdataset_conspiracy_list
q1non2,1182799949,US news,False,3,tgdataset_conspiracy_list
Q5DSpaCe,1266403987,US news,False,3,tgdataset_conspiracy_list
Q88178,1526253634,US news,False,3,tgdataset_conspiracy_list
Q_Anon8,1314530987,US news,False,3,tgdataset_conspiracy_list
Q_Piper,1381251191,US news,False,3,tgdataset_conspiracy_list
q_qanon,1563702507,US news,False,3,tgdataset_conspiracy_list
Q_Restart,1257178001,US news,False,3,tgdataset_conspiracy_list
Q_Tel411,1150067319,US news,False,3,tgdataset_conspiracy_list
Q_xowAT4Z3VQ,1218984147,US news,False,3,tgdataset_conspiracy_list
Qage2020,1160424990,US news,False,3,tgdataset_conspiracy_list
QAlertsApp,1397959859,US news,False,3,tgdataset_conspiracy_list
QandBBseventeen,1225601779,US news,False,3,tgdataset_conspiracy_list
qanon_general,1427351645,US news,False,3,tgdataset_conspiracy_list
QanonHub,1489563083,US news,False,3,tgdataset_conspiracy_list
QAnonInternationalInfo,1312239941,US news,False,3,tgdataset_conspiracy_list
QAnonMap,1198246506,US news,False,3,tgdataset_conspiracy_list
QanonMemes,1360035573,US news,False,3,tgdataset_conspiracy_list
qanonofficial,1238186694,US news,False,3,tgdataset_conspiracy_list
QAnonOfTheRepublic,1270851263,US news,False,3,tgdataset_conspiracy_list
qanonplus,1266621279,US news,False,3,tgdataset_conspiracy_list
QAnons_InstaFEED,1229842748,US news,False,3,tgdataset_conspiracy_list
QAnons_italia_WWG1WGA,1163064794,US news,False,3,tgdataset_conspiracy_list
QAreYouAwakeChannel,1248330220,US news,False,3,tgdataset_conspiracy_list
QArmy17,1151364622,US news,False,3,tgdataset_conspiracy_list
qateamchannel,1266652760,US news,False,3,tgdataset_conspiracy_list
QballSam,1273581117,US news,False,3,tgdataset_conspiracy_list
QC_automatic_tweets,1309911655,US news,False,3,tgdataset_conspiracy_list
Qdropsintel,1491621647,US news,False,3,tgdataset_conspiracy_list
QFrogman5326,1405291951,US news,False,3,tgdataset_conspiracy_list
QGAPaper,1487654262,US news,False,3,tgdataset_conspiracy_list
Qknows17,1393468460,US news,False,3,tgdataset_conspiracy_list
qkross2,1441819528,US news,False,3,tgdataset_conspiracy_list
QlobalChangeUK,1464751150,US news,False,3,tgdataset_conspiracy_list
QlobalChangeUS,1483979504,US news,False,3,tgdataset_conspiracy_list
QlobalChangeUSA,1214763885,US news,False,3,tgdataset_conspiracy_list
QNewsGodWinsChannel,1564517045,US news,False,3,tgdataset_conspiracy_list
QNewsOfficialTV,1487521699,US news,False,3,tgdataset_conspiracy_list
QNewsWorldWide,1322038065,US news,False,3,tgdataset_conspiracy_list
QNNmemes,1448810525,US news,False,3,tgdataset_conspiracy_list
qresearchnotableschannel,1322022982,US news,False,3,tgdataset_conspiracy_list
QSCHQQL,1473825311,US news,False,3,tgdataset_conspiracy_list
QSRdecodes,1328197089,US news,False,3,tgdataset_conspiracy_list
QStormForce,1488015076,US news,False,3,tgdataset_conspiracy_list
QsTridentChannel,1165700045,US news,False,3,tgdataset_conspiracy_list
Qswifearooo,1267516601,US news,False,3,tgdataset_conspiracy_list
Qtah_17,1308070514,US news,False,3,tgdataset_conspiracy_list
qtardnews,1385803508,US news,False,3,tgdataset_conspiracy_list
qthestormrider777,1459255169,US news,False,3,tgdataset_conspiracy_list
QtimeNetwork,1241986173,US news,False,3,tgdataset_conspiracy_list
QTimenews,1359828369,US news,False,3,tgdataset_conspiracy_list
QtPupsMom,1179154761,US news,False,3,tgdataset_conspiracy_list
Qtruenews,1277213613,US news,False,3,tgdataset_conspiracy_list
QTruthBombs,1201759723,US news,False,3,tgdataset_conspiracy_list
Quantum_ThinkTank,1398823096,US news,False,3,tgdataset_conspiracy_list
QuantumSquirrel,1417478501,US news,False,3,tgdataset_conspiracy_list
QuestforTruth88,1186390158,US news,False,3,tgdataset_conspiracy_list
QuietRiots,1397400999,US news,False,3,tgdataset_conspiracy_list
quitefranklytv,1398054984,US news,False,3,tgdataset_conspiracy_list
qukehighwalker,1408812178,US news,False,3,tgdataset_conspiracy_list
QUniversity,1331018627,US news,False,3,tgdataset_conspiracy_list
QureAnonMedia,1301368422,US news,False,3,tgdataset_conspiracy_list
QVINTAAETAS,1709192717,World news,False,3,tgdataset_conspiracy_list
qvlynnqplan,1448058340,US news,False,3,tgdataset_conspiracy_list
QWO17,1429321216,US news,False,3,tgdataset_conspiracy_list
r_breadtube,1139326004,US news,False,3,tgdataset_conspiracy_list
r_libertarian,1498313008,US news,False,3,tgdataset_conspiracy_list
r_Sino,1358257512,World news,False,3,tgdataset_conspiracy_list
r_WikiLeaks,1212403349,US news,False,3,tgdataset_conspiracy_list
rabbitholeadventures,1252796316,US news,False,3,tgdataset_conspiracy_list
rabbitorah,1395346184,US news,False,3,tgdataset_conspiracy_list
Rabbitse7enteen,1285954611,US news,False,3,tgdataset_conspiracy_list
RadixVerum,1284566682,US news,False,3,tgdataset_conspiracy_list
rafanidu,1122375452,World news,False,3,tgdataset_conspiracy_list
ragingdissident,1344036835,US news,False,3,tgdataset_conspiracy_list
Rainbow1214,1514292566,US news,False,3,tgdataset_conspiracy_list
RainMan925,1225155207,US news,False,3,tgdataset_conspiracy_list
RambaldisEye,1499178716,US news,False,3,tgdataset_conspiracy_list
Random_News_Channel,1449523984,US news,False,3,tgdataset_conspiracy_list
Random_Patriot,1174442706,US news,False,3,tgdataset_conspiracy_list
RandomAnonCh2,1309786207,US news,False,3,tgdataset_conspiracy_list
randomwaffen,1168714093,US news,False,3,tgdataset_conspiracy_list
rantachu,1430556710,US news,False,3,tgdataset_conspiracy_list
rants_raves_riots,1341451903,US news,False,3,tgdataset_conspiracy_list
ravenmoonstoneart,1388268658,US news,False,3,tgdataset_conspiracy_list
RAWQBoswin,1388741209,US news,False,3,tgdataset_conspiracy_list
RawTruthChannel,1322190943,US news,False,3,tgdataset_conspiracy_list
rcnewsnetwork,1298488831,US news,False,3,tgdataset_conspiracy_list
Re5iGam,1427150815,US news,False,3,tgdataset_conspiracy_list
reaInewstoday,1157478789,US news,False,3,tgdataset_conspiracy_list
real_DonaldJTrump,1462338131,US news,False,3,tgdataset_conspiracy_list
realAlexSheppard,1272491467,US news,False,3,tgdataset_conspiracy_list
realalternativenews,1368365091,US news,False,3,tgdataset_conspiracy_list
realAmericanProphet,1365605699,US news,False,3,tgdataset_conspiracy_list
RealCanadianNews,1692538789,US news,False,3,tgdataset_conspiracy_list
realCCrump,1231573324,US news,False,3,tgdataset_conspiracy_list
realchrissky,1338829305,US news,False,3,tgdataset_conspiracy_list
RealClearPolitics,1062453309,US news,False,3,tgdataset_conspiracy_list
RealCombatLVL,1708275513,US news,False,3,tgdataset_conspiracy_list
realDailyWire,1397865931,US news,False,3,tgdataset_conspiracy_list
RealDeanCain,1354127949,US news,False,3,tgdataset_conspiracy_list
RealDeplorablesLetsGoBrandon,1472115475,US news,False,3,tgdataset_conspiracy_list
RealDonaldoTrumpo,1420364954,US news,False,3,tgdataset_conspiracy_list
realDonaldTrumpTwitter,1406642790,US news,False,3,tgdataset_conspiracy_list
realdustinnemos,1402853185,US news,False,3,tgdataset_conspiracy_list
RealEMichaelJones,1493506330,US news,False,3,tgdataset_conspiracy_list
realevolutiontv,1299243727,US news,False,3,tgdataset_conspiracy_list
RealEyes_1776,1674490677,US news,False,3,tgdataset_conspiracy_list
RealGenFlynn,1395659502,US news,False,3,tgdataset_conspiracy_list
RealHealthRanger,1154349808,US news,False,3,tgdataset_conspiracy_list
Reality_Theories,1381044150,World news,False,3,tgdataset_conspiracy_list
realjaredhowe,1443498236,US news,False,3,tgdataset_conspiracy_list
realjenloh,1464643239,US news,False,3,tgdataset_conspiracy_list
RealJeremyOliver,1266384284,US news,False,3,tgdataset_conspiracy_list
realJohnQuent,1329029113,US news,False,3,tgdataset_conspiracy_list
realkamvtv,1414022014,US news,False,3,tgdataset_conspiracy_list
realKarliBonne,1391253363,US news,False,3,tgdataset_conspiracy_list
RealKrakenWood,1136853565,US news,False,3,tgdataset_conspiracy_list
RealMarjorieGreene,1300461016,US news,False,3,tgdataset_conspiracy_list
RealMarniHockenberg,1237600269,US news,False,3,tgdataset_conspiracy_list
realmflynnJR,1198634999,US news,False,3,tgdataset_conspiracy_list
RealMikeNificent,1186269784,US news,False,3,tgdataset_conspiracy_list
realmj12,1226650166,US news,False,3,tgdataset_conspiracy_list
realnewsfeed,1196673511,US news,False,3,tgdataset_conspiracy_list
realpatriotparty1776,1490788336,US news,False,3,tgdataset_conspiracy_list
realPatriotPoliticsResearch,1388338321,US news,False,3,tgdataset_conspiracy_list
RealPeterBoykin,1494986623,US news,False,3,tgdataset_conspiracy_list
REALPOSEIDON,1258427367,World news,False,3,tgdataset_conspiracy_list
realprconservative,1425696567,US news,False,3,tgdataset_conspiracy_list
REALQ911,1356155531,US news,False,3,tgdataset_conspiracy_list
RealRebelNews,1475754218,US news,False,3,tgdataset_conspiracy_list
realtommydaniels,1480597326,US news,False,3,tgdataset_conspiracy_list
realtrumptweet,1195345365,US news,False,3,tgdataset_conspiracy_list
realUniversalNEWS,1527889304,World news,False,3,tgdataset_conspiracy_list
realVeraPost,1397797186,US news,False,3,tgdataset_conspiracy_list
RealVincentJames,1225790696,US news,False,3,tgdataset_conspiracy_list
realWTFnews,1180787156,US news,False,3,tgdataset_conspiracy_list
realx22report,1358404526,US news,False,3,tgdataset_conspiracy_list
REAPERnewsandmedia,1465451119,World news,False,3,tgdataset_conspiracy_list
rebelnewsrelay,1326212941,US news,False,3,tgdataset_conspiracy_list
recallgavin,1445694499,US news,False,3,tgdataset_conspiracy_list
ReclaimGB,1444312329,World news,False,3,tgdataset_conspiracy_list
RedArrowPatriotChannel,1368445118,US news,False,3,tgdataset_conspiracy_list
redcapMAGA,1178172430,US news,False,3,tgdataset_conspiracy_list
RedditTop,1007454380,US news,False,3,tgdataset_conspiracy_list
redeyedrant,1268668222,US news,False,3,tgdataset_conspiracy_list
RedHatFrogs,1246008893,US news,False,3,tgdataset_conspiracy_list
redicetv,1192193228,US news,False,3,tgdataset_conspiracy_list
RedOctobrSupriseJusticeRuleofLaw,1372471149,US news,False,3,tgdataset_conspiracy_list
redpillbabee,1323879954,US news,False,3,tgdataset_conspiracy_list
Redpillcrusade,1174779075,US news,False,3,tgdataset_conspiracy_list
RedPillDealer4833,1362482073,US news,False,3,tgdataset_conspiracy_list
RedPilledReality,1497382253,World news,False,3,tgdataset_conspiracy_list
RedPillInc,1416776525,US news,False,3,tgdataset_conspiracy_list
RedPillLoungeNews,1290826117,US news,False,3,tgdataset_conspiracy_list
redpillmami,1430784273,US news,False,3,tgdataset_conspiracy_list
redpillpharma,1739790827,US news,False,3,tgdataset_conspiracy_list
redpillpharmacist,1167535778,US news,False,3,tgdataset_conspiracy_list
RedPillPharmacy,1168815860,US news,False,3,tgdataset_conspiracy_list
redpillusa1,1325367040,US news,False,3,tgdataset_conspiracy_list
regenermom,1301956626,US news,False,3,tgdataset_conspiracy_list
relentlesstruth,1151266435,US news,False,3,tgdataset_conspiracy_list
replytolinwood,1449344328,US news,False,3,tgdataset_conspiracy_list
Resignation_Anon,1393557802,US news,False,3,tgdataset_conspiracy_list
ResistingThyLies,1344271860,World news,False,3,tgdataset_conspiracy_list
ResistMarxism,1394795080,US news,False,3,tgdataset_conspiracy_list
ResisttheMainstream,1157262013,US news,False,3,tgdataset_conspiracy_list
restoredrepublic,1360270635,US news,False,3,tgdataset_conspiracy_list
restoreusa,1157577501,US news,False,3,tgdataset_conspiracy_list
RestoringLiberty,1559266136,US news,False,3,tgdataset_conspiracy_list
Restricted1900,1308609858,US news,False,3,tgdataset_conspiracy_list
returnofthemark,1489392719,US news,False,3,tgdataset_conspiracy_list
Revolution000017760000,1192705441,US news,False,3,tgdataset_conspiracy_list
ReWritingHistory2Q2Q,1313346588,US news,False,3,tgdataset_conspiracy_list
richardcitizenjournalist,1369047939,US news,False,3,tgdataset_conspiracy_list
RichardsonPost,1423060340,US news,False,3,tgdataset_conspiracy_list
RightSideBroadcastingNetwork,1484892948,US news,False,3,tgdataset_conspiracy_list
RightWingGuerillaMeditations,1437074954,US news,False,3,tgdataset_conspiracy_list
RileyMoses,1432104535,US news,False,3,tgdataset_conspiracy_list
riotarchive,1487232517,US news,False,3,tgdataset_conspiracy_list
riseupmassachusetts,1512046689,US news,False,3,tgdataset_conspiracy_list
ritual_murder1,1300533012,US news,False,3,tgdataset_conspiracy_list
RivingtonsGazette,1264357614,US news,False,3,tgdataset_conspiracy_list
RivrTStoptheMadness,1215016447,US news,False,3,tgdataset_conspiracy_list
RJZoom,1156666944,US news,False,3,tgdataset_conspiracy_list
RobbyStarbuck,1350594204,US news,False,3,tgdataset_conspiracy_list
robonewsnetwork,1100575806,US news,False,3,tgdataset_conspiracy_list
RobTheAntiNarrative,1195504181,US news,False,3,tgdataset_conspiracy_list
rockymountain_intel,1437701853,US news,False,3,tgdataset_conspiracy_list
rockynews,1372478722,US news,False,3,tgdataset_conspiracy_list
RogerStoneJr,1429376506,US news,False,3,tgdataset_conspiracy_list
RoguePatriots,1767818116,US news,False,3,tgdataset_conspiracy_list
romanadidulo,1211907549,US news,False,3,tgdataset_conspiracy_list
rottensmadhouse,1336962104,US news,False,3,tgdataset_conspiracy_list
RPGTVU,1458958948,US news,False,3,tgdataset_conspiracy_list
rsbnetwork,1327073191,US news,False,3,tgdataset_conspiracy_list
RSBNetwork_mv,1045794248,US news,False,3,tgdataset_conspiracy_list
RubberDuckFreedomForum,1203506200,US news,False,3,tgdataset_conspiracy_list
Rubidon,1231795594,World news,False,3,tgdataset_conspiracy_list
RudysFreedomNetwork,1425175376,US news,False,3,tgdataset_conspiracy_list
ruldophwest17,1441122499,US news,False,3,tgdataset_conspiracy_list
Russ_Ayers,1475826375,US news,False,3,tgdataset_conspiracy_list
russelljaygould,1485815632,US news,False,3,tgdataset_conspiracy_list
Russian_Insider,1229851332,World news,False,3,tgdataset_conspiracy_list
russiaworldlinks,1075513992,World news,False,3,tgdataset_conspiracy_list
RWBBQS,1355829537,US news,False,3,tgdataset_conspiracy_list
RyanAFournier,1493122667,US news,False,3,tgdataset_conspiracy_list
ryanmacpherson,1267235874,World news,False,3,tgdataset_conspiracy_list
sacproudboy,1784164501,US news,False,3,tgdataset_conspiracy_list
saddlebags_club,1779048460,US news,False,3,tgdataset_conspiracy_list
saltycrackernews,1372292457,US news,False,3,tgdataset_conspiracy_list
SaltySnickerpie,1374195915,US news,False,3,tgdataset_conspiracy_list
SamAdamZTN,1538928996,US news,False,3,tgdataset_conspiracy_list
SAMajorities4Trump,1401233634,US news,False,3,tgdataset_conspiracy_list
samanthamorlote,1122014578,US news,False,3,tgdataset_conspiracy_list
SamParkerSenate,1263188807,US news,False,3,tgdataset_conspiracy_list
sandmanproject,1187592817,US news,False,3,tgdataset_conspiracy_list
sandniggerhate,1424328938,World news,False,3,tgdataset_conspiracy_list
santasurfing,1175039331,US news,False,3,tgdataset_conspiracy_list
Sardonischer,1176547145,US news,False,3,tgdataset_conspiracy_list
saschagerecht,1498853195,US news,False,3,tgdataset_conspiracy_list
saveAssange,1216887177,US news,False,3,tgdataset_conspiracy_list
savechildrennow,1420697550,US news,False,3,tgdataset_conspiracy_list
scifiworld0,1377373233,US news,False,3,tgdataset_conspiracy_list
scottbrunswick,1751015742,US news,False,3,tgdataset_conspiracy_list
ScottMcKay,1416066997,US news,False,3,tgdataset_conspiracy_list
ScrewBigGov,1444450647,US news,False,3,tgdataset_conspiracy_list
SeanWilsonUKNews,1241526249,World news,False,3,tgdataset_conspiracy_list
SeaOfMudApparel,1479713925,US news,False,3,tgdataset_conspiracy_list
seattleproudboys,1396662103,US news,False,3,tgdataset_conspiracy_list
seccomms,1236313353,US news,False,3,tgdataset_conspiracy_list
secoastaldefence,1239188720,World news,False,3,tgdataset_conspiracy_list
SecretPapers,1229653093,World news,False,3,tgdataset_conspiracy_list
SecretSauceDocs,1557667475,US news,False,3,tgdataset_conspiracy_list
SeditionistMaterials,1231951133,World news,False,3,tgdataset_conspiracy_list
seektruth1,1321562942,US news,False,3,tgdataset_conspiracy_list
SeniorChaplain,1360560133,US news,False,3,tgdataset_conspiracy_list
sephbee,1179598226,US news,False,3,tgdataset_conspiracy_list
SerFerranteMemes,1550366207,US news,False,3,tgdataset_conspiracy_list
SergeantRobertHorton,1379892874,US news,False,3,tgdataset_conspiracy_list
SETexasProudBoys,1242598479,US news,False,3,tgdataset_conspiracy_list
Seventeen767777,1349224756,US news,False,3,tgdataset_conspiracy_list
seventeenseventysixpointtwo,1174556779,US news,False,3,tgdataset_conspiracy_list
seventeenthbattalion,1206398500,US news,False,3,tgdataset_conspiracy_list
sgmeme,1108775158,World news,False,3,tgdataset_conspiracy_list
SGTnewsNetwork,1422038988,US news,False,3,tgdataset_conspiracy_list
shadowman2020,1243708321,World news,False,3,tgdataset_conspiracy_list
shadowman_311,1173848870,US news,False,3,tgdataset_conspiracy_list
ShawnQ4u,1318813582,US news,False,3,tgdataset_conspiracy_list
sheeplebin,1194807566,US news,False,3,tgdataset_conspiracy_list
SheeQ17,1676752844,US news,False,3,tgdataset_conspiracy_list
sheeq1776,1743851414,US news,False,3,tgdataset_conspiracy_list
ShellShQck,1293946304,US news,False,3,tgdataset_conspiracy_list
sherigirlspatriotupdates,1468715557,US news,False,3,tgdataset_conspiracy_list
SheriLibertyAndFriends,1182055682,US news,False,3,tgdataset_conspiracy_list
shewokeup,1284476671,US news,False,3,tgdataset_conspiracy_list
shieldmaiden17_Q,1396266047,US news,False,3,tgdataset_conspiracy_list
shinesfresh,1438981656,US news,False,3,tgdataset_conspiracy_list
ShroodAwakening,1355219851,US news,False,3,tgdataset_conspiracy_list
SicillianGorillian,1476398772,US news,False,3,tgdataset_conspiracy_list
sidestreammedia,1299413630,US news,False,3,tgdataset_conspiracy_list
SidneyPowell,1488105748,US news,False,3,tgdataset_conspiracy_list
sight2020,1272514568,US news,False,3,tgdataset_conspiracy_list
SilentAsThunderQ,1343467297,US news,False,3,tgdataset_conspiracy_list
SilentNo_More,1483232508,US news,False,3,tgdataset_conspiracy_list
SJCPatriotLuncheons,1500723161,US news,False,3,tgdataset_conspiracy_list
slenderchan,1188460366,US news,False,3,tgdataset_conspiracy_list
Smiley369,1406180653,US news,False,3,tgdataset_conspiracy_list
SNAFUradio,1255407249,US news,False,3,tgdataset_conspiracy_list
SNLSnetwork,1167401469,US news,False,3,tgdataset_conspiracy_list
SocialGorillaHub,1314987249,US news,False,3,tgdataset_conspiracy_list
sohusatoday,1476487693,US news,False,3,tgdataset_conspiracy_list
SokratesXVII,1270162566,US news,False,3,tgdataset_conspiracy_list
somebitchiknow,1289043648,US news,False,3,tgdataset_conspiracy_list
SonnyThomasShow,1475605031,US news,False,3,tgdataset_conspiracy_list
SOSAmerica,1370832275,World news,False,3,tgdataset_conspiracy_list
sotten,1492500225,World news,False,3,tgdataset_conspiracy_list
SouthAfricanForeignCorp,1156303965,World news,False,3,tgdataset_conspiracy_list
SouthAfricaReports,1228474199,World news,False,3,tgdataset_conspiracy_list
southern_intel,1443589832,US news,False,3,tgdataset_conspiracy_list
SouthernDigestChannel,1462458436,US news,False,3,tgdataset_conspiracy_list
southernstars,1365636005,US news,False,3,tgdataset_conspiracy_list
SOVEREIGNCOLLECTIVE,1167032960,US news,False,3,tgdataset_conspiracy_list
SOVEREIGNCOLLECTIVE2,1157635503,US news,False,3,tgdataset_conspiracy_list
SovereignFarmsteader,1301407664,World news,False,3,tgdataset_conspiracy_list
spacecouch,1624254978,US news,False,3,tgdataset_conspiracy_list
SpaceForceGalacticFederation,1277530433,US news,False,3,tgdataset_conspiracy_list
SpaceNigger,1217423863,US news,False,3,tgdataset_conspiracy_list
SPEAKPROJECT,1491828725,US news,False,3,tgdataset_conspiracy_list
SpeakTruthWithoutFear,1439143475,US news,False,3,tgdataset_conspiracy_list
SpecialQForces,1576562559,US news,False,3,tgdataset_conspiracy_list
SpecOperator17,1406496719,US news,False,3,tgdataset_conspiracy_list
spequlo,1186014271,US news,False,3,tgdataset_conspiracy_list
SpiffForceLive,1302086965,US news,False,3,tgdataset_conspiracy_list
spoonguard1,1381031834,World news,False,3,tgdataset_conspiracy_list
spornts,1342169689,US news,False,3,tgdataset_conspiracy_list
spydernetlive,1444413956,US news,False,3,tgdataset_conspiracy_list
SpyGateDown,1621633219,US news,False,3,tgdataset_conspiracy_list
squadsquadsquad5w,1256579957,World news,False,3,tgdataset_conspiracy_list
SSG_Cue,1184806134,US news,False,3,tgdataset_conspiracy_list
SSG_PAIN,1187409172,US news,False,3,tgdataset_conspiracy_list
stalkerzoneTG,1377121949,World news,False,3,tgdataset_conspiracy_list
standbysurvivors,1157878978,US news,False,3,tgdataset_conspiracy_list
standforhealthfreedom,1276099901,US news,False,3,tgdataset_conspiracy_list
starseedsunited,1356018814,US news,False,3,tgdataset_conspiracy_list
starshiptruther,1472613266,US news,False,3,tgdataset_conspiracy_list
SteelTruthChannel,1154547394,US news,False,3,tgdataset_conspiracy_list
steve_bannon,1250848320,US news,False,3,tgdataset_conspiracy_list
Steve_Cortes,1151559496,US news,False,3,tgdataset_conspiracy_list
stevel_tt,1191707212,US news,False,3,tgdataset_conspiracy_list
SteveLaws19,1161434992,World news,False,3,tgdataset_conspiracy_list
StevenCrowder,1332495411,US news,False,3,tgdataset_conspiracy_list
stevenfranssen,1280128866,US news,False,3,tgdataset_conspiracy_list
stewpeters,1494502630,US news,False,3,tgdataset_conspiracy_list
stillnessinthestorm,1245206509,US news,False,3,tgdataset_conspiracy_list
STIPPLE78,1367736843,World news,False,3,tgdataset_conspiracy_list
StopandThinkNews,1400526750,US news,False,3,tgdataset_conspiracy_list
StopMediaBiasNw,1245367731,US news,False,3,tgdataset_conspiracy_list
StopSexTrafficking,1198067150,US news,False,3,tgdataset_conspiracy_list
stopthebias,1207229336,US news,False,3,tgdataset_conspiracy_list
stopthestea,1328706931,US news,False,3,tgdataset_conspiracy_list
StopWhiteSAGenocide,1227163562,World news,False,3,tgdataset_conspiracy_list
StormIsUponUs_Channel,1569987903,US news,False,3,tgdataset_conspiracy_list
StormIsUponUsJM,1276599884,US news,False,3,tgdataset_conspiracy_list
StormWarningMom,1168705167,World news,False,3,tgdataset_conspiracy_list
stormweatherchannel,1091409535,US news,False,3,tgdataset_conspiracy_list
stormypatriotjoe21,1337848451,US news,False,3,tgdataset_conspiracy_list
strategic_culture,1247494809,World news,False,3,tgdataset_conspiracy_list
straynews,1126905503,US news,False,3,tgdataset_conspiracy_list
strikeforce2021,1465036310,World news,False,3,tgdataset_conspiracy_list
Styxhexenhammer666Channel,1397897651,US news,False,3,tgdataset_conspiracy_list
su4yr,1230285340,US news,False,3,tgdataset_conspiracy_list
supercaramelo,1208076557,US news,False,3,tgdataset_conspiracy_list
Surensohn,1152995981,World news,False,3,tgdataset_conspiracy_list
SURFERLOVE,1239462493,US news,False,3,tgdataset_conspiracy_list
SusLightWorker777,1448303292,US news,False,3,tgdataset_conspiracy_list
swallowthepill,1206242982,US news,False,3,tgdataset_conspiracy_list
syriaalternativesnews,1108843148,World news,False,3,tgdataset_conspiracy_list
syriageneral,1107914026,World news,False,3,tgdataset_conspiracy_list
SyrianaAnalysis,1355978227,World news,False,3,tgdataset_conspiracy_list
syrianbaatheurope,1142439987,World news,False,3,tgdataset_conspiracy_list
syriangirlpartisan,1495448516,US news,False,3,tgdataset_conspiracy_list
syrianrebels,1093413841,World news,False,3,tgdataset_conspiracy_list
systemsecrets,1430896873,US news,False,3,tgdataset_conspiracy_list
t_21Wire,1193800465,US news,False,3,tgdataset_conspiracy_list
TacMediaNews,1365965138,US news,False,3,tgdataset_conspiracy_list
TakeTheOath,1434548666,US news,False,3,tgdataset_conspiracy_list
TamaraHaskin,1263328642,US news,False,3,tgdataset_conspiracy_list
tankversusfaggots,1315841686,US news,False,3,tgdataset_conspiracy_list
TAPQLD,1766868104,US news,False,3,tgdataset_conspiracy_list
TariqRamadan,1007739178,World news,False,3,tgdataset_conspiracy_list
tavern_dice,1166934969,US news,False,3,tgdataset_conspiracy_list
tcnewsnetwork,1303499243,US news,False,3,tgdataset_conspiracy_list
team1anons,1188824289,US news,False,3,tgdataset_conspiracy_list
TeamCollective,1582698114,US news,False,3,tgdataset_conspiracy_list
teaparty2,1229404802,US news,False,3,tgdataset_conspiracy_list
TedCruzTX,1282476287,US news,False,3,tgdataset_conspiracy_list
TekilaMokinBurd,1360654184,US news,False,3,tgdataset_conspiracy_list
teknein2,1376734703,US news,False,3,tgdataset_conspiracy_list
tennesseeneighborsforliberty,1288739650,US news,False,3,tgdataset_conspiracy_list
Teoanon17,1441012574,US news,False,3,tgdataset_conspiracy_list
TerriDahl05,1259066690,US news,False,3,tgdataset_conspiracy_list
TexasConstitionalistsWilCo,1319307986,US news,False,3,tgdataset_conspiracy_list
texasnatmov,1477109882,US news,False,3,tgdataset_conspiracy_list
texasristretto_news,1379422557,US news,False,3,tgdataset_conspiracy_list
TEXIT2021,1206219401,US news,False,3,tgdataset_conspiracy_list
TFTPofficial,1230839180,US news,False,3,tgdataset_conspiracy_list
TGAGlobal1,1351631850,US news,False,3,tgdataset_conspiracy_list
ThaDragonsDen,1284888815,US news,False,3,tgdataset_conspiracy_list
the_chosen_channel,1096582980,World news,False,3,tgdataset_conspiracy_list
The_Deplorable,1257330712,US news,False,3,tgdataset_conspiracy_list
The_Duran,1236164251,World news,False,3,tgdataset_conspiracy_list
the_globalist_agenda,1429394927,US news,False,3,tgdataset_conspiracy_list
the_good_people,1382038046,US news,False,3,tgdataset_conspiracy_list
The_Great_Reset_Info,1249107932,US news,False,3,tgdataset_conspiracy_list
The_Khazarian_Effect,1162710391,US news,False,3,tgdataset_conspiracy_list
The_Library_II,1483766496,US news,False,3,tgdataset_conspiracy_list
the_outposter,1377058784,US news,False,3,tgdataset_conspiracy_list
The_Roar_Rises,1414279706,US news,False,3,tgdataset_conspiracy_list
The_Saker,1333509028,World news,False,3,tgdataset_conspiracy_list
The_StormQ17,1428265917,US news,False,3,tgdataset_conspiracy_list
TheAmericanByzantine,1444117291,World news,False,3,tgdataset_conspiracy_list
TheAmericanJournal,1358598734,US news,False,3,tgdataset_conspiracy_list
TheAmericanWoman,1160031710,US news,False,3,tgdataset_conspiracy_list
TheAngryAlbertan,1371942543,US news,False,3,tgdataset_conspiracy_list
TheBlazeTV,1189125688,US news,False,3,tgdataset_conspiracy_list
thebrebroom,1582909819,US news,False,3,tgdataset_conspiracy_list
thebriefsbroadcast,1120655652,US news,False,3,tgdataset_conspiracy_list
TheBugabooNews,1238977799,US news,False,3,tgdataset_conspiracy_list
thecelestialchannel,1417350295,US news,False,3,tgdataset_conspiracy_list
TheCollectiveNetwork2,1545612241,US news,False,3,tgdataset_conspiracy_list
TheCollectiveNetworkArchive,1515065223,US news,False,3,tgdataset_conspiracy_list
TheColumbiaBugle,1496902944,US news,False,3,tgdataset_conspiracy_list
TheConservativeArsenal,1358792644,US news,False,3,tgdataset_conspiracy_list
TheConstitutionIsFun,1293986592,US news,False,3,tgdataset_conspiracy_list
thecsconservative,1294932356,US news,False,3,tgdataset_conspiracy_list
TheDeanzList,1241849559,US news,False,3,tgdataset_conspiracy_list
thedigitalpatriot,1164833863,US news,False,3,tgdataset_conspiracy_list
TheDigitalRevolution,1439136783,US news,False,3,tgdataset_conspiracy_list
TheDollarVigilante,1485708905,US news,False,3,tgdataset_conspiracy_list
thedonaldwin1,1338156615,US news,False,3,tgdataset_conspiracy_list
thedurancom,1216464646,US news,False,3,tgdataset_conspiracy_list
TheDutchOven,1279573442,World news,False,3,tgdataset_conspiracy_list
TheEpochTimes,1302616411,World news,False,3,tgdataset_conspiracy_list
theFallofCabal_Asia,1549378652,US news,False,3,tgdataset_conspiracy_list
thefalseflagnews,1369935797,US news,False,3,tgdataset_conspiracy_list
theferrymanstoll,1537563959,US news,False,3,tgdataset_conspiracy_list
TheForBritainMovement,1463044089,World news,False,3,tgdataset_conspiracy_list
TheFutureOfBritain,1352818632,World news,False,3,tgdataset_conspiracy_list
thegatewaypundit_news,1103986665,US news,False,3,tgdataset_conspiracy_list
thegaywhostrayed,1176468776,US news,False,3,tgdataset_conspiracy_list
TheGoodRebel17,1478518301,US news,False,3,tgdataset_conspiracy_list
THEGR8GLOBALAWAKENING,1495071015,US news,False,3,tgdataset_conspiracy_list
TheGrantReport,1255857896,US news,False,3,tgdataset_conspiracy_list
TheGreatAmerica20,1457584982,US news,False,3,tgdataset_conspiracy_list
thegreatawakecoach,1402802245,US news,False,3,tgdataset_conspiracy_list
TheGreatAwakening777,1251040178,US news,False,3,tgdataset_conspiracy_list
TheGreenSmurfs,1345157501,US news,False,3,tgdataset_conspiracy_list
thehakereport,1374488057,US news,False,3,tgdataset_conspiracy_list
thehallsofjusticewatchtower,1312012190,US news,False,3,tgdataset_conspiracy_list
TheHardTruthToSwollow,1372290216,US news,False,3,tgdataset_conspiracy_list
thehealthyamericanwithpeggyhall,1345746860,US news,False,3,tgdataset_conspiracy_list
TheHelenLee3,1524320328,US news,False,3,tgdataset_conspiracy_list
theinformedmama209,1253678656,US news,False,3,tgdataset_conspiracy_list
TheInsurrection,1474676628,US news,False,3,tgdataset_conspiracy_list
TheIntercessor,1453115621,US news,False,3,tgdataset_conspiracy_list
thekateawakening,1342732796,US news,False,3,tgdataset_conspiracy_list
TheKirbyQ,1477325262,US news,False,3,tgdataset_conspiracy_list
TheKrakenReport,1175329046,US news,False,3,tgdataset_conspiracy_list
Thelibertyobserver,1304474238,World news,False,3,tgdataset_conspiracy_list
TheLineMovement,1275414494,World news,False,3,tgdataset_conspiracy_list
themeitryx,1431381663,US news,False,3,tgdataset_conspiracy_list
TheMemeArsenal,1145067982,US news,False,3,tgdataset_conspiracy_list
TheMichaelSisco,1138001101,US news,False,3,tgdataset_conspiracy_list
TheMindFarmer,1406326211,US news,False,3,tgdataset_conspiracy_list
themonicamatthews,1292795111,US news,False,3,tgdataset_conspiracy_list
thenewnormal1488,1486568601,US news,False,3,tgdataset_conspiracy_list
theofficeofDonaldJTrump,1201088574,US news,False,3,tgdataset_conspiracy_list
TheOfficialE,1285995193,US news,False,3,tgdataset_conspiracy_list
TheOfficialSantino,1184870794,US news,False,3,tgdataset_conspiracy_list
TheOpenBookChannel,1319731162,US news,False,3,tgdataset_conspiracy_list
ThePartyofTrump,1200718143,US news,False,3,tgdataset_conspiracy_list
ThePatriot17,1344343968,US news,False,3,tgdataset_conspiracy_list
ThePatriotAU,1205299143,US news,False,3,tgdataset_conspiracy_list
ThePatriotCoallition,1486644968,US news,False,3,tgdataset_conspiracy_list
ThePatrioticTeacherChannel,1546474474,US news,False,3,tgdataset_conspiracy_list
ThePatriotsBridge,1614647524,US news,False,3,tgdataset_conspiracy_list
ThePatriotsParty,1146283218,US news,False,3,tgdataset_conspiracy_list
ThePatriotZonw,1432692220,US news,False,3,tgdataset_conspiracy_list
ThePeoplesBridge,1455594143,US news,False,3,tgdataset_conspiracy_list
thepetesantillishow,1175859683,US news,False,3,tgdataset_conspiracy_list
theplangermany,1212606718,US news,False,3,tgdataset_conspiracy_list
Thepotus45,1347582921,US news,False,3,tgdataset_conspiracy_list
ThePrisonersRecord,1409156722,US news,False,3,tgdataset_conspiracy_list
theprofessorsrecord,1340554071,US news,False,3,tgdataset_conspiracy_list
ThePrudentPatriot,1206090602,US news,False,3,tgdataset_conspiracy_list
ThePunisher_Q17,1488146725,US news,False,3,tgdataset_conspiracy_list
theqfileschannel,1349691988,US news,False,3,tgdataset_conspiracy_list
theralphretort,1364631906,US news,False,3,tgdataset_conspiracy_list
THEREALDIANAPRINCE,1445593024,US news,False,3,tgdataset_conspiracy_list
TheRealHouse,1203192434,World news,False,3,tgdataset_conspiracy_list
theREALIh8uJACK,1345869828,US news,False,3,tgdataset_conspiracy_list
TheRealKimShady,1152339833,US news,False,3,tgdataset_conspiracy_list
therealroseanne,1260091474,US news,False,3,tgdataset_conspiracy_list
theredpilledwife2,1380245804,US news,False,3,tgdataset_conspiracy_list
TheResistance1776,1125932134,US news,False,3,tgdataset_conspiracy_list
therevealreport,1402885003,US news,False,3,tgdataset_conspiracy_list
THERIGHTOUSWAY,1403539651,US news,False,3,tgdataset_conspiracy_list
therightsidenews,1351562606,US news,False,3,tgdataset_conspiracy_list
therightsidewithdougbillings,1494471836,US news,False,3,tgdataset_conspiracy_list
TheRightWing,1176481896,World news,False,3,tgdataset_conspiracy_list
TheSacredBlueTentChannel,1555966391,US news,False,3,tgdataset_conspiracy_list
thesearchforTRUTH,1227734955,US news,False,3,tgdataset_conspiracy_list
TheShoah,1387824452,US news,False,3,tgdataset_conspiracy_list
thesignsofthetimes,1236555834,US news,False,3,tgdataset_conspiracy_list
TheSouthWolf,1221524599,US news,False,3,tgdataset_conspiracy_list
thestellar1,1111840489,US news,False,3,tgdataset_conspiracy_list
TheStormHasArrived17,1410273150,US news,False,3,tgdataset_conspiracy_list
TheSturmisUponUs,1299727461,US news,False,3,tgdataset_conspiracy_list
TheTraveler_spreads_truth,1292443164,US news,False,3,tgdataset_conspiracy_list
TheTrumpist,1435947075,US news,False,3,tgdataset_conspiracy_list
TheTruthAboutCancer_Vaccines,1421147740,US news,False,3,tgdataset_conspiracy_list
TheTruthBeachTold,1401572976,US news,False,3,tgdataset_conspiracy_list
TheTruthPost,1299767415,US news,False,3,tgdataset_conspiracy_list
TheUnbearableGravyTrain,1200763101,US news,False,3,tgdataset_conspiracy_list
theverifieddigitalwarrior,1452824037,US news,False,3,tgdataset_conspiracy_list
TheVoiceOfEarth,1480115513,US news,False,3,tgdataset_conspiracy_list
TheVoiceofReason4ya,1235236301,US news,False,3,tgdataset_conspiracy_list
TheWashingtonPundit,1382201191,US news,False,3,tgdataset_conspiracy_list
TheWesternChauvinist,1336395926,US news,False,3,tgdataset_conspiracy_list
thewesterncollapse,1192074318,US news,False,3,tgdataset_conspiracy_list
TheWhite_Rabbit,1388743830,US news,False,3,tgdataset_conspiracy_list
TheWhiteGhost4,1518379843,US news,False,3,tgdataset_conspiracy_list
thewillwitt,1477144747,US news,False,3,tgdataset_conspiracy_list
TheWorldView,1125657758,World news,False,3,tgdataset_conspiracy_list
thewrongberet,1263742650,World news,False,3,tgdataset_conspiracy_list
TheyVote,1177106419,US news,False,3,tgdataset_conspiracy_list
theywillnotreplaceus,1389388551,US news,False,3,tgdataset_conspiracy_list
thezblog,1448783347,US news,False,3,tgdataset_conspiracy_list
ThinMint2,1302809019,US news,False,3,tgdataset_conspiracy_list
thiswelldefend,1215705388,US news,False,3,tgdataset_conspiracy_list
ThomasForOhio,1438200154,US news,False,3,tgdataset_conspiracy_list
THOTF,1180407961,US news,False,3,tgdataset_conspiracy_list
threepn,1498534218,World news,False,3,tgdataset_conspiracy_list
ThreeSpoons,1224841710,US news,False,3,tgdataset_conspiracy_list
TierneyRealNews,1472515422,US news,False,3,tgdataset_conspiracy_list
tietolouhos,1276472113,US news,False,3,tgdataset_conspiracy_list
TifaniesweT,1287167289,US news,False,3,tgdataset_conspiracy_list
TimeMatters,1326517595,US news,False,3,tgdataset_conspiracy_list
timetravel2111,1417269033,US news,False,3,tgdataset_conspiracy_list
Timmy17SeventySix,1512745363,US news,False,3,tgdataset_conspiracy_list
Tirefist,1165658425,US news,False,3,tgdataset_conspiracy_list
Tironianae,1255997890,US news,False,3,tgdataset_conspiracy_list
titansoftruth,1397975864,US news,False,3,tgdataset_conspiracy_list
TJPchannel,1478198916,US news,False,3,tgdataset_conspiracy_list
tlshaw1997public,1319693600,US news,False,3,tgdataset_conspiracy_list
tmcslive,1237884059,US news,False,3,tgdataset_conspiracy_list
tmufeed,1247829216,World news,False,3,tgdataset_conspiracy_list
toalibertarian,1116973991,US news,False,3,tgdataset_conspiracy_list
todayfreedom,1061707874,US news,False,3,tgdataset_conspiracy_list
TomEnglish1,1325643891,US news,False,3,tgdataset_conspiracy_list
tomfittonjw,1409887810,US news,False,3,tgdataset_conspiracy_list
TommyRobinsonNews,1479163323,US news,False,3,tgdataset_conspiracy_list
TomWhoKnows,1303000915,US news,False,3,tgdataset_conspiracy_list
Tony_Hovater,1449700943,US news,False,3,tgdataset_conspiracy_list
tonybalogna,1171619327,US news,False,3,tgdataset_conspiracy_list
ToreIsTheOG,1234649563,US news,False,3,tgdataset_conspiracy_list
toresaysPlus,1219913508,US news,False,3,tgdataset_conspiracy_list
toutiaoqushi,1458071717,World news,False,3,tgdataset_conspiracy_list
tpnup,1487026395,US news,False,3,tgdataset_conspiracy_list
TPUSA,1427137833,US news,False,3,tgdataset_conspiracy_list
TPVoverflowQDS,1589149297,US news,False,3,tgdataset_conspiracy_list
TPwaffenSS,1100809004,US news,False,3,tgdataset_conspiracy_list
TracybeanzOfficial,1153026272,US news,False,3,tgdataset_conspiracy_list
TraditionalBritainGroup,1412586803,World news,False,3,tgdataset_conspiracy_list
TraffickingCoverUps,1279869573,US news,False,3,tgdataset_conspiracy_list
tramp,1144906751,US news,False,3,tgdataset_conspiracy_list
transam0202,1415166628,US news,False,3,tgdataset_conspiracy_list
TribeOnQuest,1468051508,US news,False,3,tgdataset_conspiracy_list
TRIBUNALSforJUSTICE,1205177672,US news,False,3,tgdataset_conspiracy_list
TribunalWatch,1159392906,US news,False,3,tgdataset_conspiracy_list
TrippySauce,1470597053,US news,False,3,tgdataset_conspiracy_list
triumphnews,1477140492,US news,False,3,tgdataset_conspiracy_list
TRRMEDIA,1432713140,US news,False,3,tgdataset_conspiracy_list
truecanadianpatriots,1424767760,US news,False,3,tgdataset_conspiracy_list
TrueTVFactsoftheGlobe,1484259718,US news,False,3,tgdataset_conspiracy_list
trump,1279430055,US news,False,3,tgdataset_conspiracy_list
TRUMP19CO,1315990401,US news,False,3,tgdataset_conspiracy_list
trump88719,1475871815,US news,False,3,tgdataset_conspiracy_list
trump_maga_supporter,1578683734,US news,False,3,tgdataset_conspiracy_list
Trump_UNCENSORED_NEWS,1499173124,US news,False,3,tgdataset_conspiracy_list
TRUMP_WARRIORS,1323338444,US news,False,3,tgdataset_conspiracy_list
TrumpChannel,1459890679,US news,False,3,tgdataset_conspiracy_list
Trumpcomesback1,1184950898,US news,False,3,tgdataset_conspiracy_list
trumpetnews1,1210618765,World news,False,3,tgdataset_conspiracy_list
TrumpFacts4Peace,1189840787,US news,False,3,tgdataset_conspiracy_list
TrumpFans111,1194916563,US news,False,3,tgdataset_conspiracy_list
TrumpHub,1164244065,US news,False,3,tgdataset_conspiracy_list
TrumpIsRight,1511567537,US news,False,3,tgdataset_conspiracy_list
TrumpJr,1405021412,US news,False,3,tgdataset_conspiracy_list
TrumpKingQFS,1330672087,US news,False,3,tgdataset_conspiracy_list
TrumplovesAmerica1,1342754773,US news,False,3,tgdataset_conspiracy_list
TrumpNewsLive,1373150338,US news,False,3,tgdataset_conspiracy_list
TrumpRealNews,1342727325,US news,False,3,tgdataset_conspiracy_list
TrumpSource,1218540199,US news,False,3,tgdataset_conspiracy_list
TrumpStudents,1211729377,US news,False,3,tgdataset_conspiracy_list
TrumpsWarrior1776,1478469231,US news,False,3,tgdataset_conspiracy_list
TrumpTime,1453884828,US news,False,3,tgdataset_conspiracy_list
TrumpTrain123,1422072158,US news,False,3,tgdataset_conspiracy_list
TrumpTrains,1494141985,US news,False,3,tgdataset_conspiracy_list
trumptweets,1092496189,US news,False,3,tgdataset_conspiracy_list
TRUMPWON45,1349150504,US news,False,3,tgdataset_conspiracy_list
trunewsofficial,1301787388,US news,False,3,tgdataset_conspiracy_list
TRUreportingPosts,1443026296,US news,False,3,tgdataset_conspiracy_list
trustedsourceus,1548402628,US news,False,3,tgdataset_conspiracy_list
truthavengers,1337629862,US news,False,3,tgdataset_conspiracy_list
truthbetold4U,1220583366,US news,False,3,tgdataset_conspiracy_list
truthbybasya,1161865850,US news,False,3,tgdataset_conspiracy_list
truthdoctor,1379903122,US news,False,3,tgdataset_conspiracy_list
TruthForHope,1217773909,US news,False,3,tgdataset_conspiracy_list
TruthFromTheFront,1366332332,US news,False,3,tgdataset_conspiracy_list
truthful_hunden,1151880184,US news,False,3,tgdataset_conspiracy_list
TruthHammer,1314345034,US news,False,3,tgdataset_conspiracy_list
TruthHub,1449446770,US news,False,3,tgdataset_conspiracy_list
TruthIsOurFriendUSA,1453035000,US news,False,3,tgdataset_conspiracy_list
TruthLightLove4,1383449962,US news,False,3,tgdataset_conspiracy_list
TruthLoveFreedom,1422399919,US news,False,3,tgdataset_conspiracy_list
truthmoves,1665568141,World news,False,3,tgdataset_conspiracy_list
TruthNet,1356569269,US news,False,3,tgdataset_conspiracy_list
TRUTHREVEALEDCHANNEL,1275697756,US news,False,3,tgdataset_conspiracy_list
TRUTHSEEKlNG,1404915557,World news,False,3,tgdataset_conspiracy_list
TruthSkrilla,1354483169,US news,False,3,tgdataset_conspiracy_list
truthsocial17,1735417543,US news,False,3,tgdataset_conspiracy_list
TruthSparklesNow,1460430320,US news,False,3,tgdataset_conspiracy_list
truthspringseternal,1493197575,World news,False,3,tgdataset_conspiracy_list
TruthToPowerNews,1433070388,US news,False,3,tgdataset_conspiracy_list
tscig,1478433260,US news,False,3,tgdataset_conspiracy_list
Tsubame_no_Paradise,1455593048,World news,False,3,tgdataset_conspiracy_list
ttruthseekersnews,1193885825,US news,False,3,tgdataset_conspiracy_list
TulsaProudBoys,1243543670,US news,False,3,tgdataset_conspiracy_list
TwilightLastGleaming,1467882623,US news,False,3,tgdataset_conspiracy_list
TwiliteConspiracies84,1465396929,US news,False,3,tgdataset_conspiracy_list
TWIO2020,1219503509,World news,False,3,tgdataset_conspiracy_list
TX4MF,1320708012,US news,False,3,tgdataset_conspiracy_list
tylertimelord,1348784559,US news,False,3,tgdataset_conspiracy_list
UC4NA,1315602398,US news,False,3,tgdataset_conspiracy_list
UKAWAKE,1428555681,US news,False,3,tgdataset_conspiracy_list
UkPatriotsForFreedom,1297277047,US news,False,3,tgdataset_conspiracy_list
UKSTREETCRIME,1421073958,World news,False,3,tgdataset_conspiracy_list
ukstreetsoldier,1154985791,US news,False,3,tgdataset_conspiracy_list
UltimateMediaArchive,1484636568,World news,False,3,tgdataset_conspiracy_list
UnapologeticallyAmerican81,1340446668,US news,False,3,tgdataset_conspiracy_list
UncensoredAbe,1352140275,US news,False,3,tgdataset_conspiracy_list
uncensoredtruth2,1155648940,US news,False,3,tgdataset_conspiracy_list
UncoverDCOfficial,1487758395,US news,False,3,tgdataset_conspiracy_list
unframedminds,1344019905,US news,False,3,tgdataset_conspiracy_list
UnitedFreePatriots,1257659419,US news,False,3,tgdataset_conspiracy_list
UniteTheRightUK,1439969650,World news,False,3,tgdataset_conspiracy_list
UniversesOfLightWhoAreYou,1406148729,US news,False,3,tgdataset_conspiracy_list
unlimitedhangout,1179556108,US news,False,3,tgdataset_conspiracy_list
UnMaskOurKidsChicago,1493904837,US news,False,3,tgdataset_conspiracy_list
UnprecedentedNewsNet,1262306869,US news,False,3,tgdataset_conspiracy_list
UnviversalKnowledge,1464261125,World news,False,3,tgdataset_conspiracy_list
UNZ_Com,1417820854,US news,False,3,tgdataset_conspiracy_list
UpFrontNews,1200679795,US news,False,3,tgdataset_conspiracy_list
UpMyVibeOG,1462401846,US news,False,3,tgdataset_conspiracy_list
uprisingtoday,1176729461,World news,False,3,tgdataset_conspiracy_list
UpsideDownClownWorld,1198528576,US news,False,3,tgdataset_conspiracy_list
USA_2020_election_fraud_channel,1269214562,US news,False,3,tgdataset_conspiracy_list
USAHappenings,1251889619,US news,False,3,tgdataset_conspiracy_list
uspatriotchannel,1536194623,US news,False,3,tgdataset_conspiracy_list
usvoterfraud,1424398008,US news,False,3,tgdataset_conspiracy_list
utahrevival,1213051894,US news,False,3,tgdataset_conspiracy_list
vdare,1299807208,US news,False,3,tgdataset_conspiracy_list
veritaso,1479887627,US news,False,3,tgdataset_conspiracy_list
VernonJones,1490966154,US news,False,3,tgdataset_conspiracy_list
veteranlivesmatter,1432210380,US news,False,3,tgdataset_conspiracy_list
VeteranPatriots,1122556365,US news,False,3,tgdataset_conspiracy_list
VickiMcKennaShow,1482238540,US news,False,3,tgdataset_conspiracy_list
VickyTheRedSparrow,1569129567,US news,False,3,tgdataset_conspiracy_list
VideoFeeds,1050168644,US news,False,3,tgdataset_conspiracy_list
vigilante1,1490074912,US news,False,3,tgdataset_conspiracy_list
vigilantpatriQt,1189299454,US news,False,3,tgdataset_conspiracy_list
VinceDao,1283844820,US news,False,3,tgdataset_conspiracy_list
vincentjamesfans,1305846362,US news,False,3,tgdataset_conspiracy_list
virtueascending,1253186867,US news,False,3,tgdataset_conspiracy_list
visegradtv,1290229693,World news,False,3,tgdataset_conspiracy_list
voiceofeurope,1343559815,World news,False,3,tgdataset_conspiracy_list
VoiceOfWales,1467702947,World news,False,3,tgdataset_conspiracy_list
Voltron4444,1773840901,US news,False,3,tgdataset_conspiracy_list
VoteLizHarris,1486727656,US news,False,3,tgdataset_conspiracy_list
VoterApathyParty01,1137951778,US news,False,3,tgdataset_conspiracy_list
VPJFKJR,1783501072,US news,False,3,tgdataset_conspiracy_list
Vyctoria1,1203212838,US news,False,3,tgdataset_conspiracy_list
W_IN_FIRE,1150273594,World news,False,3,tgdataset_conspiracy_list
WA3Percent,1458622452,US news,False,3,tgdataset_conspiracy_list
WahingtonPR,1425036357,US news,False,3,tgdataset_conspiracy_list
waifunationalism,1227220433,US news,False,3,tgdataset_conspiracy_list
wakepeopleupchannel,1263176970,US news,False,3,tgdataset_conspiracy_list
wakeprayriseup,1147005659,US news,False,3,tgdataset_conspiracy_list
wakeupuk,1308265466,World news,False,3,tgdataset_conspiracy_list
WakingWorld,1145892329,World news,False,3,tgdataset_conspiracy_list
walrus_fren,1236426302,US news,False,3,tgdataset_conspiracy_list
war_and_media1,1150023366,US news,False,3,tgdataset_conspiracy_list
warbleedinghearts,1454177731,US news,False,3,tgdataset_conspiracy_list
warhorsescanada,1615348977,US news,False,3,tgdataset_conspiracy_list
WarOnWhites1,1463909218,US news,False,3,tgdataset_conspiracy_list
WARPIGmemes,1141493048,US news,False,3,tgdataset_conspiracy_list
WarRoomCCPVirus,1307123389,US news,False,3,tgdataset_conspiracy_list
watchmennational,1591223345,US news,False,3,tgdataset_conspiracy_list
waterqooler,1523797912,US news,False,3,tgdataset_conspiracy_list
WCAI_Canada,1456268009,World news,False,3,tgdataset_conspiracy_list
we_are_the_news_now,1240157878,US news,False,3,tgdataset_conspiracy_list
WeaponizedOpinions,1353327538,US news,False,3,tgdataset_conspiracy_list
weareallunited,1406494756,US news,False,3,tgdataset_conspiracy_list
WeAreAwake,1305802033,World news,False,3,tgdataset_conspiracy_list
wearenewjersey,1537244776,US news,False,3,tgdataset_conspiracy_list
wearethecure1,1216442906,US news,False,3,tgdataset_conspiracy_list
WeAreTheMediia,1302315012,US news,False,3,tgdataset_conspiracy_list
WeAreTheNewsDelaware,1551280944,US news,False,3,tgdataset_conspiracy_list
wearethenewsnow2020,1381629019,US news,False,3,tgdataset_conspiracy_list
WeAreTheNewsNQW,1477226289,US news,False,3,tgdataset_conspiracy_list
WeimarWorld,1302487789,World news,False,3,tgdataset_conspiracy_list
Weimerica,1297179301,US news,False,3,tgdataset_conspiracy_list
weirdshitthatshouldntexist,1302937877,US news,False,3,tgdataset_conspiracy_list
WeLoveTrumpNoah,1484632264,US news,False,3,tgdataset_conspiracy_list
WendiStrauchMahoneyUDC,1444422849,US news,False,3,tgdataset_conspiracy_list
westcoast_intel,1493064098,US news,False,3,tgdataset_conspiracy_list
westerncivilizationRenaissance,1185482072,US news,False,3,tgdataset_conspiracy_list
westernmediacompany,1577487235,US news,False,3,tgdataset_conspiracy_list
WesternRestoration1,1200867365,US news,False,3,tgdataset_conspiracy_list
WeTheMedia,1161789591,US news,False,3,tgdataset_conspiracy_list
WeTheNews,1380887229,US news,False,3,tgdataset_conspiracy_list
WETHENEWZTV,1517501220,US news,False,3,tgdataset_conspiracy_list
WeThePatriotic,1399334911,US news,False,3,tgdataset_conspiracy_list
WeThePeople_News,1166343771,US news,False,3,tgdataset_conspiracy_list
WeThePeopleAreSovereign,1320715855,US news,False,3,tgdataset_conspiracy_list
wethepeoplenc,1301124342,US news,False,3,tgdataset_conspiracy_list
wethepeoplenews,1349310816,US news,False,3,tgdataset_conspiracy_list
wethepeopleworldwide,1257157877,US news,False,3,tgdataset_conspiracy_list
wethevoice,1332960900,US news,False,3,tgdataset_conspiracy_list
WEWILLNOTBEND,1415610619,US news,False,3,tgdataset_conspiracy_list
whatchadoinjews,1366262904,US news,False,3,tgdataset_conspiracy_list
WhenWeGo1WeGoAll,1588993828,US news,False,3,tgdataset_conspiracy_list
Whiplash347,1168034208,US news,False,3,tgdataset_conspiracy_list
WhiteHatsQ,1792776994,US news,False,3,tgdataset_conspiracy_list
WhiteIsRight,1080916148,US news,False,3,tgdataset_conspiracy_list
WhiteManNews,1400276933,World news,False,3,tgdataset_conspiracy_list
whitenewz,1427113610,US news,False,3,tgdataset_conspiracy_list
whitepride2020,1461773296,US news,False,3,tgdataset_conspiracy_list
WhiteRabbitMedia,1072215557,US news,False,3,tgdataset_conspiracy_list
whiterabbitradio,1464394988,US news,False,3,tgdataset_conspiracy_list
whiteresistance,1139521909,World news,False,3,tgdataset_conspiracy_list
wideAwakeQ17,1530947087,US news,False,3,tgdataset_conspiracy_list
wildworldofcontrol,1403306129,US news,False,3,tgdataset_conspiracy_list
WILFMoseder,1342124678,US news,False,3,tgdataset_conspiracy_list
Willempetzer,1369909057,World news,False,3,tgdataset_conspiracy_list
willsharesinfo,1372635171,US news,False,3,tgdataset_conspiracy_list
winkysknowledge,1329656217,US news,False,3,tgdataset_conspiracy_list
WisconsinProud,1435515207,US news,False,3,tgdataset_conspiracy_list
WiseEnough,1227118362,US news,False,3,tgdataset_conspiracy_list
wissenmachtfrei,1205709210,US news,False,3,tgdataset_conspiracy_list
WLM_UNITY,1379408173,World news,False,3,tgdataset_conspiracy_list
WokeIntelDrops,1367929169,US news,False,3,tgdataset_conspiracy_list
wokewestindian,1239514896,US news,False,3,tgdataset_conspiracy_list
WomenLifeFreedom,1121660100,World news,False,3,tgdataset_conspiracy_list
wooblieIWW,1481327912,World news,False,3,tgdataset_conspiracy_list
WorldAwakeningTrueNews,1248029563,US news,False,3,tgdataset_conspiracy_list
WorldLineZero,1485289066,US news,False,3,tgdataset_conspiracy_list
WorldRevolutionary,1221047149,World news,False,3,tgdataset_conspiracy_list
worldtsar,1475246856,World news,False,3,tgdataset_conspiracy_list
worldwire,1288954482,US news,False,3,tgdataset_conspiracy_list
WrennSpencer,1173174070,US news,False,3,tgdataset_conspiracy_list
writesideblondeontelegram,1778919596,US news,False,3,tgdataset_conspiracy_list
wtfup115,1416655476,US news,False,3,tgdataset_conspiracy_list
WV_Mountaineers,1266653502,US news,False,3,tgdataset_conspiracy_list
WW3INFO,1220318149,World news,False,3,tgdataset_conspiracy_list
wwg1wga_love_news,1160507923,US news,False,3,tgdataset_conspiracy_list
wwg1wgauk2020,1207073394,US news,False,3,tgdataset_conspiracy_list
WWJDWWG1WGA,1213894293,US news,False,3,tgdataset_conspiracy_list
WWWWJusticeIsHere,1534598074,World news,False,3,tgdataset_conspiracy_list
xpatriotsalliancex,1434693647,US news,False,3,tgdataset_conspiracy_list
xRebelxRebelx,1507887521,US news,False,3,tgdataset_conspiracy_list
xrrssfeed,1491973165,World news,False,3,tgdataset_conspiracy_list
XxPLWxXChannel,1433750553,World news,False,3,tgdataset_conspiracy_list
yeetpeepsdaily,1373166626,US news,False,3,tgdataset_conspiracy_list
yellowvestcanada,1444391470,US news,False,3,tgdataset_conspiracy_list
YerevanLights,1330894761,World news,False,3,tgdataset_conspiracy_list
YidTel,1003193104,World news,False,3,tgdataset_conspiracy_list
Yorkshirepatriots,1402666016,World news,False,3,tgdataset_conspiracy_list
youllfindout,1470973961,US news,False,3,tgdataset_conspiracy_list
youshuigongming,1377801388,World news,False,3,tgdataset_conspiracy_list
YouTubeTerminatedChannel,1487061068,US news,False,3,tgdataset_conspiracy_list
youtubewrongthink,1495446642,US news,False,3,tgdataset_conspiracy_list
ytraptoirtapeht,1451641220,US news,False,3,tgdataset_conspiracy_list
yurismediaroom,1365644628,US news,False,3,tgdataset_conspiracy_list
yuriwarnedus,1179463210,US news,False,3,tgdataset_conspiracy_list
ZA_future_of_the_West,1176223343,World news,False,3,tgdataset_conspiracy_list
ZeFunhouse,1160792386,US news,False,3,tgdataset_conspiracy_list
zerohedge,1047000621,US news,False,3,tgdataset_conspiracy_list
Zoomer_Waffen,1279055968,US news,False,3,tgdataset_conspiracy_list
Zoomerwaffen5,1543164824,US news,False,3,tgdataset_conspiracy_list
zuccmems,1102582356,US news,False,3,tgdataset_conspiracy_list
Account_Bin,1278609495,Carding,False,4,tgdataset_conspiracy_list
affixhacks,1490874208,Carding,False,4,tgdataset_conspiracy_list
ARABCR3W,1499918863,Carding,False,4,tgdataset_conspiracy_list
bakchodiiii,1227669317,Carding,False,4,tgdataset_conspiracy_list
BINNERS_GEY,1476235368,Carding,False,4,tgdataset_conspiracy_list
BINSPREMIUMHQ,1206950631,Carding,False,4,tgdataset_conspiracy_list
Dragonsconvenant,1204443704,Carding,False,4,tgdataset_conspiracy_list
evilbin,1333462129,Carding,False,4,tgdataset_conspiracy_list
freehere,1297779273,Carding,False,4,tgdataset_conspiracy_list
giveaway8728,1400745816,Carding,False,4,tgdataset_conspiracy_list
hackingcource12,1246024692,Carding,False,4,tgdataset_conspiracy_list
HackWiz,1382826723,Carding,False,4,tgdataset_conspiracy_list
heaven_officially,1463833162,Carding,False,4,tgdataset_conspiracy_list
Hunter11821,1401197463,Carding,False,4,tgdataset_conspiracy_list
HutterGiveaways,1458581831,Carding,False,4,tgdataset_conspiracy_list
kingjayvpn,1188748532,Carding,False,4,tgdataset_conspiracy_list
KurdishAccounts,1479942142,Carding,False,4,tgdataset_conspiracy_list
MasterOwl_RSS,1558755078,Carding,False,4,tgdataset_conspiracy_list
MASTERS_UNITED,1439648675,Carding,False,4,tgdataset_conspiracy_list
netflixpremiumgiveaways,1417204829,Carding,False,4,tgdataset_conspiracy_list
PaidUdemyCoursesForFree1,1244833069,Carding,False,4,tgdataset_conspiracy_list
plethoraupdates,1457324215,Carding,False,4,tgdataset_conspiracy_list
premium_collection_in,1325979340,Carding,False,4,tgdataset_conspiracy_list
prenium_bins,1349260205,Carding,False,4,tgdataset_conspiracy_list
SoulBinnerz,1319177662,Carding,False,4,tgdataset_conspiracy_list
Tamilprobinner,1401720973,Carding,False,4,tgdataset_conspiracy_list
TECH_HU8,1368267991,Carding,False,4,tgdataset_conspiracy_list
tricksofficialchannel,1308962869,Carding,False,4,tgdataset_conspiracy_list
unknownlegendz,1250991249,Carding,False,4,tgdataset_conspiracy_list
AshWSB,1220639536,Crypto,False,5,tgdataset_conspiracy_list
avestagroupuz,1110176833,Crypto,False,5,tgdataset_conspiracy_list
BankerX,1476213947,Crypto,False,5,tgdataset_conspiracy_list
bannedbearcalls,1159405146,Crypto,False,5,tgdataset_conspiracy_list
basedbiztelegram,1182941312,Crypto,False,5,tgdataset_conspiracy_list
bearmageddon,1368096171,Crypto,False,5,tgdataset_conspiracy_list
bitcoin,1193342710,Crypto,False,5,tgdataset_conspiracy_list
Bitcoin_Ethereum_Trading,1397190462,Crypto,False,5,tgdataset_conspiracy_list
bitcoinchannel,1002334729,Crypto,False,5,tgdataset_conspiracy_list
BitcoinKarl,1253414641,Crypto,False,5,tgdataset_conspiracy_list
bitcoinmemes,1124828542,Crypto,False,5,tgdataset_conspiracy_list
bitcoinsignals,1007486324,Crypto,False,5,tgdataset_conspiracy_list
BitcoinSniper,1131948783,Crypto,False,5,tgdataset_conspiracy_list
blockchain_lobsters,1249177227,Crypto,False,5,tgdataset_conspiracy_list
blocktroll,1296962512,Crypto,False,5,tgdataset_conspiracy_list
boxminingChannel,1107082956,Crypto,False,5,tgdataset_conspiracy_list
BrieflyCrypto,1402924472,Crypto,False,5,tgdataset_conspiracy_list
bullionbitcoinbs,1441410644,Crypto,False,5,tgdataset_conspiracy_list
bullionstacking,1749556912,Crypto,False,5,tgdataset_conspiracy_list
canalexrp,1296078003,Crypto,False,5,tgdataset_conspiracy_list
cbinsider,1375055530,Crypto,False,5,tgdataset_conspiracy_list
cointified,1122431657,Crypto,False,5,tgdataset_conspiracy_list
cotichannel,1380127822,Crypto,False,5,tgdataset_conspiracy_list
Crypto_Binance_Trading,1448562668,Crypto,False,5,tgdataset_conspiracy_list
crypto_meme,1294779542,Crypto,False,5,tgdataset_conspiracy_list
crypto_nats,1187207393,Crypto,False,5,tgdataset_conspiracy_list
Crypto_Trading_Bitcoinf,1248722110,Crypto,False,5,tgdataset_conspiracy_list
CryptoAlerts,1096895462,Crypto,False,5,tgdataset_conspiracy_list
CryptoArnieANN,1382446037,Crypto,False,5,tgdataset_conspiracy_list
cryptobullet,1126647644,Crypto,False,5,tgdataset_conspiracy_list
cryptobuyit,1590710568,Crypto,False,5,tgdataset_conspiracy_list
CryptoCoinsCoach,1230368984,Crypto,False,5,tgdataset_conspiracy_list
cryptodakuofficial,1350816112,Crypto,False,5,tgdataset_conspiracy_list
cryptokings25,1294498041,Crypto,False,5,tgdataset_conspiracy_list
CryptoMarketUpdates,1172702125,Crypto,False,5,tgdataset_conspiracy_list
cryptomaymay,1294337112,Crypto,False,5,tgdataset_conspiracy_list
CryptoNewsNowGAB,1180085170,Crypto,False,5,tgdataset_conspiracy_list
CryptoRankNews,1283043045,Crypto,False,5,tgdataset_conspiracy_list
cryptorhythmsofficial,1336270112,Crypto,False,5,tgdataset_conspiracy_list
CryptoSurge_ANN,1118068912,Crypto,False,5,tgdataset_conspiracy_list
cryptotafree,1411727943,Crypto,False,5,tgdataset_conspiracy_list
CryptoTrades,1453187298,Crypto,False,5,tgdataset_conspiracy_list
CryptoTree07,1143702879,Crypto,False,5,tgdataset_conspiracy_list
cryptovigilante,1275363170,Crypto,False,5,tgdataset_conspiracy_list
CryptoVigilanteANN,1422411115,Crypto,False,5,tgdataset_conspiracy_list
CryptoVigilanteNews,1424181219,Crypto,False,5,tgdataset_conspiracy_list
CryptoWorldICOs,1442441936,Crypto,False,5,tgdataset_conspiracy_list
DeCenterOrg,1106651141,Crypto,False,5,tgdataset_conspiracy_list
defi_nft21,1282069438,Crypto,False,5,tgdataset_conspiracy_list
defiprime,1448623236,Crypto,False,5,tgdataset_conspiracy_list
Dollarvigilante1,1186582524,Crypto,False,5,tgdataset_conspiracy_list
elisascharts,1499279202,Crypto,False,5,tgdataset_conspiracy_list
elon_musk,1454060251,Crypto,False,5,tgdataset_conspiracy_list
financialright,1475396076,Crypto,False,5,tgdataset_conspiracy_list
GeishaFeed,1143934333,Crypto,False,5,tgdataset_conspiracy_list
globalcryptoinvestment,1372160682,Crypto,False,5,tgdataset_conspiracy_list
Goldaktien,1363703958,Crypto,False,5,tgdataset_conspiracy_list
HEXnews,1285957865,Crypto,False,5,tgdataset_conspiracy_list
iCrypto,1148885990,Crypto,False,5,tgdataset_conspiracy_list
infocryptosignals,1122153023,Crypto,False,5,tgdataset_conspiracy_list
internationalcryptoassociation,1372361429,Crypto,False,5,tgdataset_conspiracy_list
investkaki,1495726175,Crypto,False,5,tgdataset_conspiracy_list
itubernews,1121803054,Crypto,False,5,tgdataset_conspiracy_list
joescrypt,1267247632,Crypto,False,5,tgdataset_conspiracy_list
kryptsu,1382553448,Crypto,False,5,tgdataset_conspiracy_list
missnatoshisvikings,1234490274,Crypto,False,5,tgdataset_conspiracy_list
MoneroEconomicForum,1196988334,Crypto,False,5,tgdataset_conspiracy_list
MoneroOrangePills,1355176989,Crypto,False,5,tgdataset_conspiracy_list
News_4CTrading,1239798543,Crypto,False,5,tgdataset_conspiracy_list
OccupyWallStreet2,1457955475,Crypto,False,5,tgdataset_conspiracy_list
OhHeyMattyAnnouncement,1138946879,Crypto,False,5,tgdataset_conspiracy_list
OhHeyMattyOfficialANN,1181638206,Crypto,False,5,tgdataset_conspiracy_list
patronsofthemoon,1310455426,Crypto,False,5,tgdataset_conspiracy_list
presearchnews,1258168906,Crypto,False,5,tgdataset_conspiracy_list
Pro_Crypto_Signals,1331548246,Crypto,False,5,tgdataset_conspiracy_list
ProAnalysisTrader,1142667341,Crypto,False,5,tgdataset_conspiracy_list
ProjectSeraphim,1436044426,Crypto,False,5,tgdataset_conspiracy_list
pSquare_Channel,1202459647,Crypto,False,5,tgdataset_conspiracy_list
QSINEWSCA,1626872786,Crypto,False,5,tgdataset_conspiracy_list
QuantumStellarInitiative,1240702351,Crypto,False,5,tgdataset_conspiracy_list
r_Bitcoin,1062141011,Crypto,False,5,tgdataset_conspiracy_list
rektplebs,1303782697,Crypto,False,5,tgdataset_conspiracy_list
RichardsCalls,1196195622,Crypto,False,5,tgdataset_conspiracy_list
rssfeed4chanbiz,1147441552,Crypto,False,5,tgdataset_conspiracy_list
saylorsays,1193649654,Crypto,False,5,tgdataset_conspiracy_list
signals_binance_trading,1228866082,Crypto,False,5,tgdataset_conspiracy_list
slashbizchannel,1761523256,Crypto,False,5,tgdataset_conspiracy_list
spaceport,1307072826,Crypto,False,5,tgdataset_conspiracy_list
StreetTraderFx,1222201037,Crypto,False,5,tgdataset_conspiracy_list
synergygolubyev,1329118245,Crypto,False,5,tgdataset_conspiracy_list
TechCryptoAnalyst,1349397698,Crypto,False,5,tgdataset_conspiracy_list
tehmoonwalkin,1213985125,Crypto,False,5,tgdataset_conspiracy_list
TheBabylonians,1472868324,Crypto,False,5,tgdataset_conspiracy_list
thebull_crypto,1382986975,Crypto,False,5,tgdataset_conspiracy_list
thedailyape,1282692145,Crypto,False,5,tgdataset_conspiracy_list
TheTradeLog,1337575016,Crypto,False,5,tgdataset_conspiracy_list
TMGChannel,1470459355,Crypto,False,5,tgdataset_conspiracy_list
TradeLogIN,1202196785,Crypto,False,5,tgdataset_conspiracy_list
traderanalysis,1132361878,Crypto,False,5,tgdataset_conspiracy_list
unfolded,1358788312,Crypto,False,5,tgdataset_conspiracy_list
voluntarily_e,1545641939,Crypto,False,5,tgdataset_conspiracy_list
WallStreetBetsReddit,1430657641,Crypto,False,5,tgdataset_conspiracy_list
WallStreetSilver,1474665256,Crypto,False,5,tgdataset_conspiracy_list
WolfCryptoAnnounce,1353096619,Crypto,False,5,tgdataset_conspiracy_list
xrpnewsuk,1356829585,Crypto,False,5,tgdataset_conspiracy_list
zettt_trading,1303575202,Crypto,False,5,tgdataset_conspiracy_list
Aaronart,1476544117,Religion,False,6,tgdataset_conspiracy_list
abluesoul,1190225366,Religion,False,6,tgdataset_conspiracy_list
ACanadianPerspective,1277400863,Religion,False,6,tgdataset_conspiracy_list
accelerateyourbreath,1497642571,Religion,False,6,tgdataset_conspiracy_list
acts17apologetics,1151150030,Religion,False,6,tgdataset_conspiracy_list
AdamicAwakening,1302747658,Religion,False,6,tgdataset_conspiracy_list
AdamicBoojahideen,1434452775,Religion,False,6,tgdataset_conspiracy_list
adamicbranch,1274099327,Religion,False,6,tgdataset_conspiracy_list
AdamicChristianStudies,1473541309,Religion,False,6,tgdataset_conspiracy_list
AEHTEMEN,1260131417,Religion,False,6,tgdataset_conspiracy_list
afposts,1329399973,Religion,False,6,tgdataset_conspiracy_list
afterlife_HT,1375325300,Religion,False,6,tgdataset_conspiracy_list
AGentlemensClub,1363996668,Religion,False,6,tgdataset_conspiracy_list
aggychannel,1094236499,Religion,False,6,tgdataset_conspiracy_list
agoristcentral,1460480415,Religion,False,6,tgdataset_conspiracy_list
ahimsaFEED,1236614100,Religion,False,6,tgdataset_conspiracy_list
AhnenerbeSteinhaus,1450790203,Religion,False,6,tgdataset_conspiracy_list
albertalockdown,1496689204,Religion,False,6,tgdataset_conspiracy_list
alexanderquinn1,1255582913,Religion,False,6,tgdataset_conspiracy_list
AlienResistance,1483429411,Religion,False,6,tgdataset_conspiracy_list
AliZeck,1257568798,Religion,False,6,tgdataset_conspiracy_list
Alt_Skull,1201072738,Religion,False,6,tgdataset_conspiracy_list
AltSkullMirror,1335762845,Religion,False,6,tgdataset_conspiracy_list
alwayschanging,1382572592,Religion,False,6,tgdataset_conspiracy_list
alwaysthehorizon,1340510071,Religion,False,6,tgdataset_conspiracy_list
ameribrit,1053318760,Religion,False,6,tgdataset_conspiracy_list
American_Dissident,1596261949,Religion,False,6,tgdataset_conspiracy_list
americanzarathustra,1484794395,Religion,False,6,tgdataset_conspiracy_list
amrenpeter,1368142979,Religion,False,6,tgdataset_conspiracy_list
analysisalliance,1098173097,Religion,False,6,tgdataset_conspiracy_list
ancapism,1130389842,Religion,False,6,tgdataset_conspiracy_list
ancapistantm,1097937045,Religion,False,6,tgdataset_conspiracy_list
andrewgenovesehealing,1303125123,Religion,False,6,tgdataset_conspiracy_list
anew_earth,1520855508,Religion,False,6,tgdataset_conspiracy_list
angelspraying,1165374350,Religion,False,6,tgdataset_conspiracy_list
AngelWaffen2,1418636127,Religion,False,6,tgdataset_conspiracy_list
AngelWaffen88,1456981893,Religion,False,6,tgdataset_conspiracy_list
AnimalsChannelMP4s,1159915880,Religion,False,6,tgdataset_conspiracy_list
animeostorg,1370471024,Religion,False,6,tgdataset_conspiracy_list
AnonAware,1288795483,Religion,False,6,tgdataset_conspiracy_list
anonstt,1293695326,Religion,False,6,tgdataset_conspiracy_list
AnonymousMusicWorld,1078465125,Religion,False,6,tgdataset_conspiracy_list
answering_atheists,1472582645,Religion,False,6,tgdataset_conspiracy_list
AntarcticaRightHQ,1297965235,Religion,False,6,tgdataset_conspiracy_list
antiquitecharchive,1405553162,Religion,False,6,tgdataset_conspiracy_list
AnvilOfCrom,1408601369,Religion,False,6,tgdataset_conspiracy_list
anxiouspresso,1389841195,Religion,False,6,tgdataset_conspiracy_list
appleikloart,1369631034,Religion,False,6,tgdataset_conspiracy_list
architectsovharassment,1181400343,Religion,False,6,tgdataset_conspiracy_list
ArchiveAnon,1508207239,Religion,False,6,tgdataset_conspiracy_list
arktosmedia,1177375464,Religion,False,6,tgdataset_conspiracy_list
Armanenschaft18,1502547250,Religion,False,6,tgdataset_conspiracy_list
Army_of_the_Lord,1157373049,Religion,False,6,tgdataset_conspiracy_list
ArtemisTruth,1295356056,Religion,False,6,tgdataset_conspiracy_list
artofchristendom,1280352777,Religion,False,6,tgdataset_conspiracy_list
AryanPathway,1432040108,Religion,False,6,tgdataset_conspiracy_list
AryaObsidiana,1325684037,Religion,False,6,tgdataset_conspiracy_list
ascension_initiation_55,1325946380,Religion,False,6,tgdataset_conspiracy_list
ascensiondiarieschannel,1322151313,Religion,False,6,tgdataset_conspiracy_list
ascensionworkstv,1389473425,Religion,False,6,tgdataset_conspiracy_list
asexualityonreddit,1457199277,Religion,False,6,tgdataset_conspiracy_list
ASSAULTDIVISION,1341229793,Religion,False,6,tgdataset_conspiracy_list
Astralworld_Om,1343302777,Religion,False,6,tgdataset_conspiracy_list
astrologicat,1189824854,Religion,False,6,tgdataset_conspiracy_list
astrologyguide,1448872452,Religion,False,6,tgdataset_conspiracy_list
Athena_Promachos,1377596382,Religion,False,6,tgdataset_conspiracy_list
aureus_press,1312151593,Religion,False,6,tgdataset_conspiracy_list
AustralianGentryOfficial,1441139495,Religion,False,6,tgdataset_conspiracy_list
authenticdiscovery,1167773161,Religion,False,6,tgdataset_conspiracy_list
AutismOutlet2,1750940510,Religion,False,6,tgdataset_conspiracy_list
awakened_144000,1350144672,Religion,False,6,tgdataset_conspiracy_list
awakenedwriteraus,1520465252,Religion,False,6,tgdataset_conspiracy_list
awakengoyim,1276291260,Religion,False,6,tgdataset_conspiracy_list
awakening4u,1466719712,Religion,False,6,tgdataset_conspiracy_list
awakeningmassmeditations,1151349230,Religion,False,6,tgdataset_conspiracy_list
awakenthemasses,1430091469,Religion,False,6,tgdataset_conspiracy_list
awekening1111,1239210469,Religion,False,6,tgdataset_conspiracy_list
awesummm,1337258306,Religion,False,6,tgdataset_conspiracy_list
axialage,1472535640,Religion,False,6,tgdataset_conspiracy_list
BabylonCrumbling,1248139990,Religion,False,6,tgdataset_conspiracy_list
bakekujiraghost,1459261301,Religion,False,6,tgdataset_conspiracy_list
BaraPiedoni,1281970971,Religion,False,6,tgdataset_conspiracy_list
barkleykwalsh,1137417974,Religion,False,6,tgdataset_conspiracy_list
BasedDepot,1444427522,Religion,False,6,tgdataset_conspiracy_list
BASEDSPANIARDESP,1382900820,Religion,False,6,tgdataset_conspiracy_list
BeastWatch,1218230844,Religion,False,6,tgdataset_conspiracy_list
BeauchampArtChat,1234190718,Religion,False,6,tgdataset_conspiracy_list
beautyofthecrossmusic,1470521974,Religion,False,6,tgdataset_conspiracy_list
beaverkiller,1496994035,Religion,False,6,tgdataset_conspiracy_list
BeingBiblical,1120455282,Religion,False,6,tgdataset_conspiracy_list
BENDEDKNEE,1466716558,Religion,False,6,tgdataset_conspiracy_list
Bergschafe,1155771893,Religion,False,6,tgdataset_conspiracy_list
bevirtuous,1202221883,Religion,False,6,tgdataset_conspiracy_list
BeyondTheGrail,1756965181,Religion,False,6,tgdataset_conspiracy_list
BiblicalTruth,1400917105,Religion,False,6,tgdataset_conspiracy_list
BIFchannel,1373487328,Religion,False,6,tgdataset_conspiracy_list
BigEnergyShitposting,1389541840,Religion,False,6,tgdataset_conspiracy_list
Blackfellas,1230577641,Religion,False,6,tgdataset_conspiracy_list
blackgayspacecommunism,1330254013,Religion,False,6,tgdataset_conspiracy_list
blacksuntribe,1158343216,Religion,False,6,tgdataset_conspiracy_list
blehautism2,1307092899,Religion,False,6,tgdataset_conspiracy_list
blitzbear,1353758461,Religion,False,6,tgdataset_conspiracy_list
bloodsatelliteshow,1481388382,Religion,False,6,tgdataset_conspiracy_list
blueflamecollective,1194202309,Religion,False,6,tgdataset_conspiracy_list
bluesbullshit,1224244214,Religion,False,6,tgdataset_conspiracy_list
BombadilsAthenaeum,1588600506,Religion,False,6,tgdataset_conspiracy_list
boogaloointel,1408091155,Religion,False,6,tgdataset_conspiracy_list
books2dump,1200107978,Religion,False,6,tgdataset_conspiracy_list
BornAgainSunday,1373490912,Religion,False,6,tgdataset_conspiracy_list
BQQMS,1102376648,Religion,False,6,tgdataset_conspiracy_list
brainwashed444,1357814932,Religion,False,6,tgdataset_conspiracy_list
briantcollins,1156612803,Religion,False,6,tgdataset_conspiracy_list
BridgeBuildersPastoraCate,1255159669,Religion,False,6,tgdataset_conspiracy_list
british_national_vanguard,1442367022,Religion,False,6,tgdataset_conspiracy_list
BrookeFederline,1413284242,Religion,False,6,tgdataset_conspiracy_list
brwmstr,1209964270,Religion,False,6,tgdataset_conspiracy_list
bryanbacon,1418366690,Religion,False,6,tgdataset_conspiracy_list
buildingautonomy,1296093290,Religion,False,6,tgdataset_conspiracy_list
BWQQD,1787853784,Religion,False,6,tgdataset_conspiracy_list
campfireintel,1443906357,Religion,False,6,tgdataset_conspiracy_list
candlesinthedark,1425592367,Religion,False,6,tgdataset_conspiracy_list
carboncode,1202488969,Religion,False,6,tgdataset_conspiracy_list
CAS333CC,1648860593,Religion,False,6,tgdataset_conspiracy_list
cascade1984,1196451302,Religion,False,6,tgdataset_conspiracy_list
CascadiaRising,1242101301,Religion,False,6,tgdataset_conspiracy_list
castleralf,1220381584,Religion,False,6,tgdataset_conspiracy_list
catacombsaints,1423752217,Religion,False,6,tgdataset_conspiracy_list
Catholicaesthetic,1181372629,Religion,False,6,tgdataset_conspiracy_list
Catholicarena,1213283525,Religion,False,6,tgdataset_conspiracy_list
CatholicAryanism,1132766771,Religion,False,6,tgdataset_conspiracy_list
CatholicFemininity,1535667391,Religion,False,6,tgdataset_conspiracy_list
Catholicismus,1177122770,Religion,False,6,tgdataset_conspiracy_list
catholicsamongtheruins,1268842894,Religion,False,6,tgdataset_conspiracy_list
catholicwigger,1235747698,Religion,False,6,tgdataset_conspiracy_list
CatloafNews,1126764177,Religion,False,6,tgdataset_conspiracy_list
CelticArt,1134897116,Religion,False,6,tgdataset_conspiracy_list
Celticmyths,1268452198,Religion,False,6,tgdataset_conspiracy_list
censormedaddy,1229606559,Religion,False,6,tgdataset_conspiracy_list
centralofislamicmedicine,1108344843,Religion,False,6,tgdataset_conspiracy_list
CentralSPQR,1209294637,Religion,False,6,tgdataset_conspiracy_list
Chadistan,1154003376,Religion,False,6,tgdataset_conspiracy_list
chan4x,1213008731,Religion,False,6,tgdataset_conspiracy_list
ChaoticMemes,1101674063,Religion,False,6,tgdataset_conspiracy_list
ChaoticReformGroup,1326465827,Religion,False,6,tgdataset_conspiracy_list
Cheshire1776,1521443455,Religion,False,6,tgdataset_conspiracy_list
CHRISPOHLHAUS,1248888501,Religion,False,6,tgdataset_conspiracy_list
Christ_First,1213531512,Religion,False,6,tgdataset_conspiracy_list
ChristAlone83,1465591212,Religion,False,6,tgdataset_conspiracy_list
ChristCore,1415060426,Religion,False,6,tgdataset_conspiracy_list
ChristFirstOfficial,1202531948,Religion,False,6,tgdataset_conspiracy_list
Christian_Archive,1359746392,Religion,False,6,tgdataset_conspiracy_list
ChristianApologetic,1254290987,Religion,False,6,tgdataset_conspiracy_list
christianfundamentalist,1429538184,Religion,False,6,tgdataset_conspiracy_list
ChristianFurriesOnly,1244898927,Religion,False,6,tgdataset_conspiracy_list
christianity2jesus,1242680702,Religion,False,6,tgdataset_conspiracy_list
christianityhotlineofficial,1237879872,Religion,False,6,tgdataset_conspiracy_list
ChristianityUncucked,1209985677,Religion,False,6,tgdataset_conspiracy_list
ChristianMemes,1246318273,Religion,False,6,tgdataset_conspiracy_list
ChristianNationalism,1311576065,Religion,False,6,tgdataset_conspiracy_list
ChristianReactionary,1471755128,Religion,False,6,tgdataset_conspiracy_list
ChristianSupreanSpeaksTruth,1330802428,Religion,False,6,tgdataset_conspiracy_list
ChristIS,1283610189,Religion,False,6,tgdataset_conspiracy_list
ChristIsLifeTestimonials,1305319978,Religion,False,6,tgdataset_conspiracy_list
christvictorius,1244470675,Religion,False,6,tgdataset_conspiracy_list
christwave,1498631633,Religion,False,6,tgdataset_conspiracy_list
ChristWhite,1467570563,Religion,False,6,tgdataset_conspiracy_list
chupacabra_kennel,1442047675,Religion,False,6,tgdataset_conspiracy_list
Churchofpatriarchy,1434929606,Religion,False,6,tgdataset_conspiracy_list
CILChristianMovieSeasons,1424534740,Religion,False,6,tgdataset_conspiracy_list
CILChristianMusic,1456115458,Religion,False,6,tgdataset_conspiracy_list
CiMoneyMethods,1289849494,Religion,False,6,tgdataset_conspiracy_list
CIOffensive,1450182482,Religion,False,6,tgdataset_conspiracy_list
civilwarII,1464156061,Religion,False,6,tgdataset_conspiracy_list
ClarionWakefieldNationalist,1471981509,Religion,False,6,tgdataset_conspiracy_list
clerical_fascist_kingdom,1429115797,Religion,False,6,tgdataset_conspiracy_list
ColeWolfsson,1386149210,Religion,False,6,tgdataset_conspiracy_list
combatgardeningchannel,1279796303,Religion,False,6,tgdataset_conspiracy_list
Cometothelight,1128041693,Religion,False,6,tgdataset_conspiracy_list
CommonSense61,1173273754,Religion,False,6,tgdataset_conspiracy_list
CommonwealthOfToil,1385767179,Religion,False,6,tgdataset_conspiracy_list
ConfederateRenaissance,1241932792,Religion,False,6,tgdataset_conspiracy_list
confederationofplanets,1121453173,Religion,False,6,tgdataset_conspiracy_list
Confessional_Lutheran,1254140518,Religion,False,6,tgdataset_conspiracy_list
ConsciousParentingOLTWP,1468566712,Religion,False,6,tgdataset_conspiracy_list
conservativebeauty,1213110267,Religion,False,6,tgdataset_conspiracy_list
ConstitutionCowboy,1339917211,Religion,False,6,tgdataset_conspiracy_list
conthemnation,1452272646,Religion,False,6,tgdataset_conspiracy_list
contyteens,1125902924,Religion,False,6,tgdataset_conspiracy_list
coontown,1303492911,Religion,False,6,tgdataset_conspiracy_list
CorpusChristi,1167153077,Religion,False,6,tgdataset_conspiracy_list
CosmicGaia,1368943584,Religion,False,6,tgdataset_conspiracy_list
CosmicGenes,1283257390,Religion,False,6,tgdataset_conspiracy_list
CoucheTard,1003777956,Religion,False,6,tgdataset_conspiracy_list
cpohlhaus,1266930877,Religion,False,6,tgdataset_conspiracy_list
criticalhappenstance4,1776256457,Religion,False,6,tgdataset_conspiracy_list
crystaline_being,1606310405,Religion,False,6,tgdataset_conspiracy_list
ctwcPp,1486062344,Religion,False,6,tgdataset_conspiracy_list
CultOfUltimateEvil,1479789178,Religion,False,6,tgdataset_conspiracy_list
curiositypub,1372103449,Religion,False,6,tgdataset_conspiracy_list
curtdoolittleslaw,1115264411,Religion,False,6,tgdataset_conspiracy_list
cyberdadafterdark,1404409548,Religion,False,6,tgdataset_conspiracy_list
d1sp4tching,1463975616,Religion,False,6,tgdataset_conspiracy_list
dailygrind,1177896630,Religion,False,6,tgdataset_conspiracy_list
dailyshit,1334325397,Religion,False,6,tgdataset_conspiracy_list
DaleHolmes1985,1414408897,Religion,False,6,tgdataset_conspiracy_list
dankmemesgang,1114319087,Religion,False,6,tgdataset_conspiracy_list
DarkMatterMemo,1487991104,Religion,False,6,tgdataset_conspiracy_list
DasVolkDesNordens,1362071273,Religion,False,6,tgdataset_conspiracy_list
daughterofalbion,1399558311,Religion,False,6,tgdataset_conspiracy_list
davidebergeseQ,1206524065,Religion,False,6,tgdataset_conspiracy_list
DavidsWelt,1416303867,Religion,False,6,tgdataset_conspiracy_list
DCPerspective,1240660349,Religion,False,6,tgdataset_conspiracy_list
DDay1978,1239878493,Religion,False,6,tgdataset_conspiracy_list
deathtonwo,1410810243,Religion,False,6,tgdataset_conspiracy_list
DebunkingAtheistsSB,1220792144,Religion,False,6,tgdataset_conspiracy_list
declassifyall,1315010663,Religion,False,6,tgdataset_conspiracy_list
DerLegionCondor,1408671606,Religion,False,6,tgdataset_conspiracy_list
deterrence_dispensed_fans,1423223651,Religion,False,6,tgdataset_conspiracy_list
devadevdarshan,1488834251,Religion,False,6,tgdataset_conspiracy_list
DharmaAction,1253304913,Religion,False,6,tgdataset_conspiracy_list
DidntReal,1643150684,Religion,False,6,tgdataset_conspiracy_list
Die_Deutsche_Wochenschau,1254651387,Religion,False,6,tgdataset_conspiracy_list
DigitalSoldiers1,1296454372,Religion,False,6,tgdataset_conspiracy_list
DisdainForShills0,1201238954,Religion,False,6,tgdataset_conspiracy_list
DissidentAesthetics,1388333285,Religion,False,6,tgdataset_conspiracy_list
distributist,1375169436,Religion,False,6,tgdataset_conspiracy_list
divinefeminineawakening,1187039733,Religion,False,6,tgdataset_conspiracy_list
DIXIEFOREVER,1475421621,Religion,False,6,tgdataset_conspiracy_list
doggoch,1094626347,Religion,False,6,tgdataset_conspiracy_list
DoomMentoMori,1534631375,Religion,False,6,tgdataset_conspiracy_list
dragon_energy,1312736367,Religion,False,6,tgdataset_conspiracy_list
DRIIIVERSVFM,1210238774,Religion,False,6,tgdataset_conspiracy_list
drmelissasell,1240513350,Religion,False,6,tgdataset_conspiracy_list
DudeShow,1398369070,Religion,False,6,tgdataset_conspiracy_list
DulcisChannel,1472808361,Religion,False,6,tgdataset_conspiracy_list
earthsongsawakening,1402539164,Religion,False,6,tgdataset_conspiracy_list
eastanglianiceni,1242794623,Religion,False,6,tgdataset_conspiracy_list
EasternOrthodoxChannel,1376790334,Religion,False,6,tgdataset_conspiracy_list
EasterTidings,1290373286,Religion,False,6,tgdataset_conspiracy_list
Ecowave1589,1231925833,Religion,False,6,tgdataset_conspiracy_list
edwardrszall,1500006774,Religion,False,6,tgdataset_conspiracy_list
eldorasiman,1389501519,Religion,False,6,tgdataset_conspiracy_list
ElenaDanaan,1153216287,Religion,False,6,tgdataset_conspiracy_list
ElysianParadise,1367329933,Religion,False,6,tgdataset_conspiracy_list
EndForcedAdoption,1418049159,Religion,False,6,tgdataset_conspiracy_list
EndoftheWorldasWeKnowIt,1311974162,Religion,False,6,tgdataset_conspiracy_list
EndTimesApocalypse,1593717566,Religion,False,6,tgdataset_conspiracy_list
EnergyMagic,1101382196,Religion,False,6,tgdataset_conspiracy_list
England1st,1295698744,Religion,False,6,tgdataset_conspiracy_list
EnjoyTheD,1265355020,Religion,False,6,tgdataset_conspiracy_list
enlightenedones11,1502105817,Religion,False,6,tgdataset_conspiracy_list
EOCandPapism,1230283343,Religion,False,6,tgdataset_conspiracy_list
ErbFans,1121947638,Religion,False,6,tgdataset_conspiracy_list
ericmoutsos,1399177000,Religion,False,6,tgdataset_conspiracy_list
esoteric_exposal,1449882219,Religion,False,6,tgdataset_conspiracy_list
EsotericTeachings,1336977313,Religion,False,6,tgdataset_conspiracy_list
esotericteleniggerism,1296638544,Religion,False,6,tgdataset_conspiracy_list
esotericvibes,1481659569,Religion,False,6,tgdataset_conspiracy_list
EtaStolenMemes,1198815276,Religion,False,6,tgdataset_conspiracy_list
ethnic_europa,1338644298,Religion,False,6,tgdataset_conspiracy_list
EuphonicIntuitive,1264241477,Religion,False,6,tgdataset_conspiracy_list
europe14,1200907126,Religion,False,6,tgdataset_conspiracy_list
europeanart,1238345493,Religion,False,6,tgdataset_conspiracy_list
europeanslivesmatter,1341534127,Religion,False,6,tgdataset_conspiracy_list
EuropeanTribalism,1491918226,Religion,False,6,tgdataset_conspiracy_list
exposingRH,1233153280,Religion,False,6,tgdataset_conspiracy_list
extraterrestrial,1043893749,Religion,False,6,tgdataset_conspiracy_list
fact5d,1306627202,Religion,False,6,tgdataset_conspiracy_list
fakingspace,1366733672,Religion,False,6,tgdataset_conspiracy_list
family_of_light,1124863478,Religion,False,6,tgdataset_conspiracy_list
FamilyValues,1368935418,Religion,False,6,tgdataset_conspiracy_list
Fandom_Hell,1407263589,Religion,False,6,tgdataset_conspiracy_list
far_westism,1434849965,Religion,False,6,tgdataset_conspiracy_list
FashChat,1326329344,Religion,False,6,tgdataset_conspiracy_list
fashtrology,1314564095,Religion,False,6,tgdataset_conspiracy_list
fathersheartministries,1464605412,Religion,False,6,tgdataset_conspiracy_list
feddpost3,1536714302,Religion,False,6,tgdataset_conspiracy_list
fencingbearatprayer,1235978663,Religion,False,6,tgdataset_conspiracy_list
FightForYourLandIreland,1215151989,Religion,False,6,tgdataset_conspiracy_list
fightingforchristendom1,1427299852,Religion,False,6,tgdataset_conspiracy_list
FindingTruth7,1268199721,Religion,False,6,tgdataset_conspiracy_list
FionaAedgar,1412002206,Religion,False,6,tgdataset_conspiracy_list
fiveDcodebreaker,1739245924,Religion,False,6,tgdataset_conspiracy_list
flatearth,1003201003,Religion,False,6,tgdataset_conspiracy_list
flatearth108,1128824411,Religion,False,6,tgdataset_conspiracy_list
FlatEarthAndMore,1395856738,Religion,False,6,tgdataset_conspiracy_list
flatearthbible,1421431330,Religion,False,6,tgdataset_conspiracy_list
flatearthericdubay,1266402580,Religion,False,6,tgdataset_conspiracy_list
flatearthtruth,1041585231,Religion,False,6,tgdataset_conspiracy_list
folk_vibes_visions,1343625078,Religion,False,6,tgdataset_conspiracy_list
FolkCinema,1419472327,Religion,False,6,tgdataset_conspiracy_list
FolkRight,1405825102,Religion,False,6,tgdataset_conspiracy_list
FolkSchoolPermaculture2,1475238934,Religion,False,6,tgdataset_conspiracy_list
folkwisdom,1312331819,Religion,False,6,tgdataset_conspiracy_list
FollowTheHolySpirit,1203743620,Religion,False,6,tgdataset_conspiracy_list
fornull,1316499530,Religion,False,6,tgdataset_conspiracy_list
FourChanTelegraphicNews,1423243963,Religion,False,6,tgdataset_conspiracy_list
foxgrams,1436032574,Religion,False,6,tgdataset_conspiracy_list
frchadtalks,1208691561,Religion,False,6,tgdataset_conspiracy_list
freedomainradio,1208302895,Religion,False,6,tgdataset_conspiracy_list
FreedomsGladiator,1177597732,Religion,False,6,tgdataset_conspiracy_list
freedomspeach,1235987240,Religion,False,6,tgdataset_conspiracy_list
FrenTalk,1399186595,Religion,False,6,tgdataset_conspiracy_list
frequency_high,1578676172,Religion,False,6,tgdataset_conspiracy_list
Frequency_of_Love_channel,1243943686,Religion,False,6,tgdataset_conspiracy_list
FriendsofRedJenny,1281576621,Religion,False,6,tgdataset_conspiracy_list
frogsofrenown,1484862979,Religion,False,6,tgdataset_conspiracy_list
fuckfest_rar,1428411119,Religion,False,6,tgdataset_conspiracy_list
fucksareinshortsupply,1247025164,Religion,False,6,tgdataset_conspiracy_list
fuggingshid,1498188066,Religion,False,6,tgdataset_conspiracy_list
FundamentalChristianity,1281174886,Religion,False,6,tgdataset_conspiracy_list
futuristclub,1287304327,Religion,False,6,tgdataset_conspiracy_list
GadoligNadzee,1378437200,Religion,False,6,tgdataset_conspiracy_list
gaia_en,1130079732,Religion,False,6,tgdataset_conspiracy_list
galacticgreg1111,1449548911,Religion,False,6,tgdataset_conspiracy_list
galaxymemewar,1438865129,Religion,False,6,tgdataset_conspiracy_list
galaxyverge,1404541069,Religion,False,6,tgdataset_conspiracy_list
gardentxts,1093639846,Religion,False,6,tgdataset_conspiracy_list
GATORWAVE,1153001993,Religion,False,6,tgdataset_conspiracy_list
GayNiggaL,1778427936,Religion,False,6,tgdataset_conspiracy_list
GazingIntoTheAbyss,1285837382,Religion,False,6,tgdataset_conspiracy_list
geniereb0rn,1278227779,Religion,False,6,tgdataset_conspiracy_list
GermNation,1211136054,Religion,False,6,tgdataset_conspiracy_list
gethighfoundation,1160064013,Religion,False,6,tgdataset_conspiracy_list
getsoued,1253540405,Religion,False,6,tgdataset_conspiracy_list
ghostofphoenix,1343385898,Religion,False,6,tgdataset_conspiracy_list
Giampiero1488,1354126491,Religion,False,6,tgdataset_conspiracy_list
GiftofGoddess,1445067679,Religion,False,6,tgdataset_conspiracy_list
gingersrant,1340245461,Religion,False,6,tgdataset_conspiracy_list
GiveTendies,1302088240,Religion,False,6,tgdataset_conspiracy_list
GlobalistWatchers,1357678143,Religion,False,6,tgdataset_conspiracy_list
gnosistakingover,1183049572,Religion,False,6,tgdataset_conspiracy_list
god_given_universal_rights,1496862380,Religion,False,6,tgdataset_conspiracy_list
God_loves_the_youth,1238020645,Religion,False,6,tgdataset_conspiracy_list
Godisnotdeadddddddd,1105173092,Religion,False,6,tgdataset_conspiracy_list
godistheonlywayandanswer,1515348940,Religion,False,6,tgdataset_conspiracy_list
GodLovesYouNoMatterWhat,1279288592,Religion,False,6,tgdataset_conspiracy_list
Godsupremacy,1178474149,Religion,False,6,tgdataset_conspiracy_list
godswrath,1212308965,Religion,False,6,tgdataset_conspiracy_list
goldendays369,1569204154,Religion,False,6,tgdataset_conspiracy_list
goodpics4badkids,1410627861,Religion,False,6,tgdataset_conspiracy_list
goofydoofes,1446134094,Religion,False,6,tgdataset_conspiracy_list
GraceNewsQ117,1354975375,Religion,False,6,tgdataset_conspiracy_list
grapesofthorns,1475267904,Religion,False,6,tgdataset_conspiracy_list
Grayimperfection,1431789301,Religion,False,6,tgdataset_conspiracy_list
GreaterTartaria,1277934919,Religion,False,6,tgdataset_conspiracy_list
GreaterTeutonia,1386646208,Religion,False,6,tgdataset_conspiracy_list
Greatexpectations11,1234515060,Religion,False,6,tgdataset_conspiracy_list
greenbeard117,1252552604,Religion,False,6,tgdataset_conspiracy_list
GypsySoul1111,1209539148,Religion,False,6,tgdataset_conspiracy_list
h88ers,1460761267,Religion,False,6,tgdataset_conspiracy_list
HabeshaGroy,1253095023,Religion,False,6,tgdataset_conspiracy_list
haqiqatjou,1211160527,Religion,False,6,tgdataset_conspiracy_list
hardrightaesthetics,1239499834,Religion,False,6,tgdataset_conspiracy_list
HateKvlt,1247208195,Religion,False,6,tgdataset_conspiracy_list
Healing417HzMusicLinks,1250238552,Religion,False,6,tgdataset_conspiracy_list
healingthroughfrequency,1756927943,Religion,False,6,tgdataset_conspiracy_list
Hearth_and_Helm,1191855446,Religion,False,6,tgdataset_conspiracy_list
HearthEuropa,1458682845,Religion,False,6,tgdataset_conspiracy_list
heartsongs8,1781027577,Religion,False,6,tgdataset_conspiracy_list
heavenonearthcologne,1369315777,Religion,False,6,tgdataset_conspiracy_list
hegenguyen7,1495205573,Religion,False,6,tgdataset_conspiracy_list
HelferinFSSquad,1405438555,Religion,False,6,tgdataset_conspiracy_list
HellenicMyth,1418900240,Religion,False,6,tgdataset_conspiracy_list
hellstorm1,1408548985,Religion,False,6,tgdataset_conspiracy_list
herosjourneyreturn,1208822671,Religion,False,6,tgdataset_conspiracy_list
hilltophomestead,1378154798,Religion,False,6,tgdataset_conspiracy_list
His_Panic_Room,1196209343,Religion,False,6,tgdataset_conspiracy_list
hisglorytv,1424334725,Religion,False,6,tgdataset_conspiracy_list
hn_best_comments,1442032191,Religion,False,6,tgdataset_conspiracy_list
Holly_Good,1407011430,Religion,False,6,tgdataset_conspiracy_list
Holodomor2Point0,1377251628,Religion,False,6,tgdataset_conspiracy_list
Holy_League_Official,1420112605,Religion,False,6,tgdataset_conspiracy_list
hometermia,1432649231,Religion,False,6,tgdataset_conspiracy_list
HonkTheKaliYuga,1326316537,Religion,False,6,tgdataset_conspiracy_list
hopemusiclight,1429418860,Religion,False,6,tgdataset_conspiracy_list
HorrendousTrannies,1446426609,Religion,False,6,tgdataset_conspiracy_list
HOTCHOCQ,1224218917,Religion,False,6,tgdataset_conspiracy_list
hotel3chat,1790990614,Religion,False,6,tgdataset_conspiracy_list
hoursdumbmemeshit,1275510382,Religion,False,6,tgdataset_conspiracy_list
HRCtel,1424179174,Religion,False,6,tgdataset_conspiracy_list
httYhwZ8HPplT8wNjkx,1599096866,Religion,False,6,tgdataset_conspiracy_list
hueas,1128084870,Religion,False,6,tgdataset_conspiracy_list
humanAkash,1162221050,Religion,False,6,tgdataset_conspiracy_list
HuwhitePride,1246038064,Religion,False,6,tgdataset_conspiracy_list
HuxDeluxe,1455847380,Religion,False,6,tgdataset_conspiracy_list
hvitgardr,1413914663,Religion,False,6,tgdataset_conspiracy_list
hydration,1074413531,Religion,False,6,tgdataset_conspiracy_list
hyperboreanradio,1289595626,Religion,False,6,tgdataset_conspiracy_list
HyperboreanReflections,1220605720,Religion,False,6,tgdataset_conspiracy_list
HyperboreanSpearShaman,1155974839,Religion,False,6,tgdataset_conspiracy_list
I_HateEveryone,1190368697,Religion,False,6,tgdataset_conspiracy_list
iamauroraray,1398967984,Religion,False,6,tgdataset_conspiracy_list
IAMFutureProvesPast,1393637762,Religion,False,6,tgdataset_conspiracy_list
IAMKATZDURDEN,1186829933,Religion,False,6,tgdataset_conspiracy_list
IAMPowerofwords,1121649151,Religion,False,6,tgdataset_conspiracy_list
iberianfertilizer,1313169666,Religion,False,6,tgdataset_conspiracy_list
Identity_Revolutionn,1386338352,Religion,False,6,tgdataset_conspiracy_list
IFBKJV,1455575541,Religion,False,6,tgdataset_conspiracy_list
ifyouarebored,1261610326,Religion,False,6,tgdataset_conspiracy_list
IlXKlI,1339627466,Religion,False,6,tgdataset_conspiracy_list
imperiumofaryans,1401664193,Religion,False,6,tgdataset_conspiracy_list
ImperiumPressOfficial,1155198469,Religion,False,6,tgdataset_conspiracy_list
ImperiumSolaris,1411015313,Religion,False,6,tgdataset_conspiracy_list
IndoEuropean,1135634722,Religion,False,6,tgdataset_conspiracy_list
Indoeuropean1488,1228390524,Religion,False,6,tgdataset_conspiracy_list
infodumpstation,1154807308,Religion,False,6,tgdataset_conspiracy_list
inluxchrist,1446800094,Religion,False,6,tgdataset_conspiracy_list
IntentionallyMinded,1287842730,Religion,False,6,tgdataset_conspiracy_list
InternetHateMachine,1498506975,Religion,False,6,tgdataset_conspiracy_list
IntuitiveBridge,1345895889,Religion,False,6,tgdataset_conspiracy_list
IntuitiveEarth,1317187051,Religion,False,6,tgdataset_conspiracy_list
IntuitiveFlow,1267907735,Religion,False,6,tgdataset_conspiracy_list
IntuitiveSocialCalendar,1298450134,Religion,False,6,tgdataset_conspiracy_list
IntuitiveSocialHorror,1244426573,Religion,False,6,tgdataset_conspiracy_list
IntuitiveSocialIntimacy,1221369014,Religion,False,6,tgdataset_conspiracy_list
IntuitiveSocialPop,1213177840,Religion,False,6,tgdataset_conspiracy_list
IntuitiveStory,1163873888,Religion,False,6,tgdataset_conspiracy_list
IntuitiveStrength,1375233213,Religion,False,6,tgdataset_conspiracy_list
InvestigateEarth,1361148336,Religion,False,6,tgdataset_conspiracy_list
invokevision,1286804940,Religion,False,6,tgdataset_conspiracy_list
IOTBIOMEDIA,1494310214,Religion,False,6,tgdataset_conspiracy_list
ironfaith,1441807473,Religion,False,6,tgdataset_conspiracy_list
ironfaith88,1447429330,Religion,False,6,tgdataset_conspiracy_list
IronFaithRevived,1424962161,Religion,False,6,tgdataset_conspiracy_list
islam_answers,1275688187,Religion,False,6,tgdataset_conspiracy_list
islamIsEvil,1123260378,Religion,False,6,tgdataset_conspiracy_list
itsbattlefortruth,1436626673,Religion,False,6,tgdataset_conspiracy_list
itsdoge,1468771933,Religion,False,6,tgdataset_conspiracy_list
ItsTheNutshack,1335427521,Religion,False,6,tgdataset_conspiracy_list
IURadio,1353960289,Religion,False,6,tgdataset_conspiracy_list
JackoBatBear,1763723174,Religion,False,6,tgdataset_conspiracy_list
JacksINTERNalShitposts,1391302280,Religion,False,6,tgdataset_conspiracy_list
JacobIsraelYoutube,1292905119,Religion,False,6,tgdataset_conspiracy_list
JarrinJackson,1183277855,Religion,False,6,tgdataset_conspiracy_list
jasonchristoff11,1529170990,Religion,False,6,tgdataset_conspiracy_list
jasonyosefshurka,1163702054,Religion,False,6,tgdataset_conspiracy_list
Jaydafransensupporters,1437920589,Religion,False,6,tgdataset_conspiracy_list
JazSearbyHardKnocks,1557905753,Religion,False,6,tgdataset_conspiracy_list
jennguthrie,1481816234,Religion,False,6,tgdataset_conspiracy_list
JesusAtTheCente,1570003096,Religion,False,6,tgdataset_conspiracy_list
JesusChristIsKing,1381593553,Religion,False,6,tgdataset_conspiracy_list
JesusJirehJJ,1107472948,Religion,False,6,tgdataset_conspiracy_list
JianaSD,1032088199,Religion,False,6,tgdataset_conspiracy_list
jmcorda,1422956964,Religion,False,6,tgdataset_conspiracy_list
JMJAMDG,1377131399,Religion,False,6,tgdataset_conspiracy_list
joeturnerchannel,1183966075,Religion,False,6,tgdataset_conspiracy_list
JohnDoesThoughts,1272792709,Religion,False,6,tgdataset_conspiracy_list
JohnMatzeJr,1195214315,Religion,False,6,tgdataset_conspiracy_list
josexadriano,1185015313,Religion,False,6,tgdataset_conspiracy_list
Journey5D,1666857057,Religion,False,6,tgdataset_conspiracy_list
Jparle,1385194139,Religion,False,6,tgdataset_conspiracy_list
justicebellucci144,1422783499,Religion,False,6,tgdataset_conspiracy_list
JustinCarpenter33,1258127030,Religion,False,6,tgdataset_conspiracy_list
justuniverses,1419288140,Religion,False,6,tgdataset_conspiracy_list
KabamurTaygeta,1177249831,Religion,False,6,tgdataset_conspiracy_list
KaizenReport,1221398637,Religion,False,6,tgdataset_conspiracy_list
KarenRenePryor,1177028439,Religion,False,6,tgdataset_conspiracy_list
KatieJayne,1305561973,Religion,False,6,tgdataset_conspiracy_list
KhulWorld,1084720987,Religion,False,6,tgdataset_conspiracy_list
Killshot2020,1396275973,Religion,False,6,tgdataset_conspiracy_list
KingKat_Infobar,1208975767,Religion,False,6,tgdataset_conspiracy_list
KingShiit,1422310136,Religion,False,6,tgdataset_conspiracy_list
kinolodge,1482207052,Religion,False,6,tgdataset_conspiracy_list
kloeylovesyou,1438734111,Religion,False,6,tgdataset_conspiracy_list
KnightsTemplarOfficial,1383571137,Religion,False,6,tgdataset_conspiracy_list
knklairofthelord,1606757256,Religion,False,6,tgdataset_conspiracy_list
kornbredscorner,1357939367,Religion,False,6,tgdataset_conspiracy_list
krugergroyper,1371075191,Religion,False,6,tgdataset_conspiracy_list
kryptocentral,1407864468,Religion,False,6,tgdataset_conspiracy_list
Kudzus,1158400430,Religion,False,6,tgdataset_conspiracy_list
lady_of_peace2,1147398626,Religion,False,6,tgdataset_conspiracy_list
ladyTT22,1393635219,Religion,False,6,tgdataset_conspiracy_list
LamaZense,1205908131,Religion,False,6,tgdataset_conspiracy_list
lambdadotlog,1367172450,Religion,False,6,tgdataset_conspiracy_list
lanceslegion,1246808889,Religion,False,6,tgdataset_conspiracy_list
landofcotton,1122905232,Religion,False,6,tgdataset_conspiracy_list
LandsLandianLand,1210735373,Religion,False,6,tgdataset_conspiracy_list
LarzsoliceEagle,1272019041,Religion,False,6,tgdataset_conspiracy_list
laurajanebolton,1216402197,Religion,False,6,tgdataset_conspiracy_list
Lebensraum5150,1348681031,Religion,False,6,tgdataset_conspiracy_list
LegioChristi,1449495419,Religion,False,6,tgdataset_conspiracy_list
LegionaryGuard,1485461318,Religion,False,6,tgdataset_conspiracy_list
legionaryresistance,1469487596,Religion,False,6,tgdataset_conspiracy_list
lerights,1399274335,Religion,False,6,tgdataset_conspiracy_list
libraryofmagi,1254725481,Religion,False,6,tgdataset_conspiracy_list
light_body,1336158480,Religion,False,6,tgdataset_conspiracy_list
light_love_energy,1336605825,Religion,False,6,tgdataset_conspiracy_list
liknpatriotwarriors,1478525033,Religion,False,6,tgdataset_conspiracy_list
LinaLovesJesus_Channel,1417498651,Religion,False,6,tgdataset_conspiracy_list
linefortradition,1236929569,Religion,False,6,tgdataset_conspiracy_list
LinesOfGrift,1238161920,Religion,False,6,tgdataset_conspiracy_list
LionheartsVideoArchive,1305639900,Religion,False,6,tgdataset_conspiracy_list
lkgrace,1394223941,Religion,False,6,tgdataset_conspiracy_list
loavesandfish,1690324597,Religion,False,6,tgdataset_conspiracy_list
locodark,1449702458,Religion,False,6,tgdataset_conspiracy_list
LoganSpalding,1403665940,Religion,False,6,tgdataset_conspiracy_list
logosconspiracychannel,1244909756,Religion,False,6,tgdataset_conspiracy_list
loki_team_7,1738695631,Religion,False,6,tgdataset_conspiracy_list
LoveBoosterActivation,1272606259,Religion,False,6,tgdataset_conspiracy_list
Lovecraftiancat,1304838471,Religion,False,6,tgdataset_conspiracy_list
lovegulag,1064404455,Religion,False,6,tgdataset_conspiracy_list
LoveLightFaith5D,1196914078,Religion,False,6,tgdataset_conspiracy_list
LRonH,1351579146,Religion,False,6,tgdataset_conspiracy_list
luketrrcage,1277170192,Religion,False,6,tgdataset_conspiracy_list
LunarHorseTavern,1383850462,Religion,False,6,tgdataset_conspiracy_list
LutheranMayMayBase,1347664943,Religion,False,6,tgdataset_conspiracy_list
MadLadMemes,1341334255,Religion,False,6,tgdataset_conspiracy_list
madysonmarquettehernews,1271807537,Religion,False,6,tgdataset_conspiracy_list
MAGATISM369channel,1430270285,Religion,False,6,tgdataset_conspiracy_list
magentapixie9,1172525819,Religion,False,6,tgdataset_conspiracy_list
magicofpagan,1464907295,Religion,False,6,tgdataset_conspiracy_list
magneticfood,1588665614,Religion,False,6,tgdataset_conspiracy_list
maksimpanfilov,1207088962,Religion,False,6,tgdataset_conspiracy_list
MalsSpeakeasy,1406190307,Religion,False,6,tgdataset_conspiracy_list
MarkAttwoodShow,1413468511,Religion,False,6,tgdataset_conspiracy_list
marvbol,1499853436,Religion,False,6,tgdataset_conspiracy_list
marxismct,1333444453,Religion,False,6,tgdataset_conspiracy_list
MatrixDecoder,1185380574,Religion,False,6,tgdataset_conspiracy_list
MatrixKillers,1283780875,Religion,False,6,tgdataset_conspiracy_list
MatrixOfSpirituality,1345913023,Religion,False,6,tgdataset_conspiracy_list
mattysmoderntelegram,1279905246,Religion,False,6,tgdataset_conspiracy_list
MaxMoRadio,1492215348,Religion,False,6,tgdataset_conspiracy_list
maymay_review,1342416625,Religion,False,6,tgdataset_conspiracy_list
mcnabbia,1559808376,Religion,False,6,tgdataset_conspiracy_list
mediaexodus,1316586050,Religion,False,6,tgdataset_conspiracy_list
MegasMoistMemes,1350301397,Religion,False,6,tgdataset_conspiracy_list
MelissaEIntelArchivesHistory,1389299617,Religion,False,6,tgdataset_conspiracy_list
memdump,1149545555,Religion,False,6,tgdataset_conspiracy_list
memedolf_honkler,1383761994,Religion,False,6,tgdataset_conspiracy_list
memehall,1180719096,Religion,False,6,tgdataset_conspiracy_list
MemeLab88,1354412057,Religion,False,6,tgdataset_conspiracy_list
memeology,1092173007,Religion,False,6,tgdataset_conspiracy_list
memes_mf,1283479526,Religion,False,6,tgdataset_conspiracy_list
memitiachristi,1132470351,Religion,False,6,tgdataset_conspiracy_list
memoryholed,1498419694,Religion,False,6,tgdataset_conspiracy_list
methsquad,1474340747,Religion,False,6,tgdataset_conspiracy_list
mftrhu,1145108698,Religion,False,6,tgdataset_conspiracy_list
MHFMVatican,1274896954,Religion,False,6,tgdataset_conspiracy_list
mhz1488,1443254504,Religion,False,6,tgdataset_conspiracy_list
mhz432,1316557494,Religion,False,6,tgdataset_conspiracy_list
mikelasater,1404568683,Religion,False,6,tgdataset_conspiracy_list
mikhailapeterson,1485241835,Religion,False,6,tgdataset_conspiracy_list
MikoStation,1434277164,Religion,False,6,tgdataset_conspiracy_list
militiaimmaculataknight,1115918834,Religion,False,6,tgdataset_conspiracy_list
millennialwoes,1374094393,Religion,False,6,tgdataset_conspiracy_list
MiloOfficial,1401460680,Religion,False,6,tgdataset_conspiracy_list
mimirsbrunn,1301020840,Religion,False,6,tgdataset_conspiracy_list
MinervaFreedom,1174514175,Religion,False,6,tgdataset_conspiracy_list
mingmingnomercy,1295223830,Religion,False,6,tgdataset_conspiracy_list
misfitsolace,1480473321,Religion,False,6,tgdataset_conspiracy_list
misogynism,1404492632,Religion,False,6,tgdataset_conspiracy_list
ModernistsGoToHell,1486129307,Religion,False,6,tgdataset_conspiracy_list
ModestFashionWomen,1463473847,Religion,False,6,tgdataset_conspiracy_list
MonarchistGang,1388623934,Religion,False,6,tgdataset_conspiracy_list
MoneyNeverSleepsBaby,1334309428,Religion,False,6,tgdataset_conspiracy_list
MoonologyCraft,1393847730,Religion,False,6,tgdataset_conspiracy_list
Moonosity,1420313421,Religion,False,6,tgdataset_conspiracy_list
MoonstompSeZ,1160787710,Religion,False,6,tgdataset_conspiracy_list
MoreThanJibberJabber,1383630101,Religion,False,6,tgdataset_conspiracy_list
MorgothsReview,1272714261,Religion,False,6,tgdataset_conspiracy_list
morrigancarrick,1172932553,Religion,False,6,tgdataset_conspiracy_list
moukass,1418709287,Religion,False,6,tgdataset_conspiracy_list
mrboneswildride,1297086046,Religion,False,6,tgdataset_conspiracy_list
MSAnnouncements,1413611547,Religion,False,6,tgdataset_conspiracy_list
musicaoccidentis,1380329596,Religion,False,6,tgdataset_conspiracy_list
MuslimMemes,1147672485,Religion,False,6,tgdataset_conspiracy_list
mutantdiaspora,1250203392,Religion,False,6,tgdataset_conspiracy_list
mymedicinetribe,1285574680,Religion,False,6,tgdataset_conspiracy_list
mypronounsare,1465467548,Religion,False,6,tgdataset_conspiracy_list
MyselfReliance,1537965293,Religion,False,6,tgdataset_conspiracy_list
nakedsixfootwolf,1466121194,Religion,False,6,tgdataset_conspiracy_list
nationalist_homestead,1357243305,Religion,False,6,tgdataset_conspiracy_list
nationalreaction,1299921495,Religion,False,6,tgdataset_conspiracy_list
NatSoc_Me,1341755126,Religion,False,6,tgdataset_conspiracy_list
NatSocUVO,1276125738,Religion,False,6,tgdataset_conspiracy_list
nattyshaus,1495231039,Religion,False,6,tgdataset_conspiracy_list
naturalhealthknowledge,1569281778,Religion,False,6,tgdataset_conspiracy_list
naturalneurotic,1616924483,Religion,False,6,tgdataset_conspiracy_list
NCPSAsia,1491302215,Religion,False,6,tgdataset_conspiracy_list
nephilimhour,1495002552,Religion,False,6,tgdataset_conspiracy_list
NewEarthRises,1408736710,Religion,False,6,tgdataset_conspiracy_list
newworldorphans,1389145985,Religion,False,6,tgdataset_conspiracy_list
nicehippiestuff,1450346212,Religion,False,6,tgdataset_conspiracy_list
Ninastarsonglighttransmissions,1489058145,Religion,False,6,tgdataset_conspiracy_list
nitrogenkek,1315938038,Religion,False,6,tgdataset_conspiracy_list
No_Fap_Forever,1281633456,Religion,False,6,tgdataset_conspiracy_list
noasshattery,1496999634,Religion,False,6,tgdataset_conspiracy_list
NoBetasOrSluts,1387880861,Religion,False,6,tgdataset_conspiracy_list
nobodystelegram,1338751091,Religion,False,6,tgdataset_conspiracy_list
nofap_memes,1232962145,Religion,False,6,tgdataset_conspiracy_list
nomoremosques,1335586300,Religion,False,6,tgdataset_conspiracy_list
NoNewfagsNews,1178490643,Religion,False,6,tgdataset_conspiracy_list
NorvinHobbs,1380985155,Religion,False,6,tgdataset_conspiracy_list
NoTariffs,1277509132,Religion,False,6,tgdataset_conspiracy_list
NoWhiteGuiltAlerts,1312506228,Religion,False,6,tgdataset_conspiracy_list
NSFitnessClub,1474612540,Religion,False,6,tgdataset_conspiracy_list
nullmootvoidzero,1434386716,Religion,False,6,tgdataset_conspiracy_list
numberyourdreams,1594367044,Religion,False,6,tgdataset_conspiracy_list
nuri_sunshine,1520447245,Religion,False,6,tgdataset_conspiracy_list
nzfoodtrade,1262001991,Religion,False,6,tgdataset_conspiracy_list
oakwhispers,1319163601,Religion,False,6,tgdataset_conspiracy_list
ObviouslyFlat,1243456239,Religion,False,6,tgdataset_conspiracy_list
Occams,1490947489,Religion,False,6,tgdataset_conspiracy_list
occontent,1430813243,Religion,False,6,tgdataset_conspiracy_list
offaldischarge,1455491766,Religion,False,6,tgdataset_conspiracy_list
offaofangeln,1482059135,Religion,False,6,tgdataset_conspiracy_list
OffGridChurch,1123707318,Religion,False,6,tgdataset_conspiracy_list
OfficalProudBoysEire,1454615418,Religion,False,6,tgdataset_conspiracy_list
officialdailyknight,1440805789,Religion,False,6,tgdataset_conspiracy_list
officialjckay,1256983709,Religion,False,6,tgdataset_conspiracy_list
OfficialVibesOfCosmos,1503696707,Religion,False,6,tgdataset_conspiracy_list
OffTheGridOfficial,1186760891,Religion,False,6,tgdataset_conspiracy_list
order_15,1225050259,Religion,False,6,tgdataset_conspiracy_list
ortho_occident,1434128451,Religion,False,6,tgdataset_conspiracy_list
OrthoCave,1448947084,Religion,False,6,tgdataset_conspiracy_list
OrthodoxChristianJokes,1257681896,Religion,False,6,tgdataset_conspiracy_list
OrthodoxChristianPerspective,1426991587,Religion,False,6,tgdataset_conspiracy_list
orthodoxyfirst,1452160611,Religion,False,6,tgdataset_conspiracy_list
orthoprayer,1151263062,Religion,False,6,tgdataset_conspiracy_list
OSUZIQ,1307055556,Religion,False,6,tgdataset_conspiracy_list
Our_Aryan_History,1183936511,Religion,False,6,tgdataset_conspiracy_list
OurRealRoots,1138787511,Religion,False,6,tgdataset_conspiracy_list
outlawunion,1396590070,Religion,False,6,tgdataset_conspiracy_list
overpromise_overdeliver,1426084892,Religion,False,6,tgdataset_conspiracy_list
OwenBenjaminComedy,1316948624,Religion,False,6,tgdataset_conspiracy_list
OwlVultureWarrior,1305804416,Religion,False,6,tgdataset_conspiracy_list
paddycake,1349264929,Religion,False,6,tgdataset_conspiracy_list
PADFA42,1415058007,Religion,False,6,tgdataset_conspiracy_list
Pagan_Preparedness,1159652983,Religion,False,6,tgdataset_conspiracy_list
PaganWaffen,1447726208,Religion,False,6,tgdataset_conspiracy_list
PantopiaDaily,1473063214,Religion,False,6,tgdataset_conspiracy_list
paranormaldisclosure,1110622825,Religion,False,6,tgdataset_conspiracy_list
parodyofgreatawakening,1132004943,Religion,False,6,tgdataset_conspiracy_list
PathOfTotality,1408165010,Religion,False,6,tgdataset_conspiracy_list
Patriotism1985,1200639743,Religion,False,6,tgdataset_conspiracy_list
PatriotNews1776,1444056222,Religion,False,6,tgdataset_conspiracy_list
patriotprepper,1394291867,Religion,False,6,tgdataset_conspiracy_list
patriots_law,1473422555,Religion,False,6,tgdataset_conspiracy_list
pb_cda,1342783870,Religion,False,6,tgdataset_conspiracy_list
PBSweden,1327421432,Religion,False,6,tgdataset_conspiracy_list
peatrespect,1410556300,Religion,False,6,tgdataset_conspiracy_list
pepesnutritionalsuplements,1389365318,Religion,False,6,tgdataset_conspiracy_list
pettigroyper,1334188283,Religion,False,6,tgdataset_conspiracy_list
ph47c47s,1513104740,Religion,False,6,tgdataset_conspiracy_list
PhenomenalWayInt,1411026301,Religion,False,6,tgdataset_conspiracy_list
phetasy,1296110607,Religion,False,6,tgdataset_conspiracy_list
philosophicat,1287995120,Religion,False,6,tgdataset_conspiracy_list
philstream,1482137870,Religion,False,6,tgdataset_conspiracy_list
polittheory,1295476081,Religion,False,6,tgdataset_conspiracy_list
PoposLibrary,1231511622,Religion,False,6,tgdataset_conspiracy_list
PornPill,1493769153,Religion,False,6,tgdataset_conspiracy_list
PostShitposting,1447464618,Religion,False,6,tgdataset_conspiracy_list
pplzru,1066605476,Religion,False,6,tgdataset_conspiracy_list
practicalinformation,1209485097,Religion,False,6,tgdataset_conspiracy_list
PraiseTheRoofChannel,1442772762,Religion,False,6,tgdataset_conspiracy_list
PraytheRosary,1461519818,Religion,False,6,tgdataset_conspiracy_list
PreppersandSurvivalistLibrary,1389167372,Religion,False,6,tgdataset_conspiracy_list
prepping_and_survival_in_bc,1269969215,Religion,False,6,tgdataset_conspiracy_list
PreserveNature,1278784263,Religion,False,6,tgdataset_conspiracy_list
preservingtradition,1341618012,Religion,False,6,tgdataset_conspiracy_list
privetnikitapoka,1340962778,Religion,False,6,tgdataset_conspiracy_list
procinctuofficial,1392749844,Religion,False,6,tgdataset_conspiracy_list
Project_Algiz_Channel,1364093953,Religion,False,6,tgdataset_conspiracy_list
ProjectEpsilon,1368265716,Religion,False,6,tgdataset_conspiracy_list
PrometheanFaust,1399364248,Religion,False,6,tgdataset_conspiracy_list
PropogandaMachine,1311949176,Religion,False,6,tgdataset_conspiracy_list
protestantpost,1499494678,Religion,False,6,tgdataset_conspiracy_list
proudboysnsw,1350562321,Religion,False,6,tgdataset_conspiracy_list
PryxesMind,1183593050,Religion,False,6,tgdataset_conspiracy_list
PseudoSlootz,1415282533,Religion,False,6,tgdataset_conspiracy_list
psychicnetwork,1151696407,Religion,False,6,tgdataset_conspiracy_list
psychwarfare,1455996196,Religion,False,6,tgdataset_conspiracy_list
psyhealh,1204124458,Religion,False,6,tgdataset_conspiracy_list
qanonchristianthing,1456858325,Religion,False,6,tgdataset_conspiracy_list
qanonmusic,1408988995,Religion,False,6,tgdataset_conspiracy_list
QDisclosure17,1278885864,Religion,False,6,tgdataset_conspiracy_list
qmaps,1432394864,Religion,False,6,tgdataset_conspiracy_list
QPatriot17,1241883652,Religion,False,6,tgdataset_conspiracy_list
QUANTUMCreation,1459287049,Religion,False,6,tgdataset_conspiracy_list
r_Contrapoints,1495530719,Religion,False,6,tgdataset_conspiracy_list
r_disneyvacation,1155889297,Religion,False,6,tgdataset_conspiracy_list
r_educationalgifs,1267600868,Religion,False,6,tgdataset_conspiracy_list
r_islam_channel,1466287938,Religion,False,6,tgdataset_conspiracy_list
r_ItemShop,1486383361,Religion,False,6,tgdataset_conspiracy_list
RacistCath,1232135441,Religion,False,6,tgdataset_conspiracy_list
radiorebellbavaria,1348837986,Religion,False,6,tgdataset_conspiracy_list
RaiseYourVibrationz,1242063094,Religion,False,6,tgdataset_conspiracy_list
RavenSmiles,1078820429,Religion,False,6,tgdataset_conspiracy_list
RE13b,1208909296,Religion,False,6,tgdataset_conspiracy_list
readmorefgt,1162134096,Religion,False,6,tgdataset_conspiracy_list
real_women,1242491155,Religion,False,6,tgdataset_conspiracy_list
RealGavinMcInnes,1232038614,Religion,False,6,tgdataset_conspiracy_list
Realities_Train,1265843990,Religion,False,6,tgdataset_conspiracy_list
realsolbrah,1281558459,Religion,False,6,tgdataset_conspiracy_list
reclaimthewest,1184588874,Religion,False,6,tgdataset_conspiracy_list
RedPills,1066790512,Religion,False,6,tgdataset_conspiracy_list
reformamerica,1375978139,Religion,False,6,tgdataset_conspiracy_list
RemainSalty,1541084487,Religion,False,6,tgdataset_conspiracy_list
RenewedChristians,1375739776,Religion,False,6,tgdataset_conspiracy_list
reptilianilluminatichannel,1367962952,Religion,False,6,tgdataset_conspiracy_list
ResistingReality,1253583545,Religion,False,6,tgdataset_conspiracy_list
ResourceIndex,1394914456,Religion,False,6,tgdataset_conspiracy_list
RESTORENATURALORDER,1374000285,Religion,False,6,tgdataset_conspiracy_list
ReToNature,1178824839,Religion,False,6,tgdataset_conspiracy_list
ReturnToTheLand,1259360548,Religion,False,6,tgdataset_conspiracy_list
revolutionaryreactionary,1398837326,Religion,False,6,tgdataset_conspiracy_list
ReyGregory,1400980838,Religion,False,6,tgdataset_conspiracy_list
rfindy,1252110564,Religion,False,6,tgdataset_conspiracy_list
ricks_house,1479092635,Religion,False,6,tgdataset_conspiracy_list
RiseAboveOFFICIAL,1441341625,Religion,False,6,tgdataset_conspiracy_list
robtstrass,1383044112,Religion,False,6,tgdataset_conspiracy_list
RobynRiley,1306407078,Religion,False,6,tgdataset_conspiracy_list
RockGegenZOG88,1138755130,Religion,False,6,tgdataset_conspiracy_list
romanissimus,1444380879,Religion,False,6,tgdataset_conspiracy_list
roopab,1085544319,Religion,False,6,tgdataset_conspiracy_list
rooshofficial,1047193060,Religion,False,6,tgdataset_conspiracy_list
rsatlanteangardens,1495891440,Religion,False,6,tgdataset_conspiracy_list
Runicdivination,1467609252,Religion,False,6,tgdataset_conspiracy_list
RunningTheRace1111,1405517537,Religion,False,6,tgdataset_conspiracy_list
rwhsbunker,1458799107,Religion,False,6,tgdataset_conspiracy_list
sacredknowledgechannel,1557138088,Religion,False,6,tgdataset_conspiracy_list
sacredsoulart,1207838436,Religion,False,6,tgdataset_conspiracy_list
SacredSpirituality11,1415583711,Religion,False,6,tgdataset_conspiracy_list
sagesofsuccoth,1336091807,Religion,False,6,tgdataset_conspiracy_list
SamsTradingPost,1311585108,Religion,False,6,tgdataset_conspiracy_list
sancta_missa,1497260765,Religion,False,6,tgdataset_conspiracy_list
sandwichpress,1476013048,Religion,False,6,tgdataset_conspiracy_list
SapphireSkyeOfficial,1311048846,Religion,False,6,tgdataset_conspiracy_list
sarahwalter,1335722961,Religion,False,6,tgdataset_conspiracy_list
satanicnationalsocialism,1492823599,Religion,False,6,tgdataset_conspiracy_list
SaveTheChildren2022,1179278028,Religion,False,6,tgdataset_conspiracy_list
SayItEllieB,1454176984,Religion,False,6,tgdataset_conspiracy_list
Scallywags,1329587467,Religion,False,6,tgdataset_conspiracy_list
ScottyMar10,1409946616,Religion,False,6,tgdataset_conspiracy_list
scrimshawsaga,1477894254,Religion,False,6,tgdataset_conspiracy_list
sealdreams,1379576566,Religion,False,6,tgdataset_conspiracy_list
seanblackchannel,1364948674,Religion,False,6,tgdataset_conspiracy_list
seanhross,1400700632,Religion,False,6,tgdataset_conspiracy_list
seanvplanet,1494305871,Religion,False,6,tgdataset_conspiracy_list
Seasteading,1062012526,Religion,False,6,tgdataset_conspiracy_list
SecondHeathenArmyMemes,1129548868,Religion,False,6,tgdataset_conspiracy_list
SecretGovernment,1369031764,Religion,False,6,tgdataset_conspiracy_list
seditious_frequency,1212423233,Religion,False,6,tgdataset_conspiracy_list
Semiogogue,1309190379,Religion,False,6,tgdataset_conspiracy_list
servantofmary,1413054563,Religion,False,6,tgdataset_conspiracy_list
serveGODalone,1463671963,Religion,False,6,tgdataset_conspiracy_list
sethdillon,1382619060,Religion,False,6,tgdataset_conspiracy_list
SevenSnakes,1327332714,Religion,False,6,tgdataset_conspiracy_list
SevereAnonMusic,1317544337,Religion,False,6,tgdataset_conspiracy_list
SexyBrilliant,1326997619,Religion,False,6,tgdataset_conspiracy_list
sgettradcat,1366548306,Religion,False,6,tgdataset_conspiracy_list
shadow_works,1249555020,Religion,False,6,tgdataset_conspiracy_list
SharingChrist,1005844739,Religion,False,6,tgdataset_conspiracy_list
sharipinemusic,1413813830,Religion,False,6,tgdataset_conspiracy_list
SheenaParks,1427555084,Religion,False,6,tgdataset_conspiracy_list
shekelfreezone,1498422909,Religion,False,6,tgdataset_conspiracy_list
shekhinah_PJ,1487260040,Religion,False,6,tgdataset_conspiracy_list
Shift25D,1413938584,Religion,False,6,tgdataset_conspiracy_list
shitpost_legion,1253857573,Religion,False,6,tgdataset_conspiracy_list
ShitpostsFromTheFront,1047615116,Religion,False,6,tgdataset_conspiracy_list
SHTFBoogaloo,1247846521,Religion,False,6,tgdataset_conspiracy_list
sig_archive,1194247811,Religion,False,6,tgdataset_conspiracy_list
sig_up,1374396593,Religion,False,6,tgdataset_conspiracy_list
sineinjuria,1403338212,Religion,False,6,tgdataset_conspiracy_list
SirOswaldMosleysBlackshirts,1492171394,Religion,False,6,tgdataset_conspiracy_list
skippet,1279748732,Religion,False,6,tgdataset_conspiracy_list
skogarvordurinn,1364215317,Religion,False,6,tgdataset_conspiracy_list
slightlyoffensive,1301504542,Religion,False,6,tgdataset_conspiracy_list
SmokesAndMemes1,1252202886,Religion,False,6,tgdataset_conspiracy_list
SmokesandMemes2,1362144387,Religion,False,6,tgdataset_conspiracy_list
socotalks,1432461546,Religion,False,6,tgdataset_conspiracy_list
solarcult,1261210178,Religion,False,6,tgdataset_conspiracy_list
SolarPosadism,1163456914,Religion,False,6,tgdataset_conspiracy_list
solarwarcult,1153485305,Religion,False,6,tgdataset_conspiracy_list
solbrah,1386441965,Religion,False,6,tgdataset_conspiracy_list
someoneneedstolead88,1480710981,Religion,False,6,tgdataset_conspiracy_list
SomewhithersAwesomeStuff,1094071520,Religion,False,6,tgdataset_conspiracy_list
Sompbooklovers,1374946594,Religion,False,6,tgdataset_conspiracy_list
sonat61,1434089797,Religion,False,6,tgdataset_conspiracy_list
soon110,1332312082,Religion,False,6,tgdataset_conspiracy_list
SOTSB,1196953931,Religion,False,6,tgdataset_conspiracy_list
soulwinning,1136487582,Religion,False,6,tgdataset_conspiracy_list
SoundTheAlarm777,1503677095,Religion,False,6,tgdataset_conspiracy_list
sourcedirectives,1488460572,Religion,False,6,tgdataset_conspiracy_list
southernnat,1349400181,Religion,False,6,tgdataset_conspiracy_list
SouthernStarsTexts,1280953045,Religion,False,6,tgdataset_conspiracy_list
soygirls,1077844889,Religion,False,6,tgdataset_conspiracy_list
SpaceCatStation,1196979246,Religion,False,6,tgdataset_conspiracy_list
SpaceDogSchool,1239813058,Religion,False,6,tgdataset_conspiracy_list
SPBchannel,1250775005,Religion,False,6,tgdataset_conspiracy_list
speckzo,1214069794,Religion,False,6,tgdataset_conspiracy_list
Spiritual_Magic,1457888698,Religion,False,6,tgdataset_conspiracy_list
spiritualalchemyuk,1550961021,Religion,False,6,tgdataset_conspiracy_list
SpirituallyRAW,1183471422,Religion,False,6,tgdataset_conspiracy_list
spiritualscience,1058227051,Religion,False,6,tgdataset_conspiracy_list
SpontaneousCosmology,1376150810,Religion,False,6,tgdataset_conspiracy_list
spookbuster,1317980629,Religion,False,6,tgdataset_conspiracy_list
SSGnosis,1220981346,Religion,False,6,tgdataset_conspiracy_list
sslogos,1336038364,Religion,False,6,tgdataset_conspiracy_list
staceysworldrocks,1440206930,Religion,False,6,tgdataset_conspiracy_list
StarConnective,1477303978,Religion,False,6,tgdataset_conspiracy_list
StarHealingCentre,1477135448,Religion,False,6,tgdataset_conspiracy_list
stcecilia,1208637106,Religion,False,6,tgdataset_conspiracy_list
SteadyReadyAble,1569726506,Religion,False,6,tgdataset_conspiracy_list
stopmasturbating,1207488912,Religion,False,6,tgdataset_conspiracy_list
storytellingtradition,1708539788,Religion,False,6,tgdataset_conspiracy_list
strangerfield,1479238572,Religion,False,6,tgdataset_conspiracy_list
StrayGrognak,1325958983,Religion,False,6,tgdataset_conspiracy_list
stubborngene,1267383660,Religion,False,6,tgdataset_conspiracy_list
stupidbox,1135802284,Religion,False,6,tgdataset_conspiracy_list
SunshineDecodes,1452487172,Religion,False,6,tgdataset_conspiracy_list
SUPERTRUTHERS,1563462610,Religion,False,6,tgdataset_conspiracy_list
survivethejive,1158762602,Religion,False,6,tgdataset_conspiracy_list
SurviveTheWild,1459989149,Religion,False,6,tgdataset_conspiracy_list
synchromystic,1440677856,Religion,False,6,tgdataset_conspiracy_list
TartariaHistoryChannel,1709651008,Religion,False,6,tgdataset_conspiracy_list
TARTARIAthetruth,1222655991,Religion,False,6,tgdataset_conspiracy_list
tayswaymovement,1208325805,Religion,False,6,tgdataset_conspiracy_list
tcmusa,1213287023,Religion,False,6,tgdataset_conspiracy_list
TeamRepJesus,1135462293,Religion,False,6,tgdataset_conspiracy_list
telegroyp2,1304241658,Religion,False,6,tgdataset_conspiracy_list
TemplarScriptures,1383357185,Religion,False,6,tgdataset_conspiracy_list
TenaCITY4GOD,1587308215,Religion,False,6,tgdataset_conspiracy_list
TetasTodoDia,1232401218,Religion,False,6,tgdataset_conspiracy_list
TGShepherd,1383626099,Religion,False,6,tgdataset_conspiracy_list
ThatAncientFaith,1374010225,Religion,False,6,tgdataset_conspiracy_list
thathydrponicbloke,1348201587,Religion,False,6,tgdataset_conspiracy_list
The1776Report,1353051109,Religion,False,6,tgdataset_conspiracy_list
The3ia,1425542179,Religion,False,6,tgdataset_conspiracy_list
the_high_council_of_frens,1381856797,Religion,False,6,tgdataset_conspiracy_list
The_Revenant_Church,1224530855,Religion,False,6,tgdataset_conspiracy_list
theaquarianhealer,1337726962,Religion,False,6,tgdataset_conspiracy_list
TheAustralianNative,1142931743,Religion,False,6,tgdataset_conspiracy_list
TheAwakenedAryan,1388025017,Religion,False,6,tgdataset_conspiracy_list
TheBelieversChannel,1453083689,Religion,False,6,tgdataset_conspiracy_list
TheBoglord,1480659624,Religion,False,6,tgdataset_conspiracy_list
TheBureauOfMemeticWarfareBackup,1431132215,Religion,False,6,tgdataset_conspiracy_list
thecarnalconservative,1156799083,Religion,False,6,tgdataset_conspiracy_list
thecatholicjesterchannel,1226583552,Religion,False,6,tgdataset_conspiracy_list
thecatholicman,1149667545,Religion,False,6,tgdataset_conspiracy_list
TheChristianChannel,1294440873,Religion,False,6,tgdataset_conspiracy_list
thechristianwarrior,1491530382,Religion,False,6,tgdataset_conspiracy_list
TheCollectiveNetwork1,1209666950,Religion,False,6,tgdataset_conspiracy_list
TheCowPill,1360698593,Religion,False,6,tgdataset_conspiracy_list
THECQ,1434238273,Religion,False,6,tgdataset_conspiracy_list
TheDailyChristian,1093189095,Religion,False,6,tgdataset_conspiracy_list
thedailydecade,1317299391,Religion,False,6,tgdataset_conspiracy_list
TheDivineSourceOfLove,1710608986,Religion,False,6,tgdataset_conspiracy_list
theeventsummit,1687463844,Religion,False,6,tgdataset_conspiracy_list
TheFascifistChannel,1417034077,Religion,False,6,tgdataset_conspiracy_list
TheFascistLibrary88,1351106810,Religion,False,6,tgdataset_conspiracy_list
TheFlatEarthReality,1382979056,Religion,False,6,tgdataset_conspiracy_list
thefrankamerica,1324124121,Religion,False,6,tgdataset_conspiracy_list
TheGodcastTJC,1435583256,Religion,False,6,tgdataset_conspiracy_list
thegoldenone,1461320425,Religion,False,6,tgdataset_conspiracy_list
TheGravityWell,1464777846,Religion,False,6,tgdataset_conspiracy_list
TheGreatFlash,1403061591,Religion,False,6,tgdataset_conspiracy_list
TheGreenPilledPerspective,1488660678,Religion,False,6,tgdataset_conspiracy_list
TheImmovables,1212243588,Religion,False,6,tgdataset_conspiracy_list
TheKeystoneChannel,1486823487,Religion,False,6,tgdataset_conspiracy_list
TheLostAryan,1453228491,Religion,False,6,tgdataset_conspiracy_list
theloveshack,1242482335,Religion,False,6,tgdataset_conspiracy_list
themappleandtheoak,1334190146,Religion,False,6,tgdataset_conspiracy_list
TheMarauderProject,1276869850,Religion,False,6,tgdataset_conspiracy_list
TheMetanoiacPortal,1152932330,Religion,False,6,tgdataset_conspiracy_list
themightykafirs,1363678348,Religion,False,6,tgdataset_conspiracy_list
TheMusicCityKang,1228347053,Religion,False,6,tgdataset_conspiracy_list
theMusicOfSectarianViolence,1173069014,Religion,False,6,tgdataset_conspiracy_list
TheNetwork5,1300394981,Religion,False,6,tgdataset_conspiracy_list
THENEWCRAZY,1452035761,Religion,False,6,tgdataset_conspiracy_list
thenewera1,1176060532,Religion,False,6,tgdataset_conspiracy_list
TheOchsReport,1488054147,Religion,False,6,tgdataset_conspiracy_list
THEOLDWAYS,1254420471,Religion,False,6,tgdataset_conspiracy_list
Theologybites,1081820704,Religion,False,6,tgdataset_conspiracy_list
theorthodoxguy,1472029784,Religion,False,6,tgdataset_conspiracy_list
TheParanormiesPresent,1452921969,Religion,False,6,tgdataset_conspiracy_list
theportlypolitico,1329449101,Religion,False,6,tgdataset_conspiracy_list
therabbitholedotwiki,1256867972,Religion,False,6,tgdataset_conspiracy_list
therahowareport,1410009035,Religion,False,6,tgdataset_conspiracy_list
TheRealAngelWarrior,1399304572,Religion,False,6,tgdataset_conspiracy_list
THEREMNANTROOM,1386754264,Religion,False,6,tgdataset_conspiracy_list
TheSausageChamber,1154114871,Religion,False,6,tgdataset_conspiracy_list
TheSoupNazi,1202069541,Religion,False,6,tgdataset_conspiracy_list
thetheocrat,1252079046,Religion,False,6,tgdataset_conspiracy_list
thethotpatrol,1371941875,Religion,False,6,tgdataset_conspiracy_list
TheToasterChannel,1473854780,Religion,False,6,tgdataset_conspiracy_list
thetraditionalchristiangentleman,1352149064,Religion,False,6,tgdataset_conspiracy_list
theunashamed,1175758958,Religion,False,6,tgdataset_conspiracy_list
TheWarriorMom,1406300635,Religion,False,6,tgdataset_conspiracy_list
TheWhiteGhostOfficial,1495104654,Religion,False,6,tgdataset_conspiracy_list
thewhitespace,1463837756,Religion,False,6,tgdataset_conspiracy_list
TheWinlandishFolk,1371448957,Religion,False,6,tgdataset_conspiracy_list
thewolfden2,1398892794,Religion,False,6,tgdataset_conspiracy_list
TheWorstOfSociety,1526041539,Religion,False,6,tgdataset_conspiracy_list
TheWretchedWesterner,1445284501,Religion,False,6,tgdataset_conspiracy_list
thisistheredpath,1497018909,Religion,False,6,tgdataset_conspiracy_list
thomassewell,1484307389,Religion,False,6,tgdataset_conspiracy_list
thomassewell1,1618047173,Religion,False,6,tgdataset_conspiracy_list
thuleanperspective,1440608067,Religion,False,6,tgdataset_conspiracy_list
ThusSayethObzeen,1226822508,Religion,False,6,tgdataset_conspiracy_list
Tibor_14,1481732897,Religion,False,6,tgdataset_conspiracy_list
timeoftransition,1299657682,Religion,False,6,tgdataset_conspiracy_list
TimeToWakeUpSwitzerland,1198947787,Religion,False,6,tgdataset_conspiracy_list
TimTheEnchanterQ,1404061874,Religion,False,6,tgdataset_conspiracy_list
tinnitus_records,1155778782,Religion,False,6,tgdataset_conspiracy_list
tippingpointuk,1485731354,Religion,False,6,tgdataset_conspiracy_list
TippyTopPatriot,1478038036,Religion,False,6,tgdataset_conspiracy_list
TKBofCK,1173026083,Religion,False,6,tgdataset_conspiracy_list
TKRofficial,1428361778,Religion,False,6,tgdataset_conspiracy_list
tomrum,1467517334,Religion,False,6,tgdataset_conspiracy_list
traditionalam,1476678997,Religion,False,6,tgdataset_conspiracy_list
traditionalvoice,1228638850,Religion,False,6,tgdataset_conspiracy_list
TradLifeMovement,1136230958,Religion,False,6,tgdataset_conspiracy_list
tradsthetics,1458653164,Religion,False,6,tgdataset_conspiracy_list
tradzoomer,1261987971,Religion,False,6,tgdataset_conspiracy_list
TrailOfAnarchy,1065861287,Religion,False,6,tgdataset_conspiracy_list
traukeinempromi,1197069898,Religion,False,6,tgdataset_conspiracy_list
TribalEuropa,1737519757,Religion,False,6,tgdataset_conspiracy_list
tribeofthefox,1173796614,Religion,False,6,tgdataset_conspiracy_list
TrifectaYouBetcha,1407829433,Religion,False,6,tgdataset_conspiracy_list
triggereveryone,1058944890,Religion,False,6,tgdataset_conspiracy_list
TrrrNews,1491942227,Religion,False,6,tgdataset_conspiracy_list
TrueMormonHistory,1440033768,Religion,False,6,tgdataset_conspiracy_list
truenewsrealpeople,1590785445,Religion,False,6,tgdataset_conspiracy_list
trueorthodoxchristianity,1245204195,Religion,False,6,tgdataset_conspiracy_list
trueorthodoxy,1279420504,Religion,False,6,tgdataset_conspiracy_list
trueselftrueworld,1207264774,Religion,False,6,tgdataset_conspiracy_list
TrumpPatriotNews,1309772084,Religion,False,6,tgdataset_conspiracy_list
TrutherMusic,1254714908,Religion,False,6,tgdataset_conspiracy_list
truthmatters777,1219756282,Religion,False,6,tgdataset_conspiracy_list
TruthSerum4All,1176696754,Religion,False,6,tgdataset_conspiracy_list
truthunfoldedNS,1251489038,Religion,False,6,tgdataset_conspiracy_list
tspcbroadcast,1224540016,Religion,False,6,tgdataset_conspiracy_list
tsukibiblio,1347638509,Religion,False,6,tgdataset_conspiracy_list
TTPTG,1379442092,Religion,False,6,tgdataset_conspiracy_list
tuntematonsotilas,1443704013,Religion,False,6,tgdataset_conspiracy_list
Tw_gh,1116248697,Religion,False,6,tgdataset_conspiracy_list
Twightzone,1452480527,Religion,False,6,tgdataset_conspiracy_list
ufoalpopolo,1242270854,Religion,False,6,tgdataset_conspiracy_list
umbrellixnet,1330270796,Religion,False,6,tgdataset_conspiracy_list
unbreakablemindset,1377799581,Religion,False,6,tgdataset_conspiracy_list
UndocumentedHuman,1094570988,Religion,False,6,tgdataset_conspiracy_list
Unempatheticeuro,1278617914,Religion,False,6,tgdataset_conspiracy_list
united_world_minority_rights,1372419944,Religion,False,6,tgdataset_conspiracy_list
UnitedAnarchists,1373385240,Religion,False,6,tgdataset_conspiracy_list
UnitedCelts,1394571329,Religion,False,6,tgdataset_conspiracy_list
UnsococialConstructionsReality,1364153805,Religion,False,6,tgdataset_conspiracy_list
unwashed2020,1198701644,Religion,False,6,tgdataset_conspiracy_list
vault_of_secrets,1497242922,Religion,False,6,tgdataset_conspiracy_list
velocirapture23,1244739761,Religion,False,6,tgdataset_conspiracy_list
Veni_Sancte_Spiritus,1386260060,Religion,False,6,tgdataset_conspiracy_list
verbotenverity,1435862988,Religion,False,6,tgdataset_conspiracy_list
verybasedindeed,1220754567,Religion,False,6,tgdataset_conspiracy_list
Victory_Of_The_Light,1141376404,Religion,False,6,tgdataset_conspiracy_list
vikingsbroadcast,1408714234,Religion,False,6,tgdataset_conspiracy_list
VikingWolf_chat,1179980384,Religion,False,6,tgdataset_conspiracy_list
vilkasbackup,1454891502,Religion,False,6,tgdataset_conspiracy_list
vinlandia,1213536791,Religion,False,6,tgdataset_conspiracy_list
ViriDei,1408296855,Religion,False,6,tgdataset_conspiracy_list
VisioningwithJulieB,1150662848,Religion,False,6,tgdataset_conspiracy_list
VoicesofRevelation,1237230499,Religion,False,6,tgdataset_conspiracy_list
VolkischFeed,1457846771,Religion,False,6,tgdataset_conspiracy_list
VolkischUprising,1479094327,Religion,False,6,tgdataset_conspiracy_list
VolkischUprisingg,1430112003,Religion,False,6,tgdataset_conspiracy_list
VoluntaryOrGTFO,1104522449,Religion,False,6,tgdataset_conspiracy_list
vrilmaiden,1366530872,Religion,False,6,tgdataset_conspiracy_list
Walesfirst,1447074307,Religion,False,6,tgdataset_conspiracy_list
walterveith,1412793623,Religion,False,6,tgdataset_conspiracy_list
WandaAlgerOfficial,1564593938,Religion,False,6,tgdataset_conspiracy_list
war_on_whites,1376339504,Religion,False,6,tgdataset_conspiracy_list
warhippy,1301188132,Religion,False,6,tgdataset_conspiracy_list
WeAreTrump777,1572880003,Religion,False,6,tgdataset_conspiracy_list
weebmemeschan,1238513608,Religion,False,6,tgdataset_conspiracy_list
WeRthePheonix_TribeOne,1554369977,Religion,False,6,tgdataset_conspiracy_list
WesternHeritage,1481883538,Religion,False,6,tgdataset_conspiracy_list
wglenz,1432917278,Religion,False,6,tgdataset_conspiracy_list
White_Makes_Right,1341340854,Religion,False,6,tgdataset_conspiracy_list
WhiteAmericanRebel,1683012557,Religion,False,6,tgdataset_conspiracy_list
WhiteCivilRights,1269729068,Religion,False,6,tgdataset_conspiracy_list
WhiteCrusaderWaffen,1495071790,Religion,False,6,tgdataset_conspiracy_list
whitedatenet,1166922265,Religion,False,6,tgdataset_conspiracy_list
whitepeoplebehold,1167475007,Religion,False,6,tgdataset_conspiracy_list
whites_against_loxism,1404963236,Religion,False,6,tgdataset_conspiracy_list
WhiteWarriorKvlt,1156443667,Religion,False,6,tgdataset_conspiracy_list
whywefight,1321272785,Religion,False,6,tgdataset_conspiracy_list
wideawaketruthseekers,1504641637,Religion,False,6,tgdataset_conspiracy_list
Will2Rise,1263639526,Religion,False,6,tgdataset_conspiracy_list
withGodEverthingsPossible,1349134300,Religion,False,6,tgdataset_conspiracy_list
WitnessMeIAmAwaited,1404658297,Religion,False,6,tgdataset_conspiracy_list
WLM_USA_OHIO,1496342508,Religion,False,6,tgdataset_conspiracy_list
WLM_USA_TEXAS,1469815925,Religion,False,6,tgdataset_conspiracy_list
WokeFurry,1235082463,Religion,False,6,tgdataset_conspiracy_list
WomanHateV2,1457929061,Religion,False,6,tgdataset_conspiracy_list
Wordspiration,1398043760,Religion,False,6,tgdataset_conspiracy_list
World_meditation_Events,1322474762,Religion,False,6,tgdataset_conspiracy_list
wowzchannel,1548771242,Religion,False,6,tgdataset_conspiracy_list
Xynchanel,1058428294,Religion,False,6,tgdataset_conspiracy_list
y1776,1406183709,Religion,False,6,tgdataset_conspiracy_list
yinyang_channel,1348740932,Religion,False,6,tgdataset_conspiracy_list
YizztheEunuchOpenForum,1271031982,Religion,False,6,tgdataset_conspiracy_list
Yoked_arrows,1458416462,Religion,False,6,tgdataset_conspiracy_list
youfuckedaround,1234182095,Religion,False,6,tgdataset_conspiracy_list
yourshopefully,1141330584,Religion,False,6,tgdataset_conspiracy_list
youtube_newsus,1241853889,Religion,False,6,tgdataset_conspiracy_list
youtubeshitposting,1456887421,Religion,False,6,tgdataset_conspiracy_list
zeitposting,1371368584,Religion,False,6,tgdataset_conspiracy_list
zeong,1103106745,Religion,False,6,tgdataset_conspiracy_list
ZetaTalk_Followers,1397262385,Religion,False,6,tgdataset_conspiracy_list
ZionismEvil,1380705288,Religion,False,6,tgdataset_conspiracy_list
AIESEC_AAU,1098547869,Indian edu,False,7,tgdataset_conspiracy_list
aliexpress_fun,1012930938,Entertainment,False,7,tgdataset_conspiracy_list
amazingcyberpunk,1290812425,Entertainment,False,7,tgdataset_conspiracy_list
AnonymousLegionBaWue,1117024909,Indian edu,False,7,tgdataset_conspiracy_list
another_hacker_news,1113523972,Software,False,7,tgdataset_conspiracy_list
ANTISTATE,1279552435,Social,False,7,tgdataset_conspiracy_list
anyastasiaschannel,1144022060,Entertainment,False,7,tgdataset_conspiracy_list
astandintheparkuk,1162515555,Entertainment,False,7,tgdataset_conspiracy_list
basedmusic,1176768952,Social,False,7,tgdataset_conspiracy_list
BigToneDaBoss,1150142421,Social,False,7,tgdataset_conspiracy_list
BlackBox_Archiv,1232910440,Software,False,7,tgdataset_conspiracy_list
BlackBox_EN,1157275486,Software,False,7,tgdataset_conspiracy_list
brain_food_channel,1389880453,Indian edu,False,7,tgdataset_conspiracy_list
canyoupwnme,1053247524,Software,False,7,tgdataset_conspiracy_list
capybaras,1009827301,Entertainment,False,7,tgdataset_conspiracy_list
Cave_of_Z33DD,1451778531,Software,False,7,tgdataset_conspiracy_list
col_lins,1409405866,Porn,False,7,tgdataset_conspiracy_list
crackLK,1297310649,Software,False,7,tgdataset_conspiracy_list
cRyPtHoN_INFOSEC,1308540605,Software,False,7,tgdataset_conspiracy_list
cRyPtHoN_INFOSEC_EN,1158842828,Software,False,7,tgdataset_conspiracy_list
cryptolinks,1099184198,Software,False,7,tgdataset_conspiracy_list
cvision,1072608535,Software,False,7,tgdataset_conspiracy_list
cyberpunkrs,1149436795,Software,False,7,tgdataset_conspiracy_list
discordiansociety,1102936998,Entertainment,False,7,tgdataset_conspiracy_list
Documentary_Channel_1,1410999384,Entertainment,False,7,tgdataset_conspiracy_list
doppiofondo,1105514374,Entertainment,False,7,tgdataset_conspiracy_list
eckhardtrems,1156973208,Videogame modding,False,7,tgdataset_conspiracy_list
filosofando,1002373254,Social,False,7,tgdataset_conspiracy_list
flatearthid,1099755449,Entertainment,False,7,tgdataset_conspiracy_list
foodcrimes,1168874086,Entertainment,False,7,tgdataset_conspiracy_list
freelance_ethio,1193582142,Indian edu,False,7,tgdataset_conspiracy_list
gadget,1090398986,Entertainment,False,7,tgdataset_conspiracy_list
gremprurito,1452151780,Social,False,7,tgdataset_conspiracy_list
hacker_news_feed,1020923877,Entertainment,False,7,tgdataset_conspiracy_list
hoodsville,1221198914,Porn,False,7,tgdataset_conspiracy_list
hoofington,1050163220,Videogame modding,False,7,tgdataset_conspiracy_list
iyouport,1069232420,Software,False,7,tgdataset_conspiracy_list
jeffrey_peterson,1299478212,Software,False,7,tgdataset_conspiracy_list
JoinTheWhiteRose,1180416475,Entertainment,False,7,tgdataset_conspiracy_list
LambdaReadingRoom,1338771567,Software,False,7,tgdataset_conspiracy_list
Linux_ENGLISH,1158319997,Software,False,7,tgdataset_conspiracy_list
LucidNety,1377534541,Software,False,7,tgdataset_conspiracy_list
luizawicca,1428628776,Social,False,7,tgdataset_conspiracy_list
MaxOtte_says,1228052257,Videogame modding,False,7,tgdataset_conspiracy_list
MeccaTronics,1112278644,Software,False,7,tgdataset_conspiracy_list
mlpdofficial,1386451119,Software,False,7,tgdataset_conspiracy_list
modernityrejection,1405080182,Software,False,7,tgdataset_conspiracy_list
NePalis,1124086178,Videogame modding,False,7,tgdataset_conspiracy_list
NewsExclusive,1356567497,Indian edu,False,7,tgdataset_conspiracy_list
NoGapps,1078005372,Software,False,7,tgdataset_conspiracy_list
ocultarias,1057050326,Entertainment,False,7,tgdataset_conspiracy_list
oleg_fov,1298750770,Software,False,7,tgdataset_conspiracy_list
ona_teper_valera_channel,1125378360,Software,False,7,tgdataset_conspiracy_list
OpenBulletConfigs,1481382243,Software,False,7,tgdataset_conspiracy_list
OutoftheBox_TV,1332948464,Social,False,7,tgdataset_conspiracy_list
outvivid,1378594303,Software,False,7,tgdataset_conspiracy_list
PavelKarelinMyterritory,1440959823,Videogame modding,False,7,tgdataset_conspiracy_list
pokemonmeme,1165318115,Entertainment,False,7,tgdataset_conspiracy_list
Prager_U,1288310848,Social,False,7,tgdataset_conspiracy_list
privacytoday,1219892873,Software,False,7,tgdataset_conspiracy_list
PrivSecGoy,1292472394,Software,False,7,tgdataset_conspiracy_list
project_conscious,1242776896,Social,False,7,tgdataset_conspiracy_list
projectcovid1984,1281931390,Entertainment,False,7,tgdataset_conspiracy_list
psdealsalert,1127385623,Software,False,7,tgdataset_conspiracy_list
Psychothreat,1117426017,Entertainment,False,7,tgdataset_conspiracy_list
qanewsezrachoen,1352168833,Videogame modding,False,7,tgdataset_conspiracy_list
qanewsothers,1397501001,Social,False,7,tgdataset_conspiracy_list
QDropRss,1351618603,Entertainment,False,7,tgdataset_conspiracy_list
r2tFeed,1415819588,Social,False,7,tgdataset_conspiracy_list
r_movies,1241021759,Entertainment,False,7,tgdataset_conspiracy_list
r_privacy,1327866738,Software,False,7,tgdataset_conspiracy_list
r_til,1099401875,Entertainment,False,7,tgdataset_conspiracy_list
RealDrJoeDispenza,1472890837,Videogame modding,False,7,tgdataset_conspiracy_list
RealDrTaylorMarshall,1387649482,Social,False,7,tgdataset_conspiracy_list
reddit2telegram,1152585719,Social,False,7,tgdataset_conspiracy_list
redpilled_de,1453100547,Social,False,7,tgdataset_conspiracy_list
ReutersWorldChannel,1011047399,Social,False,7,tgdataset_conspiracy_list
RNetsec,1107873651,Entertainment,False,7,tgdataset_conspiracy_list
rua_neko,1599885581,Software,False,7,tgdataset_conspiracy_list
santacity,1381429261,Porn,False,7,tgdataset_conspiracy_list
sbornikvsego,1172182985,Videogame modding,False,7,tgdataset_conspiracy_list
scriptwaffen,1413032184,Software,False,7,tgdataset_conspiracy_list
secharvester,1140606841,Software,False,7,tgdataset_conspiracy_list
shreyansupsc,1409110703,Indian edu,False,7,tgdataset_conspiracy_list
silverbypost,1160978692,Entertainment,False,7,tgdataset_conspiracy_list
sociatal_club,1259020334,Porn,False,7,tgdataset_conspiracy_list
solidot,1104204833,Software,False,7,tgdataset_conspiracy_list
stopthecensorship,1420163264,Social,False,7,tgdataset_conspiracy_list
subparnews,1344681702,Entertainment,False,7,tgdataset_conspiracy_list
symmetria,1048275082,Software,False,7,tgdataset_conspiracy_list
TauNewsEkb,1424016223,Videogame modding,False,7,tgdataset_conspiracy_list
Techfreaks9,1471584037,Software,False,7,tgdataset_conspiracy_list
techrss,1004328265,Software,False,7,tgdataset_conspiracy_list
tesseractingcat,1207495028,Software,False,7,tgdataset_conspiracy_list
The_Documentary_Channel,1422679685,Entertainment,False,7,tgdataset_conspiracy_list
thelaienspiegels,1332202404,Indian edu,False,7,tgdataset_conspiracy_list
thevikingprogrammer,1080438406,Software,False,7,tgdataset_conspiracy_list
tiktokraid,1291132818,Videogame modding,False,7,tgdataset_conspiracy_list
tmslive,1215508790,Social,False,7,tgdataset_conspiracy_list
todayilearned,1142695531,Entertainment,False,7,tgdataset_conspiracy_list
todayilearned2,1032561173,Entertainment,False,7,tgdataset_conspiracy_list
todayilearned_adfree,1209406859,Entertainment,False,7,tgdataset_conspiracy_list
tomwoodsshow,1127886744,Social,False,7,tgdataset_conspiracy_list
top1content,1471374173,Entertainment,False,7,tgdataset_conspiracy_list
TP_Videos_Refutaciones,1315486214,Videogame modding,False,7,tgdataset_conspiracy_list
tpxSecurity,1023803963,Software,False,7,tgdataset_conspiracy_list
trandingyouth,1408776162,Porn,False,7,tgdataset_conspiracy_list
triunviratoaviso,1265814424,Entertainment,False,7,tgdataset_conspiracy_list
TSLDealss,1345896991,Entertainment,False,7,tgdataset_conspiracy_list
unchainedinnovations,1545642258,Software,False,7,tgdataset_conspiracy_list
Undertale_pic,1076371733,Entertainment,False,7,tgdataset_conspiracy_list
VolkWerksoekSuidAfrika,1219688285,Indian edu,False,7,tgdataset_conspiracy_list
wakeupdocumentaries,1240450680,Social,False,7,tgdataset_conspiracy_list
we_wuz_lernin_sheeit,1110745455,Software,False,7,tgdataset_conspiracy_list
whatisaw,1118239565,Entertainment,False,7,tgdataset_conspiracy_list
ythaiku,1357587722,Social,False,7,tgdataset_conspiracy_list
zerohedgenews,1456975583,Social,False,7,tgdataset_conspiracy_list
zhenxiangyin,1395163136,Videogame modding,False,7,tgdataset_conspiracy_list
AtmumraDeutsch,1259842157,,True,9,tgdataset_conspiracy_list
DasGrosseAufwachen,1448683167,,True,9,tgdataset_conspiracy_list
DasGrosseE,1327675983,,True,9,tgdataset_conspiracy_list
GrosseAufwachen,1241336568,,True,9,tgdataset_conspiracy_list
GrossesAufwachen,1201562722,,True,9,tgdataset_conspiracy_list
HamburgPresse,1571701728,,True,9,tgdataset_conspiracy_list
HerbertKickl,1412593838,,True,9,tgdataset_conspiracy_list
JoschkaFischer,1115756426,,True,9,tgdataset_conspiracy_list
KoelnInfo,1203451831,,True,9,tgdataset_conspiracy_list
MuetterUndVaeter,1217936887,,True,9,tgdataset_conspiracy_list
NoahProphezeiung,1225570590,,True,9,tgdataset_conspiracy_list
NoahsProphezeiung,1486609740,,True,9,tgdataset_conspiracy_list
OskarLafontaine,1366146677,,True,9,tgdataset_conspiracy_list
SabmykDeutsch,1185671778,,True,9,tgdataset_conspiracy_list
ShawunawazDeutsch,1236952515,,True,9,tgdataset_conspiracy_list
TillSchw,1323344228,,True,9,tgdataset_conspiracy_list
vyacheslavvelichko,1433940064,,True,9,tgdataset_conspiracy_list
a05z3322,1142830239,,False,9,tgdataset_conspiracy_list
a94om,1479938465,,False,9,tgdataset_conspiracy_list
a_99rt,1197872248,,False,9,tgdataset_conspiracy_list
a_lutikov,1207089339,,False,9,tgdataset_conspiracy_list
a_tiroler,1284550690,,False,9,tgdataset_conspiracy_list
AachenDoku,1263477639,,False,9,tgdataset_conspiracy_list
AALL_Earth_news,1430065160,,False,9,tgdataset_conspiracy_list
aamout,1009756523,,False,9,tgdataset_conspiracy_list
aatmasamarah_news,1259165008,,False,9,tgdataset_conspiracy_list
ab_mc,1315170554,,False,9,tgdataset_conspiracy_list
abacate_ancap,1061348792,,False,9,tgdataset_conspiracy_list
abdollahshahbazi,1004933282,,False,9,tgdataset_conspiracy_list
abdolrezadavari,1007759490,,False,9,tgdataset_conspiracy_list
abdorezasoltani,1048003556,,False,9,tgdataset_conspiracy_list
abendlanddeutschland,1158385713,,False,9,tgdataset_conspiracy_list
AbgefahrenesLeben,1268859129,,False,9,tgdataset_conspiracy_list
abogadosporlaverdadmexico,1161047204,,False,9,tgdataset_conspiracy_list
Abogadosxlaverdad,1412998185,,False,9,tgdataset_conspiracy_list
abravac,1592286845,,False,9,tgdataset_conspiracy_list
abraxasesoterismo,1099467824,,False,9,tgdataset_conspiracy_list
abrelosojos2021,1091591603,,False,9,tgdataset_conspiracy_list
AbsicherungNachwelt,1189832540,,False,9,tgdataset_conspiracy_list
Absurdistan1,1337318951,,False,9,tgdataset_conspiracy_list
ABTME,1330877902,,False,9,tgdataset_conspiracy_list
abusospoliciale,1332570585,,False,9,tgdataset_conspiracy_list
abuwtf,1094392793,,False,9,tgdataset_conspiracy_list
Academy_of_IR,1115488331,,False,9,tgdataset_conspiracy_list
accelrnd,1436386637,,False,9,tgdataset_conspiracy_list
accendiilcervello,1141501629,,False,9,tgdataset_conspiracy_list
Accepted4value,1472626551,,False,9,tgdataset_conspiracy_list
accion24hresiste,1201166506,,False,9,tgdataset_conspiracy_list
accionhumanistarevolucionariaaur,1128044839,,False,9,tgdataset_conspiracy_list
accionvalencia,1376440619,,False,9,tgdataset_conspiracy_list
AcerMemes,1137058872,,False,9,tgdataset_conspiracy_list
achern_weiss_bescheid,1244071856,,False,9,tgdataset_conspiracy_list
Achimklein_SCHLAGLICHTER,1302904194,,False,9,tgdataset_conspiracy_list
AchkasovInvestor,1489530801,,False,9,tgdataset_conspiracy_list
achseostwest,1159000920,,False,9,tgdataset_conspiracy_list
ACHTsamKRAFTvoll,1340109909,,False,9,tgdataset_conspiracy_list
acidbroad,1354442461,,False,9,tgdataset_conspiracy_list
acidsaysyes,1119205286,,False,9,tgdataset_conspiracy_list
acordadosdosistema,1430808698,,False,9,tgdataset_conspiracy_list
activeexpert,1457455112,,False,9,tgdataset_conspiracy_list
actualidades_sin_censura,1730662236,,False,9,tgdataset_conspiracy_list
actualiteFR,1227958165,,False,9,tgdataset_conspiracy_list
actuintel,1200142956,,False,9,tgdataset_conspiracy_list
ad_astra_per_aspera,1467585067,,False,9,tgdataset_conspiracy_list
adanostogo,1473136746,,False,9,tgdataset_conspiracy_list
add1yt,1109782645,,False,9,tgdataset_conspiracy_list
adeleflauschig,1421099299,,False,9,tgdataset_conspiracy_list
adevarulnecenzurat,1267773578,,False,9,tgdataset_conspiracy_list
adnovosti,1263256641,,False,9,tgdataset_conspiracy_list
adolfpaintedwell,1430023668,,False,9,tgdataset_conspiracy_list
adonarischannel,1272090056,,False,9,tgdataset_conspiracy_list
adrem,1414090903,,False,9,tgdataset_conspiracy_list
adrenochrom2021,1192716152,,False,9,tgdataset_conspiracy_list
Adrenochrom_Pedogate,1359257234,,False,9,tgdataset_conspiracy_list
adrenocrime,1157694700,,False,9,tgdataset_conspiracy_list
adrianmilosevic,1456703244,,False,9,tgdataset_conspiracy_list
adudenok,1433328217,,False,9,tgdataset_conspiracy_list
Adventisten_Landleben,1181597038,,False,9,tgdataset_conspiracy_list
adversoflumine,1412771792,,False,9,tgdataset_conspiracy_list
AdvogadosPelaLiberdade,1507146610,,False,9,tgdataset_conspiracy_list
ADW777,1445285279,,False,9,tgdataset_conspiracy_list
aepoket,1414769529,,False,9,tgdataset_conspiracy_list
AERIufo,1269372074,,False,9,tgdataset_conspiracy_list
aerzte,1351139793,,False,9,tgdataset_conspiracy_list
aerztefueraufklaerung,1332209493,,False,9,tgdataset_conspiracy_list
aerztefueraufklaerungoffiziell,1470737768,,False,9,tgdataset_conspiracy_list
aestethicsposting,1350284835,,False,9,tgdataset_conspiracy_list
aetherwelt,1273507997,,False,9,tgdataset_conspiracy_list
afd_muencheberg,1276884645,,False,9,tgdataset_conspiracy_list
AfD_Wuppertal,1258988450,,False,9,tgdataset_conspiracy_list
AfectadosPorLasVacunas,1550720134,,False,9,tgdataset_conspiracy_list
afemina,1133755355,,False,9,tgdataset_conspiracy_list
affenecke,1250178759,,False,9,tgdataset_conspiracy_list
AFLepton,1388515186,,False,9,tgdataset_conspiracy_list
afropunk,1055258673,,False,9,tgdataset_conspiracy_list
ag19faxe,1280897980,,False,9,tgdataset_conspiracy_list
againstislamisation,1325784072,,False,9,tgdataset_conspiracy_list
AgapeNamaste4ever,1272230592,,False,9,tgdataset_conspiracy_list
agapiYAI,1794456512,,False,9,tgdataset_conspiracy_list
agbuere,1344578967,,False,9,tgdataset_conspiracy_list
agcooper,1401714544,,False,9,tgdataset_conspiracy_list
Agdchan,1081917741,,False,9,tgdataset_conspiracy_list
Age_of_Crypt,1422370788,,False,9,tgdataset_conspiracy_list
agenciasviajes,1443704862,,False,9,tgdataset_conspiracy_list
AgeofAquariusuncensored,1206923282,,False,9,tgdataset_conspiracy_list
agregatortruth,1207571150,,False,9,tgdataset_conspiracy_list
agricultureby,1285316696,,False,9,tgdataset_conspiracy_list
Ags_Donbass,1478603215,,False,9,tgdataset_conspiracy_list
ah2020_org_canal,1176430922,,False,9,tgdataset_conspiracy_list
ahamkara,1075711543,,False,9,tgdataset_conspiracy_list
ahbaballah314,1523065073,,False,9,tgdataset_conspiracy_list
ahiatollah,1476142264,,False,9,tgdataset_conspiracy_list
ahmetsheimatvlog,1216906865,,False,9,tgdataset_conspiracy_list
AhnenerbeThule,1408091427,,False,9,tgdataset_conspiracy_list
ahundredmonkeys,1401810974,,False,9,tgdataset_conspiracy_list
ahvvn,1467672805,,False,9,tgdataset_conspiracy_list
ai_python,1108987859,,False,9,tgdataset_conspiracy_list
aIfatg,1265475736,,False,9,tgdataset_conspiracy_list
aig60,1227214332,,False,9,tgdataset_conspiracy_list
aigadiesunddas,1216368072,,False,9,tgdataset_conspiracy_list
AIICU,1157134107,,False,9,tgdataset_conspiracy_list
airnergyofficial,1295073130,,False,9,tgdataset_conspiracy_list
AjayebOelm,1000892798,,False,9,tgdataset_conspiracy_list
ajedrezmiguelcabrera,1225795050,,False,9,tgdataset_conspiracy_list
AK47pfl,1075101206,,False,9,tgdataset_conspiracy_list
akademia_space,1373920702,,False,9,tgdataset_conspiracy_list
akademos,1210401792,,False,9,tgdataset_conspiracy_list
akasha_tv,1269377997,,False,9,tgdataset_conspiracy_list
akashacomunidad,1383042369,,False,9,tgdataset_conspiracy_list
akfalifeinfouz,1462104750,,False,9,tgdataset_conspiracy_list
aki67,1322871280,,False,9,tgdataset_conspiracy_list
AkimAronVolpato,1157143506,,False,9,tgdataset_conspiracy_list
akounamatatatv,1442057984,,False,9,tgdataset_conspiracy_list
aksutichev,1374471092,,False,9,tgdataset_conspiracy_list
aktivistenfuerunserekinder,1497147156,,False,9,tgdataset_conspiracy_list
aktivistmann,1208522935,,False,9,tgdataset_conspiracy_list
aktivundbewusst,1416839941,,False,9,tgdataset_conspiracy_list
aktuellekrise,1470880544,,False,9,tgdataset_conspiracy_list
AktuellesZeitgeschehen,1378429496,,False,9,tgdataset_conspiracy_list
aktuellZeitzeugen,1447743261,,False,9,tgdataset_conspiracy_list
akyn_from_polis,1334081704,,False,9,tgdataset_conspiracy_list
Al7aqiqa2022,1642093135,,False,9,tgdataset_conspiracy_list
alaalsayid,1475373376,,False,9,tgdataset_conspiracy_list
alamatha,1065364913,,False,9,tgdataset_conspiracy_list
alanwwatts,1241037291,,False,9,tgdataset_conspiracy_list
alarm_cassettes,1325380955,,False,9,tgdataset_conspiracy_list
albatrosgemini,1225279271,,False,9,tgdataset_conspiracy_list
AlbedoLebensTRaum,1479173136,,False,9,tgdataset_conspiracy_list
AlbertoBagnai,1451107224,,False,9,tgdataset_conspiracy_list
ALBERTOFERRARINI,1218492299,,False,9,tgdataset_conspiracy_list
alchemhole,1232109665,,False,9,tgdataset_conspiracy_list
aldfeed,1117475395,,False,9,tgdataset_conspiracy_list
aleflammeme,1196665173,,False,9,tgdataset_conspiracy_list
alertamagnetica,1179278363,,False,9,tgdataset_conspiracy_list
alesha_muzlo,1363646602,,False,9,tgdataset_conspiracy_list
ALETHEIA_Infokanal,1459441044,,False,9,tgdataset_conspiracy_list
Alex_Malenki,1273457345,,False,9,tgdataset_conspiracy_list
alex_voznesensky,1137210497,,False,9,tgdataset_conspiracy_list
AlexAnarchoFeed,1408423142,,False,9,tgdataset_conspiracy_list
alexander_ehrlich,1192527519,,False,9,tgdataset_conspiracy_list
AlexanderBenesch,1076591091,,False,9,tgdataset_conspiracy_list
alexanders_tagesenergie,1434494996,,False,9,tgdataset_conspiracy_list
alexandr_malkevich,1245682640,,False,9,tgdataset_conspiracy_list
alexeyturchin,1317243477,,False,9,tgdataset_conspiracy_list
AlexeyZhuravko,1414235168,,False,9,tgdataset_conspiracy_list
alexis_poulin,1358752121,,False,9,tgdataset_conspiracy_list
alexkondrashin,1072372144,,False,9,tgdataset_conspiracy_list
alexwasareposter,1478035135,,False,9,tgdataset_conspiracy_list
alexzan_blog,1230970294,,False,9,tgdataset_conspiracy_list
alfonsolongoyotuve,1476881748,,False,9,tgdataset_conspiracy_list
aliadosporlaverdad,1444814820,,False,9,tgdataset_conspiracy_list
aliancabrasil,1250796543,,False,9,tgdataset_conspiracy_list
Aliance0,1495298235,,False,9,tgdataset_conspiracy_list
alianza24,1395012263,,False,9,tgdataset_conspiracy_list
Alianza_Despierta,1463273170,,False,9,tgdataset_conspiracy_list
aliceandthecat,1457030466,,False,9,tgdataset_conspiracy_list
alicenite,1141117727,,False,9,tgdataset_conspiracy_list
aliensbestfriend,1356242667,,False,9,tgdataset_conspiracy_list
aliexpress_teh,1318961939,,False,9,tgdataset_conspiracy_list
alikzbs_aliexpress,1168495099,,False,9,tgdataset_conspiracy_list
AllanDosSantos,1251759593,,False,9,tgdataset_conspiracy_list
alldeutsch,1174678191,,False,9,tgdataset_conspiracy_list
AllEinSein,1268849442,,False,9,tgdataset_conspiracy_list
ALLES_KOMMT_ANS_LICHT,1363881540,,False,9,tgdataset_conspiracy_list
alles_nichts_eins,1264308037,,False,9,tgdataset_conspiracy_list
alles_was_man_wissen_sollte,1476707737,,False,9,tgdataset_conspiracy_list
AllesAusserMainstream,1311706230,,False,9,tgdataset_conspiracy_list
allesfuerdiefreiheit,1342456331,,False,9,tgdataset_conspiracy_list
alleshinterfragen,1206471425,,False,9,tgdataset_conspiracy_list
allesisteinskanal,1238658352,,False,9,tgdataset_conspiracy_list
allesistenergie,1496106167,,False,9,tgdataset_conspiracy_list
allesistliebe,1474311135,,False,9,tgdataset_conspiracy_list
allhailglowcloud,1305343078,,False,9,tgdataset_conspiracy_list
alloggio_del_faraone,1153102772,,False,9,tgdataset_conspiracy_list
allparty,1220083075,,False,9,tgdataset_conspiracy_list
allratings,1407924546,,False,9,tgdataset_conspiracy_list
allversum,1469979702,,False,9,tgdataset_conspiracy_list
Allyoudontwant,1475902424,,False,9,tgdataset_conspiracy_list
almacrowdfunda,1481039196,,False,9,tgdataset_conspiracy_list
almasevolucion,1337107437,,False,9,tgdataset_conspiracy_list
almaznyikrai,1236167946,,False,9,tgdataset_conspiracy_list
alpenschau_aktuell,1485133709,,False,9,tgdataset_conspiracy_list
alpha2020omega,1339104613,,False,9,tgdataset_conspiracy_list
Alphavuk_Zusatzmaterial,1299530497,,False,9,tgdataset_conspiracy_list
alquimiamariel1,1430233247,,False,9,tgdataset_conspiracy_list
alschner_klartext,1209060705,,False,9,tgdataset_conspiracy_list
altacultura,1006070873,,False,9,tgdataset_conspiracy_list
altainfonews,1218820329,,False,9,tgdataset_conspiracy_list
altamira_auslese,1289964272,,False,9,tgdataset_conspiracy_list
altavozlibre,1410379973,,False,9,tgdataset_conspiracy_list
alterhaserap,1418226895,,False,9,tgdataset_conspiracy_list
AlternativeBerichterstattung,1473821211,,False,9,tgdataset_conspiracy_list
alternativegesundheit,1309111004,,False,9,tgdataset_conspiracy_list
alternativemedizindatensicherung,1401960935,,False,9,tgdataset_conspiracy_list
altesheilwissen,1693983904,,False,9,tgdataset_conspiracy_list
AltesWissen,1414458248,,False,9,tgdataset_conspiracy_list
AltForNorge,1427694378,,False,9,tgdataset_conspiracy_list
altfurmeme,1358525048,,False,9,tgdataset_conspiracy_list
ALTLANTIS,1197313013,,False,9,tgdataset_conspiracy_list
altocla,1304504328,,False,9,tgdataset_conspiracy_list
aluhuttv,1433969037,,False,9,tgdataset_conspiracy_list
Aluminati_Zweigstelle,1186630354,,False,9,tgdataset_conspiracy_list
alumuetzeoderquerkopf,1424403623,,False,9,tgdataset_conspiracy_list
AlyaaGadHolistic,1302425981,,False,9,tgdataset_conspiracy_list
amara_elskaya,1413102800,,False,9,tgdataset_conspiracy_list
amelie_paul,1533371235,,False,9,tgdataset_conspiracy_list
american_s_pie_s,1278728395,,False,9,tgdataset_conspiracy_list
AmericanExceptionalism,1380295060,,False,9,tgdataset_conspiracy_list
americaserasalvapordeus,1220066431,,False,9,tgdataset_conspiracy_list
amidianaoesuaamiga,1368350659,,False,9,tgdataset_conspiracy_list
AmifamiliaChannel,1704995479,,False,9,tgdataset_conspiracy_list
AmigoFinance,1135175418,,False,9,tgdataset_conspiracy_list
amigosdeQQROMERO,1129884883,,False,9,tgdataset_conspiracy_list
AmigosDoPresidente,1384086650,,False,9,tgdataset_conspiracy_list
amo_con_s_ciencia,1190613087,,False,9,tgdataset_conspiracy_list
amosdelmundo,1442732460,,False,9,tgdataset_conspiracy_list
amoversum,1330810050,,False,9,tgdataset_conspiracy_list
amperfeen,1242629169,,False,9,tgdataset_conspiracy_list
AmphAndHypo,1418755589,,False,9,tgdataset_conspiracy_list
amsavivere,1346861165,,False,9,tgdataset_conspiracy_list
AmtderMenschen,1398388164,,False,9,tgdataset_conspiracy_list
anapapapa,1350184761,,False,9,tgdataset_conspiracy_list
anaqtella,1426678330,,False,9,tgdataset_conspiracy_list
anarchiaautonomia,1138409069,,False,9,tgdataset_conspiracy_list
AnarchoCryptoTrading,1142487124,,False,9,tgdataset_conspiracy_list
anarchopazifist,1419660483,,False,9,tgdataset_conspiracy_list
anarcocapitalismoac,1200581001,,False,9,tgdataset_conspiracy_list
anarcolibertadnews,1476731601,,False,9,tgdataset_conspiracy_list
anarcos,1221661064,,False,9,tgdataset_conspiracy_list
anarquismo,1004587896,,False,9,tgdataset_conspiracy_list
anarquismos,1059219948,,False,9,tgdataset_conspiracy_list
AndiBe_nachrichten,1260914539,,False,9,tgdataset_conspiracy_list
Andrafanaslive,1270812910,,False,9,tgdataset_conspiracy_list
andrea_drescher,1234407775,,False,9,tgdataset_conspiracy_list
AndreasBeutelPythagorasInstitut,1295885014,,False,9,tgdataset_conspiracy_list
andreaskalcker,1340150113,,False,9,tgdataset_conspiracy_list
andreasnoack,1794135250,,False,9,tgdataset_conspiracy_list
andreaspanne,1452629847,,False,9,tgdataset_conspiracy_list
AndreasTuebner,1424473812,,False,9,tgdataset_conspiracy_list
AndreaTosattoOfficial,1450908211,,False,9,tgdataset_conspiracy_list
andredosanjos,1447712963,,False,9,tgdataset_conspiracy_list
andrekrengel,1315197025,,False,9,tgdataset_conspiracy_list
andrerasv,1423772272,,False,9,tgdataset_conspiracy_list
AndyMertens,1236388882,,False,9,tgdataset_conspiracy_list
anegofromworld,1306341782,,False,9,tgdataset_conspiracy_list
AngainorDWF,1766946235,,False,9,tgdataset_conspiracy_list
angrybonds,1373518643,,False,9,tgdataset_conspiracy_list
angryfems,1411474867,,False,9,tgdataset_conspiracy_list
angstfrei_revolution,1353974074,,False,9,tgdataset_conspiracy_list
ANH5555,1304078725,,False,9,tgdataset_conspiracy_list
anhar10,1122378758,,False,9,tgdataset_conspiracy_list
anieswelt,1233494359,,False,9,tgdataset_conspiracy_list
AnihrenZeichen,1506288267,,False,9,tgdataset_conspiracy_list
AnjasKanal,1425689290,,False,9,tgdataset_conspiracy_list
Anke_Evertz_telegram,1197384485,,False,9,tgdataset_conspiracy_list
annaarthh,1194703052,,False,9,tgdataset_conspiracy_list
annaforfreedom,1342109539,,False,9,tgdataset_conspiracy_list
anomiss1,1101329062,,False,9,tgdataset_conspiracy_list
Anon_Rah,1258054050,,False,9,tgdataset_conspiracy_list
AnonAA11,1268617526,,False,9,tgdataset_conspiracy_list
AnonlineTelegram,1316300318,,False,9,tgdataset_conspiracy_list
ANONoccopy,1032865058,,False,9,tgdataset_conspiracy_list
Anons17,1341687817,,False,9,tgdataset_conspiracy_list
Anonymous_070,1421406937,,False,9,tgdataset_conspiracy_list
anonymousaustriakanal,1419432976,,False,9,tgdataset_conspiracy_list
AnonymousBerlinMedia,1369115504,,False,9,tgdataset_conspiracy_list
AnonymousKanal,1478481975,,False,9,tgdataset_conspiracy_list
anonymousro,1302746639,,False,9,tgdataset_conspiracy_list
AnonymousSchweizOrginal,1250607618,,False,9,tgdataset_conspiracy_list
AnonymousSingularityProject,1165415903,,False,9,tgdataset_conspiracy_list
AnP_Magazin,1171229774,,False,9,tgdataset_conspiracy_list
AnregungZumNachDENKEN,1422655901,,False,9,tgdataset_conspiracy_list
anthropogenes,1249416619,,False,9,tgdataset_conspiracy_list
anti_corona_depro,1141255782,,False,9,tgdataset_conspiracy_list
anti_covid21,1455689590,,False,9,tgdataset_conspiracy_list
anti_navalny,1103359717,,False,9,tgdataset_conspiracy_list
anti_Semitic,1481460439,,False,9,tgdataset_conspiracy_list
anti_takhrib,1071481636,,False,9,tgdataset_conspiracy_list
anti_vacinas,1239025185,,False,9,tgdataset_conspiracy_list
ANTIBABYLONMOVEMENT,1221750116,,False,9,tgdataset_conspiracy_list
anticensura24,1330396289,,False,9,tgdataset_conspiracy_list
antichat,1112483048,,False,9,tgdataset_conspiracy_list
anticoronaweiterquerdenkercom,1212646588,,False,9,tgdataset_conspiracy_list
ANTIDOToREBELDE,1142732715,,False,9,tgdataset_conspiracy_list
AntifaAufklaerung,1314121787,,False,9,tgdataset_conspiracy_list
antifajokes,1131412410,,False,9,tgdataset_conspiracy_list
antifaru,1350062112,,False,9,tgdataset_conspiracy_list
antiilluminaten,1470069005,,False,9,tgdataset_conspiracy_list
antiluminati,1468694537,,False,9,tgdataset_conspiracy_list
AntiMacronVSGreatReset,1265821246,,False,9,tgdataset_conspiracy_list
antimerchant,1474831557,,False,9,tgdataset_conspiracy_list
antimerchantsquad,1229821419,,False,9,tgdataset_conspiracy_list
antinwo666channel,1303722149,,False,9,tgdataset_conspiracy_list
antinwo_aktivisten,1451536148,,False,9,tgdataset_conspiracy_list
antioligarchie,1133241584,,False,9,tgdataset_conspiracy_list
antipasdergetreuefreund,1462070055,,False,9,tgdataset_conspiracy_list
antipasse,1584417701,,False,9,tgdataset_conspiracy_list
Antiplandemiard,1128969234,,False,9,tgdataset_conspiracy_list
antiradfem,1152773760,,False,9,tgdataset_conspiracy_list
antisbiresdumal,1522582277,,False,9,tgdataset_conspiracy_list
antisovietchik,1309484686,,False,9,tgdataset_conspiracy_list
AntiSozialismus,1472956374,,False,9,tgdataset_conspiracy_list
AntiSystemKanal,1376085151,,False,9,tgdataset_conspiracy_list
antivaccin,1122964207,,False,9,tgdataset_conspiracy_list
antivaxxx,1334623712,,False,9,tgdataset_conspiracy_list
antivolksverarschung,1309171035,,False,9,tgdataset_conspiracy_list
antivse666,1091523507,,False,9,tgdataset_conspiracy_list
ANTMKKGB,1385725945,,False,9,tgdataset_conspiracy_list
antoinerichard_official,1279254880,,False,9,tgdataset_conspiracy_list
anton_obzor_sale,1252460390,,False,9,tgdataset_conspiracy_list
antonellawerner,1444193654,,False,9,tgdataset_conspiracy_list
antropogenez_ru,1088443913,,False,9,tgdataset_conspiracy_list
antxt,1334049717,,False,9,tgdataset_conspiracy_list
antyzhyd,1277951139,,False,9,tgdataset_conspiracy_list
AnunElohim,1415608248,,False,9,tgdataset_conspiracy_list
Anwaelte_fuer_Aufklaerung,1216785261,,False,9,tgdataset_conspiracy_list
AnwaelteFuerRechtUndFreiheit,1486682956,,False,9,tgdataset_conspiracy_list
anythingyousynthesize,1153078900,,False,9,tgdataset_conspiracy_list
apacuts,1316514446,,False,9,tgdataset_conspiracy_list
ApagaLaCajaTonta,1465072430,,False,9,tgdataset_conspiracy_list
apazhannel,1110809397,,False,9,tgdataset_conspiracy_list
AperioMedia,1329592999,,False,9,tgdataset_conspiracy_list
AperioNews,1385397226,,False,9,tgdataset_conspiracy_list
apis_borealis,1448978588,,False,9,tgdataset_conspiracy_list
Apocalipse1_Insurgentes,1462580940,,False,9,tgdataset_conspiracy_list
ApocalypseRazuma,1481936231,,False,9,tgdataset_conspiracy_list
apogovorit_parliamone,1474994277,,False,9,tgdataset_conspiracy_list
apolut,1263902075,,False,9,tgdataset_conspiracy_list
apple_secret,1272989437,,False,9,tgdataset_conspiracy_list
APSMAGIC,1187345653,,False,9,tgdataset_conspiracy_list
APSMAGIC02,1434619643,,False,9,tgdataset_conspiracy_list
apuntessnacionalistass,1446184539,,False,9,tgdataset_conspiracy_list
aquilavozdeeuropa,1204768577,,False,9,tgdataset_conspiracy_list
Ar_Vest,1185924633,,False,9,tgdataset_conspiracy_list
arabo_dzokat,1447319692,,False,9,tgdataset_conspiracy_list
arbaletgovorit,1196355498,,False,9,tgdataset_conspiracy_list
arcaxinfo,1278174577,,False,9,tgdataset_conspiracy_list
archegeorg,1293285370,,False,9,tgdataset_conspiracy_list
ArcheNoah2_0,1422125135,,False,9,tgdataset_conspiracy_list
archenoire,1694680221,,False,9,tgdataset_conspiracy_list
archeologynews,1211683256,,False,9,tgdataset_conspiracy_list
ARCHIVESCOVID1984,1259506932,,False,9,tgdataset_conspiracy_list
archiveskadosh,1508684631,,False,9,tgdataset_conspiracy_list
ArchiVFilmeundVideos,1171950641,,False,9,tgdataset_conspiracy_list
archivnetzwerk_nwo,1475408356,,False,9,tgdataset_conspiracy_list
Archivnetzwerk_sonstiges,1351652006,,False,9,tgdataset_conspiracy_list
Arctik_Obline,1365079935,,False,9,tgdataset_conspiracy_list
arefaane2,1035771917,,False,9,tgdataset_conspiracy_list
Aresmel77,1462396869,,False,9,tgdataset_conspiracy_list
arevaccines_safe,1722041394,,False,9,tgdataset_conspiracy_list
arevblog,1145585745,,False,9,tgdataset_conspiracy_list
argibila,1378050648,,False,9,tgdataset_conspiracy_list
ariayi56,1379405453,,False,9,tgdataset_conspiracy_list
ariefilmpjesenmeer,1528303602,,False,9,tgdataset_conspiracy_list
AriniHeilendesBewusstSEIN,1412986046,,False,9,tgdataset_conspiracy_list
ARIY7528,1398213108,,False,9,tgdataset_conspiracy_list
arm_pereulok,1239436610,,False,9,tgdataset_conspiracy_list
ArmageddonChronicles,1059986258,,False,9,tgdataset_conspiracy_list
armaggeddonchannel,1176158337,,False,9,tgdataset_conspiracy_list
ArmeeRundSchau,1311743273,,False,9,tgdataset_conspiracy_list
Armenian_Life,1410082551,,False,9,tgdataset_conspiracy_list
armeniangc,1095503266,,False,9,tgdataset_conspiracy_list
armenianstories,1227222452,,False,9,tgdataset_conspiracy_list
ARMENIASEYCHAS,1363680567,,False,9,tgdataset_conspiracy_list
ARMENISCH88,1320085021,,False,9,tgdataset_conspiracy_list
armibek,1322835982,,False,9,tgdataset_conspiracy_list
arminius_erben,1217426608,,False,9,tgdataset_conspiracy_list
arminterests,1503700443,,False,9,tgdataset_conspiracy_list
ArmRussSp,1234863713,,False,9,tgdataset_conspiracy_list
armsens,1246571777,,False,9,tgdataset_conspiracy_list
armure_juridique,1395337868,,False,9,tgdataset_conspiracy_list
armypatriotchanel,1167249571,,False,9,tgdataset_conspiracy_list
arnepost,1485152013,,False,9,tgdataset_conspiracy_list
ArniesNews,1230205937,,False,9,tgdataset_conspiracy_list
arnoneilat,1448251488,,False,9,tgdataset_conspiracy_list
arqueologiaprohibidadatabase,1262556153,,False,9,tgdataset_conspiracy_list
arrt_f,1107316461,,False,9,tgdataset_conspiracy_list
art_holic,1310412672,,False,9,tgdataset_conspiracy_list
artabout,1174344298,,False,9,tgdataset_conspiracy_list
artconnection,1347432665,,False,9,tgdataset_conspiracy_list
artemisiacollegefloraison,1181002580,,False,9,tgdataset_conspiracy_list
artikel146,1226586563,,False,9,tgdataset_conspiracy_list
Artikel_20_4_GG,1182426160,,False,9,tgdataset_conspiracy_list
artkirpich,1227604263,,False,9,tgdataset_conspiracy_list
Aryan_World88,1371773399,,False,9,tgdataset_conspiracy_list
Arzinex,1324732219,,False,9,tgdataset_conspiracy_list
AS_SeLesDijo,1443246514,,False,9,tgdataset_conspiracy_list
asalanemesis,1467467194,,False,9,tgdataset_conspiracy_list
AsambleaCiudadanaCoordinadora,1451859461,,False,9,tgdataset_conspiracy_list
AsArtesDaGuerra,1362717124,,False,9,tgdataset_conspiracy_list
Aselzoe,1130143014,,False,9,tgdataset_conspiracy_list
ashoshmusic,1392302519,,False,9,tgdataset_conspiracy_list
ashtangamoscow,1144193772,,False,9,tgdataset_conspiracy_list
Asitistoday_ru,1404544580,,False,9,tgdataset_conspiracy_list
askrasul,1312966964,,False,9,tgdataset_conspiracy_list
asociacion_eleuteria,1649525971,,False,9,tgdataset_conspiracy_list
asocial_monitoring,1401657613,,False,9,tgdataset_conspiracy_list
asranarshism,1002241008,,False,9,tgdataset_conspiracy_list
asrdiplomacyir,1004319043,,False,9,tgdataset_conspiracy_list
AssadStash,1167713016,,False,9,tgdataset_conspiracy_list
associationofdoctors,1238102691,,False,9,tgdataset_conspiracy_list
assoluto,1083432125,,False,9,tgdataset_conspiracy_list
AssosiationPoliticalLawyers,1087065765,,False,9,tgdataset_conspiracy_list
ASSS316,1008809056,,False,9,tgdataset_conspiracy_list
astraltelegraph,1211594425,,False,9,tgdataset_conspiracy_list
astrologieundmehr,1487439170,,False,9,tgdataset_conspiracy_list
astroprognozy,1146398925,,False,9,tgdataset_conspiracy_list
Astrotransit,1102301519,,False,9,tgdataset_conspiracy_list
astrozeit,1188112545,,False,9,tgdataset_conspiracy_list
ataman_sabur,1329188792,,False,9,tgdataset_conspiracy_list
ataxajilive,1063660951,,False,9,tgdataset_conspiracy_list
atelierstaernetor,1436366033,,False,9,tgdataset_conspiracy_list
atheistchannel,1368759818,,False,9,tgdataset_conspiracy_list
ATILLAHILDMANN,1363568575,,False,9,tgdataset_conspiracy_list
Atlantis1962,1318956014,,False,9,tgdataset_conspiracy_list
atlasinitiative,1331894997,,False,9,tgdataset_conspiracy_list
AtLeastLiterature,1115656604,,False,9,tgdataset_conspiracy_list
atmoblog,1243831174,,False,9,tgdataset_conspiracy_list
atomtoday,1488251351,,False,9,tgdataset_conspiracy_list
attent_5G,1208515126,,False,9,tgdataset_conspiracy_list
atticsalt,1230299443,,False,9,tgdataset_conspiracy_list
ATTILAHILDMANN_2,1208168979,,False,9,tgdataset_conspiracy_list
AttiviamociTutti,1464136554,,False,9,tgdataset_conspiracy_list
attivotv,1093599916,,False,9,tgdataset_conspiracy_list
atvneu,1382539748,,False,9,tgdataset_conspiracy_list
AUF2020AUF,1265913910,,False,9,tgdataset_conspiracy_list
auf_die_wahrheit_kommt_es_an,1131478725,,False,9,tgdataset_conspiracy_list
aufbruch_ooe,1403206861,,False,9,tgdataset_conspiracy_list
Aufdecker,1202050583,,False,9,tgdataset_conspiracy_list
Aufdecker1230,1232155643,,False,9,tgdataset_conspiracy_list
AufDenSpurenDesUnfassbaren,1177590455,,False,9,tgdataset_conspiracy_list
AufDenSpurenSexuellerUrEnergie,1593101622,,False,9,tgdataset_conspiracy_list
AUFKLAEREN,1471756450,,False,9,tgdataset_conspiracy_list
aufklaerer2022,1488756549,,False,9,tgdataset_conspiracy_list
aufklaerung2020,1152655490,,False,9,tgdataset_conspiracy_list
aufklaerung_aerzte_coronaimpfung,1670931301,,False,9,tgdataset_conspiracy_list
AufklaerungfuerDeutschland,1229558369,,False,9,tgdataset_conspiracy_list
aufmessersschneide,1401096144,,False,9,tgdataset_conspiracy_list
Auftrag139GG,1267032731,,False,9,tgdataset_conspiracy_list
aufwach,1207916306,,False,9,tgdataset_conspiracy_list
aufwachambulanz,1476608337,,False,9,tgdataset_conspiracy_list
AUFWACHEN369,1280763978,,False,9,tgdataset_conspiracy_list
Aufwachen_2020,1479770930,,False,9,tgdataset_conspiracy_list
Aufweckmusik,1158341001,,False,9,tgdataset_conspiracy_list
AugenAufAA,1462747459,,False,9,tgdataset_conspiracy_list
AugenAufMA,1276455814,,False,9,tgdataset_conspiracy_list
AugenAufMABestDocu,1450048051,,False,9,tgdataset_conspiracy_list
AugenAufMAVideos,1171488268,,False,9,tgdataset_conspiracy_list
augenoeffnerschweiz,1406608833,,False,9,tgdataset_conspiracy_list
Augenzucker,1450206113,,False,9,tgdataset_conspiracy_list
Augsburg_unmaskiert,1448604156,,False,9,tgdataset_conspiracy_list
AUltimaChance,1235365951,,False,9,tgdataset_conspiracy_list
auronitarayodorado,1163686306,,False,9,tgdataset_conspiracy_list
aurora_network,1392431816,,False,9,tgdataset_conspiracy_list
ausdermatrix,1375406251,,False,9,tgdataset_conspiracy_list
ausgegrabentv,1370304203,,False,9,tgdataset_conspiracy_list
auslanderthoughts,1273800261,,False,9,tgdataset_conspiracy_list
Austauschschumannfrequenz,1227792503,,False,9,tgdataset_conspiracy_list
Austria_Sword_of_truth,1492723637,,False,9,tgdataset_conspiracy_list
austrian_patriots,1215096631,,False,9,tgdataset_conspiracy_list
Auswandern_Berlin_nach_Alanya,1351112441,,False,9,tgdataset_conspiracy_list
AuswandernParaguaySpiritNews,1171535910,,False,9,tgdataset_conspiracy_list
aut_fll,1017519310,,False,9,tgdataset_conspiracy_list
autarkes_leben,1202786717,,False,9,tgdataset_conspiracy_list
autautellelle,1275442006,,False,9,tgdataset_conspiracy_list
autismopuro,1103412380,,False,9,tgdataset_conspiracy_list
AutiStoner,1123111640,,False,9,tgdataset_conspiracy_list
autocorsobbrb,1229908552,,False,9,tgdataset_conspiracy_list
autodeterminados,1314422668,,False,9,tgdataset_conspiracy_list
autogufo,1363023881,,False,9,tgdataset_conspiracy_list
autokorsoravensburgkanal,1468576532,,False,9,tgdataset_conspiracy_list
AV77777AV,1324250440,,False,9,tgdataset_conspiracy_list
avanemes,1294763172,,False,9,tgdataset_conspiracy_list
Avant_literature_Art,1007726818,,False,9,tgdataset_conspiracy_list
avenirradieux,1437402734,,False,9,tgdataset_conspiracy_list
averdadeforadamidia,1301324122,,False,9,tgdataset_conspiracy_list
aviadrive,1001836433,,False,9,tgdataset_conspiracy_list
aviationmode,1081851347,,False,9,tgdataset_conspiracy_list
Avodonaeva,1259852390,,False,9,tgdataset_conspiracy_list
avvablog,1387922513,,False,9,tgdataset_conspiracy_list
AWAKE2PARADISE,1288503681,,False,9,tgdataset_conspiracy_list
awake_together,1363022186,,False,9,tgdataset_conspiracy_list
awake_together_research,1457285641,,False,9,tgdataset_conspiracy_list
AwakeGermany,1261654934,,False,9,tgdataset_conspiracy_list
awakeKdnZ,1441242765,,False,9,tgdataset_conspiracy_list
awakenedlife,1433079525,,False,9,tgdataset_conspiracy_list
awakeningproject,1149978678,,False,9,tgdataset_conspiracy_list
awakeningtribe22,1583892642,,False,9,tgdataset_conspiracy_list
awaketoyOURlife,1324974541,,False,9,tgdataset_conspiracy_list
AwayeDelha,1114384484,,False,9,tgdataset_conspiracy_list
AxelsInfokanal,1452589205,,False,9,tgdataset_conspiracy_list
AxTxHx,1443423841,,False,9,tgdataset_conspiracy_list
ayawasgeht,1339882091,,False,9,tgdataset_conspiracy_list
Ayse_Meren,1351977703,,False,9,tgdataset_conspiracy_list
AyunPoblenou,1335527294,,False,9,tgdataset_conspiracy_list
AZ_Land_Of_Fire,1203995242,,False,9,tgdataset_conspiracy_list
azdem,1314318233,,False,9,tgdataset_conspiracy_list
Azerbayjan_Today,1342428549,,False,9,tgdataset_conspiracy_list
BAARAKS,1295700979,,False,9,tgdataset_conspiracy_list
babykonirazdolyevputi,1141265240,,False,9,tgdataset_conspiracy_list
babylondecodeddeutsch,1245388711,,False,9,tgdataset_conspiracy_list
bacalaoalpilpil,1341543061,,False,9,tgdataset_conspiracy_list
BachehayeGHalam,1005145458,,False,9,tgdataset_conspiracy_list
backto2046,1094733121,,False,9,tgdataset_conspiracy_list
BackupPamies,1263083273,,False,9,tgdataset_conspiracy_list
BackwoodBoys,1338664423,,False,9,tgdataset_conspiracy_list
Bad_Parents,1215993226,,False,9,tgdataset_conspiracy_list
badlingu,1198433667,,False,9,tgdataset_conspiracy_list
badreset,1181841731,,False,9,tgdataset_conspiracy_list
badwaves,1087574950,,False,9,tgdataset_conspiracy_list
BadWoerishofendenkt,1208438025,,False,9,tgdataset_conspiracy_list
baghdad2111,1404962262,,False,9,tgdataset_conspiracy_list
BaghNS,1105484408,,False,9,tgdataset_conspiracy_list
BakalaoMusica,1315454046,,False,9,tgdataset_conspiracy_list
bakinskiy_nord,1481521511,,False,9,tgdataset_conspiracy_list
balcodelemporda,1248058207,,False,9,tgdataset_conspiracy_list
BaldsindwirFrei,1196770038,,False,9,tgdataset_conspiracy_list
baleares_accion_plandemia,1449664309,,False,9,tgdataset_conspiracy_list
BalearesWWG1WGA,1251039090,,False,9,tgdataset_conspiracy_list
balera2020share,1344384570,,False,9,tgdataset_conspiracy_list
baltnews,1170571084,,False,9,tgdataset_conspiracy_list
bangbangeducation,1049904248,,False,9,tgdataset_conspiracy_list
BanklessRU,1437680268,,False,9,tgdataset_conspiracy_list
banooyetamadonsaz,1180613166,,False,9,tgdataset_conspiracy_list
banovansistanvabaloochestan,1058372985,,False,9,tgdataset_conspiracy_list
baptisthistory,1396526147,,False,9,tgdataset_conspiracy_list
barabanov_fm,1107031750,,False,9,tgdataset_conspiracy_list
barantchik,1557233353,,False,9,tgdataset_conspiracy_list
Barbarossan,1152999975,,False,9,tgdataset_conspiracy_list
barbucks21,1033701618,,False,9,tgdataset_conspiracy_list
bardachevlive,1367094181,,False,9,tgdataset_conspiracy_list
BarnaulAnalytics,1473976595,,False,9,tgdataset_conspiracy_list
BarrrsGroup,1241705475,,False,9,tgdataset_conspiracy_list
BarrrsLife,1326845382,,False,9,tgdataset_conspiracy_list
barucker,1483469335,,False,9,tgdataset_conspiracy_list
Based_TikTok,1309429135,,False,9,tgdataset_conspiracy_list
baselwach2020News,1334383954,,False,9,tgdataset_conspiracy_list
bashnacional,1317576607,,False,9,tgdataset_conspiracy_list
basij_sharif,1009201266,,False,9,tgdataset_conspiracy_list
BasiswissenNWO,1238205386,,False,9,tgdataset_conspiracy_list
basnikrylova,1226543102,,False,9,tgdataset_conspiracy_list
BastidoresdaNet,1402503618,,False,9,tgdataset_conspiracy_list
bataafsenieuws,1284807754,,False,9,tgdataset_conspiracy_list
batonandknife,1308643828,,False,9,tgdataset_conspiracy_list
bayermanvibration,1493240828,,False,9,tgdataset_conspiracy_list
bayern_steht_zusammen,1240326590,,False,9,tgdataset_conspiracy_list
BayernKvas,1419328034,,False,9,tgdataset_conspiracy_list
BB_Maya_Horoskope,1399141037,,False,9,tgdataset_conspiracy_list
BBO_Infokanal,1442384691,,False,9,tgdataset_conspiracy_list
bbscn,1376535016,,False,9,tgdataset_conspiracy_list
bccrossplattform,1181529722,,False,9,tgdataset_conspiracy_list
BCInfokanal,1362316232,,False,9,tgdataset_conspiracy_list
bcsusa,1116182609,,False,9,tgdataset_conspiracy_list
BdAhnen,1470112190,,False,9,tgdataset_conspiracy_list
bdsn_news,1317322362,,False,9,tgdataset_conspiracy_list
be_fashion,1102021544,,False,9,tgdataset_conspiracy_list
Be_free_in_unfree_world,1432029311,,False,9,tgdataset_conspiracy_list
beard_cyberpunk,1230587983,,False,9,tgdataset_conspiracy_list
beastsinside,1144974166,,False,9,tgdataset_conspiracy_list
beatfemales,1167807226,,False,9,tgdataset_conspiracy_list
BeatrizTalegon,1080140432,,False,9,tgdataset_conspiracy_list
beeehealthy,1196376159,,False,9,tgdataset_conspiracy_list
befrei,1420095982,,False,9,tgdataset_conspiracy_list
BefreiterBlick,1435707629,,False,9,tgdataset_conspiracy_list
Befreiungjetzt,1449487498,,False,9,tgdataset_conspiracy_list
BefreiungsWege,1553546237,,False,9,tgdataset_conspiracy_list
begegnungsbewegung,1456221877,,False,9,tgdataset_conspiracy_list
begeistert_leben_2021,1174119543,,False,9,tgdataset_conspiracy_list
Behemil,1312074266,,False,9,tgdataset_conspiracy_list
behindmyhappines,1190025523,,False,9,tgdataset_conspiracy_list
behindthecurtainGer,1362806138,,False,9,tgdataset_conspiracy_list
behindtheukrainiannews,1471253935,,False,9,tgdataset_conspiracy_list
beimherrmann,1108110819,,False,9,tgdataset_conspiracy_list
beinopen,1144771285,,False,9,tgdataset_conspiracy_list
belamor_cha,1482189512,,False,9,tgdataset_conspiracy_list
belarusimir,1234763687,,False,9,tgdataset_conspiracy_list
BelicaS_contraInformacion,1055807388,,False,9,tgdataset_conspiracy_list
bellisssimaa11,1250436274,,False,9,tgdataset_conspiracy_list
BeloRussica,1326097960,,False,9,tgdataset_conspiracy_list
beminformado,1456103248,,False,9,tgdataset_conspiracy_list
benamenoor,1128291092,,False,9,tgdataset_conspiracy_list
benevisamkebekhooni,1256615723,,False,9,tgdataset_conspiracy_list
bennyinfo,1402510009,,False,9,tgdataset_conspiracy_list
benpostit,1482427263,,False,9,tgdataset_conspiracy_list
Bergfloh_CH,1248916281,,False,9,tgdataset_conspiracy_list
berlinberlinweilberlin,1425673252,,False,9,tgdataset_conspiracy_list
berlinmarkbrandenburg,1381995427,,False,9,tgdataset_conspiracy_list
berlinstehtauf,1220341915,,False,9,tgdataset_conspiracy_list
BernadoDavinci,1401962639,,False,9,tgdataset_conspiracy_list
bernie006,1348217349,,False,9,tgdataset_conspiracy_list
bers1970,1469586346,,False,9,tgdataset_conspiracy_list
BertSpahn,1492934697,,False,9,tgdataset_conspiracy_list
besponiat,1401730895,,False,9,tgdataset_conspiracy_list
best_home_pets,1141107245,,False,9,tgdataset_conspiracy_list
bestimeline,1486151887,,False,9,tgdataset_conspiracy_list
bethechange21,1432366392,,False,9,tgdataset_conspiracy_list
beto38430santiago,1236620709,,False,9,tgdataset_conspiracy_list
betterknownow,1283546644,,False,9,tgdataset_conspiracy_list
bettinagorzolla,1143947209,,False,9,tgdataset_conspiracy_list
BewaffneDichMitWissen,1266392905,,False,9,tgdataset_conspiracy_list
bewegunghalle,1494421093,,False,9,tgdataset_conspiracy_list
BewegungLeipzigQD341,1477670205,,False,9,tgdataset_conspiracy_list
BewegungOsna,1170741813,,False,9,tgdataset_conspiracy_list
BewegWas,1457851914,,False,9,tgdataset_conspiracy_list
bewusssterMensch,1481126468,,False,9,tgdataset_conspiracy_list
bewusst1111,1254464527,,False,9,tgdataset_conspiracy_list
BewusstCommunity,1398745895,,False,9,tgdataset_conspiracy_list
bewussteMenschen,1305326425,,False,9,tgdataset_conspiracy_list
bewussterwerden,1390742932,,False,9,tgdataset_conspiracy_list
BewusstFrei,1456686918,,False,9,tgdataset_conspiracy_list
BewusstGesundGluecklich,1489781607,,False,9,tgdataset_conspiracy_list
BewusstSEINlink,1337012335,,False,9,tgdataset_conspiracy_list
bewusstseins_sprung,1239226477,,False,9,tgdataset_conspiracy_list
bewusstseins_vlog,1423825923,,False,9,tgdataset_conspiracy_list
Bewusstseinswandel2020,1106957801,,False,9,tgdataset_conspiracy_list
BewusstTV_blaupausetv,1469096327,,False,9,tgdataset_conspiracy_list
bewusstwerdung,1195182975,,False,9,tgdataset_conspiracy_list
bewusstwerdungwahrheitsfindung,1341449996,,False,9,tgdataset_conspiracy_list
beybegi_ua,1262225073,,False,9,tgdataset_conspiracy_list
beyondperception,1430294546,,False,9,tgdataset_conspiracy_list
bezgran1,1432298429,,False,9,tgdataset_conspiracy_list
bglstehtauf,1460924489,,False,9,tgdataset_conspiracy_list
bi_bigdata,1187682809,,False,9,tgdataset_conspiracy_list
BiancaHoeltjeKanal,1430770721,,False,9,tgdataset_conspiracy_list
bibiblogsberg,1439874317,,False,9,tgdataset_conspiracy_list
bibliodush,1112029952,,False,9,tgdataset_conspiracy_list
bibliologiaoficial,1253533353,,False,9,tgdataset_conspiracy_list
BIBLIOTECA_E_REVISOES_HISTORICAS,1065131207,,False,9,tgdataset_conspiracy_list
Bibliotecacir,1350073053,,False,9,tgdataset_conspiracy_list
BibliotecaUMCC,1475325276,,False,9,tgdataset_conspiracy_list
biblischetrininitaetslehre,1376006660,,False,9,tgdataset_conspiracy_list
bidariymelat,1006154443,,False,9,tgdataset_conspiracy_list
bidary_org,1100725021,,False,9,tgdataset_conspiracy_list
bielconn,1302509564,,False,9,tgdataset_conspiracy_list
BifFidU,1445684707,,False,9,tgdataset_conspiracy_list
big_bangpage,1009296864,,False,9,tgdataset_conspiracy_list
BigChange_Channel,1073584923,,False,9,tgdataset_conspiracy_list
bigshocktheory,1191337185,,False,9,tgdataset_conspiracy_list
bigtransfer2024,1457370504,,False,9,tgdataset_conspiracy_list
bikbovguru,1218732626,,False,9,tgdataset_conspiracy_list
bilateralchannel,1418571007,,False,9,tgdataset_conspiracy_list
bildiluminatie,1295408348,,False,9,tgdataset_conspiracy_list
billandmelindagatesfoundation,1181717157,,False,9,tgdataset_conspiracy_list
billkillyoucanal,1350371337,,False,9,tgdataset_conspiracy_list
billsix,1439882553,,False,9,tgdataset_conspiracy_list
binationalism,1272108799,,False,9,tgdataset_conspiracy_list
binodovna1,1131655233,,False,9,tgdataset_conspiracy_list
biocoin_ru,1081797783,,False,9,tgdataset_conspiracy_list
bioenergetik2020,1226778779,,False,9,tgdataset_conspiracy_list
bioevolucion,1237626907,,False,9,tgdataset_conspiracy_list
biohacking_150,1233970401,,False,9,tgdataset_conspiracy_list
biohazardov,1274320229,,False,9,tgdataset_conspiracy_list
biolapki,1187960122,,False,9,tgdataset_conspiracy_list
BioLogisches_Heilwissen,1219730272,,False,9,tgdataset_conspiracy_list
BIoomberg,1477408271,,False,9,tgdataset_conspiracy_list
bipolarr,1008556013,,False,9,tgdataset_conspiracy_list
bisskultur,1372118520,,False,9,tgdataset_conspiracy_list
bitc0info,1353977581,,False,9,tgdataset_conspiracy_list
BitchBotBoiiLive,1488996730,,False,9,tgdataset_conspiracy_list
bitchcrafting,1476887752,,False,9,tgdataset_conspiracy_list
bitcoin_sensei,1296889345,,False,9,tgdataset_conspiracy_list
bitcoin_translated,1173423081,,False,9,tgdataset_conspiracy_list
bitkogan,1199979298,,False,9,tgdataset_conspiracy_list
BitLenta,1063552156,,False,9,tgdataset_conspiracy_list
Bitte_Mitdenken,1369351632,,False,9,tgdataset_conspiracy_list
bitteltv,1191903230,,False,9,tgdataset_conspiracy_list
Bittewachwerden,1271489989,,False,9,tgdataset_conspiracy_list
bitvazapravdu,1498494777,,False,9,tgdataset_conspiracy_list
bjoernbanane,1215870893,,False,9,tgdataset_conspiracy_list
BjoernHoeckeAfD,1284657431,,False,9,tgdataset_conspiracy_list
BK_btc_trading,1334507198,,False,9,tgdataset_conspiracy_list
BKalesnikow,1229596096,,False,9,tgdataset_conspiracy_list
blackbirduncensored,1202167751,,False,9,tgdataset_conspiracy_list
BlackCatTeaRoom,1195787759,,False,9,tgdataset_conspiracy_list
BlackDogKanal,1246453687,,False,9,tgdataset_conspiracy_list
blackgoo13,1696686700,,False,9,tgdataset_conspiracy_list
blackvest_1,1480654499,,False,9,tgdataset_conspiracy_list
Blasdelezox,1264297933,,False,9,tgdataset_conspiracy_list
BLAUADLER_Foundation,1167599985,,False,9,tgdataset_conspiracy_list
BlauerBote,1436222001,,False,9,tgdataset_conspiracy_list
blaupausetv,1160968060,,False,9,tgdataset_conspiracy_list
bleibinharmonie,1426007421,,False,9,tgdataset_conspiracy_list
bleibtstark,1279348750,,False,9,tgdataset_conspiracy_list
BleibWachsam2020,1260864841,,False,9,tgdataset_conspiracy_list
BLESLIANescorpionismoAntiNOM,1793010065,,False,9,tgdataset_conspiracy_list
blickradio,1423360752,,False,9,tgdataset_conspiracy_list
Blickwinkel1,1358352115,,False,9,tgdataset_conspiracy_list
blockchaingerman,1293287526,,False,9,tgdataset_conspiracy_list
blocktalkrnd,1349769709,,False,9,tgdataset_conspiracy_list
blogger_bn,1279564832,,False,9,tgdataset_conspiracy_list
blogvratcha,1415292612,,False,9,tgdataset_conspiracy_list
blowinmind_info,1722325909,,False,9,tgdataset_conspiracy_list
bluetifulmind,1358412003,,False,9,tgdataset_conspiracy_list
bluetigerstudio,1405367768,,False,9,tgdataset_conspiracy_list
Bluetooth_5G,1494492907,,False,9,tgdataset_conspiracy_list
bluntmedia,1147265694,,False,9,tgdataset_conspiracy_list
BlutgruppeQ2Q2Q,1176712922,,False,9,tgdataset_conspiracy_list
bmpd_cast,1241559280,,False,9,tgdataset_conspiracy_list
bodo_schickentanz,1253371897,,False,9,tgdataset_conspiracy_list
bodoschiffmann_reuploads,1337867032,,False,9,tgdataset_conspiracy_list
BodyEffects,1219562236,,False,9,tgdataset_conspiracy_list
boerbouli,1154181523,,False,9,tgdataset_conspiracy_list
boggywriter,1061464963,,False,9,tgdataset_conspiracy_list
bogotanosxlaverdad,1652697485,,False,9,tgdataset_conspiracy_list
BogSveti,1464418556,,False,9,tgdataset_conspiracy_list
bojemoikakmnevsenadoelojaustal,1447986828,,False,9,tgdataset_conspiracy_list
bolaehrosecrets,1289579580,,False,9,tgdataset_conspiracy_list
BolganLoretta,1204405445,,False,9,tgdataset_conspiracy_list
bolkunets,1197814969,,False,9,tgdataset_conspiracy_list
bollbrocknicecoaching,1401369561,,False,9,tgdataset_conspiracy_list
bolognanotizie,1116524893,,False,9,tgdataset_conspiracy_list
bolshoibelarus,1342250010,,False,9,tgdataset_conspiracy_list
bolsonarianosBR,1342196540,,False,9,tgdataset_conspiracy_list
boltan,1020950266,,False,9,tgdataset_conspiracy_list
boomer_irrelevante,1121930787,,False,9,tgdataset_conspiracy_list
BooN_News,1128716621,,False,9,tgdataset_conspiracy_list
booomaktuell,1571074848,,False,9,tgdataset_conspiracy_list
booster_chanel,1390596103,,False,9,tgdataset_conspiracy_list
boris_again,1178238337,,False,9,tgdataset_conspiracy_list
BorisBurkov,1081895254,,False,9,tgdataset_conspiracy_list
borisenkoD,1203323663,,False,9,tgdataset_conspiracy_list
borissaves,1324089051,,False,9,tgdataset_conspiracy_list
BorisSeverus,1407557866,,False,9,tgdataset_conspiracy_list
boroda_cash,1315641047,,False,9,tgdataset_conspiracy_list
borrhan,1006960078,,False,9,tgdataset_conspiracy_list
bosphorus1861,1459451189,,False,9,tgdataset_conspiracy_list
BoticaBerde,1159123690,,False,9,tgdataset_conspiracy_list
BotoesDourados,1272891041,,False,9,tgdataset_conspiracy_list
Botschaft_des_Lichts_Berlin,1242914816,,False,9,tgdataset_conspiracy_list
botschaftderGalaktische,1296050953,,False,9,tgdataset_conspiracy_list
Botschaften_aus_der_Urquelle,1245038382,,False,9,tgdataset_conspiracy_list
botsmanua,1369674348,,False,9,tgdataset_conspiracy_list
bovdunov,1209882247,,False,9,tgdataset_conspiracy_list
bpnum,1065175045,,False,9,tgdataset_conspiracy_list
BradPittBaroque,1167232577,,False,9,tgdataset_conspiracy_list
brahmacharya,1142967867,,False,9,tgdataset_conspiracy_list
brahmamahambrahmasmi,1315632752,,False,9,tgdataset_conspiracy_list
Brahz,1288780800,,False,9,tgdataset_conspiracy_list
BrainfoodDE,1414681042,,False,9,tgdataset_conspiracy_list
BrandNagelberg,1236800044,,False,9,tgdataset_conspiracy_list
brasilpeladireita,1252227291,,False,9,tgdataset_conspiracy_list
BrasilQAcordou,1331715305,,False,9,tgdataset_conspiracy_list
bratsakh,1340390741,,False,9,tgdataset_conspiracy_list
bravenewcovid,1258559950,,False,9,tgdataset_conspiracy_list
brbfk270667,1133561217,,False,9,tgdataset_conspiracy_list
BRD_Rechtsgrundlagen,1350208222,,False,9,tgdataset_conspiracy_list
BRDSabotage,1359314479,,False,9,tgdataset_conspiracy_list
BRDsklave,1312646448,,False,9,tgdataset_conspiracy_list
BRDunzensiert,1297638186,,False,9,tgdataset_conspiracy_list
Breaking_the_Matrix,1288346973,,False,9,tgdataset_conspiracy_list
breathemoscow,1380582668,,False,9,tgdataset_conspiracy_list
bredach,1089230379,,False,9,tgdataset_conspiracy_list
Brennpunkt_Deutschland,1233827016,,False,9,tgdataset_conspiracy_list
bretonscontrelepasssanitaire,1463332130,,False,9,tgdataset_conspiracy_list
BrideofGod,1447062493,,False,9,tgdataset_conspiracy_list
BridgeAM,1421215589,,False,9,tgdataset_conspiracy_list
brigadasosdaisa,1159586818,,False,9,tgdataset_conspiracy_list
brigatasassarihentai,1448050859,,False,9,tgdataset_conspiracy_list
BrigittevRondholz,1385550493,,False,9,tgdataset_conspiracy_list
Brinstar,1236471901,,False,9,tgdataset_conspiracy_list
brissenmra,1401429122,,False,9,tgdataset_conspiracy_list
brittsche,1188770211,,False,9,tgdataset_conspiracy_list
brodetsky_2,1110899411,,False,9,tgdataset_conspiracy_list
broke_musik,1175664909,,False,9,tgdataset_conspiracy_list
bruh_funny_moments,1231789166,,False,9,tgdataset_conspiracy_list
brunhuber,1387617635,,False,9,tgdataset_conspiracy_list
brunodornelles,1454069703,,False,9,tgdataset_conspiracy_list
BsbDF,1006075477,,False,9,tgdataset_conspiracy_list
budilnik64,1417319519,,False,9,tgdataset_conspiracy_list
budni_bezdelnicka,1399199536,,False,9,tgdataset_conspiracy_list
budnigalliano,1468761505,,False,9,tgdataset_conspiracy_list
BudsRelay,1355567423,,False,9,tgdataset_conspiracy_list
buergerbewegung365gera,1428032413,,False,9,tgdataset_conspiracy_list
BuergerBewegungLeipzig2021Info,1309109262,,False,9,tgdataset_conspiracy_list
buergerbewegungmvhst,1463136995,,False,9,tgdataset_conspiracy_list
BuergerderFreiheit,1429958036,,False,9,tgdataset_conspiracy_list
buergerforumschwabeninfokanal,1283726764,,False,9,tgdataset_conspiracy_list
buergerinformative,1340348395,,False,9,tgdataset_conspiracy_list
bugurtthread,1075423523,,False,9,tgdataset_conspiracy_list
bulvarBaku,1239674523,,False,9,tgdataset_conspiracy_list
bumperbuggy,1378487096,,False,9,tgdataset_conspiracy_list
burbuja3301,1312266565,,False,9,tgdataset_conspiracy_list
burhubar,1124975162,,False,9,tgdataset_conspiracy_list
Burovaia,1260696853,,False,9,tgdataset_conspiracy_list
BURvmeste2020,1443760495,,False,9,tgdataset_conspiracy_list
buscamoslaVERDAD,1202274243,,False,9,tgdataset_conspiracy_list
buscando_la_verdad,1193536738,,False,9,tgdataset_conspiracy_list
buscandolaverdade,1532983846,,False,9,tgdataset_conspiracy_list
busfahrerthomas,1482577083,,False,9,tgdataset_conspiracy_list
buspilot_elite_bln1970,1283860654,,False,9,tgdataset_conspiracy_list
bustek,1326100380,,False,9,tgdataset_conspiracy_list
but_spirit_strong,1222628113,,False,9,tgdataset_conspiracy_list
buy_gram_ton,1097389342,,False,9,tgdataset_conspiracy_list
buyanTime,1249813253,,False,9,tgdataset_conspiracy_list
by_cotique,1089356257,,False,9,tgdataset_conspiracy_list
bzntn,1050985501,,False,9,tgdataset_conspiracy_list
C1901,1411138073,,False,9,tgdataset_conspiracy_list
c19Aufbruch,1428192028,,False,9,tgdataset_conspiracy_list
c19cw,1203048774,,False,9,tgdataset_conspiracy_list
C19Impfschaden,1260783453,,False,9,tgdataset_conspiracy_list
c19reset,1383904168,,False,9,tgdataset_conspiracy_list
C4Misc,1001117874,,False,9,tgdataset_conspiracy_list
c_res,1148766092,,False,9,tgdataset_conspiracy_list
CA_Time,1076191305,,False,9,tgdataset_conspiracy_list
cadmonkey,1159885946,,False,9,tgdataset_conspiracy_list
caduceum,1428344610,,False,9,tgdataset_conspiracy_list
caimireport,1348941013,,False,9,tgdataset_conspiracy_list
canada_gulag,1237700255,,False,9,tgdataset_conspiracy_list
canal2018,1135501948,,False,9,tgdataset_conspiracy_list
canal5informa,1440785396,,False,9,tgdataset_conspiracy_list
canal_TK,1188391666,,False,9,tgdataset_conspiracy_list
canal_ulrich,1154229095,,False,9,tgdataset_conspiracy_list
canal_V,1463394128,,False,9,tgdataset_conspiracy_list
CanalBrasilcomBolsonaro,1280299211,,False,9,tgdataset_conspiracy_list
CanaldePilar,1193453100,,False,9,tgdataset_conspiracy_list
canaldivocbarcelona,1599632213,,False,9,tgdataset_conspiracy_list
canale_info_della_liberascelta,1496588986,,False,9,tgdataset_conspiracy_list
Canale_Veleno,1489695270,,False,9,tgdataset_conspiracy_list
canalefederazioneterzarepubblica,1721929672,,False,9,tgdataset_conspiracy_list
canalhansulrichrudel,1490308239,,False,9,tgdataset_conspiracy_list
canaliberismo,1145078152,,False,9,tgdataset_conspiracy_list
canalisisaladatelegram,1288991165,,False,9,tgdataset_conspiracy_list
canaljoaodeathayde,1356770739,,False,9,tgdataset_conspiracy_list
CanalLosInmortales,1280124072,,False,9,tgdataset_conspiracy_list
canaln18,1250584767,,False,9,tgdataset_conspiracy_list
CanalNatio,1496437368,,False,9,tgdataset_conspiracy_list
canalnegandolamentira,1425046151,,False,9,tgdataset_conspiracy_list
canalonoff,1436712157,,False,9,tgdataset_conspiracy_list
CanalREDCOM,1071495228,,False,9,tgdataset_conspiracy_list
canalrobertalacerda,1183069375,,False,9,tgdataset_conspiracy_list
canalselvabrasiloficial,1537502558,,False,9,tgdataset_conspiracy_list
CancelCancelculture,1454238998,,False,9,tgdataset_conspiracy_list
cancionesdespiertas,1413344443,,False,9,tgdataset_conspiracy_list
CapitalismKillsLove,1188650716,,False,9,tgdataset_conspiracy_list
Caput_Anguli88,1186684121,,False,9,tgdataset_conspiracy_list
cardsandgems,1151161065,,False,9,tgdataset_conspiracy_list
carrollired,1086758826,,False,9,tgdataset_conspiracy_list
cartelsznn,1354085820,,False,9,tgdataset_conspiracy_list
CASADELSOLETV,1285098115,,False,9,tgdataset_conspiracy_list
casandooverbo,1361657579,,False,9,tgdataset_conspiracy_list
CASBT_OSINT,1237838979,,False,9,tgdataset_conspiracy_list
CASBT_UA,1188974986,,False,9,tgdataset_conspiracy_list
casestatal,1118371291,,False,9,tgdataset_conspiracy_list
cassettemusiq,1245544113,,False,9,tgdataset_conspiracy_list
CatA_Strophe,1494836426,,False,9,tgdataset_conspiracy_list
catars_is,1192373108,,False,9,tgdataset_conspiracy_list
CatBoyWhite,1479984030,,False,9,tgdataset_conspiracy_list
CatenaAurea,1232316227,,False,9,tgdataset_conspiracy_list
catolicos_verdad,1317367101,,False,9,tgdataset_conspiracy_list
catPaul,1274565050,,False,9,tgdataset_conspiracy_list
catskrip,1363458965,,False,9,tgdataset_conspiracy_list
cattmom,1282579691,,False,9,tgdataset_conspiracy_list
caubabylon,1434086660,,False,9,tgdataset_conspiracy_list
caucasus_newspaper,1199587648,,False,9,tgdataset_conspiracy_list
Cawiiwish,1300043609,,False,9,tgdataset_conspiracy_list
cbrstocks,1197210433,,False,9,tgdataset_conspiracy_list
ccoficial,1087038392,,False,9,tgdataset_conspiracy_list
cdefghijkxxz,1429120894,,False,9,tgdataset_conspiracy_list
CecilEgwuatu,1468922605,,False,9,tgdataset_conspiracy_list
ceghakron_am,1373679189,,False,9,tgdataset_conspiracy_list
cenepertutti,1196954100,,False,9,tgdataset_conspiracy_list
censuradooo,1487348183,,False,9,tgdataset_conspiracy_list
CenterCIGR,1393550389,,False,9,tgdataset_conspiracy_list
CentesimoMono,1291902750,,False,9,tgdataset_conspiracy_list
centinela35,1360826755,,False,9,tgdataset_conspiracy_list
centrifugadoexistencial,1519467956,,False,9,tgdataset_conspiracy_list
CentroEnoquiano,1383670428,,False,9,tgdataset_conspiracy_list
CentroNacionalIndagacionES,1175245436,,False,9,tgdataset_conspiracy_list
certificado_covid_gratis,1501441391,,False,9,tgdataset_conspiracy_list
cesaresacchetti,1459834073,,False,9,tgdataset_conspiracy_list
ceskadomobrana,1305777585,,False,9,tgdataset_conspiracy_list
ceuxquinousgouvernement,1375469658,,False,9,tgdataset_conspiracy_list
cglive,1095849310,,False,9,tgdataset_conspiracy_list
cgrushcm,1489638408,,False,9,tgdataset_conspiracy_list
cgxxs,1494550904,,False,9,tgdataset_conspiracy_list
ch33rsmate,1260955904,,False,9,tgdataset_conspiracy_list
ChaikaThink,1256030271,,False,9,tgdataset_conspiracy_list
chaitanyaakademie,1355631299,,False,9,tgdataset_conspiracy_list
chaldeancat,1459684436,,False,9,tgdataset_conspiracy_list
champagne_squirt,1042756604,,False,9,tgdataset_conspiracy_list
championatasia,1008302560,,False,9,tgdataset_conspiracy_list
championatnews,1131346960,,False,9,tgdataset_conspiracy_list
Chanel17WWG1WGA,1435748223,,False,9,tgdataset_conspiracy_list
ChanFr,1456338354,,False,9,tgdataset_conspiracy_list
changesRevolution,1171732730,,False,9,tgdataset_conspiracy_list
ChangeTheSystemNOW,1387298364,,False,9,tgdataset_conspiracy_list
Channel_5D,1196621704,,False,9,tgdataset_conspiracy_list
channel_elmurid,1214266331,,False,9,tgdataset_conspiracy_list
channelbpodcast,1010027718,,False,9,tgdataset_conspiracy_list
channelsimoans,1334278028,,False,9,tgdataset_conspiracy_list
ChannelWhatThaFuQ,1391696890,,False,9,tgdataset_conspiracy_list
chanstatt,1418740718,,False,9,tgdataset_conspiracy_list
chaoscontrolNews,1250776222,,False,9,tgdataset_conspiracy_list
chaosinrustedlift,1416757643,,False,9,tgdataset_conspiracy_list
chaoss_flame,1149764197,,False,9,tgdataset_conspiracy_list
chaosss_drugs,1155314859,,False,9,tgdataset_conspiracy_list
chaoticurobro,1446703669,,False,9,tgdataset_conspiracy_list
charleskrueger,1126016709,,False,9,tgdataset_conspiracy_list
charrajevoporlaverdad,1201890104,,False,9,tgdataset_conspiracy_list
chatconmestesso,1186719000,,False,9,tgdataset_conspiracy_list
chdeu_fr,1533954619,,False,9,tgdataset_conspiracy_list
chdrv174,1198372289,,False,9,tgdataset_conspiracy_list
CheckMateNews,1247534353,,False,9,tgdataset_conspiracy_list
CheckMateSpirit,1274410175,,False,9,tgdataset_conspiracy_list
checkroom,1124060034,,False,9,tgdataset_conspiracy_list
CheGuevava,1411993066,,False,9,tgdataset_conspiracy_list
Chelopark2,1367524472,,False,9,tgdataset_conspiracy_list
Chem_nitz,1311203617,,False,9,tgdataset_conspiracy_list
chemnitz_er,1478327480,,False,9,tgdataset_conspiracy_list
chemtrail,1059665751,,False,9,tgdataset_conspiracy_list
chemtraill,1363307753,,False,9,tgdataset_conspiracy_list
chemtrails0,1226633802,,False,9,tgdataset_conspiracy_list
CHEMTRAILS2,1359544533,,False,9,tgdataset_conspiracy_list
chemtrails_xelmundo,1456447991,,False,9,tgdataset_conspiracy_list
cherkesbogotov,1433013833,,False,9,tgdataset_conspiracy_list
cherniy_kvartal,1209080275,,False,9,tgdataset_conspiracy_list
chervonec_001,1336404441,,False,9,tgdataset_conspiracy_list
chesnokmedia,1108403053,,False,9,tgdataset_conspiracy_list
chiba_city,1191736638,,False,9,tgdataset_conspiracy_list
chiediloaloro,1380125069,,False,9,tgdataset_conspiracy_list
chiemseefee,1331884816,,False,9,tgdataset_conspiracy_list
ChildresQue,1398930533,,False,9,tgdataset_conspiracy_list
CHILEDIGNOCANAL,1461218275,,False,9,tgdataset_conspiracy_list
chilenosxlaverdad,1193443980,,False,9,tgdataset_conspiracy_list
china80s,1443147656,,False,9,tgdataset_conspiracy_list
chinablogs,1175187755,,False,9,tgdataset_conspiracy_list
chinaposter,1268099829,,False,9,tgdataset_conspiracy_list
chinavideoroom,1492692590,,False,9,tgdataset_conspiracy_list
ChinNegar,1242273089,,False,9,tgdataset_conspiracy_list
chinormasjidi,1188893545,,False,9,tgdataset_conspiracy_list
ChipsetNet,1595172513,,False,9,tgdataset_conspiracy_list
chipsjournal,1058818874,,False,9,tgdataset_conspiracy_list
chispa1707,1249662532,,False,9,tgdataset_conspiracy_list
chistoprikol,1459822322,,False,9,tgdataset_conspiracy_list
chloefinfosofficiel,1660711804,,False,9,tgdataset_conspiracy_list
choew,1167341737,,False,9,tgdataset_conspiracy_list
Chor_der_Freiheit,1594177104,,False,9,tgdataset_conspiracy_list
chp_krd,1118089996,,False,9,tgdataset_conspiracy_list
chp_show,1376104155,,False,9,tgdataset_conspiracy_list
chpOrenburg,1282015330,,False,9,tgdataset_conspiracy_list
chpUlyanovsk,1415341508,,False,9,tgdataset_conspiracy_list
chretiensantivaccins,1506237598,,False,9,tgdataset_conspiracy_list
ChrisfanboWissenswertes,1330204689,,False,9,tgdataset_conspiracy_list
chrishoerstel,1109357927,,False,9,tgdataset_conspiracy_list
chrisi06,1326828148,,False,9,tgdataset_conspiracy_list
chrisinfos,1220930564,,False,9,tgdataset_conspiracy_list
ChrisInfosTrumpAndCo,1370778737,,False,9,tgdataset_conspiracy_list
chriskurzermalweg,1474039700,,False,9,tgdataset_conspiracy_list
ChrisNordenOffiziel,1215613275,,False,9,tgdataset_conspiracy_list
chrisRiversCGN,1485173864,,False,9,tgdataset_conspiracy_list
Christajasinski,1199937422,,False,9,tgdataset_conspiracy_list
ChristenimWiderstand,1420514301,,False,9,tgdataset_conspiracy_list
christiananders,1343583209,,False,9,tgdataset_conspiracy_list
ChristianMarkowitzFB_Backup,1467212833,,False,9,tgdataset_conspiracy_list
christianstolle,1227619199,,False,9,tgdataset_conspiracy_list
Christine_Anna_Eiter,1248955273,,False,9,tgdataset_conspiracy_list
christine_schneider,1482701878,,False,9,tgdataset_conspiracy_list
christineanderson,1237341013,,False,9,tgdataset_conspiracy_list
christlichmissionieren,1445425583,,False,9,tgdataset_conspiracy_list
christopherwolf,1462839678,,False,9,tgdataset_conspiracy_list
ChronicleCurrentFuckup,1243663264,,False,9,tgdataset_conspiracy_list
chronikderasen,1315273244,,False,9,tgdataset_conspiracy_list
chugunkingexpress,1121222517,,False,9,tgdataset_conspiracy_list
chukzag,1290601956,,False,9,tgdataset_conspiracy_list
church_galicia,1154113043,,False,9,tgdataset_conspiracy_list
chuzhbina,1212590618,,False,9,tgdataset_conspiracy_list
chvans,1091218259,,False,9,tgdataset_conspiracy_list
chvkmedia,1362388271,,False,9,tgdataset_conspiracy_list
cicepr,1394431357,,False,9,tgdataset_conspiracy_list
cig_diffusion,1478360676,,False,9,tgdataset_conspiracy_list
Cimpfungen,1360776576,,False,9,tgdataset_conspiracy_list
cina_zurnals,1385526009,,False,9,tgdataset_conspiracy_list
cinema_boogaloo,1111413450,,False,9,tgdataset_conspiracy_list
cinemarxism,1117651460,,False,9,tgdataset_conspiracy_list
cinemasha,1073860502,,False,9,tgdataset_conspiracy_list
cinqminutes,1353734678,,False,9,tgdataset_conspiracy_list
circleoflight,1332271881,,False,9,tgdataset_conspiracy_list
circulary,1435018143,,False,9,tgdataset_conspiracy_list
cissabaileyamericana,1330170771,,False,9,tgdataset_conspiracy_list
Ciudadano_Ken,1181878151,,False,9,tgdataset_conspiracy_list
clairsnews1964,1367175036,,False,9,tgdataset_conspiracy_list
ClashOf_TheTitans,1236680007,,False,9,tgdataset_conspiracy_list
claudiaBoboo,1476221238,,False,9,tgdataset_conspiracy_list
claudiacurci,1120611619,,False,9,tgdataset_conspiracy_list
ClaudiAmira,1408020323,,False,9,tgdataset_conspiracy_list
clauGDV1311,1458029068,,False,9,tgdataset_conspiracy_list
clazinhonews,1559808338,,False,9,tgdataset_conspiracy_list
clientbest,1335103645,,False,9,tgdataset_conspiracy_list
Climategate,1264822197,,False,9,tgdataset_conspiracy_list
clinicalpsychoanalysis,1090822590,,False,9,tgdataset_conspiracy_list
Clips79,1361262950,,False,9,tgdataset_conspiracy_list
cloudy_shit,1378744956,,False,9,tgdataset_conspiracy_list
ClownWorldAssociation,1233389420,,False,9,tgdataset_conspiracy_list
clsdatas,1420906490,,False,9,tgdataset_conspiracy_list
Club4CIO,1146653391,,False,9,tgdataset_conspiracy_list
cmiye,1164396748,,False,9,tgdataset_conspiracy_list
CNconspiracynewsroom,1473506806,,False,9,tgdataset_conspiracy_list
coach_marcus84,1416374512,,False,9,tgdataset_conspiracy_list
coach_markus,1156682379,,False,9,tgdataset_conspiracy_list
coachcecil,1305295187,,False,9,tgdataset_conspiracy_list
CoachPablao,1280147247,,False,9,tgdataset_conspiracy_list
cobaiasdoplan,1467710447,,False,9,tgdataset_conspiracy_list
Cocarde06,1375742908,,False,9,tgdataset_conspiracy_list
cocktail_MR,1302505152,,False,9,tgdataset_conspiracy_list
cocobourguet,1261247860,,False,9,tgdataset_conspiracy_list
cocrear,1411743516,,False,9,tgdataset_conspiracy_list
cocreons,1185449232,,False,9,tgdataset_conspiracy_list
CoImpfNeb,1484016322,,False,9,tgdataset_conspiracy_list
coinlife,1092696778,,False,9,tgdataset_conspiracy_list
CoinsMediaRU,1130839122,,False,9,tgdataset_conspiracy_list
coldwellian,1312112088,,False,9,tgdataset_conspiracy_list
colectivohumanos,1486321251,,False,9,tgdataset_conspiracy_list
coleguinhasunivos,1454200562,,False,9,tgdataset_conspiracy_list
colinrivas,1406541271,,False,9,tgdataset_conspiracy_list
Coltranespotting,1115988745,,False,9,tgdataset_conspiracy_list
comedonchisciotte_org,1426695366,,False,9,tgdataset_conspiracy_list
comeoninna,1070251366,,False,9,tgdataset_conspiracy_list
comicsoda,1197252096,,False,9,tgdataset_conspiracy_list
communikated,1332550404,,False,9,tgdataset_conspiracy_list
CompactMagazin,1177424903,,False,9,tgdataset_conspiracy_list
compartoNews,1291581591,,False,9,tgdataset_conspiracy_list
complotix,1460676903,,False,9,tgdataset_conspiracy_list
CompromatSNG,1263452343,,False,9,tgdataset_conspiracy_list
compzfr,1484556996,,False,9,tgdataset_conspiracy_list
comunidadapsiin,1565738950,,False,9,tgdataset_conspiracy_list
Concentracion_MASIVA26S,1447008052,,False,9,tgdataset_conspiracy_list
Concentracion_masiva_16A,1473235045,,False,9,tgdataset_conspiracy_list
concertzaal,1488397299,,False,9,tgdataset_conspiracy_list
conciencia_activa,1390913922,,False,9,tgdataset_conspiracy_list
Conciencia_Mundial,1441440783,,False,9,tgdataset_conspiracy_list
concienciaradio,1124375879,,False,9,tgdataset_conspiracy_list
concretejunglechronicles,1254712459,,False,9,tgdataset_conspiracy_list
confidentiel,1122546509,,False,9,tgdataset_conspiracy_list
conlasaludnosejuega,1302069964,,False,9,tgdataset_conspiracy_list
ConnectivEvents,1412353445,,False,9,tgdataset_conspiracy_list
conocimientoesigualalux,1456631737,,False,9,tgdataset_conspiracy_list
conocimientoprohibido1,1297895452,,False,9,tgdataset_conspiracy_list
conocimientoutil,1475695501,,False,9,tgdataset_conspiracy_list
conscienciacolectivacanal,1220053798,,False,9,tgdataset_conspiracy_list
conscienciatierraplana,1146573164,,False,9,tgdataset_conspiracy_list
consenso_disinformato,1436690447,,False,9,tgdataset_conspiracy_list
conservacore,1442334983,,False,9,tgdataset_conspiracy_list
Conservadora191Rosa,1164549950,,False,9,tgdataset_conspiracy_list
conservative_bay,1167126196,,False,9,tgdataset_conspiracy_list
conspil,1131502500,,False,9,tgdataset_conspiracy_list
conspiracion,1007042000,,False,9,tgdataset_conspiracy_list
conspiracionesb,1413483794,,False,9,tgdataset_conspiracy_list
Conspiracyfactsdeutsch,1479053815,,False,9,tgdataset_conspiracy_list
conspiranews,1169860185,,False,9,tgdataset_conspiracy_list
conspiranoicos,1280703800,,False,9,tgdataset_conspiracy_list
conspiraty,1372789951,,False,9,tgdataset_conspiracy_list
conspirologyoftheday,1210197252,,False,9,tgdataset_conspiracy_list
contra_el_encierro,1419981417,,False,9,tgdataset_conspiracy_list
contracoma,1396649719,,False,9,tgdataset_conspiracy_list
contracultura_tv,1283376621,,False,9,tgdataset_conspiracy_list
contrainfo,1073980200,,False,9,tgdataset_conspiracy_list
ContraOTotalitarismoDaNOM,1213145845,,False,9,tgdataset_conspiracy_list
contraperiodismomatrix,1419820394,,False,9,tgdataset_conspiracy_list
ControNews,1374440463,,False,9,tgdataset_conspiracy_list
cooper_tales,1053521825,,False,9,tgdataset_conspiracy_list
cop225,1499901330,,False,9,tgdataset_conspiracy_list
copcrime,1250593241,,False,9,tgdataset_conspiracy_list
CoprifuocoLive,1226843864,,False,9,tgdataset_conspiracy_list
corinnaHoax,1168542581,,False,9,tgdataset_conspiracy_list
CorinneReverbelOfficiel,1542701754,,False,9,tgdataset_conspiracy_list
Corintios_3_16_17,1434238576,,False,9,tgdataset_conspiracy_list
corjesumisererenobis,1222851246,,False,9,tgdataset_conspiracy_list
cornerofkate,1153922231,,False,9,tgdataset_conspiracy_list
CORONA30,1244926658,,False,9,tgdataset_conspiracy_list
Corona_and_more,1310577376,,False,9,tgdataset_conspiracy_list
Corona_Es_ist_GENUG,1307581726,,False,9,tgdataset_conspiracy_list
Corona_Fakten,1378347648,,False,9,tgdataset_conspiracy_list
Corona_Gutachten_Karstedt_Kaiser,1272087667,,False,9,tgdataset_conspiracy_list
corona_idiotie,1367324495,,False,9,tgdataset_conspiracy_list
corona_infokanaI_bmg,1389144664,,False,9,tgdataset_conspiracy_list
Corona_Kingdom,1451792403,,False,9,tgdataset_conspiracy_list
corona_leaks,1155614385,,False,9,tgdataset_conspiracy_list
corona_pandemie_neuss,1284206939,,False,9,tgdataset_conspiracy_list
Corona_Reset,1413279288,,False,9,tgdataset_conspiracy_list
Corona_Video,1457044741,,False,9,tgdataset_conspiracy_list
corona_vir,1489377135,,False,9,tgdataset_conspiracy_list
Corona_virus_2019_nCoV_Info_Chat,1205710406,,False,9,tgdataset_conspiracy_list
CoronaAgenda,1232245994,,False,9,tgdataset_conspiracy_list
CoronaAusschussCH,1428225939,,False,9,tgdataset_conspiracy_list
coronacuentos,1300845422,,False,9,tgdataset_conspiracy_list
coronadiewahrheit,1383352620,,False,9,tgdataset_conspiracy_list
coronagercegi,1479781644,,False,9,tgdataset_conspiracy_list
coronahenrik,1419700520,,False,9,tgdataset_conspiracy_list
CoronaImpfschaden,1312181060,,False,9,tgdataset_conspiracy_list
CoronaImpfschaedenOesterreich,1412192873,,False,9,tgdataset_conspiracy_list
coronaimpftod,1609278210,,False,9,tgdataset_conspiracy_list
coronaimpfungmeldungen,1187119469,,False,9,tgdataset_conspiracy_list
CoronaInfoCG,1206868393,,False,9,tgdataset_conspiracy_list
coronainformationskanal,1327140209,,False,9,tgdataset_conspiracy_list
coronakinderfilm,1531842362,,False,9,tgdataset_conspiracy_list
coronakult,1447383668,,False,9,tgdataset_conspiracy_list
coronamorgan,1334263616,,False,9,tgdataset_conspiracy_list
CoronaObjektiv,1340248544,,False,9,tgdataset_conspiracy_list
coronaplan,1278259119,,False,9,tgdataset_conspiracy_list
coronaprotestspremberg,1253691407,,False,9,tgdataset_conspiracy_list
coronaproundcontra,1403727232,,False,9,tgdataset_conspiracy_list
CoronaPsychose,1207710443,,False,9,tgdataset_conspiracy_list
coronaquerfront,1134628099,,False,9,tgdataset_conspiracy_list
coronarebellen,1440680119,,False,9,tgdataset_conspiracy_list
Coronarebellenberlininfo,1226080881,,False,9,tgdataset_conspiracy_list
coronarebellenCH,1232234822,,False,9,tgdataset_conspiracy_list
CoronaRebellenOberlausitz,1473111941,,False,9,tgdataset_conspiracy_list
CoronaRelevantes2,1231857737,,False,9,tgdataset_conspiracy_list
coronasatanismus,1358103242,,False,9,tgdataset_conspiracy_list
coronasolingen,1399688809,,False,9,tgdataset_conspiracy_list
Coronasondersendung,1353778456,,False,9,tgdataset_conspiracy_list
coronaunddasaufwachen,1367122557,,False,9,tgdataset_conspiracy_list
CORONAVIRUS_Dra_Sonia,1312834513,,False,9,tgdataset_conspiracy_list
coronavirus_verita,1356362184,,False,9,tgdataset_conspiracy_list
CoronavirusBrazileMundo,1254608214,,False,9,tgdataset_conspiracy_list
coronavirusticker,1349046148,,False,9,tgdataset_conspiracy_list
coronavirusunzensiert,1267397843,,False,9,tgdataset_conspiracy_list
CoronaWahnArchiv,1289973884,,False,9,tgdataset_conspiracy_list
CoronaWahnsinnStoppen,1391117688,,False,9,tgdataset_conspiracy_list
coronawahrheit,1211665686,,False,9,tgdataset_conspiracy_list
coronawellen,1380793842,,False,9,tgdataset_conspiracy_list
CoronaWiderstand17,1211781873,,False,9,tgdataset_conspiracy_list
CoronaWiderstandKLInfo,1409639564,,False,9,tgdataset_conspiracy_list
coronoianeindanke,1462813750,,False,9,tgdataset_conspiracy_list
corpequities,1244840054,,False,9,tgdataset_conspiracy_list
CorreAvisa2022,1635780069,,False,9,tgdataset_conspiracy_list
Cortagebuch,1164983621,,False,9,tgdataset_conspiracy_list
corvelva1993,1478768559,,False,9,tgdataset_conspiracy_list
Corviruschino,1263590477,,False,9,tgdataset_conspiracy_list
cosecheguardo,1390250156,,False,9,tgdataset_conspiracy_list
CosmicChannel17,1315272877,,False,9,tgdataset_conspiracy_list
CosmicSpirit,1356128412,,False,9,tgdataset_conspiracy_list
cosmictower,1330316089,,False,9,tgdataset_conspiracy_list
cosmomarichannel,1277770969,,False,9,tgdataset_conspiracy_list
Cosmomentiras,1297658522,,False,9,tgdataset_conspiracy_list
CosmonautasMidia,1451360860,,False,9,tgdataset_conspiracy_list
cosmovni,1544896493,,False,9,tgdataset_conspiracy_list
cosycommune,1298513211,,False,9,tgdataset_conspiracy_list
counterpropaganda20,1195624429,,False,9,tgdataset_conspiracy_list
covbes,1334658407,,False,9,tgdataset_conspiracy_list
covhealthcare,1363647778,,False,9,tgdataset_conspiracy_list
covid1984covid,1296704567,,False,9,tgdataset_conspiracy_list
covid1984pictures,1490295765,,False,9,tgdataset_conspiracy_list
covid19fairytales,1200640901,,False,9,tgdataset_conspiracy_list
Covid19FBGroup,1420985146,,False,9,tgdataset_conspiracy_list
COVID19manipulationen,1311027296,,False,9,tgdataset_conspiracy_list
covid_19_Rechtshinweise,1266005258,,False,9,tgdataset_conspiracy_list
covid_volksbegehren,1287572592,,False,9,tgdataset_conspiracy_list
covid_world21,1243137095,,False,9,tgdataset_conspiracy_list
covidcabalvaccineworld,1272474896,,False,9,tgdataset_conspiracy_list
covidcoffeebreak,1126176019,,False,9,tgdataset_conspiracy_list
Covideothek,1187484120,,False,9,tgdataset_conspiracy_list
CovidFakten,1171206322,,False,9,tgdataset_conspiracy_list
Covidfarsas,1216366554,,False,9,tgdataset_conspiracy_list
covidiotenTV,1446390470,,False,9,tgdataset_conspiracy_list
covidland_espanol,1744209537,,False,9,tgdataset_conspiracy_list
covidrechercheverite,1243954010,,False,9,tgdataset_conspiracy_list
covidwart,1380246392,,False,9,tgdataset_conspiracy_list
cpbchannel,1130619619,,False,9,tgdataset_conspiracy_list
CQLQGNE,1199542183,,False,9,tgdataset_conspiracy_list
crabysx,1441604756,,False,9,tgdataset_conspiracy_list
crapyard,1064496112,,False,9,tgdataset_conspiracy_list
crazyliterature,1405489766,,False,9,tgdataset_conspiracy_list
create_our_lovely_furure,1276486808,,False,9,tgdataset_conspiracy_list
CrimeanBLSM,1196611833,,False,9,tgdataset_conspiracy_list
CRIMESCONTRAAHUMANIDADE,1544581072,,False,9,tgdataset_conspiracy_list
criminalru,1099766298,,False,9,tgdataset_conspiracy_list
crimsondigest,1107417882,,False,9,tgdataset_conspiracy_list
criptoalientv,1249444500,,False,9,tgdataset_conspiracy_list
crismga,1218976454,,False,9,tgdataset_conspiracy_list
cristaospelapatria,1340806243,,False,9,tgdataset_conspiracy_list
CristianismoPositivo,1475683449,,False,9,tgdataset_conspiracy_list
CristianosPorLaVerdadPeru,1798706207,,False,9,tgdataset_conspiracy_list
cristinamartinjimenezescritora,1238938851,,False,9,tgdataset_conspiracy_list
critical_mass2020,1292319649,,False,9,tgdataset_conspiracy_list
croatoans,1465549466,,False,9,tgdataset_conspiracy_list
Cronenberg1664,1143735770,,False,9,tgdataset_conspiracy_list
crushico,1121406178,,False,9,tgdataset_conspiracy_list
CruzadadeSalvacion,1452808889,,False,9,tgdataset_conspiracy_list
crypt0inside,1113565412,,False,9,tgdataset_conspiracy_list
cryptata,1210558374,,False,9,tgdataset_conspiracy_list
CryptCoin,1142269122,,False,9,tgdataset_conspiracy_list
cRyPtHoN_INFOSEC_DE,1218325405,,False,9,tgdataset_conspiracy_list
crypto_an,1107356802,,False,9,tgdataset_conspiracy_list
CRYPTO_TEAM_NEWS,1494385038,,False,9,tgdataset_conspiracy_list
cryptoasset2077,1408076162,,False,9,tgdataset_conspiracy_list
cryptoconsulting,1123879865,,False,9,tgdataset_conspiracy_list
cryptocritique,1273481348,,False,9,tgdataset_conspiracy_list
cryptodealers_news,1131259352,,False,9,tgdataset_conspiracy_list
cryptogovno,1124945958,,False,9,tgdataset_conspiracy_list
CryptoHorizon,1417008446,,False,9,tgdataset_conspiracy_list
cryptojournal,1116140922,,False,9,tgdataset_conspiracy_list
cryptonews_mrB,1130404335,,False,9,tgdataset_conspiracy_list
CryptoNewsDeutsch,1302569578,,False,9,tgdataset_conspiracy_list
cryptonotes,1149294542,,False,9,tgdataset_conspiracy_list
CryptoPanorama,1240820517,,False,9,tgdataset_conspiracy_list
cryptorebe1s,1391236907,,False,9,tgdataset_conspiracy_list
CryptoTwitterInfoSource,1312850741,,False,9,tgdataset_conspiracy_list
cryptoweltnews,1397627032,,False,9,tgdataset_conspiracy_list
cryptowolfstrust,1122893891,,False,9,tgdataset_conspiracy_list
csemnome,1292262554,,False,9,tgdataset_conspiracy_list
csgcba,1419432583,,False,9,tgdataset_conspiracy_list
cta33,1419559765,,False,9,tgdataset_conspiracy_list
CTT_COVID19,1431532510,,False,9,tgdataset_conspiracy_list
ctt_se,1411140031,,False,9,tgdataset_conspiracy_list
cttevent,1438462776,,False,9,tgdataset_conspiracy_list
cucksales22,1400311680,,False,9,tgdataset_conspiracy_list
cuernosshow,1291686755,,False,9,tgdataset_conspiracy_list
cuidatusaludmental,1554003371,,False,9,tgdataset_conspiracy_list
culosporco,1476285049,,False,9,tgdataset_conspiracy_list
cultofwire,1119549732,,False,9,tgdataset_conspiracy_list
culturnyy,1464881872,,False,9,tgdataset_conspiracy_list
cupofmemes,1460649765,,False,9,tgdataset_conspiracy_list
currency_war,1102209416,,False,9,tgdataset_conspiracy_list
cutESCtoGoBack,1489310259,,False,9,tgdataset_conspiracy_list
CUXHAVEN_PROTEST,1376414445,,False,9,tgdataset_conspiracy_list
CVIDE0,1193661175,,False,9,tgdataset_conspiracy_list
cwandert,1238899216,,False,9,tgdataset_conspiracy_list
cxumolket,1065442131,,False,9,tgdataset_conspiracy_list
cyber_ansar,1134732515,,False,9,tgdataset_conspiracy_list
cyber_Mip,1241683471,,False,9,tgdataset_conspiracy_list
CyberLeninka,1044479242,,False,9,tgdataset_conspiracy_list
cyberpunknotes,1299478887,,False,9,tgdataset_conspiracy_list
cybersham,1102127974,,False,9,tgdataset_conspiracy_list
cynically,1122528740,,False,9,tgdataset_conspiracy_list
cypherserf,1430681565,,False,9,tgdataset_conspiracy_list
cyrilhovorun,1159852174,,False,9,tgdataset_conspiracy_list
CzarDesertBazar,1470266823,,False,9,tgdataset_conspiracy_list
czechpatriots,1441242297,,False,9,tgdataset_conspiracy_list
D12M5N6,1369744986,,False,9,tgdataset_conspiracy_list
d6poi,1431320612,,False,9,tgdataset_conspiracy_list
d_pages,1338832758,,False,9,tgdataset_conspiracy_list
da_vulpes,1433300048,,False,9,tgdataset_conspiracy_list
dadakinder,1044845047,,False,9,tgdataset_conspiracy_list
DaftareAyatollahTabrizian,1105135640,,False,9,tgdataset_conspiracy_list
daftus,1410498660,,False,9,tgdataset_conspiracy_list
dailymummy,1044220253,,False,9,tgdataset_conspiracy_list
DailyUkrainianNews,1435646807,,False,9,tgdataset_conspiracy_list
DailyWar,1111961621,,False,9,tgdataset_conspiracy_list
Dale440,1428347821,,False,9,tgdataset_conspiracy_list
dallocchiodelfalco,1443293922,,False,9,tgdataset_conspiracy_list
damagedpeople,1208697291,,False,9,tgdataset_conspiracy_list
damialdeta,1379332583,,False,9,tgdataset_conspiracy_list
Damienrieu,1214265894,,False,9,tgdataset_conspiracy_list
DanBarMV,1297423193,,False,9,tgdataset_conspiracy_list
danesheplasma,1493608228,,False,9,tgdataset_conspiracy_list
daneshvadanestan,1020816388,,False,9,tgdataset_conspiracy_list
DangerousLibertansCh,1438184807,,False,9,tgdataset_conspiracy_list
danial13d,1102833813,,False,9,tgdataset_conspiracy_list
danielestulin,1284019420,,False,9,tgdataset_conspiracy_list
DanielPrinzOffiziell,1153034672,,False,9,tgdataset_conspiracy_list
Danis_Philosophia,1338028690,,False,9,tgdataset_conspiracy_list
DankeBitchBotBoii,1207924045,,False,9,tgdataset_conspiracy_list
DannosHouseofSnarkMemes,1459447916,,False,9,tgdataset_conspiracy_list
daokedao,1053161069,,False,9,tgdataset_conspiracy_list
darbananati,1088087296,,False,9,tgdataset_conspiracy_list
daremehr,1270921415,,False,9,tgdataset_conspiracy_list
daria_kek,1282286650,,False,9,tgdataset_conspiracy_list
DarioTobler,1251879935,,False,9,tgdataset_conspiracy_list
darkleadership,1042768647,,False,9,tgdataset_conspiracy_list
darksigns2,1425030046,,False,9,tgdataset_conspiracy_list
darktruenews0,1367308579,,False,9,tgdataset_conspiracy_list
darmaneslami,1058624800,,False,9,tgdataset_conspiracy_list
darmstadtinfo,1373551833,,False,9,tgdataset_conspiracy_list
darthsoeder,1477017289,,False,9,tgdataset_conspiracy_list
darthtraders,1380695756,,False,9,tgdataset_conspiracy_list
Darxxuns_Nighthawks,1369317848,,False,9,tgdataset_conspiracy_list
das_gegenlichtsyndrom,1228403801,,False,9,tgdataset_conspiracy_list
DasAllbewusstsein,1453468113,,False,9,tgdataset_conspiracy_list
dasdrehkreuz,1305814118,,False,9,tgdataset_conspiracy_list
daseichsfeldwachtauf,1408211872,,False,9,tgdataset_conspiracy_list
dasein_info,1291943325,,False,9,tgdataset_conspiracy_list
DaSeinKanal,1194864246,,False,9,tgdataset_conspiracy_list
DasErwachen2022,1170866127,,False,9,tgdataset_conspiracy_list
DasGlobaleErwachen,1441181574,,False,9,tgdataset_conspiracy_list
daslebengegendienwo,1491444273,,False,9,tgdataset_conspiracy_list
dasMalzeichen,1190915058,,False,9,tgdataset_conspiracy_list
DasPatriotenNetzwerk_Kanal,1435091263,,False,9,tgdataset_conspiracy_list
dasrechtaufwahrheit,1384759714,,False,9,tgdataset_conspiracy_list
DasSchwereErbe,1360522586,,False,9,tgdataset_conspiracy_list
dassindwirkufsteinumgebung,1183758069,,False,9,tgdataset_conspiracy_list
DasStichwort,1224510840,,False,9,tgdataset_conspiracy_list
dastchean,1031823690,,False,9,tgdataset_conspiracy_list
dasTorloseTor,1464544135,,False,9,tgdataset_conspiracy_list
dasvolkgegencorona,1403182270,,False,9,tgdataset_conspiracy_list
daswahreich,1215101025,,False,9,tgdataset_conspiracy_list
daswirdunsallebetreffen,1164991225,,False,9,tgdataset_conspiracy_list
dataeconomic,1080061047,,False,9,tgdataset_conspiracy_list
DatenAnalyseProgrammieren,1454397899,,False,9,tgdataset_conspiracy_list
Datenschleuder,1153726983,,False,9,tgdataset_conspiracy_list
Datenschutzpraxis,1125837227,,False,9,tgdataset_conspiracy_list
dattiunarisposta,1432510049,,False,9,tgdataset_conspiracy_list
dauerwelleDemoReport,1433035545,,False,9,tgdataset_conspiracy_list
davebrych_public,1379750415,,False,9,tgdataset_conspiracy_list
David_vs_Covid,1253364049,,False,9,tgdataset_conspiracy_list
davidclaudiosiber,1253673367,,False,9,tgdataset_conspiracy_list
daviddexx1988yeah,1199966606,,False,9,tgdataset_conspiracy_list
davidickedeutsch,1430780825,,False,9,tgdataset_conspiracy_list
davydov_culture,1498655946,,False,9,tgdataset_conspiracy_list
DavydovIn,1007375479,,False,9,tgdataset_conspiracy_list
dawidsnowden,1346683263,,False,9,tgdataset_conspiracy_list
dbullcutter,1181297253,,False,9,tgdataset_conspiracy_list
ddb_Radio,1269062173,,False,9,tgdataset_conspiracy_list
DDDDoffiziell,1385901941,,False,9,tgdataset_conspiracy_list
DDlinks,1078755136,,False,9,tgdataset_conspiracy_list
DDR_kinder,1246319507,,False,9,tgdataset_conspiracy_list
DDrobnitski,1330445004,,False,9,tgdataset_conspiracy_list
de_covidvaccinevictims,1414077932,,False,9,tgdataset_conspiracy_list
De_Todo,1009635032,,False,9,tgdataset_conspiracy_list
DeBarrrs,1379444383,,False,9,tgdataset_conspiracy_list
DeBastelbude,1323648706,,False,9,tgdataset_conspiracy_list
DeCenter,1012435573,,False,9,tgdataset_conspiracy_list
deceptmatrix,1124261569,,False,9,tgdataset_conspiracy_list
deciodivulgatorenotizie,1473322182,,False,9,tgdataset_conspiracy_list
declarationguerrevaccinationmass,1200619939,,False,9,tgdataset_conspiracy_list
DeCryptorRus,1140375263,,False,9,tgdataset_conspiracy_list
dedasein,1452533914,,False,9,tgdataset_conspiracy_list
DeepFaker,1465909297,,False,9,tgdataset_conspiracy_list
deepnews0,1242563547,,False,9,tgdataset_conspiracy_list
deepstate_is_in_deepshit,1455070378,,False,9,tgdataset_conspiracy_list
deepstatehunter,1489878491,,False,9,tgdataset_conspiracy_list
DeepStateUA,1469021333,,False,9,tgdataset_conspiracy_list
deepthoughtresearch,1191861927,,False,9,tgdataset_conspiracy_list
DeepWebITA,1128596504,,False,9,tgdataset_conspiracy_list
defenddeutschland,1282256826,,False,9,tgdataset_conspiracy_list
Defender2020Kanal,1358224004,,False,9,tgdataset_conspiracy_list
Defender_Hessen,1300290069,,False,9,tgdataset_conspiracy_list
DefenderNORD,1278043942,,False,9,tgdataset_conspiracy_list
DefensaDeLaVidaECUADOR,1644219818,,False,9,tgdataset_conspiracy_list
DeFiLoG,1282164137,,False,9,tgdataset_conspiracy_list
Defiscamcheck,1493049208,,False,9,tgdataset_conspiracy_list
deftiges,1423868496,,False,9,tgdataset_conspiracy_list
degtyarev_rnmpd,1155823914,,False,9,tgdataset_conspiracy_list
DeHypnotisiert,1246986548,,False,9,tgdataset_conspiracy_list
deliaarnold,1273796701,,False,9,tgdataset_conspiracy_list
delyagin,1109515455,,False,9,tgdataset_conspiracy_list
Demaskierte,1268842312,,False,9,tgdataset_conspiracy_list
demgiulib,1578049111,,False,9,tgdataset_conspiracy_list
democratizzazioni,1311066681,,False,9,tgdataset_conspiracy_list
demofueralle,1382140006,,False,9,tgdataset_conspiracy_list
DemokFlashmob,1460896374,,False,9,tgdataset_conspiracy_list
Demokratie_und_GG_verteidigen,1356457756,,False,9,tgdataset_conspiracy_list
demokratischefreikirche,1761966841,,False,9,tgdataset_conspiracy_list
DemokratischerWiderstandTelegram,1567526961,,False,9,tgdataset_conspiracy_list
Demonstrationenwelt,1438164750,,False,9,tgdataset_conspiracy_list
DemosTv24,1512514509,,False,9,tgdataset_conspiracy_list
demoweilheim,1448624855,,False,9,tgdataset_conspiracy_list
dempunk,1228827239,,False,9,tgdataset_conspiracy_list
DemWahnsinnEinEnde,1381826688,,False,9,tgdataset_conspiracy_list
DemystifyingTruths,1153262101,,False,9,tgdataset_conspiracy_list
denissexy,1051500113,,False,9,tgdataset_conspiracy_list
denkanstoss2020,1380095006,,False,9,tgdataset_conspiracy_list
DENKE2020FREI,1213844453,,False,9,tgdataset_conspiracy_list
denklichter,1366750777,,False,9,tgdataset_conspiracy_list
denkMalRecherche,1498955246,,False,9,tgdataset_conspiracy_list
Denkwuerdig,1079092619,,False,9,tgdataset_conspiracy_list
denta_beaute,1249895240,,False,9,tgdataset_conspiracy_list
denunciajudicialgalicia,1476093604,,False,9,tgdataset_conspiracy_list
depatriot,1467836793,,False,9,tgdataset_conspiracy_list
deprogrammingpill,1256279050,,False,9,tgdataset_conspiracy_list
der17stammtisch,1405570029,,False,9,tgdataset_conspiracy_list
Der_Akupunkteur,1251354184,,False,9,tgdataset_conspiracy_list
der_aluhut,1205878510,,False,9,tgdataset_conspiracy_list
Der_Eremit,1383917307,,False,9,tgdataset_conspiracy_list
der_freie,1244352929,,False,9,tgdataset_conspiracy_list
Der_geistige_Krieg,1141428339,,False,9,tgdataset_conspiracy_list
der_grosse_Reset,1361672581,,False,9,tgdataset_conspiracy_list
der_impulsgeber,1489771990,,False,9,tgdataset_conspiracy_list
Der_Volkslehrer,1441572577,,False,9,tgdataset_conspiracy_list
der_weg1,1413198768,,False,9,tgdataset_conspiracy_list
deraufwachraum,1421911773,,False,9,tgdataset_conspiracy_list
derbasencoach,1351469505,,False,9,tgdataset_conspiracy_list
DerbayrischeMystiker,1326778057,,False,9,tgdataset_conspiracy_list
derblickwinkel,1361079155,,False,9,tgdataset_conspiracy_list
derbondaffe,1391427650,,False,9,tgdataset_conspiracy_list
derdekamer,1126385147,,False,9,tgdataset_conspiracy_list
derdeutschamerikaner,1194776934,,False,9,tgdataset_conspiracy_list
DerechaAltCR,1202222610,,False,9,tgdataset_conspiracy_list
derhintfrager,1488418265,,False,9,tgdataset_conspiracy_list
DERKAMPFGEGENDENDEEPSTATE,1187367308,,False,9,tgdataset_conspiracy_list
derkoenisch,1440733396,,False,9,tgdataset_conspiracy_list
derLeitfadenderPolitik,1426893397,,False,9,tgdataset_conspiracy_list
derlilima,1498946017,,False,9,tgdataset_conspiracy_list
dermedizintechniker,1613790448,,False,9,tgdataset_conspiracy_list
dermenschistfrei,1685596066,,False,9,tgdataset_conspiracy_list
DerMordanMarcus,1159623241,,False,9,tgdataset_conspiracy_list
DerNeustartGlobal,1150297538,,False,9,tgdataset_conspiracy_list
derpunkt,1179814620,,False,9,tgdataset_conspiracy_list
DerQuellenspuerer,1151720535,,False,9,tgdataset_conspiracy_list
derrotephoenix,1458078318,,False,9,tgdataset_conspiracy_list
derrubandoaspedrasguiasdageorgia,1488228509,,False,9,tgdataset_conspiracy_list
DerSpiritJ17,1165180127,,False,9,tgdataset_conspiracy_list
derstrammegermane,1435146045,,False,9,tgdataset_conspiracy_list
DerWechsel,1492389363,,False,9,tgdataset_conspiracy_list
DerWegDurchDieWahrheit,1441542625,,False,9,tgdataset_conspiracy_list
DerZeitZeuge,1131773482,,False,9,tgdataset_conspiracy_list
descargaydistribuye,1334932234,,False,9,tgdataset_conspiracy_list
desdeespanha,1449867796,,False,9,tgdataset_conspiracy_list
Desdelatlantico,1446924997,,False,9,tgdataset_conspiracy_list
Desfragmentador,1257292259,,False,9,tgdataset_conspiracy_list
DesfragmentandoAverdade,1474062685,,False,9,tgdataset_conspiracy_list
designieur,1367275609,,False,9,tgdataset_conspiracy_list
desinformiert,1349636476,,False,9,tgdataset_conspiracy_list
desmagnetizado,1499040137,,False,9,tgdataset_conspiracy_list
desmontandodesinformadores,1186325132,,False,9,tgdataset_conspiracy_list
DesmontandolaMatrix,1403011191,,False,9,tgdataset_conspiracy_list
desordenmundial,1219129187,,False,9,tgdataset_conspiracy_list
despertabagaray,1175430377,,False,9,tgdataset_conspiracy_list
Despertadordelamatrix,1330273046,,False,9,tgdataset_conspiracy_list
DespertandoAlicante,1418280186,,False,9,tgdataset_conspiracy_list
DespertandoConciencia2020,1280360760,,False,9,tgdataset_conspiracy_list
despertandodelamatrix,1332833988,,False,9,tgdataset_conspiracy_list
despertandoleoes,1525944806,,False,9,tgdataset_conspiracy_list
despertar37,1162453124,,False,9,tgdataset_conspiracy_list
despertardelassemillas,1274002493,,False,9,tgdataset_conspiracy_list
despertareinevitavel,1251518447,,False,9,tgdataset_conspiracy_list
despertaresPUNTOorg,1483531511,,False,9,tgdataset_conspiracy_list
despertatejuan,1468822898,,False,9,tgdataset_conspiracy_list
despiertapiedrasnegras,1287305298,,False,9,tgdataset_conspiracy_list
despiertauruguay,1199615050,,False,9,tgdataset_conspiracy_list
despiertaz,1313033820,,False,9,tgdataset_conspiracy_list
despuesdelatormenta,1320234053,,False,9,tgdataset_conspiracy_list
desvendandoamatrix,1245890932,,False,9,tgdataset_conspiracy_list
detleffartist7,1266122084,,False,9,tgdataset_conspiracy_list
DeusvultU,1257104671,,False,9,tgdataset_conspiracy_list
deutsche_spur,1198855577,,False,9,tgdataset_conspiracy_list
deutscherkulturkanal,1428923920,,False,9,tgdataset_conspiracy_list
DeutscherPatriot2021,1216919836,,False,9,tgdataset_conspiracy_list
DeutscheTagesNews,1406185714,,False,9,tgdataset_conspiracy_list
Deutschland_aktuell,1369547887,,False,9,tgdataset_conspiracy_list
Deutschland_einig_Vaterland,1415258524,,False,9,tgdataset_conspiracy_list
Deutschlandblatt,1498184348,,False,9,tgdataset_conspiracy_list
deutschlanderst,1301241262,,False,9,tgdataset_conspiracy_list
DeutschlandKurier,1402664376,,False,9,tgdataset_conspiracy_list
DeutschlandVernetzt,1194337542,,False,9,tgdataset_conspiracy_list
deutschoesterreich,1362359176,,False,9,tgdataset_conspiracy_list
deverlife,1277693565,,False,9,tgdataset_conspiracy_list
devozione,1022102859,,False,9,tgdataset_conspiracy_list
DfJINFO,1266280432,,False,9,tgdataset_conspiracy_list
dfothink,1482230366,,False,9,tgdataset_conspiracy_list
DGErwachen,1287954665,,False,9,tgdataset_conspiracy_list
DGJournalNews24,1239152205,,False,9,tgdataset_conspiracy_list
dhiud_de_offiziell,1199636373,,False,9,tgdataset_conspiracy_list
diadurbano,1427713236,,False,9,tgdataset_conspiracy_list
diamechcorona,1276251370,,False,9,tgdataset_conspiracy_list
diaryofcritic,1245740104,,False,9,tgdataset_conspiracy_list
dictatura_net,1317453854,,False,9,tgdataset_conspiracy_list
Dictatura_Proletariata,1411277894,,False,9,tgdataset_conspiracy_list
Die100BestenAugenoeffner,1503776305,,False,9,tgdataset_conspiracy_list
Die9BewusstseinsRaeume,1444988913,,False,9,tgdataset_conspiracy_list
die_deutsche_Geschichte,1355293082,,False,9,tgdataset_conspiracy_list
Die_Gedanken_sind_frei_Deutsch,1310142372,,False,9,tgdataset_conspiracy_list
die_glocke_der_wahrheit,1347626999,,False,9,tgdataset_conspiracy_list
die_gute_seite,1205133229,,False,9,tgdataset_conspiracy_list
Die_PolEnte,1477509293,,False,9,tgdataset_conspiracy_list
dieadlerperspektive,1359454647,,False,9,tgdataset_conspiracy_list
DieAndereWahrheit,1371094421,,False,9,tgdataset_conspiracy_list
DieAuferstehung,1430807957,,False,9,tgdataset_conspiracy_list
diebasisST,1366069830,,False,9,tgdataset_conspiracy_list
dieblauehand,1267472179,,False,9,tgdataset_conspiracy_list
diedeutscheloesungkanal,1170005235,,False,9,tgdataset_conspiracy_list
DieDritteOption,1393561495,,False,9,tgdataset_conspiracy_list
DieFrontNews,1420782545,,False,9,tgdataset_conspiracy_list
dieGartenkinder,1171639128,,False,9,tgdataset_conspiracy_list
diegegenwaertigen,1319460109,,False,9,tgdataset_conspiracy_list
DieGermanische,1193246046,,False,9,tgdataset_conspiracy_list
DieGesundePsyche,1358288038,,False,9,tgdataset_conspiracy_list
Diegodibonito,1224394834,,False,9,tgdataset_conspiracy_list
DieGrosseFreiheitHannover,1411641876,,False,9,tgdataset_conspiracy_list
DieKrisendepesche,1321694947,,False,9,tgdataset_conspiracy_list
DieMaskeSchadet,1169630930,,False,9,tgdataset_conspiracy_list
DieMenschheitErwacht,1291782564,,False,9,tgdataset_conspiracy_list
dieneuenormalitaet,1241256759,,False,9,tgdataset_conspiracy_list
diepatriotendeutschland,1241262466,,False,9,tgdataset_conspiracy_list
DiePille,1182005527,,False,9,tgdataset_conspiracy_list
DieRegierungMussWeg,1486505291,,False,9,tgdataset_conspiracy_list
DieRoteFahne,1331141705,,False,9,tgdataset_conspiracy_list
dieRuheinmir,1154159986,,False,9,tgdataset_conspiracy_list
dies6,1273853167,,False,9,tgdataset_conspiracy_list
dieschoeneneuewelt,1338185891,,False,9,tgdataset_conspiracy_list
dieterMockenhaupt,1390432681,,False,9,tgdataset_conspiracy_list
DietrichKlinghardt,1273781857,,False,9,tgdataset_conspiracy_list
dieWahrheithilft,1216416635,,False,9,tgdataset_conspiracy_list
diewahrheitistnochda,1202170403,,False,9,tgdataset_conspiracy_list
diewahrheitistzumutbar,1428181254,,False,9,tgdataset_conspiracy_list
DieWahrheitssuchende,1529940882,,False,9,tgdataset_conspiracy_list
DieWahrheitundnurdieWahrheit,1411384188,,False,9,tgdataset_conspiracy_list
diewahrheitwelcometoreality1,1370214404,,False,9,tgdataset_conspiracy_list
dieWarheitundkeinerwillessehen,1267689898,,False,9,tgdataset_conspiracy_list
dieweggefaehrten,1686675318,,False,9,tgdataset_conspiracy_list
dieweltdergrossenleute,1324892214,,False,9,tgdataset_conspiracy_list
DieWeltimUmbruch,1161535488,,False,9,tgdataset_conspiracy_list
diewunderbaren,1194277833,,False,9,tgdataset_conspiracy_list
dieZuversicht,1293138242,,False,9,tgdataset_conspiracy_list
difusionurgente,1526530658,,False,9,tgdataset_conspiracy_list
digital_apocalypse,1151176267,,False,9,tgdataset_conspiracy_list
digitalarcheology,1165848255,,False,9,tgdataset_conspiracy_list
DigitalChronist,1478377727,,False,9,tgdataset_conspiracy_list
digitalelections,1461785350,,False,9,tgdataset_conspiracy_list
digitaleSoldat3n,1295742791,,False,9,tgdataset_conspiracy_list
DigitalPatrioten,1396112876,,False,9,tgdataset_conspiracy_list
digitalsoldiersdortmund,1184915862,,False,9,tgdataset_conspiracy_list
DigitalSoldiersGermanyMemes,1250383217,,False,9,tgdataset_conspiracy_list
DigitalSoldiersGermanyNews,1262802047,,False,9,tgdataset_conspiracy_list
DignidadParaTo2,1449286417,,False,9,tgdataset_conspiracy_list
dildoshnaya,1291957447,,False,9,tgdataset_conspiracy_list
DILETANTUSPOMPILIUS,1238193841,,False,9,tgdataset_conspiracy_list
dimant,1328983369,,False,9,tgdataset_conspiracy_list
dimapomog,1102712969,,False,9,tgdataset_conspiracy_list
dimension8de,1378551136,,False,9,tgdataset_conspiracy_list
dimok_zatknites,1091649982,,False,9,tgdataset_conspiracy_list
dinodado,1089901967,,False,9,tgdataset_conspiracy_list
diogen_tv,1423422734,,False,9,tgdataset_conspiracy_list
dionsblog,1268745312,,False,9,tgdataset_conspiracy_list
dioworstwhore,1489562915,,False,9,tgdataset_conspiracy_list
diplomateninterviews,1346046298,,False,9,tgdataset_conspiracy_list
diplomatia,1162306948,,False,9,tgdataset_conspiracy_list
direcciongeneraldeseguridad,1220526426,,False,9,tgdataset_conspiracy_list
DirectoalPuntopr,1167640153,,False,9,tgdataset_conspiracy_list
DirectorOfCoronaReset,1488804624,,False,9,tgdataset_conspiracy_list
dirtyworld_1,1439310936,,False,9,tgdataset_conspiracy_list
disclosed_live,1327957262,,False,9,tgdataset_conspiracy_list
disding,1413510853,,False,9,tgdataset_conspiracy_list
DISIDENCIA_RESISTENCIA,1472914000,,False,9,tgdataset_conspiracy_list
DisidenciaEnTelegram,1095042217,,False,9,tgdataset_conspiracy_list
Disidenciarv,1379226175,,False,9,tgdataset_conspiracy_list
Disidenteincontrolado,1302104494,,False,9,tgdataset_conspiracy_list
DISIDENTESREUNIOS,1216612994,,False,9,tgdataset_conspiracy_list
dislivevid,1278092789,,False,9,tgdataset_conspiracy_list
disonanciacognitiva,1439986980,,False,9,tgdataset_conspiracy_list
dissonancemedia,1099654994,,False,9,tgdataset_conspiracy_list
distopia2punto0,1565819856,,False,9,tgdataset_conspiracy_list
Distopiannightmare,1440741456,,False,9,tgdataset_conspiracy_list
divan_analytics,1049497932,,False,9,tgdataset_conspiracy_list
DivanCryptoInvestor,1112593077,,False,9,tgdataset_conspiracy_list
DivineFlamesPortal,1502121303,,False,9,tgdataset_conspiracy_list
divulgaciontotaloficial,1174790638,,False,9,tgdataset_conspiracy_list
dixiediary,1265373641,,False,9,tgdataset_conspiracy_list
DJERV7PARTY,1443088267,,False,9,tgdataset_conspiracy_list
djhxiaomingbroadcast,1203451896,,False,9,tgdataset_conspiracy_list
djkassir128,1255394531,,False,9,tgdataset_conspiracy_list
DkdWv,1537723213,,False,9,tgdataset_conspiracy_list
dmitry_levitsky,1111663026,,False,9,tgdataset_conspiracy_list
DmitryRoss,1257260239,,False,9,tgdataset_conspiracy_list
dmvorozh,1231719349,,False,9,tgdataset_conspiracy_list
DN_aktuellesZeitgeschehen,1231062098,,False,9,tgdataset_conspiracy_list
DNP_central,1328374213,,False,9,tgdataset_conspiracy_list
dnuha,1180665618,,False,9,tgdataset_conspiracy_list
doaliexpress,1139643540,,False,9,tgdataset_conspiracy_list
doblog,1203997425,,False,9,tgdataset_conspiracy_list
doblondeoro,1465242989,,False,9,tgdataset_conspiracy_list
dobroum,1061359206,,False,9,tgdataset_conspiracy_list
Docentesxlv,1221416285,,False,9,tgdataset_conspiracy_list
DocFilesOficial,1264168048,,False,9,tgdataset_conspiracy_list
DocHuether,1411987928,,False,9,tgdataset_conspiracy_list
documentosparacompartir,1459167815,,False,9,tgdataset_conspiracy_list
dohod,1041482399,,False,9,tgdataset_conspiracy_list
dokladzakonchil,1036119318,,False,9,tgdataset_conspiracy_list
DoktorWhite,1169523514,,False,9,tgdataset_conspiracy_list
Dokukanal,1067685103,,False,9,tgdataset_conspiracy_list
dokukiste,1146910650,,False,9,tgdataset_conspiracy_list
dokumentationen2,1165060163,,False,9,tgdataset_conspiracy_list
Dokumentewirmutigmuendigfrei,1275037858,,False,9,tgdataset_conspiracy_list
dokuq,1288437530,,False,9,tgdataset_conspiracy_list
DokuszumHinterfragen,1468026108,,False,9,tgdataset_conspiracy_list
DOLARZ0,1221751066,,False,9,tgdataset_conspiracy_list
dolgo_o_magii,1428347149,,False,9,tgdataset_conspiracy_list
dolinanarzanov,1348323382,,False,9,tgdataset_conspiracy_list
DomDerDon1,1463501261,,False,9,tgdataset_conspiracy_list
domesdras,1469552101,,False,9,tgdataset_conspiracy_list
donald_trump_won,1263710259,,False,9,tgdataset_conspiracy_list
donbassinsider,1162074204,,False,9,tgdataset_conspiracy_list
DonbassYasinovatayanaliniiOgnia,1139044493,,False,9,tgdataset_conspiracy_list
dondelaverdadnoslleva,1280109552,,False,9,tgdataset_conspiracy_list
dondeseescondelaverdad,1498511660,,False,9,tgdataset_conspiracy_list
donetsknow,1399940300,,False,9,tgdataset_conspiracy_list
Doninside,1138914412,,False,9,tgdataset_conspiracy_list
DonMurphysLighthouse,1331351406,,False,9,tgdataset_conspiracy_list
donnerruf_wordpress_com,1479395868,,False,9,tgdataset_conspiracy_list
Donnersender,1417022817,,False,9,tgdataset_conspiracy_list
donoperinfo,1199533600,,False,9,tgdataset_conspiracy_list
dontel,1381565816,,False,9,tgdataset_conspiracy_list
dontel_live,1462731144,,False,9,tgdataset_conspiracy_list
dontkneel,1470146143,,False,9,tgdataset_conspiracy_list
donttrustthemedia,1425290596,,False,9,tgdataset_conspiracy_list
dopefishltd,1447511244,,False,9,tgdataset_conspiracy_list
DoQusThreads,1390432407,,False,9,tgdataset_conspiracy_list
dorfschreiber,1497950192,,False,9,tgdataset_conspiracy_list
dorianschub,1309419686,,False,9,tgdataset_conspiracy_list
DornChannelLight,1499519167,,False,9,tgdataset_conspiracy_list
DornimAuge,1161001739,,False,9,tgdataset_conspiracy_list
dorotheathul,1384489713,,False,9,tgdataset_conspiracy_list
doskapozora08,1464171549,,False,9,tgdataset_conspiracy_list
dotDE,1233940432,,False,9,tgdataset_conspiracy_list
dov_tinvaak,1080080456,,False,9,tgdataset_conspiracy_list
DOVEVAUNOANDIAMOTUTTI,1192848208,,False,9,tgdataset_conspiracy_list
dplatonova,1070471996,,False,9,tgdataset_conspiracy_list
dr_alex_sosnowski,1331994540,,False,9,tgdataset_conspiracy_list
Dr_Angel_Ruiz_Valdepe_as,1415343907,,False,9,tgdataset_conspiracy_list
dr_collys_kanal,1453050703,,False,9,tgdataset_conspiracy_list
Dr_Heinrich_Fiechtner,1478893059,,False,9,tgdataset_conspiracy_list
dragon_dances,1248778209,,False,9,tgdataset_conspiracy_list
draheleinealmeida,1185095562,,False,9,tgdataset_conspiracy_list
dralvanal,1375371303,,False,9,tgdataset_conspiracy_list
DraNataliaPrego,1152699869,,False,9,tgdataset_conspiracy_list
DRbewusstesLebenLiebeLicht,1163961584,,False,9,tgdataset_conspiracy_list
DrBlockchainChannel,1486964354,,False,9,tgdataset_conspiracy_list
DrBrainsurferCH,1263833166,,False,9,tgdataset_conspiracy_list
DrButriy,1095760560,,False,9,tgdataset_conspiracy_list
DrChial,1495041729,,False,9,tgdataset_conspiracy_list
drdaniellanghans,1244362434,,False,9,tgdataset_conspiracy_list
drdomtube,1136926220,,False,9,tgdataset_conspiracy_list
drearthofficial,1324930982,,False,9,tgdataset_conspiracy_list
drfiechtner,1264642615,,False,9,tgdataset_conspiracy_list
drguidohofmann,1477504279,,False,9,tgdataset_conspiracy_list
drheidiwichmann,1168032627,,False,9,tgdataset_conspiracy_list
drheinzreinwald,1213766496,,False,9,tgdataset_conspiracy_list
drinkhacker,1110428953,,False,9,tgdataset_conspiracy_list
DrLotharGassmann,1244022487,,False,9,tgdataset_conspiracy_list
drmaksidavogtphd,1528863478,,False,9,tgdataset_conspiracy_list
dronesrussia,1241034426,,False,9,tgdataset_conspiracy_list
DrRaulSalazar,1414623183,,False,9,tgdataset_conspiracy_list
drreinwald,1179545001,,False,9,tgdataset_conspiracy_list
drtruemmer,1079951845,,False,9,tgdataset_conspiracy_list
drugoeeto,1407413476,,False,9,tgdataset_conspiracy_list
drunken_masta,1365296077,,False,9,tgdataset_conspiracy_list
druschbainfos,1322506338,,False,9,tgdataset_conspiracy_list
DSdarialive,1399282093,,False,9,tgdataset_conspiracy_list
dsidf,1202161300,,False,9,tgdataset_conspiracy_list
dsindf,1455040712,,False,9,tgdataset_conspiracy_list
dSl999,1234042233,,False,9,tgdataset_conspiracy_list
dt64infoampulsderzeit207,1403574951,,False,9,tgdataset_conspiracy_list
dthinkdifferenttelegram,1206724408,,False,9,tgdataset_conspiracy_list
dtiAlgo,1068371661,,False,9,tgdataset_conspiracy_list
dtiho,1255422239,,False,9,tgdataset_conspiracy_list
dtnr2021,1416773184,,False,9,tgdataset_conspiracy_list
DTOMvpa,1086944164,,False,9,tgdataset_conspiracy_list
dtpnk,1488579606,,False,9,tgdataset_conspiracy_list
DTvTelegram,1595671711,,False,9,tgdataset_conspiracy_list
dtwahnsinn,1202716014,,False,9,tgdataset_conspiracy_list
dubinochka,1488454256,,False,9,tgdataset_conspiracy_list
DubistDeineGABE,1699268306,,False,9,tgdataset_conspiracy_list
dubistdieveraenderung,1354254177,,False,9,tgdataset_conspiracy_list
dubistsovielmehr,1248832049,,False,9,tgdataset_conspiracy_list
DubitativoRacional,1385291293,,False,9,tgdataset_conspiracy_list
dubovoykorr,1179443545,,False,9,tgdataset_conspiracy_list
duckdrops,1365201824,,False,9,tgdataset_conspiracy_list
dudunudo,1208337157,,False,9,tgdataset_conspiracy_list
DUENDEROCK,1328730935,,False,9,tgdataset_conspiracy_list
duheilstdich,1421722627,,False,9,tgdataset_conspiracy_list
dumm_gehalten,1180042102,,False,9,tgdataset_conspiracy_list
durchdiekriseindiefreiheit,1440618340,,False,9,tgdataset_conspiracy_list
Durchschauen,1460244340,,False,9,tgdataset_conspiracy_list
dushenov,1443599761,,False,9,tgdataset_conspiracy_list
dustinthehead,1198896411,,False,9,tgdataset_conspiracy_list
dusty_slums,1148327355,,False,9,tgdataset_conspiracy_list
DustyOven,1404282527,,False,9,tgdataset_conspiracy_list
DutchResistance,1717079686,,False,9,tgdataset_conspiracy_list
dutytodisobey,1288227349,,False,9,tgdataset_conspiracy_list
DUUUNADA,1149572350,,False,9,tgdataset_conspiracy_list
dvaplustwo,1340657424,,False,9,tgdataset_conspiracy_list
dvineratuque,1056105966,,False,9,tgdataset_conspiracy_list
dvor_power,1445922125,,False,9,tgdataset_conspiracy_list
DWMYOU,1593006009,,False,9,tgdataset_conspiracy_list
dyrochkipalchiki,1223554993,,False,9,tgdataset_conspiracy_list
dzaleumedia,1482259845,,False,9,tgdataset_conspiracy_list
E_B_M_I,1248250098,,False,9,tgdataset_conspiracy_list
e_magic,1232937078,,False,9,tgdataset_conspiracy_list
EagleNewsQ,1480606847,,False,9,tgdataset_conspiracy_list
EarlyhaverFotografieundDesign,1582853196,,False,9,tgdataset_conspiracy_list
earth_and_dome,1238176361,,False,9,tgdataset_conspiracy_list
eAsiar,1396088480,,False,9,tgdataset_conspiracy_list
east_veter,1118439139,,False,9,tgdataset_conspiracy_list
easteastworld,1366636482,,False,9,tgdataset_conspiracy_list
eb7ath2020,1282974194,,False,9,tgdataset_conspiracy_list
EbaChronicles,1182593172,,False,9,tgdataset_conspiracy_list
EbernSpaziert,1168405448,,False,9,tgdataset_conspiracy_list
ebnuti,1285525420,,False,9,tgdataset_conspiracy_list
ebolaviralenews,1197849207,,False,9,tgdataset_conspiracy_list
eburd1,1417951088,,False,9,tgdataset_conspiracy_list
echangerecherche,1427643713,,False,9,tgdataset_conspiracy_list
Echtdevol,1403165083,,False,9,tgdataset_conspiracy_list
echtes,1132227885,,False,9,tgdataset_conspiracy_list
EchtJetzt2Q2Q,1315572348,,False,9,tgdataset_conspiracy_list
eckiskanal,1270428778,,False,9,tgdataset_conspiracy_list
Ecologenia,1388252683,,False,9,tgdataset_conspiracy_list
EcoNacionalSocialista,1443907653,,False,9,tgdataset_conspiracy_list
econmag,1027756015,,False,9,tgdataset_conspiracy_list
economiaepoliticaitalia,1269671312,,False,9,tgdataset_conspiracy_list
economiciscenari,1291370039,,False,9,tgdataset_conspiracy_list
EconomicState,1128473092,,False,9,tgdataset_conspiracy_list
economylive,1425338344,,False,9,tgdataset_conspiracy_list
economyofarmenia,1475139648,,False,9,tgdataset_conspiracy_list
ecopolis,1128952331,,False,9,tgdataset_conspiracy_list
edaldem,1276832186,,False,9,tgdataset_conspiracy_list
EddieElan,1436827487,,False,9,tgdataset_conspiracy_list
EddyUbuntu,1389904525,,False,9,tgdataset_conspiracy_list
edgeof,1288736785,,False,9,tgdataset_conspiracy_list
EDikiy,1133568593,,False,9,tgdataset_conspiracy_list
EDITOnfiRe,1108641126,,False,9,tgdataset_conspiracy_list
edoardodiniilclan,1160299734,,False,9,tgdataset_conspiracy_list
eduardowmusic,1315396024,,False,9,tgdataset_conspiracy_list
educatemenow,1394882316,,False,9,tgdataset_conspiracy_list
eduyehudah,1297664366,,False,9,tgdataset_conspiracy_list
eem01,1303780461,,False,9,tgdataset_conspiracy_list
eestekhdam_com,1000553947,,False,9,tgdataset_conspiracy_list
EF_Endlichfrei,1120143997,,False,9,tgdataset_conspiracy_list
EfAuF_Newsletter,1210718641,,False,9,tgdataset_conspiracy_list
EfectosAdversosVacuna,1561033784,,False,9,tgdataset_conspiracy_list
EfectosVacCov,1536532841,,False,9,tgdataset_conspiracy_list
efeitocolateralvacinas,1353760905,,False,9,tgdataset_conspiracy_list
EFFETSECONDAIREvaxcovid,1183848366,,False,9,tgdataset_conspiracy_list
efmagazin,1440688703,,False,9,tgdataset_conspiracy_list
efriedland,1293442716,,False,9,tgdataset_conspiracy_list
EGONCHAN,1199857264,,False,9,tgdataset_conspiracy_list
egrooves,1343960051,,False,9,tgdataset_conspiracy_list
ehowar,1385681404,,False,9,tgdataset_conspiracy_list
ehrenfrautv,1288112941,,False,9,tgdataset_conspiracy_list
ehrlichalexander,1658763645,,False,9,tgdataset_conspiracy_list
ehsanname,1037192659,,False,9,tgdataset_conspiracy_list
eight_news,1311867298,,False,9,tgdataset_conspiracy_list
EIKEinfo,1492966666,,False,9,tgdataset_conspiracy_list
EineBessereWelt,1312384849,,False,9,tgdataset_conspiracy_list
EineNeueErde,1351583780,,False,9,tgdataset_conspiracy_list
einer_fuer_alle_alle_fuer_einen,1176786040,,False,9,tgdataset_conspiracy_list
EinerFuerAlle_AlleFuerEinen,1321027705,,False,9,tgdataset_conspiracy_list
einfachausdemleben,1355850750,,False,9,tgdataset_conspiracy_list
einfreundeinhelfer,1264412949,,False,9,tgdataset_conspiracy_list
einFriedlicherProrestKonvoi,1157047784,,False,9,tgdataset_conspiracy_list
EinFunkenWahrheit,1350007348,,False,9,tgdataset_conspiracy_list
eingeSCHENKt,1189027994,,False,9,tgdataset_conspiracy_list
EinigkeitRechtFreiheit,1451975455,,False,9,tgdataset_conspiracy_list
EinladungzumKanal,1511370085,,False,9,tgdataset_conspiracy_list
EinNotizbuch,1294238855,,False,9,tgdataset_conspiracy_list
einsamerwanderer,1433623490,,False,9,tgdataset_conspiracy_list
einwandfreitv,1474721226,,False,9,tgdataset_conspiracy_list
ejercitoremanente,1410003799,,False,9,tgdataset_conspiracy_list
ekiw_reinhards_kommentare,1356627158,,False,9,tgdataset_conspiracy_list
EkoVolk,1374182358,,False,9,tgdataset_conspiracy_list
ekp_official,1391340484,,False,9,tgdataset_conspiracy_list
EkteNyheter,1353737430,,False,9,tgdataset_conspiracy_list
el5el,1436511080,,False,9,tgdataset_conspiracy_list
el_conocimiento_es_la_fuerza,1340628720,,False,9,tgdataset_conspiracy_list
el_librepensador,1469816879,,False,9,tgdataset_conspiracy_list
ElAdeptoIniciado,1452397512,,False,9,tgdataset_conspiracy_list
ElAntidotoUniversal,1368764907,,False,9,tgdataset_conspiracy_list
elaramonis,1267516022,,False,9,tgdataset_conspiracy_list
elastic2ls,1397760460,,False,9,tgdataset_conspiracy_list
elaullido,1442621801,,False,9,tgdataset_conspiracy_list
elbambu,1307392961,,False,9,tgdataset_conspiracy_list
elcholocast,1455159912,,False,9,tgdataset_conspiracy_list
elCircovid,1429994218,,False,9,tgdataset_conspiracy_list
elcomienzo71,1422256740,,False,9,tgdataset_conspiracy_list
ElDespertarLGV369,1424014198,,False,9,tgdataset_conspiracy_list
electionallawyers,1149470503,,False,9,tgdataset_conspiracy_list
electionsquad,1327713511,,False,9,tgdataset_conspiracy_list
electricfireline,1472738308,,False,9,tgdataset_conspiracy_list
eleicoesmemes,1499536817,,False,9,tgdataset_conspiracy_list
ElektrischesUniversum,1314946293,,False,9,tgdataset_conspiracy_list
elementaria_mach_dein_Ding,1447817780,,False,9,tgdataset_conspiracy_list
elenamia,1239496329,,False,9,tgdataset_conspiracy_list
elettronelibero,1193597147,,False,9,tgdataset_conspiracy_list
elevatorboy,1118141631,,False,9,tgdataset_conspiracy_list
elexpresodemedianoche,1300601198,,False,9,tgdataset_conspiracy_list
elezioniusachan,1129809485,,False,9,tgdataset_conspiracy_list
elfeminismoactualnoesigualdad,1438986779,,False,9,tgdataset_conspiracy_list
elifdifusion,1208510706,,False,9,tgdataset_conspiracy_list
eligelapildorarojaoficial,1181419499,,False,9,tgdataset_conspiracy_list
ElinaKirsche,1212127896,,False,9,tgdataset_conspiracy_list
elinvestigador_org,1487227199,,False,9,tgdataset_conspiracy_list
EliseNijmegen,1304204867,,False,9,tgdataset_conspiracy_list
elite_smi,1470383354,,False,9,tgdataset_conspiracy_list
eliteinfidels,1311644016,,False,9,tgdataset_conspiracy_list
ElkesInfos,1276389420,,False,9,tgdataset_conspiracy_list
EllhnesPatriotes,1412460398,,False,9,tgdataset_conspiracy_list
ellocodelacorralachannel,1305657726,,False,9,tgdataset_conspiracy_list
ElMundoEstaCambiando,1322812314,,False,9,tgdataset_conspiracy_list
elmundotecnicolor,1388673906,,False,9,tgdataset_conspiracy_list
elmurodelaverdad,1316631334,,False,9,tgdataset_conspiracy_list
elnoticion,1377968266,,False,9,tgdataset_conspiracy_list
elobservatoriodeltiempo,1463792332,,False,9,tgdataset_conspiracy_list
elonmusk_ru,1103898214,,False,9,tgdataset_conspiracy_list
elosoblindado,1377037464,,False,9,tgdataset_conspiracy_list
elpuebloxlaverdad,1496656280,,False,9,tgdataset_conspiracy_list
Elreydesnudo,1270246781,,False,9,tgdataset_conspiracy_list
elrincondepaola,1157218066,,False,9,tgdataset_conspiracy_list
elsacoronafant,1379457057,,False,9,tgdataset_conspiracy_list
elshofardeketer,1496846433,,False,9,tgdataset_conspiracy_list
ElSuperViViente,1252994491,,False,9,tgdataset_conspiracy_list
eltern_stehen_auf,1255702344,,False,9,tgdataset_conspiracy_list
ElternKindInfos,1426075960,,False,9,tgdataset_conspiracy_list
ElternstehenaufIMPFCHECKER,1348189052,,False,9,tgdataset_conspiracy_list
eltiempoentrenoticias,1055679514,,False,9,tgdataset_conspiracy_list
elultimodisidente,1478308400,,False,9,tgdataset_conspiracy_list
elultimovisigodo,1346869988,,False,9,tgdataset_conspiracy_list
emciaynews,1242137014,,False,9,tgdataset_conspiracy_list
emergentorder,1154185807,,False,9,tgdataset_conspiracy_list
emet_laor,1318126679,,False,9,tgdataset_conspiracy_list
EMF_EHS_Deutsch,1214457030,,False,9,tgdataset_conspiracy_list
EMIS_Treptow,1397428685,,False,9,tgdataset_conspiracy_list
EmisorAmerica01Wooblie,1413727189,,False,9,tgdataset_conspiracy_list
Emood,1105231665,,False,9,tgdataset_conspiracy_list
emotionaldistin,1128589402,,False,9,tgdataset_conspiracy_list
empire018,1435336307,,False,9,tgdataset_conspiracy_list
EmporioAlessandrino,1132702319,,False,9,tgdataset_conspiracy_list
empowerment_law_health,1204303164,,False,9,tgdataset_conspiracy_list
Emunah777,1485985199,,False,9,tgdataset_conspiracy_list
ena_erwache_nach_anderswo,1411672390,,False,9,tgdataset_conspiracy_list
enderovich,1492489828,,False,9,tgdataset_conspiracy_list
endgov,1449329231,,False,9,tgdataset_conspiracy_list
endzeitreportmcm,1334361829,,False,9,tgdataset_conspiracy_list
Endzeitzeichen,1347995700,,False,9,tgdataset_conspiracy_list
EnergiedesLebens,1154655550,,False,9,tgdataset_conspiracy_list
energiegratuitepourtoutlemonde,1566094439,,False,9,tgdataset_conspiracy_list
Energiemedizin_Heilung_Harmonie,1344494404,,False,9,tgdataset_conspiracy_list
energymarkets,1085600202,,False,9,tgdataset_conspiracy_list
enespiralchile,1540521107,,False,9,tgdataset_conspiracy_list
EngelDerNotleidenenTiere,1498439638,,False,9,tgdataset_conspiracy_list
engelofjustice,1257276880,,False,9,tgdataset_conspiracy_list
engelsburggemeinschaft,1453780042,,False,9,tgdataset_conspiracy_list
EngelSein,1371240583,,False,9,tgdataset_conspiracy_list
engelsherz,1409381902,,False,9,tgdataset_conspiracy_list
englishsexandrocknroll,1402317519,,False,9,tgdataset_conspiracy_list
eninv,1365245350,,False,9,tgdataset_conspiracy_list
EnkidusNews,1471980139,,False,9,tgdataset_conspiracy_list
EnneNews001,1111236435,,False,9,tgdataset_conspiracy_list
entre_guerras,1269602563,,False,9,tgdataset_conspiracy_list
entropy_wins,1253329478,,False,9,tgdataset_conspiracy_list
entwicklungshilfe,1304922831,,False,9,tgdataset_conspiracy_list
epichaha,1279662231,,False,9,tgdataset_conspiracy_list
Epiphanynews,1440094502,,False,9,tgdataset_conspiracy_list
epochtimesita,1340162447,,False,9,tgdataset_conspiracy_list
epoddubny,1093357968,,False,9,tgdataset_conspiracy_list
Era_volka,1315966414,,False,9,tgdataset_conspiracy_list
ERANSHAHRISM,1260607065,,False,9,tgdataset_conspiracy_list
eraseunavezenesp,1217057993,,False,9,tgdataset_conspiracy_list
erdekeinekugel,1464820784,,False,9,tgdataset_conspiracy_list
erfundene_geschichte,1282164015,,False,9,tgdataset_conspiracy_list
ErfundeneGeschichte_Neu,1459685078,,False,9,tgdataset_conspiracy_list
EricNotes,1334639608,,False,9,tgdataset_conspiracy_list
erikarederika,1123063402,,False,9,tgdataset_conspiracy_list
erikaschuh,1414904020,,False,9,tgdataset_conspiracy_list
erlebedichseilicht,1472908289,,False,9,tgdataset_conspiracy_list
Ernergieistalles,1467019580,,False,9,tgdataset_conspiracy_list
ErnestV_2020,1242933179,,False,9,tgdataset_conspiracy_list
Erotiqueofsoul,1310457114,,False,9,tgdataset_conspiracy_list
erschaffe,1458603673,,False,9,tgdataset_conspiracy_list
erwache_tv,1363975735,,False,9,tgdataset_conspiracy_list
erwachen2021,1448534967,,False,9,tgdataset_conspiracy_list
erwachenwissenschaffen,1417441943,,False,9,tgdataset_conspiracy_list
escobarpatron,1470182134,,False,9,tgdataset_conspiracy_list
EscuchandoAlMundoQueVemos,1301029232,,False,9,tgdataset_conspiracy_list
escuelascontacto,1354797525,,False,9,tgdataset_conspiracy_list
eshkinkrot,1262711722,,False,9,tgdataset_conspiracy_list
eshoradedespertar1,1317347642,,False,9,tgdataset_conspiracy_list
EshterakArt,1023049686,,False,9,tgdataset_conspiracy_list
Esisteinfach,1533573613,,False,9,tgdataset_conspiracy_list
esoterikplus,1307369910,,False,9,tgdataset_conspiracy_list
esoterismoytarot,1207067519,,False,9,tgdataset_conspiracy_list
espritdescalier,1119331964,,False,9,tgdataset_conspiracy_list
essentialfoods,1185050949,,False,9,tgdataset_conspiracy_list
EssentialOrganics,1332184936,,False,9,tgdataset_conspiracy_list
essenzen,1202749292,,False,9,tgdataset_conspiracy_list
estructurascolapsando,1373795032,,False,9,tgdataset_conspiracy_list
EstulinDaniel,1460990976,,False,9,tgdataset_conspiracy_list
esXrebellion,1444231247,,False,9,tgdataset_conspiracy_list
eszeitgut,1431615238,,False,9,tgdataset_conspiracy_list
etfrussia,1102256645,,False,9,tgdataset_conspiracy_list
ethikrat,1451223287,,False,9,tgdataset_conspiracy_list
Ethiopia_tezeta,1131453359,,False,9,tgdataset_conspiracy_list
eto_b,1015020359,,False,9,tgdataset_conspiracy_list
etodonetsk2014,1152346290,,False,9,tgdataset_conspiracy_list
etoMolodechno,1387243203,,False,9,tgdataset_conspiracy_list
etresouverain,1340894953,,False,9,tgdataset_conspiracy_list
etvideocontent,1495095481,,False,9,tgdataset_conspiracy_list
etwasandersdenkend,1210089346,,False,9,tgdataset_conspiracy_list
eudaimoniagalore,1146272458,,False,9,tgdataset_conspiracy_list
EugenIB,1187992860,,False,9,tgdataset_conspiracy_list
EugenJanzen,1455575305,,False,9,tgdataset_conspiracy_list
eugennews,1175740698,,False,9,tgdataset_conspiracy_list
eurasiamoldova,1435458415,,False,9,tgdataset_conspiracy_list
eurorussians,1088064055,,False,9,tgdataset_conspiracy_list
Eva_Buntfieber,1140189937,,False,9,tgdataset_conspiracy_list
evafinn,1405103842,,False,9,tgdataset_conspiracy_list
evagriga,1440903268,,False,9,tgdataset_conspiracy_list
EvaHerman,1455623263,,False,9,tgdataset_conspiracy_list
EvaHermanOffiziell,1325174315,,False,9,tgdataset_conspiracy_list
EvaLunella77,1176287137,,False,9,tgdataset_conspiracy_list
evarosen,1387203553,,False,9,tgdataset_conspiracy_list
evaslebenswerkstatt,1155536615,,False,9,tgdataset_conspiracy_list
eveningburan,1071613999,,False,9,tgdataset_conspiracy_list
evil_truth_aw,1245193781,,False,9,tgdataset_conspiracy_list
evncov,1285781172,,False,9,tgdataset_conspiracy_list
evolutionjetzt,1222981313,,False,9,tgdataset_conspiracy_list
Evoluzionari,1115387036,,False,9,tgdataset_conspiracy_list
evonakak,1285878011,,False,9,tgdataset_conspiracy_list
EvPanina,1440810875,,False,9,tgdataset_conspiracy_list
ewige_erde,1428024011,,False,9,tgdataset_conspiracy_list
ewmariishere,1471999278,,False,9,tgdataset_conspiracy_list
ExitMatrix777,1420404175,,False,9,tgdataset_conspiracy_list
exitmatrixnet,1412902861,,False,9,tgdataset_conspiracy_list
exjug,1211578197,,False,9,tgdataset_conspiracy_list
ExoMagazin,1300068881,,False,9,tgdataset_conspiracy_list
exopolitics_deutsch,1403325550,,False,9,tgdataset_conspiracy_list
expansaoeusou1,1397524594,,False,9,tgdataset_conspiracy_list
Experte_0815,1464363835,,False,9,tgdataset_conspiracy_list
exponiendolaverdadoculta,1389637922,,False,9,tgdataset_conspiracy_list
eXponiendoLaVerdadX,1499774039,,False,9,tgdataset_conspiracy_list
ExpressZeitung,1267138510,,False,9,tgdataset_conspiracy_list
ExSiervos,1289845476,,False,9,tgdataset_conspiracy_list
exspiner,1321555314,,False,9,tgdataset_conspiracy_list
exstercore,1102848076,,False,9,tgdataset_conspiracy_list
exsuscitati,1433126858,,False,9,tgdataset_conspiracy_list
extra_vaganza,1110244857,,False,9,tgdataset_conspiracy_list
eyesofjesus,1199751234,,False,9,tgdataset_conspiracy_list
eyesonlyblog,1270903768,,False,9,tgdataset_conspiracy_list
F_S_C_P,1075017488,,False,9,tgdataset_conspiracy_list
fa_sales_w,1305565594,,False,9,tgdataset_conspiracy_list
FabianaBarroso,1157348986,,False,9,tgdataset_conspiracy_list
FabianKolb_Kanal,1392561198,,False,9,tgdataset_conspiracy_list
FabRoots,1511136629,,False,9,tgdataset_conspiracy_list
faCHADro,1286546065,,False,9,tgdataset_conspiracy_list
factcensurameesto,1154972985,,False,9,tgdataset_conspiracy_list
factscanhurt2020,1479892876,,False,9,tgdataset_conspiracy_list
fahrenheit1724,1232658350,,False,9,tgdataset_conspiracy_list
fakecontrol,1319398484,,False,9,tgdataset_conspiracy_list
fakepandemie1,1409781756,,False,9,tgdataset_conspiracy_list
FaktenFriedenFreiheit,1196000400,,False,9,tgdataset_conspiracy_list
Faktenfueralle,1179088207,,False,9,tgdataset_conspiracy_list
FaktenGegenDenMaskenIrrsinn,1356809080,,False,9,tgdataset_conspiracy_list
faktinfo1,1260128696,,False,9,tgdataset_conspiracy_list
Falhadamatrix,1483748592,,False,9,tgdataset_conspiracy_list
falscheGeschichte,1577308343,,False,9,tgdataset_conspiracy_list
falsifiedhistory,1487994632,,False,9,tgdataset_conspiracy_list
familiasporlaverdadcolombia,1581680283,,False,9,tgdataset_conspiracy_list
familienstellenpraxis,1370180346,,False,9,tgdataset_conspiracy_list
Fan_va_Texnika,1217666198,,False,9,tgdataset_conspiracy_list
far_side_of_the_moon,1493414212,,False,9,tgdataset_conspiracy_list
FarazTed,1122549118,,False,9,tgdataset_conspiracy_list
FaridMarjai,1143478666,,False,9,tgdataset_conspiracy_list
farukfirat,1283102263,,False,9,tgdataset_conspiracy_list
FaschismusfreiesDeutschland,1335308270,,False,9,tgdataset_conspiracy_list
fashion_mur,1187485926,,False,9,tgdataset_conspiracy_list
FASHIONANON,1325059263,,False,9,tgdataset_conspiracy_list
Fashtetxe,1456127163,,False,9,tgdataset_conspiracy_list
FastForward,1003264652,,False,9,tgdataset_conspiracy_list
fasule,1386763695,,False,9,tgdataset_conspiracy_list
faustwhining,1248127129,,False,9,tgdataset_conspiracy_list
favart,1279664481,,False,9,tgdataset_conspiracy_list
FBB4ZmRk5nljM2M6,1545640635,,False,9,tgdataset_conspiracy_list
fckgreatreset,1448335648,,False,9,tgdataset_conspiracy_list
FD_Me_Ne_Frego,1345203221,,False,9,tgdataset_conspiracy_list
FDD_Kanal,1200635710,,False,9,tgdataset_conspiracy_list
FDG_Kanal,1299461428,,False,9,tgdataset_conspiracy_list
fdonato,1460927343,,False,9,tgdataset_conspiracy_list
FDSL_News,1476743705,,False,9,tgdataset_conspiracy_list
FdWOeff,1427045205,,False,9,tgdataset_conspiracy_list
fe_city_boy,1006347922,,False,9,tgdataset_conspiracy_list
fedfs,1418360240,,False,9,tgdataset_conspiracy_list
fedotstrelec,1397104326,,False,9,tgdataset_conspiracy_list
feinstoff,1228216208,,False,9,tgdataset_conspiracy_list
Felora_Farahani,1086393962,,False,9,tgdataset_conspiracy_list
feltlikeakiss,1058764420,,False,9,tgdataset_conspiracy_list
feminazismodestructor,1408044332,,False,9,tgdataset_conspiracy_list
feminism_iran1,1373811721,,False,9,tgdataset_conspiracy_list
feminismo_y_tecnologia,1331860269,,False,9,tgdataset_conspiracy_list
feminismocientifico,1427191664,,False,9,tgdataset_conspiracy_list
fenghuotai,1338556126,,False,9,tgdataset_conspiracy_list
fenixconservadora,1475263836,,False,9,tgdataset_conspiracy_list
fennelcanton,1159201994,,False,9,tgdataset_conspiracy_list
Feuerderwahrheit,1329124329,,False,9,tgdataset_conspiracy_list
ffffffffound,1337713278,,False,9,tgdataset_conspiracy_list
ffmfreiheit,1230860218,,False,9,tgdataset_conspiracy_list
FFTfreigeist,1253434995,,False,9,tgdataset_conspiracy_list
FFZUUU,1457688917,,False,9,tgdataset_conspiracy_list
fgeq0,1183718626,,False,9,tgdataset_conspiracy_list
FGNews07,1256729953,,False,9,tgdataset_conspiracy_list
fields_of_wheat,1124977613,,False,9,tgdataset_conspiracy_list
fieryfiles,1377944238,,False,9,tgdataset_conspiracy_list
fight4f,1330197267,,False,9,tgdataset_conspiracy_list
fightagainstbluec,1401980548,,False,9,tgdataset_conspiracy_list
fightandsoulev,1482243063,,False,9,tgdataset_conspiracy_list
FIGHTFQRTRUMP,1351574155,,False,9,tgdataset_conspiracy_list
FightNewWorld,1330498777,,False,9,tgdataset_conspiracy_list
FilhosdoCriadorYHWH,1271950382,,False,9,tgdataset_conspiracy_list
Filmi,1144769790,,False,9,tgdataset_conspiracy_list
fim_das_farsas,1402658293,,False,9,tgdataset_conspiracy_list
fimdostemposbrasil,1238880242,,False,9,tgdataset_conspiracy_list
fimtaproximo,1179344138,,False,9,tgdataset_conspiracy_list
FinanzasArgy,1142599518,,False,9,tgdataset_conspiracy_list
findyourb,1115010265,,False,9,tgdataset_conspiracy_list
finedeigiochi2021,1781058896,,False,9,tgdataset_conspiracy_list
finfak,1342439220,,False,9,tgdataset_conspiracy_list
finfeed,1303564715,,False,9,tgdataset_conspiracy_list
finnews_rus,1340693135,,False,9,tgdataset_conspiracy_list
finomosec,1488494550,,False,9,tgdataset_conspiracy_list
finomosec_best_of,1267702383,,False,9,tgdataset_conspiracy_list
finpizdec,1197296889,,False,9,tgdataset_conspiracy_list
finpol,1230369694,,False,9,tgdataset_conspiracy_list
FirelinkTavern,1302025656,,False,9,tgdataset_conspiracy_list
firstallsport,1457835978,,False,9,tgdataset_conspiracy_list
fitnessrebell,1336227523,,False,9,tgdataset_conspiracy_list
fitsein,1011176076,,False,9,tgdataset_conspiracy_list
fitterhirsch,1178611105,,False,9,tgdataset_conspiracy_list
fkathomasleyorky,1005941915,,False,9,tgdataset_conspiracy_list
FlacheErdeBibel,1253339120,,False,9,tgdataset_conspiracy_list
flacheerdegemeinschaft,1428009350,,False,9,tgdataset_conspiracy_list
flatearth_arshiv,1055167598,,False,9,tgdataset_conspiracy_list
FlatEarthPublic,1134093411,,False,9,tgdataset_conspiracy_list
flatspace,1314076415,,False,9,tgdataset_conspiracy_list
flavia_salina,1313124828,,False,9,tgdataset_conspiracy_list
flayfm,1208503097,,False,9,tgdataset_conspiracy_list
flemmingblicher,1384629411,,False,9,tgdataset_conspiracy_list
flensburgfuergrundrechte,1361933389,,False,9,tgdataset_conspiracy_list
FletchersVisionen,1334795466,,False,9,tgdataset_conspiracy_list
Fliegenpil,1243620305,,False,9,tgdataset_conspiracy_list
flightclaudiakanal,1237473650,,False,9,tgdataset_conspiracy_list
flipflopmem,1422364184,,False,9,tgdataset_conspiracy_list
florianarnoldson,1711698192,,False,9,tgdataset_conspiracy_list
FlorianFriedensfahrzeug,1367606250,,False,9,tgdataset_conspiracy_list
FlorianHauschild,1403557489,,False,9,tgdataset_conspiracy_list
Florianmaschke,1368759654,,False,9,tgdataset_conspiracy_list
flowmushrooms,1288403099,,False,9,tgdataset_conspiracy_list
fluesterkanal,1209615743,,False,9,tgdataset_conspiracy_list
Flugblatt2020,1340254584,,False,9,tgdataset_conspiracy_list
flugblattnews,1565419556,,False,9,tgdataset_conspiracy_list
flugradarsichtungen17,1598579949,,False,9,tgdataset_conspiracy_list
FlurkFellowship,1769998132,,False,9,tgdataset_conspiracy_list
FNI_PNSOE,1183502414,,False,9,tgdataset_conspiracy_list
foaa_kafaria,1081866071,,False,9,tgdataset_conspiracy_list
FODEX_invest,1145536084,,False,9,tgdataset_conspiracy_list
FohCorona,1233584296,,False,9,tgdataset_conspiracy_list
Folgedemplan,1386976384,,False,9,tgdataset_conspiracy_list
folgederFreude,1253835693,,False,9,tgdataset_conspiracy_list
folkebevaegelsen,1483899911,,False,9,tgdataset_conspiracy_list
follow_the_truth,1428340599,,False,9,tgdataset_conspiracy_list
For_the_Future,1188008486,,False,9,tgdataset_conspiracy_list
forenavy,1419206930,,False,9,tgdataset_conspiracy_list
Forfatningspartiet_INFO,1172585741,,False,9,tgdataset_conspiracy_list
forgreatrussia,1271793257,,False,9,tgdataset_conspiracy_list
format_W,1438662030,,False,9,tgdataset_conspiracy_list
ForoArgemtoOficial,1309247289,,False,9,tgdataset_conspiracy_list
forPeaceAndFreedom,1434010588,,False,9,tgdataset_conspiracy_list
forumnovaordem,1428107379,,False,9,tgdataset_conspiracy_list
fossiliendG,1474550345,,False,9,tgdataset_conspiracy_list
fox_on_runway,1230407302,,False,9,tgdataset_conspiracy_list
foxandraven,1370630176,,False,9,tgdataset_conspiracy_list
fr33dum,1006499585,,False,9,tgdataset_conspiracy_list
fr33dum_memes,1264778301,,False,9,tgdataset_conspiracy_list
fr33dum_q,1196902395,,False,9,tgdataset_conspiracy_list
FragDichSelbst,1430557992,,False,9,tgdataset_conspiracy_list
frage2020,1469792398,,False,9,tgdataset_conspiracy_list
fragunsdoch_WWG1WGA,1295549179,,False,9,tgdataset_conspiracy_list
francescogcalabro,1152776974,,False,9,tgdataset_conspiracy_list
francoisasselineau,1411735934,,False,9,tgdataset_conspiracy_list
Frank_Elsenbroich,1219155615,,False,9,tgdataset_conspiracy_list
Frankernst,1166374994,,False,9,tgdataset_conspiracy_list
FrankQesp,1471237221,,False,9,tgdataset_conspiracy_list
franky_snatras_news,1493764785,,False,9,tgdataset_conspiracy_list
frankyschannel,1416444153,,False,9,tgdataset_conspiracy_list
frankysreise,1496582215,,False,9,tgdataset_conspiracy_list
fratotolo,1327462805,,False,9,tgdataset_conspiracy_list
frau_myllers_kanal,1464939518,,False,9,tgdataset_conspiracy_list
frazaua,1227594007,,False,9,tgdataset_conspiracy_list
FreaksTVQ,1223478263,,False,9,tgdataset_conspiracy_list
freddyindependent,1374602593,,False,9,tgdataset_conspiracy_list
free_energy_me,1425576417,,False,9,tgdataset_conspiracy_list
free_freaks_for_future,1397518608,,False,9,tgdataset_conspiracy_list
FREE_MY_MIND,1444956454,,False,9,tgdataset_conspiracy_list
freeaddicted,1435370793,,False,9,tgdataset_conspiracy_list
freedom777_2020,1309729355,,False,9,tgdataset_conspiracy_list
FreedomForFuture,1426563583,,False,9,tgdataset_conspiracy_list
FreedomIsComing,1093239913,,False,9,tgdataset_conspiracy_list
freedomishappines,1464116787,,False,9,tgdataset_conspiracy_list
freedomkarabakh,1348508104,,False,9,tgdataset_conspiracy_list
Freedommovementsaxony,1442149316,,False,9,tgdataset_conspiracy_list
freedomnewsQ,1406938647,,False,9,tgdataset_conspiracy_list
freedomparadekanal,1463271827,,False,9,tgdataset_conspiracy_list
freedompeacefromisrael,1188152243,,False,9,tgdataset_conspiracy_list
freeforex_business,1262970567,,False,9,tgdataset_conspiracy_list
FreeHumansFoundation,1172378231,,False,9,tgdataset_conspiracy_list
FreeKonstantin,1287810477,,False,9,tgdataset_conspiracy_list
freemediavision,1448202098,,False,9,tgdataset_conspiracy_list
FREEodw,1271036999,,False,9,tgdataset_conspiracy_list
freepeople2021,1318143249,,False,9,tgdataset_conspiracy_list
FreePeopleDE,1273054915,,False,9,tgdataset_conspiracy_list
freesoulspain,1173082471,,False,9,tgdataset_conspiracy_list
freespirit_tv,1431919599,,False,9,tgdataset_conspiracy_list
freevaxintheworld,1590584883,,False,9,tgdataset_conspiracy_list
freewomenoftheeast,1176983295,,False,9,tgdataset_conspiracy_list
freeworld2Q21,1327675707,,False,9,tgdataset_conspiracy_list
Freeyourmindkanal,1153688328,,False,9,tgdataset_conspiracy_list
freezoon_news,1571734406,,False,9,tgdataset_conspiracy_list
freiAuf,1497174853,,False,9,tgdataset_conspiracy_list
Freiburg_Berlin2020,1209721382,,False,9,tgdataset_conspiracy_list
freiburg_crime,1177058015,,False,9,tgdataset_conspiracy_list
FREIDENKEND,1369968277,,False,9,tgdataset_conspiracy_list
freidenkenPUNKTorg,1435613364,,False,9,tgdataset_conspiracy_list
FreidenkerQ,1404683758,,False,9,tgdataset_conspiracy_list
freie_ahrensburger,1284029883,,False,9,tgdataset_conspiracy_list
freie_brandenburger,1186016007,,False,9,tgdataset_conspiracy_list
freie_neue_welt,1293140159,,False,9,tgdataset_conspiracy_list
FreieDeutscheWelle,1160271234,,False,9,tgdataset_conspiracy_list
FreieGedankenTanken,1424642656,,False,9,tgdataset_conspiracy_list
freiegeisterwildeherzen,1348469883,,False,9,tgdataset_conspiracy_list
freiehexenseite,1266520511,,False,9,tgdataset_conspiracy_list
freieInfo,1317173186,,False,9,tgdataset_conspiracy_list
freiejugend,1412964347,,False,9,tgdataset_conspiracy_list
freielinke,1354830331,,False,9,tgdataset_conspiracy_list
freiemedienschweiz,1416510022,,False,9,tgdataset_conspiracy_list
freiemedienticker,1111565412,,False,9,tgdataset_conspiracy_list
FreieMedienTV,1118691233,,False,9,tgdataset_conspiracy_list
freienews,1179375920,,False,9,tgdataset_conspiracy_list
FreieNordmedien,1185248749,,False,9,tgdataset_conspiracy_list
freienstein,1421065348,,False,9,tgdataset_conspiracy_list
freiePatriotenderMark,1420849851,,False,9,tgdataset_conspiracy_list
FreiePatriotenGruppenDACH,1400349709,,False,9,tgdataset_conspiracy_list
freier_informationskanal,1262554287,,False,9,tgdataset_conspiracy_list
freier_Mann,1450747048,,False,9,tgdataset_conspiracy_list
freierdenker01,1151900049,,False,9,tgdataset_conspiracy_list
FreierMensch_offiziel,1429294005,,False,9,tgdataset_conspiracy_list
freies_bremen,1713246495,,False,9,tgdataset_conspiracy_list
freiesachsen_dresden,1565571238,,False,9,tgdataset_conspiracy_list
freieseelen2Q2Q,1470051061,,False,9,tgdataset_conspiracy_list
freiesforum,1328118307,,False,9,tgdataset_conspiracy_list
freiesmedienportal,1293528089,,False,9,tgdataset_conspiracy_list
FreiesMikrofonFreiburg,1255868646,,False,9,tgdataset_conspiracy_list
FreieSoftware,1132235044,,False,9,tgdataset_conspiracy_list
freiestimme,1357944451,,False,9,tgdataset_conspiracy_list
freigeisst,1222475746,,False,9,tgdataset_conspiracy_list
Freigeista,1232319974,,False,9,tgdataset_conspiracy_list
freigeists_naehkranz,1480565304,,False,9,tgdataset_conspiracy_list
FreiHB,1471863238,,False,9,tgdataset_conspiracy_list
Freiheit2021_Q,1275824508,,False,9,tgdataset_conspiracy_list
Freiheit_2020,1324729394,,False,9,tgdataset_conspiracy_list
Freiheit_Mut_Liebe,1373442030,,False,9,tgdataset_conspiracy_list
FreiheitDerGedanken,1423075120,,False,9,tgdataset_conspiracy_list
FREIHEITDietmarBauer,1274589494,,False,9,tgdataset_conspiracy_list
FreiheitLiebeFrieden,1458334662,,False,9,tgdataset_conspiracy_list
FreiheitmitMenschenrechte,1310542674,,False,9,tgdataset_conspiracy_list
Freiheits_Gedanken_Tanken,1492155606,,False,9,tgdataset_conspiracy_list
freiheits_news,1354295289,,False,9,tgdataset_conspiracy_list
Freiheitsboten_Video,1337769042,,False,9,tgdataset_conspiracy_list
FreiheitsbotenSBK,1259007509,,False,9,tgdataset_conspiracy_list
freiheitsjurist,1266786446,,False,9,tgdataset_conspiracy_list
Freiheitsversammlung,1242868984,,False,9,tgdataset_conspiracy_list
freiheitszoneinfo,1275688669,,False,9,tgdataset_conspiracy_list
FreiheitundGerechtigkeit,1225868644,,False,9,tgdataset_conspiracy_list
FREIHEITundVERANTWORTUNG,1353934160,,False,9,tgdataset_conspiracy_list
freija1,1234352566,,False,9,tgdataset_conspiracy_list
freilernenfreileben,1320918868,,False,9,tgdataset_conspiracy_list
FREISEINmitHerz,1498661876,,False,9,tgdataset_conspiracy_list
freiselbstbestimmt,1136912002,,False,9,tgdataset_conspiracy_list
FreiwilligFrei,1479043045,,False,9,tgdataset_conspiracy_list
FreizeitPolitikBlog,1243140364,,False,9,tgdataset_conspiracy_list
FreizeitPolitikQuellen,1320441822,,False,9,tgdataset_conspiracy_list
FrenchWhistleblowers,1232024866,,False,9,tgdataset_conspiracy_list
Frequenzen_mit_Wirkung,1207090176,,False,9,tgdataset_conspiracy_list
freydenker,1380147913,,False,9,tgdataset_conspiracy_list
FreyjasBulletin,1211581003,,False,9,tgdataset_conspiracy_list
FreyjasBulletinInternational,1455432919,,False,9,tgdataset_conspiracy_list
freyr666,1072983499,,False,9,tgdataset_conspiracy_list
frgenimpfung,1580405497,,False,9,tgdataset_conspiracy_list
friday4germany,1335169909,,False,9,tgdataset_conspiracy_list
FridaysForHubraumKanal,1406611471,,False,9,tgdataset_conspiracy_list
FridrihShow,1497767963,,False,9,tgdataset_conspiracy_list
friedefreundedemokratie,1154883809,,False,9,tgdataset_conspiracy_list
Frieden777Freiheit,1463868915,,False,9,tgdataset_conspiracy_list
frieden_freiheit_musik,1249665721,,False,9,tgdataset_conspiracy_list
frieden_rockt_offiziell,1484233546,,False,9,tgdataset_conspiracy_list
friedenjetzt,1480805728,,False,9,tgdataset_conspiracy_list
friedensrebellion_DE,1186831785,,False,9,tgdataset_conspiracy_list
friedensrike,1430908527,,False,9,tgdataset_conspiracy_list
Friedenstrucker,1442547942,,False,9,tgdataset_conspiracy_list
friedentotal_official,1444143240,,False,9,tgdataset_conspiracy_list
FriedlichFrei,1343144623,,False,9,tgdataset_conspiracy_list
friesenstein,1305562820,,False,9,tgdataset_conspiracy_list
frischnaturnah,1494955394,,False,9,tgdataset_conspiracy_list
friseure_der_neuen_Zeit,1240232493,,False,9,tgdataset_conspiracy_list
FrMaWa,1152581935,,False,9,tgdataset_conspiracy_list
frohebotschaft,1405907045,,False,9,tgdataset_conspiracy_list
from_matrixx,1453665652,,False,9,tgdataset_conspiracy_list
fromfoxforfox,1361741472,,False,9,tgdataset_conspiracy_list
FronteSovranista,1278150061,,False,9,tgdataset_conspiracy_list
frontmediatique,1354151236,,False,9,tgdataset_conspiracy_list
FrontNachrichten,1589398482,,False,9,tgdataset_conspiracy_list
fruehwaldinformiert,1436662221,,False,9,tgdataset_conspiracy_list
fsnrev,1463037869,,False,9,tgdataset_conspiracy_list
ftaol_dns,1326133616,,False,9,tgdataset_conspiracy_list
ftaolr,1484694480,,False,9,tgdataset_conspiracy_list
ftaolvideo,1152238442,,False,9,tgdataset_conspiracy_list
ftppelaliberdade,1203357141,,False,9,tgdataset_conspiracy_list
Fuchskind_Info,1472186816,,False,9,tgdataset_conspiracy_list
fuckmytaste,1085126128,,False,9,tgdataset_conspiracy_list
fuckpolitics,1093943730,,False,9,tgdataset_conspiracy_list
fucktsy,1481252778,,False,9,tgdataset_conspiracy_list
fuckupleague,1326482108,,False,9,tgdataset_conspiracy_list
fuckyouthatswhy,1071040207,,False,9,tgdataset_conspiracy_list
fuekibfe,1353261914,,False,9,tgdataset_conspiracy_list
Fuer_alle_Kinder,1332120831,,False,9,tgdataset_conspiracy_list
fuerdichundmich,1414404285,,False,9,tgdataset_conspiracy_list
Fuerstand,1310496361,,False,9,tgdataset_conspiracy_list
fuerzaseliteuniversal,1448046847,,False,9,tgdataset_conspiracy_list
fufmedia,1337894333,,False,9,tgdataset_conspiracy_list
fugadafacebook2021,1292750684,,False,9,tgdataset_conspiracy_list
Full_Disclosure,1199067239,,False,9,tgdataset_conspiracy_list
Full_Time_Trading,1292964247,,False,9,tgdataset_conspiracy_list
FulvioOscar,1463521891,,False,9,tgdataset_conspiracy_list
fundamental_View,1124685506,,False,9,tgdataset_conspiracy_list
Fundusmagikusfreieenergie,1478834331,,False,9,tgdataset_conspiracy_list
Fundusmagikusmedizinnatur,1436251627,,False,9,tgdataset_conspiracy_list
furherring,1144982517,,False,9,tgdataset_conspiracy_list
furiaetradicao,1467691958,,False,9,tgdataset_conspiracy_list
furmanyuk_do_talogo,1312342553,,False,9,tgdataset_conspiracy_list
futureunlimited,1263239809,,False,9,tgdataset_conspiracy_list
FutureVistas,1398936419,,False,9,tgdataset_conspiracy_list
Futuris,1057593719,,False,9,tgdataset_conspiracy_list
fvdgeluid,1390936433,,False,9,tgdataset_conspiracy_list
FVDNL,1472437937,,False,9,tgdataset_conspiracy_list
fyibrasil,1528990478,,False,9,tgdataset_conspiracy_list
g33ks,1021354797,,False,9,tgdataset_conspiracy_list
gaggaland,1173218188,,False,9,tgdataset_conspiracy_list
gagreta,1276061138,,False,9,tgdataset_conspiracy_list
Gaia_Doku_free,1315198239,,False,9,tgdataset_conspiracy_list
gaiabrasil,1411006898,,False,9,tgdataset_conspiracy_list
gaiadeutsch,1479202232,,False,9,tgdataset_conspiracy_list
GaiasUrQuellLicht,1240727332,,False,9,tgdataset_conspiracy_list
GaiasWelt,1325021589,,False,9,tgdataset_conspiracy_list
galinazolina,1288261001,,False,9,tgdataset_conspiracy_list
Galliactica1,1530725583,,False,9,tgdataset_conspiracy_list
gamedevporn,1049413409,,False,9,tgdataset_conspiracy_list
gamesoftruth1,1280493159,,False,9,tgdataset_conspiracy_list
ganji_akbar,1005816243,,False,9,tgdataset_conspiracy_list
ganzheitlicherNeubeginn,1210980956,,False,9,tgdataset_conspiracy_list
ganzheitlichfrei,1452619790,,False,9,tgdataset_conspiracy_list
Ganzheitsarzt_de,1483698391,,False,9,tgdataset_conspiracy_list
garde_regkri,1210431528,,False,9,tgdataset_conspiracy_list
gardenfuck,1339877321,,False,9,tgdataset_conspiracy_list
GardenOfFreedomBerlin,1360831968,,False,9,tgdataset_conspiracy_list
gartenbaucenter17,1438609802,,False,9,tgdataset_conspiracy_list
Gastronomenfa,1332914376,,False,9,tgdataset_conspiracy_list
gatesofshaolin,1269473223,,False,9,tgdataset_conspiracy_list
gatestohell,1292125507,,False,9,tgdataset_conspiracy_list
gavk17,1450399495,,False,9,tgdataset_conspiracy_list
gavninajp,1167573367,,False,9,tgdataset_conspiracy_list
gaybooksfilms,1246143853,,False,9,tgdataset_conspiracy_list
gaychemsex,1433964146,,False,9,tgdataset_conspiracy_list
gazeta_zavtra,1493255982,,False,9,tgdataset_conspiracy_list
gclibre,1439443893,,False,9,tgdataset_conspiracy_list
gdesfaits,1157560420,,False,9,tgdataset_conspiracy_list
gdg_infokanal,1065033717,,False,9,tgdataset_conspiracy_list
GedankenEvolution,1487833029,,False,9,tgdataset_conspiracy_list
Gedankenheimkehr,1473539133,,False,9,tgdataset_conspiracy_list
gedankenjetzt,1187325982,,False,9,tgdataset_conspiracy_list
gedankenreiseland,1384598971,,False,9,tgdataset_conspiracy_list
Gedankenverbrechen,1156864485,,False,9,tgdataset_conspiracy_list
gedankenzurzeit,1350570618,,False,9,tgdataset_conspiracy_list
Gedichteberlin,1228129337,,False,9,tgdataset_conspiracy_list
gefiltert,1315937443,,False,9,tgdataset_conspiracy_list
Gegen_Staat_und_Kapital,1448048955,,False,9,tgdataset_conspiracy_list
geh_spazieren,1602374225,,False,9,tgdataset_conspiracy_list
GeheimeswissenderEliten,1352568212,,False,9,tgdataset_conspiracy_list
Geheimnis_Gesundheit,1268760515,,False,9,tgdataset_conspiracy_list
gehik,1364169193,,False,9,tgdataset_conspiracy_list
Gehirnwaesche_Info,1326916543,,False,9,tgdataset_conspiracy_list
gehlkenronald,1356989653,,False,9,tgdataset_conspiracy_list
GeistDerFreiheit2021,1088937391,,False,9,tgdataset_conspiracy_list
Geistheilen,1212428556,,False,9,tgdataset_conspiracy_list
geistheilersananda,1153430705,,False,9,tgdataset_conspiracy_list
GeistKoerperSeeleGewissen,1258815706,,False,9,tgdataset_conspiracy_list
gelebtegesundheitderneuenzeit,1489509316,,False,9,tgdataset_conspiracy_list
geloeschte_filme,1211400027,,False,9,tgdataset_conspiracy_list
GEMATRIXDECODER,1353261087,,False,9,tgdataset_conspiracy_list
gemeinsamgegenNWO,1142403217,,False,9,tgdataset_conspiracy_list
gemeinsamschweizch,1425182936,,False,9,tgdataset_conspiracy_list
gemeinsamstarkfuerunserekinder,1564965627,,False,9,tgdataset_conspiracy_list
Gemeinschaft_der_Menschen,1271302476,,False,9,tgdataset_conspiracy_list
GemeinWohlLobby,1333278800,,False,9,tgdataset_conspiracy_list
gen_m,1287067034,,False,9,tgdataset_conspiracy_list
GenauUnterDieLupe,1572802560,,False,9,tgdataset_conspiracy_list
genderfluidhelisexual,1145595866,,False,9,tgdataset_conspiracy_list
genderrussia,1422335900,,False,9,tgdataset_conspiracy_list
generacionconciencia,1481073281,,False,9,tgdataset_conspiracy_list
geneticista,1294210438,,False,9,tgdataset_conspiracy_list
GeniusOfTesla,1153094804,,False,9,tgdataset_conspiracy_list
gentsana,1146497681,,False,9,tgdataset_conspiracy_list
GenWake,1319807015,,False,9,tgdataset_conspiracy_list
geo369,1537771233,,False,9,tgdataset_conspiracy_list
geo_bras_mundo,1293956105,,False,9,tgdataset_conspiracy_list
geocuantic,1451217538,,False,9,tgdataset_conspiracy_list
Geoestrategia1,1102263172,,False,9,tgdataset_conspiracy_list
GeoInfos,1200646283,,False,9,tgdataset_conspiracy_list
geoingenierieinfo,1487273788,,False,9,tgdataset_conspiracy_list
geomonitor,1154462581,,False,9,tgdataset_conspiracy_list
Geopolitica_MX,1324368072,,False,9,tgdataset_conspiracy_list
geopoliticacr,1148480381,,False,9,tgdataset_conspiracy_list
GeopoliticaUrgentNews,1406470275,,False,9,tgdataset_conspiracy_list
GeorgsWzG,1451175774,,False,9,tgdataset_conspiracy_list
georgvlive,1329829185,,False,9,tgdataset_conspiracy_list
georgy_ma,1590337026,,False,9,tgdataset_conspiracy_list
GeorQeMedia,1303050929,,False,9,tgdataset_conspiracy_list
Geplauder,1445027065,,False,9,tgdataset_conspiracy_list
gerechtigkeitfuersvaterland,1479072497,,False,9,tgdataset_conspiracy_list
Gerhard88Info,1475406953,,False,9,tgdataset_conspiracy_list
gerhardhallstattdichtungen,1388997372,,False,9,tgdataset_conspiracy_list
GerhardPoettler,1286672718,,False,9,tgdataset_conspiracy_list
German_Freethinker,1352435431,,False,9,tgdataset_conspiracy_list
germanchemtrailwatchers,1477204666,,False,9,tgdataset_conspiracy_list
germania_erwacht,1261740678,,False,9,tgdataset_conspiracy_list
GermAnon77,1469142695,,False,9,tgdataset_conspiracy_list
geroldbeneder,1489987192,,False,9,tgdataset_conspiracy_list
gershik_tyt,1070386585,,False,9,tgdataset_conspiracy_list
Gesammelte_Werke,1477741592,,False,9,tgdataset_conspiracy_list
GesaraNederland,1471525292,,False,9,tgdataset_conspiracy_list
GeschenQphil,1182477899,,False,9,tgdataset_conspiracy_list
Geschichte_Austriaswordoftruth,1404013821,,False,9,tgdataset_conspiracy_list
geschichte_politik_unzensiert,1490774946,,False,9,tgdataset_conspiracy_list
geschichte_und_aufklaerung,1399169015,,False,9,tgdataset_conspiracy_list
gesFil,1169384931,,False,9,tgdataset_conspiracy_list
Gesunde_Ernaehrung,1477717454,,False,9,tgdataset_conspiracy_list
GesundeInfos,1401242688,,False,9,tgdataset_conspiracy_list
gesundeslebenisartal,1151115378,,False,9,tgdataset_conspiracy_list
gesundheiternaehrung,1196349400,,False,9,tgdataset_conspiracy_list
Gesundheitsbewusstsein,1204337679,,False,9,tgdataset_conspiracy_list
gesundheitsfeesilke,1442888185,,False,9,tgdataset_conspiracy_list
Gesundheitsmechaniker,1453466453,,False,9,tgdataset_conspiracy_list
gesundheitsprogramm,1198473273,,False,9,tgdataset_conspiracy_list
gesundheitsratgeber,1264945865,,False,9,tgdataset_conspiracy_list
GesundMenschenverstand,1300000024,,False,9,tgdataset_conspiracy_list
GesundOhneRezept,1263928896,,False,9,tgdataset_conspiracy_list
get_up_off_your_knees,1234893075,,False,9,tgdataset_conspiracy_list
Getje,1387864666,,False,9,tgdataset_conspiracy_list
GetOutOfTheMatrix,1343831731,,False,9,tgdataset_conspiracy_list
gewahrsein,1458007708,,False,9,tgdataset_conspiracy_list
gezVerbot,1217066036,,False,9,tgdataset_conspiracy_list
GFTV_HH,1456443167,,False,9,tgdataset_conspiracy_list
GhadiriNetwork,1000780926,,False,9,tgdataset_conspiracy_list
Ghost_information,1316875567,,False,9,tgdataset_conspiracy_list
ghostwood,1105140088,,False,9,tgdataset_conspiracy_list
Ghostworld00,1416105441,,False,9,tgdataset_conspiracy_list
GHZFriedrichMaik,1544447057,,False,9,tgdataset_conspiracy_list
GI_informiert,1439437320,,False,9,tgdataset_conspiracy_list
giantofthought,1248870438,,False,9,tgdataset_conspiracy_list
GiftamHimmel,1445540924,,False,9,tgdataset_conspiracy_list
GIGAMBO_NOTICIAS,1415096864,,False,9,tgdataset_conspiracy_list
giladzwi,1478185306,,False,9,tgdataset_conspiracy_list
giocognitive,1173227962,,False,9,tgdataset_conspiracy_list
giorgiobianchiphotojournalist,1374961501,,False,9,tgdataset_conspiracy_list
GioVadArco,1241033277,,False,9,tgdataset_conspiracy_list
giperlupa,1432138163,,False,9,tgdataset_conspiracy_list
giraffenews,1172341239,,False,9,tgdataset_conspiracy_list
Giraffissimo7,1183523013,,False,9,tgdataset_conspiracy_list
giulamaschera1,1448202348,,False,9,tgdataset_conspiracy_list
giuseppemasala,1285109582,,False,9,tgdataset_conspiracy_list
givimi52,1126060582,,False,9,tgdataset_conspiracy_list
gjea9,1182825877,,False,9,tgdataset_conspiracy_list
glavmedia,1310493808,,False,9,tgdataset_conspiracy_list
glavsu,1451910571,,False,9,tgdataset_conspiracy_list
glazami_depytata,1161064002,,False,9,tgdataset_conspiracy_list
glazamipianikh,1490594296,,False,9,tgdataset_conspiracy_list
glazieview,1182028672,,False,9,tgdataset_conspiracy_list
glieretici,1275429059,,False,9,tgdataset_conspiracy_list
global_indigo,1457248978,,False,9,tgdataset_conspiracy_list
globale_vergiftung_info,1171052910,,False,9,tgdataset_conspiracy_list
Globaler_Wandel,1209905869,,False,9,tgdataset_conspiracy_list
GlobalesErwachen,1261207477,,False,9,tgdataset_conspiracy_list
GlobalesErwachenQ,1186670997,,False,9,tgdataset_conspiracy_list
globalMENTE,1178816787,,False,9,tgdataset_conspiracy_list
globalpatriots,1259161615,,False,9,tgdataset_conspiracy_list
Globalsindwireins,1496286993,,False,9,tgdataset_conspiracy_list
globalthreats,1246466906,,False,9,tgdataset_conspiracy_list
globalview,1463179009,,False,9,tgdataset_conspiracy_list
GlockenDerFreiheit,1334555666,,False,9,tgdataset_conspiracy_list
glomut,1494397251,,False,9,tgdataset_conspiracy_list
gnezdo_kukushki,1370346199,,False,9,tgdataset_conspiracy_list
godeye_ru,1441217558,,False,9,tgdataset_conspiracy_list
GodgirlQ,1418436766,,False,9,tgdataset_conspiracy_list
GodHo,1436552961,,False,9,tgdataset_conspiracy_list
godniykanal,1241266669,,False,9,tgdataset_conspiracy_list
Godunov2020,1323310897,,False,9,tgdataset_conspiracy_list
goettinnen,1377448947,,False,9,tgdataset_conspiracy_list
Gog_MagogTelegram,1494666704,,False,9,tgdataset_conspiracy_list
golden_borodutch,1137138222,,False,9,tgdataset_conspiracy_list
goldenagenetwork,1272367880,,False,9,tgdataset_conspiracy_list
GoldenesZeitalter,1429257524,,False,9,tgdataset_conspiracy_list
GoldenHeartsChannel,1349099448,,False,9,tgdataset_conspiracy_list
goldenLuminous,1426356271,,False,9,tgdataset_conspiracy_list
GoldenOldieMusic,1318910527,,False,9,tgdataset_conspiracy_list
goldhollywood,1305956379,,False,9,tgdataset_conspiracy_list
Goldklumpen,1213297290,,False,9,tgdataset_conspiracy_list
goletsa_log,1262292515,,False,9,tgdataset_conspiracy_list
golosbelovodiya,1219074765,,False,9,tgdataset_conspiracy_list
golosrazuma2021,1470677743,,False,9,tgdataset_conspiracy_list
GOLPEenRETROCESO,1216312477,,False,9,tgdataset_conspiracy_list
goodbyematrixcom,1116548472,,False,9,tgdataset_conspiracy_list
goodsoulstuff,1250882474,,False,9,tgdataset_conspiracy_list
goodtrade,1051696397,,False,9,tgdataset_conspiracy_list
goodtraders,1009850295,,False,9,tgdataset_conspiracy_list
gopalnorbertklein,1215957523,,False,9,tgdataset_conspiracy_list
gordilechky,1412808570,,False,9,tgdataset_conspiracy_list
Gori_spb,1170178502,,False,9,tgdataset_conspiracy_list
gorlovka_admin,1353658551,,False,9,tgdataset_conspiracy_list
gorororou,1342901622,,False,9,tgdataset_conspiracy_list
gortchakov,1486533018,,False,9,tgdataset_conspiracy_list
GospelOfLife,1369445143,,False,9,tgdataset_conspiracy_list
gothicaf,1315915073,,False,9,tgdataset_conspiracy_list
gottmensch,1325482489,,False,9,tgdataset_conspiracy_list
GoV_Italia,1327693842,,False,9,tgdataset_conspiracy_list
governo_del_cambianiente,1277225967,,False,9,tgdataset_conspiracy_list
govnarism,1086128351,,False,9,tgdataset_conspiracy_list
GoyDescontrolado_oficial,1393388273,,False,9,tgdataset_conspiracy_list
GP_Donbass,1342457514,,False,9,tgdataset_conspiracy_list
grabatuhospital,1223905705,,False,9,tgdataset_conspiracy_list
graceflemming,1432384833,,False,9,tgdataset_conspiracy_list
Gran_Despertar,1250587564,,False,9,tgdataset_conspiracy_list
granadainformacion,1428559383,,False,9,tgdataset_conspiracy_list
grandeconflito,1168668055,,False,9,tgdataset_conspiracy_list
grandecrise,1497604490,,False,9,tgdataset_conspiracy_list
GrandeRisveglio,1189263774,,False,9,tgdataset_conspiracy_list
GRAnews,1356808521,,False,9,tgdataset_conspiracy_list
GranImperioDeTartaria,1386040705,,False,9,tgdataset_conspiracy_list
granjahumanamx,1403523370,,False,9,tgdataset_conspiracy_list
GrapheneAgenda,1126651322,,False,9,tgdataset_conspiracy_list
GrausamFsk18,1185478301,,False,9,tgdataset_conspiracy_list
GrayState,1256790031,,False,9,tgdataset_conspiracy_list
great_and_sovereign,1229135570,,False,9,tgdataset_conspiracy_list
greatawakening_wwg1wga,1405108985,,False,9,tgdataset_conspiracy_list
greatawakeningfrommatrix,1443586075,,False,9,tgdataset_conspiracy_list
greatdefenseukraine,1362384213,,False,9,tgdataset_conspiracy_list
GreatResetStoppen,1412971635,,False,9,tgdataset_conspiracy_list
greccodespertar,1438024402,,False,9,tgdataset_conspiracy_list
greenmindhealing,1274085511,,False,9,tgdataset_conspiracy_list
gregoryroose,1268570445,,False,9,tgdataset_conspiracy_list
GrenzenlosLeben,1201566916,,False,9,tgdataset_conspiracy_list
Grenzwissenschaften,1389910075,,False,9,tgdataset_conspiracy_list
greypanthersblog,1356961494,,False,9,tgdataset_conspiracy_list
gri_1123581321,1286865406,,False,9,tgdataset_conspiracy_list
Grigas_ru,1310882883,,False,9,tgdataset_conspiracy_list
grimuare,1168137488,,False,9,tgdataset_conspiracy_list
gritaria,1218672589,,False,9,tgdataset_conspiracy_list
groks,1043217211,,False,9,tgdataset_conspiracy_list
gromko7,1060019844,,False,9,tgdataset_conspiracy_list
GrozaRussia,1216022550,,False,9,tgdataset_conspiracy_list
grundrechte_jetzt,1275874180,,False,9,tgdataset_conspiracy_list
grundrechte_paderborn,1350642860,,False,9,tgdataset_conspiracy_list
grundrechte_pfalz,1436606709,,False,9,tgdataset_conspiracy_list
Grundrechte_Wahren,1403011776,,False,9,tgdataset_conspiracy_list
GrungGenug,1463338251,,False,9,tgdataset_conspiracy_list
gruppenliste,1129452329,,False,9,tgdataset_conspiracy_list
gruz0potok,1338225966,,False,9,tgdataset_conspiracy_list
gsundheit,1324309026,,False,9,tgdataset_conspiracy_list
Guardianangel17,1489459969,,False,9,tgdataset_conspiracy_list
guardiansalud,1307485200,,False,9,tgdataset_conspiracy_list
GuardiansofGaia,1402056325,,False,9,tgdataset_conspiracy_list
guardioesdanacao,1226903783,,False,9,tgdataset_conspiracy_list
guccibangsta,1207813089,,False,9,tgdataset_conspiracy_list
guerradigital,1458010656,,False,9,tgdataset_conspiracy_list
GuerraDigital17,1423711216,,False,9,tgdataset_conspiracy_list
guerrasezueiras,1171787384,,False,9,tgdataset_conspiracy_list
GuerrerosDeLaLibertad,1303366067,,False,9,tgdataset_conspiracy_list
guerrerosdigitales,1553429489,,False,9,tgdataset_conspiracy_list
guerrerosestoicos,1389087884,,False,9,tgdataset_conspiracy_list
guerrieri86,1453558180,,False,9,tgdataset_conspiracy_list
guerrieriperlaliberta,1181620353,,False,9,tgdataset_conspiracy_list
guerrillastickers,1422229180,,False,9,tgdataset_conspiracy_list
guglielmocrotti,1065429243,,False,9,tgdataset_conspiracy_list
guide_to_truth,1478802259,,False,9,tgdataset_conspiracy_list
gulag1972,1190843074,,False,9,tgdataset_conspiracy_list
guliajpole,1280225369,,False,9,tgdataset_conspiracy_list
gumkonvoy,1052058258,,False,9,tgdataset_conspiracy_list
GUMLICH,1235477804,,False,9,tgdataset_conspiracy_list
gunghotodosauna,1452307223,,False,9,tgdataset_conspiracy_list
gunnar_gast,1385287892,,False,9,tgdataset_conspiracy_list
gunnarkaisertv,1362417499,,False,9,tgdataset_conspiracy_list
GurkenpaulesEinflugschneise,1327415241,,False,9,tgdataset_conspiracy_list
GusevPropaganda,1152752344,,False,9,tgdataset_conspiracy_list
gut_zu_wissen_ch,1266505604,,False,9,tgdataset_conspiracy_list
GuteGedanken,1323112745,,False,9,tgdataset_conspiracy_list
GuteNachtDeutschland,1260612980,,False,9,tgdataset_conspiracy_list
GutmenschenKeule,1155527603,,False,9,tgdataset_conspiracy_list
GutZuWissen_byAMADEA,1242355962,,False,9,tgdataset_conspiracy_list
gutzuwissen_wissenistgut,1331489544,,False,9,tgdataset_conspiracy_list
gvzwoenitz,1450622407,,False,9,tgdataset_conspiracy_list
GWisnewski,1177171390,,False,9,tgdataset_conspiracy_list
gyc_channel,1316563541,,False,9,tgdataset_conspiracy_list
gyeekmeems,1351891054,,False,9,tgdataset_conspiracy_list
Haazer_javab1,1361074455,,False,9,tgdataset_conspiracy_list
haciaelorigen,1352531062,,False,9,tgdataset_conspiracy_list
hackersporlalibertad,1619029751,,False,9,tgdataset_conspiracy_list
HackThisEnglish,1499138220,,False,9,tgdataset_conspiracy_list
hadi_zaleki,1157827633,,False,9,tgdataset_conspiracy_list
Hadmut,1236225131,,False,9,tgdataset_conspiracy_list
hagengrell,1378488433,,False,9,tgdataset_conspiracy_list
hagh_ra_beshnas,1053324912,,False,9,tgdataset_conspiracy_list
hahawob,1458064849,,False,9,tgdataset_conspiracy_list
HAIIICOI03,1470470810,,False,9,tgdataset_conspiracy_list
Haintz,1387359927,,False,9,tgdataset_conspiracy_list
HajizadeAli,1284231105,,False,9,tgdataset_conspiracy_list
halalmemes,1135414135,,False,9,tgdataset_conspiracy_list
Halalzadeha,1086266788,,False,9,tgdataset_conspiracy_list
haliky,1102321290,,False,9,tgdataset_conspiracy_list
hallo2Qmin,1351464292,,False,9,tgdataset_conspiracy_list
Hallo_Welt_451,1371042658,,False,9,tgdataset_conspiracy_list
hallomeinungGruppeWiesloch,1169021810,,False,9,tgdataset_conspiracy_list
hallucinogen2,1115221658,,False,9,tgdataset_conspiracy_list
hamiyannevelayat,1030399326,,False,9,tgdataset_conspiracy_list
Hammer_kanal,1130900792,,False,9,tgdataset_conspiracy_list
handaufsherzjokka,1320410844,,False,9,tgdataset_conspiracy_list
handinhandfuersland,1451781956,,False,9,tgdataset_conspiracy_list
hans_franz84,1486371728,,False,9,tgdataset_conspiracy_list
HansGeorgFroboese,1432284999,,False,9,tgdataset_conspiracy_list
hansipansiofficial,1488236615,,False,9,tgdataset_conspiracy_list
hansmagiefix,1074444165,,False,9,tgdataset_conspiracy_list
HappyAwakeFelizDespertar,1687192212,,False,9,tgdataset_conspiracy_list
happymir,1248620509,,False,9,tgdataset_conspiracy_list
HaraldThiers,1343940759,,False,9,tgdataset_conspiracy_list
Hardtruth2020,1460088670,,False,9,tgdataset_conspiracy_list
hardy_q_anon,1362721191,,False,9,tgdataset_conspiracy_list
harshvideo,1371729198,,False,9,tgdataset_conspiracy_list
HartesGeld,1461974436,,False,9,tgdataset_conspiracy_list
hartmutlehmann_news_channel,1430301927,,False,9,tgdataset_conspiracy_list
hasanabbasi_students,1009485243,,False,9,tgdataset_conspiracy_list
hashtelegraph,1114720704,,False,9,tgdataset_conspiracy_list
hasibiro_maga2021,1441320752,,False,9,tgdataset_conspiracy_list
hasifot,1324098503,,False,9,tgdataset_conspiracy_list
hastalamuertejuntos,1339141868,,False,9,tgdataset_conspiracy_list
Haunebu7,1402095546,,False,9,tgdataset_conspiracy_list
HaunsiAppmann,1369148194,,False,9,tgdataset_conspiracy_list
hauptstadtstudio,1322690452,,False,9,tgdataset_conspiracy_list
hausatlantis,1173158728,,False,9,tgdataset_conspiracy_list
hausderluege,1193293043,,False,9,tgdataset_conspiracy_list
hausderwahrheit,1257578443,,False,9,tgdataset_conspiracy_list
Hay_Mna,1451778079,,False,9,tgdataset_conspiracy_list
hayimitq,1299602465,,False,9,tgdataset_conspiracy_list
hcamur1957,1140635550,,False,9,tgdataset_conspiracy_list
hde2020,1488005280,,False,9,tgdataset_conspiracy_list
headlines_for_traders,1308785417,,False,9,tgdataset_conspiracy_list
healer_pic,1226913762,,False,9,tgdataset_conspiracy_list
healerscrafts,1469674050,,False,9,tgdataset_conspiracy_list
healthbest,1148240789,,False,9,tgdataset_conspiracy_list
healthnewsgermany,1194909736,,False,9,tgdataset_conspiracy_list
HeartEarthFreeSoul,1221198358,,False,9,tgdataset_conspiracy_list
heartmovement,1317786116,,False,9,tgdataset_conspiracy_list
hebrewOneBlog,1385868140,,False,9,tgdataset_conspiracy_list
Hectoroid,1330296037,,False,9,tgdataset_conspiracy_list
Hegemony_culture,1066087595,,False,9,tgdataset_conspiracy_list
hegmatanehonline,1009481977,,False,9,tgdataset_conspiracy_list
HeidiSpirit,1480196551,,False,9,tgdataset_conspiracy_list
heidjerjunge2,1270845326,,False,9,tgdataset_conspiracy_list
heikooly,1581521621,,False,9,tgdataset_conspiracy_list
Heikos_Fazit,1379737747,,False,9,tgdataset_conspiracy_list
heilendeEnergien,1096355208,,False,9,tgdataset_conspiracy_list
HeilFelder,1266796404,,False,9,tgdataset_conspiracy_list
heiligegeometrie,1171430048,,False,9,tgdataset_conspiracy_list
heilklangmatharakristin2020,1159489434,,False,9,tgdataset_conspiracy_list
heilkreise_berlin,1259116801,,False,9,tgdataset_conspiracy_list
HeilkundeHomoeopathie,1179366579,,False,9,tgdataset_conspiracy_list
Heilungsdosis,1262762690,,False,9,tgdataset_conspiracy_list
HeilungundSeelenfrieden,1399071750,,False,9,tgdataset_conspiracy_list
Heimat_in_Freiheit,1322318650,,False,9,tgdataset_conspiracy_list
HeimatDeutschland,1318892205,,False,9,tgdataset_conspiracy_list
HeimatgewaltfreiVereint,1274793311,,False,9,tgdataset_conspiracy_list
Heinrichs_Gedanken,1169406847,,False,9,tgdataset_conspiracy_list
helbchannel,1287926256,,False,9,tgdataset_conspiracy_list
HelgePlavenieks,1400199450,,False,9,tgdataset_conspiracy_list
hemerotecadigital,1431784269,,False,9,tgdataset_conspiracy_list
heraclitoris,1266893273,,False,9,tgdataset_conspiracy_list
hermannslandnachrichten,1205145065,,False,9,tgdataset_conspiracy_list
hermesrightnow,1392761865,,False,9,tgdataset_conspiracy_list
HeroEcoTravel,1298171954,,False,9,tgdataset_conspiracy_list
herotichic,1382805612,,False,9,tgdataset_conspiracy_list
herskinspoem,1146888642,,False,9,tgdataset_conspiracy_list
herz2019,1473011017,,False,9,tgdataset_conspiracy_list
HerzensmenschenUnited,1168759606,,False,9,tgdataset_conspiracy_list
Herzensoeffnerin,1245757168,,False,9,tgdataset_conspiracy_list
Herzenssache,1358783352,,False,9,tgdataset_conspiracy_list
HerzenssacheSpirit,1460157616,,False,9,tgdataset_conspiracy_list
Herzenswahrheiten,1392550501,,False,9,tgdataset_conspiracy_list
HERZgebirge,1192690363,,False,9,tgdataset_conspiracy_list
herzharzland,1692282646,,False,9,tgdataset_conspiracy_list
Herzkompass,1319659454,,False,9,tgdataset_conspiracy_list
herzmagiefuerfrauen,1166498767,,False,9,tgdataset_conspiracy_list
HerzMiteinander,1322256390,,False,9,tgdataset_conspiracy_list
Herzschluessel,1273517525,,False,9,tgdataset_conspiracy_list
hesmashena,1000522849,,False,9,tgdataset_conspiracy_list
HessenSA,1292583326,,False,9,tgdataset_conspiracy_list
hetkantelpunt,1683530044,,False,9,tgdataset_conspiracy_list
heWhiteWolf,1470698351,,False,9,tgdataset_conspiracy_list
hexentranshammer,1419335765,,False,9,tgdataset_conspiracy_list
Hexenwerk_pamTschi,1399000055,,False,9,tgdataset_conspiracy_list
hfee1,1175616678,,False,9,tgdataset_conspiracy_list
HFRgelesen,1394373028,,False,9,tgdataset_conspiracy_list
hictlee61,1262509306,,False,9,tgdataset_conspiracy_list
hidden_in_plain_sight,1158891953,,False,9,tgdataset_conspiracy_list
HiddenFactsOfficial,1426057635,,False,9,tgdataset_conspiracy_list
hierzusammen,1188527600,,False,9,tgdataset_conspiracy_list
highbrowww,1483899250,,False,9,tgdataset_conspiracy_list
highchan,1208396425,,False,9,tgdataset_conspiracy_list
highlandermadmax,1212387831,,False,9,tgdataset_conspiracy_list
hijasdeuropa,1162837683,,False,9,tgdataset_conspiracy_list
hijosdelasestrellas,1221819549,,False,9,tgdataset_conspiracy_list
hilfswecker,1408047940,,False,9,tgdataset_conspiracy_list
HimalayaFriendsGermany,1155522141,,False,9,tgdataset_conspiracy_list
HimalayaNew,1238310714,,False,9,tgdataset_conspiracy_list
hingehen,1482747560,,False,9,tgdataset_conspiracy_list
Hintenburg,1292816732,,False,9,tgdataset_conspiracy_list
hinter_den_kulissen,1368935549,,False,9,tgdataset_conspiracy_list
hinterdemmainstream,1402438632,,False,9,tgdataset_conspiracy_list
HinterdenKulissen2,1164479851,,False,9,tgdataset_conspiracy_list
HinterDenKulissenKanal,1389013353,,False,9,tgdataset_conspiracy_list
hinterfragtalles,1181048722,,False,9,tgdataset_conspiracy_list
Hintergrundfakten,1374320411,,False,9,tgdataset_conspiracy_list
HiperboreaHyperboreaHyperborei,1408438309,,False,9,tgdataset_conspiracy_list
Hirnbroetchen,1463040398,,False,9,tgdataset_conspiracy_list
HirnstattHetze,1270637366,,False,9,tgdataset_conspiracy_list
Hispania_Despierta,1326637616,,False,9,tgdataset_conspiracy_list
hispanospatriotas,1146966608,,False,9,tgdataset_conspiracy_list
HistoryOFua,1427790922,,False,9,tgdataset_conspiracy_list
hjwaldeck,1244593056,,False,9,tgdataset_conspiracy_list
hkerwithq,1217927299,,False,9,tgdataset_conspiracy_list
hkmagicresearchschool,1194757393,,False,9,tgdataset_conspiracy_list
hkposter777,1120039663,,False,9,tgdataset_conspiracy_list
hofheimerfreiheitsboten,1350337408,,False,9,tgdataset_conspiracy_list
hojeno_mundomilitar,1405927991,,False,9,tgdataset_conspiracy_list
holeoffox,1172867529,,False,9,tgdataset_conspiracy_list
HolgerFischerRA,1426274927,,False,9,tgdataset_conspiracy_list
holisticenergetics,1423527697,,False,9,tgdataset_conspiracy_list
holistikaspecialty,1245185749,,False,9,tgdataset_conspiracy_list
HolistiqueChic,1264965507,,False,9,tgdataset_conspiracy_list
holistischgesundleben,1478771009,,False,9,tgdataset_conspiracy_list
holmogortalks,1024716060,,False,9,tgdataset_conspiracy_list
holocaustluege,1360922035,,False,9,tgdataset_conspiracy_list
HolografischeWelt,1463857129,,False,9,tgdataset_conspiracy_list
holyneko,1232026524,,False,9,tgdataset_conspiracy_list
Holzleben,1321387498,,False,9,tgdataset_conspiracy_list
homauondarabi,1002659007,,False,9,tgdataset_conspiracy_list
homeopathy_stapper,1409283693,,False,9,tgdataset_conspiracy_list
homeschoolingwagen,1342038504,,False,9,tgdataset_conspiracy_list
HomoQuantum,1293503317,,False,9,tgdataset_conspiracy_list
homossexuais,1351758296,,False,9,tgdataset_conspiracy_list
honestmarketing,1188048844,,False,9,tgdataset_conspiracy_list
hongkongersecrets,1175097546,,False,9,tgdataset_conspiracy_list
honkforhopeoffiziell,1165025599,,False,9,tgdataset_conspiracy_list
HoppeStar,1420996473,,False,9,tgdataset_conspiracy_list
horalab,1089870799,,False,9,tgdataset_conspiracy_list
horizont_telegram,1209450450,,False,9,tgdataset_conspiracy_list
horoshiekartinki,1313378440,,False,9,tgdataset_conspiracy_list
horror_RussoRosso,1085452647,,False,9,tgdataset_conspiracy_list
horstru,1381219046,,False,9,tgdataset_conspiracy_list
HotDigital,1119412255,,False,9,tgdataset_conspiracy_list
hotspotstagexexm,1217786828,,False,9,tgdataset_conspiracy_list
HowsItGoingToEnd,1313882067,,False,9,tgdataset_conspiracy_list
howzehenghelabi,1057012234,,False,9,tgdataset_conspiracy_list
hpnadineschmidt,1205490947,,False,9,tgdataset_conspiracy_list
HrSuhr,1437621017,,False,9,tgdataset_conspiracy_list
hrtechnology,1092874138,,False,9,tgdataset_conspiracy_list
HRZRadio,1223398672,,False,9,tgdataset_conspiracy_list
HugsFund,1213211587,,False,9,tgdataset_conspiracy_list
huliwar,1333658901,,False,9,tgdataset_conspiracy_list
humanidad30,1439914328,,False,9,tgdataset_conspiracy_list
HumanidadDespertando,1275214093,,False,9,tgdataset_conspiracy_list
HumanidadDespiertaDifusion,1337937903,,False,9,tgdataset_conspiracy_list
humanosconscientes,1394753341,,False,9,tgdataset_conspiracy_list
humanoscontrapersonas,1346596677,,False,9,tgdataset_conspiracy_list
hummusreport,1250324144,,False,9,tgdataset_conspiracy_list
Humorhilft,1293127227,,False,9,tgdataset_conspiracy_list
humornacionalista,1305537073,,False,9,tgdataset_conspiracy_list
husafreenews,1244480327,,False,9,tgdataset_conspiracy_list
HVSchannel,1101516285,,False,9,tgdataset_conspiracy_list
Hybridwar,1155340104,,False,9,tgdataset_conspiracy_list
hydepark,1174430598,,False,9,tgdataset_conspiracy_list
hypecoinnews,1190781744,,False,9,tgdataset_conspiracy_list
hyperbolea,1036464058,,False,9,tgdataset_conspiracy_list
hyperomsk,1364061503,,False,9,tgdataset_conspiracy_list
HypomaniaAndSpeed,1139904932,,False,9,tgdataset_conspiracy_list
i_curtain,1111032839,,False,9,tgdataset_conspiracy_list
ia_steklomoy,1043238747,,False,9,tgdataset_conspiracy_list
iamplc,1068999829,,False,9,tgdataset_conspiracy_list
iamsunnyahluna,1439721665,,False,9,tgdataset_conspiracy_list
iatemodels,1434020213,,False,9,tgdataset_conspiracy_list
IB_MeckPomm,1484358739,,False,9,tgdataset_conspiracy_list
ibasid,1289644423,,False,9,tgdataset_conspiracy_list
IBEuropa,1179698886,,False,9,tgdataset_conspiracy_list
ibizakurier,1549783982,,False,9,tgdataset_conspiracy_list
ich2es,1375504166,,False,9,tgdataset_conspiracy_list
ICHBINimWANDEL,1409218815,,False,9,tgdataset_conspiracy_list
ichbinwissen,1206612429,,False,9,tgdataset_conspiracy_list
ichlassemichnichtimpfenkanal,1238861298,,False,9,tgdataset_conspiracy_list
ichliebeeuc,1223184093,,False,9,tgdataset_conspiracy_list
ichstehauf,1458531308,,False,9,tgdataset_conspiracy_list
icokaraulny,1149547589,,False,9,tgdataset_conspiracy_list
ICOmuzhik,1131157899,,False,9,tgdataset_conspiracy_list
iconlife_ru,1443117063,,False,9,tgdataset_conspiracy_list
ICsauvegarde,1333866729,,False,9,tgdataset_conspiracy_list
ID2ELECTRICBOOGALO,1270961833,,False,9,tgdataset_conspiracy_list
idaschmidinfo,1326311701,,False,9,tgdataset_conspiracy_list
IdentitaereBewegungHamburg,1183040915,,False,9,tgdataset_conspiracy_list
IdentitaereDeutschland,1195979825,,False,9,tgdataset_conspiracy_list
IdentitaereNiedersachsen,1169305617,,False,9,tgdataset_conspiracy_list
IesusXristos,1249010290,,False,9,tgdataset_conspiracy_list
Iglesia_Ortodoxa,1446699002,,False,9,tgdataset_conspiracy_list
ignatia_intolerantia,1428913307,,False,9,tgdataset_conspiracy_list
ignazbearth,1153994242,,False,9,tgdataset_conspiracy_list
iGNORANT_CHiMP,1276492389,,False,9,tgdataset_conspiracy_list
igor_panarin,1350541371,,False,9,tgdataset_conspiracy_list
igorshnurenko,1518149721,,False,9,tgdataset_conspiracy_list
iikhu,1391290992,,False,9,tgdataset_conspiracy_list
iillyuziya,1317589210,,False,9,tgdataset_conspiracy_list
ikamibe,1535645774,,False,9,tgdataset_conspiracy_list
ikatanaev,1310643113,,False,9,tgdataset_conspiracy_list
IlcasoScafroglia,1062383348,,False,9,tgdataset_conspiracy_list
ilfrittomisto,1398053920,,False,9,tgdataset_conspiracy_list
Ilk_qadam_2020,1418223742,,False,9,tgdataset_conspiracy_list
illegalthoughts,1105397572,,False,9,tgdataset_conspiracy_list
illheard,1375383317,,False,9,tgdataset_conspiracy_list
illoungedicr3m,1481215626,,False,9,tgdataset_conspiracy_list
ILLUMINATI_NEWS_TV,1312031999,,False,9,tgdataset_conspiracy_list
ilmilione,1397575415,,False,9,tgdataset_conspiracy_list
ilmnafsi,1200052006,,False,9,tgdataset_conspiracy_list
ilrisveglio_Q1776,1480153320,,False,9,tgdataset_conspiracy_list
ILSIEROSPERIMENTALEUCCIDE,1330934299,,False,9,tgdataset_conspiracy_list
ilVeritiero,1456727884,,False,9,tgdataset_conspiracy_list
ilviruselostato,1393406498,,False,9,tgdataset_conspiracy_list
ilyosbek,1336170989,,False,9,tgdataset_conspiracy_list
Im_Auge_des_Betrachters,1344025306,,False,9,tgdataset_conspiracy_list
Im_Hayastan,1345982904,,False,9,tgdataset_conspiracy_list
IMANTVchickenrun,1427855388,,False,9,tgdataset_conspiracy_list
ImFluid,1385282510,,False,9,tgdataset_conspiracy_list
ImFlussDerEnergien,1246781396,,False,9,tgdataset_conspiracy_list
imgeistechristi,1332564808,,False,9,tgdataset_conspiracy_list
imherzenzuhause,1298505772,,False,9,tgdataset_conspiracy_list
immigraniadaUS,1288184964,,False,9,tgdataset_conspiracy_list
imminfo,1134193620,,False,9,tgdataset_conspiracy_list
imnotbozhena,1291701327,,False,9,tgdataset_conspiracy_list
Impeachment_putinu,1219039612,,False,9,tgdataset_conspiracy_list
ImperivmRenaissance,1391578486,,False,9,tgdataset_conspiracy_list
impfalternativen,1296514188,,False,9,tgdataset_conspiracy_list
impfattacke_seele,1248870357,,False,9,tgdataset_conspiracy_list
Impfen_Ja_oder_Nein,1284505895,,False,9,tgdataset_conspiracy_list
impfen_nein_danke,1440393212,,False,9,tgdataset_conspiracy_list
impfenarchiv,1479290749,,False,9,tgdataset_conspiracy_list
impfenmussfreiwilligbleiben,1290303726,,False,9,tgdataset_conspiracy_list
impfenschaeden,1638432660,,False,9,tgdataset_conspiracy_list
impffreiheit_infos,1222827467,,False,9,tgdataset_conspiracy_list
impffreiwork,1419335165,,False,9,tgdataset_conspiracy_list
ImpfInfoEfAuF,1375238469,,False,9,tgdataset_conspiracy_list
impfkritik,1290821447,,False,9,tgdataset_conspiracy_list
impfkritikaltenburg,1157369611,,False,9,tgdataset_conspiracy_list
impfkritischKanal,1441036193,,False,9,tgdataset_conspiracy_list
impfnebenwirkungen,1395381142,,False,9,tgdataset_conspiracy_list
impfschaden,1160804952,,False,9,tgdataset_conspiracy_list
impfschadendokumentation1,1196146516,,False,9,tgdataset_conspiracy_list
ImpfstoffKritik,1248201328,,False,9,tgdataset_conspiracy_list
impfung2019,1434819268,,False,9,tgdataset_conspiracy_list
Impfungverweigern,1421890016,,False,9,tgdataset_conspiracy_list
ImpfWahn,1475315057,,False,9,tgdataset_conspiracy_list
impossibleworlds,1133318689,,False,9,tgdataset_conspiracy_list
impulsederheilung,1356083721,,False,9,tgdataset_conspiracy_list
impulseundenergienderneuenzeit,1266005613,,False,9,tgdataset_conspiracy_list
ImpulsgeberRobertPlucinsky,1355242535,,False,9,tgdataset_conspiracy_list
imrussia,1096701748,,False,9,tgdataset_conspiracy_list
in100gram4,1128136165,,False,9,tgdataset_conspiracy_list
in_cinema,1402997063,,False,9,tgdataset_conspiracy_list
in_futuro,1541428201,,False,9,tgdataset_conspiracy_list
in_Naturweg,1212158054,,False,9,tgdataset_conspiracy_list
In_Telegram_Veritas,1353898111,,False,9,tgdataset_conspiracy_list
INAKARB,1458672858,,False,9,tgdataset_conspiracy_list
INAKARBgmbh,1205697017,,False,9,tgdataset_conspiracy_list
Inana_geomantie_schamanismus,1333562377,,False,9,tgdataset_conspiracy_list
INBEIMIT,1455455314,,False,9,tgdataset_conspiracy_list
inBewegung,1212406751,,False,9,tgdataset_conspiracy_list
incidentbrn,1258633513,,False,9,tgdataset_conspiracy_list
incrypted,1097198074,,False,9,tgdataset_conspiracy_list
ind0h,1331528665,,False,9,tgdataset_conspiracy_list
IndependentAnonsDE,1138808934,,False,9,tgdataset_conspiracy_list
india_tv2020,1325422435,,False,9,tgdataset_conspiracy_list
indiainrussian,1353118023,,False,9,tgdataset_conspiracy_list
indiebreite,1120103889,,False,9,tgdataset_conspiracy_list
indiesergruppewirdnichtgelogen,1165774597,,False,9,tgdataset_conspiracy_list
indigoworldwidecommunity,1350048432,,False,9,tgdataset_conspiracy_list
Individuelle_Impfentscheidung,1450445644,,False,9,tgdataset_conspiracy_list
inEIGENVERANTWORTUNG,1168434736,,False,9,tgdataset_conspiracy_list
ines_sainz,1287401651,,False,9,tgdataset_conspiracy_list
infantmilitario,1111348665,,False,9,tgdataset_conspiracy_list
infinitychepest,1353839210,,False,9,tgdataset_conspiracy_list
infj_here,1247672552,,False,9,tgdataset_conspiracy_list
info2germany,1166741988,,False,9,tgdataset_conspiracy_list
Info_20plus1,1289177200,,False,9,tgdataset_conspiracy_list
info_alternativa,1158697088,,False,9,tgdataset_conspiracy_list
info_denken_handeln,1356947087,,False,9,tgdataset_conspiracy_list
Info_denuncias_y_testimonios,1485783464,,False,9,tgdataset_conspiracy_list
InfoAlternativa,1193460447,,False,9,tgdataset_conspiracy_list
infoanarquia,1429683744,,False,9,tgdataset_conspiracy_list
infoburbuja,1394805311,,False,9,tgdataset_conspiracy_list
infogalea,1488525504,,False,9,tgdataset_conspiracy_list
InfoGeoLiveNews,1403597744,,False,9,tgdataset_conspiracy_list
infojet,1264008360,,False,9,tgdataset_conspiracy_list
InfoKanal_2021,1362344588,,False,9,tgdataset_conspiracy_list
Infokanal_De,1308487308,,False,9,tgdataset_conspiracy_list
Infokanal_Dresden,1303213333,,False,9,tgdataset_conspiracy_list
infokanal_muenzenmaier,1314107998,,False,9,tgdataset_conspiracy_list
InfoKanalausSachsen,1175067174,,False,9,tgdataset_conspiracy_list
INFOKANALm8y1,1437056804,,False,9,tgdataset_conspiracy_list
InfokanalzumThemaHS,1420583813,,False,9,tgdataset_conspiracy_list
infokju,1496021132,,False,9,tgdataset_conspiracy_list
infokrieger00,1364684529,,False,9,tgdataset_conspiracy_list
Infokrieger20,1276307080,,False,9,tgdataset_conspiracy_list
infokriegernews,1150900779,,False,9,tgdataset_conspiracy_list
infokrig,1325886665,,False,9,tgdataset_conspiracy_list
infolibre_fil_d_actus,1200002840,,False,9,tgdataset_conspiracy_list
infomiltenberg,1473403859,,False,9,tgdataset_conspiracy_list
infonesh,1489292361,,False,9,tgdataset_conspiracy_list
infonetHH,1448058333,,False,9,tgdataset_conspiracy_list
infoNeueZeit,1347724292,,False,9,tgdataset_conspiracy_list
Infooberland,1484465534,,False,9,tgdataset_conspiracy_list
InfoPapaya,1369974265,,False,9,tgdataset_conspiracy_list
infoplatz,1258171109,,False,9,tgdataset_conspiracy_list
INFOquerbeet,1416808726,,False,9,tgdataset_conspiracy_list
informacionalternativa,1432976560,,False,9,tgdataset_conspiracy_list
Information2015,1421663817,,False,9,tgdataset_conspiracy_list
Information_war,1336734187,,False,9,tgdataset_conspiracy_list
InformationIstAlles,1442582945,,False,9,tgdataset_conspiracy_list
InformationsKanal1,1799888240,,False,9,tgdataset_conspiracy_list
informationslibres,1594924072,,False,9,tgdataset_conspiracy_list
informationsmediz,1326382370,,False,9,tgdataset_conspiracy_list
InformationspunktCH,1233191717,,False,9,tgdataset_conspiracy_list
informesacidos,1206460601,,False,9,tgdataset_conspiracy_list
informieren_statt_impfen_lassen,1523079754,,False,9,tgdataset_conspiracy_list
informwaranalytics,1259742013,,False,9,tgdataset_conspiracy_list
infos_5d_movement,1442671959,,False,9,tgdataset_conspiracy_list
Infos_Impfen,1313275283,,False,9,tgdataset_conspiracy_list
infos_zu_corona,1385852033,,False,9,tgdataset_conspiracy_list
infoschleuder,1260188465,,False,9,tgdataset_conspiracy_list
infosion,1197224167,,False,9,tgdataset_conspiracy_list
infosmadberlin,1244004210,,False,9,tgdataset_conspiracy_list
infosminutsfrance,1374770535,,False,9,tgdataset_conspiracy_list
infosQc,1648888166,,False,9,tgdataset_conspiracy_list
infOteka21,1534611028,,False,9,tgdataset_conspiracy_list
infoteka24,1300355609,,False,9,tgdataset_conspiracy_list
infoVirusChile,1208259316,,False,9,tgdataset_conspiracy_list
infowars2,1291171803,,False,9,tgdataset_conspiracy_list
InfoWelle,1397637932,,False,9,tgdataset_conspiracy_list
infranews,1353150053,,False,9,tgdataset_conspiracy_list
IngannatiAlbertoMedici,1437610560,,False,9,tgdataset_conspiracy_list
IngeSteinmetzSatirikerin,1206956745,,False,9,tgdataset_conspiracy_list
Ingolstadt_5G_frei,1196688268,,False,9,tgdataset_conspiracy_list
inkreados,1342323673,,False,9,tgdataset_conspiracy_list
innereerde,1483641080,,False,9,tgdataset_conspiracy_list
InnerWelten,1200440930,,False,9,tgdataset_conspiracy_list
innfacted,1207390839,,False,9,tgdataset_conspiracy_list
ino_tv,1097316842,,False,9,tgdataset_conspiracy_list
inoy_vzor,1466307140,,False,9,tgdataset_conspiracy_list
InSacheGesundheit_Kanal,1451923313,,False,9,tgdataset_conspiracy_list
insidechina,1243561719,,False,9,tgdataset_conspiracy_list
insider_infor,1490926898,,False,9,tgdataset_conspiracy_list
insiderqitaly,1583055270,,False,9,tgdataset_conspiracy_list
insidetherabbithole2021,1439378154,,False,9,tgdataset_conspiracy_list
insolentes,1190470359,,False,9,tgdataset_conspiracy_list
insomnia7806,1451259019,,False,9,tgdataset_conspiracy_list
inspiration4transformation,1405728179,,False,9,tgdataset_conspiracy_list
InspirationundAktion,1430708693,,False,9,tgdataset_conspiracy_list
inspiringstuffDE,1156364483,,False,9,tgdataset_conspiracy_list
Instagrampap,1252275145,,False,9,tgdataset_conspiracy_list
INSUFFERABLE_RETARDS,1373804324,,False,9,tgdataset_conspiracy_list
integraleUmweltheilung,1377037756,,False,9,tgdataset_conspiracy_list
intelligent_investor_kz,1455216668,,False,9,tgdataset_conspiracy_list
intelligentdesign_ru,1140480574,,False,9,tgdataset_conspiracy_list
Intellinews_info,1147837747,,False,9,tgdataset_conspiracy_list
IntelPol,1497585598,,False,9,tgdataset_conspiracy_list
intercourier,1231777349,,False,9,tgdataset_conspiracy_list
Interestratemoney,1460488389,,False,9,tgdataset_conspiracy_list
InteresXPlandemia,1530753633,,False,9,tgdataset_conspiracy_list
interkulturelleWiderstand,1363887141,,False,9,tgdataset_conspiracy_list
interlinked_within,1460499405,,False,9,tgdataset_conspiracy_list
INTERNATIONALCORONANEWS,1471438349,,False,9,tgdataset_conspiracy_list
InternationalRel,1067926063,,False,9,tgdataset_conspiracy_list
internet_people,1355049292,,False,9,tgdataset_conspiracy_list
internet_privacy_io_2,1244453457,,False,9,tgdataset_conspiracy_list
interparochka,1309376366,,False,9,tgdataset_conspiracy_list
interstudies,1335250779,,False,9,tgdataset_conspiracy_list
intmonitoring,1100643353,,False,9,tgdataset_conspiracy_list
INTO_THE_LIGHT_NEWS,1364738787,,False,9,tgdataset_conspiracy_list
intolerants,1253410962,,False,9,tgdataset_conspiracy_list
intothelightundbequemschlafen,1156844512,,False,9,tgdataset_conspiracy_list
IntressanteDaten,1401991513,,False,9,tgdataset_conspiracy_list
intressantesundinformatives,1441301612,,False,9,tgdataset_conspiracy_list
intuitionearthproject,1495138112,,False,9,tgdataset_conspiracy_list
inukami,1005175582,,False,9,tgdataset_conspiracy_list
invest_in,1284853431,,False,9,tgdataset_conspiracy_list
invest_or_lost,1111651982,,False,9,tgdataset_conspiracy_list
investa_trade,1178663345,,False,9,tgdataset_conspiracy_list
investbase,1085970296,,False,9,tgdataset_conspiracy_list
InvestHeroes,1168461049,,False,9,tgdataset_conspiracy_list
InvestHeroes_LIVE,1095274205,,False,9,tgdataset_conspiracy_list
investigando1,1346905083,,False,9,tgdataset_conspiracy_list
investigaplandemia2020,1479205850,,False,9,tgdataset_conspiracy_list
invictusveritasmedia,1198007612,,False,9,tgdataset_conspiracy_list
iotdaily,1334013581,,False,9,tgdataset_conspiracy_list
IPakkiDiYulpakki,1493181243,,False,9,tgdataset_conspiracy_list
Ipecon,1336901665,,False,9,tgdataset_conspiracy_list
iran1444_ir,1376797588,,False,9,tgdataset_conspiracy_list
Iran1News1,1094752142,,False,9,tgdataset_conspiracy_list
Iran_CapitalMarket,1002212277,,False,9,tgdataset_conspiracy_list
IranArianaShahnameh,1035142019,,False,9,tgdataset_conspiracy_list
iranepilepsy,1000723802,,False,9,tgdataset_conspiracy_list
iranpalaeolithic,1116894802,,False,9,tgdataset_conspiracy_list
IRANPHILOR,1069641226,,False,9,tgdataset_conspiracy_list
IRANVEJ,1056820997,,False,9,tgdataset_conspiracy_list
iranwallstreet,1006144895,,False,9,tgdataset_conspiracy_list
iranyaran66,1004293732,,False,9,tgdataset_conspiracy_list
IraqMedicalStudents,1059595253,,False,9,tgdataset_conspiracy_list
iravan1747,1203752326,,False,9,tgdataset_conspiracy_list
irCDS,1100688943,,False,9,tgdataset_conspiracy_list
ireattivi,1334183314,,False,9,tgdataset_conspiracy_list
irfia_channel,1121728171,,False,9,tgdataset_conspiracy_list
IRI_cyber,1043813041,,False,9,tgdataset_conspiracy_list
IRIEalize,1335075025,,False,9,tgdataset_conspiracy_list
Irinamuhinaexpert,1297617034,,False,9,tgdataset_conspiracy_list
Irlmaier,1489382658,,False,9,tgdataset_conspiracy_list
irobosheep,1143968824,,False,9,tgdataset_conspiracy_list
IRONPILLS,1175345841,,False,9,tgdataset_conspiracy_list
Irrefuehrung,1458015352,,False,9,tgdataset_conspiracy_list
IrrenhausBRiD,1438711522,,False,9,tgdataset_conspiracy_list
isabelatoader2021,1335196191,,False,9,tgdataset_conspiracy_list
isabelmachadojornalista,1432377687,,False,9,tgdataset_conspiracy_list
isaevlive,1060872407,,False,9,tgdataset_conspiracy_list
IseeyoumeinKanal,1213665811,,False,9,tgdataset_conspiracy_list
ish_sobitiya,1351163842,,False,9,tgdataset_conspiracy_list
ishtarlove,1192633381,,False,9,tgdataset_conspiracy_list
iskra112,1144346431,,False,9,tgdataset_conspiracy_list
islam_kritik,1399493134,,False,9,tgdataset_conspiracy_list
Islamistenjaeger,1339020804,,False,9,tgdataset_conspiracy_list
IslandOfCrimea,1287303709,,False,9,tgdataset_conspiracy_list
islaRD,1783107128,,False,9,tgdataset_conspiracy_list
Isowlight,1286020071,,False,9,tgdataset_conspiracy_list
Israel_is_Awakening,1407328453,,False,9,tgdataset_conspiracy_list
israel_mitOReret,1563465354,,False,9,tgdataset_conspiracy_list
israelblogru,1190293392,,False,9,tgdataset_conspiracy_list
IsraelHoy,1245598936,,False,9,tgdataset_conspiracy_list
IsraelShamir0,1125835844,,False,9,tgdataset_conspiracy_list
israeltoday,1075023847,,False,9,tgdataset_conspiracy_list
israelus,1164603269,,False,9,tgdataset_conspiracy_list
israesiraj_gmail,1336604519,,False,9,tgdataset_conspiracy_list
Istochnic_i_litera,1110834096,,False,9,tgdataset_conspiracy_list
ItalianGoodposting,1135836983,,False,9,tgdataset_conspiracy_list
ItalianHoaxWatch,1225558707,,False,9,tgdataset_conspiracy_list
ItalianPatriots,1195286743,,False,9,tgdataset_conspiracy_list
italiansupremacymemes,1367063634,,False,9,tgdataset_conspiracy_list
italolorenzon,1442717139,,False,9,tgdataset_conspiracy_list
ItpediaTelegram,1449547051,,False,9,tgdataset_conspiracy_list
itsmemaxo,1134498235,,False,9,tgdataset_conspiracy_list
itstalktime,1312991985,,False,9,tgdataset_conspiracy_list
ITundSicherheit,1131306080,,False,9,tgdataset_conspiracy_list
IvanDanko2020,1404750021,,False,9,tgdataset_conspiracy_list
ivanessenslive,1116306348,,False,9,tgdataset_conspiracy_list
ivetasemetkova,1427418932,,False,9,tgdataset_conspiracy_list
IvI_DdG,1444202778,,False,9,tgdataset_conspiracy_list
ivikappler,1241537464,,False,9,tgdataset_conspiracy_list
iVooxAudios,1302670743,,False,9,tgdataset_conspiracy_list
ivorixO,1164463657,,False,9,tgdataset_conspiracy_list
ivzunbearable,1226506427,,False,9,tgdataset_conspiracy_list
iwendtde,1243296194,,False,9,tgdataset_conspiracy_list
iyusfund,1184499033,,False,9,tgdataset_conspiracy_list
izdanie_one,1376627241,,False,9,tgdataset_conspiracy_list
izolyatsiinet,1168647749,,False,9,tgdataset_conspiracy_list
izum_na_matzo,1273364443,,False,9,tgdataset_conspiracy_list
j3moo9,1059461532,,False,9,tgdataset_conspiracy_list
J_O_G_U_M_E_S,1379557038,,False,9,tgdataset_conspiracy_list
J_SopicCDS_Tratamientos,1342406549,,False,9,tgdataset_conspiracy_list
JabaDecoded,1352212751,,False,9,tgdataset_conspiracy_list
jackdimension,1567653602,,False,9,tgdataset_conspiracy_list
jacksblickwinkel,1324395239,,False,9,tgdataset_conspiracy_list
JadrankaDierkes,1336438587,,False,9,tgdataset_conspiracy_list
JadRazi,1098251541,,False,9,tgdataset_conspiracy_list
Jaegermeisster,1417986309,,False,9,tgdataset_conspiracy_list
jalaeipour,1000975413,,False,9,tgdataset_conspiracy_list
jamekf,1279812934,,False,9,tgdataset_conspiracy_list
jamiledavies1,1523072458,,False,9,tgdataset_conspiracy_list
Janet13_vid,1696994954,,False,9,tgdataset_conspiracy_list
jangefarhang,1070252272,,False,9,tgdataset_conspiracy_list
jarsoseye,1475392666,,False,9,tgdataset_conspiracy_list
JavierGrau,1272928562,,False,9,tgdataset_conspiracy_list
JAXnews,1449075225,,False,9,tgdataset_conspiracy_list
Jazzbluesmusic,1029236413,,False,9,tgdataset_conspiracy_list
jazzonthecorner,1074380832,,False,9,tgdataset_conspiracy_list
jbaumann_puzzle,1374777971,,False,9,tgdataset_conspiracy_list
JBVKanal,1437625439,,False,9,tgdataset_conspiracy_list
jchuelva,1407794235,,False,9,tgdataset_conspiracy_list
Jean_Pierre_Infotainment,1346188699,,False,9,tgdataset_conspiracy_list
Jeana_Luft,1203191472,,False,9,tgdataset_conspiracy_list
jeanpierre_channel,1380683325,,False,9,tgdataset_conspiracy_list
jedenTageineguteTat,1382681424,,False,9,tgdataset_conspiracy_list
jenayaat,1015825288,,False,9,tgdataset_conspiracy_list
Jenny274,1413505951,,False,9,tgdataset_conspiracy_list
jennykillu,1482346525,,False,9,tgdataset_conspiracy_list
jens_harms_news,1415829450,,False,9,tgdataset_conspiracy_list
JerryFletcherZwischenspeicher,1477854801,,False,9,tgdataset_conspiracy_list
Jesuiten,1270912022,,False,9,tgdataset_conspiracy_list
JESUS_kommt_bald_bist_du_bereit,1230976387,,False,9,tgdataset_conspiracy_list
jesusderkoenigallerkoenige,1178610154,,False,9,tgdataset_conspiracy_list
JesusEstaVoltando26,1499946632,,False,9,tgdataset_conspiracy_list
Jesusincorporated,1376094499,,False,9,tgdataset_conspiracy_list
jesusistderwegyoutube,1285218602,,False,9,tgdataset_conspiracy_list
jesusistgottesliebe,1422484889,,False,9,tgdataset_conspiracy_list
JesusistWarheit,1309434952,,False,9,tgdataset_conspiracy_list
Jesusliebt,1237538299,,False,9,tgdataset_conspiracy_list
Jesusmachtdichfrei,1202340817,,False,9,tgdataset_conspiracy_list
jesusrules,1242303408,,False,9,tgdataset_conspiracy_list
JETZTfreisein,1470471254,,False,9,tgdataset_conspiracy_list
JewrassicLiars,1309759568,,False,9,tgdataset_conspiracy_list
JewsForFreedomOfSpeech,1309220822,,False,9,tgdataset_conspiracy_list
jezuskomtspoedig,1512076439,,False,9,tgdataset_conspiracy_list
jfkq17,1393610783,,False,9,tgdataset_conspiracy_list
jilwan_kurdistan,1002972151,,False,9,tgdataset_conspiracy_list
jjorqueraa,1273803073,,False,9,tgdataset_conspiracy_list
jkjjkj,1434783054,,False,9,tgdataset_conspiracy_list
jlstaste,1282185107,,False,9,tgdataset_conspiracy_list
jnsy1,1455114243,,False,9,tgdataset_conspiracy_list
Jocker_ulises37,1543391283,,False,9,tgdataset_conspiracy_list
Joelle_Bourgognenaturo,1651557517,,False,9,tgdataset_conspiracy_list
joeytrump,1459698073,,False,9,tgdataset_conspiracy_list
JohnBarron1946,1151892383,,False,9,tgdataset_conspiracy_list
johndukeoflancaster,1678946323,,False,9,tgdataset_conspiracy_list
JohnMolderNews,1719179489,,False,9,tgdataset_conspiracy_list
johnsnowlive,1359037557,,False,9,tgdataset_conspiracy_list
join_PLATT_FORM_now,1319370365,,False,9,tgdataset_conspiracy_list
JoinPanAdmin,1164647796,,False,9,tgdataset_conspiracy_list
jolybells,1158535533,,False,9,tgdataset_conspiracy_list
jolychannel,1477765247,,False,9,tgdataset_conspiracy_list
jomhouri,1065593170,,False,9,tgdataset_conspiracy_list
jonschneesuperhero,1230803085,,False,9,tgdataset_conspiracy_list
joraeder,1341206536,,False,9,tgdataset_conspiracy_list
jornalpontocentral,1412154835,,False,9,tgdataset_conspiracy_list
josemiguelruizvalls,1486368974,,False,9,tgdataset_conspiracy_list
jovanstuff,1178319915,,False,9,tgdataset_conspiracy_list
JPAFS,1487504120,,False,9,tgdataset_conspiracy_list
jscenter,1033329798,,False,9,tgdataset_conspiracy_list
judiada,1216202977,,False,9,tgdataset_conspiracy_list
Jugendamtskritiker,1167954771,,False,9,tgdataset_conspiracy_list
julia_chicherina,1164620271,,False,9,tgdataset_conspiracy_list
Julioarizaeltoro,1417414502,,False,9,tgdataset_conspiracy_list
jungbrunnen728,1583923785,,False,9,tgdataset_conspiracy_list
Junge_Freiheit,1214590981,,False,9,tgdataset_conspiracy_list
Junges_Blut,1416594521,,False,9,tgdataset_conspiracy_list
juridicespaoficio,1063972652,,False,9,tgdataset_conspiracy_list
jusgentium4all,1001403372,,False,9,tgdataset_conspiracy_list
jusso_m,1419279562,,False,9,tgdataset_conspiracy_list
just_be_yoga,1327283351,,False,9,tgdataset_conspiracy_list
justhodling,1476792098,,False,9,tgdataset_conspiracy_list
jw25S7,1290562793,,False,9,tgdataset_conspiracy_list
K1inUSA,1009220153,,False,9,tgdataset_conspiracy_list
K1inUSA2,1062831307,,False,9,tgdataset_conspiracy_list
Kabalenfighter,1301604378,,False,9,tgdataset_conspiracy_list
kabalenfighter2,1427805549,,False,9,tgdataset_conspiracy_list
kaddy_go,1341791107,,False,9,tgdataset_conspiracy_list
Kaghazpare_ir,1480114575,,False,9,tgdataset_conspiracy_list
kaibrenner,1279783396,,False,9,tgdataset_conspiracy_list
Kaifaru,1393309361,,False,9,tgdataset_conspiracy_list
kaiorak,1177506895,,False,9,tgdataset_conspiracy_list
KaiStuht,1171047530,,False,9,tgdataset_conspiracy_list
kakbymnepoest,1100204188,,False,9,tgdataset_conspiracy_list
kaktovottak,1136082758,,False,9,tgdataset_conspiracy_list
kaktus_podkast,1403448928,,False,9,tgdataset_conspiracy_list
kalebjahnkemindset,1448447564,,False,9,tgdataset_conspiracy_list
Kalyyugatoday,1359757812,,False,9,tgdataset_conspiracy_list
Kamopka,1196130915,,False,9,tgdataset_conspiracy_list
Kampf_fuer_unsere_Zukunft,1427459854,,False,9,tgdataset_conspiracy_list
Kampf_um_die_Wahrheit,1405095844,,False,9,tgdataset_conspiracy_list
KamranLeaks,1453262673,,False,9,tgdataset_conspiracy_list
kanal_bewegung_szb,1382552073,,False,9,tgdataset_conspiracy_list
KanalChemtrailsHaarp,1156161966,,False,9,tgdataset_conspiracy_list
KanalDerMagie,1134313427,,False,9,tgdataset_conspiracy_list
KanalHafnia,1173095255,,False,9,tgdataset_conspiracy_list
kanaljasmin,1621406839,,False,9,tgdataset_conspiracy_list
kanalolesiebert,1333282973,,False,9,tgdataset_conspiracy_list
kanalpovysheniyaosoznannosti,1450803387,,False,9,tgdataset_conspiracy_list
kanalSatori,1409591916,,False,9,tgdataset_conspiracy_list
KanalTobiasNews,1341748768,,False,9,tgdataset_conspiracy_list
kanalwiderstand,1421957990,,False,9,tgdataset_conspiracy_list
kanalxnet,1355143516,,False,9,tgdataset_conspiracy_list
KankajNatureSchool,1005291387,,False,9,tgdataset_conspiracy_list
kanonerka,1009979560,,False,9,tgdataset_conspiracy_list
kapitalrus,1326664435,,False,9,tgdataset_conspiracy_list
KarabakhBulletin,1122700562,,False,9,tgdataset_conspiracy_list
KarabakhRecords,1218470391,,False,9,tgdataset_conspiracy_list
KarabakhRu,1336172547,,False,9,tgdataset_conspiracy_list
karabakhskie_armyane,1230852660,,False,9,tgdataset_conspiracy_list
karamurat1988,1459328579,,False,9,tgdataset_conspiracy_list
KarauLnet,1142624000,,False,9,tgdataset_conspiracy_list
karaulny_accountant,1125172232,,False,9,tgdataset_conspiracy_list
karaulov_official,1392090507,,False,9,tgdataset_conspiracy_list
karaulovlife,1259144145,,False,9,tgdataset_conspiracy_list
karfagen_official,1142005318,,False,9,tgdataset_conspiracy_list
kargokult,1148297361,,False,9,tgdataset_conspiracy_list
KarinaSarno,1378253275,,False,9,tgdataset_conspiracy_list
KarinSchatzBaechtiger,1460495571,,False,9,tgdataset_conspiracy_list
karl_hilz,1434012623,,False,9,tgdataset_conspiracy_list
Karlssons_Vergeltung,1162581231,,False,9,tgdataset_conspiracy_list
KarmaAbbauImSchlafOG,1333007946,,False,9,tgdataset_conspiracy_list
karocheeto,1060298473,,False,9,tgdataset_conspiracy_list
karolineseibt,1371552507,,False,9,tgdataset_conspiracy_list
karpinside,1247809404,,False,9,tgdataset_conspiracy_list
karposroma,1266710197,,False,9,tgdataset_conspiracy_list
KartavKanaLL,1330652479,,False,9,tgdataset_conspiracy_list
kartinadnyaa,1364918795,,False,9,tgdataset_conspiracy_list
kate86er,1476424799,,False,9,tgdataset_conspiracy_list
KateBono,1203648452,,False,9,tgdataset_conspiracy_list
Kathnet,1173073269,,False,9,tgdataset_conspiracy_list
katholischjugendbewegt,1187373517,,False,9,tgdataset_conspiracy_list
KathrinHaasoffiziell,1202382071,,False,9,tgdataset_conspiracy_list
KatiaTxiLive,1270244196,,False,9,tgdataset_conspiracy_list
katja_katja_gelbwesten,1367880124,,False,9,tgdataset_conspiracy_list
KatjaUndHolgerNLC,1466582948,,False,9,tgdataset_conspiracy_list
kausche,1381877868,,False,9,tgdataset_conspiracy_list
kawaiicrocodile,1168947313,,False,9,tgdataset_conspiracy_list
KayleighMcEnany,1453689696,,False,9,tgdataset_conspiracy_list
kbflF5c,1007990084,,False,9,tgdataset_conspiracy_list
kbrvdvkr,1053596007,,False,9,tgdataset_conspiracy_list
kdf_info,1398050822,,False,9,tgdataset_conspiracy_list
kedr2earth,1068776260,,False,9,tgdataset_conspiracy_list
kein5GinRietschen,1395360837,,False,9,tgdataset_conspiracy_list
keine_ird,1226168142,,False,9,tgdataset_conspiracy_list
kenfm_mv,1033437636,,False,9,tgdataset_conspiracy_list
kenfm_nfsk,1381870569,,False,9,tgdataset_conspiracy_list
KenFMnews,1353811855,,False,9,tgdataset_conspiracy_list
kentdepesche,1254278404,,False,9,tgdataset_conspiracy_list
kephren23,1287057333,,False,9,tgdataset_conspiracy_list
kerimkakmaci,1310589959,,False,9,tgdataset_conspiracy_list
Kesselbunte,1370959074,,False,9,tgdataset_conspiracy_list
kettneredelmetalle,1352567224,,False,9,tgdataset_conspiracy_list
ketzerderneuzeit,1421467508,,False,9,tgdataset_conspiracy_list
kevinannett_ita,1764794052,,False,9,tgdataset_conspiracy_list
keysofsystem,1265581311,,False,9,tgdataset_conspiracy_list
KhavrHistory,1322458920,,False,9,tgdataset_conspiracy_list
khazaee313,1026842216,,False,9,tgdataset_conspiracy_list
khazinlive,1172091299,,False,9,tgdataset_conspiracy_list
khazinml,1332178867,,False,9,tgdataset_conspiracy_list
KHB1954MD,1458160330,,False,9,tgdataset_conspiracy_list
Khochu_vso_znat,1450780482,,False,9,tgdataset_conspiracy_list
khoobaali,1028878328,,False,9,tgdataset_conspiracy_list
khouzestan_iran,1004195814,,False,9,tgdataset_conspiracy_list
khunta_info,1242174092,,False,9,tgdataset_conspiracy_list
kiesdries,1162410452,,False,9,tgdataset_conspiracy_list
kiev_korr,1193421722,,False,9,tgdataset_conspiracy_list
KikiiRoseOfficial,1484021731,,False,9,tgdataset_conspiracy_list
KilezMore,1290874888,,False,9,tgdataset_conspiracy_list
KILLERINGA,1448263586,,False,9,tgdataset_conspiracy_list
KillerMuzakShack,1079078074,,False,9,tgdataset_conspiracy_list
killuminati82,1189320784,,False,9,tgdataset_conspiracy_list
kinder_stehen_auf_news,1243980496,,False,9,tgdataset_conspiracy_list
kinder_und_corona_kongress,1339891364,,False,9,tgdataset_conspiracy_list
kinderbegleiten,1294566485,,False,9,tgdataset_conspiracy_list
kinderderzukunft_kanal,1786285386,,False,9,tgdataset_conspiracy_list
Kinderschutz2022,1301812902,,False,9,tgdataset_conspiracy_list
Kinderspiritualitaet,1419099974,,False,9,tgdataset_conspiracy_list
Kindlifresser,1477692109,,False,9,tgdataset_conspiracy_list
kingarchieiptv,1253099118,,False,9,tgdataset_conspiracy_list
kingjohnIII,1401461486,,False,9,tgdataset_conspiracy_list
kinoartru,1499879061,,False,9,tgdataset_conspiracy_list
kinoporn,1057458853,,False,9,tgdataset_conspiracy_list
kinotvnews,1111571605,,False,9,tgdataset_conspiracy_list
kinovodstvo,1294991526,,False,9,tgdataset_conspiracy_list
kirjokansi,1157697579,,False,9,tgdataset_conspiracy_list
kitchen_chef,1187295261,,False,9,tgdataset_conspiracy_list
kitchenposting,1366454851,,False,9,tgdataset_conspiracy_list
kiwikiwi555,1419791371,,False,9,tgdataset_conspiracy_list
kjunews,1310495390,,False,9,tgdataset_conspiracy_list
KlagePATEN_eu,1475130182,,False,9,tgdataset_conspiracy_list
KlagepatenElternInfo,1221619031,,False,9,tgdataset_conspiracy_list
Klangmalers_Corona_Perspektive,1292104910,,False,9,tgdataset_conspiracy_list
KlardenkenSchwaben,1131556298,,False,9,tgdataset_conspiracy_list
Klardenker_Kanal,1448169258,,False,9,tgdataset_conspiracy_list
klardenkertv,1182615057,,False,9,tgdataset_conspiracy_list
KlartextBewusstSein,1361805625,,False,9,tgdataset_conspiracy_list
klartextimotn,1427596020,,False,9,tgdataset_conspiracy_list
Klausraetscher,1474066213,,False,9,tgdataset_conspiracy_list
KlavaBelova,1426804020,,False,9,tgdataset_conspiracy_list
KlemensKilicTelegram,1462323672,,False,9,tgdataset_conspiracy_list
kliati_pereklady,1152594627,,False,9,tgdataset_conspiracy_list
KlimaKanal,1356039850,,False,9,tgdataset_conspiracy_list
klokkenluiders,1306353747,,False,9,tgdataset_conspiracy_list
klokkenvideos,1460972318,,False,9,tgdataset_conspiracy_list
kmupd,1008949344,,False,9,tgdataset_conspiracy_list
knigsovet,1100256326,,False,9,tgdataset_conspiracy_list
knyajnakarabakhskaya,1466653482,,False,9,tgdataset_conspiracy_list
kobyla_channel,1032638071,,False,9,tgdataset_conspiracy_list
kochenmitwilli,1293854306,,False,9,tgdataset_conspiracy_list
KOCMO_KOT,1397248153,,False,9,tgdataset_conspiracy_list
koelnistaktiv,1192577707,,False,9,tgdataset_conspiracy_list
koerpergeistundseele,1358938176,,False,9,tgdataset_conspiracy_list
koimakal,1099483882,,False,9,tgdataset_conspiracy_list
kollektivesbewustsein,1315340289,,False,9,tgdataset_conspiracy_list
kolobok1973,1417117557,,False,9,tgdataset_conspiracy_list
kommtweg,1403058522,,False,9,tgdataset_conspiracy_list
kompassmc,1264770764,,False,9,tgdataset_conspiracy_list
kompr,1118710283,,False,9,tgdataset_conspiracy_list
KonjunktionTelegram,1313709048,,False,9,tgdataset_conspiracy_list
kononenkome,1025545372,,False,9,tgdataset_conspiracy_list
konservativnaya,1201311883,,False,9,tgdataset_conspiracy_list
Kontrollgruppe_der_Ungeimpften,1194340750,,False,9,tgdataset_conspiracy_list
kontrollierteopposition,1179785233,,False,9,tgdataset_conspiracy_list
koopakingdom,1154150830,,False,9,tgdataset_conspiracy_list
kooperativtemza,1260760910,,False,9,tgdataset_conspiracy_list
kopeechkav,1132013128,,False,9,tgdataset_conspiracy_list
kopfgemueseOFFICIAL,1438270038,,False,9,tgdataset_conspiracy_list
koppreport,1182926376,,False,9,tgdataset_conspiracy_list
korkoma,1108698863,,False,9,tgdataset_conspiracy_list
kornelialeinmenschenrechte,1437775623,,False,9,tgdataset_conspiracy_list
kornilov1968,1227987253,,False,9,tgdataset_conspiracy_list
koroli_i_kapusta,1343611784,,False,9,tgdataset_conspiracy_list
KoronaAlarm,1421548353,,False,9,tgdataset_conspiracy_list
Koronobesie,1314483977,,False,9,tgdataset_conspiracy_list
KorruptionCorona,1450335583,,False,9,tgdataset_conspiracy_list
kostisovesti,1120310036,,False,9,tgdataset_conspiracy_list
KovalevskayaYulia,1156390989,,False,9,tgdataset_conspiracy_list
kovarniyblog,1319318250,,False,9,tgdataset_conspiracy_list
kowidspritzenwahnsinn,1207381578,,False,9,tgdataset_conspiracy_list
KraeuterHeilPflanzen,1415298873,,False,9,tgdataset_conspiracy_list
Kraftdeinergedanken,1408208528,,False,9,tgdataset_conspiracy_list
KraftderNaturGesundheit,1405266157,,False,9,tgdataset_conspiracy_list
kraftderwahrheit,1470728024,,False,9,tgdataset_conspiracy_list
KramolaAndZhupel,1292207306,,False,9,tgdataset_conspiracy_list
kranzTV,1418526646,,False,9,tgdataset_conspiracy_list
krasnoby,1269979880,,False,9,tgdataset_conspiracy_list
krasnodar_inregiontoday,1332807820,,False,9,tgdataset_conspiracy_list
krautundkunst,1268925704,,False,9,tgdataset_conspiracy_list
krautzone,1255843528,,False,9,tgdataset_conspiracy_list
Krefeld_am_Montag_Infokanal,1113309225,,False,9,tgdataset_conspiracy_list
KreisMenschSEIN,1448781890,,False,9,tgdataset_conspiracy_list
kremlin_sekret,1320343979,,False,9,tgdataset_conspiracy_list
kremlinprachka,1126629353,,False,9,tgdataset_conspiracy_list
krepostnye,1331454701,,False,9,tgdataset_conspiracy_list
Krieger_des_Sturms,1447459982,,False,9,tgdataset_conspiracy_list
KriegerdesLichtsKilluminati,1299923564,,False,9,tgdataset_conspiracy_list
kriptach,1059200527,,False,9,tgdataset_conspiracy_list
Krisenergebnisse,1405626580,,False,9,tgdataset_conspiracy_list
krisenrat,1396121588,,False,9,tgdataset_conspiracy_list
KrisenvorsorgeFakten,1467195016,,False,9,tgdataset_conspiracy_list
krispotupchik,1028991360,,False,9,tgdataset_conspiracy_list
Kristallrad,1353711127,,False,9,tgdataset_conspiracy_list
kristinahazler,1441133167,,False,9,tgdataset_conspiracy_list
KritischeDokumentarfilme,1456503852,,False,9,tgdataset_conspiracy_list
kritischgedacht,1393435969,,False,9,tgdataset_conspiracy_list
KritischVrijNieuws,1460168347,,False,9,tgdataset_conspiracy_list
Krololochannel,1103602213,,False,9,tgdataset_conspiracy_list
KS_Investigativ,1456952849,,False,9,tgdataset_conspiracy_list
KsNeuigkeiten,1268940881,,False,9,tgdataset_conspiracy_list
kts24news,1428259578,,False,9,tgdataset_conspiracy_list
kuehmelchen,1348807134,,False,9,tgdataset_conspiracy_list
kuenstlerstehenauf_de,1211293350,,False,9,tgdataset_conspiracy_list
kukushkin9,1055314305,,False,9,tgdataset_conspiracy_list
Kulikovec,1392314588,,False,9,tgdataset_conspiracy_list
kulturelleentwicklungshilfe,1433635193,,False,9,tgdataset_conspiracy_list
kulturrevolution,1317198137,,False,9,tgdataset_conspiracy_list
Kulturstudio,1474793502,,False,9,tgdataset_conspiracy_list
KumpulanCovid1Malaysia,1507049795,,False,9,tgdataset_conspiracy_list
kupleno_uje,1337620982,,False,9,tgdataset_conspiracy_list
kurspo,1116799339,,False,9,tgdataset_conspiracy_list
KvonC,1405266512,,False,9,tgdataset_conspiracy_list
kvoyu,1137396803,,False,9,tgdataset_conspiracy_list
kwaliteit,1137749168,,False,9,tgdataset_conspiracy_list
kwerformat,1272565372,,False,9,tgdataset_conspiracy_list
kyakhta_buryatia,1195097771,,False,9,tgdataset_conspiracy_list
kyivpatrol,1336705608,,False,9,tgdataset_conspiracy_list
KYRGSOC,1053833344,,False,9,tgdataset_conspiracy_list
l39JAuHuv1kzZGUy,1433232351,,False,9,tgdataset_conspiracy_list
L_point,1329446409,,False,9,tgdataset_conspiracy_list
la5acolumna,1250176268,,False,9,tgdataset_conspiracy_list
la_poubelle,1153298030,,False,9,tgdataset_conspiracy_list
labelloeslabestia,1484245477,,False,9,tgdataset_conspiracy_list
labonnefreQuence,1420315392,,False,9,tgdataset_conspiracy_list
laboratoriaprava,1335472631,,False,9,tgdataset_conspiracy_list
laborpandemie,1463054743,,False,9,tgdataset_conspiracy_list
Lacaidadeunacivilizacion,1294798845,,False,9,tgdataset_conspiracy_list
lacalmaantesdelatormenta,1478098964,,False,9,tgdataset_conspiracy_list
laconcordetv,1572892747,,False,9,tgdataset_conspiracy_list
ladrillosdeconciencia,1445649192,,False,9,tgdataset_conspiracy_list
LadyJUDI,1481348751,,False,9,tgdataset_conspiracy_list
LaEraMX,1074622055,,False,9,tgdataset_conspiracy_list
lafinedigaia,1164408805,,False,9,tgdataset_conspiracy_list
LAFORZADELLANATURA,1352699628,,False,9,tgdataset_conspiracy_list
lagranmentira33,1588594104,,False,9,tgdataset_conspiracy_list
LaHermosaVista,1271698953,,False,9,tgdataset_conspiracy_list
Lailasharawy,1175358824,,False,9,tgdataset_conspiracy_list
lainfoespoderyconocimiento,1168438186,,False,9,tgdataset_conspiracy_list
Lair587,1162057047,,False,9,tgdataset_conspiracy_list
LaJeringaEvidencias,1456488476,,False,9,tgdataset_conspiracy_list
LaLeLuLeLo,1274980405,,False,9,tgdataset_conspiracy_list
lamascheradelpopolosovranoita,1702178231,,False,9,tgdataset_conspiracy_list
lamiarussia,1172691660,,False,9,tgdataset_conspiracy_list
Landvolk_schafft_Verbindung,1129656634,,False,9,tgdataset_conspiracy_list
LangRenNews,1552498103,,False,9,tgdataset_conspiracy_list
LankampInteligence,1438171518,,False,9,tgdataset_conspiracy_list
LankaVision,1739608894,,False,9,tgdataset_conspiracy_list
laotrainformacion,1383636788,,False,9,tgdataset_conspiracy_list
laquintacolumna,1492302469,,False,9,tgdataset_conspiracy_list
lara2020Eberbach,1243379612,,False,9,tgdataset_conspiracy_list
LaReconquistaNoticias,1464576309,,False,9,tgdataset_conspiracy_list
LaRESISTENCIA_de_EsVedrA,1328067532,,False,9,tgdataset_conspiracy_list
laresistenciamundialxamor,1383259626,,False,9,tgdataset_conspiracy_list
larevistadelcapitan,1211686193,,False,9,tgdataset_conspiracy_list
larrylietv,1224220302,,False,9,tgdataset_conspiracy_list
larsontv,1346381048,,False,9,tgdataset_conspiracy_list
larsschmidt17,1329234921,,False,9,tgdataset_conspiracy_list
lasaludentusmanos,1192957766,,False,9,tgdataset_conspiracy_list
lascloacasdelsistema,1351881607,,False,9,tgdataset_conspiracy_list
laser_lurch,1487391489,,False,9,tgdataset_conspiracy_list
lassdieWahrheitrauss,1446518117,,False,9,tgdataset_conspiracy_list
last_makhnovist,1303101375,,False,9,tgdataset_conspiracy_list
lastsky_blog,1087750129,,False,9,tgdataset_conspiracy_list
latifundistcom,1021008671,,False,9,tgdataset_conspiracy_list
latoradelgentil,1725353402,,False,9,tgdataset_conspiracy_list
laundrymoc,1384491410,,False,9,tgdataset_conspiracy_list
launificacion,1389023320,,False,9,tgdataset_conspiracy_list
laureanobeni,1257681318,,False,9,tgdataset_conspiracy_list
Laut_er_staerke,1387600960,,False,9,tgdataset_conspiracy_list
Lautgedacht_Heimathland,1487756022,,False,9,tgdataset_conspiracy_list
LaVarianteTV,1094242269,,False,9,tgdataset_conspiracy_list
LaVenganzaNS,1722813504,,False,9,tgdataset_conspiracy_list
LAVERDAD_NOS_HARALIBRES,1274582308,,False,9,tgdataset_conspiracy_list
LAVERDADDEESPANA,1636588521,,False,9,tgdataset_conspiracy_list
laverdaddelasvacunas,1180256056,,False,9,tgdataset_conspiracy_list
laVerdadDeLosHospitales,1169569646,,False,9,tgdataset_conspiracy_list
laverdadlibre,1405122205,,False,9,tgdataset_conspiracy_list
LaVerdadNosHaraLibresOficial,1491791147,,False,9,tgdataset_conspiracy_list
laverdadsiempretriunfara,1198566229,,False,9,tgdataset_conspiracy_list
Laveritecensure,1271160674,,False,9,tgdataset_conspiracy_list
laVeriteEnMarche,1336627896,,False,9,tgdataset_conspiracy_list
laveritelibere,1695560434,,False,9,tgdataset_conspiracy_list
LaVieDeLott,1368917204,,False,9,tgdataset_conspiracy_list
lavoltecitoyenne,1376393204,,False,9,tgdataset_conspiracy_list
LAVOZDELALIBERTAD,1740313415,,False,9,tgdataset_conspiracy_list
LaVozdelaMadreTierra,1374935933,,False,9,tgdataset_conspiracy_list
lavozeneldes,1170437582,,False,9,tgdataset_conspiracy_list
Lavylites_Lichtbringer,1752087737,,False,9,tgdataset_conspiracy_list
LaWelsch4TruthandFreedom,1364753423,,False,9,tgdataset_conspiracy_list
LawFirms,1152709257,,False,9,tgdataset_conspiracy_list
laylafiusa,1310500497,,False,9,tgdataset_conspiracy_list
lazyDay,1075263922,,False,9,tgdataset_conspiracy_list
le_grand_reset,1471462273,,False,9,tgdataset_conspiracy_list
le_Juif_errant,1143685907,,False,9,tgdataset_conspiracy_list
leavethekidsalone,1127383278,,False,9,tgdataset_conspiracy_list
leavingplatoscave,1224783297,,False,9,tgdataset_conspiracy_list
Leben_neu_gestalten,1450545777,,False,9,tgdataset_conspiracy_list
lebensrechte,1182132454,,False,9,tgdataset_conspiracy_list
leefbewustnederland,1468546663,,False,9,tgdataset_conspiracy_list
LeFrexitrouge,1250952099,,False,9,tgdataset_conspiracy_list
leftfront_org,1123558161,,False,9,tgdataset_conspiracy_list
leftKhabfront,1126324613,,False,9,tgdataset_conspiracy_list
legitimniy,1242259852,,False,9,tgdataset_conspiracy_list
legnalenjatv,1485872748,,False,9,tgdataset_conspiracy_list
LeGrandReveil,1393889064,,False,9,tgdataset_conspiracy_list
lehrergegenkinderimpfung,1342134204,,False,9,tgdataset_conspiracy_list
leilaye_leili_tlgrm,1031609207,,False,9,tgdataset_conspiracy_list
lemessagerdelaverite,1756389318,,False,9,tgdataset_conspiracy_list
lemetahumaintv,1478497379,,False,9,tgdataset_conspiracy_list
lemurianos,1210237094,,False,9,tgdataset_conspiracy_list
LemurienAtlantisHeilung,1462595876,,False,9,tgdataset_conspiracy_list
LennardRage,1395226316,,False,9,tgdataset_conspiracy_list
lentv24,1450890225,,False,9,tgdataset_conspiracy_list
LeonardoFaccoQuotidiano,1263773166,,False,9,tgdataset_conspiracy_list
LEONARDOGONZALEZBAYONA,1278914712,,False,9,tgdataset_conspiracy_list
LeonhardSchloegel,1079773128,,False,9,tgdataset_conspiracy_list
Leonidasespartano,1299907882,,False,9,tgdataset_conspiracy_list
leonlemon1,1303409289,,False,9,tgdataset_conspiracy_list
LEPEspana,1431290640,,False,9,tgdataset_conspiracy_list
lepetitpoucet,1204994798,,False,9,tgdataset_conspiracy_list
LePindos,1239631779,,False,9,tgdataset_conspiracy_list
lerne_dazu,1218241829,,False,9,tgdataset_conspiracy_list
Les_Eveilles_Unis,1454700768,,False,9,tgdataset_conspiracy_list
LesAilesdeLhumanite,1792565467,,False,9,tgdataset_conspiracy_list
Lescreateurs,1492124290,,False,9,tgdataset_conspiracy_list
lesdeqodeursinfo,1374042573,,False,9,tgdataset_conspiracy_list
lesdoss,1462436875,,False,9,tgdataset_conspiracy_list
leserbriefing,1466516775,,False,9,tgdataset_conspiracy_list
leseveillesduquebec,1497141265,,False,9,tgdataset_conspiracy_list
lesfourmisviQtorieuses,1374175747,,False,9,tgdataset_conspiracy_list
lesley_alex,1458113409,,False,9,tgdataset_conspiracy_list
LesPatriQts,1464776725,,False,9,tgdataset_conspiracy_list
lesqompilateurs,1464918279,,False,9,tgdataset_conspiracy_list
lesrevelatrions,1313516869,,False,9,tgdataset_conspiracy_list
lestricker,1637994977,,False,9,tgdataset_conspiracy_list
Lets_better,1403034660,,False,9,tgdataset_conspiracy_list
letslightuptheworld,1480769268,,False,9,tgdataset_conspiracy_list
letteradamosca,1499019500,,False,9,tgdataset_conspiracy_list
leuchtturm_helfer,1252609739,,False,9,tgdataset_conspiracy_list
LeuchtturmARD,1150419740,,False,9,tgdataset_conspiracy_list
Lev_Nik_Myshkin,1264401988,,False,9,tgdataset_conspiracy_list
LevanaVerbund,1242511701,,False,9,tgdataset_conspiracy_list
leve_raged,1339731787,,False,9,tgdataset_conspiracy_list
leyenmano,1280477511,,False,9,tgdataset_conspiracy_list
Leyes_Biologicas_NMG,1448306138,,False,9,tgdataset_conspiracy_list
leynatural,1304670615,,False,9,tgdataset_conspiracy_list
LfAIK,1483117876,,False,9,tgdataset_conspiracy_list
LGSusanne,1440038996,,False,9,tgdataset_conspiracy_list
liberacionplanetaria,1473709902,,False,9,tgdataset_conspiracy_list
liberaespressione,1360502680,,False,9,tgdataset_conspiracy_list
LiberaExpressione,1280515638,,False,9,tgdataset_conspiracy_list
Liberale_Kathedrale,1296085117,,False,9,tgdataset_conspiracy_list
liberamenteservo,1189186841,,False,9,tgdataset_conspiracy_list
liberascelta,1202238292,,False,9,tgdataset_conspiracy_list
LiberatiComm,1287342318,,False,9,tgdataset_conspiracy_list
Liberiamo_LItalia,1170503061,,False,9,tgdataset_conspiracy_list
liberofuocofirenze,1551420387,,False,9,tgdataset_conspiracy_list
liberta_e_verita,1437021974,,False,9,tgdataset_conspiracy_list
liberta_ua,1424223478,,False,9,tgdataset_conspiracy_list
libertad7440,1407788871,,False,9,tgdataset_conspiracy_list
libertaddepensamiento,1328601487,,False,9,tgdataset_conspiracy_list
LibertadQ,1315792678,,False,9,tgdataset_conspiracy_list
LibertaererKanal,1353848646,,False,9,tgdataset_conspiracy_list
libertapresse,1166629461,,False,9,tgdataset_conspiracy_list
libertarian_cis,1349319522,,False,9,tgdataset_conspiracy_list
Libertarian_eu,1388872870,,False,9,tgdataset_conspiracy_list
Libertarianism_with_VZ,1352864480,,False,9,tgdataset_conspiracy_list
libertarioysocial,1113443465,,False,9,tgdataset_conspiracy_list
Libertas_Corona_Info,1290583109,,False,9,tgdataset_conspiracy_list
liberterian,1334148275,,False,9,tgdataset_conspiracy_list
liberty369,1164842388,,False,9,tgdataset_conspiracy_list
libertyacademyoffiziell,1371280296,,False,9,tgdataset_conspiracy_list
LiborioTV_Kanal,1231522312,,False,9,tgdataset_conspiracy_list
libredecadenas,1334611252,,False,9,tgdataset_conspiracy_list
LibreDespertar223,1193960776,,False,9,tgdataset_conspiracy_list
LibreMenteVG,1209701823,,False,9,tgdataset_conspiracy_list
libresaber,1344295889,,False,9,tgdataset_conspiracy_list
libreterra,1321797225,,False,9,tgdataset_conspiracy_list
libro_d_amore,1161833252,,False,9,tgdataset_conspiracy_list
LibrT,1001781667,,False,9,tgdataset_conspiracy_list
libzapu,1188347254,,False,9,tgdataset_conspiracy_list
Lichtarbeiter2020,1396630441,,False,9,tgdataset_conspiracy_list
lichtblickeinderkrise,1378824180,,False,9,tgdataset_conspiracy_list
LichtBlickeVblog,1456018409,,False,9,tgdataset_conspiracy_list
lichtcoach,1170648934,,False,9,tgdataset_conspiracy_list
Lichtfrequenzheilung,1307514963,,False,9,tgdataset_conspiracy_list
lichtgeneration,1412749763,,False,9,tgdataset_conspiracy_list
lichtimschacht,1348528881,,False,9,tgdataset_conspiracy_list
lichtist,1261322321,,False,9,tgdataset_conspiracy_list
LichtkriegerEngel,1486427111,,False,9,tgdataset_conspiracy_list
LichtkriegerForum,1184103808,,False,9,tgdataset_conspiracy_list
LICHTKRIEGERINNEN,1395847362,,False,9,tgdataset_conspiracy_list
LichtKriegern,1248902035,,False,9,tgdataset_conspiracy_list
LichtkriegerQ4711,1229930766,,False,9,tgdataset_conspiracy_list
Lichtmenschen,1327651847,,False,9,tgdataset_conspiracy_list
LICHTmenschSEIN,1225113228,,False,9,tgdataset_conspiracy_list
LichtseelenStimme,1473054829,,False,9,tgdataset_conspiracy_list
LichtSeinMB,1173370448,,False,9,tgdataset_conspiracy_list
lichtsrbeiter,1192507835,,False,9,tgdataset_conspiracy_list
LichtundLiebeimBlickpunkt,1378401472,,False,9,tgdataset_conspiracy_list
Lichtwaechterin,1400885268,,False,9,tgdataset_conspiracy_list
Lieb_Vaterland_magst_ruhig_sein,1466570551,,False,9,tgdataset_conspiracy_list
LiebeFreiheitFrieden,1459909426,,False,9,tgdataset_conspiracy_list
LiebeinAktion,1389497646,,False,9,tgdataset_conspiracy_list
liebeisstleben,1289996277,,False,9,tgdataset_conspiracy_list
LiebeIst2020,1221225607,,False,9,tgdataset_conspiracy_list
liebeistheilung,1218811252,,False,9,tgdataset_conspiracy_list
lieberlibertaer,1555389755,,False,9,tgdataset_conspiracy_list
liebevoll_und_erleuchtend,1178119447,,False,9,tgdataset_conspiracy_list
liebevollleben,1289735265,,False,9,tgdataset_conspiracy_list
LiedermacherFylgien,1200967343,,False,9,tgdataset_conspiracy_list
Life_in_NL,1130905779,,False,9,tgdataset_conspiracy_list
LIFE_WORK_BAL,1451497014,,False,9,tgdataset_conspiracy_list
lifebuilders24,1338317756,,False,9,tgdataset_conspiracy_list
lifeofpadlo,1017945580,,False,9,tgdataset_conspiracy_list
lifepowerfamily,1431619786,,False,9,tgdataset_conspiracy_list
Lifestyle_fashion_mind,1178262970,,False,9,tgdataset_conspiracy_list
lifetube,1101860245,,False,9,tgdataset_conspiracy_list
ligasmehaschools,1416458995,,False,9,tgdataset_conspiracy_list
lightinfochannel,1378075350,,False,9,tgdataset_conspiracy_list
LightLoveHealing,1208455840,,False,9,tgdataset_conspiracy_list
LightningRay,1646113556,,False,9,tgdataset_conspiracy_list
Lightrebels,1246220393,,False,9,tgdataset_conspiracy_list
like3rubles,1110646283,,False,9,tgdataset_conspiracy_list
LIKEHUMOR,1191064919,,False,9,tgdataset_conspiracy_list
likelikelikelikelike,1142566644,,False,9,tgdataset_conspiracy_list
Lilly_Thueringen,1314741534,,False,9,tgdataset_conspiracy_list
LillyHD,1290067065,,False,9,tgdataset_conspiracy_list
Lima_True_Story,1479064935,,False,9,tgdataset_conspiracy_list
LimburgStehtAuf,1313847545,,False,9,tgdataset_conspiracy_list
limesgermanicus,1499635428,,False,9,tgdataset_conspiracy_list
Lin_Wood,1184183822,,False,9,tgdataset_conspiracy_list
LindemannMdA,1265270635,,False,9,tgdataset_conspiracy_list
linfoautrement,1319181144,,False,9,tgdataset_conspiracy_list
linguiran,1108108485,,False,9,tgdataset_conspiracy_list
linkisnottheprotagonist,1306927043,,False,9,tgdataset_conspiracy_list
linkmeup_podcast,1041560151,,False,9,tgdataset_conspiracy_list
linksandhuita,1109047576,,False,9,tgdataset_conspiracy_list
linkzavich,1246029134,,False,9,tgdataset_conspiracy_list
linQua_anon,1287963846,,False,9,tgdataset_conspiracy_list
LIONMediaTelegram,1237463271,,False,9,tgdataset_conspiracy_list
lishnyanblog,1181502962,,False,9,tgdataset_conspiracy_list
literally_politically_incorrect,1199532365,,False,9,tgdataset_conspiracy_list
LittleAmmaEscueladeSalud,1403380217,,False,9,tgdataset_conspiracy_list
littlehedonist,1153400726,,False,9,tgdataset_conspiracy_list
live_kuban,1147068762,,False,9,tgdataset_conspiracy_list
livenec,1301174235,,False,9,tgdataset_conspiracy_list
liverdad_live,1171303030,,False,9,tgdataset_conspiracy_list
LKNews2,1472872205,,False,9,tgdataset_conspiracy_list
lkoholik,1240250541,,False,9,tgdataset_conspiracy_list
llh_778,1474293282,,False,9,tgdataset_conspiracy_list
lmaolmao00,1321978538,,False,9,tgdataset_conspiracy_list
LMDS2021,1297423775,,False,9,tgdataset_conspiracy_list
lobaev_vlad,1490589952,,False,9,tgdataset_conspiracy_list
localsmedia,1126877227,,False,9,tgdataset_conspiracy_list
LochInDerMatrix,1086671212,,False,9,tgdataset_conspiracy_list
LockdownIstFreiheitsberaubung,1192407233,,False,9,tgdataset_conspiracy_list
LoewenNetzwerk,1471898914,,False,9,tgdataset_conspiracy_list
Loewentatze,1218241824,,False,9,tgdataset_conspiracy_list
logbookk,1069393790,,False,9,tgdataset_conspiracy_list
lokacrimea,1296049741,,False,9,tgdataset_conspiracy_list
lollellillal,1126049874,,False,9,tgdataset_conspiracy_list
Long_metrage,1442888626,,False,9,tgdataset_conspiracy_list
long_term_investments,1145896067,,False,9,tgdataset_conspiracy_list
Longtech,1128849105,,False,9,tgdataset_conspiracy_list
lookandsee2020info,1499422659,,False,9,tgdataset_conspiracy_list
lookingformemes,1267988387,,False,9,tgdataset_conspiracy_list
LOOKintoTheSKY21,1150973064,,False,9,tgdataset_conspiracy_list
loose_red,1146292222,,False,9,tgdataset_conspiracy_list
loquecallalatv,1485553397,,False,9,tgdataset_conspiracy_list
LordLandoXVII,1439974976,,False,9,tgdataset_conspiracy_list
lordviveccanale,1357112777,,False,9,tgdataset_conspiracy_list
losabemos,1706986286,,False,9,tgdataset_conspiracy_list
LosLosLos,1113026476,,False,9,tgdataset_conspiracy_list
losrebeldesdelatierra,1211280640,,False,9,tgdataset_conspiracy_list
lost546,1486381189,,False,9,tgdataset_conspiracy_list
lotterybillz,1366974795,,False,9,tgdataset_conspiracy_list
LoucosPelasVerdades,1280857996,,False,9,tgdataset_conspiracy_list
LouFriedenQanal,1307752752,,False,9,tgdataset_conspiracy_list
Louiecafe,1627916762,,False,9,tgdataset_conspiracy_list
lourdesrelloso_psicologa,1742490552,,False,9,tgdataset_conspiracy_list
loveisintheaire,1126748157,,False,9,tgdataset_conspiracy_list
Loxmovie,1142774621,,False,9,tgdataset_conspiracy_list
LozaSzydercow,1795691348,,False,9,tgdataset_conspiracy_list
lphsaar,1333228984,,False,9,tgdataset_conspiracy_list
lqnegunman,1123245258,,False,9,tgdataset_conspiracy_list
LQuarantineJ,1415609204,,False,9,tgdataset_conspiracy_list
lroenzodellanna,1320924129,,False,9,tgdataset_conspiracy_list
luca_you_tube,1277738224,,False,9,tgdataset_conspiracy_list
luchaXtulibertad,1456972365,,False,9,tgdataset_conspiracy_list
LudMarx,1480407706,,False,9,tgdataset_conspiracy_list
lueckenpresse,1156879957,,False,9,tgdataset_conspiracy_list
lukeadqpe,1090565969,,False,9,tgdataset_conspiracy_list
Lukrezia5591,1300516901,,False,9,tgdataset_conspiracy_list
Lukrezia9155Russ,1208975100,,False,9,tgdataset_conspiracy_list
Lukrezija,1312873633,,False,9,tgdataset_conspiracy_list
LumenInfineviae1,1289577020,,False,9,tgdataset_conspiracy_list
lunalife,1315850206,,False,9,tgdataset_conspiracy_list
Lupo_Cattivo_Blog,1446079377,,False,9,tgdataset_conspiracy_list
lutzbachmann,1286964820,,False,9,tgdataset_conspiracy_list
luzprohibida,1172324321,,False,9,tgdataset_conspiracy_list
LVOHL,1185710792,,False,9,tgdataset_conspiracy_list
lWakeUpl,1235114019,,False,9,tgdataset_conspiracy_list
LWAstralix,1360843672,,False,9,tgdataset_conspiracy_list
lyubov_iz_sna,1210402124,,False,9,tgdataset_conspiracy_list
m1acum,1394885064,,False,9,tgdataset_conspiracy_list
ma_ra_moun,1251535667,,False,9,tgdataset_conspiracy_list
mabargram,1010151551,,False,9,tgdataset_conspiracy_list
macamintempi,1254530399,,False,9,tgdataset_conspiracy_list
machdirselbsteinbild,1227079270,,False,9,tgdataset_conspiracy_list
macklemachtgutelaune,1204275498,,False,9,tgdataset_conspiracy_list
Mad_In_Germany,1100528049,,False,9,tgdataset_conspiracy_list
MAD_WORLD_EE,1397777275,,False,9,tgdataset_conspiracy_list
MadaarSorkh,1271480009,,False,9,tgdataset_conspiracy_list
madam_secretar,1465354533,,False,9,tgdataset_conspiracy_list
maddogholland,1210971815,,False,9,tgdataset_conspiracy_list
MadeByJimBob,1333964446,,False,9,tgdataset_conspiracy_list
MadresdePlazadeMayo,1090900478,,False,9,tgdataset_conspiracy_list
madridmarket,1232297207,,False,9,tgdataset_conspiracy_list
madsmartwoman,1081439518,,False,9,tgdataset_conspiracy_list
maester,1318185949,,False,9,tgdataset_conspiracy_list
maestreoscart1,1447563056,,False,9,tgdataset_conspiracy_list
MaFaMas,1436843750,,False,9,tgdataset_conspiracy_list
MAFIAMUNDIAL,1216553179,,False,9,tgdataset_conspiracy_list
magagain,1301612224,,False,9,tgdataset_conspiracy_list
magdolna_marias_oase,1303460489,,False,9,tgdataset_conspiracy_list
Magna1,1404363946,,False,9,tgdataset_conspiracy_list
MagnaArs,1493235467,,False,9,tgdataset_conspiracy_list
magnetchallenge,1369621594,,False,9,tgdataset_conspiracy_list
Mahajyoti_Vision_de,1319339845,,False,9,tgdataset_conspiracy_list
Mahdi_Motagh,1384291208,,False,9,tgdataset_conspiracy_list
Mahnmal,1312288286,,False,9,tgdataset_conspiracy_list
Mahnwache_Berlin_Botschaften_US,1280911909,,False,9,tgdataset_conspiracy_list
MAHUMO21,1340870491,,False,9,tgdataset_conspiracy_list
mainstream_luegen,1244141734,,False,9,tgdataset_conspiracy_list
mainstreamhoerigkeit,1240685975,,False,9,tgdataset_conspiracy_list
Mainstreamneindanke,1227727187,,False,9,tgdataset_conspiracy_list
mainzer_samtpfoetchen,1167616219,,False,9,tgdataset_conspiracy_list
mainzersamtpfoetchen,1322408701,,False,9,tgdataset_conspiracy_list
maionla,1387222133,,False,9,tgdataset_conspiracy_list
Maiora_ISP,1239504979,,False,9,tgdataset_conspiracy_list
MaisEuSeiMaisSou,1358684009,,False,9,tgdataset_conspiracy_list
makeliberalscryagain,1464338775,,False,9,tgdataset_conspiracy_list
makeswedengreat,1334532267,,False,9,tgdataset_conspiracy_list
maktubaat,1078865953,,False,9,tgdataset_conspiracy_list
maktubat_yad,1302709116,,False,9,tgdataset_conspiracy_list
maktubmedia,1207858437,,False,9,tgdataset_conspiracy_list
Malagaporlaverdad,1382757263,,False,9,tgdataset_conspiracy_list
malekdudakov,1099250240,,False,9,tgdataset_conspiracy_list
malelasb,1419539128,,False,9,tgdataset_conspiracy_list
Malimoderni2,1096824760,,False,9,tgdataset_conspiracy_list
malinauski,1131255095,,False,9,tgdataset_conspiracy_list
malsackwinkemann,1321222329,,False,9,tgdataset_conspiracy_list
malusdacus,1367026441,,False,9,tgdataset_conspiracy_list
mamayav2x2,1162484084,,False,9,tgdataset_conspiracy_list
mamkina,1155894945,,False,9,tgdataset_conspiracy_list
mamlekate,1005042065,,False,9,tgdataset_conspiracy_list
man_enghelabiam1,1058218096,,False,9,tgdataset_conspiracy_list
MANDALASVONMANGALA,1197383725,,False,9,tgdataset_conspiracy_list
mandiamolivia,1244327495,,False,9,tgdataset_conspiracy_list
mangelware,1407968369,,False,9,tgdataset_conspiracy_list
manitube,1108525220,,False,9,tgdataset_conspiracy_list
mannis_gesammelte_werke,1255470841,,False,9,tgdataset_conspiracy_list
mannis_kindergeschichten,1329665500,,False,9,tgdataset_conspiracy_list
MannMitBartArchiv,1171952401,,False,9,tgdataset_conspiracy_list
manteguinha2,1163429404,,False,9,tgdataset_conspiracy_list
Manucharovofficial,1353983636,,False,9,tgdataset_conspiracy_list
ManuelaForster,1236351283,,False,9,tgdataset_conspiracy_list
mapas2020,1292512646,,False,9,tgdataset_conspiracy_list
maphy,1255003001,,False,9,tgdataset_conspiracy_list
MaQaweli,1425796486,,False,9,tgdataset_conspiracy_list
maranatha888,1246088479,,False,9,tgdataset_conspiracy_list
marcelaesclarece,1494892131,,False,9,tgdataset_conspiracy_list
marcellopamio,1386989036,,False,9,tgdataset_conspiracy_list
MarchaContraMonsanto,1381171899,,False,9,tgdataset_conspiracy_list
Marco_B_Kanal,1169471275,,False,9,tgdataset_conspiracy_list
Marco_Stolzenburg,1633126525,,False,9,tgdataset_conspiracy_list
marcobatalha,1559429435,,False,9,tgdataset_conspiracy_list
MarcoKurz,1401702163,,False,9,tgdataset_conspiracy_list
marcspolitblog,1434044015,,False,9,tgdataset_conspiracy_list
MarcusKullmann,1219678288,,False,9,tgdataset_conspiracy_list
MarcvanJosten,1322451558,,False,9,tgdataset_conspiracy_list
margaretaskanal,1483221334,,False,9,tgdataset_conspiracy_list
MarginalTears,1292951889,,False,9,tgdataset_conspiracy_list
MargotmitGottesHilfe,1411122997,,False,9,tgdataset_conspiracy_list
Maria_Lourdes_Blog,1240351612,,False,9,tgdataset_conspiracy_list
mariadorner,1783116104,,False,9,tgdataset_conspiracy_list
MariaJose_Valiente,1399883507,,False,9,tgdataset_conspiracy_list
mariashukshina,1409792267,,False,9,tgdataset_conspiracy_list
MariaSolDellamea,1419980846,,False,9,tgdataset_conspiracy_list
Marie_reimt,1485030821,,False,9,tgdataset_conspiracy_list
Marieallin,1167328291,,False,9,tgdataset_conspiracy_list
marienbarrientoscds,1294051604,,False,9,tgdataset_conspiracy_list
MarijoseVillamarin,1438918971,,False,9,tgdataset_conspiracy_list
marioamenti,1308327796,,False,9,tgdataset_conspiracy_list
mariposas_elitistas,1293140156,,False,9,tgdataset_conspiracy_list
market_hand,1216239315,,False,9,tgdataset_conspiracy_list
MarketHeart,1181223732,,False,9,tgdataset_conspiracy_list
marketingevangelist,1207751950,,False,9,tgdataset_conspiracy_list
marketologyblog,1056861882,,False,9,tgdataset_conspiracy_list
MarketOverview,1066174394,,False,9,tgdataset_conspiracy_list
marketsnapshot,1190427496,,False,9,tgdataset_conspiracy_list
marketthoughts,1297061153,,False,9,tgdataset_conspiracy_list
markettwits,1203560567,,False,9,tgdataset_conspiracy_list
MarkFeygin,1106144694,,False,9,tgdataset_conspiracy_list
markkot56,1434932825,,False,9,tgdataset_conspiracy_list
marktales,1215095384,,False,9,tgdataset_conspiracy_list
markus_lowien,1246009469,,False,9,tgdataset_conspiracy_list
MarkusKrall,1308107484,,False,9,tgdataset_conspiracy_list
markusschlichting,1352649180,,False,9,tgdataset_conspiracy_list
marochkolive,1375303434,,False,9,tgdataset_conspiracy_list
marracash2,1374174683,,False,9,tgdataset_conspiracy_list
marsianus,1154956595,,False,9,tgdataset_conspiracy_list
Martina_Musique,1295324222,,False,9,tgdataset_conspiracy_list
MartinRutter,1468476828,,False,9,tgdataset_conspiracy_list
martinzeitler,1152060144,,False,9,tgdataset_conspiracy_list
MarvinTNeumann,1515003962,,False,9,tgdataset_conspiracy_list
marxengelsleninstalin,1422435435,,False,9,tgdataset_conspiracy_list
Mary_Illmiller,1177891360,,False,9,tgdataset_conspiracy_list
Maryasow,1344127998,,False,9,tgdataset_conspiracy_list
masaf,1008869924,,False,9,tgdataset_conspiracy_list
masaf_najva,1029190443,,False,9,tgdataset_conspiracy_list
masaf_salam,1446069494,,False,9,tgdataset_conspiracy_list
maskam_net,1368739359,,False,9,tgdataset_conspiracy_list
maskebellas,1122397451,,False,9,tgdataset_conspiracy_list
MASKENFREI_ME,1482623277,,False,9,tgdataset_conspiracy_list
maskenprocontra,1450669521,,False,9,tgdataset_conspiracy_list
Maskenverbot,1154355428,,False,9,tgdataset_conspiracy_list
masktombe,1425894813,,False,9,tgdataset_conspiracy_list
massmediamonitoring,1443704580,,False,9,tgdataset_conspiracy_list
massoumehebtekar,1003328492,,False,9,tgdataset_conspiracy_list
massvoll,1170416613,,False,9,tgdataset_conspiracy_list
MatBrandi,1467363878,,False,9,tgdataset_conspiracy_list
mateldalisdero,1135328842,,False,9,tgdataset_conspiracy_list
mateosanador,1421065655,,False,9,tgdataset_conspiracy_list
matrixcoaching1,1218473861,,False,9,tgdataset_conspiracy_list
MatrixHungary,1404089501,,False,9,tgdataset_conspiracy_list
Matrixxx_075,1200634301,,False,9,tgdataset_conspiracy_list
Matskevich,1345259229,,False,9,tgdataset_conspiracy_list
matthewmatthias,1460188653,,False,9,tgdataset_conspiracy_list
matthiasfreund,1489333420,,False,9,tgdataset_conspiracy_list
maturzubi,1367158149,,False,9,tgdataset_conspiracy_list
matveychev,1073811872,,False,9,tgdataset_conspiracy_list
max_brodsky,1318668327,,False,9,tgdataset_conspiracy_list
max_stropov,1176363611,,False,9,tgdataset_conspiracy_list
MaxDva4,1215095366,,False,9,tgdataset_conspiracy_list
maximaleGesundheit,1492716862,,False,9,tgdataset_conspiracy_list
MaxListov,1089477018,,False,9,tgdataset_conspiracy_list
MaxOpposition,1458200352,,False,9,tgdataset_conspiracy_list
maxrepost,1014989212,,False,9,tgdataset_conspiracy_list
maxtotheforum,1180401632,,False,9,tgdataset_conspiracy_list
MayhemsHouse,1254697597,,False,9,tgdataset_conspiracy_list
MazarronDespierta,1200402638,,False,9,tgdataset_conspiracy_list
MBnuovomessaggio,1464407385,,False,9,tgdataset_conspiracy_list
mborissow,1133397736,,False,9,tgdataset_conspiracy_list
mclerotv,1119715022,,False,9,tgdataset_conspiracy_list
mcrepostenergy,1209581660,,False,9,tgdataset_conspiracy_list
mcrepostworld,1128501520,,False,9,tgdataset_conspiracy_list
MCT25Feb19,1234329367,,False,9,tgdataset_conspiracy_list
MCUS12,1145072658,,False,9,tgdataset_conspiracy_list
meandadhd,1482324504,,False,9,tgdataset_conspiracy_list
MED_BETTEN_sonstnix,1237069146,,False,9,tgdataset_conspiracy_list
medalternativa_info,1152017253,,False,9,tgdataset_conspiracy_list
media_arma,1152146375,,False,9,tgdataset_conspiracy_list
media_soldier,1284807509,,False,9,tgdataset_conspiracy_list
MediaGuerillaBerlin,1406702329,,False,9,tgdataset_conspiracy_list
mediainformationcenter,1429894235,,False,9,tgdataset_conspiracy_list
MediaLiberta,1222072256,,False,9,tgdataset_conspiracy_list
mediamediame,1062743165,,False,9,tgdataset_conspiracy_list
mediaport,1078177278,,False,9,tgdataset_conspiracy_list
mediapro2020,1209786821,,False,9,tgdataset_conspiracy_list
medicinareal,1220888731,,False,9,tgdataset_conspiracy_list
medicinesquaregarbage,1184103117,,False,9,tgdataset_conspiracy_list
medicospelavida,1475779966,,False,9,tgdataset_conspiracy_list
Medicosporlaverdad,1432584929,,False,9,tgdataset_conspiracy_list
medicosporlaverdad_madrid,1319580922,,False,9,tgdataset_conspiracy_list
medicosporlaverdadar,1464108519,,False,9,tgdataset_conspiracy_list
MedicosporlaVerdadChile,1194750468,,False,9,tgdataset_conspiracy_list
medicosporlaverdadcolombia,1236932018,,False,9,tgdataset_conspiracy_list
MedicosporlaVerdadenPeru,1320201385,,False,9,tgdataset_conspiracy_list
medicosporlaverdadiberoamerica,1282585516,,False,9,tgdataset_conspiracy_list
medicosporlaverdadlatinoamerica,1160477586,,False,9,tgdataset_conspiracy_list
medicosporlaverdadmexico,1484642209,,False,9,tgdataset_conspiracy_list
medienastrologe,1422807323,,False,9,tgdataset_conspiracy_list
Medienzensur,1389504085,,False,9,tgdataset_conspiracy_list
mediosporlaverdadcanal,1493361750,,False,9,tgdataset_conspiracy_list
meditation333,1390398750,,False,9,tgdataset_conspiracy_list
meditationsreisen,1212224365,,False,9,tgdataset_conspiracy_list
mediumisthemessage,1358925628,,False,9,tgdataset_conspiracy_list
medusa_auge,1578841767,,False,9,tgdataset_conspiracy_list
medvedev_note,1476769133,,False,9,tgdataset_conspiracy_list
MedvedevVesti,1199117533,,False,9,tgdataset_conspiracy_list
Mehditabarh,1070620723,,False,9,tgdataset_conspiracy_list
MeineDNEWS,1486169529,,False,9,tgdataset_conspiracy_list
meinewegezurheilung,1424883404,,False,9,tgdataset_conspiracy_list
MeineWeltsicht,1259879901,,False,9,tgdataset_conspiracy_list
Meinungsfreiheit_2_0,1398135241,,False,9,tgdataset_conspiracy_list
meinungsfreiheitjetztundimmer,1408534539,,False,9,tgdataset_conspiracy_list
MeinungsPerspektiven,1344478659,,False,9,tgdataset_conspiracy_list
meinungsserumoffiziell,1486981634,,False,9,tgdataset_conspiracy_list
memasy,1040700943,,False,9,tgdataset_conspiracy_list
memebula,1284685196,,False,9,tgdataset_conspiracy_list
memeisland,1147837899,,False,9,tgdataset_conspiracy_list
memeproducts,1151542929,,False,9,tgdataset_conspiracy_list
Memes_And_Stuff,1430925553,,False,9,tgdataset_conspiracy_list
memes_bunker,1168299217,,False,9,tgdataset_conspiracy_list
memesofliberty,1282292959,,False,9,tgdataset_conspiracy_list
memetraders,1174414495,,False,9,tgdataset_conspiracy_list
memezonprime,1154623870,,False,9,tgdataset_conspiracy_list
memngirl,1392273015,,False,9,tgdataset_conspiracy_list
memsos,1305754180,,False,9,tgdataset_conspiracy_list
memymoimemy,1453023094,,False,9,tgdataset_conspiracy_list
men_are_not_needed,1128977055,,False,9,tgdataset_conspiracy_list
Mendax_spl,1053131651,,False,9,tgdataset_conspiracy_list
meneame_net,1147701836,,False,9,tgdataset_conspiracy_list
menefrego45,1199050686,,False,9,tgdataset_conspiracy_list
mensajeenunabotella,1210154424,,False,9,tgdataset_conspiracy_list
Mensch_oder_Buerger,1263381097,,False,9,tgdataset_conspiracy_list
Menschen_im_Dialog_SE,1173911586,,False,9,tgdataset_conspiracy_list
MenschenfuerZukunftDeutschlands,1428652164,,False,9,tgdataset_conspiracy_list
menschenrecht_com,1307407509,,False,9,tgdataset_conspiracy_list
menschenuntersich,1330681936,,False,9,tgdataset_conspiracy_list
Menschlichkeit_leben,1338859998,,False,9,tgdataset_conspiracy_list
MenschSeinmitDani,1330963028,,False,9,tgdataset_conspiracy_list
MenschSEINsKollektiv,1216476864,,False,9,tgdataset_conspiracy_list
Menteabierta33,1220562382,,False,9,tgdataset_conspiracy_list
mentealt,1448948405,,False,9,tgdataset_conspiracy_list
mercitwingo,1461518961,,False,9,tgdataset_conspiracy_list
MerdaPostaAvanz,1385789922,,False,9,tgdataset_conspiracy_list
merdaweeb2,1372230839,,False,9,tgdataset_conspiracy_list
meritabiz,1122460591,,False,9,tgdataset_conspiracy_list
MerlynFree_News2021,1206747012,,False,9,tgdataset_conspiracy_list
merriesmedia,1156740945,,False,9,tgdataset_conspiracy_list
merzko_0,1490180970,,False,9,tgdataset_conspiracy_list
MessagesfromGeorge,1431313383,,False,9,tgdataset_conspiracy_list
MesutKarakaya,1415612266,,False,9,tgdataset_conspiracy_list
meta_modern,1126734176,,False,9,tgdataset_conspiracy_list
metacommunism,1151900356,,False,9,tgdataset_conspiracy_list
metalfeed,1045467643,,False,9,tgdataset_conspiracy_list
Metapedia_Deutsch,1353324029,,False,9,tgdataset_conspiracy_list
Meteochera,1451224273,,False,9,tgdataset_conspiracy_list
metkere,1022304641,,False,9,tgdataset_conspiracy_list
metodi4ka,1079414589,,False,9,tgdataset_conspiracy_list
Metropolregion_Muenchen,1345393477,,False,9,tgdataset_conspiracy_list
mexicanosyelmundoenaccion111,1548241324,,False,9,tgdataset_conspiracy_list
mexicodespiertocanal,1546889806,,False,9,tgdataset_conspiracy_list
mg_demo,1410175190,,False,9,tgdataset_conspiracy_list
MGGA21,1429165817,,False,9,tgdataset_conspiracy_list
MGK1T,1440097929,,False,9,tgdataset_conspiracy_list
mh171702Q2Q,1460515022,,False,9,tgdataset_conspiracy_list
mia4cum,1174153200,,False,9,tgdataset_conspiracy_list
miacum,1222159548,,False,9,tgdataset_conspiracy_list
MiaSanFreieMenschen,1571963507,,False,9,tgdataset_conspiracy_list
miatsir,1360311772,,False,9,tgdataset_conspiracy_list
michael_kehrle_info,1183827458,,False,9,tgdataset_conspiracy_list
michael_shraibman,1171423596,,False,9,tgdataset_conspiracy_list
michael_wendlerofficial,1392004371,,False,9,tgdataset_conspiracy_list
MichaelBrianProtzman,1456359400,,False,9,tgdataset_conspiracy_list
michaelfritsch,1287962602,,False,9,tgdataset_conspiracy_list
michaelrhikozr,1261995673,,False,9,tgdataset_conspiracy_list
michaelvdgalien,1445994528,,False,9,tgdataset_conspiracy_list
MICHAELWENDLEROFFICIAL,1477971407,,False,9,tgdataset_conspiracy_list
michalsharksvobodnykanal,1185815601,,False,9,tgdataset_conspiracy_list
micmacs,1053335251,,False,9,tgdataset_conspiracy_list
MiDGARD_skazka,1227663171,,False,9,tgdataset_conspiracy_list
midgardasylum,1434289008,,False,9,tgdataset_conspiracy_list
MIDN8CLUB,1408640158,,False,9,tgdataset_conspiracy_list
mightysharp,1437458957,,False,9,tgdataset_conspiracy_list
MiguelDiazOK1,1280193900,,False,9,tgdataset_conspiracy_list
miguelrix,1172285652,,False,9,tgdataset_conspiracy_list
miguelsanchezavila,1284665516,,False,9,tgdataset_conspiracy_list
mihalych67,1499033087,,False,9,tgdataset_conspiracy_list
mikhaeladj,1285226819,,False,9,tgdataset_conspiracy_list
mikloslukacs,1298427067,,False,9,tgdataset_conspiracy_list
MikMikBasement,1421934934,,False,9,tgdataset_conspiracy_list
MikolaDziadok,1228020770,,False,9,tgdataset_conspiracy_list
milainfo,1448092971,,False,9,tgdataset_conspiracy_list
Militar_beobachter,1469674924,,False,9,tgdataset_conspiracy_list
military_arm,1237876926,,False,9,tgdataset_conspiracy_list
militarymaps,1107869175,,False,9,tgdataset_conspiracy_list
milltaryy,1427657664,,False,9,tgdataset_conspiracy_list
MiloszMatuschek,1425798784,,False,9,tgdataset_conspiracy_list
mimo_tv,1408766358,,False,9,tgdataset_conspiracy_list
MinaKhachatryan,1219194057,,False,9,tgdataset_conspiracy_list
mincerchannel,1472118005,,False,9,tgdataset_conspiracy_list
mind_quarantine,1405561516,,False,9,tgdataset_conspiracy_list
minden_gesundheit_wohlbefinden,1276194078,,False,9,tgdataset_conspiracy_list
mindharassment,1482113351,,False,9,tgdataset_conspiracy_list
mindofheart,1407348539,,False,9,tgdataset_conspiracy_list
mindtox,1450387716,,False,9,tgdataset_conspiracy_list
MinisterioPalabraDePoder,1466442008,,False,9,tgdataset_conspiracy_list
minitwits,1342248060,,False,9,tgdataset_conspiracy_list
minpravda,1076840162,,False,9,tgdataset_conspiracy_list
minsvet,1383072394,,False,9,tgdataset_conspiracy_list
MiranteOcidental,1259930295,,False,9,tgdataset_conspiracy_list
mirazondeserMaria,1479542963,,False,9,tgdataset_conspiracy_list
miriam_sofin,1126402696,,False,9,tgdataset_conspiracy_list
MiriamChiavegato,1223099547,,False,9,tgdataset_conspiracy_list
mirkobetz,1211326532,,False,9,tgdataset_conspiracy_list
mirsoyuz,1409644520,,False,9,tgdataset_conspiracy_list
MIrvMomente,1179565318,,False,9,tgdataset_conspiracy_list
MirZyganova,1198342802,,False,9,tgdataset_conspiracy_list
MiSalud,1350828649,,False,9,tgdataset_conspiracy_list
misanthropic_raccoon,1244593185,,False,9,tgdataset_conspiracy_list
miscarearomanialibera,1392001343,,False,9,tgdataset_conspiracy_list
mishasdoodles,1115002679,,False,9,tgdataset_conspiracy_list
misionestierraplanaargentina,1306158304,,False,9,tgdataset_conspiracy_list
mislinemisli,1097119425,,False,9,tgdataset_conspiracy_list
missaocefas,1006989195,,False,9,tgdataset_conspiracy_list
missflodder,1616982609,,False,9,tgdataset_conspiracy_list
MissionGesundheit,1427006051,,False,9,tgdataset_conspiracy_list
MissionVitaminD,1417687663,,False,9,tgdataset_conspiracy_list
MissPiggyAG,1294320140,,False,9,tgdataset_conspiracy_list
mister_pilot,1466139401,,False,9,tgdataset_conspiracy_list
miteinander_mutig_sein,1393190828,,False,9,tgdataset_conspiracy_list
miteinanderhauptkanal,1287151408,,False,9,tgdataset_conspiracy_list
MiteinanderSein,1209768807,,False,9,tgdataset_conspiracy_list
miTensorOrgoniteUniversum,1215519363,,False,9,tgdataset_conspiracy_list
Mitgedacht,1215788176,,False,9,tgdataset_conspiracy_list
MitschK,1298765026,,False,9,tgdataset_conspiracy_list
mittdolcino,1380548084,,False,9,tgdataset_conspiracy_list
MitteiIungenallerArt,1196163093,,False,9,tgdataset_conspiracy_list
MitteldeutschlandTV,1384816317,,False,9,tgdataset_conspiracy_list
mixail_kain,1091968832,,False,9,tgdataset_conspiracy_list
mktall,1396155179,,False,9,tgdataset_conspiracy_list
mkultura,1420908426,,False,9,tgdataset_conspiracy_list
MMannheimer,1440434878,,False,9,tgdataset_conspiracy_list
mmcru,1148858517,,False,9,tgdataset_conspiracy_list
MMET101a,1437475781,,False,9,tgdataset_conspiracy_list
mmnews_offiziell,1269918118,,False,9,tgdataset_conspiracy_list
MMS_PRIME_CHILE_CANAL,1546661346,,False,9,tgdataset_conspiracy_list
mmsPrimeChile,1354765234,,False,9,tgdataset_conspiracy_list
mobianon,1168805922,,False,9,tgdataset_conspiracy_list
Mobilearena_ua,1008742294,,False,9,tgdataset_conspiracy_list
MobserChannel,1039745528,,False,9,tgdataset_conspiracy_list
MODcmi,1195971973,,False,9,tgdataset_conspiracy_list
modern_anarchism,1247933064,,False,9,tgdataset_conspiracy_list
Modernlifeisrubbish,1334386950,,False,9,tgdataset_conspiracy_list
MoeInvestigativ,1341430539,,False,9,tgdataset_conspiracy_list
mokhnenko,1130858907,,False,9,tgdataset_conspiracy_list
mokshadevirocks,1473088555,,False,9,tgdataset_conspiracy_list
moldavskiyefir,1233659123,,False,9,tgdataset_conspiracy_list
MoleInMyHeart,1096085472,,False,9,tgdataset_conspiracy_list
momotchiii,1462770391,,False,9,tgdataset_conspiracy_list
monasteriesofuoc,1365512801,,False,9,tgdataset_conspiracy_list
monetnydvor,1141110698,,False,9,tgdataset_conspiracy_list
moneytamer,1350832550,,False,9,tgdataset_conspiracy_list
monitoestepario,1712020219,,False,9,tgdataset_conspiracy_list
monitoring_02,1300512012,,False,9,tgdataset_conspiracy_list
monitoring_03,1499224557,,False,9,tgdataset_conspiracy_list
monitoring_07,1285844791,,False,9,tgdataset_conspiracy_list
monitoring_14,1120768741,,False,9,tgdataset_conspiracy_list
monitoring_15,1198372057,,False,9,tgdataset_conspiracy_list
monitoring_19,1463884964,,False,9,tgdataset_conspiracy_list
monitoring_34,1429668786,,False,9,tgdataset_conspiracy_list
monitoring_55,1291417970,,False,9,tgdataset_conspiracy_list
monitoring_61,1407376413,,False,9,tgdataset_conspiracy_list
monitoring_77,1185606784,,False,9,tgdataset_conspiracy_list
monitoring_78,1445228334,,False,9,tgdataset_conspiracy_list
monokuma1488,1200183484,,False,9,tgdataset_conspiracy_list
monsieurKOff,1445319522,,False,9,tgdataset_conspiracy_list
Montelibero_ru,1009485608,,False,9,tgdataset_conspiracy_list
MonteOff,1269502278,,False,9,tgdataset_conspiracy_list
montyan,1240652556,,False,9,tgdataset_conspiracy_list
Moody_Reaper_FEED,1379570142,,False,9,tgdataset_conspiracy_list
MoonlightTunes,1136669037,,False,9,tgdataset_conspiracy_list
mophoiss,1445256285,,False,9,tgdataset_conspiracy_list
moralmedia,1446387003,,False,9,tgdataset_conspiracy_list
MoranEden,1408603828,,False,9,tgdataset_conspiracy_list
morgaineofficial,1487767060,,False,9,tgdataset_conspiracy_list
morgules,1190576197,,False,9,tgdataset_conspiracy_list
mornews8,1265357767,,False,9,tgdataset_conspiracy_list
mors_spuria,1180787586,,False,9,tgdataset_conspiracy_list
mosexp,1057593179,,False,9,tgdataset_conspiracy_list
mossovet_tv,1393591454,,False,9,tgdataset_conspiracy_list
motivomundial,1796761628,,False,9,tgdataset_conspiracy_list
motulok,1303655101,,False,9,tgdataset_conspiracy_list
moviesjournal,1373917768,,False,9,tgdataset_conspiracy_list
movimentosceltalibera,1492133059,,False,9,tgdataset_conspiracy_list
movimiento_2020,1495731825,,False,9,tgdataset_conspiracy_list
movimiento_asistencia_integral,1766592668,,False,9,tgdataset_conspiracy_list
movimientozeitgeist,1486930662,,False,9,tgdataset_conspiracy_list
moxvictoria,1468714262,,False,9,tgdataset_conspiracy_list
moyabelarus20,1312767183,,False,9,tgdataset_conspiracy_list
mozol_angry,1474465804,,False,9,tgdataset_conspiracy_list
mrazikotik,1111621279,,False,9,tgdataset_conspiracy_list
MRCAPACHOTV,1496324870,,False,9,tgdataset_conspiracy_list
MRepeshuk,1374821530,,False,9,tgdataset_conspiracy_list
mrfreeman000,1099667981,,False,9,tgdataset_conspiracy_list
mrmyskin,1439227527,,False,9,tgdataset_conspiracy_list
mrpcr,1448222672,,False,9,tgdataset_conspiracy_list
mrpool_it_analyses,1712900915,,False,9,tgdataset_conspiracy_list
MrSnuggles58,1283657156,,False,9,tgdataset_conspiracy_list
mrvozni,1338936926,,False,9,tgdataset_conspiracy_list
MshoAxjik_AnnaAbrahamian,1415938931,,False,9,tgdataset_conspiracy_list
MSJournal,1470901975,,False,9,tgdataset_conspiracy_list
mspezial,1602854099,,False,9,tgdataset_conspiracy_list
MstPatriotNRW,1497494341,,False,9,tgdataset_conspiracy_list
MTV22,1450958124,,False,9,tgdataset_conspiracy_list
Muathyit,1071906206,,False,9,tgdataset_conspiracy_list
MubashshirAhmad,1076011114,,False,9,tgdataset_conspiracy_list
muehlhausengehtspazieren,1245970733,,False,9,tgdataset_conspiracy_list
muenchnerdemokratietv,1243227196,,False,9,tgdataset_conspiracy_list
muertesxvacunascovid19,1469637541,,False,9,tgdataset_conspiracy_list
MuesliLavrova,1144219501,,False,9,tgdataset_conspiracy_list
mugellomagnetico,1773767834,,False,9,tgdataset_conspiracy_list
mukti77,1362331384,,False,9,tgdataset_conspiracy_list
mullaiz,1278705844,,False,9,tgdataset_conspiracy_list
multachh,1343018669,,False,9,tgdataset_conspiracy_list
multiculturalizate,1253344530,,False,9,tgdataset_conspiracy_list
multipolar_magazin,1307428669,,False,9,tgdataset_conspiracy_list
MultiTerrestre,1283113426,,False,9,tgdataset_conspiracy_list
Mundo_Desconocido_Oficial,1166846775,,False,9,tgdataset_conspiracy_list
MundoDespierto,1242263348,,False,9,tgdataset_conspiracy_list
MundoSmart,1299845071,,False,9,tgdataset_conspiracy_list
MunkeltMan,1283988452,,False,9,tgdataset_conspiracy_list
muraldafama,1074032122,,False,9,tgdataset_conspiracy_list
Muratoezkan,1226085297,,False,9,tgdataset_conspiracy_list
mushroomsandmore,1393770850,,False,9,tgdataset_conspiracy_list
mushroomsLSDDMTtrippy,1278381109,,False,9,tgdataset_conspiracy_list
music4anons,1198685556,,False,9,tgdataset_conspiracy_list
musicafeminista,1075060007,,False,9,tgdataset_conspiracy_list
musicalprostitute,1133811835,,False,9,tgdataset_conspiracy_list
musicapostaggio,1234214345,,False,9,tgdataset_conspiracy_list
MusicHome2O21,1284902623,,False,9,tgdataset_conspiracy_list
musicnews333,1120967512,,False,9,tgdataset_conspiracy_list
musique_fm,1105768029,,False,9,tgdataset_conspiracy_list
MuslimeFuerWahrheit,1152299881,,False,9,tgdataset_conspiracy_list
MuslimeFurAufklarung,1387596999,,False,9,tgdataset_conspiracy_list
MuslimeGegenKoronaDiktatur,1410263415,,False,9,tgdataset_conspiracy_list
muslimmarkt,1148555914,,False,9,tgdataset_conspiracy_list
mustwatch,1063306562,,False,9,tgdataset_conspiracy_list
mut_zum_neustart,1308815409,,False,9,tgdataset_conspiracy_list
Mutflash,1430230695,,False,9,tgdataset_conspiracy_list
MutterGaia,1448608030,,False,9,tgdataset_conspiracy_list
MutterHolle,1479161206,,False,9,tgdataset_conspiracy_list
mutzumwiderstand,1247490608,,False,9,tgdataset_conspiracy_list
muziksteff,1083495094,,False,9,tgdataset_conspiracy_list
muzZone_9Gramm,1140931363,,False,9,tgdataset_conspiracy_list
mv6566,1402914028,,False,9,tgdataset_conspiracy_list
MV_Freie_Hanseaten,1493241558,,False,9,tgdataset_conspiracy_list
MWGFD_Kanal,1460904959,,False,9,tgdataset_conspiracy_list
my_highlights,1064075509,,False,9,tgdataset_conspiracy_list
my_protiv_pogruzki,1186740354,,False,9,tgdataset_conspiracy_list
mydonetsk,1176563378,,False,9,tgdataset_conspiracy_list
MyEduBlog,1076840096,,False,9,tgdataset_conspiracy_list
myjobisboringasfuck,1243138673,,False,9,tgdataset_conspiracy_list
MykhailoDonenko,1387305868,,False,9,tgdataset_conspiracy_list
mykurgan,1078848371,,False,9,tgdataset_conspiracy_list
myltseva_events,1162732865,,False,9,tgdataset_conspiracy_list
MyPhantomPain,1412214975,,False,9,tgdataset_conspiracy_list
MyPrivateKingdom,1176539500,,False,9,tgdataset_conspiracy_list
myproblememes,1157794721,,False,9,tgdataset_conspiracy_list
MysteryCannel,1199840293,,False,9,tgdataset_conspiracy_list
mysteryfiles,1402087840,,False,9,tgdataset_conspiracy_list
myvolgograd,1158773785,,False,9,tgdataset_conspiracy_list
mznas,1018050982,,False,9,tgdataset_conspiracy_list
mznks,1112620021,,False,9,tgdataset_conspiracy_list
n0saint,1287188786,,False,9,tgdataset_conspiracy_list
N23TV,1460500544,,False,9,tgdataset_conspiracy_list
n8waechterpunktnet,1154698900,,False,9,tgdataset_conspiracy_list
n_w_order,1294238135,,False,9,tgdataset_conspiracy_list
nabludatels,1445292211,,False,9,tgdataset_conspiracy_list
NachDelora,1587557243,,False,9,tgdataset_conspiracy_list
NachDenkSeiten_DE,1459911298,,False,9,tgdataset_conspiracy_list
nachdenkseitende,1237614512,,False,9,tgdataset_conspiracy_list
nachrichtenkanal,1350747327,,False,9,tgdataset_conspiracy_list
NachrichtenOhneZensur_Original,1190399585,,False,9,tgdataset_conspiracy_list
NachrichtenTelegram,1423400455,,False,9,tgdataset_conspiracy_list
NachrichtenUnzensiert,1006577556,,False,9,tgdataset_conspiracy_list
NachrichtenWelt,1496097495,,False,9,tgdataset_conspiracy_list
nachrichtvonmueller,1256104240,,False,9,tgdataset_conspiracy_list
nachteulenspirit,1602243355,,False,9,tgdataset_conspiracy_list
Nachwelt,1406174710,,False,9,tgdataset_conspiracy_list
nacionalismorevolucionario,1479034374,,False,9,tgdataset_conspiracy_list
nacionalistasoficial,1134765482,,False,9,tgdataset_conspiracy_list
nacisalvaje,1155582890,,False,9,tgdataset_conspiracy_list
nada_com_nada,1170515852,,False,9,tgdataset_conspiracy_list
nadia_dibaj,1275556691,,False,9,tgdataset_conspiracy_list
nadiyapopel,1406452734,,False,9,tgdataset_conspiracy_list
NahrungfuerdieSeelen,1232629814,,False,9,tgdataset_conspiracy_list
nailyaaskerzade,1300595835,,False,9,tgdataset_conspiracy_list
NanaDomena,1456369760,,False,9,tgdataset_conspiracy_list
nanastiefgang,1369894756,,False,9,tgdataset_conspiracy_list
nandraR,1472496126,,False,9,tgdataset_conspiracy_list
Nanilacourt,1444363399,,False,9,tgdataset_conspiracy_list
nanndddcc,1302690627,,False,9,tgdataset_conspiracy_list
NanoAPI,1473522927,,False,9,tgdataset_conspiracy_list
naoconsigorespirar,1434798140,,False,9,tgdataset_conspiracy_list
naomiseibt,1377779278,,False,9,tgdataset_conspiracy_list
naovamosaceitar,1495072497,,False,9,tgdataset_conspiracy_list
narraktiv,1205981864,,False,9,tgdataset_conspiracy_list
Nasobin,1394625470,,False,9,tgdataset_conspiracy_list
nastikatube,1488498126,,False,9,tgdataset_conspiracy_list
NasulTv,1293184120,,False,9,tgdataset_conspiracy_list
nataliachernihovskaya,1416951099,,False,9,tgdataset_conspiracy_list
natalibera25,1235773347,,False,9,tgdataset_conspiracy_list
nataosmanli,1467365770,,False,9,tgdataset_conspiracy_list
natashka_111,1376953913,,False,9,tgdataset_conspiracy_list
national_overseer,1496065960,,False,9,tgdataset_conspiracy_list
nationalist_russian,1314531120,,False,9,tgdataset_conspiracy_list
NATSOCSPACEFORCE,1305462223,,False,9,tgdataset_conspiracy_list
natuerlichDoris,1239801572,,False,9,tgdataset_conspiracy_list
NatuerlichInBalance,1163413283,,False,9,tgdataset_conspiracy_list
natur_heilt_dich,1405479277,,False,9,tgdataset_conspiracy_list
naturheilzentrum,1499420671,,False,9,tgdataset_conspiracy_list
NaturkindBlog,1186498923,,False,9,tgdataset_conspiracy_list
NaturSeele,1186229243,,False,9,tgdataset_conspiracy_list
naturverbundenesLeben2203,1219502288,,False,9,tgdataset_conspiracy_list
naturverstaendnis,1455378583,,False,9,tgdataset_conspiracy_list
natusestit,1388510989,,False,9,tgdataset_conspiracy_list
navoisport,1210450726,,False,9,tgdataset_conspiracy_list
NaZdrowie,1452977743,,False,9,tgdataset_conspiracy_list
NaziTalkOriginal,1470373459,,False,9,tgdataset_conspiracy_list
nbgzd,1404342216,,False,9,tgdataset_conspiracy_list
nCAPSnSHIET,1257000228,,False,9,tgdataset_conspiracy_list
nCoV_Global,1122036931,,False,9,tgdataset_conspiracy_list
NDS_Hinweise,1378146456,,False,9,tgdataset_conspiracy_list
ne90e,1378893272,,False,9,tgdataset_conspiracy_list
ne_stass,1242174031,,False,9,tgdataset_conspiracy_list
ne_tolerantno,1286657657,,False,9,tgdataset_conspiracy_list
neadeqatus,1422435014,,False,9,tgdataset_conspiracy_list
nebucamv,1382188364,,False,9,tgdataset_conspiracy_list
nechto_nichto,1339898701,,False,9,tgdataset_conspiracy_list
necoderevents,1283001463,,False,9,tgdataset_conspiracy_list
nedofront,1223006165,,False,9,tgdataset_conspiracy_list
nedostroyka,1330132908,,False,9,tgdataset_conspiracy_list
neduma,1116486991,,False,9,tgdataset_conspiracy_list
neednote,1150304741,,False,9,tgdataset_conspiracy_list
NeedToKnow_yt,1273262293,,False,9,tgdataset_conspiracy_list
negahi_no_be_ahmadinejad,1006984899,,False,9,tgdataset_conspiracy_list
nemeticos_politvlog,1467730262,,False,9,tgdataset_conspiracy_list
neofeminismo,1121652141,,False,9,tgdataset_conspiracy_list
neolginskie,1434647045,,False,9,tgdataset_conspiracy_list
neon_and_zero,1277451604,,False,9,tgdataset_conspiracy_list
NeoPatria,1194892699,,False,9,tgdataset_conspiracy_list
NEOPOSTART,1285489487,,False,9,tgdataset_conspiracy_list
NeosFilter,1231034804,,False,9,tgdataset_conspiracy_list
nervenheilanstalt,1157155924,,False,9,tgdataset_conspiracy_list
NESARA_GESARA,1302058605,,False,9,tgdataset_conspiracy_list
neshat_shirin,1389685065,,False,9,tgdataset_conspiracy_list
NeSocSeti,1121698336,,False,9,tgdataset_conspiracy_list
nessuna_correlazione,1151406947,,False,9,tgdataset_conspiracy_list
nessunnesso,1194878707,,False,9,tgdataset_conspiracy_list
nesu_setch,1176154935,,False,9,tgdataset_conspiracy_list
net_kott,1379786756,,False,9,tgdataset_conspiracy_list
net_prinuzhdeniyu,1330230598,,False,9,tgdataset_conspiracy_list
netizensouljahtv,1489168654,,False,9,tgdataset_conspiracy_list
netstalkers,1096155201,,False,9,tgdataset_conspiracy_list
nettzwerg,1496127228,,False,9,tgdataset_conspiracy_list
netzfrauen,1407802159,,False,9,tgdataset_conspiracy_list
NetzTV,1097788322,,False,9,tgdataset_conspiracy_list
netzwerk_demokratie,1443099133,,False,9,tgdataset_conspiracy_list
NetzwerkkritischerExperten,1409383426,,False,9,tgdataset_conspiracy_list
neue_erde,1344048055,,False,9,tgdataset_conspiracy_list
neuehomoeopathie,1222937317,,False,9,tgdataset_conspiracy_list
neueLichtdimension,1390063418,,False,9,tgdataset_conspiracy_list
neuelichtvolleerde,1729046528,,False,9,tgdataset_conspiracy_list
NeueMedienTV,1486572607,,False,9,tgdataset_conspiracy_list
neuesBewusstseinKanal,1471623576,,False,9,tgdataset_conspiracy_list
neuesforum,1216531864,,False,9,tgdataset_conspiracy_list
Neueste_Nachrichten,1526612939,,False,9,tgdataset_conspiracy_list
NeuesWissen,1474883525,,False,9,tgdataset_conspiracy_list
neueswissengalaktischewahrheiten,1456600602,,False,9,tgdataset_conspiracy_list
NeueWahrheit,1505980711,,False,9,tgdataset_conspiracy_list
neueZeiten,1293347547,,False,9,tgdataset_conspiracy_list
Neuhauspeter,1238128773,,False,9,tgdataset_conspiracy_list
neulaendertv,1497105552,,False,9,tgdataset_conspiracy_list
neulandrebellion,1452222369,,False,9,tgdataset_conspiracy_list
neuquininosdespiertos,1363151444,,False,9,tgdataset_conspiracy_list
neustart0,1252495599,,False,9,tgdataset_conspiracy_list
NEUSTART_2020,1434476473,,False,9,tgdataset_conspiracy_list
Neustart_Jetzt,1471497883,,False,9,tgdataset_conspiracy_list
NeuzeitNachrichten,1154179143,,False,9,tgdataset_conspiracy_list
neverevergiveup17,1328723498,,False,9,tgdataset_conspiracy_list
Neverforgethistory,1485028330,,False,9,tgdataset_conspiracy_list
NeverImpfpflicht,1738289921,,False,9,tgdataset_conspiracy_list
new_normality_diary,1310502933,,False,9,tgdataset_conspiracy_list
NewAgeLifeStyle,1059900510,,False,9,tgdataset_conspiracy_list
NewFBK,1272641814,,False,9,tgdataset_conspiracy_list
NewHasanMohaddesi,1212648750,,False,9,tgdataset_conspiracy_list
newhumansfivedimension,1114597802,,False,9,tgdataset_conspiracy_list
newincognitowindow,1410924800,,False,9,tgdataset_conspiracy_list
news0urce,1406599601,,False,9,tgdataset_conspiracy_list
News17000,1395811834,,False,9,tgdataset_conspiracy_list
News1G,1398442841,,False,9,tgdataset_conspiracy_list
news_info_24,1275405682,,False,9,tgdataset_conspiracy_list
newsarchivnr1,1203825992,,False,9,tgdataset_conspiracy_list
NewsBewusstseinMutRealitaetEntwi,1125974561,,False,9,tgdataset_conspiracy_list
newsbotA1_bSA,1110759816,,False,9,tgdataset_conspiracy_list
newsfile_paper,1280537389,,False,9,tgdataset_conspiracy_list
NEWSFLASH17Q,1679537034,,False,9,tgdataset_conspiracy_list
newsforright,1291102196,,False,9,tgdataset_conspiracy_list
newsfrontnotes,1335635435,,False,9,tgdataset_conspiracy_list
newsinternationales,1322829485,,False,9,tgdataset_conspiracy_list
Newsletter1984,1305770659,,False,9,tgdataset_conspiracy_list
NewsMaxRevolution,1279308630,,False,9,tgdataset_conspiracy_list
NewsOstBerlin,1373782401,,False,9,tgdataset_conspiracy_list
newspicker,1009707350,,False,9,tgdataset_conspiracy_list
NewsRundUmsGeschehen,1182539231,,False,9,tgdataset_conspiracy_list
NewsSammlung,1473727263,,False,9,tgdataset_conspiracy_list
newsticker1,1083348465,,False,9,tgdataset_conspiracy_list
newsticker2020,1224228201,,False,9,tgdataset_conspiracy_list
newstransport,1352113271,,False,9,tgdataset_conspiracy_list
NewszumWandel,1224171692,,False,9,tgdataset_conspiracy_list
nexta_rusia,1308172605,,False,9,tgdataset_conspiracy_list
NeytiriMeierVeritas,1412577919,,False,9,tgdataset_conspiracy_list
nhzddss,1345943050,,False,9,tgdataset_conspiracy_list
Nibiru_is_coming,1407139965,,False,9,tgdataset_conspiracy_list
Niburus,1352259330,,False,9,tgdataset_conspiracy_list
NichtOhneUnsPotsdam,1252475386,,False,9,tgdataset_conspiracy_list
Nichtsals,1493517302,,False,9,tgdataset_conspiracy_list
nichtsalsdiewahrheit,1180520820,,False,9,tgdataset_conspiracy_list
nichtsalsdiewahrheitDE2020,1431651506,,False,9,tgdataset_conspiracy_list
nichtschwimmer21,1463449155,,False,9,tgdataset_conspiracy_list
NichtsWieEsScheintKanal,1454776327,,False,9,tgdataset_conspiracy_list
nicolafranzoni,1287508140,,False,9,tgdataset_conspiracy_list
nicolasbarro_infokanal,1252169881,,False,9,tgdataset_conspiracy_list
nicolegandelau,1204757014,,False,9,tgdataset_conspiracy_list
nicolehoechstmdb,1406997693,,False,9,tgdataset_conspiracy_list
nicotanets,1491163620,,False,9,tgdataset_conspiracy_list
nicstavrogin,1021076044,,False,9,tgdataset_conspiracy_list
NielsenNews,1328035516,,False,9,tgdataset_conspiracy_list
niemandswasser,1069707522,,False,9,tgdataset_conspiracy_list
nienepokornite,1455826463,,False,9,tgdataset_conspiracy_list
Nieuwshoorn,1244449319,,False,9,tgdataset_conspiracy_list
nieuwsned,1267842875,,False,9,tgdataset_conspiracy_list
nighthistory,1120404983,,False,9,tgdataset_conspiracy_list
NihilismNihilo,1430579260,,False,9,tgdataset_conspiracy_list
NiiBeth,1100588137,,False,9,tgdataset_conspiracy_list
nikolayganchuk,1417128702,,False,9,tgdataset_conspiracy_list
NikonovLive,1426111414,,False,9,tgdataset_conspiracy_list
NikOsho,1106964843,,False,9,tgdataset_conspiracy_list
nikral,1096981383,,False,9,tgdataset_conspiracy_list
NinaHallmann,1295388544,,False,9,tgdataset_conspiracy_list
ningishz,1493334305,,False,9,tgdataset_conspiracy_list
ninja_capital,1329358190,,False,9,tgdataset_conspiracy_list
nityatelegram,1421677663,,False,9,tgdataset_conspiracy_list
nixgut,1202291276,,False,9,tgdataset_conspiracy_list
nkamnev,1029495596,,False,9,tgdataset_conspiracy_list
NLconnectBE,1456403769,,False,9,tgdataset_conspiracy_list
NMGIGeopoliticaItaliana,1140540321,,False,9,tgdataset_conspiracy_list
nnm_official,1191190761,,False,9,tgdataset_conspiracy_list
nnmclub_official,1130890445,,False,9,tgdataset_conspiracy_list
no_compromise,1273016271,,False,9,tgdataset_conspiracy_list
No_Plandemia,1359166120,,False,9,tgdataset_conspiracy_list
NOabominaciondesoladora,1411523815,,False,9,tgdataset_conspiracy_list
NoalNom,1425205780,,False,9,tgdataset_conspiracy_list
NoAlNuevoOrdenMundial2030,1513964483,,False,9,tgdataset_conspiracy_list
NoavaranCodal,1434163513,,False,9,tgdataset_conspiracy_list
NoCoincidence,1438767220,,False,9,tgdataset_conspiracy_list
noconcept23,1441851078,,False,9,tgdataset_conspiracy_list
nodreaming,1383022577,,False,9,tgdataset_conspiracy_list
nogals_redpills,1192915913,,False,9,tgdataset_conspiracy_list
Noi_Siamo_Vivi,1228958024,,False,9,tgdataset_conspiracy_list
noimpfenscheiss,1409294568,,False,9,tgdataset_conspiracy_list
NOM_PLANDEMIA_ACCION,1458125910,,False,9,tgdataset_conspiracy_list
NOmasMENTIRASUY,1275621446,,False,9,tgdataset_conspiracy_list
NOMNoticias,1392075952,,False,9,tgdataset_conspiracy_list
nomsinvelo,1213439947,,False,9,tgdataset_conspiracy_list
nonblockchain,1236470186,,False,9,tgdataset_conspiracy_list
NONCONVIENEIGNORARE,1465031530,,False,9,tgdataset_conspiracy_list
NoneOfThisIsReal,1386507403,,False,9,tgdataset_conspiracy_list
NoNosKayaran,1204079095,,False,9,tgdataset_conspiracy_list
nonwo2nd,1347123362,,False,9,tgdataset_conspiracy_list
noquierenquesepas,1284009928,,False,9,tgdataset_conspiracy_list
noR4str0d4S3rp3nt3BVB7,1156511377,,False,9,tgdataset_conspiracy_list
norbertbolz,1354594151,,False,9,tgdataset_conspiracy_list
Nordinem,1377044749,,False,9,tgdataset_conspiracy_list
Nordpol_2020,1316987987,,False,9,tgdataset_conspiracy_list
Normalitaet_v2,1530424734,,False,9,tgdataset_conspiracy_list
normalnikus,1128351581,,False,9,tgdataset_conspiracy_list
noroozpour,1076852165,,False,9,tgdataset_conspiracy_list
noscam2020,1346453810,,False,9,tgdataset_conspiracy_list
nosecretsTV,1378218445,,False,9,tgdataset_conspiracy_list
nosmintierontv,1327410599,,False,9,tgdataset_conspiracy_list
NoSonVacunas,1508024334,,False,9,tgdataset_conspiracy_list
nostos_hiraeth,1424178761,,False,9,tgdataset_conspiracy_list
notariaestatal,1490233896,,False,9,tgdataset_conspiracy_list
nothingnew,1486141685,,False,9,tgdataset_conspiracy_list
NOTICIAS_DISIDENTES,1254471029,,False,9,tgdataset_conspiracy_list
NoticiaseGuerras,1471636574,,False,9,tgdataset_conspiracy_list
noticiasimpressionantes,1274636898,,False,9,tgdataset_conspiracy_list
noticiasocultass,1175004201,,False,9,tgdataset_conspiracy_list
noticiaspatriotas,1476465994,,False,9,tgdataset_conspiracy_list
noticiasporlaverdad,1471005063,,False,9,tgdataset_conspiracy_list
noticiasquenovesentv,1437479362,,False,9,tgdataset_conspiracy_list
noticiasrafapal,1421509563,,False,9,tgdataset_conspiracy_list
NoticiasSenderoikigai,1146818093,,False,9,tgdataset_conspiracy_list
NoticieroPolitico,1066576842,,False,9,tgdataset_conspiracy_list
notigramextremo,1463615588,,False,9,tgdataset_conspiracy_list
Notizie_dal_Web,1326468669,,False,9,tgdataset_conspiracy_list
notleftwingchannel,1264756433,,False,9,tgdataset_conspiracy_list
notrarememes,1317939998,,False,9,tgdataset_conspiracy_list
notrebondroitofficiel,1442579638,,False,9,tgdataset_conspiracy_list
notrechtreferendum,1419486263,,False,9,tgdataset_conspiracy_list
notwendeTG,1281404636,,False,9,tgdataset_conspiracy_list
nouvelordre,1325751651,,False,9,tgdataset_conspiracy_list
novaalternativa,1249696154,,False,9,tgdataset_conspiracy_list
novacciniogm,1320008287,,False,9,tgdataset_conspiracy_list
novaordemmundial2,1229284164,,False,9,tgdataset_conspiracy_list
noviiymir,1086901242,,False,9,tgdataset_conspiracy_list
novin_psy,1310478254,,False,9,tgdataset_conspiracy_list
Novorossiya,1090250862,,False,9,tgdataset_conspiracy_list
novosti_media,1066674485,,False,9,tgdataset_conspiracy_list
novostivakcibobesiya,1234722814,,False,9,tgdataset_conspiracy_list
NovusDaily,1442624374,,False,9,tgdataset_conspiracy_list
NowarNosanctions,1434354665,,False,9,tgdataset_conspiracy_list
noyevkovcheg,1202236809,,False,9,tgdataset_conspiracy_list
nozenzur,1152430233,,False,9,tgdataset_conspiracy_list
NPK_tv,1281262975,,False,9,tgdataset_conspiracy_list
NRF2020,1292374497,,False,9,tgdataset_conspiracy_list
NrwNews,1465023839,,False,9,tgdataset_conspiracy_list
NRWschautnichtweg,1491231580,,False,9,tgdataset_conspiracy_list
ns_uz,1151047229,,False,9,tgdataset_conspiracy_list
nschile,1310722908,,False,9,tgdataset_conspiracy_list
nt_orthodox,1336711571,,False,9,tgdataset_conspiracy_list
NTD_Hebrew,1414201738,,False,9,tgdataset_conspiracy_list
ntinua,1364679358,,False,9,tgdataset_conspiracy_list
Nucleader,1000581115,,False,9,tgdataset_conspiracy_list
nuestralucha,1344937364,,False,9,tgdataset_conspiracy_list
Nueva_Medicina_Germanica,1366121345,,False,9,tgdataset_conspiracy_list
Nuevos_Horizontes,1183869570,,False,9,tgdataset_conspiracy_list
nuiskusstvo,1157868231,,False,9,tgdataset_conspiracy_list
nurparatodos81,1251361405,,False,9,tgdataset_conspiracy_list
nvreport,1119287642,,False,9,tgdataset_conspiracy_list
nw_frieden_freiheit_gg,1181724836,,False,9,tgdataset_conspiracy_list
NWO_LOCKDOWN_SURVIVAL_HAUPTKANAL,1201160035,,False,9,tgdataset_conspiracy_list
NWO_VERBRECHEN_NEWS,1382050861,,False,9,tgdataset_conspiracy_list
NWOHunter_An_die_Nachwelt,1164118074,,False,9,tgdataset_conspiracy_list
nworeset,1263723466,,False,9,tgdataset_conspiracy_list
nwoverhindern,1229813897,,False,9,tgdataset_conspiracy_list
O815a,1335904171,,False,9,tgdataset_conspiracy_list
O_Despertar,1192899871,,False,9,tgdataset_conspiracy_list
o_marat,1099929930,,False,9,tgdataset_conspiracy_list
oabch,1174558339,,False,9,tgdataset_conspiracy_list
obamagate202Q,1210297820,,False,9,tgdataset_conspiracy_list
oberhavelstehtauf_info,1180990358,,False,9,tgdataset_conspiracy_list
OberlauerSergei,1364909243,,False,9,tgdataset_conspiracy_list
Obidmamadaliev,1448087469,,False,9,tgdataset_conspiracy_list
objectivism,1055894152,,False,9,tgdataset_conspiracy_list
OBomEuropeu,1163710439,,False,9,tgdataset_conspiracy_list
obozerskaya,1167824275,,False,9,tgdataset_conspiracy_list
obrazbuduschego2,1253974160,,False,9,tgdataset_conspiracy_list
observadores,1323044706,,False,9,tgdataset_conspiracy_list
observando2,1220755208,,False,9,tgdataset_conspiracy_list
observer_bob,1476626348,,False,9,tgdataset_conspiracy_list
obskurwatorium,1220567391,,False,9,tgdataset_conspiracy_list
OccupyYoutube,1461976629,,False,9,tgdataset_conspiracy_list
oclocracia,1268814651,,False,9,tgdataset_conspiracy_list
octagonmedia,1487313256,,False,9,tgdataset_conspiracy_list
OctalogyAssafi,1221968093,,False,9,tgdataset_conspiracy_list
odac973,1571892209,,False,9,tgdataset_conspiracy_list
Oddiymuallim_bu,1448383834,,False,9,tgdataset_conspiracy_list
odindrugqoom,1428093864,,False,9,tgdataset_conspiracy_list
odrm_statistika,1562090260,,False,9,tgdataset_conspiracy_list
oesterreichstehtauf,1280116608,,False,9,tgdataset_conspiracy_list
ofbulgaria,1381716631,,False,9,tgdataset_conspiracy_list
OffenbarungdeutscherVertraege,1247213532,,False,9,tgdataset_conspiracy_list
offgridertv,1302781436,,False,9,tgdataset_conspiracy_list
official108,1481303900,,False,9,tgdataset_conspiracy_list
Official_MohsenNamjoo,1005372243,,False,9,tgdataset_conspiracy_list
offshorechannel,1123069124,,False,9,tgdataset_conspiracy_list
OficiodasHoras,1315513431,,False,9,tgdataset_conspiracy_list
ofoghroydad,1001630026,,False,9,tgdataset_conspiracy_list
ogladiador,1151381965,,False,9,tgdataset_conspiracy_list
ogoyimsabe,1671025082,,False,9,tgdataset_conspiracy_list
ograndereset,1225794912,,False,9,tgdataset_conspiracy_list
oheememes,1310412772,,False,9,tgdataset_conspiracy_list
oho11,1356037060,,False,9,tgdataset_conspiracy_list
OHTVnews,1491189591,,False,9,tgdataset_conspiracy_list
oilanbaisindarma,1468536940,,False,9,tgdataset_conspiracy_list
oinformante1,1297049376,,False,9,tgdataset_conspiracy_list
oinformanteofficial,1457164464,,False,9,tgdataset_conspiracy_list
OKiTALKKanal,1296779339,,False,9,tgdataset_conspiracy_list
okopmusic,1271774691,,False,9,tgdataset_conspiracy_list
okores,1127265481,,False,9,tgdataset_conspiracy_list
okx_russian,1392170956,,False,9,tgdataset_conspiracy_list
oldminerkomi,1293450423,,False,9,tgdataset_conspiracy_list
olgakornilova_expert,1318064231,,False,9,tgdataset_conspiracy_list
olgamemes,1092416941,,False,9,tgdataset_conspiracy_list
olgaram,1106576985,,False,9,tgdataset_conspiracy_list
olgaseletskaya,1167485585,,False,9,tgdataset_conspiracy_list
olibertario_org,1263283533,,False,9,tgdataset_conspiracy_list
oliveribanez,1236315473,,False,9,tgdataset_conspiracy_list
oliverjanich,1218998207,,False,9,tgdataset_conspiracy_list
OliverJanichtopnews,1337530321,,False,9,tgdataset_conspiracy_list
omanko,1077884031,,False,9,tgdataset_conspiracy_list
omegaclickofficial,1438096613,,False,9,tgdataset_conspiracy_list
omidlm,1034452389,,False,9,tgdataset_conspiracy_list
omilagredavid33,1702711869,,False,9,tgdataset_conspiracy_list
OMON_DV_Khbr,1367959184,,False,9,tgdataset_conspiracy_list
OMVNewsLatinAmerica,1783254726,,False,9,tgdataset_conspiracy_list
Ondes2Choc,1594893484,,False,9,tgdataset_conspiracy_list
one_big_union,1104943842,,False,9,tgdataset_conspiracy_list
one_layer,1327663905,,False,9,tgdataset_conspiracy_list
one_pill_a_day,1351057101,,False,9,tgdataset_conspiracy_list
onegin_astra,1165980887,,False,9,tgdataset_conspiracy_list
onestlanantes,1471686786,,False,9,tgdataset_conspiracy_list
onfleek419,1397019275,,False,9,tgdataset_conspiracy_list
only_facts_what_is_the_truth,1311584467,,False,9,tgdataset_conspiracy_list
onlynot,1236300484,,False,9,tgdataset_conspiracy_list
OnlyTheTruthDE,1225031477,,False,9,tgdataset_conspiracy_list
onorteconservador,1455880577,,False,9,tgdataset_conspiracy_list
Onyx_Capital,1165709746,,False,9,tgdataset_conspiracy_list
oo_kroshkaa,1241152006,,False,9,tgdataset_conspiracy_list
op_8lack8ox,1448687156,,False,9,tgdataset_conspiracy_list
opalescentransparent,1487786791,,False,9,tgdataset_conspiracy_list
Opastaunt,1525994340,,False,9,tgdataset_conspiracy_list
openeyesnew,1327944740,,False,9,tgdataset_conspiracy_list
OpenFaceBelarus,1471166537,,False,9,tgdataset_conspiracy_list
OpenMindMedium,1221641040,,False,9,tgdataset_conspiracy_list
opennewss,1161940332,,False,9,tgdataset_conspiracy_list
opennov,1062693290,,False,9,tgdataset_conspiracy_list
operacaojaguar,1404180749,,False,9,tgdataset_conspiracy_list
OperationRubikon,1368502512,,False,9,tgdataset_conspiracy_list
OperationWahrheit,1571330139,,False,9,tgdataset_conspiracy_list
operativbreaking,1306550193,,False,9,tgdataset_conspiracy_list
opk_news,1281736734,,False,9,tgdataset_conspiracy_list
oplottv,1151672481,,False,9,tgdataset_conspiracy_list
opoveshenie,1059316876,,False,9,tgdataset_conspiracy_list
opropriolavo,1275403038,,False,9,tgdataset_conspiracy_list
opt_in,1318298372,,False,9,tgdataset_conspiracy_list
oracleofkeki,1478821636,,False,9,tgdataset_conspiracy_list
orange_channel,1016729507,,False,9,tgdataset_conspiracy_list
orange_east,1441362131,,False,9,tgdataset_conspiracy_list
orania_treff,1305315232,,False,9,tgdataset_conspiracy_list
orapul,1404927324,,False,9,tgdataset_conspiracy_list
orda_mordora,1393900742,,False,9,tgdataset_conspiracy_list
Orden_Natural,1442193630,,False,9,tgdataset_conspiracy_list
ordengrial1,1161069273,,False,9,tgdataset_conspiracy_list
ordredudragonrenverse,1215120041,,False,9,tgdataset_conspiracy_list
ordynets,1356624016,,False,9,tgdataset_conspiracy_list
oren_irn,1488222235,,False,9,tgdataset_conspiracy_list
Orev_Lavan,1290892573,,False,9,tgdataset_conspiracy_list
OrganisationWestdeutschland,1441304237,,False,9,tgdataset_conspiracy_list
organizacionescraches,1602571239,,False,9,tgdataset_conspiracy_list
orgkomitet,1259901882,,False,9,tgdataset_conspiracy_list
orgoglioitaliani,1464061341,,False,9,tgdataset_conspiracy_list
orgonforce,1341167086,,False,9,tgdataset_conspiracy_list
orhoresistanse,1434880009,,False,9,tgdataset_conspiracy_list
origenBere,1138920878,,False,9,tgdataset_conspiracy_list
ortheros,1304479548,,False,9,tgdataset_conspiracy_list
ortomedico,1320714216,,False,9,tgdataset_conspiracy_list
Orwell_Reality,1425915492,,False,9,tgdataset_conspiracy_list
osaitalia,1532832460,,False,9,tgdataset_conspiracy_list
Osbachannel,1056603451,,False,9,tgdataset_conspiracy_list
OsEnganan,1245014961,,False,9,tgdataset_conspiracy_list
OstanniyCapitalist,1162848861,,False,9,tgdataset_conspiracy_list
ostapstakhiv,1692610684,,False,9,tgdataset_conspiracy_list
Ostfriesenmann,1414914804,,False,9,tgdataset_conspiracy_list
OstrogReserve,1208282544,,False,9,tgdataset_conspiracy_list
OtabekHoshimov,1334585663,,False,9,tgdataset_conspiracy_list
otdyshiprocrypto,1410788251,,False,9,tgdataset_conspiracy_list
OTonTV,1405461519,,False,9,tgdataset_conspiracy_list
otpor2020,1202061884,,False,9,tgdataset_conspiracy_list
otstRus,1378703863,,False,9,tgdataset_conspiracy_list
otto_fuchs_chat,1452549383,,False,9,tgdataset_conspiracy_list
Ottumongolo,1266480726,,False,9,tgdataset_conspiracy_list
ouRresurrection,1131080946,,False,9,tgdataset_conspiracy_list
outdoor_germany,1075311320,,False,9,tgdataset_conspiracy_list
outoftheboxtv,1543009888,,False,9,tgdataset_conspiracy_list
OutoftheBoxTV_Kanal2,1210493429,,False,9,tgdataset_conspiracy_list
ouzs_ru,1435519760,,False,9,tgdataset_conspiracy_list
OVALmedia,1290333430,,False,9,tgdataset_conspiracy_list
OVeridicusOfficial,1547662573,,False,9,tgdataset_conspiracy_list
ovetoroculto,1448029980,,False,9,tgdataset_conspiracy_list
oweschattauer,1215061349,,False,9,tgdataset_conspiracy_list
Owl_steht_auf,1708938591,,False,9,tgdataset_conspiracy_list
oyemedia,1344521743,,False,9,tgdataset_conspiracy_list
oyster_cribs,1147238092,,False,9,tgdataset_conspiracy_list
ozziepenaoficial,1486247122,,False,9,tgdataset_conspiracy_list
p00li4,1164467329,,False,9,tgdataset_conspiracy_list
p3ac3frog,1473293483,,False,9,tgdataset_conspiracy_list
P_incorreto,1447786138,,False,9,tgdataset_conspiracy_list
Pabillonis,1219240042,,False,9,tgdataset_conspiracy_list
pablojdavoli,1407409023,,False,9,tgdataset_conspiracy_list
pachainfo,1281044782,,False,9,tgdataset_conspiracy_list
Pacobudafulanito,1432898297,,False,9,tgdataset_conspiracy_list
paconavaspsicologo,1095972080,,False,9,tgdataset_conspiracy_list
PadreEternoInnominado,1453855140,,False,9,tgdataset_conspiracy_list
PADRESPORLAVERDAD,1294187655,,False,9,tgdataset_conspiracy_list
padresunidosespana,1180657257,,False,9,tgdataset_conspiracy_list
PaedagogenFuerAufklaerung,1341131674,,False,9,tgdataset_conspiracy_list
pagantrad,1107521730,,False,9,tgdataset_conspiracy_list
paideuma,1397007856,,False,9,tgdataset_conspiracy_list
PaladinWaladin,1449678736,,False,9,tgdataset_conspiracy_list
pandementia,1531672366,,False,9,tgdataset_conspiracy_list
PandemiaR3VOLUTION,1164998445,,False,9,tgdataset_conspiracy_list
pandemimimi,1364416179,,False,9,tgdataset_conspiracy_list
PanevisDotCom,1007205612,,False,9,tgdataset_conspiracy_list
panicetc,1109114844,,False,9,tgdataset_conspiracy_list
PanjerehAghabi,1126032910,,False,9,tgdataset_conspiracy_list
pankalla,1248241416,,False,9,tgdataset_conspiracy_list
PaoloBellavite,1407718466,,False,9,tgdataset_conspiracy_list
paolosensinisaggista,1294502960,,False,9,tgdataset_conspiracy_list
paperpaper_ru,1006761084,,False,9,tgdataset_conspiracy_list
paragraph32,1759981208,,False,9,tgdataset_conspiracy_list
paramedwave,1078951246,,False,9,tgdataset_conspiracy_list
paranaut,1310294634,,False,9,tgdataset_conspiracy_list
paremosNewOrdenMundial,1472488596,,False,9,tgdataset_conspiracy_list
PariEssenz,1168811920,,False,9,tgdataset_conspiracy_list
parisburns,1109816938,,False,9,tgdataset_conspiracy_list
parlamentarism,1102372117,,False,9,tgdataset_conspiracy_list
parrhesia,1124148542,,False,9,tgdataset_conspiracy_list
parrhesiazomai,1243985874,,False,9,tgdataset_conspiracy_list
Parsikhabareamrica,1172182118,,False,9,tgdataset_conspiracy_list
parteidervernunft_bundesverband,1346324728,,False,9,tgdataset_conspiracy_list
partidobrasiloficial,1252553018,,False,9,tgdataset_conspiracy_list
PartidoLibertarioColombia,1201152558,,False,9,tgdataset_conspiracy_list
pasaremos,1312301672,,False,9,tgdataset_conspiracy_list
paschin,1471788652,,False,9,tgdataset_conspiracy_list
paspublique,1456452211,,False,9,tgdataset_conspiracy_list
passtaufeinanderauf,1163352124,,False,9,tgdataset_conspiracy_list
Pastonews,1123833033,,False,9,tgdataset_conspiracy_list
patriciaMichaela,1438390362,,False,9,tgdataset_conspiracy_list
patriciocostarica,1185662469,,False,9,tgdataset_conspiracy_list
patrick_schoenerstedt,1646612473,,False,9,tgdataset_conspiracy_list
patrickcamora,1484593153,,False,9,tgdataset_conspiracy_list
PatrickLancaterNewsToday,1187298730,,False,9,tgdataset_conspiracy_list
patriot_bayern,1273474644,,False,9,tgdataset_conspiracy_list
patriotabr,1593852788,,False,9,tgdataset_conspiracy_list
PatriotasE,1529230768,,False,9,tgdataset_conspiracy_list
patriotasporlaverdaduy,1579817961,,False,9,tgdataset_conspiracy_list
patrioten24_Kanal,1217420320,,False,9,tgdataset_conspiracy_list
Patrioten_Deutschland_Kanal,1237797731,,False,9,tgdataset_conspiracy_list
Patrioten_Kanal,1342330336,,False,9,tgdataset_conspiracy_list
Patrioten_Nuernberg,1384153388,,False,9,tgdataset_conspiracy_list
Patrioten_Zwickau_Kanal,1615530457,,False,9,tgdataset_conspiracy_list
Patriotenimwiderstand,1323094149,,False,9,tgdataset_conspiracy_list
PatriotFeeds,1292716203,,False,9,tgdataset_conspiracy_list
PatriotischerInfokanalSchwaben,1230051635,,False,9,tgdataset_conspiracy_list
PatriotiXlaLiberazione,1323834014,,False,9,tgdataset_conspiracy_list
patriotnews,1395902248,,False,9,tgdataset_conspiracy_list
PatriotNewsletter,1486945670,,False,9,tgdataset_conspiracy_list
PatriotSandra,1475932940,,False,9,tgdataset_conspiracy_list
patriotswarrior,1479881689,,False,9,tgdataset_conspiracy_list
PatronEdurdo,1270950086,,False,9,tgdataset_conspiracy_list
PaulaPCay,1317387753,,False,9,tgdataset_conspiracy_list
paulesmichaelsundebbysnewsletter,1425611303,,False,9,tgdataset_conspiracy_list
PauloKogoss,1270286309,,False,9,tgdataset_conspiracy_list
PauloProfGeo,1283042635,,False,9,tgdataset_conspiracy_list
paxarocom,1324952891,,False,9,tgdataset_conspiracy_list
paxetbonu,1462162202,,False,9,tgdataset_conspiracy_list
payedarseostad,1011882631,,False,9,tgdataset_conspiracy_list
pdfpic,1249396377,,False,9,tgdataset_conspiracy_list
PDFPLANDEMIC,1227097853,,False,9,tgdataset_conspiracy_list
peacecrowd,1281107166,,False,9,tgdataset_conspiracy_list
peaceofexistence,1309957430,,False,9,tgdataset_conspiracy_list
peach_blossombazi,1430665420,,False,9,tgdataset_conspiracy_list
pechehonov,1351636381,,False,9,tgdataset_conspiracy_list
pedofilia_no,1493243716,,False,9,tgdataset_conspiracy_list
pedro_pace_e_liberta,1273982698,,False,9,tgdataset_conspiracy_list
pedrodomingo,1292050705,,False,9,tgdataset_conspiracy_list
pedroredes,1421279704,,False,9,tgdataset_conspiracy_list
pegidanl,1193472910,,False,9,tgdataset_conspiracy_list
pegidaoriginal,1354519249,,False,9,tgdataset_conspiracy_list
PEGIDASven44,1233597290,,False,9,tgdataset_conspiracy_list
pelatedandcursated,1452986036,,False,9,tgdataset_conspiracy_list
Pendeltipps,1156671865,,False,9,tgdataset_conspiracy_list
penetrationtestshow,1207359381,,False,9,tgdataset_conspiracy_list
pensierociambelle,1154247763,,False,9,tgdataset_conspiracy_list
PENSIEROCONDIVISO,1193364576,,False,9,tgdataset_conspiracy_list
pentagoras_info_medizin,1228994239,,False,9,tgdataset_conspiracy_list
pentagqone,1454491055,,False,9,tgdataset_conspiracy_list
penzina_elena,1197023625,,False,9,tgdataset_conspiracy_list
PerfilFalso,1331573088,,False,9,tgdataset_conspiracy_list
performancelike,1147100718,,False,9,tgdataset_conspiracy_list
Periodismo_ciudadano,1253708420,,False,9,tgdataset_conspiracy_list
periodismodigital,1030048064,,False,9,tgdataset_conspiracy_list
perlalbero,1255704150,,False,9,tgdataset_conspiracy_list
permaculturaORGANICA,1380852814,,False,9,tgdataset_conspiracy_list
PermaKulturGarten,1222465261,,False,9,tgdataset_conspiracy_list
permoney,1407787272,,False,9,tgdataset_conspiracy_list
pernar,1177040224,,False,9,tgdataset_conspiracy_list
pernawskitales,1161403840,,False,9,tgdataset_conspiracy_list
perpignanliberte,1466549652,,False,9,tgdataset_conspiracy_list
Persiangulf_ar,1120254935,,False,9,tgdataset_conspiracy_list
PERSIIA_NEWS,1286897602,,False,9,tgdataset_conspiracy_list
personaltrainerin,1359195333,,False,9,tgdataset_conspiracy_list
perturbadosmentais,1784292692,,False,9,tgdataset_conspiracy_list
perviykanal,1082790675,,False,9,tgdataset_conspiracy_list
pestelnareywe,1424059473,,False,9,tgdataset_conspiracy_list
Petercohrs251166,1276425984,,False,9,tgdataset_conspiracy_list
PeterElBaze,1248666002,,False,9,tgdataset_conspiracy_list
peterjungketo,1391954850,,False,9,tgdataset_conspiracy_list
peterkassl,1348412860,,False,9,tgdataset_conspiracy_list
PeterLucian,1161642386,,False,9,tgdataset_conspiracy_list
petrariannemartine,1174785513,,False,9,tgdataset_conspiracy_list
PeupleduQuebec,1405226710,,False,9,tgdataset_conspiracy_list
PfingsteninBerlin,1376861669,,False,9,tgdataset_conspiracy_list
PflegefuerdiePflege,1445320304,,False,9,tgdataset_conspiracy_list
pgming,1062078943,,False,9,tgdataset_conspiracy_list
phaenomenal_einseitig,1378607186,,False,9,tgdataset_conspiracy_list
pharmafrei,1487260144,,False,9,tgdataset_conspiracy_list
phdLAW,1019150762,,False,9,tgdataset_conspiracy_list
PhilippeAbeilleNewsCanal,1378798828,,False,9,tgdataset_conspiracy_list
PhilippeHerlin,1434951535,,False,9,tgdataset_conspiracy_list
philippkruse,1432345705,,False,9,tgdataset_conspiracy_list
PhilosophieWorkout,1262732331,,False,9,tgdataset_conspiracy_list
PhoenixLightEnergy,1173038577,,False,9,tgdataset_conspiracy_list
PhoenixTrading,1051236486,,False,9,tgdataset_conspiracy_list
PhysischUnsterblich,1278766287,,False,9,tgdataset_conspiracy_list
pianoacrosstheworld,1186367457,,False,9,tgdataset_conspiracy_list
picktureit,1435163802,,False,9,tgdataset_conspiracy_list
piehali,1083186659,,False,9,tgdataset_conspiracy_list
pigsgonnahavesex,1153156518,,False,9,tgdataset_conspiracy_list
pike5777,1307435356,,False,9,tgdataset_conspiracy_list
PilarBaselga,1404962961,,False,9,tgdataset_conspiracy_list
PiliReyes,1319095053,,False,9,tgdataset_conspiracy_list
PINEWS1,1367565889,,False,9,tgdataset_conspiracy_list
pinochet_echo,1439568092,,False,9,tgdataset_conspiracy_list
pinochetia,1372235850,,False,9,tgdataset_conspiracy_list
pioggiashitposting,1272481053,,False,9,tgdataset_conspiracy_list
pioneza,1209483550,,False,9,tgdataset_conspiracy_list
PiratenNRW,1095852680,,False,9,tgdataset_conspiracy_list
piratnews_com,1396778572,,False,9,tgdataset_conspiracy_list
pisisisikisi,1260220689,,False,9,tgdataset_conspiracy_list
pizdagalicia,1403439889,,False,9,tgdataset_conspiracy_list
pizzagate_archiv,1414782217,,False,9,tgdataset_conspiracy_list
plachunatechno,1114707099,,False,9,tgdataset_conspiracy_list
PLANDEMIA_MUNDIAL_COVID,1426315759,,False,9,tgdataset_conspiracy_list
PLANDEMIA_NOM,1340182228,,False,9,tgdataset_conspiracy_list
plandemiacolombia,1219200621,,False,9,tgdataset_conspiracy_list
plandemiadespoblacionmundial,1195956215,,False,9,tgdataset_conspiracy_list
plandemias,1422600933,,False,9,tgdataset_conspiracy_list
plandemoniya,1310693351,,False,9,tgdataset_conspiracy_list
PlaneistResources,1422715931,,False,9,tgdataset_conspiracy_list
PlanetarerAufstieg,1301477973,,False,9,tgdataset_conspiracy_list
planetenkinder,1372619141,,False,9,tgdataset_conspiracy_list
plastic_media,1313936717,,False,9,tgdataset_conspiracy_list
platinx,1195614025,,False,9,tgdataset_conspiracy_list
plattform_respekt,1347240425,,False,9,tgdataset_conspiracy_list
Platz_der_Begegnung_und_Heilung,1260136870,,False,9,tgdataset_conspiracy_list
playstation_telegram,1221169597,,False,9,tgdataset_conspiracy_list
playua,1138643947,,False,9,tgdataset_conspiracy_list
pleyades_it,1153277211,,False,9,tgdataset_conspiracy_list
plovbowl,1351335979,,False,9,tgdataset_conspiracy_list
pltrk,1089113800,,False,9,tgdataset_conspiracy_list
pludico,1403092625,,False,9,tgdataset_conspiracy_list
pluggedin,1086606124,,False,9,tgdataset_conspiracy_list
plusmitteilungen,1168123439,,False,9,tgdataset_conspiracy_list
PMBerichte,1215434278,,False,9,tgdataset_conspiracy_list
pnrka,1255233411,,False,9,tgdataset_conspiracy_list
pnssq,1321821120,,False,9,tgdataset_conspiracy_list
PoCiIn2021,1553093302,,False,9,tgdataset_conspiracy_list
PodMantiyey,1330893277,,False,9,tgdataset_conspiracy_list
podosokorsky,1118679396,,False,9,tgdataset_conspiracy_list
poeemordematuacasa,1309197271,,False,9,tgdataset_conspiracy_list
pogromi,1393098854,,False,9,tgdataset_conspiracy_list
poiskistiny8,1197665530,,False,9,tgdataset_conspiracy_list
poistine_dzhemal,1067133451,,False,9,tgdataset_conspiracy_list
polderwaffen,1489864486,,False,9,tgdataset_conspiracy_list
polenevod,1284830582,,False,9,tgdataset_conspiracy_list
polianalitika,1460313695,,False,9,tgdataset_conspiracy_list
policyonline,1449081617,,False,9,tgdataset_conspiracy_list
polieconomy,1063082167,,False,9,tgdataset_conspiracy_list
polifa_channel,1264637628,,False,9,tgdataset_conspiracy_list
Polit_Sk,1147753871,,False,9,tgdataset_conspiracy_list
PolitCult_LeC,1270619530,,False,9,tgdataset_conspiracy_list
politfront,1268978002,,False,9,tgdataset_conspiracy_list
politicadelfaraone,1177773609,,False,9,tgdataset_conspiracy_list
politicaldiagrams,1362782055,,False,9,tgdataset_conspiracy_list
politicalgaffe,1120920219,,False,9,tgdataset_conspiracy_list
politicamente_incorreto_canal,1418671271,,False,9,tgdataset_conspiracy_list
politicamenteinformado,1290544382,,False,9,tgdataset_conspiracy_list
politicamentteincorreto,1387152772,,False,9,tgdataset_conspiracy_list
politicgate,1434158060,,False,9,tgdataset_conspiracy_list
politicoTime,1201693058,,False,9,tgdataset_conspiracy_list
politik_der_letzten_Zeit,1314163313,,False,9,tgdataset_conspiracy_list
politikgame,1196276687,,False,9,tgdataset_conspiracy_list
PolitikGesellschaftGesundheit,1382572639,,False,9,tgdataset_conspiracy_list
PolitikSpezial,1211730719,,False,9,tgdataset_conspiracy_list
politikwirtschaft,1435069089,,False,9,tgdataset_conspiracy_list
politilevy,1348843394,,False,9,tgdataset_conspiracy_list
politische_bildersprueche,1499305281,,False,9,tgdataset_conspiracy_list
PolitischUnkorrektOffiziell,1469574327,,False,9,tgdataset_conspiracy_list
politjoystic,1098370560,,False,9,tgdataset_conspiracy_list
politkremlin,1174968123,,False,9,tgdataset_conspiracy_list
Politnavigator,1034709432,,False,9,tgdataset_conspiracy_list
politobzor2019,1168194954,,False,9,tgdataset_conspiracy_list
politopticon,1486568982,,False,9,tgdataset_conspiracy_list
politota_plus,1091268800,,False,9,tgdataset_conspiracy_list
politpe,1603229799,,False,9,tgdataset_conspiracy_list
politsobaka,1445526037,,False,9,tgdataset_conspiracy_list
politsputnik,1377070994,,False,9,tgdataset_conspiracy_list
polituprava,1228296834,,False,9,tgdataset_conspiracy_list
politwera,1271245955,,False,9,tgdataset_conspiracy_list
polko1,1329641046,,False,9,tgdataset_conspiracy_list
polkovnikKurtz,1384313952,,False,9,tgdataset_conspiracy_list
PolloFrito5G,1282551933,,False,9,tgdataset_conspiracy_list
polochaninov,1329282964,,False,9,tgdataset_conspiracy_list
pomoechka,1278797810,,False,9,tgdataset_conspiracy_list
pompierslibres,1512907493,,False,9,tgdataset_conspiracy_list
pond_of_Slime,1173822031,,False,9,tgdataset_conspiracy_list
ponomarb,1455501470,,False,9,tgdataset_conspiracy_list
ponyavka,1253398063,,False,9,tgdataset_conspiracy_list
poorichgirl,1091730051,,False,9,tgdataset_conspiracy_list
popculturism,1330900490,,False,9,tgdataset_conspiracy_list
popular_drugs,1049843396,,False,9,tgdataset_conspiracy_list
porlajusticia,1551662256,,False,9,tgdataset_conspiracy_list
PorLaVerdadEspanol,1413943317,,False,9,tgdataset_conspiracy_list
PorLaVERDADSiempre,1308756892,,False,9,tgdataset_conspiracy_list
PorLaVerdadTV,1347653724,,False,9,tgdataset_conspiracy_list
PortuguesesPelaSaude,1223530849,,False,9,tgdataset_conspiracy_list
portuguesesunidos,1188849365,,False,9,tgdataset_conspiracy_list
post_enot,1365604943,,False,9,tgdataset_conspiracy_list
post_work,1273029850,,False,9,tgdataset_conspiracy_list
postmodernsoldier,1134748073,,False,9,tgdataset_conspiracy_list
postposttruth,1119403404,,False,9,tgdataset_conspiracy_list
PotapenkoDmitry,1339843215,,False,9,tgdataset_conspiracy_list
Potusitaly,1290415848,,False,9,tgdataset_conspiracy_list
povestkatoday,1190363121,,False,9,tgdataset_conspiracy_list
pqntc1,1064149163,,False,9,tgdataset_conspiracy_list
pr1v8,1016991506,,False,9,tgdataset_conspiracy_list
pranarmonie,1423690321,,False,9,tgdataset_conspiracy_list
PRAVDASILNEE,1214394715,,False,9,tgdataset_conspiracy_list
pravdenet,1319317283,,False,9,tgdataset_conspiracy_list
pravdoz,1472339883,,False,9,tgdataset_conspiracy_list
pravpol,1196804317,,False,9,tgdataset_conspiracy_list
pravpolit,1455274351,,False,9,tgdataset_conspiracy_list
PRAXISMEDIMO,1179515018,,False,9,tgdataset_conspiracy_list
prdpnr,1389451380,,False,9,tgdataset_conspiracy_list
prellmeister,1352358778,,False,9,tgdataset_conspiracy_list
PrepareForChange_Deutschland,1405885523,,False,9,tgdataset_conspiracy_list
prepper_deutschland,1430260842,,False,9,tgdataset_conspiracy_list
PresidentGordonLive,1451730498,,False,9,tgdataset_conspiracy_list
pressecop24,1355481706,,False,9,tgdataset_conspiracy_list
presseteamaustria,1339662552,,False,9,tgdataset_conspiracy_list
preussenspatriotenelite,1261436823,,False,9,tgdataset_conspiracy_list
prezedentnews,1283153473,,False,9,tgdataset_conspiracy_list
prezidentgordon,1327835394,,False,9,tgdataset_conspiracy_list
PrezidentGordonBY,1452207376,,False,9,tgdataset_conspiracy_list
prezidentgordonteam,1175301848,,False,9,tgdataset_conspiracy_list
Prikhodko1970,1377658857,,False,9,tgdataset_conspiracy_list
Primat_versus_Priester,1290033904,,False,9,tgdataset_conspiracy_list
PrimeBlock,1294632002,,False,9,tgdataset_conspiracy_list
princessedenforyeshua,1342288567,,False,9,tgdataset_conspiracy_list
prism_cave,1374202800,,False,9,tgdataset_conspiracy_list
privatmnenie,1300040738,,False,9,tgdataset_conspiracy_list
priyatnoeMHG,1469308765,,False,9,tgdataset_conspiracy_list
Pro_Fide_Catholica,1486064343,,False,9,tgdataset_conspiracy_list
problembaer_info,1208738224,,False,9,tgdataset_conspiracy_list
proeconomics,1364672287,,False,9,tgdataset_conspiracy_list
proErz,1175766375,,False,9,tgdataset_conspiracy_list
ProfHockertz,1472354886,,False,9,tgdataset_conspiracy_list
profnogreenpass,1532437774,,False,9,tgdataset_conspiracy_list
ProfSucharitBhakdi,1475986831,,False,9,tgdataset_conspiracy_list
profunctor_io,1081170974,,False,9,tgdataset_conspiracy_list
progressorkz,1153199059,,False,9,tgdataset_conspiracy_list
Prohom4you,1172632750,,False,9,tgdataset_conspiracy_list
project_all_mor,1350471395,,False,9,tgdataset_conspiracy_list
Projekt_42,1383848733,,False,9,tgdataset_conspiracy_list
projektcamelot,1260157710,,False,9,tgdataset_conspiracy_list
ProjektVeritasEifel,1286581564,,False,9,tgdataset_conspiracy_list
projetoezequiel33,1378143431,,False,9,tgdataset_conspiracy_list
PROLIFEGANG,1350299440,,False,9,tgdataset_conspiracy_list
prolpravda,1201019429,,False,9,tgdataset_conspiracy_list
prometheus,1125704343,,False,9,tgdataset_conspiracy_list
prometheus_rus,1130217867,,False,9,tgdataset_conspiracy_list
promining777,1352233791,,False,9,tgdataset_conspiracy_list
promirru,1492521207,,False,9,tgdataset_conspiracy_list
promo_queen,1394387102,,False,9,tgdataset_conspiracy_list
proofofdwarf,1054196912,,False,9,tgdataset_conspiracy_list
Propagandamelder_Reloaded,1147216952,,False,9,tgdataset_conspiracy_list
propapanda666,1407341887,,False,9,tgdataset_conspiracy_list
propositoliberdade,1370284697,,False,9,tgdataset_conspiracy_list
prorivists,1452165975,,False,9,tgdataset_conspiracy_list
prosmis,1175910029,,False,9,tgdataset_conspiracy_list
prosto_sdelay,1360727567,,False,9,tgdataset_conspiracy_list
prostonegrusti,1285243100,,False,9,tgdataset_conspiracy_list
prostpolika,1210956843,,False,9,tgdataset_conspiracy_list
protegerse5G,1590366307,,False,9,tgdataset_conspiracy_list
protestkino,1417155768,,False,9,tgdataset_conspiracy_list
protocollo4,1325816132,,False,9,tgdataset_conspiracy_list
ProudBoysDeutschland,1255919879,,False,9,tgdataset_conspiracy_list
ProudBoysDeutschland_v2,1587024313,,False,9,tgdataset_conspiracy_list
ProudVeterans,1439364846,,False,9,tgdataset_conspiracy_list
proWaldorfschule,1454165467,,False,9,tgdataset_conspiracy_list
PRTGryadet,1306251712,,False,9,tgdataset_conspiracy_list
Ps_xV,1394698319,,False,9,tgdataset_conspiracy_list
pseudologiaphantastica,1589644012,,False,9,tgdataset_conspiracy_list
psychodaily,1172252104,,False,9,tgdataset_conspiracy_list
PsyVitalina,1112923594,,False,9,tgdataset_conspiracy_list
PT_stehen_auf,1476208599,,False,9,tgdataset_conspiracy_list
ptc30,1178831334,,False,9,tgdataset_conspiracy_list
PTerrestre,1288459835,,False,9,tgdataset_conspiracy_list
ptNt6g1GrHI3ODUy,1438674456,,False,9,tgdataset_conspiracy_list
publicpavlik,1141384914,,False,9,tgdataset_conspiracy_list
PuchaOnTour,1344819121,,False,9,tgdataset_conspiracy_list
PufferOverflow,1200167434,,False,9,tgdataset_conspiracy_list
pugnatorcanal,1444424785,,False,9,tgdataset_conspiracy_list
pulipastor,1131184047,,False,9,tgdataset_conspiracy_list
PulsTG,1143382320,,False,9,tgdataset_conspiracy_list
Pur_Real,1393785781,,False,9,tgdataset_conspiracy_list
PureManipulation,1320756213,,False,9,tgdataset_conspiracy_list
purereallity,1462354829,,False,9,tgdataset_conspiracy_list
puresodiumkek,1108131825,,False,9,tgdataset_conspiracy_list
puritanism_stop,1350192410,,False,9,tgdataset_conspiracy_list
purpleandolive,1310235373,,False,9,tgdataset_conspiracy_list
PusteBlumeInfokanal,1428182198,,False,9,tgdataset_conspiracy_list
putigospodni,1249251349,,False,9,tgdataset_conspiracy_list
PuVibe,1300089959,,False,9,tgdataset_conspiracy_list
Puzzleteile,1210896110,,False,9,tgdataset_conspiracy_list
pvo_vks,1203632631,,False,9,tgdataset_conspiracy_list
pyd_plandemia,1411394397,,False,9,tgdataset_conspiracy_list
Q028A,1313311066,,False,9,tgdataset_conspiracy_list
q17KG,1277910412,,False,9,tgdataset_conspiracy_list
Q17TRUMP,1453125197,,False,9,tgdataset_conspiracy_list
Q4U_News,1257206932,,False,9,tgdataset_conspiracy_list
Q74You,1408678981,,False,9,tgdataset_conspiracy_list
Q7_Tartaria,1519040003,,False,9,tgdataset_conspiracy_list
Q7Q17Q2020Q,1216012985,,False,9,tgdataset_conspiracy_list
Q_ANON_NRW2020,1194822447,,False,9,tgdataset_conspiracy_list
q_anonymous_kanal_deutschland,1230083227,,False,9,tgdataset_conspiracy_list
q_die_wahrheit_ist_in_uns,1155990602,,False,9,tgdataset_conspiracy_list
Q_erulantenFunk,1251313104,,False,9,tgdataset_conspiracy_list
Q_erzgebirge_sachsen,1349271548,,False,9,tgdataset_conspiracy_list
Q_Faktor_Germany,1288383043,,False,9,tgdataset_conspiracy_list
Q_Food,1384151430,,False,9,tgdataset_conspiracy_list
q_gitmo_news_kanal,1418149464,,False,9,tgdataset_conspiracy_list
Q_Gold,1359384364,,False,9,tgdataset_conspiracy_list
Q_Grundlagen_des_Erwachens,1118067193,,False,9,tgdataset_conspiracy_list
Q_Infos_und_mehr,1232799287,,False,9,tgdataset_conspiracy_list
Q_Kingdom,1197404983,,False,9,tgdataset_conspiracy_list
Q_Operation_GARGAMEL_Telegramm,1463762304,,False,9,tgdataset_conspiracy_list
q_proofs,1317687194,,False,9,tgdataset_conspiracy_list
Q_Wahrheitskanal,1305084438,,False,9,tgdataset_conspiracy_list
Q_WIKI_Goetterwissen,1122802664,,False,9,tgdataset_conspiracy_list
qakademie,1360496398,,False,9,tgdataset_conspiracy_list
Qanalwwg1wga,1462426423,,False,9,tgdataset_conspiracy_list
QandAtoGo,1342398464,,False,9,tgdataset_conspiracy_list
QanencannelHH,1354152080,,False,9,tgdataset_conspiracy_list
Qaninchen,1205415097,,False,9,tgdataset_conspiracy_list
QAnon55BR,1225144597,,False,9,tgdataset_conspiracy_list
qanon_auf_deutsch,1373161919,,False,9,tgdataset_conspiracy_list
QAnonAr,1274311223,,False,9,tgdataset_conspiracy_list
QanonAustria,1372229271,,False,9,tgdataset_conspiracy_list
QAnonAzeri,1282903229,,False,9,tgdataset_conspiracy_list
qanonbr,1487939222,,False,9,tgdataset_conspiracy_list
qanoneuropa,1318704146,,False,9,tgdataset_conspiracy_list
qanonhispano,1163651151,,False,9,tgdataset_conspiracy_list
QAnonIHS,1485896683,,False,9,tgdataset_conspiracy_list
QanonIsraelWWG1WGA,1496612390,,False,9,tgdataset_conspiracy_list
Qanonjewish1,1157147466,,False,9,tgdataset_conspiracy_list
QAnonMex,1212762841,,False,9,tgdataset_conspiracy_list
QAnonPatriot17,1754427141,,False,9,tgdataset_conspiracy_list
qanonrus,1319637748,,False,9,tgdataset_conspiracy_list
QAnons_Channel_Germany,1214600155,,False,9,tgdataset_conspiracy_list
QanonSrbija,1347993704,,False,9,tgdataset_conspiracy_list
QanonsSpain,1295583343,,False,9,tgdataset_conspiracy_list
QAnonWWG1WGA17,1324430881,,False,9,tgdataset_conspiracy_list
qarmywwg1wga,1266775632,,False,9,tgdataset_conspiracy_list
Qausalidad,1218292683,,False,9,tgdataset_conspiracy_list
QAussteiger,1220732962,,False,9,tgdataset_conspiracy_list
Qbavaria,1303683270,,False,9,tgdataset_conspiracy_list
qbrasilnews,1262171349,,False,9,tgdataset_conspiracy_list
QBUTCHERNEWS,1184014891,,False,9,tgdataset_conspiracy_list
QC_Italia_BlogFEED,1165760483,,False,9,tgdataset_conspiracy_list
QCANARIAS,1146057800,,False,9,tgdataset_conspiracy_list
qcolombia,1185687438,,False,9,tgdataset_conspiracy_list
QCr_MEME_WARFARE,1383076907,,False,9,tgdataset_conspiracy_list
qdioten,1428315738,,False,9,tgdataset_conspiracy_list
qdiotenaktuell,1187721400,,False,9,tgdataset_conspiracy_list
qetzal_1up,1002659535,,False,9,tgdataset_conspiracy_list
QEx_YUQ,1351451809,,False,9,tgdataset_conspiracy_list
QFSQwantum,1504007138,,False,9,tgdataset_conspiracy_list
QGalaxy,1287600820,,False,9,tgdataset_conspiracy_list
Qhammernews,1229035243,,False,9,tgdataset_conspiracy_list
qi2go,1216417905,,False,9,tgdataset_conspiracy_list
QITALIA,1161483227,,False,9,tgdataset_conspiracy_list
Qleeblatt,1343538434,,False,9,tgdataset_conspiracy_list
qlobal_change,1206467584,,False,9,tgdataset_conspiracy_list
QlobalChange,1285160972,,False,9,tgdataset_conspiracy_list
QlobalChangeARG,1441317824,,False,9,tgdataset_conspiracy_list
QlobalChangeEspana,1424361281,,False,9,tgdataset_conspiracy_list
QlobalChangeGreece,1424327542,,False,9,tgdataset_conspiracy_list
QlobalChangeItalia,1393223404,,False,9,tgdataset_conspiracy_list
QlobalChangePortugal,1473525228,,False,9,tgdataset_conspiracy_list
QlobalIQTest,1177523223,,False,9,tgdataset_conspiracy_list
qnet17cc,1451292425,,False,9,tgdataset_conspiracy_list
qnet17u,1269897484,,False,9,tgdataset_conspiracy_list
qnews_qlobalawakening,1337181243,,False,9,tgdataset_conspiracy_list
QNEXUSQ,1314761681,,False,9,tgdataset_conspiracy_list
QNOIrokoin,1431887076,,False,9,tgdataset_conspiracy_list
qode17,1359519950,,False,9,tgdataset_conspiracy_list
qoronaspezial,1314779429,,False,9,tgdataset_conspiracy_list
Qpaper_Berlin,1264882697,,False,9,tgdataset_conspiracy_list
Qparadise,1493572821,,False,9,tgdataset_conspiracy_list
QPatriotasAr,1426197158,,False,9,tgdataset_conspiracy_list
QQ176,1484348422,,False,9,tgdataset_conspiracy_list
QQQWahrheit,1334318396,,False,9,tgdataset_conspiracy_list
qresearch_at,1255014558,,False,9,tgdataset_conspiracy_list
QResearch_by_J,1295113008,,False,9,tgdataset_conspiracy_list
QRomaniaoficialmareatrezire,1392318618,,False,9,tgdataset_conspiracy_list
qsqua,1251308884,,False,9,tgdataset_conspiracy_list
Quadraht_Wurzel17,1167288754,,False,9,tgdataset_conspiracy_list
Quak1000,1225562740,,False,9,tgdataset_conspiracy_list
QuakDr,1469029131,,False,9,tgdataset_conspiracy_list
Quantenebene,1437271413,,False,9,tgdataset_conspiracy_list
Quantenphysik_Hologramm_Illusion,1454411883,,False,9,tgdataset_conspiracy_list
quantumfilm,1595348455,,False,9,tgdataset_conspiracy_list
quantumleapmusic432hz,1214300826,,False,9,tgdataset_conspiracy_list
quantumleaptraduction,1227640222,,False,9,tgdataset_conspiracy_list
QuantumLifeGermany,1458137834,,False,9,tgdataset_conspiracy_list
quartierlibretv,1496607493,,False,9,tgdataset_conspiracy_list
quartierlibretv_info,1270022318,,False,9,tgdataset_conspiracy_list
QubaWWG1WGA,1462290430,,False,9,tgdataset_conspiracy_list
queesreal,1532543478,,False,9,tgdataset_conspiracy_list
Quer338Bernau,1488246576,,False,9,tgdataset_conspiracy_list
Quer_Gedacht,1417258168,,False,9,tgdataset_conspiracy_list
Querdenken381Rostock,1476356774,,False,9,tgdataset_conspiracy_list
querdenken421,1259841047,,False,9,tgdataset_conspiracy_list
querdenken511,1204340395,,False,9,tgdataset_conspiracy_list
querdenken611_infokanal,1343555089,,False,9,tgdataset_conspiracy_list
querdenken_211,1280393171,,False,9,tgdataset_conspiracy_list
querdenken_234,1489237198,,False,9,tgdataset_conspiracy_list
QUERDENKEN_284,1272449655,,False,9,tgdataset_conspiracy_list
querdenken_341,1431710152,,False,9,tgdataset_conspiracy_list
querdenken_351,1296085567,,False,9,tgdataset_conspiracy_list
querdenken_381,1419404528,,False,9,tgdataset_conspiracy_list
querdenken_441,1475169247,,False,9,tgdataset_conspiracy_list
QUERDENKEN_53,1247992550,,False,9,tgdataset_conspiracy_list
querdenken_6051,1193006023,,False,9,tgdataset_conspiracy_list
querdenken_615,1158858377,,False,9,tgdataset_conspiracy_list
QUERDENKEN_621,1278239837,,False,9,tgdataset_conspiracy_list
Querdenken_651,1378174327,,False,9,tgdataset_conspiracy_list
querdenken_69,1401734232,,False,9,tgdataset_conspiracy_list
QUERDENKEN_711,1228827167,,False,9,tgdataset_conspiracy_list
QUERDENKEN_721,1121839141,,False,9,tgdataset_conspiracy_list
QUERDENKEN_722,1448017812,,False,9,tgdataset_conspiracy_list
querdenken_911,1304974841,,False,9,tgdataset_conspiracy_list
querdenker30BerlinBrandenburg,1386181163,,False,9,tgdataset_conspiracy_list
querdenker49,1306736751,,False,9,tgdataset_conspiracy_list
questioneseoficial,1260345824,,False,9,tgdataset_conspiracy_list
QuetgLars,1457672422,,False,9,tgdataset_conspiracy_list
QuickSatNet,1378639844,,False,9,tgdataset_conspiracy_list
quint_essenz,1213734021,,False,9,tgdataset_conspiracy_list
qumash_kz,1189794691,,False,9,tgdataset_conspiracy_list
quoi2news,1114342054,,False,9,tgdataset_conspiracy_list
Quote_mania,1200297233,,False,9,tgdataset_conspiracy_list
qupuweltpostverein,1159770934,,False,9,tgdataset_conspiracy_list
QUSA2020,1449096264,,False,9,tgdataset_conspiracy_list
QV_TeamNews,1204020845,,False,9,tgdataset_conspiracy_list
QVEFEchannel,1239814703,,False,9,tgdataset_conspiracy_list
QWWG1WGA16PLUS1,1426441567,,False,9,tgdataset_conspiracy_list
R24_brennpunkt_archiv,1463310219,,False,9,tgdataset_conspiracy_list
R24_FinanzKompass,1459517990,,False,9,tgdataset_conspiracy_list
R3mediaro,1444054825,,False,9,tgdataset_conspiracy_list
R_ALLIANCE,1634868671,,False,9,tgdataset_conspiracy_list
r_m_n_a_z,1439331707,,False,9,tgdataset_conspiracy_list
r_poreshal,1095785946,,False,9,tgdataset_conspiracy_list
r_slovo,1231774841,,False,9,tgdataset_conspiracy_list
RA_Friede,1215576205,,False,9,tgdataset_conspiracy_list
RA_Ludwig,1217236256,,False,9,tgdataset_conspiracy_list
RA_Roehrig,1722356021,,False,9,tgdataset_conspiracy_list
rabbiamnonyitzchakshlita,1356364549,,False,9,tgdataset_conspiracy_list
rabbitresearch,1411594255,,False,9,tgdataset_conspiracy_list
rabbitwhite13,1558743397,,False,9,tgdataset_conspiracy_list
RabenschwarzerKanal,1344590805,,False,9,tgdataset_conspiracy_list
racib,1111978917,,False,9,tgdataset_conspiracy_list
racumd,1469884762,,False,9,tgdataset_conspiracy_list
radar_enghelab,1124842035,,False,9,tgdataset_conspiracy_list
radarmedia,1358821689,,False,9,tgdataset_conspiracy_list
Radiaciones5G,1326055595,,False,9,tgdataset_conspiracy_list
radio1984,1484283051,,False,9,tgdataset_conspiracy_list
radio_bielefeld_online,1255959095,,False,9,tgdataset_conspiracy_list
Radio_Q,1436062388,,False,9,tgdataset_conspiracy_list
RadioApocalypsis,1093131358,,False,9,tgdataset_conspiracy_list
radiocoma,1110593336,,False,9,tgdataset_conspiracy_list
RadioLaleh,1237359394,,False,9,tgdataset_conspiracy_list
Radiostalking_j45,1218641197,,False,9,tgdataset_conspiracy_list
RadioVibeuz,1405611815,,False,9,tgdataset_conspiracy_list
radistka_ket_sekret,1179452794,,False,9,tgdataset_conspiracy_list
radius23m,1479558978,,False,9,tgdataset_conspiracy_list
rafabudo,1410007336,,False,9,tgdataset_conspiracy_list
RAFAELlatindio,1577286712,,False,9,tgdataset_conspiracy_list
RafaFontana,1326881614,,False,9,tgdataset_conspiracy_list
rafapalreal,1406735434,,False,9,tgdataset_conspiracy_list
RaftaMonkeyNewsChanel,1493327889,,False,9,tgdataset_conspiracy_list
raginfo,1285928441,,False,9,tgdataset_conspiracy_list
RagioneCR,1416310268,,False,9,tgdataset_conspiracy_list
ragnarockkyiv,1394293754,,False,9,tgdataset_conspiracy_list
rainerrothfuss,1388638623,,False,9,tgdataset_conspiracy_list
Raisin_Cain,1332662720,,False,9,tgdataset_conspiracy_list
ramonshalom,1213018193,,False,9,tgdataset_conspiracy_list
raphideschamps,1416834768,,False,9,tgdataset_conspiracy_list
rasantro,1098999021,,False,9,tgdataset_conspiracy_list
RASattelmaier,1230806856,,False,9,tgdataset_conspiracy_list
rashtturkleri,1055575240,,False,9,tgdataset_conspiracy_list
rasstrelny,1376995133,,False,9,tgdataset_conspiracy_list
Rationales_Great_Awakening,1292940274,,False,9,tgdataset_conspiracy_list
Ratnik2nd,1349671737,,False,9,tgdataset_conspiracy_list
rattlingcoils,1102569861,,False,9,tgdataset_conspiracy_list
raulmaturana_AUR,1471694543,,False,9,tgdataset_conspiracy_list
raumundzeitverlag,1306602905,,False,9,tgdataset_conspiracy_list
ravandarmangar,1005585146,,False,9,tgdataset_conspiracy_list
Ravreba,1147905409,,False,9,tgdataset_conspiracy_list
RazumiOsoznaniekanal,1479040905,,False,9,tgdataset_conspiracy_list
rbc_trends,1368733624,,False,9,tgdataset_conspiracy_list
rbk_2020,1236806841,,False,9,tgdataset_conspiracy_list
rchile,1045705691,,False,9,tgdataset_conspiracy_list
RCMMpepe,1223726988,,False,9,tgdataset_conspiracy_list
re_publicofArmenia,1328720637,,False,9,tgdataset_conspiracy_list
RE_SET2020,1354328290,,False,9,tgdataset_conspiracy_list
Reacao_CAC,1438658621,,False,9,tgdataset_conspiracy_list
reacoesadversas,1538552788,,False,9,tgdataset_conspiracy_list
reactor_live,1248091039,,False,9,tgdataset_conspiracy_list
reaktion_org,1338144392,,False,9,tgdataset_conspiracy_list
real_jeannedarc,1289370829,,False,9,tgdataset_conspiracy_list
realbiopolitica,1425476148,,False,9,tgdataset_conspiracy_list
realesLeben,1319881221,,False,9,tgdataset_conspiracy_list
realfake_news,1411204074,,False,9,tgdataset_conspiracy_list
RealFitzroy,1295786148,,False,9,tgdataset_conspiracy_list
realgetmansky,1241870180,,False,9,tgdataset_conspiracy_list
REALGreatReset,1299697619,,False,9,tgdataset_conspiracy_list
realidadenaocontada,1449853464,,False,9,tgdataset_conspiracy_list
RealidadOcultaa,1475438914,,False,9,tgdataset_conspiracy_list
realitytodaychannel,1295519305,,False,9,tgdataset_conspiracy_list
RealizaAccion,1467753403,,False,9,tgdataset_conspiracy_list
realleprosorium,1191520211,,False,9,tgdataset_conspiracy_list
realnostii,1307632028,,False,9,tgdataset_conspiracy_list
realnostmira,1354262933,,False,9,tgdataset_conspiracy_list
realradioafrica,1104106784,,False,9,tgdataset_conspiracy_list
RealScienceFiles,1362959979,,False,9,tgdataset_conspiracy_list
realtalk_olga,1223981492,,False,9,tgdataset_conspiracy_list
realtribune,1306653603,,False,9,tgdataset_conspiracy_list
RealUFOSighting,1214967866,,False,9,tgdataset_conspiracy_list
reartsakh,1299040538,,False,9,tgdataset_conspiracy_list
reba_ir,1013750499,,False,9,tgdataset_conspiracy_list
RebelemSeGados,1572782188,,False,9,tgdataset_conspiracy_list
RebelionNOM,1246115588,,False,9,tgdataset_conspiracy_list
Rebelldesign,1387311617,,False,9,tgdataset_conspiracy_list
RebellinEve,1449684860,,False,9,tgdataset_conspiracy_list
rebyesod,1405048701,,False,9,tgdataset_conspiracy_list
RechercheBoard,1454012616,,False,9,tgdataset_conspiracy_list
rechtsanwaeltin_beate_bahner,1327351212,,False,9,tgdataset_conspiracy_list
rechtundwahrheit,1385548004,,False,9,tgdataset_conspiracy_list
reconquistahelvetica,1165507110,,False,9,tgdataset_conspiracy_list
reconquistanetwork,1248730851,,False,9,tgdataset_conspiracy_list
RecRevCommie,1392668964,,False,9,tgdataset_conspiracy_list
recuerdosiberoamericano,1260749150,,False,9,tgdataset_conspiracy_list
recuseresista,1480591206,,False,9,tgdataset_conspiracy_list
red_queen_666,1317296954,,False,9,tgdataset_conspiracy_list
reddotmovement,1451569772,,False,9,tgdataset_conspiracy_list
redefreiheit2020,1242711308,,False,9,tgdataset_conspiracy_list
RedJersey1900,1191520268,,False,9,tgdataset_conspiracy_list
redorblue_research,1411924787,,False,9,tgdataset_conspiracy_list
redpilados,1488816929,,False,9,tgdataset_conspiracy_list
redpillCHanel,1370565897,,False,9,tgdataset_conspiracy_list
redpilldealer,1496317992,,False,9,tgdataset_conspiracy_list
redPillyoutube,1246408803,,False,9,tgdataset_conspiracy_list
reflex_volucion,1039733513,,False,9,tgdataset_conspiracy_list
regenbogenseelenparadies,1303937037,,False,9,tgdataset_conspiracy_list
RegionalAfD,1497341182,,False,9,tgdataset_conspiracy_list
REGNATOR_HUMANUM,1356346745,,False,9,tgdataset_conspiracy_list
RegnumEuropa,1164602202,,False,9,tgdataset_conspiracy_list
Reichsarchiv_Zeitgeschehen,1475412533,,False,9,tgdataset_conspiracy_list
ReichsBefreiungsFront,1225623720,,False,9,tgdataset_conspiracy_list
reiki_dolgorukaya,1285898079,,False,9,tgdataset_conspiracy_list
ReinerFuellmich,1468348841,,False,9,tgdataset_conspiracy_list
reinodoleao,1085093467,,False,9,tgdataset_conspiracy_list
ReinsteCovidiotie,1425961597,,False,9,tgdataset_conspiracy_list
reislamization1,1194649951,,False,9,tgdataset_conspiracy_list
remeslaw,1392490739,,False,9,tgdataset_conspiracy_list
remizorro,1135080300,,False,9,tgdataset_conspiracy_list
RenastereaPhoenixului,1600134715,,False,9,tgdataset_conspiracy_list
renat_vv,1414692442,,False,9,tgdataset_conspiracy_list
renateholzeisen,1403714893,,False,9,tgdataset_conspiracy_list
ReneKimbassa,1192393612,,False,9,tgdataset_conspiracy_list
renewedtachkent,1296167916,,False,9,tgdataset_conspiracy_list
ReOpenCovid1984,1364615689,,False,9,tgdataset_conspiracy_list
Replicant1984,1189299876,,False,9,tgdataset_conspiracy_list
Replicoresmind,1447265780,,False,9,tgdataset_conspiracy_list
republic_tv,1126439822,,False,9,tgdataset_conspiracy_list
RepublicofNorthernArtsakh,1184321348,,False,9,tgdataset_conspiracy_list
researchgermanyInfo,1231101827,,False,9,tgdataset_conspiracy_list
ReseauInternational,1001077262,,False,9,tgdataset_conspiracy_list
resilientes_es,1393698339,,False,9,tgdataset_conspiracy_list
Resistance88,1337748728,,False,9,tgdataset_conspiracy_list
resistancedelaplandemie,1255626721,,False,9,tgdataset_conspiracy_list
resistenciae,1243512433,,False,9,tgdataset_conspiracy_list
ResistenciaEspana,1193055470,,False,9,tgdataset_conspiracy_list
ResistenciaJohnnySchmidt,1323970027,,False,9,tgdataset_conspiracy_list
Resistencialmada,1391272089,,False,9,tgdataset_conspiracy_list
resistlibertdofacism,1210329039,,False,9,tgdataset_conspiracy_list
Resonanz_Akademie,1153920311,,False,9,tgdataset_conspiracy_list
restebenis,1226567139,,False,9,tgdataset_conspiracy_list
resterlibre,1268279556,,False,9,tgdataset_conspiracy_list
resurgente2020,1227971726,,False,9,tgdataset_conspiracy_list
resurgirnacionalarg,1492096262,,False,9,tgdataset_conspiracy_list
retarded_unicorn,1358730438,,False,9,tgdataset_conspiracy_list
retra,1137657151,,False,9,tgdataset_conspiracy_list
ReUpLoadet,1233161858,,False,9,tgdataset_conspiracy_list
Rev0lution2021,1239307755,,False,9,tgdataset_conspiracy_list
revelacoes_oficial,1168590094,,False,9,tgdataset_conspiracy_list
ReVelion_A_Coru,1167104065,,False,9,tgdataset_conspiracy_list
REVELION_DISIDENTE,1374343528,,False,9,tgdataset_conspiracy_list
ReVelionenlagranja,1298945140,,False,9,tgdataset_conspiracy_list
Revellati_Online,1360891137,,False,9,tgdataset_conspiracy_list
reveuseev,1542898081,,False,9,tgdataset_conspiracy_list
revistadeprensa,1426863512,,False,9,tgdataset_conspiracy_list
Revolteeee,1545551167,,False,9,tgdataset_conspiracy_list
Revuelta_NS,1297476707,,False,9,tgdataset_conspiracy_list
RezepteTausch,1462505255,,False,9,tgdataset_conspiracy_list
rezident_ua,1271765197,,False,9,tgdataset_conspiracy_list
rhos_marsoff,1302166171,,False,9,tgdataset_conspiracy_list
riafan_everywhere,1497591396,,False,9,tgdataset_conspiracy_list
riakatysha,1111901465,,False,9,tgdataset_conspiracy_list
RIASberlin,1432174334,,False,9,tgdataset_conspiracy_list
RIE_ReteInformazioneEuropea,1441613895,,False,9,tgdataset_conspiracy_list
Riesens_Infokanal,1313212283,,False,9,tgdataset_conspiracy_list
rightargument,1200210312,,False,9,tgdataset_conspiracy_list
rightatlant,1299099069,,False,9,tgdataset_conspiracy_list
rightcourse,1120669478,,False,9,tgdataset_conspiracy_list
RightLit,1242201321,,False,9,tgdataset_conspiracy_list
Rightwingru,1156421311,,False,9,tgdataset_conspiracy_list
rin99er,1154757484,,False,9,tgdataset_conspiracy_list
rincondeldespertar,1322597278,,False,9,tgdataset_conspiracy_list
rinochek_poreshal,1256359508,,False,9,tgdataset_conspiracy_list
RinusVerhagen,1644190850,,False,9,tgdataset_conspiracy_list
ristalishe_risovalishe,1079675243,,False,9,tgdataset_conspiracy_list
rizonews,1412822186,,False,9,tgdataset_conspiracy_list
rjcinfo,1142343344,,False,9,tgdataset_conspiracy_list
rjsources,1388999717,,False,9,tgdataset_conspiracy_list
roadworm,1123853332,,False,9,tgdataset_conspiracy_list
RobaRelativamenteRilevante,1352820380,,False,9,tgdataset_conspiracy_list
RobeDiAlecs,1240938096,,False,9,tgdataset_conspiracy_list
robertjensenshow,1147671260,,False,9,tgdataset_conspiracy_list
robertkirchner,1166388968,,False,9,tgdataset_conspiracy_list
robertonuzzocanale,1258213751,,False,9,tgdataset_conspiracy_list
ROBIN_HQQD,1322120587,,False,9,tgdataset_conspiracy_list
RobinDelEspacio_miHobby,1302924922,,False,9,tgdataset_conspiracy_list
RobinHoodAvenger1,1179516455,,False,9,tgdataset_conspiracy_list
rockdakanal,1446887371,,False,9,tgdataset_conspiracy_list
rockyourdata,1329188755,,False,9,tgdataset_conspiracy_list
rodinacccp,1178345550,,False,9,tgdataset_conspiracy_list
roditelskiyotporykt,1256235764,,False,9,tgdataset_conspiracy_list
rodrigocampello,1478264818,,False,9,tgdataset_conspiracy_list
rodsoyuz_vmeste,1436522829,,False,9,tgdataset_conspiracy_list
RogerMercader,1410118738,,False,9,tgdataset_conspiracy_list
rogers_kitchen,1290367545,,False,9,tgdataset_conspiracy_list
rokhsaresobh,1115916810,,False,9,tgdataset_conspiracy_list
Rolf_Kron,1376661149,,False,9,tgdataset_conspiracy_list
Roman_Tihonovets,1263704917,,False,9,tgdataset_conspiracy_list
romanadidulo_deutsch,1689125638,,False,9,tgdataset_conspiracy_list
RomanCanadian,1362376009,,False,9,tgdataset_conspiracy_list
romanenko_dns,1155695707,,False,9,tgdataset_conspiracy_list
romannosikov,1417550319,,False,9,tgdataset_conspiracy_list
ronaldglaeser,1349871081,,False,9,tgdataset_conspiracy_list
Ronny_Rockt_offiziell,1465658372,,False,9,tgdataset_conspiracy_list
ronzuaki,1294585370,,False,9,tgdataset_conspiracy_list
roodfoadshams,1044708883,,False,9,tgdataset_conspiracy_list
root_tv,1435001049,,False,9,tgdataset_conspiracy_list
rootsunited_ppf,1131696031,,False,9,tgdataset_conspiracy_list
rope81,1489714135,,False,9,tgdataset_conspiracy_list
rosa_goes_public,1770527861,,False,9,tgdataset_conspiracy_list
RosaliesPalast,1364153455,,False,9,tgdataset_conspiracy_list
RosaPaul,1475042089,,False,9,tgdataset_conspiracy_list
RoseLacombeaufderSuche,1429124922,,False,9,tgdataset_conspiracy_list
rosenbusch,1455775270,,False,9,tgdataset_conspiracy_list
Rosenquarz123456789,1336984071,,False,9,tgdataset_conspiracy_list
rosinakaiser_offiziell,1460341934,,False,9,tgdataset_conspiracy_list
RossellaFidanza,1345508292,,False,9,tgdataset_conspiracy_list
RosselloCM,1244532327,,False,9,tgdataset_conspiracy_list
RossiyaNeEvropa,1451507819,,False,9,tgdataset_conspiracy_list
rossobruni,1382991987,,False,9,tgdataset_conspiracy_list
RostyslavS,1350749039,,False,9,tgdataset_conspiracy_list
rotdorn,1280865829,,False,9,tgdataset_conspiracy_list
RoyalAllemand,1470226087,,False,9,tgdataset_conspiracy_list
royalascensionministries,1229533282,,False,9,tgdataset_conspiracy_list
roypravoved,1478813403,,False,9,tgdataset_conspiracy_list
rpaustriaredaktion,1347635493,,False,9,tgdataset_conspiracy_list
rpnnews,1448922236,,False,9,tgdataset_conspiracy_list
rppinstitut,1302259371,,False,9,tgdataset_conspiracy_list
RPTehran,1056736159,,False,9,tgdataset_conspiracy_list
RSAfrance,1477606533,,False,9,tgdataset_conspiracy_list
rsnbg007,1241240349,,False,9,tgdataset_conspiracy_list
rsnsn,1021894537,,False,9,tgdataset_conspiracy_list
rtvireal,1057347721,,False,9,tgdataset_conspiracy_list
ru12edit,1146162961,,False,9,tgdataset_conspiracy_list
ru_hatespeech,1132781800,,False,9,tgdataset_conspiracy_list
RU_S_INT,1348662538,,False,9,tgdataset_conspiracy_list
Ruben_xtr,1314742005,,False,9,tgdataset_conspiracy_list
RubikonMagazin,1271732207,,False,9,tgdataset_conspiracy_list
RubikonNews,1231443280,,False,9,tgdataset_conspiracy_list
rubyofsec,1328397829,,False,9,tgdataset_conspiracy_list
rueckfuehrung,1705526980,,False,9,tgdataset_conspiracy_list
ruedigerdahlke,1350155112,,False,9,tgdataset_conspiracy_list
rufabula,1003901534,,False,9,tgdataset_conspiracy_list
rufuturism,1052645483,,False,9,tgdataset_conspiracy_list
ruh666_channel,1446313785,,False,9,tgdataset_conspiracy_list
ruka_safalin,1246390401,,False,9,tgdataset_conspiracy_list
RUkatehon,1326532967,,False,9,tgdataset_conspiracy_list
runawaymilk,1117785472,,False,9,tgdataset_conspiracy_list
rund_um_gesund,1368388160,,False,9,tgdataset_conspiracy_list
runetstalking,1455827500,,False,9,tgdataset_conspiracy_list
RunningFastYouWillbeAlive,1134602020,,False,9,tgdataset_conspiracy_list
rus_demiurge,1228570965,,False,9,tgdataset_conspiracy_list
Rus_imperia,1123102972,,False,9,tgdataset_conspiracy_list
RUS_WAS,1287526099,,False,9,tgdataset_conspiracy_list
rusdnepr,1137919639,,False,9,tgdataset_conspiracy_list
ruskline_ru,1388915000,,False,9,tgdataset_conspiracy_list
ruskstrat,1320989752,,False,9,tgdataset_conspiracy_list
rusnetocracy,1191346342,,False,9,tgdataset_conspiracy_list
russia_nacionalist,1249609249,,False,9,tgdataset_conspiracy_list
russia_together,1375985700,,False,9,tgdataset_conspiracy_list
Russiagate,1397872805,,False,9,tgdataset_conspiracy_list
russiangreens,1268537623,,False,9,tgdataset_conspiracy_list
russica2,1096463945,,False,9,tgdataset_conspiracy_list
russkoesobranie,1147120511,,False,9,tgdataset_conspiracy_list
russtrat,1362804305,,False,9,tgdataset_conspiracy_list
RusUnlimited,1254550742,,False,9,tgdataset_conspiracy_list
ruta_blg,1200275959,,False,9,tgdataset_conspiracy_list
Ruthy1961,1447444317,,False,9,tgdataset_conspiracy_list
ruzegareno,1081656192,,False,9,tgdataset_conspiracy_list
RVSsu,1397415344,,False,9,tgdataset_conspiracy_list
ryba03,1318001613,,False,9,tgdataset_conspiracy_list
rybar,1326223284,,False,9,tgdataset_conspiracy_list
saakacrabs,1091620861,,False,9,tgdataset_conspiracy_list
Saararchiv,1210792225,,False,9,tgdataset_conspiracy_list
SaarChance,1443060971,,False,9,tgdataset_conspiracy_list
saarmol,1193943540,,False,9,tgdataset_conspiracy_list
sabiduriafinanciera,1313683848,,False,9,tgdataset_conspiracy_list
sabiduriahiperborea,1070890642,,False,9,tgdataset_conspiracy_list
sabine_schade_erinnerin,1412795137,,False,9,tgdataset_conspiracy_list
SabineSeibold_Videokanal,1419983756,,False,9,tgdataset_conspiracy_list
SabmykGlaubensgemeinschaft_GER,1765393090,,False,9,tgdataset_conspiracy_list
sabrinapage1,1255532553,,False,9,tgdataset_conspiracy_list
SachenZumLachen,1494708275,,False,9,tgdataset_conspiracy_list
sachsenpost,1220304800,,False,9,tgdataset_conspiracy_list
SadatiNejad_SM,1006642489,,False,9,tgdataset_conspiracy_list
sadefenza,1248033140,,False,9,tgdataset_conspiracy_list
sagleft_log,1374964976,,False,9,tgdataset_conspiracy_list
sahakyantz,1260067462,,False,9,tgdataset_conspiracy_list
Said_and_Done,1081376057,,False,9,tgdataset_conspiracy_list
saint_gerund,1144079296,,False,9,tgdataset_conspiracy_list
saintjosephAASJ,1446084854,,False,9,tgdataset_conspiracy_list
sairdecasa,1398819006,,False,9,tgdataset_conspiracy_list
sakeritalianotizie,1326040001,,False,9,tgdataset_conspiracy_list
sakhco,1113660173,,False,9,tgdataset_conspiracy_list
SakhShip,1451077550,,False,9,tgdataset_conspiracy_list
salatiks_channel,1389316555,,False,9,tgdataset_conspiracy_list
saldelamatrix,1243976749,,False,9,tgdataset_conspiracy_list
saliendodelhipercubo,1485078132,,False,9,tgdataset_conspiracy_list
Salim_Laibi_LLP,1413614411,,False,9,tgdataset_conspiracy_list
saltocuanticonews,1147700496,,False,9,tgdataset_conspiracy_list
saludholisticamartadebetania,1440190927,,False,9,tgdataset_conspiracy_list
SalvorHardinSPb,1395503647,,False,9,tgdataset_conspiracy_list
Samarqand_Samarkand,1330337481,,False,9,tgdataset_conspiracy_list
Sammlung_Corona,1453607805,,False,9,tgdataset_conspiracy_list
Sammlung_von_Bemerkenswertem,1485771559,,False,9,tgdataset_conspiracy_list
samoeto,1078525610,,False,9,tgdataset_conspiracy_list
sampleName32,1308428423,,False,9,tgdataset_conspiracy_list
samstag14uhr_kanal,1431377542,,False,9,tgdataset_conspiracy_list
samuelatlani,1331718077,,False,9,tgdataset_conspiracy_list
samueleckert,1185232550,,False,9,tgdataset_conspiracy_list
sanapendium,1385712414,,False,9,tgdataset_conspiracy_list
sandy_steen,1344898361,,False,9,tgdataset_conspiracy_list
sanidadnov,1404288013,,False,9,tgdataset_conspiracy_list
SanitariosporlavidaCanal,1499215170,,False,9,tgdataset_conspiracy_list
sanya_florida,1206302410,,False,9,tgdataset_conspiracy_list
sapereaudelt,1331198317,,False,9,tgdataset_conspiracy_list
sapereepotere,1319385830,,False,9,tgdataset_conspiracy_list
sapereeundovere,1365598387,,False,9,tgdataset_conspiracy_list
sapiens3,1083728577,,False,9,tgdataset_conspiracy_list
SAQuotes,1411417266,,False,9,tgdataset_conspiracy_list
saracenus,1242249520,,False,9,tgdataset_conspiracy_list
saraer12,1050116472,,False,9,tgdataset_conspiracy_list
saraslightfight,1232110655,,False,9,tgdataset_conspiracy_list
sarbazane_g,1419622843,,False,9,tgdataset_conspiracy_list
sarillion81,1336891720,,False,9,tgdataset_conspiracy_list
sarmatskiy,1499273563,,False,9,tgdataset_conspiracy_list
sarscovideo,1425612048,,False,9,tgdataset_conspiracy_list
sashakots,1109403194,,False,9,tgdataset_conspiracy_list
sasnatzrer,1441591543,,False,9,tgdataset_conspiracy_list
SasquatchQuantumAfterGlow,1261473428,,False,9,tgdataset_conspiracy_list
sat_chit_ananda_org,1166405965,,False,9,tgdataset_conspiracy_list
savanichi,1240304865,,False,9,tgdataset_conspiracy_list
savedmessage,1345865049,,False,9,tgdataset_conspiracy_list
saxlind,1216354395,,False,9,tgdataset_conspiracy_list
SayadiNotes,1093371827,,False,9,tgdataset_conspiracy_list
SBelkovskiy,1428451408,,False,9,tgdataset_conspiracy_list
sbgwa,1349150977,,False,9,tgdataset_conspiracy_list
SBinfoNOM,1253238740,,False,9,tgdataset_conspiracy_list
SBUmole,1237733774,,False,9,tgdataset_conspiracy_list
SBVerdadesReveladas,1350572529,,False,9,tgdataset_conspiracy_list
ScaridoNBR,1342745591,,False,9,tgdataset_conspiracy_list
schachtelwirtschaft,1264232884,,False,9,tgdataset_conspiracy_list
schaebelsblog,1208476644,,False,9,tgdataset_conspiracy_list
SchamanischesBewusstsein,1187802713,,False,9,tgdataset_conspiracy_list
SchamanismusRocks,1344567227,,False,9,tgdataset_conspiracy_list
ScharfschuetzenBewegung1,1483907906,,False,9,tgdataset_conspiracy_list
scheissenemine,1395531115,,False,9,tgdataset_conspiracy_list
schicksalsfaden,1215124589,,False,9,tgdataset_conspiracy_list
schlack1,1087937084,,False,9,tgdataset_conspiracy_list
schlafschafwecker,1260788931,,False,9,tgdataset_conspiracy_list
Schneckenpost,1405667009,,False,9,tgdataset_conspiracy_list
schneedemo,1404656618,,False,9,tgdataset_conspiracy_list
SchnomieReupload,1176773536,,False,9,tgdataset_conspiracy_list
schoene_gedanken,1456179861,,False,9,tgdataset_conspiracy_list
schoene_neue_welt,1697659216,,False,9,tgdataset_conspiracy_list
schoeneheimat,1379608098,,False,9,tgdataset_conspiracy_list
SchoeneNeueWelttt,1460492884,,False,9,tgdataset_conspiracy_list
schoepferinsel,1361331301,,False,9,tgdataset_conspiracy_list
schongewusst,1413160234,,False,9,tgdataset_conspiracy_list
SchrangTV,1267554567,,False,9,tgdataset_conspiracy_list
Schreiblabor,1423629041,,False,9,tgdataset_conspiracy_list
SchubertsLM,1355822849,,False,9,tgdataset_conspiracy_list
schuettedaniel,1178094710,,False,9,tgdataset_conspiracy_list
schuetzende_hand,1211721204,,False,9,tgdataset_conspiracy_list
Schul_Trauma_Kongress,1725980606,,False,9,tgdataset_conspiracy_list
Schule_Bewusst_Leben,1414747874,,False,9,tgdataset_conspiracy_list
Schumannfrequenz,1127029282,,False,9,tgdataset_conspiracy_list
schvabodka,1319321518,,False,9,tgdataset_conspiracy_list
schwabenmaedle,1254758594,,False,9,tgdataset_conspiracy_list
Schwede61,1241519349,,False,9,tgdataset_conspiracy_list
schwedenflagge,1278571788,,False,9,tgdataset_conspiracy_list
Schweigepresse,1208094557,,False,9,tgdataset_conspiracy_list
ScienzaeCoscienza,1587759851,,False,9,tgdataset_conspiracy_list
sdacorner,1486607890,,False,9,tgdataset_conspiracy_list
sddonbassa,1134338015,,False,9,tgdataset_conspiracy_list
SDUinfo,1264265150,,False,9,tgdataset_conspiracy_list
seabraconhecimento,1325926620,,False,9,tgdataset_conspiracy_list
search4truthtoaccomplishfreedom,1310768670,,False,9,tgdataset_conspiracy_list
sebarrow,1354047801,,False,9,tgdataset_conspiracy_list
sebastiankarpf,1445578764,,False,9,tgdataset_conspiracy_list
sebsworld,1441999464,,False,9,tgdataset_conspiracy_list
SechsTageDerSchopfung,1268623015,,False,9,tgdataset_conspiracy_list
SecLabNews,1111641330,,False,9,tgdataset_conspiracy_list
secret_truth,1140195603,,False,9,tgdataset_conspiracy_list
SecrethouseOP,1288933570,,False,9,tgdataset_conspiracy_list
secretov_net,1213051032,,False,9,tgdataset_conspiracy_list
seefirst1,1454675814,,False,9,tgdataset_conspiracy_list
seelenbalm,1481744580,,False,9,tgdataset_conspiracy_list
Seelenfischer0,1182368886,,False,9,tgdataset_conspiracy_list
seelenfreiheit_mechtild_berwald,1571297155,,False,9,tgdataset_conspiracy_list
seelenfunken,1593351363,,False,9,tgdataset_conspiracy_list
seelengefluester,1431877464,,False,9,tgdataset_conspiracy_list
Seelenheilerin,1271854806,,False,9,tgdataset_conspiracy_list
SeelenLeuchtturm,1460332213,,False,9,tgdataset_conspiracy_list
Seelenlichter,1248706724,,False,9,tgdataset_conspiracy_list
seelenmagie,1488644462,,False,9,tgdataset_conspiracy_list
SeelenReich,1164229460,,False,9,tgdataset_conspiracy_list
SeelenReichUpdate,1425930478,,False,9,tgdataset_conspiracy_list
Seelensprache,1470683146,,False,9,tgdataset_conspiracy_list
seelenwanderung,1478645196,,False,9,tgdataset_conspiracy_list
SeelenWegeGemeinsamGehen,1473443718,,False,9,tgdataset_conspiracy_list
Seid_Laut,1332744701,,False,9,tgdataset_conspiracy_list
seifein,1353119562,,False,9,tgdataset_conspiracy_list
SeiGutGelaunt,1422678877,,False,9,tgdataset_conspiracy_list
SekhemEnergy,1195705444,,False,9,tgdataset_conspiracy_list
Selber_Denken,1234208040,,False,9,tgdataset_conspiracy_list
SelberDenken,1312620565,,False,9,tgdataset_conspiracy_list
selberdenkenkoeln,1252100272,,False,9,tgdataset_conspiracy_list
selberdenkenrockt,1152332511,,False,9,tgdataset_conspiracy_list
Selberdenker1234dasORIGINAL,1467548858,,False,9,tgdataset_conspiracy_list
Selbst_Liebe,1344284028,,False,9,tgdataset_conspiracy_list
selbstbestimmt,1403015462,,False,9,tgdataset_conspiracy_list
selbstdenken,1277880892,,False,9,tgdataset_conspiracy_list
Selbstdenken_375_Zwickau,1145929511,,False,9,tgdataset_conspiracy_list
selbstdenkenundtun,1319416086,,False,9,tgdataset_conspiracy_list
Selbstdenker20,1344732256,,False,9,tgdataset_conspiracy_list
SelbstdenkerNews,1341661045,,False,9,tgdataset_conspiracy_list
SelbstdenkerU,1157185632,,False,9,tgdataset_conspiracy_list
selbstrule,1214264935,,False,9,tgdataset_conspiracy_list
selihovkin,1305853612,,False,9,tgdataset_conspiracy_list
selma_love_om,1103989790,,False,9,tgdataset_conspiracy_list
selodiceyseguiremosdiciendolo,1286776910,,False,9,tgdataset_conspiracy_list
selvabrasilbr,1253545123,,False,9,tgdataset_conspiracy_list
semcensuraoficial1,1370299940,,False,9,tgdataset_conspiracy_list
Semillas_Divertidas_Materiales,1406367503,,False,9,tgdataset_conspiracy_list
semillasancestrales,1341663349,,False,9,tgdataset_conspiracy_list
semillasestelares,1279759483,,False,9,tgdataset_conspiracy_list
semiramidatv,1322895821,,False,9,tgdataset_conspiracy_list
semnelevremurilor,1417031064,,False,9,tgdataset_conspiracy_list
SenderFreiesSachsen,1190627573,,False,9,tgdataset_conspiracy_list
senecvinitor,1363208402,,False,9,tgdataset_conspiracy_list
senioren,1176262896,,False,9,tgdataset_conspiracy_list
SenriNoMichi,1063467041,,False,9,tgdataset_conspiracy_list
sensible_people,1157084790,,False,9,tgdataset_conspiracy_list
SeppiHuber,1449755711,,False,9,tgdataset_conspiracy_list
SEPTEMSON,1191479496,,False,9,tgdataset_conspiracy_list
sergeibrest,1418234809,,False,9,tgdataset_conspiracy_list
sergeymiheev,1416529244,,False,9,tgdataset_conspiracy_list
sergeymikiten,1263603448,,False,9,tgdataset_conspiracy_list
setnitscanal,1354120826,,False,9,tgdataset_conspiracy_list
seumary_movie,1358474836,,False,9,tgdataset_conspiracy_list
SevenMaexQanons17,1498208530,,False,9,tgdataset_conspiracy_list
severinswelt_folgen,1397241915,,False,9,tgdataset_conspiracy_list
severmedia,1197926930,,False,9,tgdataset_conspiracy_list
sevseal,1201657935,,False,9,tgdataset_conspiracy_list
sexmoneylight,1063135581,,False,9,tgdataset_conspiracy_list
sf1uncut,1478282375,,False,9,tgdataset_conspiracy_list
SFacts,1124345776,,False,9,tgdataset_conspiracy_list
Sferafm,1100115697,,False,9,tgdataset_conspiracy_list
sgcapital,1117611294,,False,9,tgdataset_conspiracy_list
sghPatrioten,1398480126,,False,9,tgdataset_conspiracy_list
sgmemenewfoundland,1206437541,,False,9,tgdataset_conspiracy_list
shadow_policy,1187176003,,False,9,tgdataset_conspiracy_list
ShadowInfos,1402323314,,False,9,tgdataset_conspiracy_list
Shadowwarrior01,1556022154,,False,9,tgdataset_conspiracy_list
ShadyBytes,1433665827,,False,9,tgdataset_conspiracy_list
shahid_hosein_alikhani,1088613943,,False,9,tgdataset_conspiracy_list
shakharisrael,1208738105,,False,9,tgdataset_conspiracy_list
ShaoWorld,1430105428,,False,9,tgdataset_conspiracy_list
shapeshifter2020,1396399922,,False,9,tgdataset_conspiracy_list
sharedfolderpics,1412968833,,False,9,tgdataset_conspiracy_list
shareinfo2all,1451802674,,False,9,tgdataset_conspiracy_list
sharemed,1441622629,,False,9,tgdataset_conspiracy_list
sharespro,1149411012,,False,9,tgdataset_conspiracy_list
Sharpreview,1496296645,,False,9,tgdataset_conspiracy_list
shch_eben,1486579017,,False,9,tgdataset_conspiracy_list
sheepinfo,1390000115,,False,9,tgdataset_conspiracy_list
sheffpower,1242659196,,False,9,tgdataset_conspiracy_list
sheisakrena,1139841264,,False,9,tgdataset_conspiracy_list
shemomemy,1083993352,,False,9,tgdataset_conspiracy_list
shestoyportal,1273108655,,False,9,tgdataset_conspiracy_list
shh_enfermeros,1261911720,,False,9,tgdataset_conspiracy_list
shibabibabuba,1069491209,,False,9,tgdataset_conspiracy_list
shitandsable,1176215684,,False,9,tgdataset_conspiracy_list
shitcommunistssay,1078730604,,False,9,tgdataset_conspiracy_list
shitpostt,1154752693,,False,9,tgdataset_conspiracy_list
SHKdenk,1183180028,,False,9,tgdataset_conspiracy_list
Shmit16,1317292519,,False,9,tgdataset_conspiracy_list
Shnurokh,1129860378,,False,9,tgdataset_conspiracy_list
shnurokotbalenciaga,1157262486,,False,9,tgdataset_conspiracy_list
shockwaveradio,1339296328,,False,9,tgdataset_conspiracy_list
ShogunatOfMemes,1471625612,,False,9,tgdataset_conspiracy_list
shokinf0,1264686161,,False,9,tgdataset_conspiracy_list
shomareshmakooszohor,1009391002,,False,9,tgdataset_conspiracy_list
shortlybrief,1320037017,,False,9,tgdataset_conspiracy_list
showagentenradio,1388885784,,False,9,tgdataset_conspiracy_list
shpodcasts,1224792950,,False,9,tgdataset_conspiracy_list
SHRevistaPDF,1362704692,,False,9,tgdataset_conspiracy_list
shylobster,1329621958,,False,9,tgdataset_conspiracy_list
shyramea,1477265350,,False,9,tgdataset_conspiracy_list
sibiladelphos,1443937566,,False,9,tgdataset_conspiracy_list
sichtweisesatirisch,1436612422,,False,9,tgdataset_conspiracy_list
sidormansi,1460309464,,False,9,tgdataset_conspiracy_list
SiegDemLicht,1426082243,,False,9,tgdataset_conspiracy_list
siegdeslichts,1424031990,,False,9,tgdataset_conspiracy_list
siegfrieddaebritz,1213280001,,False,9,tgdataset_conspiracy_list
sieramadre,1390240411,,False,9,tgdataset_conspiracy_list
sieschreibt,1593322576,,False,9,tgdataset_conspiracy_list
SIGEN_Media,1318273655,,False,9,tgdataset_conspiracy_list
siggisinfokanal,1330498233,,False,9,tgdataset_conspiracy_list
sigisimpulse,1189564368,,False,9,tgdataset_conspiracy_list
SignosdelosTiempos,1354273133,,False,9,tgdataset_conspiracy_list
signs_0f_life,1100034321,,False,9,tgdataset_conspiracy_list
silberjungeoffiziell,1461777529,,False,9,tgdataset_conspiracy_list
silberjungethorstenschulte,1422165531,,False,9,tgdataset_conspiracy_list
silentchange,1466105315,,False,9,tgdataset_conspiracy_list
silentwalk,1154336684,,False,9,tgdataset_conspiracy_list
silexsixx,1428594784,,False,9,tgdataset_conspiracy_list
silkeleo,1177284862,,False,9,tgdataset_conspiracy_list
SilvanaHeissenbergOffiziell,1413301678,,False,9,tgdataset_conspiracy_list
silvester_silver,1331696010,,False,9,tgdataset_conspiracy_list
SilvioFabbriCanale,1418962519,,False,9,tgdataset_conspiracy_list
Simon_Parkes_Deutsch,1186715649,,False,9,tgdataset_conspiracy_list
SimoneGesundheitausderNatur,1195075226,,False,9,tgdataset_conspiracy_list
SimonParkesEsp,1253583764,,False,9,tgdataset_conspiracy_list
simply_free,1485395958,,False,9,tgdataset_conspiracy_list
sin_filtro,1478271643,,False,9,tgdataset_conspiracy_list
sincerityexiled,1329177053,,False,9,tgdataset_conspiracy_list
sinflame,1316304865,,False,9,tgdataset_conspiracy_list
siniushindaily,1477835011,,False,9,tgdataset_conspiracy_list
sinking_ship,1455446629,,False,9,tgdataset_conspiracy_list
sionbenisrael,1240781406,,False,9,tgdataset_conspiracy_list
SionistasAlDescubierto,1470656564,,False,9,tgdataset_conspiracy_list
sippenwaechter,1429761284,,False,9,tgdataset_conspiracy_list
sipsipasintelegrammikannu,1301011178,,False,9,tgdataset_conspiracy_list
sirdaryo_stat,1195402082,,False,9,tgdataset_conspiracy_list
Sirius1Top,1205038471,,False,9,tgdataset_conspiracy_list
SiriusBewusstsein,1196524050,,False,9,tgdataset_conspiracy_list
siromzatvorenih,1188322158,,False,9,tgdataset_conspiracy_list
sisamanonsidice,1389316153,,False,9,tgdataset_conspiracy_list
SISSI_MUELLER2020,1178349257,,False,9,tgdataset_conspiracy_list
SIWi_NEWS,1389926839,,False,9,tgdataset_conspiracy_list
SixArticlesToRead,1100236180,,False,9,tgdataset_conspiracy_list
sjr34,1270664914,,False,9,tgdataset_conspiracy_list
sJusticia,1568776084,,False,9,tgdataset_conspiracy_list
SK00098,1078853571,,False,9,tgdataset_conspiracy_list
skabeeva,1192450220,,False,9,tgdataset_conspiracy_list
skalddiary,1123883140,,False,9,tgdataset_conspiracy_list
skat_er_tyveri,1460716763,,False,9,tgdataset_conspiracy_list
skinhead_marks,1358216247,,False,9,tgdataset_conspiracy_list
SkiperKakao,1003200382,,False,9,tgdataset_conspiracy_list
skolkovoleaks,1125016094,,False,9,tgdataset_conspiracy_list
SKorrespondent,1382458818,,False,9,tgdataset_conspiracy_list
Skuratoff_2_0,1493374678,,False,9,tgdataset_conspiracy_list
SkuratoffOne,1199631475,,False,9,tgdataset_conspiracy_list
skurlatovlive,1437878719,,False,9,tgdataset_conspiracy_list
slavfond,1401209146,,False,9,tgdataset_conspiracy_list
SlavRadio_org,1427908704,,False,9,tgdataset_conspiracy_list
Slavyanskiy_kolokol,1268119353,,False,9,tgdataset_conspiracy_list
Sleipner61,1431506611,,False,9,tgdataset_conspiracy_list
sLIBERTAD,1581102994,,False,9,tgdataset_conspiracy_list
slidlrba,1296964787,,False,9,tgdataset_conspiracy_list
sluhishort,1483568332,,False,9,tgdataset_conspiracy_list
slyna,1231431039,,False,9,tgdataset_conspiracy_list
smad2020,1384566812,,False,9,tgdataset_conspiracy_list
SMAD2022,1302585339,,False,9,tgdataset_conspiracy_list
Smagulovkz,1476366309,,False,9,tgdataset_conspiracy_list
smart_regulation,1070429318,,False,9,tgdataset_conspiracy_list
smarteconomist,1278158297,,False,9,tgdataset_conspiracy_list
smartlabnews,1063908560,,False,9,tgdataset_conspiracy_list
SMARTONNO,1160062904,,False,9,tgdataset_conspiracy_list
smartuseronline,1409028971,,False,9,tgdataset_conspiracy_list
smertjdlyamira,1329888694,,False,9,tgdataset_conspiracy_list
smertvakcina,1212488218,,False,9,tgdataset_conspiracy_list
SMInych,1117010151,,False,9,tgdataset_conspiracy_list
smitandco,1310028189,,False,9,tgdataset_conspiracy_list
smmblog,1049769666,,False,9,tgdataset_conspiracy_list
smogrefugees,1473823625,,False,9,tgdataset_conspiracy_list
smolny7,1214965668,,False,9,tgdataset_conspiracy_list
smooth0perator,1027629547,,False,9,tgdataset_conspiracy_list
sn_licht_liebe_frei_heilung,1546150456,,False,9,tgdataset_conspiracy_list
snailnosnail,1149191514,,False,9,tgdataset_conspiracy_list
snakehood,1085057972,,False,9,tgdataset_conspiracy_list
sncmag,1100118939,,False,9,tgdataset_conspiracy_list
snegiriandglue,1156695301,,False,9,tgdataset_conspiracy_list
snemezkogo,1589148366,,False,9,tgdataset_conspiracy_list
sniper_o_liberastah,1395978750,,False,9,tgdataset_conspiracy_list
sns_anon,1367621129,,False,9,tgdataset_conspiracy_list
sobrevivencialismo,1008810451,,False,9,tgdataset_conspiracy_list
sobrevivencialismojudahoficial,1213985554,,False,9,tgdataset_conspiracy_list
socialismoespobreza,1256669482,,False,9,tgdataset_conspiracy_list
socialteh,1253346472,,False,9,tgdataset_conspiracy_list
socialtvnetwork,1034826040,,False,9,tgdataset_conspiracy_list
Sociedade_de_Pensadores,1571300422,,False,9,tgdataset_conspiracy_list
sociedadencristo,1199121981,,False,9,tgdataset_conspiracy_list
sociologicalperspectives,1283750831,,False,9,tgdataset_conspiracy_list
soederaergeredichnicht,1430726808,,False,9,tgdataset_conspiracy_list
sohabr,1026231949,,False,9,tgdataset_conspiracy_list
soignantsenresistancetelegram,1190658912,,False,9,tgdataset_conspiracy_list
sokarslidible,1201257526,,False,9,tgdataset_conspiracy_list
SokratesTvHellas,1338731528,,False,9,tgdataset_conspiracy_list
solaris_nwo,1303544731,,False,9,tgdataset_conspiracy_list
solarstorm,1021466801,,False,9,tgdataset_conspiracy_list
Soldados,1159049615,,False,9,tgdataset_conspiracy_list
Soldaten_und_Reservisten,1330347075,,False,9,tgdataset_conspiracy_list
solidarnosch,1196606959,,False,9,tgdataset_conspiracy_list
solltemanwissen,1479646374,,False,9,tgdataset_conspiracy_list
solomka_chai,1107355278,,False,9,tgdataset_conspiracy_list
solotata,1140735517,,False,9,tgdataset_conspiracy_list
solschooloflife,1444043921,,False,9,tgdataset_conspiracy_list
sombrerosblancos,1293952116,,False,9,tgdataset_conspiracy_list
someco,1439867149,,False,9,tgdataset_conspiracy_list
SOMOS_LA_RESISTENCIA,1171889918,,False,9,tgdataset_conspiracy_list
SOMOSLARESISTENCIAOFFICIAL,1298188243,,False,9,tgdataset_conspiracy_list
Somosrealistas,1198830428,,False,9,tgdataset_conspiracy_list
Son_Go_Q,1426745549,,False,9,tgdataset_conspiracy_list
soniquetalks,1417285921,,False,9,tgdataset_conspiracy_list
sonnebergzeigtgesicht,1323559650,,False,9,tgdataset_conspiracy_list
SonOfMonarchy,1136444638,,False,9,tgdataset_conspiracy_list
sononoodo,1415268036,,False,9,tgdataset_conspiracy_list
sonoprofundo,1446190219,,False,9,tgdataset_conspiracy_list
sonreidysaludad,1308068841,,False,9,tgdataset_conspiracy_list
sonsofpatriots,1313034003,,False,9,tgdataset_conspiracy_list
Sonunnar,1215391910,,False,9,tgdataset_conspiracy_list
sophieskleinewelt,1200605738,,False,9,tgdataset_conspiracy_list
soranofrompluto,1277727887,,False,9,tgdataset_conspiracy_list
Sorm_AntiNOM,1276793277,,False,9,tgdataset_conspiracy_list
sorok40russia,1133223027,,False,9,tgdataset_conspiracy_list
sorosnya,1424368529,,False,9,tgdataset_conspiracy_list
sosafectadosvacunas,1537018441,,False,9,tgdataset_conspiracy_list
sosein2020,1336745974,,False,9,tgdataset_conspiracy_list
sosibibublyat,1337387271,,False,9,tgdataset_conspiracy_list
SOSjesuschrist,1474100002,,False,9,tgdataset_conspiracy_list
sott_es,1409732891,,False,9,tgdataset_conspiracy_list
SotunAzad,1064830898,,False,9,tgdataset_conspiracy_list
Soul_cham,1280113105,,False,9,tgdataset_conspiracy_list
soul_women,1339339165,,False,9,tgdataset_conspiracy_list
soulmandalaart,1493223133,,False,9,tgdataset_conspiracy_list
soulofhistory,1412586434,,False,9,tgdataset_conspiracy_list
soulspirit17,1285059430,,False,9,tgdataset_conspiracy_list
SoundysPinUp,1152936677,,False,9,tgdataset_conspiracy_list
SouveraenSein,1340525972,,False,9,tgdataset_conspiracy_list
soyresistencia,1337999928,,False,9,tgdataset_conspiracy_list
sozialeplastik,1428014526,,False,9,tgdataset_conspiracy_list
Sozialismus_aktuell,1158400469,,False,9,tgdataset_conspiracy_list
Spacedivet23,1337665909,,False,9,tgdataset_conspiracy_list
sparocazzate,1370858937,,False,9,tgdataset_conspiracy_list
spas_ru,1432969387,,False,9,tgdataset_conspiracy_list
SPASI_DUSHU,1523108750,,False,9,tgdataset_conspiracy_list
spbopenspace,1028432951,,False,9,tgdataset_conspiracy_list
specpriemi,1330782111,,False,9,tgdataset_conspiracy_list
SphereMusic,1292906957,,False,9,tgdataset_conspiracy_list
Spiegelwelten,1488484209,,False,9,tgdataset_conspiracy_list
spioniker,1443055449,,False,9,tgdataset_conspiracy_list
SPIRIT_369,1415660984,,False,9,tgdataset_conspiracy_list
spirit_awakening,1402784307,,False,9,tgdataset_conspiracy_list
spirit_of_life,1307553330,,False,9,tgdataset_conspiracy_list
Spirit_of_Live,1372412136,,False,9,tgdataset_conspiracy_list
spirit_wahrheit_liebe,1398570947,,False,9,tgdataset_conspiracy_list
Spiritag,1351617299,,False,9,tgdataset_conspiracy_list
SpiritaufEntdeckungsreise,1269544865,,False,9,tgdataset_conspiracy_list
spiritclaudia,1246008428,,False,9,tgdataset_conspiracy_list
SpiritInfoChannel,1163229253,,False,9,tgdataset_conspiracy_list
spiritofanimals,1399355749,,False,9,tgdataset_conspiracy_list
spiritofrevo,1428923323,,False,9,tgdataset_conspiracy_list
spiritPartKANAL,1491638723,,False,9,tgdataset_conspiracy_list
spiritscapeZentralsonne,1157235520,,False,9,tgdataset_conspiracy_list
spiritualstories1,1425017720,,False,9,tgdataset_conspiracy_list
SpiritualYogi,1205840836,,False,9,tgdataset_conspiracy_list
Spirituelle_Kunst_Wortgefluester,1308874751,,False,9,tgdataset_conspiracy_list
spirituelletransformation,1454456364,,False,9,tgdataset_conspiracy_list
spletnicca,1287596810,,False,9,tgdataset_conspiracy_list
SPoC_fdl,1407349941,,False,9,tgdataset_conspiracy_list
SPoC_qusa,1268111567,,False,9,tgdataset_conspiracy_list
sport_kino_and,1157122896,,False,9,tgdataset_conspiracy_list
sports_centre,1161093272,,False,9,tgdataset_conspiracy_list
spothits,1066537504,,False,9,tgdataset_conspiracy_list
SprachrohrderOberpfalz,1462673437,,False,9,tgdataset_conspiracy_list
spurengeistigerfreiheit,1332617787,,False,9,tgdataset_conspiracy_list
sputnik_esp,1559283456,,False,9,tgdataset_conspiracy_list
sputniknews,1000168018,,False,9,tgdataset_conspiracy_list
SputnikUSA,1104799722,,False,9,tgdataset_conspiracy_list
srfrb,1468025441,,False,9,tgdataset_conspiracy_list
stahlhelm,1132521681,,False,9,tgdataset_conspiracy_list
stallion83,1413377683,,False,9,tgdataset_conspiracy_list
standpunkt,1187196652,,False,9,tgdataset_conspiracy_list
standupgang,1385339749,,False,9,tgdataset_conspiracy_list
StandwithUSwithwater,1216355310,,False,9,tgdataset_conspiracy_list
staraya,1085428736,,False,9,tgdataset_conspiracy_list
stargateitalia2021,1483770743,,False,9,tgdataset_conspiracy_list
stargatenews,1459024592,,False,9,tgdataset_conspiracy_list
starseedsyndrom,1411873390,,False,9,tgdataset_conspiracy_list
StattNurSRF,1465206937,,False,9,tgdataset_conspiracy_list
StayAwakeTermine,1414667886,,False,9,tgdataset_conspiracy_list
StayfreeKA,1181874651,,False,9,tgdataset_conspiracy_list
stayopenminded,1475310269,,False,9,tgdataset_conspiracy_list
Stefan_Bamberg,1286588476,,False,9,tgdataset_conspiracy_list
stefan_bode_analysen,1480148344,,False,9,tgdataset_conspiracy_list
StefanBauer_Original,1494879494,,False,9,tgdataset_conspiracy_list
StefanBoehmeKanal,1281074627,,False,9,tgdataset_conspiracy_list
stefanhomburg,1343539093,,False,9,tgdataset_conspiracy_list
stefankriz,1407855793,,False,9,tgdataset_conspiracy_list
stefanmalsi,1413192580,,False,9,tgdataset_conspiracy_list
stefanomontanariufficiale,1477055922,,False,9,tgdataset_conspiracy_list
stefanraven,1230916085,,False,9,tgdataset_conspiracy_list
stefansrudelinfos,1296637122,,False,9,tgdataset_conspiracy_list
steffirn,1238904843,,False,9,tgdataset_conspiracy_list
steuckers,1163442666,,False,9,tgdataset_conspiracy_list
SteveDoudnik,1005663003,,False,9,tgdataset_conspiracy_list
Stiftung_Auswege,1439482602,,False,9,tgdataset_conspiracy_list
StimmeFreiesBrandenburg,1146101176,,False,9,tgdataset_conspiracy_list
stimmefuerimpfopfer,1397571323,,False,9,tgdataset_conspiracy_list
StimmeundWort,1460933034,,False,9,tgdataset_conspiracy_list
stocksi,1218241604,,False,9,tgdataset_conspiracy_list
stop5g_now,1477758336,,False,9,tgdataset_conspiracy_list
STOP5GROMAGNA,1468024447,,False,9,tgdataset_conspiracy_list
stop_5g,1268009154,,False,9,tgdataset_conspiracy_list
stop_chemtrails_madrid,1349473866,,False,9,tgdataset_conspiracy_list
stopbrd,1434822252,,False,9,tgdataset_conspiracy_list
stopconfinamiento,1189238747,,False,9,tgdataset_conspiracy_list
stopfakepandemic,1343793116,,False,9,tgdataset_conspiracy_list
stopmanipulacionclimatica,1446588656,,False,9,tgdataset_conspiracy_list
stopnwofrancetv,1312817893,,False,9,tgdataset_conspiracy_list
stoppimpfpflicht,1404540114,,False,9,tgdataset_conspiracy_list
STOPVACUNAS,1269582549,,False,9,tgdataset_conspiracy_list
stopvaczism,1582669253,,False,9,tgdataset_conspiracy_list
StoryOfBlackBond,1466785722,,False,9,tgdataset_conspiracy_list
stpaulonline,1285137601,,False,9,tgdataset_conspiracy_list
strategieduchoc,1163042812,,False,9,tgdataset_conspiracy_list
strategika,1455174066,,False,9,tgdataset_conspiracy_list
stratgic_alert,1347101129,,False,9,tgdataset_conspiracy_list
STREAMERUNKNOWN,1283768931,,False,9,tgdataset_conspiracy_list
streetliveindependantofficiel,1513016767,,False,9,tgdataset_conspiracy_list
strelecFedot,1345161771,,False,9,tgdataset_conspiracy_list
stringer_donetsk,1258840384,,False,9,tgdataset_conspiracy_list
studentenstehenauf_dresden,1322019841,,False,9,tgdataset_conspiracy_list
studierstube,1184824914,,False,9,tgdataset_conspiracy_list
stundederwahrheit,1384791682,,False,9,tgdataset_conspiracy_list
stupidchann,1131740945,,False,9,tgdataset_conspiracy_list
stupidkomyak,1174167955,,False,9,tgdataset_conspiracy_list
subamosdenivel,1350979740,,False,9,tgdataset_conspiracy_list
subchan,1130393614,,False,9,tgdataset_conspiracy_list
such_den_fehler,1376316015,,False,9,tgdataset_conspiracy_list
sudakovss,1235726507,,False,9,tgdataset_conspiracy_list
SueArtandLove,1454554284,,False,9,tgdataset_conspiracy_list
SueFortruth,1392624925,,False,9,tgdataset_conspiracy_list
SuellasKanal,1320359731,,False,9,tgdataset_conspiracy_list
suggestivem,1472448362,,False,9,tgdataset_conspiracy_list
suicidal_barrier,1174032075,,False,9,tgdataset_conspiracy_list
SukhiTelegram,1358351811,,False,9,tgdataset_conspiracy_list
summ3r_m0v3d_0n,1448067196,,False,9,tgdataset_conspiracy_list
sunevonews,1431454479,,False,9,tgdataset_conspiracy_list
SunGoddess1,1486205096,,False,9,tgdataset_conspiracy_list
sungorkin_post,1227263154,,False,9,tgdataset_conspiracy_list
Sunshine17lh,1238680971,,False,9,tgdataset_conspiracy_list
sunshinemichaverlag,1421708635,,False,9,tgdataset_conspiracy_list
sunsi_de,1398816905,,False,9,tgdataset_conspiracy_list
SUPERARELCONTROLMENTAL,1314409548,,False,9,tgdataset_conspiracy_list
supercanalnoticias,1366014447,,False,9,tgdataset_conspiracy_list
supercontagiadores,1245787521,,False,9,tgdataset_conspiracy_list
superschoolonline,1442656884,,False,9,tgdataset_conspiracy_list
suplantacion,1317611940,,False,9,tgdataset_conspiracy_list
susannaritchie,1331908388,,False,9,tgdataset_conspiracy_list
susij1980,1388319186,,False,9,tgdataset_conspiracy_list
SuspKontrol,1232724162,,False,9,tgdataset_conspiracy_list
svarschiki,1400338245,,False,9,tgdataset_conspiracy_list
SvenGrosser,1121838735,,False,9,tgdataset_conspiracy_list
svennews,1237391910,,False,9,tgdataset_conspiracy_list
svezhesti,1227956015,,False,9,tgdataset_conspiracy_list
svtvnews,1513669961,,False,9,tgdataset_conspiracy_list
SwaruuTelegram,1162384047,,False,9,tgdataset_conspiracy_list
sweet2195,1391069703,,False,9,tgdataset_conspiracy_list
swiatinformacji,1354787605,,False,9,tgdataset_conspiracy_list
SyAlertVenezuela,1406753740,,False,9,tgdataset_conspiracy_list
Sycophante,1382034507,,False,9,tgdataset_conspiracy_list
SylviaNickel,1288922788,,False,9,tgdataset_conspiracy_list
symbiolife,1228580980,,False,9,tgdataset_conspiracy_list
sympathicus,1486685954,,False,9,tgdataset_conspiracy_list
sysodmins,1064280541,,False,9,tgdataset_conspiracy_list
systemanalytikerCH,1224823927,,False,9,tgdataset_conspiracy_list
systemgesund,1218566451,,False,9,tgdataset_conspiracy_list
SystemkritischeFilme,1091843694,,False,9,tgdataset_conspiracy_list
SystemOrder66,1337340818,,False,9,tgdataset_conspiracy_list
SZhu08vr4LzQK6we,1234726611,,False,9,tgdataset_conspiracy_list
t17newsforhope,1304758833,,False,9,tgdataset_conspiracy_list
t30pru,1315383286,,False,9,tgdataset_conspiracy_list
t5mtxr8b,1347541755,,False,9,tgdataset_conspiracy_list
Tabriz_khabarlary,1058864786,,False,9,tgdataset_conspiracy_list
Tabrizonline,1010050260,,False,9,tgdataset_conspiracy_list
tacheles2,1305519885,,False,9,tgdataset_conspiracy_list
tactialjewchannel,1413851567,,False,9,tgdataset_conspiracy_list
tacuara,1222151075,,False,9,tgdataset_conspiracy_list
Tage_wie_diese,1153455835,,False,9,tgdataset_conspiracy_list
tagesdosis_KenFM,1482419674,,False,9,tgdataset_conspiracy_list
TAGESEREIGNIS,1202978447,,False,9,tgdataset_conspiracy_list
tagesereignisse,1386943728,,False,9,tgdataset_conspiracy_list
TagesereignisseOffenbarung,1334067514,,False,9,tgdataset_conspiracy_list
Tagesinfo,1217151069,,False,9,tgdataset_conspiracy_list
TagXDeutschlandKanal,1343329475,,False,9,tgdataset_conspiracy_list
tainynet,1131142572,,False,9,tgdataset_conspiracy_list
tainyzagadki,1112768777,,False,9,tgdataset_conspiracy_list
tajrobeyenejat1,1027663147,,False,9,tgdataset_conspiracy_list
tak_grubo,1295159323,,False,9,tgdataset_conspiracy_list
takesandmemes,1239675578,,False,9,tgdataset_conspiracy_list
TalaWolf,1169004571,,False,9,tgdataset_conspiracy_list
talofmagic,1534068816,,False,9,tgdataset_conspiracy_list
Talyshskaya_pravda,1446469579,,False,9,tgdataset_conspiracy_list
tania_ter,1153252477,,False,9,tgdataset_conspiracy_list
taniawingartz,1357317828,,False,9,tgdataset_conspiracy_list
tanjasgluecksschmiede,1436765688,,False,9,tgdataset_conspiracy_list
tankies,1293544032,,False,9,tgdataset_conspiracy_list
TAO_TheorieAllerOrdnung,1115695186,,False,9,tgdataset_conspiracy_list
TaoDerLiebe,1468588587,,False,9,tgdataset_conspiracy_list
taqriratjournal,1001225413,,False,9,tgdataset_conspiracy_list
taraswelt,1307320908,,False,9,tgdataset_conspiracy_list
Tardation_Nation,1350234191,,False,9,tgdataset_conspiracy_list
tarinerasinfos,1427154111,,False,9,tgdataset_conspiracy_list
Tarrant_Lads,1427153081,,False,9,tgdataset_conspiracy_list
TarTaKar,1393271424,,False,9,tgdataset_conspiracy_list
tartaria_bildergalerie,1239502899,,False,9,tgdataset_conspiracy_list
tartariabrazil,1366038257,,False,9,tgdataset_conspiracy_list
TARTARIAITALIACHANNEL,1594397855,,False,9,tgdataset_conspiracy_list
TartariaYoutube,1477270369,,False,9,tgdataset_conspiracy_list
tasmimsazan_javan,1006584737,,False,9,tgdataset_conspiracy_list
tastethenemusor,1434402936,,False,9,tgdataset_conspiracy_list
TatjanaPippi,1405823219,,False,9,tgdataset_conspiracy_list
tatlerbutler,1419687164,,False,9,tgdataset_conspiracy_list
taufertshoefer,1214939488,,False,9,tgdataset_conspiracy_list
TaumieI,1385584430,,False,9,tgdataset_conspiracy_list
TauschboersevonHerzzuHerzMV,1198695520,,False,9,tgdataset_conspiracy_list
Taynaya_kantselyariya,1479295983,,False,9,tgdataset_conspiracy_list
Tayssen,1404222088,,False,9,tgdataset_conspiracy_list
tb_bolshevik,1424649320,,False,9,tgdataset_conspiracy_list
tblzer,1274528786,,False,9,tgdataset_conspiracy_list
tburnaoffiziell,1280278395,,False,9,tgdataset_conspiracy_list
tderechos,1435966001,,False,9,tgdataset_conspiracy_list
TeacherDaniela5_OFICIAL,1409690893,,False,9,tgdataset_conspiracy_list
team_menschenrechte,1251583456,,False,9,tgdataset_conspiracy_list
Team_Simon_GER,1493661971,,False,9,tgdataset_conspiracy_list
teambystron,1393364846,,False,9,tgdataset_conspiracy_list
teamconservador,1355189857,,False,9,tgdataset_conspiracy_list
TeamFreiheitTandem,1590702581,,False,9,tgdataset_conspiracy_list
TeamfuerdieFreiheit,1218649339,,False,9,tgdataset_conspiracy_list
TeamHCStrache,1288848806,,False,9,tgdataset_conspiracy_list
Teamlnferno,1291886474,,False,9,tgdataset_conspiracy_list
teatualizeioficial,1427808915,,False,9,tgdataset_conspiracy_list
tebeatfal,1056539391,,False,9,tgdataset_conspiracy_list
tebiaebashit,1323751165,,False,9,tgdataset_conspiracy_list
tech_solo,1186434783,,False,9,tgdataset_conspiracy_list
technik_dienst,1390284475,,False,9,tgdataset_conspiracy_list
technikus_news,1195247534,,False,9,tgdataset_conspiracy_list
technologique,1012762853,,False,9,tgdataset_conspiracy_list
Technovich_RU,1446686806,,False,9,tgdataset_conspiracy_list
tecnogeek,1382402965,,False,9,tgdataset_conspiracy_list
Ted_Bieber,1558587498,,False,9,tgdataset_conspiracy_list
teenage_lightning,1193892118,,False,9,tgdataset_conspiracy_list
TeichWWG1WGA,1338603068,,False,9,tgdataset_conspiracy_list
Teil_der_Loesung,1192953399,,False,9,tgdataset_conspiracy_list
TeileNews,1469916160,,False,9,tgdataset_conspiracy_list
TelecomNewsIsrael,1187231899,,False,9,tgdataset_conspiracy_list
Telecomreview,1232569480,,False,9,tgdataset_conspiracy_list
telegasaratova,1431410202,,False,9,tgdataset_conspiracy_list
teleharp,1269641297,,False,9,tgdataset_conspiracy_list
TELEKANALSTALINGRAD,1419888640,,False,9,tgdataset_conspiracy_list
telepostav,1082813320,,False,9,tgdataset_conspiracy_list
teles0s,1087609670,,False,9,tgdataset_conspiracy_list
Tellerrand,1180062022,,False,9,tgdataset_conspiracy_list
tempelderahnen,1477787059,,False,9,tgdataset_conspiracy_list
Tempesta_comunista,1460173461,,False,9,tgdataset_conspiracy_list
Ten_NaPleten,1195323522,,False,9,tgdataset_conspiracy_list
TEnemy,1339301474,,False,9,tgdataset_conspiracy_list
teoriaconspiracion,1196983355,,False,9,tgdataset_conspiracy_list
teoriadaconspiracaomundial,1482239138,,False,9,tgdataset_conspiracy_list
TeoricosNivelExperto,1140538266,,False,9,tgdataset_conspiracy_list
teory_elit,1069147145,,False,9,tgdataset_conspiracy_list
terem_teremok,1100853479,,False,9,tgdataset_conspiracy_list
TerraGaja,1311596536,,False,9,tgdataset_conspiracy_list
Terraherz,1270395959,,False,9,tgdataset_conspiracy_list
terrapiatta,1079302416,,False,9,tgdataset_conspiracy_list
terraplanadebate,1202200389,,False,9,tgdataset_conspiracy_list
TerrariumErde,1300253547,,False,9,tgdataset_conspiracy_list
terror_spring,1248353914,,False,9,tgdataset_conspiracy_list
TertiaRoma,1434291859,,False,9,tgdataset_conspiracy_list
tertuliasliberales,1337510718,,False,9,tgdataset_conspiracy_list
terzdrsm,1277892104,,False,9,tgdataset_conspiracy_list
TESLAFREIEENERGIE,1306594067,,False,9,tgdataset_conspiracy_list
TeslaInvestigando,1243287707,,False,9,tgdataset_conspiracy_list
tesoroenvasijasdebarronoticias,1472470096,,False,9,tgdataset_conspiracy_list
tetragramm,1291805639,,False,9,tgdataset_conspiracy_list
tezonaut,1282492291,,False,9,tgdataset_conspiracy_list
tezparcel,1384185753,,False,9,tgdataset_conspiracy_list
tg_oracle,1178880658,,False,9,tgdataset_conspiracy_list
TGAMEDIAespanol,1327211045,,False,9,tgdataset_conspiracy_list
tglive,1059713016,,False,9,tgdataset_conspiracy_list
tgr68,1483983213,,False,9,tgdataset_conspiracy_list
THA_nachdenken,1295315245,,False,9,tgdataset_conspiracy_list
The7even,1292427796,,False,9,tgdataset_conspiracy_list
The_Aletheia_Project,1312127633,,False,9,tgdataset_conspiracy_list
The_Awake2021,1497074686,,False,9,tgdataset_conspiracy_list
the_buy_side,1161849180,,False,9,tgdataset_conspiracy_list
The_Immortal_King,1446368142,,False,9,tgdataset_conspiracy_list
the_inkognitov,1164929583,,False,9,tgdataset_conspiracy_list
the_mismatch,1178930368,,False,9,tgdataset_conspiracy_list
The_Right_To_Know_The_Truth,1534600101,,False,9,tgdataset_conspiracy_list
the_secret_garden,1224764224,,False,9,tgdataset_conspiracy_list
thebatrachospermummagazine,1067702036,,False,9,tgdataset_conspiracy_list
thebigtheone,1117405866,,False,9,tgdataset_conspiracy_list
TheBlackSheep_original,1296600293,,False,9,tgdataset_conspiracy_list
theblogcat1,1485124129,,False,9,tgdataset_conspiracy_list
theblueprintru,1327938595,,False,9,tgdataset_conspiracy_list
Thecelticempire,1365032660,,False,9,tgdataset_conspiracy_list
theconservativesbr,1404330701,,False,9,tgdataset_conspiracy_list
thefuturestrader,1226387301,,False,9,tgdataset_conspiracy_list
thegreatawakeningfight2Q2Q,1772633785,,False,9,tgdataset_conspiracy_list
thegreaterreset_deutsch,1131939370,,False,9,tgdataset_conspiracy_list
thegreatreject,1151302923,,False,9,tgdataset_conspiracy_list
theguardianschannel,1489520733,,False,9,tgdataset_conspiracy_list
TheHendrikMaass,1365860979,,False,9,tgdataset_conspiracy_list
TheInformationStation,1351218701,,False,9,tgdataset_conspiracy_list
thejewfearsthetruth,1153003432,,False,9,tgdataset_conspiracy_list
thekastachannel,1271957586,,False,9,tgdataset_conspiracy_list
thelostchords,1297271071,,False,9,tgdataset_conspiracy_list
themask_diemaske,1085111365,,False,9,tgdataset_conspiracy_list
thematrixhasyoufollowwhiterabbit,1251321653,,False,9,tgdataset_conspiracy_list
thememerepo,1245715026,,False,9,tgdataset_conspiracy_list
thememesandpepes,1183996660,,False,9,tgdataset_conspiracy_list
themonads,1344325100,,False,9,tgdataset_conspiracy_list
themoostive,1086775633,,False,9,tgdataset_conspiracy_list
theneighbours2021,1271635049,,False,9,tgdataset_conspiracy_list
Theneo76news,1472778524,,False,9,tgdataset_conspiracy_list
thenextgenerationchannel,1321216006,,False,9,tgdataset_conspiracy_list
thenextpandemic,1170082463,,False,9,tgdataset_conspiracy_list
TheNNakedTTruth,1209818768,,False,9,tgdataset_conspiracy_list
ThePatriotes_OTW,1324367442,,False,9,tgdataset_conspiracy_list
ThePlanIlCambiamento,1461160861,,False,9,tgdataset_conspiracy_list
theplaylist001,1237848134,,False,9,tgdataset_conspiracy_list
TheProfessorOfficialChannel,1402936254,,False,9,tgdataset_conspiracy_list
TheRealEarth,1306902139,,False,9,tgdataset_conspiracy_list
TheRealReset,1462817764,,False,9,tgdataset_conspiracy_list
theredpillnews,1297781561,,False,9,tgdataset_conspiracy_list
therepugnantpilot,1381373963,,False,9,tgdataset_conspiracy_list
TheRise2020,1411665822,,False,9,tgdataset_conspiracy_list
theschnurrchanel,1228890467,,False,9,tgdataset_conspiracy_list
TheStatueofLiberty,1110940624,,False,9,tgdataset_conspiracy_list
Thestormishere2021,1325226532,,False,9,tgdataset_conspiracy_list
TheStormIsTrue,1173530893,,False,9,tgdataset_conspiracy_list
TheStormQ17,1395509771,,False,9,tgdataset_conspiracy_list
TheTrueStoriesNews,1185786350,,False,9,tgdataset_conspiracy_list
TheTruthBehindTheMirrow,1100813907,,False,9,tgdataset_conspiracy_list
theunconditionalblog,1454395465,,False,9,tgdataset_conspiracy_list
theUNHolySee,1420128503,,False,9,tgdataset_conspiracy_list
TheVenusProjectRUS,1002940138,,False,9,tgdataset_conspiracy_list
theworldisnoteasy,1090966837,,False,9,tgdataset_conspiracy_list
thezoneofbones,1121648457,,False,9,tgdataset_conspiracy_list
thingsiread,1136639659,,False,9,tgdataset_conspiracy_list
think_2_think,1191895204,,False,9,tgdataset_conspiracy_list
ThisChristmas,1394690798,,False,9,tgdataset_conspiracy_list
thisismyfacebook,1334958124,,False,9,tgdataset_conspiracy_list
thisiszeronews,1216201619,,False,9,tgdataset_conspiracy_list
tho_bit,1293700007,,False,9,tgdataset_conspiracy_list
THOMASBERTHOLD_OFFICIAL,1189122858,,False,9,tgdataset_conspiracy_list
thommaxxtv,1416995435,,False,9,tgdataset_conspiracy_list
ThorS_Info,1253364898,,False,9,tgdataset_conspiracy_list
threedotsca,1330500384,,False,9,tgdataset_conspiracy_list
ti_russia,1497596394,,False,9,tgdataset_conspiracy_list
TianasInsights,1338355587,,False,9,tgdataset_conspiracy_list
Tico_Noticias,1306458639,,False,9,tgdataset_conspiracy_list
tiefenschaerfe,1370425311,,False,9,tgdataset_conspiracy_list
TiefImKaninchenbau,1323500656,,False,9,tgdataset_conspiracy_list
TiemposProfeticos1,1159820786,,False,9,tgdataset_conspiracy_list
tierraplana,1100584544,,False,9,tgdataset_conspiracy_list
TierraPlanaGeocentricos,1493555784,,False,9,tgdataset_conspiracy_list
tiffysbotschaften,1440257481,,False,9,tgdataset_conspiracy_list
tigerbambi1111,1240881540,,False,9,tgdataset_conspiracy_list
tiktoknews45,1539710436,,False,9,tgdataset_conspiracy_list
TimeTraveller17,1472092111,,False,9,tgdataset_conspiracy_list
TIMEWESTI,1434399042,,False,9,tgdataset_conspiracy_list
timkell,1362759638,,False,9,tgdataset_conspiracy_list
timmperativ,1440909155,,False,9,tgdataset_conspiracy_list
TimmsNews,1128503903,,False,9,tgdataset_conspiracy_list
timscomics,1467654184,,False,9,tgdataset_conspiracy_list
TinaRomdhaniKanal,1363357609,,False,9,tgdataset_conspiracy_list
tinder_dnevnik,1348704440,,False,9,tgdataset_conspiracy_list
tineretulsoarelui,1400739079,,False,9,tgdataset_conspiracy_list
TineTebo,1329623140,,False,9,tgdataset_conspiracy_list
tioneada,1440257829,,False,9,tgdataset_conspiracy_list
tipps_diy,1237687561,,False,9,tgdataset_conspiracy_list
TiraniaSanitaria,1775129056,,False,9,tgdataset_conspiracy_list
TJanco,1438399543,,False,9,tgdataset_conspiracy_list
tjiugigu,1480268344,,False,9,tgdataset_conspiracy_list
tktommy,1444263428,,False,9,tgdataset_conspiracy_list
TLS_SanskritBooks,1165536148,,False,9,tgdataset_conspiracy_list
TLV1_Ok,1176710398,,False,9,tgdataset_conspiracy_list
tmshort,1204991334,,False,9,tgdataset_conspiracy_list
tnnpublic,1022583993,,False,9,tgdataset_conspiracy_list
tnrussians,1381181480,,False,9,tgdataset_conspiracy_list
to4kazborki,1143933004,,False,9,tgdataset_conspiracy_list
to_resistance,1448178288,,False,9,tgdataset_conspiracy_list
toads_ink,1207651580,,False,9,tgdataset_conspiracy_list
tobiqq,1373461306,,False,9,tgdataset_conspiracy_list
TobyInfomiert,1478461239,,False,9,tgdataset_conspiracy_list
todaformadepoder,1471021851,,False,9,tgdataset_conspiracy_list
todaquantica,1412194514,,False,9,tgdataset_conspiracy_list
todayishared,1148528060,,False,9,tgdataset_conspiracy_list
todoparanormal,1003040904,,False,9,tgdataset_conspiracy_list
todoscontraaNOM,1240926490,,False,9,tgdataset_conspiracy_list
todosporlaverdad,1393527534,,False,9,tgdataset_conspiracy_list
tofogan,1031059088,,False,9,tgdataset_conspiracy_list
tofubunny,1258036489,,False,9,tgdataset_conspiracy_list
Tofunjoinit,1355817276,,False,9,tgdataset_conspiracy_list
tolauz,1295945156,,False,9,tgdataset_conspiracy_list
tolk_tolk,1371150343,,False,9,tgdataset_conspiracy_list
tolstota,1368434458,,False,9,tgdataset_conspiracy_list
tolzin,1387205397,,False,9,tgdataset_conspiracy_list
tomdabassman,1171960166,,False,9,tgdataset_conspiracy_list
tonibartl,1474854870,,False,9,tgdataset_conspiracy_list
tonyfat,1121778373,,False,9,tgdataset_conspiracy_list
tonyvenet,1448766028,,False,9,tgdataset_conspiracy_list
tools_for_truth,1366917765,,False,9,tgdataset_conspiracy_list
Top20radioMediCorona,1338178617,,False,9,tgdataset_conspiracy_list
Top20radioNews,1297500020,,False,9,tgdataset_conspiracy_list
top20radioRussland,1305510546,,False,9,tgdataset_conspiracy_list
top_pop,1088954395,,False,9,tgdataset_conspiracy_list
topkbr,1123383573,,False,9,tgdataset_conspiracy_list
topnews_at,1257868126,,False,9,tgdataset_conspiracy_list
topzoeiraOFC,1274008264,,False,9,tgdataset_conspiracy_list
torhispano,1062528094,,False,9,tgdataset_conspiracy_list
torsten_apitz,1225298598,,False,9,tgdataset_conspiracy_list
totalitarismosanitario,1180551103,,False,9,tgdataset_conspiracy_list
toukonotes,1359639441,,False,9,tgdataset_conspiracy_list
tovari_s_aliexpress,1116593092,,False,9,tgdataset_conspiracy_list
ToxicAncap,1147223127,,False,9,tgdataset_conspiracy_list
toxicopinion,1402808742,,False,9,tgdataset_conspiracy_list
tozhepolitolog,1333344669,,False,9,tgdataset_conspiracy_list
TP_Ley_Natural,1283223310,,False,9,tgdataset_conspiracy_list
TQLAMKNBRD,1284756760,,False,9,tgdataset_conspiracy_list
trade_talk_tech,1378360559,,False,9,tgdataset_conspiracy_list
Trader_Mike,1121999778,,False,9,tgdataset_conspiracy_list
traderating,1278759643,,False,9,tgdataset_conspiracy_list
tradicionviva,1193556666,,False,9,tgdataset_conspiracy_list
tradinggirl,1246137570,,False,9,tgdataset_conspiracy_list
Traditionalist,1134717481,,False,9,tgdataset_conspiracy_list
TradNacional,1549308666,,False,9,tgdataset_conspiracy_list
tradutores_patriotas,1446276688,,False,9,tgdataset_conspiracy_list
TRAID_SYSTEM,1401655087,,False,9,tgdataset_conspiracy_list
trans_alchemy,1232818995,,False,9,tgdataset_conspiracy_list
trans_coalition,1208595610,,False,9,tgdataset_conspiracy_list
transcendence_daily,1070396987,,False,9,tgdataset_conspiracy_list
transformacijasvijesti,1525184832,,False,9,tgdataset_conspiracy_list
transfrocificatx,1075118678,,False,9,tgdataset_conspiracy_list
Transinformation,1471337733,,False,9,tgdataset_conspiracy_list
trash_for_you,1373177898,,False,9,tgdataset_conspiracy_list
traterraecielo,1200996309,,False,9,tgdataset_conspiracy_list
Traugott11,1593861957,,False,9,tgdataset_conspiracy_list
TraugottIckerothLiveticker,1281001277,,False,9,tgdataset_conspiracy_list
traukeinempromioffiziell,1331796135,,False,9,tgdataset_conspiracy_list
TraumaFreeTV,1449236159,,False,9,tgdataset_conspiracy_list
trendriven,1228137477,,False,9,tgdataset_conspiracy_list
Tretii_Rim,1404139761,,False,9,tgdataset_conspiracy_list
treuenbrietzenwachtauf,1291766254,,False,9,tgdataset_conspiracy_list
treuezurheimat,1417751229,,False,9,tgdataset_conspiracy_list
Triada_oscura,1459200811,,False,9,tgdataset_conspiracy_list
tribeofpeace,1384815517,,False,9,tgdataset_conspiracy_list
triberezki,1365016695,,False,9,tgdataset_conspiracy_list
trikooba,1303184671,,False,9,tgdataset_conspiracy_list
TRINITYTV,1221536263,,False,9,tgdataset_conspiracy_list
tripmydream,1050649149,,False,9,tgdataset_conspiracy_list
tripwithbook,1294203768,,False,9,tgdataset_conspiracy_list
triskobki,1204679219,,False,9,tgdataset_conspiracy_list
TriumphderWahrheit,1403219306,,False,9,tgdataset_conspiracy_list
trombonedasaude,1451976494,,False,9,tgdataset_conspiracy_list
tronus717,1270734816,,False,9,tgdataset_conspiracy_list
trottasilvano,1481919204,,False,9,tgdataset_conspiracy_list
trsch,1014256158,,False,9,tgdataset_conspiracy_list
Trudes_Hexenhaus,1341237708,,False,9,tgdataset_conspiracy_list
TrudyETrue,1306404438,,False,9,tgdataset_conspiracy_list
true_secator,1385590013,,False,9,tgdataset_conspiracy_list
TrueLife18,1367831532,,False,9,tgdataset_conspiracy_list
TrueSecrets,1190745129,,False,9,tgdataset_conspiracy_list
truevalue,1074798115,,False,9,tgdataset_conspiracy_list
Trump17LiveNews,1401805894,,False,9,tgdataset_conspiracy_list
trumpandqdigitals,1462498219,,False,9,tgdataset_conspiracy_list
TrumpComesBack,1756858419,,False,9,tgdataset_conspiracy_list
Trumpcontrolelitenera,1358999011,,False,9,tgdataset_conspiracy_list
trumpiszionist,1536692834,,False,9,tgdataset_conspiracy_list
trumpolitics,1047730649,,False,9,tgdataset_conspiracy_list
Trumpworld,1306666631,,False,9,tgdataset_conspiracy_list
trustandlife,1371728540,,False,9,tgdataset_conspiracy_list
trustee_deals,1293764713,,False,9,tgdataset_conspiracy_list
truth4alll,1544043767,,False,9,tgdataset_conspiracy_list
truth_about_vaxx,1323346489,,False,9,tgdataset_conspiracy_list
truth_aggregator,1418299591,,False,9,tgdataset_conspiracy_list
truth_free,1258240986,,False,9,tgdataset_conspiracy_list
TrutherSpeicher,1382520619,,False,9,tgdataset_conspiracy_list
truthmonkey17,1419660114,,False,9,tgdataset_conspiracy_list
truthmotion,1330093012,,False,9,tgdataset_conspiracy_list
truthradar,1349776974,,False,9,tgdataset_conspiracy_list
truthwins2020,1372487287,,False,9,tgdataset_conspiracy_list
trve_kvlt_shitpostingg,1456800248,,False,9,tgdataset_conspiracy_list
try2escape,1349693336,,False,9,tgdataset_conspiracy_list
tsargradtv,1118507025,,False,9,tgdataset_conspiracy_list
tsarkrest,1183535083,,False,9,tgdataset_conspiracy_list
tselnozor,1408065204,,False,9,tgdataset_conspiracy_list
TsypkinHasBeenHackedagain,1148984297,,False,9,tgdataset_conspiracy_list
ttrcoin_com,1217404085,,False,9,tgdataset_conspiracy_list
ttsmr,1385946446,,False,9,tgdataset_conspiracy_list
tuchki,1122766055,,False,9,tgdataset_conspiracy_list
tudesvan,1498616722,,False,9,tgdataset_conspiracy_list
TudoEhEnergia_mygalaxy,1496593550,,False,9,tgdataset_conspiracy_list
Tuerme_Medien,1295133457,,False,9,tgdataset_conspiracy_list
tul_lcf,1359752040,,False,9,tgdataset_conspiracy_list
TuLipssssssssssss,1442801967,,False,9,tgdataset_conspiracy_list
turkeyabout,1089943450,,False,9,tgdataset_conspiracy_list
tuwentx,1341696597,,False,9,tgdataset_conspiracy_list
tvjihad,1011882481,,False,9,tgdataset_conspiracy_list
tvojarealnost,1380490028,,False,9,tgdataset_conspiracy_list
twbo20_21,1315689215,,False,9,tgdataset_conspiracy_list
twinstabookcom,1432194550,,False,9,tgdataset_conspiracy_list
twitter_Quds,1207148589,,False,9,tgdataset_conspiracy_list
two_btc,1121403348,,False,9,tgdataset_conspiracy_list
typical_astra,1170157382,,False,9,tgdataset_conspiracy_list
UA_MD_insaid,1420071192,,False,9,tgdataset_conspiracy_list
uawar2022,1590165750,,False,9,tgdataset_conspiracy_list
uchitel_risovanya,1070622903,,False,9,tgdataset_conspiracy_list
UdAxlV,1460197826,,False,9,tgdataset_conspiracy_list
udogrube,1473488218,,False,9,tgdataset_conspiracy_list
UdS_Heimat,1337873762,,False,9,tgdataset_conspiracy_list
ueberleg,1336091512,,False,9,tgdataset_conspiracy_list
Uffbasse_Suedpfalz,1296069403,,False,9,tgdataset_conspiracy_list
UFOCHANNEL_1,1181107140,,False,9,tgdataset_conspiracy_list
ufologist_ir,1105066640,,False,9,tgdataset_conspiracy_list
Ufos_und_Seltsames,1134767051,,False,9,tgdataset_conspiracy_list
UfosundLichtschiffe,1476153826,,False,9,tgdataset_conspiracy_list
ufovabo,1325492859,,False,9,tgdataset_conspiracy_list
ugniuskiguolis,1466422557,,False,9,tgdataset_conspiracy_list
ugolokdoctora,1172578802,,False,9,tgdataset_conspiracy_list
ugolokheitera,1340384811,,False,9,tgdataset_conspiracy_list
uhovlad33,1474483815,,False,9,tgdataset_conspiracy_list
ukolu_net,1239978512,,False,9,tgdataset_conspiracy_list
ukraina_ru,1175084215,,False,9,tgdataset_conspiracy_list
ukrainianIdentitarianism,1274275888,,False,9,tgdataset_conspiracy_list
Ukrainianintolerant,1393164699,,False,9,tgdataset_conspiracy_list
Ukrainianintolerantrezerv,1481313276,,False,9,tgdataset_conspiracy_list
ukrgc_ua,1344042380,,False,9,tgdataset_conspiracy_list
ukrtg,1087137739,,False,9,tgdataset_conspiracy_list
ukvali,1426706465,,False,9,tgdataset_conspiracy_list
UlejUA,1470581347,,False,9,tgdataset_conspiracy_list
UlliOma_Muc,1410868337,,False,9,tgdataset_conspiracy_list
UMBRASIL,1419408145,,False,9,tgdataset_conspiracy_list
UmDenk_Alchemie,1247764372,,False,9,tgdataset_conspiracy_list
UnabhaengigerInfokanal,1027306910,,False,9,tgdataset_conspiracy_list
UnabhaenigerGeschichtskanal,1047532359,,False,9,tgdataset_conspiracy_list
unam_sanctam,1371181778,,False,9,tgdataset_conspiracy_list
unbequemeWahrheit,1228943968,,False,9,tgdataset_conspiracy_list
Unbestechlicher,1373869296,,False,9,tgdataset_conspiracy_list
unblogd,1127888562,,False,9,tgdataset_conspiracy_list
UnchartedTV,1239317763,,False,9,tgdataset_conspiracy_list
unclesimone,1145828929,,False,9,tgdataset_conspiracy_list
uncomfortable_truth,1360700412,,False,9,tgdataset_conspiracy_list
uncut_news,1244077735,,False,9,tgdataset_conspiracy_list
UNCUTNEWS,1466082340,,False,9,tgdataset_conspiracy_list
uncutnewshungary,1393601738,,False,9,tgdataset_conspiracy_list
underthesoutherncross,1157834323,,False,9,tgdataset_conspiracy_list
underwoodless,1146032570,,False,9,tgdataset_conspiracy_list
ungeimpft,1478134480,,False,9,tgdataset_conspiracy_list
ungeteilt,1431890586,,False,9,tgdataset_conspiracy_list
UNIDOS_X_LA_VERDAD,1390280360,,False,9,tgdataset_conspiracy_list
unidosparaexponerlaverdad,1317765517,,False,9,tgdataset_conspiracy_list
unidosporlaverdad,1365608878,,False,9,tgdataset_conspiracy_list
UnidosPorLaVerdad10,1753554539,,False,9,tgdataset_conspiracy_list
unidosporlaverdadmundial,1508412665,,False,9,tgdataset_conspiracy_list
unidosporlaverdadQanonypatriotas,1412754436,,False,9,tgdataset_conspiracy_list
unidosporlibertad,1125520863,,False,9,tgdataset_conspiracy_list
UnidospQrChile,1413672007,,False,9,tgdataset_conspiracy_list
Unificado_BR,1489026127,,False,9,tgdataset_conspiracy_list
UnionCreactiva,1151969148,,False,9,tgdataset_conspiracy_list
unionDisidente,1495720173,,False,9,tgdataset_conspiracy_list
unionedipaceserena,1395298135,,False,9,tgdataset_conspiracy_list
UnionPatriotasEspPrepper,1259144522,,False,9,tgdataset_conspiracy_list
unionsouv,1763485252,,False,9,tgdataset_conspiracy_list
UniteAndRise,1322658074,,False,9,tgdataset_conspiracy_list
United_Patriots,1419591761,,False,9,tgdataset_conspiracy_list
UnitedArmenia,1421967499,,False,9,tgdataset_conspiracy_list
unityisraelnews,1151475967,,False,9,tgdataset_conspiracy_list
universellelichtquelle,1404833439,,False,9,tgdataset_conspiracy_list
unlimitedconsciousness,1399571160,,False,9,tgdataset_conspiracy_list
unn_neu,1274955607,,False,9,tgdataset_conspiracy_list
unrecht,1362059994,,False,9,tgdataset_conspiracy_list
Unregierbar,1355862145,,False,9,tgdataset_conspiracy_list
unserinfokanal,1151882685,,False,9,tgdataset_conspiracy_list
UnspeakableSecret,1692021661,,False,9,tgdataset_conspiracy_list
unstolengoods,1400855777,,False,9,tgdataset_conspiracy_list
untersbergspiritinfo,1354068184,,False,9,tgdataset_conspiracy_list
untersuchugsausschuss5G,1483698213,,False,9,tgdataset_conspiracy_list
unzensiert,1135812070,,False,9,tgdataset_conspiracy_list
UOCpip,1052749660,,False,9,tgdataset_conspiracy_list
UpdatesNederland,1370030887,,False,9,tgdataset_conspiracy_list
uralistica_com,1091846939,,False,9,tgdataset_conspiracy_list
urd_news,1286354881,,False,9,tgdataset_conspiracy_list
urheilkraftselbstheilung,1664655596,,False,9,tgdataset_conspiracy_list
Urlaub_Reisen_weltweit,1432942219,,False,9,tgdataset_conspiracy_list
URppp,1471382807,,False,9,tgdataset_conspiracy_list
URqqq,1345033952,,False,9,tgdataset_conspiracy_list
ursula_chalverat,1372255220,,False,9,tgdataset_conspiracy_list
US_REVIEW,1116486803,,False,9,tgdataset_conspiracy_list
usa100cks,1154838044,,False,9,tgdataset_conspiracy_list
usaigianpaolo,1422424501,,False,9,tgdataset_conspiracy_list
usaperiodical,1297608614,,False,9,tgdataset_conspiracy_list
USAPol2022,1426580161,,False,9,tgdataset_conspiracy_list
usedomispommeranis,1291418075,,False,9,tgdataset_conspiracy_list
usertrader3,1360201623,,False,9,tgdataset_conspiracy_list
useyoureyestoseethereal,1474899972,,False,9,tgdataset_conspiracy_list
uskillz,1200146923,,False,9,tgdataset_conspiracy_list
usrus2020,1384986490,,False,9,tgdataset_conspiracy_list
usstocksnews,1311171704,,False,9,tgdataset_conspiracy_list
UsyLukashenko,1227193726,,False,9,tgdataset_conspiracy_list
UtoFx,1170497228,,False,9,tgdataset_conspiracy_list
utopiyaproject,1410627234,,False,9,tgdataset_conspiracy_list
uxlive,1076919456,,False,9,tgdataset_conspiracy_list
Uyanis_Turkiye,1146140446,,False,9,tgdataset_conspiracy_list
uybrain,1481381179,,False,9,tgdataset_conspiracy_list
uyghur_jut,1326116680,,False,9,tgdataset_conspiracy_list
uzagromart,1188395155,,False,9,tgdataset_conspiracy_list
uzxdpmk,1030950770,,False,9,tgdataset_conspiracy_list
v_crypto,1365108960,,False,9,tgdataset_conspiracy_list
V_deVerdad,1227843036,,False,9,tgdataset_conspiracy_list
v_investments,1278400444,,False,9,tgdataset_conspiracy_list
v_ukrope,1252621141,,False,9,tgdataset_conspiracy_list
v_utushkin,1287349340,,False,9,tgdataset_conspiracy_list
vaccinatedq,1418176848,,False,9,tgdataset_conspiracy_list
vaccins,1354916911,,False,9,tgdataset_conspiracy_list
VacinaCovid19,1547276590,,False,9,tgdataset_conspiracy_list
vacinaseefeitoscolaterais,1315226824,,False,9,tgdataset_conspiracy_list
VacinasExperimentais,1557156068,,False,9,tgdataset_conspiracy_list
vacunac19,1468161296,,False,9,tgdataset_conspiracy_list
VACUNACIONvoluntaria,1323696001,,False,9,tgdataset_conspiracy_list
vacunas_en_perspectiva,1161884077,,False,9,tgdataset_conspiracy_list
vacunax,1266077724,,False,9,tgdataset_conspiracy_list
vadderlands,1389415870,,False,9,tgdataset_conspiracy_list
VadimMiami,1250061344,,False,9,tgdataset_conspiracy_list
vakense,1436706186,,False,9,tgdataset_conspiracy_list
valaithil,1243163828,,False,9,tgdataset_conspiracy_list
valentinbogdanov,1498260592,,False,9,tgdataset_conspiracy_list
valeriabernardo,1101376032,,False,9,tgdataset_conspiracy_list
valeriebugault,1399101926,,False,9,tgdataset_conspiracy_list
ValeroTalksTenerife,1201744018,,False,9,tgdataset_conspiracy_list
valientesdecorazon,1430984047,,False,9,tgdataset_conspiracy_list
Valkuera_Fabijenna,1353947649,,False,9,tgdataset_conspiracy_list
Valkyrie_real,1386063108,,False,9,tgdataset_conspiracy_list
van_tasya,1485600571,,False,9,tgdataset_conspiracy_list
Vande_Mataram_Jay_Hind,1492489123,,False,9,tgdataset_conspiracy_list
vanfrieden,1479401804,,False,9,tgdataset_conspiracy_list
vaporwaveita,1116925937,,False,9,tgdataset_conspiracy_list
Varzeshgahonline,1017651388,,False,9,tgdataset_conspiracy_list
vast_space_unexplored,1090872147,,False,9,tgdataset_conspiracy_list
vatfor,1057004251,,False,9,tgdataset_conspiracy_list
vatikanleaks,1359532211,,False,9,tgdataset_conspiracy_list
Vatniks,1034912140,,False,9,tgdataset_conspiracy_list
VatnyyLiberal,1428377758,,False,9,tgdataset_conspiracy_list
Vaxcovid,1242389271,,False,9,tgdataset_conspiracy_list
Vaxxed_GreatAwakenig,1377300688,,False,9,tgdataset_conspiracy_list
vcov19,1177002084,,False,9,tgdataset_conspiracy_list
vdagestan,1181384097,,False,9,tgdataset_conspiracy_list
vdar_avocat,1188712194,,False,9,tgdataset_conspiracy_list
VDgHSzELFZe4eiDL,1412958027,,False,9,tgdataset_conspiracy_list
vdprecherche,1243927872,,False,9,tgdataset_conspiracy_list
VE301GWn,1360697569,,False,9,tgdataset_conspiracy_list
vechernaya_karaganda,1230842463,,False,9,tgdataset_conspiracy_list
VeganicTareCk,1073691216,,False,9,tgdataset_conspiracy_list
veganunterhaltsam,1295996152,,False,9,tgdataset_conspiracy_list
vegenlove,1178681669,,False,9,tgdataset_conspiracy_list
VelikayaArmyanskayaImperiaNews,1432222867,,False,9,tgdataset_conspiracy_list
VelokorsoTeam100,1444582651,,False,9,tgdataset_conspiracy_list
venadoxlaverdad,1274571233,,False,9,tgdataset_conspiracy_list
venerevincera,1632456623,,False,9,tgdataset_conspiracy_list
verababicautorin,1471447396,,False,9,tgdataset_conspiracy_list
verbindediepunkte,1356469828,,False,9,tgdataset_conspiracy_list
VerborgenesWissen,1374513281,,False,9,tgdataset_conspiracy_list
VerborgeneWahrheit,1228104448,,False,9,tgdataset_conspiracy_list
verdadeagora,1236669930,,False,9,tgdataset_conspiracy_list
VerdadEnLibertad,1411462330,,False,9,tgdataset_conspiracy_list
Verdades_Ocultas,1483261826,,False,9,tgdataset_conspiracy_list
verdadesconectadas,1382113869,,False,9,tgdataset_conspiracy_list
Verdadescrudas,1365291615,,False,9,tgdataset_conspiracy_list
verdadesKMP,1333332684,,False,9,tgdataset_conspiracy_list
Verdadesofenden,1175593687,,False,9,tgdataset_conspiracy_list
Verdadesymentiras,1244843625,,False,9,tgdataset_conspiracy_list
verdadyrealidad,1425046030,,False,9,tgdataset_conspiracy_list
Vereinigt,1375824726,,False,9,tgdataset_conspiracy_list
vereinigteWahrheitsbewegung,1329549573,,False,9,tgdataset_conspiracy_list
verfassungsfreunde,1288348338,,False,9,tgdataset_conspiracy_list
veritasadevarulnecenzurat,1336681103,,False,9,tgdataset_conspiracy_list
veritasdemdeutschenvolk,1254473293,,False,9,tgdataset_conspiracy_list
vermoegen,1457315128,,False,9,tgdataset_conspiracy_list
vermoegensschutz,1474395950,,False,9,tgdataset_conspiracy_list
VEROCDSWELLNESS,1473610150,,False,9,tgdataset_conspiracy_list
veronikavictoria369,1133458199,,False,9,tgdataset_conspiracy_list
VerruecktesJahr202Q,1253142671,,False,9,tgdataset_conspiracy_list
verschwoerungstheorien1,1473446949,,False,9,tgdataset_conspiracy_list
versegglet,1463484797,,False,9,tgdataset_conspiracy_list
vershki,1058153123,,False,9,tgdataset_conspiracy_list
VersiaRu,1125996705,,False,9,tgdataset_conspiracy_list
VerstehenHandeln,1550668069,,False,9,tgdataset_conspiracy_list
veseloivechno,1379351123,,False,9,tgdataset_conspiracy_list
VesikaPiscisTv,1237403355,,False,9,tgdataset_conspiracy_list
vesparevenge,1071285402,,False,9,tgdataset_conspiracy_list
vestifinance_ru,1485436589,,False,9,tgdataset_conspiracy_list
VFMGS,1125144676,,False,9,tgdataset_conspiracy_list
vgolosa,1483144811,,False,9,tgdataset_conspiracy_list
VHXNO,1458577743,,False,9,tgdataset_conspiracy_list
viacheslav_trade,1452558623,,False,9,tgdataset_conspiracy_list
ViaNaturaAkademie,1241085976,,False,9,tgdataset_conspiracy_list
viciente_at,1443240979,,False,9,tgdataset_conspiracy_list
victimasvacuna,1371802673,,False,9,tgdataset_conspiracy_list
victoria_veritas,1371998758,,False,9,tgdataset_conspiracy_list
victoriaenlaluz,1540074100,,False,9,tgdataset_conspiracy_list
victoriascompass,1250244769,,False,9,tgdataset_conspiracy_list
VICTORYinYAHUSHA,1206159074,,False,9,tgdataset_conspiracy_list
victoryofthelight,1198024388,,False,9,tgdataset_conspiracy_list
Videobeweis,1424570631,,False,9,tgdataset_conspiracy_list
videocatolico,1077696710,,False,9,tgdataset_conspiracy_list
videocontrocorrente,1229265218,,False,9,tgdataset_conspiracy_list
videodump1,1246014340,,False,9,tgdataset_conspiracy_list
VideoFlux,1277573102,,False,9,tgdataset_conspiracy_list
videogebed,1315371561,,False,9,tgdataset_conspiracy_list
videogiochi_debug,1358157778,,False,9,tgdataset_conspiracy_list
videonetz,1304779407,,False,9,tgdataset_conspiracy_list
videos_subtitulados_covid,1452089885,,False,9,tgdataset_conspiracy_list
videoscobichosubtitulados,1469141571,,False,9,tgdataset_conspiracy_list
Videotequ,1352950028,,False,9,tgdataset_conspiracy_list
Videoteque,1437977099,,False,9,tgdataset_conspiracy_list
videothek303,1210625929,,False,9,tgdataset_conspiracy_list
vieningitevai,1292921515,,False,9,tgdataset_conspiracy_list
ViennaUndergroundAustria,1245578177,,False,9,tgdataset_conspiracy_list
VIINOV2020,1282214904,,False,9,tgdataset_conspiracy_list
vimanadark,1560816874,,False,9,tgdataset_conspiracy_list
vincitomniaveritas84,1481940699,,False,9,tgdataset_conspiracy_list
viralizar,1338209046,,False,9,tgdataset_conspiracy_list
vireninfo,1236276254,,False,9,tgdataset_conspiracy_list
virtualbrestnews,1479891080,,False,9,tgdataset_conspiracy_list
virus_chino,1333357592,,False,9,tgdataset_conspiracy_list
Virus_Info,1411972537,,False,9,tgdataset_conspiracy_list
viruswaanzin,1294007757,,False,9,tgdataset_conspiracy_list
Visconskin,1458260773,,False,9,tgdataset_conspiracy_list
vision_neues_zeitalter,1458083544,,False,9,tgdataset_conspiracy_list
VisionFreiheitMensch,1313897595,,False,9,tgdataset_conspiracy_list
visota_in_crimea,1374983530,,False,9,tgdataset_conspiracy_list
vitaltalkoffiziell,1214627239,,False,9,tgdataset_conspiracy_list
vitaminsyasi,1114163998,,False,9,tgdataset_conspiracy_list
vitrina2252,1180517935,,False,9,tgdataset_conspiracy_list
vityzeva,1450141660,,False,9,tgdataset_conspiracy_list
vivencia11,1445108716,,False,9,tgdataset_conspiracy_list
viversaniefelici,1455859771,,False,9,tgdataset_conspiracy_list
Vivoterra,1366529589,,False,9,tgdataset_conspiracy_list
vivrecorrectement,1329496829,,False,9,tgdataset_conspiracy_list
vivrelibrefr,1516270242,,False,9,tgdataset_conspiracy_list
vkehila,1492306615,,False,9,tgdataset_conspiracy_list
vladfreedomevolve,1247505429,,False,9,tgdataset_conspiracy_list
VladimirKarasyov,1260244849,,False,9,tgdataset_conspiracy_list
vladivostok1978,1119276671,,False,9,tgdataset_conspiracy_list
VlastinLive,1411671258,,False,9,tgdataset_conspiracy_list
VLBG_Blick,1396979712,,False,9,tgdataset_conspiracy_list
vmalberlin,1301314945,,False,9,tgdataset_conspiracy_list
vmalberlinallgemein,1485275148,,False,9,tgdataset_conspiracy_list
VMZK2021,1483294367,,False,9,tgdataset_conspiracy_list
vMzMBocksaga,1457145960,,False,9,tgdataset_conspiracy_list
vMzMDATEN,1152085892,,False,9,tgdataset_conspiracy_list
vMzMMKUltraBloodlines,1225348016,,False,9,tgdataset_conspiracy_list
vMzMVrilNeuSchwabenland,1278739664,,False,9,tgdataset_conspiracy_list
vnikogde,1417481965,,False,9,tgdataset_conspiracy_list
VociDallaStrada,1334686834,,False,9,tgdataset_conspiracy_list
voenzhur,1140549834,,False,9,tgdataset_conspiracy_list
vogelperspektive2,1314791451,,False,9,tgdataset_conspiracy_list
voice_daily,1073946559,,False,9,tgdataset_conspiracy_list
vokrug_uz,1452039558,,False,9,tgdataset_conspiracy_list
volchads,1203251782,,False,9,tgdataset_conspiracy_list
volf66613,1379628006,,False,9,tgdataset_conspiracy_list
VolkischSlava,1194374739,,False,9,tgdataset_conspiracy_list
volkiskleinewelt,1435768145,,False,9,tgdataset_conspiracy_list
Volksbefreiung,1216924989,,False,9,tgdataset_conspiracy_list
VolksentscheidMF,1210813975,,False,9,tgdataset_conspiracy_list
Volkslehrer,1188150186,,False,9,tgdataset_conspiracy_list
Volksmund,1466613824,,False,9,tgdataset_conspiracy_list
volkswohl,1269310698,,False,9,tgdataset_conspiracy_list
vollekannetrost,1165710837,,False,9,tgdataset_conspiracy_list
vollkommeneGeometrie,1464183613,,False,9,tgdataset_conspiracy_list
volmemes,1439749762,,False,9,tgdataset_conspiracy_list
vologda_on_line,1420332273,,False,9,tgdataset_conspiracy_list
voluntasoficial,1601543524,,False,9,tgdataset_conspiracy_list
volynmemes,1478439728,,False,9,tgdataset_conspiracy_list
volz_byhar,1406604649,,False,9,tgdataset_conspiracy_list
VonAllemEtwas369,1433193788,,False,9,tgdataset_conspiracy_list
vonmenschzumensch,1400324439,,False,9,tgdataset_conspiracy_list
voorpost,1119716827,,False,9,tgdataset_conspiracy_list
VorAusDenker,1230090710,,False,9,tgdataset_conspiracy_list
voronakorona,1259225187,,False,9,tgdataset_conspiracy_list
voskoboinikovaleksandr,1328305742,,False,9,tgdataset_conspiracy_list
vozdelalma,1167538251,,False,9,tgdataset_conspiracy_list
VozDisidente88DN,1169300640,,False,9,tgdataset_conspiracy_list
vozrozhdenie,1469361903,,False,9,tgdataset_conspiracy_list
vp010,1326339910,,False,9,tgdataset_conspiracy_list
Vratskiy,1495047972,,False,9,tgdataset_conspiracy_list
vrogov,1472178916,,False,9,tgdataset_conspiracy_list
vse_novosti_mira,1197017706,,False,9,tgdataset_conspiracy_list
vsemirnaya_pravda,1345547413,,False,9,tgdataset_conspiracy_list
vsepro_autizm,1209334930,,False,9,tgdataset_conspiracy_list
vShkliarov,1494251216,,False,9,tgdataset_conspiracy_list
VstalVodichki,1107235668,,False,9,tgdataset_conspiracy_list
vtelezhke,1055248238,,False,9,tgdataset_conspiracy_list
vtmbbaby,1320834998,,False,9,tgdataset_conspiracy_list
vtzabel,1486150179,,False,9,tgdataset_conspiracy_list
vvfidel,1148801742,,False,9,tgdataset_conspiracy_list
vvincvvv,1285311726,,False,9,tgdataset_conspiracy_list
vvinfoFR,1404085720,,False,9,tgdataset_conspiracy_list
vybora,1086890597,,False,9,tgdataset_conspiracy_list
vyborka,1131850469,,False,9,tgdataset_conspiracy_list
vyshinkv,1480477661,,False,9,tgdataset_conspiracy_list
vyshynski,1355923917,,False,9,tgdataset_conspiracy_list
vysokygovorit,1263569229,,False,9,tgdataset_conspiracy_list
vzglyad_ru,1114515244,,False,9,tgdataset_conspiracy_list
vzlomayrealnost,1283683796,,False,9,tgdataset_conspiracy_list
w2tha,1357959772,,False,9,tgdataset_conspiracy_list
wachauf,1290000443,,False,9,tgdataset_conspiracy_list
wachaufTV,1221136709,,False,9,tgdataset_conspiracy_list
WachesAuge,1292106261,,False,9,tgdataset_conspiracy_list
wachimwesten,1428193072,,False,9,tgdataset_conspiracy_list
WAFwehrtsich,1289189355,,False,9,tgdataset_conspiracy_list
wagschale,1474985645,,False,9,tgdataset_conspiracy_list
wahre_freiheit,1481312645,,False,9,tgdataset_conspiracy_list
WahreHistorie,1418688957,,False,9,tgdataset_conspiracy_list
wahreOffenbarung,1482585801,,False,9,tgdataset_conspiracy_list
Wahrheit2,1177199728,,False,9,tgdataset_conspiracy_list
Wahrheit_17,1369256178,,False,9,tgdataset_conspiracy_list
Wahrheit_macht_frei,1498724192,,False,9,tgdataset_conspiracy_list
WAHRHEIT_S_F_B,1431711843,,False,9,tgdataset_conspiracy_list
WAHRHEIT_S_W,1400826600,,False,9,tgdataset_conspiracy_list
WahrheitdurchFakten,1367382321,,False,9,tgdataset_conspiracy_list
Wahrheitenorg,1075021693,,False,9,tgdataset_conspiracy_list
WahrheitErkenntnisManipulation,1437178169,,False,9,tgdataset_conspiracy_list
wahrheitfuerfreiemenschen,1290257787,,False,9,tgdataset_conspiracy_list
wahrheitgerechtigkeit,1484115685,,False,9,tgdataset_conspiracy_list
wahrheitoderwahnsinn,1404325338,,False,9,tgdataset_conspiracy_list
Wahrheitsfinder2Q2Q,1457324197,,False,9,tgdataset_conspiracy_list
Wahrheitsgehalt,1426960096,,False,9,tgdataset_conspiracy_list
wahrheitsliebe,1434300648,,False,9,tgdataset_conspiracy_list
wahrheitsrauschtv,1409534609,,False,9,tgdataset_conspiracy_list
Wahrheitssuchend,1425311207,,False,9,tgdataset_conspiracy_list
wahrheitstraeumer,1220715723,,False,9,tgdataset_conspiracy_list
wahrheitundfrieden,1279486478,,False,9,tgdataset_conspiracy_list
wahrheitundklarheit,1188211792,,False,9,tgdataset_conspiracy_list
WahrheitUngefiltert,1344069696,,False,9,tgdataset_conspiracy_list
wahrundgut,1493950315,,False,9,tgdataset_conspiracy_list
wake_up_kanal,1182665162,,False,9,tgdataset_conspiracy_list
wakeupknews,1488854939,,False,9,tgdataset_conspiracy_list
wakeupswitzerland,1361647833,,False,9,tgdataset_conspiracy_list
wakeupterra,1307585287,,False,9,tgdataset_conspiracy_list
wakkeren,1320118997,,False,9,tgdataset_conspiracy_list
wakkermedia,1446822343,,False,9,tgdataset_conspiracy_list
wal_meeting,1173902444,,False,9,tgdataset_conspiracy_list
WaldgangAlbdruck,1221245253,,False,9,tgdataset_conspiracy_list
Waldorfpaedagogen,1424522874,,False,9,tgdataset_conspiracy_list
walk2freedomHannover,1306368191,,False,9,tgdataset_conspiracy_list
walkingcrow1,1578669694,,False,9,tgdataset_conspiracy_list
WalliHeilerinderneuenZeit,1585211002,,False,9,tgdataset_conspiracy_list
WanderleyOliveiracanal,1181768492,,False,9,tgdataset_conspiracy_list
WarDonbass,1248668939,,False,9,tgdataset_conspiracy_list
wargonzo,1135021433,,False,9,tgdataset_conspiracy_list
warjournaltg,1144404150,,False,9,tgdataset_conspiracy_list
warriaz,1331593257,,False,9,tgdataset_conspiracy_list
was_geht_vor,1235929262,,False,9,tgdataset_conspiracy_list
was_wir_wissen_sollten,1417736356,,False,9,tgdataset_conspiracy_list
wassermatrixinfo,1366536724,,False,9,tgdataset_conspiracy_list
waswenn8,1332263335,,False,9,tgdataset_conspiracy_list
waternixe,1224202202,,False,9,tgdataset_conspiracy_list
wbgermany,1470335263,,False,9,tgdataset_conspiracy_list
wcposting,1230198383,,False,9,tgdataset_conspiracy_list
wdchur,1194337193,,False,9,tgdataset_conspiracy_list
WE_R_FREE,1217716282,,False,9,tgdataset_conspiracy_list
WeActLive,1368851240,,False,9,tgdataset_conspiracy_list
WeAre17A_Sky,1401421538,,False,9,tgdataset_conspiracy_list
wearechange_eu_ru,1454067507,,False,9,tgdataset_conspiracy_list
weareonepeople,1159592977,,False,9,tgdataset_conspiracy_list
weareright,1257331836,,False,9,tgdataset_conspiracy_list
wearethepeopleinourworld,1312306156,,False,9,tgdataset_conspiracy_list
webamoozir,1014833787,,False,9,tgdataset_conspiracy_list
webcheen,1018926619,,False,9,tgdataset_conspiracy_list
webtrip,1296856195,,False,9,tgdataset_conspiracy_list
wedaelysia,1417072926,,False,9,tgdataset_conspiracy_list
wedefkr,1191718206,,False,9,tgdataset_conspiracy_list
weden_asatru_kanal,1444623354,,False,9,tgdataset_conspiracy_list
WedenLeben,1151367008,,False,9,tgdataset_conspiracy_list
wedischewelt,1389801956,,False,9,tgdataset_conspiracy_list
weedmeadow,1037272246,,False,9,tgdataset_conspiracy_list
wefgreatreset,1262787493,,False,9,tgdataset_conspiracy_list
wegedeserwachens,1303001668,,False,9,tgdataset_conspiracy_list
WegeZurFreiheit,1347508525,,False,9,tgdataset_conspiracy_list
wegmitdemSystem,1357894557,,False,9,tgdataset_conspiracy_list
weilwirgoettinnensind,1242185556,,False,9,tgdataset_conspiracy_list
weirdvideos,1239884399,,False,9,tgdataset_conspiracy_list
weissesarmband,1340193197,,False,9,tgdataset_conspiracy_list
weisstduschon,1167973260,,False,9,tgdataset_conspiracy_list
weit_blick,1219123397,,False,9,tgdataset_conspiracy_list
Wek_ru,1355577557,,False,9,tgdataset_conspiracy_list
welawfashion,1262120356,,False,9,tgdataset_conspiracy_list
welovetruth,1187746433,,False,9,tgdataset_conspiracy_list
weltdergesundheitTV,1407170411,,False,9,tgdataset_conspiracy_list
weltenmorgen,1454251789,,False,9,tgdataset_conspiracy_list
Weltenumbruch2020,1443860025,,False,9,tgdataset_conspiracy_list
weltfreiheit2021,1480338431,,False,9,tgdataset_conspiracy_list
weltfrieden_20202021,1261045476,,False,9,tgdataset_conspiracy_list
weltwandelkanal,1275570312,,False,9,tgdataset_conspiracy_list
Weltweitnetz,1458961364,,False,9,tgdataset_conspiracy_list
weltwissen_schaffen_erhalten,1298497368,,False,9,tgdataset_conspiracy_list
WeltxxxErwacht,1342060135,,False,9,tgdataset_conspiracy_list
wende2019,1316270592,,False,9,tgdataset_conspiracy_list
WendezeitHannover,1360096538,,False,9,tgdataset_conspiracy_list
WertAkzeptanz,1473988364,,False,9,tgdataset_conspiracy_list
werwiewaswannwowarum,1157837125,,False,9,tgdataset_conspiracy_list
WesentlichLichtwesen,1233309163,,False,9,tgdataset_conspiracy_list
western_truth,1371512420,,False,9,tgdataset_conspiracy_list
WesterwaldUnzensiert,1368093076,,False,9,tgdataset_conspiracy_list
WestFernsehen2Q21,1305373036,,False,9,tgdataset_conspiracy_list
Westfernsehen_1984,1154519941,,False,9,tgdataset_conspiracy_list
WethePeopleGermany,1439441796,,False,9,tgdataset_conspiracy_list
WetteradlerEnergieprodukte,1101277166,,False,9,tgdataset_conspiracy_list
WetteradlerKanal,1306076053,,False,9,tgdataset_conspiracy_list
WeWillBeFree,1372547996,,False,9,tgdataset_conspiracy_list
wewillneverbeslaves,1178310249,,False,9,tgdataset_conspiracy_list
wfox14_banned,1198458056,,False,9,tgdataset_conspiracy_list
Wga1234,1251336470,,False,9,tgdataset_conspiracy_list
whalesasian,1103000190,,False,9,tgdataset_conspiracy_list
whalesgohigh,1046190784,,False,9,tgdataset_conspiracy_list
whatarewecreating,1423811295,,False,9,tgdataset_conspiracy_list
WhatDontYouLoveUsAnymore,1379677000,,False,9,tgdataset_conspiracy_list
whatisthatsound,1188106671,,False,9,tgdataset_conspiracy_list
whatonearthishappening2,1166876167,,False,9,tgdataset_conspiracy_list
WhatsAppZuTelegram,1464706404,,False,9,tgdataset_conspiracy_list
whiswh,1173579028,,False,9,tgdataset_conspiracy_list
white_device,1280571604,,False,9,tgdataset_conspiracy_list
whitechristiansoccidente,1276186014,,False,9,tgdataset_conspiracy_list
whitefilin,1174286758,,False,9,tgdataset_conspiracy_list
whiteguards,1070199061,,False,9,tgdataset_conspiracy_list
whiteguardua_polit,1227139317,,False,9,tgdataset_conspiracy_list
whitehats_channel,1269245959,,False,9,tgdataset_conspiracy_list
WhiteHouseCards,1094054752,,False,9,tgdataset_conspiracy_list
whiteroses2021,1415100999,,False,9,tgdataset_conspiracy_list
Whyhet,1489739031,,False,9,tgdataset_conspiracy_list
whynationsfail2019,1216091019,,False,9,tgdataset_conspiracy_list
wichinieski82,1155101589,,False,9,tgdataset_conspiracy_list
wichtigenewsundlinks,1487705295,,False,9,tgdataset_conspiracy_list
Widerstand100,1200009909,,False,9,tgdataset_conspiracy_list
Widerstand4_0,1447363254,,False,9,tgdataset_conspiracy_list
widerstand_JL,1771145202,,False,9,tgdataset_conspiracy_list
widerstandFBade,1470335203,,False,9,tgdataset_conspiracy_list
widerstandsbewegung,1339906059,,False,9,tgdataset_conspiracy_list
WIDERSTANDSKANAL,1403744476,,False,9,tgdataset_conspiracy_list
Widerstandsnachrichten,1287464173,,False,9,tgdataset_conspiracy_list
Wie_Bitte_Echt_Jetzt,1281423447,,False,9,tgdataset_conspiracy_list
wienberlin,1356195427,,False,9,tgdataset_conspiracy_list
Wiesollesweitergehen,1342541285,,False,9,tgdataset_conspiracy_list
wievielesindwirwirklich,1453206186,,False,9,tgdataset_conspiracy_list
wiewarswirklich,1169372290,,False,9,tgdataset_conspiracy_list
Wiggerl_DL,1455459808,,False,9,tgdataset_conspiracy_list
wiklichmental,1460390350,,False,9,tgdataset_conspiracy_list
wildfield,1128326204,,False,9,tgdataset_conspiracy_list
wildnisschulewaldkauz,1312877821,,False,9,tgdataset_conspiracy_list
willbedone,1090152064,,False,9,tgdataset_conspiracy_list
WillemPetzerA,1472395077,,False,9,tgdataset_conspiracy_list
willkommenimseinkanal,1248531686,,False,9,tgdataset_conspiracy_list
WilmchenSturkopf,1256603676,,False,9,tgdataset_conspiracy_list
wim4u,1422252982,,False,9,tgdataset_conspiracy_list
win_win_channel,1346148731,,False,9,tgdataset_conspiracy_list
windofchange20,1300936543,,False,9,tgdataset_conspiracy_list
windseasonhk,1129544982,,False,9,tgdataset_conspiracy_list
WineAndFood,1094559372,,False,9,tgdataset_conspiracy_list
wingsofliberty2021,1226382482,,False,9,tgdataset_conspiracy_list
winstondigital,1373639809,,False,9,tgdataset_conspiracy_list
WIR2020_offiziell,1416925516,,False,9,tgdataset_conspiracy_list
wir_leben_bildungsfreiheit_jetzt,1301243866,,False,9,tgdataset_conspiracy_list
wir_machenauf,1142968121,,False,9,tgdataset_conspiracy_list
wir_noi,1212156571,,False,9,tgdataset_conspiracy_list
wir_schaffendas,1315085027,,False,9,tgdataset_conspiracy_list
wir_sind_liebe_7,1256219105,,False,9,tgdataset_conspiracy_list
wirbleibendeutsch,1214814988,,False,9,tgdataset_conspiracy_list
WirBrauchenEuchNichtMehr,1365482804,,False,9,tgdataset_conspiracy_list
wirdieNachrichten,1348007844,,False,9,tgdataset_conspiracy_list
wirgemeinsam,1159009370,,False,9,tgdataset_conspiracy_list
WirGemeinsamFuerUnsereHeimat,1439215615,,False,9,tgdataset_conspiracy_list
wirhaltenzusammen17,1389386398,,False,9,tgdataset_conspiracy_list
WirImHierUndJetzt,1441616959,,False,9,tgdataset_conspiracy_list
wirinlandsberg,1287566667,,False,9,tgdataset_conspiracy_list
wirinmv,1268190764,,False,9,tgdataset_conspiracy_list
wirkingerorakel,1466391060,,False,9,tgdataset_conspiracy_list
wirmachenauf_de,1464656565,,False,9,tgdataset_conspiracy_list
wirparteiinfo,1227381701,,False,9,tgdataset_conspiracy_list
wirschaffendass,1455354289,,False,9,tgdataset_conspiracy_list
WirSinDasVolk,1329643599,,False,9,tgdataset_conspiracy_list
wirsindeinegrossefamilie,1302346378,,False,9,tgdataset_conspiracy_list
wirsindfrei,1376099421,,False,9,tgdataset_conspiracy_list
WirSindMenschen,1495536828,,False,9,tgdataset_conspiracy_list
Wirsindviele2021,1283638093,,False,9,tgdataset_conspiracy_list
wirsindvielmehr,1264132952,,False,9,tgdataset_conspiracy_list
WirStehenAuf,1281160308,,False,9,tgdataset_conspiracy_list
wirStehenAuf_OE,1407410990,,False,9,tgdataset_conspiracy_list
wirtschafstcrash2020,1334679294,,False,9,tgdataset_conspiracy_list
wirwerdenbelogen,1156350007,,False,9,tgdataset_conspiracy_list
wisiger64,1305215430,,False,9,tgdataset_conspiracy_list
wisir,1183520851,,False,9,tgdataset_conspiracy_list
Wissen,1101819845,,False,9,tgdataset_conspiracy_list
wissen_gesundheit,1497192059,,False,9,tgdataset_conspiracy_list
Wissen_ist_Macht_Archiv_Sammlung,1384829466,,False,9,tgdataset_conspiracy_list
Wissen_ist_Macht_OWL,1283735711,,False,9,tgdataset_conspiracy_list
wissenistmacht1,1305577127,,False,9,tgdataset_conspiracy_list
WissenMachtTelegram,1253540537,,False,9,tgdataset_conspiracy_list
Wissens_Wert,1431621911,,False,9,tgdataset_conspiracy_list
WissenSchafftFreiheit,1254255743,,False,9,tgdataset_conspiracy_list
wissenseffekt,1264328543,,False,9,tgdataset_conspiracy_list
WissensManufaktur,1485567899,,False,9,tgdataset_conspiracy_list
Wissensmanufaktur1,1167959099,,False,9,tgdataset_conspiracy_list
Wissenswerteinformation,1491985374,,False,9,tgdataset_conspiracy_list
wissentswert,1274020718,,False,9,tgdataset_conspiracy_list
witch_of_the_forest,1296803388,,False,9,tgdataset_conspiracy_list
wittenbergnetz,1660986230,,False,9,tgdataset_conspiracy_list
WiVViCA,1482781126,,False,9,tgdataset_conspiracy_list
Wms_Info,1434139004,,False,9,tgdataset_conspiracy_list
Wobbus,1089515781,,False,9,tgdataset_conspiracy_list
wohlan,1180299436,,False,9,tgdataset_conspiracy_list
WOLFES00,1434388048,,False,9,tgdataset_conspiracy_list
WolfgangWodarg,1402093595,,False,9,tgdataset_conspiracy_list
wolltemalfragen,1480921677,,False,9,tgdataset_conspiracy_list
Wombel_Kunst,1236214105,,False,9,tgdataset_conspiracy_list
wonderwomen_news,1200662110,,False,9,tgdataset_conspiracy_list
wordsofarchitecture,1011444108,,False,9,tgdataset_conspiracy_list
WordWideRally,1189653215,,False,9,tgdataset_conspiracy_list
world_observation,1288777898,,False,9,tgdataset_conspiracy_list
world_puzzle,1785317863,,False,9,tgdataset_conspiracy_list
WorldConflict,1440359875,,False,9,tgdataset_conspiracy_list
worldmilitarynews,1393007697,,False,9,tgdataset_conspiracy_list
WorldNews17Q,1166564094,,False,9,tgdataset_conspiracy_list
WorldNews2Q2Q,1335080016,,False,9,tgdataset_conspiracy_list
WorldTruth17,1187850059,,False,9,tgdataset_conspiracy_list
worldwiderallybrasil,1187457891,,False,9,tgdataset_conspiracy_list
worldwideriodejaneiro,1285114965,,False,9,tgdataset_conspiracy_list
WOW_FIRE,1384891785,,False,9,tgdataset_conspiracy_list
wp_ns,1308346439,,False,9,tgdataset_conspiracy_list
WritersDigest,1066881149,,False,9,tgdataset_conspiracy_list
WriteWhatsRight,1394442736,,False,9,tgdataset_conspiracy_list
wrongtech,1128680232,,False,9,tgdataset_conspiracy_list
ws20le,1223702833,,False,9,tgdataset_conspiracy_list
WSEYARUSI,1493852061,,False,9,tgdataset_conspiracy_list
wtch_pic,1184413130,,False,9,tgdataset_conspiracy_list
WTF1_3,1432537551,,False,9,tgdataset_conspiracy_list
wu78z,1137223625,,False,9,tgdataset_conspiracy_list
WuerdefuerTierundMensch,1212832227,,False,9,tgdataset_conspiracy_list
wurzelwerk_gp,1494406719,,False,9,tgdataset_conspiracy_list
wwdmontesclaros,1539333958,,False,9,tgdataset_conspiracy_list
WWG1WGA_anons,1326289982,,False,9,tgdataset_conspiracy_list
WWG1WGAITALIA,1230027595,,False,9,tgdataset_conspiracy_list
wwg1wgaTurk,1196131645,,False,9,tgdataset_conspiracy_list
WWG1WGAWORLDWIDE,1234886150,,False,9,tgdataset_conspiracy_list
www_irismed_ir,1063430441,,False,9,tgdataset_conspiracy_list
wwwAurelianRO,1375059932,,False,9,tgdataset_conspiracy_list
x_files_history,1332572569,,False,9,tgdataset_conspiracy_list
Xavier_Naidoo,1284455740,,False,9,tgdataset_conspiracy_list
XAVIEReQuipoMISION,1212361103,,False,9,tgdataset_conspiracy_list
XAVIERLIBRES,1433020100,,False,9,tgdataset_conspiracy_list
XEDLB,1264977631,,False,9,tgdataset_conspiracy_list
xendart,1333517599,,False,9,tgdataset_conspiracy_list
xj_pan,1425567513,,False,9,tgdataset_conspiracy_list
xknsoul,1158207192,,False,9,tgdataset_conspiracy_list
xntelegramfuerx,1151247209,,False,9,tgdataset_conspiracy_list
XPOHOC_BPEMEHi,1332952114,,False,9,tgdataset_conspiracy_list
XSB_iqtisod,1207335298,,False,9,tgdataset_conspiracy_list
xtinedeviersjoncour,1689208978,,False,9,tgdataset_conspiracy_list
xuyanet,1141073901,,False,9,tgdataset_conspiracy_list
Yahushua_ist_der_Weg,1284284080,,False,9,tgdataset_conspiracy_list
yambatmusli,1494011970,,False,9,tgdataset_conspiracy_list
yaumamki,1497326411,,False,9,tgdataset_conspiracy_list
YaZeYgneten,1495158659,,False,9,tgdataset_conspiracy_list
yctaxy,1073686451,,False,9,tgdataset_conspiracy_list
yekenghelabi,1040672875,,False,9,tgdataset_conspiracy_list
yekhezaran,1054666812,,False,9,tgdataset_conspiracy_list
yelenanikitskaya,1325073164,,False,9,tgdataset_conspiracy_list
yellowpappers,1364523247,,False,9,tgdataset_conspiracy_list
yes0wecan,1332217040,,False,9,tgdataset_conspiracy_list
yes_we_can_do_it,1105047587,,False,9,tgdataset_conspiracy_list
ygblog,1312751896,,False,9,tgdataset_conspiracy_list
YGDRASOUL,1488884091,,False,9,tgdataset_conspiracy_list
yo_nomevacuno,1479948973,,False,9,tgdataset_conspiracy_list
yogavital_spirit_goodies_tools,1187007452,,False,9,tgdataset_conspiracy_list
Yoicenet2,1396866923,,False,9,tgdataset_conspiracy_list
yoklmnekmakarek,1476175040,,False,9,tgdataset_conspiracy_list
yolka_books,1278879249,,False,9,tgdataset_conspiracy_list
yonkainc,1465828451,,False,9,tgdataset_conspiracy_list
YoSoyHera,1086694797,,False,9,tgdataset_conspiracy_list
YouLyingDogFacedPonySoldier,1158053980,,False,9,tgdataset_conspiracy_list
YouTubek,1227603792,,False,9,tgdataset_conspiracy_list
YouTubeZensurfrei,1244309017,,False,9,tgdataset_conspiracy_list
yshitpost,1403544604,,False,9,tgdataset_conspiracy_list
ysterplig,1567142418,,False,9,tgdataset_conspiracy_list
yurasumy,1478765631,,False,9,tgdataset_conspiracy_list
YvonnedaSilva,1352686394,,False,9,tgdataset_conspiracy_list
z_elnosor,1325425998,,False,9,tgdataset_conspiracy_list
z_podpolie,1425331270,,False,9,tgdataset_conspiracy_list
za72ru,1120535012,,False,9,tgdataset_conspiracy_list
za_Belarus_lubimuyu,1269121373,,False,9,tgdataset_conspiracy_list
zabaykal_news,1454753065,,False,9,tgdataset_conspiracy_list
zabaykalom,1233169301,,False,9,tgdataset_conspiracy_list
zaBelarusWithLukashenko,1179535127,,False,9,tgdataset_conspiracy_list
zaborona_com,1188426589,,False,9,tgdataset_conspiracy_list
zadrotpop,1318944290,,False,9,tgdataset_conspiracy_list
zagovoriskusstvamemi,1483281902,,False,9,tgdataset_conspiracy_list
ZahnaerzteStehenAuf,1332476933,,False,9,tgdataset_conspiracy_list
zaklad4ikvzone,1226533999,,False,9,tgdataset_conspiracy_list
Zaman2814,1368011665,,False,9,tgdataset_conspiracy_list
zamerch,1192985259,,False,9,tgdataset_conspiracy_list
zamin_takht,1053642735,,False,9,tgdataset_conspiracy_list
ZanistHojan,1075994715,,False,9,tgdataset_conspiracy_list
zanozadv,1321373651,,False,9,tgdataset_conspiracy_list
zanupu,1121656606,,False,9,tgdataset_conspiracy_list
zapekanka30,1323368779,,False,9,tgdataset_conspiracy_list
zapiski_rezidenta,1465457295,,False,9,tgdataset_conspiracy_list
zapiskimurmanchanki,1197547885,,False,9,tgdataset_conspiracy_list
ZAROnews,1488240892,,False,9,tgdataset_conspiracy_list
zashmot,1344300300,,False,9,tgdataset_conspiracy_list
Zauber_des_Herzens,1318096936,,False,9,tgdataset_conspiracy_list
Zaunreiternews,1057548889,,False,9,tgdataset_conspiracy_list
zavavoice,1489154608,,False,9,tgdataset_conspiracy_list
zavtracast,1006225886,,False,9,tgdataset_conspiracy_list
Zayac_shitposts,1389296713,,False,9,tgdataset_conspiracy_list
zdorovoepitanye,1243900809,,False,9,tgdataset_conspiracy_list
zdrowieTMEpl,1291340932,,False,9,tgdataset_conspiracy_list
zehnmin,1348866013,,False,9,tgdataset_conspiracy_list
zeigmirdeinlaechelnmuenchen,1252388272,,False,9,tgdataset_conspiracy_list
Zeit_fuer_kLAHRheit,1170944885,,False,9,tgdataset_conspiracy_list
zeitaufzuwachen,1467517794,,False,9,tgdataset_conspiracy_list
zeitenwandler,1478532420,,False,9,tgdataset_conspiracy_list
ZEITENWENDE_LYF,1432114880,,False,9,tgdataset_conspiracy_list
ZeitfuerBewusstsein,1268511600,,False,9,tgdataset_conspiracy_list
ZeitGeistNews1,1159364959,,False,9,tgdataset_conspiracy_list
zeitgeistprintonline,1165893331,,False,9,tgdataset_conspiracy_list
zeitzeuge1,1454610210,,False,9,tgdataset_conspiracy_list
zeitzumaufwache,1340284848,,False,9,tgdataset_conspiracy_list
Zellfreiheit,1390733548,,False,9,tgdataset_conspiracy_list
zemlja_nika,1471064520,,False,9,tgdataset_conspiracy_list
zenitvorhangauf,1314623186,,False,9,tgdataset_conspiracy_list
zentropa_ukraine,1208914202,,False,9,tgdataset_conspiracy_list
zequinha2021,1426807426,,False,9,tgdataset_conspiracy_list
zerbstspaziert,1161339720,,False,9,tgdataset_conspiracy_list
ZerstoerungDerNWO,1410999673,,False,9,tgdataset_conspiracy_list
zgvirus,1495452750,,False,9,tgdataset_conspiracy_list
zhabotinsky,1214860849,,False,9,tgdataset_conspiracy_list
Zhatva2030,1204819896,,False,9,tgdataset_conspiracy_list
zheleznoe_pero,1131949279,,False,9,tgdataset_conspiracy_list
zhengnianxiansheng,1166691246,,False,9,tgdataset_conspiracy_list
zhujuan2018,1316172032,,False,9,tgdataset_conspiracy_list
zimorodok_ukr,1332883177,,False,9,tgdataset_conspiracy_list
zimovskyAL,1102223767,,False,9,tgdataset_conspiracy_list
zloyecolog,1322643815,,False,9,tgdataset_conspiracy_list
zloyodessit,1439575591,,False,9,tgdataset_conspiracy_list
ZmogusAntanasZemaitis,1283760029,,False,9,tgdataset_conspiracy_list
znachit_net,1079904535,,False,9,tgdataset_conspiracy_list
ZnakiZelenaTara,1487802446,,False,9,tgdataset_conspiracy_list
znaniye_sila,1254955828,,False,9,tgdataset_conspiracy_list
ZograsLiveRU,1354454230,,False,9,tgdataset_conspiracy_list
Zohour_I12,1052079549,,False,9,tgdataset_conspiracy_list
zombaktales,1366335505,,False,9,tgdataset_conspiracy_list
ZOMBES,1114874399,,False,9,tgdataset_conspiracy_list
zoopark_bytiya,1244122925,,False,9,tgdataset_conspiracy_list
zorut,1076718220,,False,9,tgdataset_conspiracy_list
zovnaroda,1494066989,,False,9,tgdataset_conspiracy_list
zprilepin,1115196370,,False,9,tgdataset_conspiracy_list
zpzdc,1161506645,,False,9,tgdataset_conspiracy_list
zsm20datencenter,1215821838,,False,9,tgdataset_conspiracy_list
zubleo,1227291558,,False,9,tgdataset_conspiracy_list
ZukunftArminiusGerma,1483609562,,False,9,tgdataset_conspiracy_list
zukunftsfabrik,1403724914,,False,9,tgdataset_conspiracy_list
Zukunftstechnologien,1195564592,,False,9,tgdataset_conspiracy_list
zurueckzumselbst,1208186991,,False,9,tgdataset_conspiracy_list
zusaAktuell,1248258940,,False,9,tgdataset_conspiracy_list
zvezda_morey,1021168876,,False,9,tgdataset_conspiracy_list
zvezda_polyn,1156939505,,False,9,tgdataset_conspiracy_list
ZweiteDeutscheWelle,1269828868,,False,9,tgdataset_conspiracy_list
Zwischenablage,1324517046,,False,9,tgdataset_conspiracy_list
zwischenmenschlich,1294248527,,False,9,tgdataset_conspiracy_list
