username,status,kind,title,subscribers,members,last_post,posts_7d,posts_30d,tme_links,description,http,checked_at
a1933production,alive,channel,a1933production,83,,2024-11-03T15:13:12+00:00,0,0,,,200,2026-10-06T09:02:53+00:00
AbsoluteBritain,empty_page,,,,,,,,,"If you have  Telegram , you can contact  @AbsoluteBritain  right away.",200,2026-10-06T09:02:57+00:00
AdolfLitler,empty_page,,,,,,,,,"If you have  Telegram , you can contact  @AdolfLitler  right away.",200,2026-10-06T09:03:00+00:00
Allpilled,empty_page,,,,,,,,,"If you have  Telegram , you can contact  @Allpilled  right away.",200,2026-10-06T09:03:02+00:00
AmericanKrogan,alive,channel,American Krogan,3270,,2024-02-01T19:12:47+00:00,0,0,,https://bio.link/americankrogan,200,2026-10-06T09:03:05+00:00
anamgael,empty_page,,,,,,,,,"If you have  Telegram , you can contact  @anamgael  right away.",200,2026-10-06T09:03:08+00:00
anfomhartelegram,empty_page,,,,,,,,,"If you have  Telegram , you can contact  @anfomhartelegram  right away.",200,2026-10-06T09:03:11+00:00
AngelwaffenCREW3,alive,channel_no_preview,😇AW-3😇The Legend lives on👻,69,,,,,,Home of the Southern Redneck Aryan Queen💅⚡⚡,200,2026-10-06T09:03:13+00:00
Anglomania,alive,channel_no_preview,Conservative Revolution,350,,,,,,Conservative revolutionary: A revolution from the right,200,2026-10-06T09:03:16+00:00
ANSP_Action,empty_page,,,,,,,,,"If you have  Telegram , you can contact  @ANSP_Action  right away.",200,2026-10-06T09:03:19+00:00
AntiComunistCrew,empty_page,,,,,,,,,"If you have  Telegram , you can contact  @AntiComunistCrew  right away.",200,2026-10-06T09:03:22+00:00
AntifaAllstars,alive,channel,Antifa Allstars,279,,2022-12-18T20:03:22+00:00,0,0,AntifascistAllstars NaziReportBot,"☆ ᴡᴇ ᴀʀᴇ ꜰɪɢʜᴛɪɴɢ ᴀɢᴀɪɴsᴛ ɪɴᴊᴜsᴛɪᴄᴇ ᴀɴᴅ ɪɴᴇǫᴜᴀʟɪᴛʏ ʙᴜᴛ, ᴍᴏsᴛ ᴏꜰ ᴀʟʟ, ᴡᴇ ᴡᴀɴᴛ ᴛᴏ ʟɪᴠᴇ ᴡᴇʟʟ ᴀɴᴅ ꜰʀᴇᴇ ! ☆  ꜰᴏʀᴜᴍ:   🔗    @AntifascistAllstars  ʀᴇᴘᴏʀᴛ ᴀ ɴᴀᴢɪ:   🔗    @NaziReportBot",200,2026-10-06T09:03:24+00:00
AntifaPublicWatch,alive,channel,Antifa Public Watch ( Anti-Antifa ),4790,,2026-03-26T19:59:53+00:00,0,0,,We are against those that call themselves ANTIFA who use the name as a smoke screen to shut do shut down free speech,200,2026-10-06T09:03:27+00:00
antiwhites,alive,channel_no_preview,White Hate,285,,,,,,Against White people and the degeneracies and diseases that they spread.,200,2026-10-06T09:03:30+00:00
archivecat,alive,channel,The Archive cat,92,,2026-09-01T23:08:28+00:00,0,0,,"This channel is host to a lot of things regarding JQ , redpills , etc. An archive of sorts , enjoy",200,2026-10-06T09:03:33+00:00
AryanPrinz,empty_page,,,,,,,,,"If you have  Telegram , you can contact  @AryanPrinz  right away.",200,2026-10-06T09:03:36+00:00
AryanRising,alive,channel_no_preview,Aryan Rising,10,,,,,AryanRising,"🟣 Join this Chan 🟣        @AryanRising   White Aryan intellect, interests of a variety of subjects.  #Aryan #AryanFaith #WhiteUnity #WhiteCulture #WhiteFamily #WhiteHeritage #European",200,2026-10-06T09:03:38+00:00
auschwitztruth,alive,channel_no_preview,Auschwitz Truth,2971,,,,,,Yad Vashem photos show daily life in the German concentration camps during WWII was comfortable. Inmates worked. They had leisure activities and entertainment. Allied bombing of rail and road lines starved the camps in 1945 & led to typhus deaths.,200,2026-10-06T09:03:41+00:00
basededucation,empty_page,,,,,,,,,"If you have  Telegram , you can contact  @basededucation  right away.",200,2026-10-06T09:03:43+00:00
BasedHankHill,alive,channel_no_preview,Based Hank Hill,27,,,,,,"Straight outta Arlen, opening an Alamo sized can of whoop ass on all Communists! I'll tell you what, hail Victory! ⚡⚡",200,2026-10-06T09:03:46+00:00
basedireland,empty_page,,,,,,,,,"If you have  Telegram , you can contact  @basedireland  right away.",200,2026-10-06T09:03:49+00:00
basedruski2,empty_page,,,,,,,,,"If you have  Telegram , you can contact  @basedruski2  right away.",200,2026-10-06T09:03:51+00:00
BCBackToBasics,empty_page,,,,,,,,,"If you have  Telegram , you can contact  @BCBackToBasics  right away.",200,2026-10-06T09:03:54+00:00
beadymanor,empty_page,,,,,,,,,"If you have  Telegram , you can contact  @beadymanor  right away.",200,2026-10-06T09:03:57+00:00
BillCooperFollower,empty_page,,,,,,,,,"If you have  Telegram , you can contact  @BillCooperFollower  right away.",200,2026-10-06T09:03:59+00:00
BitChute_Aktivisten,alive,channel,Aktivisten in BitChute - YouTube schafft sich ab!,258,,2024-06-24T23:34:51+00:00,0,0,BitChute,Hier werden die Videos erst recht geteilt!   - DetlefF - Digitaler Chronist - Frank Kraemer - Gerhard Wisnewski - Heiko Schrang - Kai aus Hannover - Martin Sellner - Oliver Janich - UNBLOGD - Volkslehrer  Informationen in Englisch  @BitChute,200,2026-10-06T09:04:02+00:00
BitterBreadAndWine,alive,channel,Bitter Bread and Wine by The FolkSchool Network,152,,2021-05-26T15:03:10+00:00,0,0,,"The diversity file, for posterity.",200,2026-10-06T09:04:05+00:00
BLMglobal,alive,channel_no_preview,BLMglobal,306,,,,,BLMglobal4,Help us fight white racism and black oppression by donating via bitcoin   1MumJSzPKbrjTFcs691C7FrXDyMXVVbrdt  backup channel  @BLMglobal4,200,2026-10-06T09:04:08+00:00
boomerwafden,empty_page,,,,,,,,,"If you have  Telegram , you can contact  @boomerwafden  right away.",200,2026-10-06T09:04:10+00:00
bowlingalone,empty_page,,,,,,,,,"If you have  Telegram , you can contact  @bowlingalone  right away.",200,2026-10-06T09:04:13+00:00
brexitwaffen,alive,channel_no_preview,The Brexitwaffen Division,33,,,,,,Mosley pilled shitposting and esoteric racism.  Our admins are not responsible for your homosexual activities.,200,2026-10-06T09:04:16+00:00
BrianoflondonTalks,alive,channel,Dr Brian of London   🇮🇱,320,,2026-07-14T17:12:39+00:00,0,0,,Brian of London,200,2026-10-06T09:04:19+00:00
Celtiqued101,empty_page,,,,,,,,,"If you have  Telegram , you can contact  @Celtiqued101  right away.",200,2026-10-06T09:04:23+00:00
Cesspool,empty_page,,,,,,,,,"If you have  Telegram , you can contact  @Cesspool  right away.",200,2026-10-06T09:04:25+00:00
Charles_Calthrops,alive,channel_no_preview,The Rock of Dun Eiden. The Guardian of the Anglosphere North.,2,,,,,,Ethnic Scotsman born in Rhodesia. And now back home and Shining a light on the creatures of the Night.,200,2026-10-06T09:04:28+00:00
chileanshitposts,alive,channel_no_preview,Chile/pol/ station 🇨🇱,154,,,,,ChannelCollection,Chilean shitposting More channels in  @ChannelCollection  🇬🇧EN/ES🇨🇱,200,2026-10-06T09:04:31+00:00
ChristReich,empty_page,,,,,,,,,"If you have  Telegram , you can contact  @ChristReich  right away.",200,2026-10-06T09:04:35+00:00
CifutProblematik,empty_page,,,,,,,,,"If you have  Telegram , you can contact  @CifutProblematik  right away.",200,2026-10-06T09:04:38+00:00
cis_white_male,empty_page,,,,,,,,,"If you have  Telegram , you can contact  @cis_white_male  right away.",200,2026-10-06T09:04:41+00:00
CLuncensored,alive,channel_no_preview,counter left uncensored,601,,,,,,Israeli Alliance Fan Club,200,2026-10-06T09:04:44+00:00
CommunistLibrary,empty_page,,,,,,,,,"If you have  Telegram , you can contact  @CommunistLibrary  right away.",200,2026-10-06T09:04:47+00:00
conquistagoy,alive,channel_no_preview,Conquistagoy,68,,,,,,,200,2026-10-06T09:04:50+00:00
conservativeharmony,empty_page,,,,,,,,,"If you have  Telegram , you can contact  @conservativeharmony  right away.",200,2026-10-06T09:04:55+00:00
cousinofsleeps,empty_page,,,,,,,,,"If you have  Telegram , you can contact  @cousinofsleeps  right away.",200,2026-10-06T09:04:57+00:00
Cr0Magnon1215,empty_page,,,,,,,,,"If you have  Telegram , you can contact  @Cr0Magnon1215  right away.",200,2026-10-06T09:05:00+00:00
CritiquedIreland,alive,channel_no_preview,Critiqued,175,,,,,,"Ethnic Irish Identity, Nationalism, Culture, Politics.",200,2026-10-06T09:05:03+00:00
CulturalExile14,alive,channel,CulturalExile,64,,2025-10-21T16:17:29+00:00,0,0,ChannelCollection,Member of  @ChannelCollection,200,2026-10-06T09:05:06+00:00
cummunistturbo,alive,channel,Cummunist Propaganda ☭,1260,,2026-08-12T04:28:31+00:00,0,0,CommunistPact,"Be gay, do crimes, and meme at a dying world. (member of  @CommunistPact )",200,2026-10-06T09:05:11+00:00
dailyredpill,alive,channel,Your daily catloaf,222,,2022-06-29T10:30:33+00:00,0,0,,Posts in english.,200,2026-10-06T09:05:15+00:00
danerikssonSE,alive,channel,Dan Eriksson (Vårdkasen),1050,,2026-10-05T19:17:27+00:00,14,20,,Father | Writer | Analyst | Podcaster | Organizer    🇸🇪    www.daneriksson.com    🇬🇧    english.daneriksson.com,200,2026-10-06T09:05:18+00:00
dank_maymays,alive,channel,Dank MayMays,90,,2025-04-02T00:48:01+00:00,0,0,,Reddit Sux,200,2026-10-06T09:05:21+00:00
darrylrevok,empty_page,,,,,,,,,"If you have  Telegram , you can contact  @darrylrevok  right away.",200,2026-10-06T09:05:24+00:00
datapac,empty_page,,,,,,,,,"If you have  Telegram , you can contact  @datapac  right away.",200,2026-10-06T09:05:27+00:00
DAVEYTRUMPNEWS,alive,channel_no_preview,DAVEY TRUMP!! 🇬🇧🏴󠁧󠁢󠁥󠁮󠁧󠁿,179,,,,,,CRAZY VIDS OF THE CRAZY LEFT!!,200,2026-10-06T09:05:30+00:00
DeepEcology,empty_page,,,,,,,,,"If you have  Telegram , you can contact  @DeepEcology  right away.",200,2026-10-06T09:05:33+00:00
DerVPN,alive,channel_no_preview,Based Der Fuhrer,1055,,,,,,"We post funny, interesting and cool shit. Old Hitler and Nazi videos along with Breaking News as well. We dont claim any rights to the videos shared. For entertainment and educational purposes only. We do not make any money from this page!",200,2026-10-06T09:05:35+00:00
DestoryTheSoy,alive,channel,Destroy The Soy,638,,2026-09-09T20:13:34+00:00,0,1,,"I wondered why the ball was getting bigger, And then; it hit me.   Silly seriousness only.   #WeAreWhoWeAre",200,2026-10-06T09:05:38+00:00
dextrospeaks,alive,channel_no_preview,LucasSanga~Free Speech Corner,2,,,,,,A space for free thought and discussion,200,2026-10-06T09:05:40+00:00
DickbuttMemes,alive,group,Dickbutt Kitchen,,23,,,,,,200,2026-10-06T09:05:43+00:00
DissidentAction,empty_page,,,,,,,,,"If you have  Telegram , you can contact  @DissidentAction  right away.",200,2026-10-06T09:05:46+00:00
diversityisastrength,empty_page,,,,,,,,,"If you have  Telegram , you can contact  @diversityisastrength  right away.",200,2026-10-06T09:05:48+00:00
diversitymachtfrei,alive,channel_no_preview,DiversityMachtFrei,102,,,,,,,200,2026-10-06T09:05:51+00:00
DogeSpeaks,empty_page,,,,,,,,,"If you have  Telegram , you can contact  @DogeSpeaks  right away.",200,2026-10-06T09:05:53+00:00
DOPSA18,empty_page,,,,,,,,,"If you have  Telegram , you can contact  @DOPSA18  right away.",200,2026-10-06T09:05:56+00:00
EAHAWhite,alive,channel,European Historical Society,404,,2026-09-10T01:38:23+00:00,0,1,EAHAWhite,"European American Association (EAA). Men of European descent coming together to preserve their heritage, race, and nation.  https://t.me/EAHAWhite/1616",200,2026-10-06T09:05:58+00:00
EarthlingCarl,alive,channel_no_preview,Earthling Carl,1234,,,,,,Official Telegram for Earthling Carl YouTube channel  Gab - Gab.com/EarthlingCarl  BitChute - https://www.bitchute.com/channel/r1XT0kIngGZt/,200,2026-10-06T09:06:01+00:00
econazi,empty_page,,,,,,,,,"If you have  Telegram , you can contact  @econazi  right away.",200,2026-10-06T09:06:04+00:00
edmundmartyr,alive,channel,Martyr's Deep Mag!,6,,2020-03-18T18:58:48+00:00,0,0,,"Edmund Martyr's Deep Mag, where the 'HE Ammo' is stored for future firing againt enemy nonsense!",200,2026-10-06T09:06:07+00:00
ELPjq,alive,channel_no_preview,ELP: The JQ (NSFW),90,,,,,ELPgroupchat,"Ethos Logos Pathos sub category channel dedicated to taking a serious look at the Jewish Question Warning, content in this channel does not shy away from criticism of jews as a group. Discussion in  @ELPgroupchat",200,2026-10-06T09:06:10+00:00
EmilyYoucis,alive,channel_no_preview,Emily Youcis,3190,,,,,,The Official Video Archive of Emily Youcis,200,2026-10-06T09:06:12+00:00
emperorillustratumable,alive,channel_no_preview,illustratumable,119,,,,,,I used to be a Roman Emporer or something | 🤡 🌎 Marcus Aurelius lives on,200,2026-10-06T09:06:15+00:00
etnostra,alive,channel,Europa Terra Nostra,1740,,2026-10-03T07:39:05+00:00,1,5,,"Bringing European Nationalists together. Europe is our home, and we will defend her until our last breath. Be a part of the new Reconquista, join Europa Terra Nostra today  https://www.etnostra.com",200,2026-10-06T09:06:18+00:00
EwigeWahrheiten,empty_page,,,,,,,,,"If you have  Telegram , you can contact  @EwigeWahrheiten  right away.",200,2026-10-06T09:06:21+00:00
ExposedNose,alive,channel_no_preview,The Uncomfortable Truth,822,,,,,,The Inconvenient Reality,200,2026-10-06T09:06:23+00:00
ExposeTheNose,empty_page,,,,,,,,,"If you have  Telegram , you can contact  @ExposeTheNose  right away.",200,2026-10-06T09:06:26+00:00
exposingculturalmarxism,empty_page,,,,,,,,,"If you have  Telegram , you can contact  @exposingculturalmarxism  right away.",200,2026-10-06T09:06:28+00:00
FascistActionComingThrough,empty_page,,,,,,,,,"If you have  Telegram , you can contact  @FascistActionComingThrough  right away.",200,2026-10-06T09:06:31+00:00
fash1848,empty_page,,,,,,,,,"If you have  Telegram , you can contact  @fash1848  right away.",200,2026-10-06T09:06:34+00:00
fashwave3,alive,channel,Fashwave   🌞,4920,,2026-10-04T16:46:30+00:00,1,3,,,200,2026-10-06T09:06:36+00:00
fashwave6,empty_page,,,,,,,,,"If you have  Telegram , you can contact  @fashwave6  right away.",200,2026-10-06T09:06:39+00:00
FBG420,alive,channel_no_preview,Gamer Bunker,30,,,,,,I am a gamer I have read Mein Kampf I dislike dark people and nose people (In minecraft),200,2026-10-06T09:06:42+00:00
FJCruisers,alive,channel_no_preview,Toyota FJ Cruisers,4,,,,,,,200,2026-10-06T09:06:44+00:00
FK_DivisionOFFICIAL,empty_page,,,,,,,,,"If you have  Telegram , you can contact  @FK_DivisionOFFICIAL  right away.",200,2026-10-06T09:06:47+00:00
FlorianHomm,alive,channel,Florian Homm und andere - Benachrichtigungen Channel,2580,,2026-10-06T05:48:37+00:00,10,14,,In diesem Channel gibt es Inhalte von Florian Homm und andere sehenswerte Inhalte. Support-Channel. (Offizieller Kanal:  https://www.youtube.com/@FlorianHommOfficial ),200,2026-10-06T09:06:50+00:00
frankefrederick,alive,channel,Frederick Frankenstein,,,2022-06-12T18:24:44+00:00,0,0,FrankeFrederick,What the left is doing! creating a monster... > > Twitter:  @FrankeFrederick,200,2026-10-06T09:06:52+00:00
Fuhr33,empty_page,,,,,,,,,"If you have  Telegram , you can contact  @Fuhr33  right away.",200,2026-10-06T09:06:55+00:00
gay_trans_agenda,alive,channel_no_preview,Gay Trans P**ophile Agenda,1893,,,,,randomanonch1 randomanonchannel_bot randommeetingpoint,Channel to expose the Gay/Trasgender/P**ophile agenda promoted by Jews.  Main channel: t.me/randomanonch1 Regroup channel: t.me/randommeetingpoint Admin bot: t.me/randomanonchannel_bot,200,2026-10-06T09:06:57+00:00
GDL4LIFE,alive,channel_no_preview,GoyimTV.com,5624,,,,,GTVUNC,"GoyimTV.TV ""Naming the JEW is what we do"" GTV Archive 1: https://t.me/GTVUNC GoyimTV Archive 2: GTV Stickers & Flyers:",200,2026-10-06T09:07:00+00:00
gearmurphy,empty_page,,,,,,,,,"If you have  Telegram , you can view posts by  @gearmurphy  right away.",200,2026-10-06T09:07:04+00:00
gentlybenevolent,empty_page,,,,,,,,,"If you have  Telegram , you can contact  @gentlybenevolent  right away.",200,2026-10-06T09:07:07+00:00
genxny,alive,channel_no_preview,GenX NY,39,,,,,,,200,2026-10-06T09:07:10+00:00
glynntone,empty_page,,,,,,,,,"If you have  Telegram , you can contact  @glynntone  right away.",200,2026-10-06T09:07:12+00:00
GoodGoyim,empty_page,,,,,,,,,"If you have  Telegram , you can contact  @GoodGoyim  right away.",200,2026-10-06T09:07:15+00:00
GoyimNewsNetwork,empty_page,,,,,,,,,"If you have  Telegram , you can contact  @GoyimNewsNetwork  right away.",200,2026-10-06T09:07:18+00:00
greentextshitposting,alive,channel_no_preview,Christian Greentext Coalposting,3463,,,,,,Penis,200,2026-10-06T09:07:21+00:00
guidetokulchur,alive,channel,GTK Radio (Guide to Kulchur),4850,,2026-10-05T18:52:00+00:00,4,11,,GTK Radio:  gtkradio.com   Donate:  gtkradio.com/donate   Links:  https://bio.link/guidetokulchur,200,2026-10-06T09:07:23+00:00
HandsomeTruth,alive,channel_no_preview,👎 DOWN THUMBING 👎 JEWISH ✡️ PROPAGANDA,582,,,,,,,200,2026-10-06T09:07:27+00:00
hapaperspective,alive,channel,HapaPerspective   🇺🇸,3120,,2026-10-06T03:40:39+00:00,20,20,thehapaperspective,"A wicked Hapa of the West, for the West. We must reclaim America.  If you like my work, please consider buying me a cup of coffee:  buymeacoffee.com/HapaPerspective   If you want to direct message me:  @thehapaperspective",200,2026-10-06T09:07:29+00:00
HateFacts,alive,channel_no_preview,HATE FACTS,6177,,,,,,Follow us on Odysee: https://odysee.com/@HateFacts:b  Follow us on GAB here: https://gab.com/HateFactsOfficial  The opinions expressed by us are exaggerated for the purpose of satire and entertainment.,200,2026-10-06T09:07:32+00:00
herewegooooo,empty_page,,,,,,,,,"If you have  Telegram , you can contact  @herewegooooo  right away.",200,2026-10-06T09:07:35+00:00
hiddentruthvideos,alive,channel_no_preview,Hidden Truth,21086,,,,,,Backup channel: https://t.me/+OGQmIUF0vRxhYzcx  This channel houses a collection of old films and censored videos. It's recommended you watch Europa: The Last Battle. Check pinned message for Europa and the channel Hub.,200,2026-10-06T09:07:37+00:00
HistoryClearinghouse,alive,channel,History Clearinghouse   📜,2130,,2026-10-05T22:20:53+00:00,15,15,,"Real history has been subverted & hidden.  This channel features articles & sources that right the wrongs. The ancients & their descendants fought & lived, fought & died  Wishing you well in this day  Reclaim the world they left you, help spread the word",200,2026-10-06T09:07:40+00:00
hitl999,empty_page,,,,,,,,,"If you have  Telegram , you can contact  @hitl999  right away.",200,2026-10-06T09:07:43+00:00
holocaustliesexposed,alive,channel_no_preview,Holocaust Lies Exposed,1511,,,,,TheBunkerGate,Unofficial mirror of https://www.bitchute.com/channel/9EVMKBtR18V5. Updated biweekly.  Channels:  @TheBunkerGate  XMR: 85eb8TT9C5BAJnTno4ws6LEyAN4BB26NXWcX4r4G7U6D9ZmwgCLBvnsSPqETdX4Njo2mw9m5LwBiQdTgwr32Fhq3VQhEusW,200,2026-10-06T09:07:46+00:00
HoloHoax3,alive,channel_no_preview,HoloHoax : TyphusCaust,287,,,,,,"Proving the Holocaust was a Hoax, & that 296,081 German WW2 War camp inmates died (in total) of Typhus. Less than half of which were Jews.",200,2026-10-06T09:07:49+00:00
holohoax_memes1,alive,channel_no_preview,Holohoax Memes and Info,1039,,,,,joinchat randomanonch1 randomanonchannel_bot randommeetingpoint,Channel to post Holohoax memes and related information.  Old: t.me/joinchat/Uk7EkaTmBBuyTbOG  Main channel: t.me/randomanonch1 Regroup channel: t.me/randommeetingpoint Admin bot: t.me/randomanonchannel_bot,200,2026-10-06T09:07:52+00:00
hoolahaaan,empty_page,,,,,,,,,"If you have  Telegram , you can contact  @hoolahaaan  right away.",200,2026-10-06T09:07:55+00:00
HUGOSFAVORITE,empty_page,,,,,,,,,"If you have  Telegram , you can contact  @HUGOSFAVORITE  right away.",200,2026-10-06T09:07:58+00:00
hulkhogangroyp,empty_page,,,,,,,,,"If you have  Telegram , you can contact  @hulkhogangroyp  right away.",200,2026-10-06T09:08:00+00:00
huxvhrhi465434,empty_page,,,,,,,,,"If you have  Telegram , you can contact  @huxvhrhi465434  right away.",200,2026-10-06T09:08:04+00:00
huzzar,empty_page,,,,,,,,,"If you have  Telegram , you can contact  @huzzar  right away.",200,2026-10-06T09:08:07+00:00
I_Love_Hate_Speech,alive,channel_no_preview,I LOVE HATE SPEECH,425,,,,,,Hate is Love & Love is hating Niggers,200,2026-10-06T09:08:09+00:00
infoandshit,empty_page,,,,,,,,,"If you have  Telegram , you can contact  @infoandshit  right away.",200,2026-10-06T09:08:12+00:00
InfoRelayDepot,alive,channel_no_preview,Relay Info Depot,50,,,,,,"*Vid Bot Included, /a before putting the link gives you the audio version of a vid* A Place to Forward from other groups to again Mass Forward from this channel,  ask  to be added as Admin In this channel",200,2026-10-06T09:08:15+00:00
internationalblackshirts,empty_page,,,,,,,,,"If you have  Telegram , you can contact  @internationalblackshirts  right away.",200,2026-10-06T09:08:18+00:00
InternetRe,empty_page,,,,,,,,,"If you have  Telegram , you can contact  @InternetRe  right away.",200,2026-10-06T09:08:20+00:00
invictusmaneo2077,alive,channel_no_preview,Punished Dissident ☠️ (Late Stage Canada Edition),2063,,,,,,"The collapse isn't coming, it's here.  Izanamis Boundless Horizon Art https://ko-fi.com/invictusmaneo2077",200,2026-10-06T09:08:23+00:00
IrelandsWoes,alive,channel_no_preview,Irelands Woes 🇮🇪,2587,,,,,,"We need to scrap the 100,000 welcomes lads!",200,2026-10-06T09:08:46+00:00
irishpatriots,alive,channel,Irish Patriots,2300,,2026-10-04T17:55:30+00:00,1,5,channelcollection,Irish Nationalist channel  @channelcollection,200,2026-10-06T09:08:48+00:00
IRISHREBELLION,empty_page,,,,,,,,,"If you have  Telegram , you can contact  @IRISHREBELLION  right away.",200,2026-10-06T09:08:51+00:00
ItsOkayToBeWhiteAndRight,alive,channel,It's Okay To be White.,92,,2022-03-06T09:17:59+00:00,0,0,,No other description is needed!,200,2026-10-06T09:08:54+00:00
ivor_cummins,empty_page,,,,,,,,,"If you have  Telegram , you can contact  @ivor_cummins  right away.",200,2026-10-06T09:08:57+00:00
JESUS_warned_us_about_THEM1,empty_page,,,,,,,,,"If you have  Telegram , you can contact  @JESUS_warned_us_about_THEM1  right away.",200,2026-10-06T09:09:00+00:00
Jewicide,alive,channel_no_preview,💥 Jewicide 🔥,11,,,,,,,200,2026-10-06T09:09:03+00:00
jeworldodor,empty_page,,,,,,,,,"If you have  Telegram , you can contact  @jeworldodor  right away.",200,2026-10-06T09:09:05+00:00
joggersjog,alive,channel_no_preview,Joggers,9,,,,,,for the love of Jogging,200,2026-10-06T09:09:08+00:00
johnchap8,alive,channel_no_preview,John Chapter 8,24,,,,,,"Our Lord & Savior Jesus Christ declared that the jews who refused to recognize Him as the Messiah were NOT the Chosen of God, nor are they the sons of Abraham's blessings! They are the lying, murderous children of the devil and they do work of satan!",200,2026-10-06T09:09:10+00:00
JQanonheadquarters,alive,channel_no_preview,JQanon,33,,,,,,Powered by OMTO OccidentalTemplars.com,200,2026-10-06T09:09:14+00:00
justwhitegoyimthings,alive,channel_no_preview,Just white goyim things (sectarian violence meta-narratives) CENSORED BY JEWS,768,,,,,,"#growfood Tiktok videos, YouTube videos, autistic memes, conspiracy theories, music, forwarded messages and posts from other channels and growing food.  Welcome!  https://youtu.be/ZAn3JdtSrnY  https://youtu.be/dGUlluHZ92A https://youtu.be/yAv5pLO37mE",200,2026-10-06T09:09:17+00:00
KatoMemesmith,alive,channel_no_preview,KATO (SUB TO @KATOKAOSKVLT),352,,,,,KATOKAOSKVLT,"Both Google and Apple are fucking the channel, so go sub to the new one  @KATOKAOSKVLT",200,2026-10-06T09:09:19+00:00
keith_woods,alive,channel,Keith Woods,28100,,2026-09-27T20:56:45+00:00,0,6,,https://keithwoods.com,200,2026-10-06T09:09:22+00:00
Klementholohoax6gorillion,empty_page,,,,,,,,,"If you have  Telegram , you can contact  @Klementholohoax6gorillion  right away.",200,2026-10-06T09:09:25+00:00
kommited,empty_page,,,,,,,,,"If you have  Telegram , you can contact  @kommited  right away.",200,2026-10-06T09:09:28+00:00
KosherNetwork,alive,channel_no_preview,Kosher Network 🕎,4,,,,,,Just a jew ✡ working for the Jewish ✡ Mafia.  Open borders for israel. Jews ✡ need more diversity so jews ✡ can survive.  🕎 🔯,200,2026-10-06T09:09:30+00:00
Kraken_Wood,empty_page,,,,,,,,,"If you have  Telegram , you can contact  @Kraken_Wood  right away.",200,2026-10-06T09:09:33+00:00
La_Reconquista,alive,user_or_bot,Leonid,,,,,,,,200,2026-10-06T09:09:36+00:00
labourfaust,alive,channel,Labour-Faust,11,,2022-10-21T22:50:33+00:00,0,0,,"Single use, armour piercing projectile. Requires little to no training.",200,2026-10-06T09:09:39+00:00
Larrypulledit,alive,channel_no_preview,Luck Larry's WTC🛬🏙🔥,79,,,,,,"Check in and wait for the bang, memes, antisemitism, and hate. ""Pull it!""",200,2026-10-06T09:09:42+00:00
lauratowler,alive,channel,Laura Towler,9220,,2026-10-05T08:24:24+00:00,9,16,,"Wife and mum, British nationalist, Deputy Leader of Patriotic Alternative and owner of Grandma Towler's tea shop:  https://www.grandmatowlers.co.uk/",200,2026-10-06T09:09:45+00:00
Liberal_Maniacal_Psychosis_Arc,alive,channel,Liberal_Maniacal_Psychosis_Archive & Rehab_Clinic  ™,86,,2022-07-28T22:05:36+00:00,0,0,,»Liberal Maniacal Psychosis »Share the Links »Redpill the World,200,2026-10-06T09:09:48+00:00
libertaryanchannel,alive,channel_no_preview,/lrg/ Broadcasting Station,133,,,,,,All things right-wing libertarian. Tread lightly.,200,2026-10-06T09:09:51+00:00
Life_Love_Laugh,alive,channel,Lebe Liebe Lache,581,,2025-06-01T10:11:09+00:00,0,0,,"Das Leben ist eindeutig zu kurz, dass wir einer Hiobsbotschaft nach der anderen hinterherjagen.  Dieser Kanal steht zu seinem Titel. Lebe, liebe und lache, jeden einzelnen Tag!",200,2026-10-06T09:09:54+00:00
liftwaffle,empty_page,,,,,,,,,"If you have  Telegram , you can contact  @liftwaffle  right away.",200,2026-10-06T09:09:56+00:00
lill_frigg1488,alive,channel_no_preview,Lill Friggs Beer Hall,9,,,,,,Non kosher news and lolz 💕,200,2026-10-06T09:09:59+00:00
LOSTBOYEVSKY,empty_page,,,,,,,,,"If you have  Telegram , you can contact  @LOSTBOYEVSKY  right away.",200,2026-10-06T09:10:02+00:00
MAFAitsthejewsstupid,alive,channel_no_preview,MAFA.. It's The Jews,35,,,,,,Information about the consolidation of power by the synagogue of satan,200,2026-10-06T09:10:04+00:00
MAKEAMERICAWHITE1488,empty_page,,,,,,,,,"If you have  Telegram , you can contact  @MAKEAMERICAWHITE1488  right away.",200,2026-10-06T09:10:07+00:00
makefreedoms,empty_page,,,,,,,,,"If you have  Telegram , you can contact  @makefreedoms  right away.",200,2026-10-06T09:10:09+00:00
markacollett,alive,channel,Mark Collett,20400,,2026-10-06T08:12:00+00:00,20,20,,,200,2026-10-06T09:10:12+00:00
martinezperspective,empty_page,,,,,,,,,"If you have  Telegram , you can contact  @martinezperspective  right away.",200,2026-10-06T09:10:14+00:00
MaskiesMediaMadness,empty_page,,,,,,,,,"If you have  Telegram , you can contact  @MaskiesMediaMadness  right away.",200,2026-10-06T09:10:17+00:00
MelvinFinkelstein,alive,channel,Melvin Finkelstein,4,,2022-12-07T22:16:21+00:00,0,0,,Are you a jew?,200,2026-10-06T09:10:20+00:00
MentallyStable,empty_page,,,,,,,,,"If you have  Telegram , you can contact  @MentallyStable  right away.",200,2026-10-06T09:10:23+00:00
MikeEnochPeinovich,alive,channel,Mike Enoch Peinovich,685,,2021-03-28T02:04:41+00:00,0,0,mpeinovich,Twitter archive for right-wing political pundit Mike Enoch Peinovich.  Follow Mike’s official Telegram channel here:  https://t.me/mpeinovich,200,2026-10-06T09:10:25+00:00
MoreTankieChapo,empty_page,,,,,,,,,"If you have  Telegram , you can contact  @MoreTankieChapo  right away.",200,2026-10-06T09:10:28+00:00
mpvids,alive,channel,MartinezPerspective Vids,3350,,2026-10-05T12:25:31+00:00,1,1,martinezpolitix,Pro-European / New TG:  t.me/martinezpolitix  / Twitter:  https://twitter.com/MartinezPolitix,200,2026-10-06T09:10:30+00:00
nation110,alive,channel_no_preview,110th Nation,82,,,,,,,200,2026-10-06T09:10:33+00:00
NationalistOrder,empty_page,,,,,,,,,"If you have  Telegram , you can contact  @NationalistOrder  right away.",200,2026-10-06T09:10:35+00:00
natsocunited1,empty_page,,,,,,,,,"If you have  Telegram , you can contact  @natsocunited1  right away.",200,2026-10-06T09:10:37+00:00
NatSocWW,alive,channel_no_preview,World Wide NatSoc,242,,,,,,A Page Dedicated for ALL Nationalist-Socialist,200,2026-10-06T09:10:40+00:00
NazBol,empty_page,,,,,,,,,"If you have  Telegram , you can contact  @NazBol  right away.",200,2026-10-06T09:10:42+00:00
nggrz,empty_page,,,,,,,,,"If you have  Telegram , you can contact  @nggrz  right away.",200,2026-10-06T09:10:45+00:00
NickGriffin,alive,channel,Nick Griffin,6630,,2026-10-03T12:51:12+00:00,2,17,,"""Been there, done that, know a better way"". Using unrivalled experience to help Generation Z win a future for white children.",200,2026-10-06T09:10:47+00:00
niggersplatterthesecond1,empty_page,,,,,,,,,"If you have  Telegram , you can contact  @niggersplatterthesecond1  right away.",200,2026-10-06T09:10:50+00:00
ninenein,alive,user_or_bot,Chod Thundercack,,,,,,,,200,2026-10-06T09:10:53+00:00
NoChanceYT,alive,channel,No Chance,1970,,2026-09-14T13:36:42+00:00,0,1,,Find all my stuff here:  https://linktr.ee/NaeChance,200,2026-10-06T09:10:55+00:00
NordicSunBudapest,alive,channel_no_preview,"Active , uncensored channel: https://t.me/nordicsunrecordsbudapest",718,,,,,nordicsunrecordsbudapest,"Active , uncensored channel: https://t.me/nordicsunrecordsbudapest",200,2026-10-06T09:10:58+00:00
nsmmedia,empty_page,,,,,,,,,"If you have  Telegram , you can contact  @nsmmedia  right away.",200,2026-10-06T09:11:00+00:00
OGTVG,alive,channel_no_preview,TV Guide,417,,,,,,Your main source for online media,200,2026-10-06T09:11:03+00:00
OKGroomerMunitionsFactory,alive,channel_no_preview,/OKGG/ OK Groomer General,69,,,,,OKGroomer,KeK Novit KeK Skit  https://t.me/OKGroomer,200,2026-10-06T09:11:05+00:00
OneEyedJackRussell,alive,channel,One Eyed Jack.,1160,,2025-07-01T20:11:29+00:00,0,0,,,200,2026-10-06T09:11:08+00:00
opposumgang,empty_page,,,,,,,,,"If you have  Telegram , you can contact  @opposumgang  right away.",200,2026-10-06T09:11:11+00:00
owlwaffen,empty_page,,,,,,,,,"If you have  Telegram , you can contact  @owlwaffen  right away.",200,2026-10-06T09:11:14+00:00
PappyUncensored,empty_page,,,,,,,,,"If you have  Telegram , you can contact  @PappyUncensored  right away.",200,2026-10-06T09:11:16+00:00
PatAltSW,alive,channel,Patriotic Alternative South West,343,,2026-09-07T07:51:58+00:00,0,1,,SouthWest@PatrioticAlternative.org.uk,200,2026-10-06T09:11:18+00:00
patreinhard,empty_page,,,,,,,,,"If you have  Telegram , you can contact  @patreinhard  right away.",200,2026-10-06T09:11:21+00:00
PatrioticChris,alive,channel,Chris Mitchell,1540,,2026-10-06T06:19:53+00:00,20,20,,,200,2026-10-06T09:11:24+00:00
PatrioticGroypers,alive,channel,Patriotic Groypers News Room,407,,2023-02-04T18:59:24+00:00,0,0,,,200,2026-10-06T09:11:27+00:00
patriotspace,empty_page,,,,,,,,,"If you have  Telegram , you can contact  @patriotspace  right away.",200,2026-10-06T09:11:30+00:00
PatTalk,alive,channel,Patriotic Talk Channel,245,,2022-12-10T22:17:01+00:00,0,0,,The real home of Patriotic Talk   🇬🇧,200,2026-10-06T09:11:34+00:00
PaxTube,alive,channel,Pax Tube,5920,,2026-10-04T05:55:42+00:00,1,7,,Video creator and writer.  Youtube:  https://www.youtube.com/c/PaxTubeChannel   Substack:  https://substack.com/@paxtube,200,2026-10-06T09:11:36+00:00
PlagueDoctorRitz,alive,channel_no_preview,𝕻𝖑𝖆𝖌𝖚𝖊 𝕯𝖔𝖈𝖙𝖔𝖗 𝕻𝖗𝖊𝖘𝖊𝖓𝖙𝖆𝖙𝖎𝖔𝖓𝖘,244,,,,,DoctorRitz,Gab~ https://gab.com/TheRitz WTV~ https://worldtruthvideos.website/@DrRitz Minds~ https://www.minds.com/doctorritz Parler~  @DoctorRitz,200,2026-10-06T09:11:39+00:00
pol_4chan,empty_page,,,,,,,,,"If you have  Telegram , you can contact  @pol_4chan  right away.",200,2026-10-06T09:11:42+00:00
pol_memes_cartoons,empty_page,,,,,,,,,"If you have  Telegram , you can contact  @pol_memes_cartoons  right away.",200,2026-10-06T09:11:45+00:00
politicalshitpostersUK,empty_page,,,,,,,,,"If you have  Telegram , you can contact  @politicalshitpostersUK  right away.",200,2026-10-06T09:11:48+00:00
portapottychannel,empty_page,,,,,,,,,"If you have  Telegram , you can contact  @portapottychannel  right away.",200,2026-10-06T09:11:50+00:00
ppol5,alive,user_or_bot,#k1pp,,,,,,,,200,2026-10-06T09:11:53+00:00
professorhonkleberg,alive,channel,Professor Jeremiah Honkleberg,170,,2021-02-16T12:33:28+00:00,0,0,,Welcome to the official Telegram Channel of Professor Jeremiah Honkleberg,200,2026-10-06T09:11:56+00:00
prowhitetv,empty_page,,,,,,,,,"If you have  Telegram , you can contact  @prowhitetv  right away.",200,2026-10-06T09:11:58+00:00
r_communism,alive,channel,/r/communism,107,,2026-10-06T05:35:22+00:00,19,20,r_channels reddit2telegram,For the theory and practice of Marxism  Powered by  @r_channels  and  @reddit2telegram,200,2026-10-06T09:12:01+00:00
r_latestagecapitalism,alive,channel,/r/latestagecapitalism,2920,,2026-10-06T08:20:41+00:00,20,20,r_channels,The best of the worst of capitalism and its bootlickers.  /r/latestagecapitalism now on Telegram. Thank you  @r_channels !,200,2026-10-06T09:12:04+00:00
RaidFest333,empty_page,,,,,,,,,"If you have  Telegram , you can contact  @RaidFest333  right away.",200,2026-10-06T09:12:06+00:00
randomreposts,alive,channel,random reposts,54,,2026-10-06T06:33:05+00:00,20,20,half_life_stuff hasl_incurious,Reposting stuff from vk/twitter/youtube Valve related channel:  @half_life_stuff  Me:  @hasl_incurious,200,2026-10-06T09:12:09+00:00
rcet_v_g11n,empty_page,,,,,,,,,"If you have  Telegram , you can contact  @rcet_v_g11n  right away.",200,2026-10-06T09:12:12+00:00
realisticaryanperspective,alive,channel,Realistic Aryan Perspective,2040,,2023-09-09T17:26:56+00:00,0,0,,"A personal archive of info on banned topics. Jewry/Zionism Marxism/Bolshevism the Holohoax, crimes and genocides, NatSoc & subverted history, Kalergi, podcast movies docs audiobooks etc. Use search, pinned & Hashtags.   https://odysee.com/@Distant_Enigma:8",200,2026-10-06T09:12:14+00:00
RealNazbol2,empty_page,,,,,,,,,"If you have  Telegram , you can contact  @RealNazbol2  right away.",200,2026-10-06T09:12:17+00:00
realnickjfuentes,empty_page,,,,,,,,,"If you have  Telegram , you can contact  @realnickjfuentes  right away.",200,2026-10-06T09:12:20+00:00
redpillbooklinks,alive,channel_no_preview,Red Pill Bibliotech,437,,,,,,Digital tsundoku and dank memes for the based and galaxy brained.  Monero tips: xmr:83QxQZHsmNGUddagdyw5PUEhiFMxEBTyKCFYpxCSz6my6oVkVNwctes5gKj176AvH7XzRyN9mVnZYjkoE2LMoa2VKtEmodb,200,2026-10-06T09:12:22+00:00
RedpillDump,empty_page,,,,,,,,,"If you have  Telegram , you can contact  @RedpillDump  right away.",200,2026-10-06T09:12:25+00:00
RedPillVideoArchive,empty_page,,,,,,,,,"If you have  Telegram , you can view posts by  @RedPillVideoArchive  right away.",200,2026-10-06T09:12:28+00:00
RenewBritannia,empty_page,,,,,,,,,"If you have  Telegram , you can contact  @RenewBritannia  right away.",200,2026-10-06T09:12:31+00:00
ResolutionRDO,alive,channel_no_preview,🎙 Resolution RADIO 🎙,20,,,,,SonnyThomasShow,"The Telegram Channel for The Resolution RADIO Network  -  www.ResolutionRDO.com  Feat: American Dissident Voices, Firearm Trainer's Podcast,  @SonnyThomasShow , The Political Cesspool, Keep And Bear Radio & MORE",200,2026-10-06T09:12:33+00:00
ROPPENWAFFEN,empty_page,,,,,,,,,"If you have  Telegram , you can contact  @ROPPENWAFFEN  right away.",200,2026-10-06T09:12:36+00:00
saintharrison,alive,channel,Saint Harrison,2880,,2026-10-06T07:36:32+00:00,18,18,ChannelCollection,“He’s a racist” UK Labour MP “He’s not aligned with our values” UK PM “The best UK Nationalist YouTube channel” My Mum    @ChannelCollection,200,2026-10-06T09:12:38+00:00
sargon_of_akkad,alive,channel,Sargon of Akkad,5620,,2025-04-05T05:39:00+00:00,0,0,,English liberal.,200,2026-10-06T09:12:41+00:00
savethewestnow,alive,channel_no_preview,Save The West,2207,,,,,,A place for white identity and the issues that plague the West. Whites today are a world minority and the most endangered race there is.,200,2026-10-06T09:12:44+00:00
scholarofthefirstsin,alive,channel_no_preview,Scholar of the First Sin,9,,,,,BlueKatana47 PlainGhostly,"""Nothing is as it seems."" Shattering and burning down the House of Lies.  My Twitter:  @PlainGhostly  My Gab:  @BlueKatana47                                               My BitChute: https://www.bitchute.com/channel/8TPjCClSrBbU/",200,2026-10-06T09:12:46+00:00
ScottishDiversityCrimeWatch,alive,channel_no_preview,Scotland Diversity Crime Watch,98,,,,,,"News stories showing that ""Diversity"" really is our strength",200,2026-10-06T09:12:49+00:00
scottishtam,alive,channel_no_preview,Scottish Tam,158,,,,,,https://www.subscribestar.com/scottish-tam https://twitter.com/ScotlandTam I like making images.,200,2026-10-06T09:12:51+00:00
SeekersOfTruth,alive,channel_no_preview,Seekers of Truth,53,,,,,,,200,2026-10-06T09:12:54+00:00
shill_tactics1,alive,channel_no_preview,Shill Tactics Psyops D&C Cointel Censorship,262,,,,,joinchat randomanonch1 randomanonchannel_bot randommeetingpoint,Channel to expose jewish Shill tactics  Old: t.me/joinchat/UE79P6xzr0rqXnp6  Main channel: t.me/randomanonch1 Regroup channel: t.me/randommeetingpoint Admin bot: t.me/randomanonchannel_bot,200,2026-10-06T09:12:57+00:00
shitdirtymarxistglobalistssay,alive,channel,Shit Dirty Marxist Globalists Say,61,,2020-02-28T17:30:41+00:00,0,0,channelcollection,"Marxists are dirty globalist cucks who don't understand economics at all, are clueless about how the real world works and have a false sense of entitlement. Obsessed with equal distribution, they make everyone equally destitute.    🔥    @channelcollection",200,2026-10-06T09:12:59+00:00
ShitpostingFRENs,empty_page,,,,,,,,,"If you have  Telegram , you can contact  @ShitpostingFRENs  right away.",200,2026-10-06T09:13:02+00:00
SHTF_Prepping,alive,channel,SHTF,1810,,2026-10-05T10:33:00+00:00,14,14,,Things to know and do when SHTF,200,2026-10-06T09:13:04+00:00
SiolnahEireann,alive,channel,Niall McConnell  🇮🇪,571,,2026-09-29T18:45:00+00:00,1,1,,,200,2026-10-06T09:13:07+00:00
sixxmillioncookies,empty_page,,,,,,,,,"If you have  Telegram , you can contact  @sixxmillioncookies  right away.",200,2026-10-06T09:13:09+00:00
slaviawave,alive,channel_no_preview,Slaviawave,36,,,,,,Slaviawave,200,2026-10-06T09:13:12+00:00
smapwt,alive,channel_no_preview,Stolen Memes and Pro White Themes,925,,,,,,,200,2026-10-06T09:13:15+00:00
smashculturalmarxism1,empty_page,,,,,,,,,"If you have  Telegram , you can contact  @smashculturalmarxism1  right away.",200,2026-10-06T09:13:17+00:00
SmashPaganism_Secularism,empty_page,,,,,,,,,"If you have  Telegram , you can contact  @SmashPaganism_Secularism  right away.",200,2026-10-06T09:13:20+00:00
Sniper_Tower,empty_page,,,,,,,,,"If you have  Telegram , you can contact  @Sniper_Tower  right away.",200,2026-10-06T09:13:23+00:00
so_that_aryans_never_die,empty_page,,,,,,,,,"If you have  Telegram , you can contact  @so_that_aryans_never_die  right away.",200,2026-10-06T09:13:25+00:00
sonofbritain,empty_page,,,,,,,,,"If you have  Telegram , you can contact  @sonofbritain  right away.",200,2026-10-06T09:13:28+00:00
spacekike,empty_page,,,,,,,,,"If you have  Telegram , you can contact  @spacekike  right away.",200,2026-10-06T09:13:30+00:00
Sparksy,empty_page,,,,,,,,,"If you have  Telegram , you can contact  @Sparksy  right away.",200,2026-10-06T09:13:33+00:00
SunsetZone,empty_page,,,,,,,,,"If you have  Telegram , you can contact  @SunsetZone  right away.",200,2026-10-06T09:13:36+00:00
SurvivingWeimerika,empty_page,,,,,,,,,"If you have  Telegram , you can contact  @SurvivingWeimerika  right away.",200,2026-10-06T09:13:39+00:00
SurvivingWeimerikw,alive,channel_no_preview,Deleted Channel,427,,,,,,,200,2026-10-06T09:13:41+00:00
swenat,alive,channel,.,1,,2024-12-18T12:06:55+00:00,0,0,,,200,2026-10-06T09:13:44+00:00
takscorner,alive,channel_no_preview,Tak's Corner,19,,,,,,Things I think about when I'm racing down Mount Akina  https://gab.com/technolung,200,2026-10-06T09:13:47+00:00
the_texian,alive,channel_no_preview,The_Texian,108,,,,,,,200,2026-10-06T09:13:49+00:00
TheAnglosphere,alive,channel_no_preview,THE ANGLOSPHERE,37,,,,,TheAnglosphereChat,Nationalist Network  Subscribe to the chat group: https://t.me/TheAnglosphereChat,200,2026-10-06T09:13:52+00:00
theawakenedsaxon,empty_page,,,,,,,,,"If you have  Telegram , you can contact  @theawakenedsaxon  right away.",200,2026-10-06T09:13:55+00:00
thebigoven,empty_page,,,,,,,,,"If you have  Telegram , you can contact  @thebigoven  right away.",200,2026-10-06T09:13:57+00:00
TheBureauOfMemeticWarfareOG,alive,channel_no_preview,/BMW/ - The Bureau of Memetic Warfare,6438,,,,,ReligiousBMW joinchat official_rwts,"He who controls the memes, controls the universe  /BMW/ Chat https://t.me/joinchat/UrpzoCsHQI1fecQC   Old 8chan /BMW/ archive: https://archive.fo/3unmL  Right Wing Translation Squads:  @official_rwts   Religious Debate Forum: https://t.me/ReligiousBMW",200,2026-10-06T09:14:00+00:00
TheCuriousRealist,empty_page,,,,,,,,,"If you have  Telegram , you can contact  @TheCuriousRealist  right away.",200,2026-10-06T09:14:03+00:00
TheFallout,empty_page,,,,,,,,,"If you have  Telegram , you can contact  @TheFallout  right away.",200,2026-10-06T09:14:05+00:00
TheFrogsPond,empty_page,,,,,,,,,"If you have  Telegram , you can contact  @TheFrogsPond  right away.",200,2026-10-06T09:14:08+00:00
TheGoyimKnows,empty_page,,,,,,,,,"If you have  Telegram , you can contact  @TheGoyimKnows  right away.",200,2026-10-06T09:14:10+00:00
theirishnationalist,alive,channel,The Receipts,171,,2026-06-29T17:33:09+00:00,0,0,,All socials:  https://linktr.ee/petersreceipts,200,2026-10-06T09:14:13+00:00
TheJewQuestion,empty_page,,,,,,,,,"If you have  Telegram , you can contact  @TheJewQuestion  right away.",200,2026-10-06T09:14:15+00:00
TheJQ,empty_page,,,,,,,,,"If you have  Telegram , you can contact  @TheJQ  right away.",200,2026-10-06T09:14:18+00:00
TheLeaf88,empty_page,,,,,,,,,"If you have  Telegram , you can contact  @TheLeaf88  right away.",200,2026-10-06T09:14:21+00:00
therealityreport,alive,channel,The Reality Report,4630,,2026-06-25T19:33:37+00:00,0,0,,Documentarians,200,2026-10-06T09:14:23+00:00
THEREISAWARONWHITES,empty_page,,,,,,,,,"If you have  Telegram , you can contact  @THEREISAWARONWHITES  right away.",200,2026-10-06T09:14:26+00:00
theUNCENSOREDnetwork,empty_page,,,,,,,,,"If you have  Telegram , you can contact  @theUNCENSOREDnetwork  right away.",200,2026-10-06T09:14:28+00:00
TheWardenPost,alive,channel,The Warden Post,56,,2021-10-17T01:57:12+00:00,0,0,,Revolt Against the Modern World,200,2026-10-06T09:14:31+00:00
TheWarRoom1,alive,channel_no_preview,The War Room,957,,,,,BasedVideos,Video Archive Channel 👉 https://t.me/BasedVideos,200,2026-10-06T09:14:33+00:00
THEWATERS_23AAw_ATT9M,empty_page,,,,,,,,,"If you have  Telegram , you can contact  @THEWATERS_23AAw_ATT9M  right away.",200,2026-10-06T09:14:36+00:00
theweaponizedwest,alive,channel_no_preview,The weaponized west,334,,,,,,Networking contingency,200,2026-10-06T09:14:38+00:00
thezyklon_beast,empty_page,,,,,,,,,"If you have  Telegram , you can contact  @thezyklon_beast  right away.",200,2026-10-06T09:14:41+00:00
ThirdWayFashposting,empty_page,,,,,,,,,"If you have  Telegram , you can contact  @ThirdWayFashposting  right away.",200,2026-10-06T09:14:44+00:00
ThoseStillLoyal,alive,channel_no_preview,🌲Thomas Sewell Dance Club🌲,27,,,,,,Dance monkey dance.,200,2026-10-06T09:14:47+00:00
thuletide,alive,channel,Thuletide,22700,,2026-10-04T17:57:29+00:00,12,17,racerealismchannel,"Nationalist, Classical Liberal, moderate centrist (circa 1900). You can plagiarize any of my writing & content. Follow:  t.me/racerealismchannel",200,2026-10-06T09:14:50+00:00
TimesWomen,empty_page,,,,,,,,,"If you have  Telegram , you can contact  @TimesWomen  right away.",200,2026-10-06T09:14:53+00:00
TodayINoticed,empty_page,,,,,,,,,"If you have  Telegram , you can contact  @TodayINoticed  right away.",200,2026-10-06T09:14:56+00:00
TommysHeroes,empty_page,,,,,,,,,"If you have  Telegram , you can contact  @TommysHeroes  right away.",200,2026-10-06T09:14:59+00:00
TRRRNEWSRH,empty_page,,,,,,,,,"If you have  Telegram , you can contact  @TRRRNEWSRH  right away.",200,2026-10-06T09:15:02+00:00
true_anarchy,alive,channel,𝕋rue 𝔸narchy,11300,,2026-10-04T13:45:40+00:00,8,17,,The philosophy of freedom.  Welcome to True Anarchy.  Nourish your mind.,200,2026-10-06T09:15:04+00:00
TruthIsHateSpeech,alive,channel_no_preview,Truth Is Hate Speech,470,,,,,,,200,2026-10-06T09:15:07+00:00
TS38hh,empty_page,,,,,,,,,"If you have  Telegram , you can contact  @TS38hh  right away.",200,2026-10-06T09:15:10+00:00
ulrichhirschmannarchives,alive,channel_no_preview,Ulrich Hirschmann Archives,4350,,,,,,Read/watch all content with discretion and discernment. Truth lies within. Unlearn what you've been taught and use critical thinking.,200,2026-10-06T09:15:12+00:00
ulrichhirschmannarticles,empty_page,,,,,,,,,"If you have  Telegram , you can contact  @ulrichhirschmannarticles  right away.",200,2026-10-06T09:15:15+00:00
uncleblitz1488,empty_page,,,,,,,,,"If you have  Telegram , you can contact  @uncleblitz1488  right away.",200,2026-10-06T09:15:18+00:00
UnemployedFreeTimeHappyHour,alive,channel_no_preview,Unemployed Free Time Happy Hour,11,,,,,,,200,2026-10-06T09:15:21+00:00
usahate,alive,channel_no_preview,USA Hate,195,,,,,,,200,2026-10-06T09:15:23+00:00
valmet_archive,empty_page,,,,,,,,,"If you have  Telegram , you can contact  @valmet_archive  right away.",200,2026-10-06T09:15:26+00:00
veritasomnia,empty_page,,,,,,,,,"If you have  Telegram , you can contact  @veritasomnia  right away.",200,2026-10-06T09:15:30+00:00
vinniesullivan,alive,channel,Vinnie Sullivan,5890,,2026-10-06T05:47:18+00:00,20,20,,"Documentarian   London, England",200,2026-10-06T09:15:34+00:00
VorherrschaftDivision,empty_page,,,,,,,,,"If you have  Telegram , you can contact  @VorherrschaftDivision  right away.",200,2026-10-06T09:15:37+00:00
VPotpourri,alive,channel,Video Potpourri,84,,2026-10-03T08:04:17+00:00,1,1,,,200,2026-10-06T09:15:41+00:00
WarmasterHorus,alive,channel,Horus,1860,,2026-10-02T12:53:38+00:00,1,1,nastymutant,My videos -  https://odysee.com/@Horus:7    @nastymutant  on Twitter,200,2026-10-06T09:15:44+00:00
wawaryanwoman,empty_page,,,,,,,,,"If you have  Telegram , you can contact  @wawaryanwoman  right away.",200,2026-10-06T09:15:47+00:00
wayotworld,empty_page,,,,,,,,,"If you have  Telegram , you can contact  @wayotworld  right away.",200,2026-10-06T09:15:50+00:00
wearescvm,empty_page,,,,,,,,,"If you have  Telegram , you can contact  @wearescvm  right away.",200,2026-10-06T09:15:53+00:00
westernculturegeneral,empty_page,,,,,,,,,"If you have  Telegram , you can contact  @westernculturegeneral  right away.",200,2026-10-06T09:15:55+00:00
westernheritageinmusic93,alive,channel_no_preview,Western Heritage In Music™,44,,,,,,"These are the Dedicated Archives to Western Heritage in Music, and;  ''It must therefore be the Duty of every Enemy of Marxist-Cultural-Deconstructivists, to Affirm their National/Western Identity, in the face of Sneering Ethnomasochist Willful Traitors''",200,2026-10-06T09:15:58+00:00
Westernmasculinity,alive,channel_no_preview,Spirit De Europa,218,,,,,,Hate speech  is free speech,200,2026-10-06T09:16:01+00:00
WeThirdWay,alive,channel_no_preview,"𝙒𝙚, 𝙏𝙝𝙞𝙧𝙙 𝙒𝙖𝙮 ᛉ",506,,,,,,"We are neither Left, nor are we Right, but transcendental light to those of European blood lost in the dark clouded sea of false Semitic paradigms.",200,2026-10-06T09:16:04+00:00
Wewelsburg88,alive,channel_no_preview,BlackSunRising,95,,,,,,🇪🇺⃠🏳️‍🌈⃠🇮🇱⃠🇺🇳⃠ $⃠ ☭⃠💉⃠⚢⃠ HEIL HITLER 卐 Aryan Hyperborean Wisdom  🔴⚫️⚪️🎱🎱⚡️⚡️🙋🏻‍♂️⚔️☠️,200,2026-10-06T09:16:07+00:00
whatchadoinrabbi,empty_page,,,,,,,,,"If you have  Telegram , you can contact  @whatchadoinrabbi  right away.",200,2026-10-06T09:16:09+00:00
whatchadointelegrim,alive,channel_no_preview,Whatchadoinjews,723,,,,,,Backup for whatchadoinrabbi,200,2026-10-06T09:16:12+00:00
whatonearth93,alive,channel,What On Earth Is Happening (Official),3590,,2026-05-01T23:20:27+00:00,0,0,,https://WhatOnEarthIsHappening.com,200,2026-10-06T09:16:15+00:00
WhiteAction,alive,channel_no_preview,New Dawn of White Action,2729,,,,,,Continuing the work CMDR Rockwell had started! Preserving the work & mission the National Socialists set upon to save the White Race from extinction & displacement in there own lands!!,200,2026-10-06T09:16:17+00:00
WhiteAgendaRadio,alive,channel_no_preview,WAR Channel,192,,,,,WhiteAgendaRadio White_Agenda,"We are a united Aryan European Group who share concern for our People collectively by sharing and expressing our views and staying on top of current events, which affect us.    @White_Agenda  🌐   @WhiteAgendaRadio  🗣 WAR  ~~~~~~~~~~~~~~~~~~~",200,2026-10-06T09:16:20+00:00
whitefight5w,alive,channel,Keep it english,23,,2021-10-21T21:06:43+00:00,0,0,,88,200,2026-10-06T09:16:24+00:00
WhitePhoenix1972,alive,channel_no_preview,White Phoenix Action,438,,,,,,,200,2026-10-06T09:16:27+00:00
whitesarebasedgoy,empty_page,,,,,,,,,"If you have  Telegram , you can contact  @whitesarebasedgoy  right away.",200,2026-10-06T09:16:30+00:00
WhitesOnlyGroup,empty_page,,,,,,,,,"If you have  Telegram , you can contact  @WhitesOnlyGroup  right away.",200,2026-10-06T09:16:32+00:00
WhitesWW,empty_page,,,,,,,,,"If you have  Telegram , you can contact  @WhitesWW  right away.",200,2026-10-06T09:16:35+00:00
WhiteTreeIsBrownTree,alive,channel_no_preview,White Tree is Brown Tree,106,,,,,,This channel is dedicated to expunging subversive Iranian whores out of the White Nationalist community.,200,2026-10-06T09:16:38+00:00
Wickstrom,alive,channel,Wickstrom,117,,2021-10-09T10:57:52+00:00,0,0,,,200,2026-10-06T09:16:40+00:00
withintheredpillboxx,alive,channel_no_preview,The Red pill box,17,,,,,,"Awaken, ye!",200,2026-10-06T09:16:43+00:00
WriteWinger,alive,channel,Wr!te W!nger,1520,,2024-02-12T05:18:28+00:00,0,0,,,200,2026-10-06T09:16:46+00:00
WW2_Truth,alive,channel_no_preview,WW2 The Untold Story,6072,,,,,,"The unpleasant and heavily censored truth about WW 2  Well documented with audio, video, witnesses and official documents.  A true wake up for the world. Find out who the real perpetrators of all wars are.",200,2026-10-06T09:16:49+00:00
xCobraKaix,empty_page,,,,,,,,,"If you have  Telegram , you can contact  @xCobraKaix  right away.",200,2026-10-06T09:16:52+00:00
ZestyCommies,alive,channel,Zesty Commie Memes,456,,2026-09-30T19:09:20+00:00,4,4,De_PRoT,"From Anarcho-Syndicalism to Marxism-deGaullism, we provide the best left-wing memes out there.  Official chat -  @De_PRoT",200,2026-10-06T09:16:54+00:00
zionismexposed,empty_page,,,,,,,,,"If you have  Telegram , you can contact  @zionismexposed  right away.",200,2026-10-06T09:16:57+00:00
ZoltanousHNyt,empty_page,,,,,,,,,"If you have  Telegram , you can contact  @ZoltanousHNyt  right away.",200,2026-10-06T09:17:00+00:00
zuendels_bunker,empty_page,,,,,,,,,"If you have  Telegram , you can contact  @zuendels_bunker  right away.",200,2026-10-06T09:17:03+00:00
ZyklonBSlidingDoors,empty_page,,,,,,,,,"If you have  Telegram , you can contact  @ZyklonBSlidingDoors  right away.",200,2026-10-06T09:17:06+00:00
abirballan1,alive,channel,Abir Ballan,1040,,2024-10-07T16:09:04+00:00,0,0,,Freedom. Responsibility. Subsidiarity. Children First.,200,2026-10-06T09:17:09+00:00
about_factsandtruth,alive,channel,about facts & truth,249,,2026-09-17T12:59:47+00:00,0,6,,Nur die Wahrheit zählt!  Für spenden PayPal Konto:  about-facts@gmx.ch Oder auf mein Bitcoin Konto überweisen:  34pBQHt5zDC2KuEuZ6qHZc7zq5ZGxuojBy  Ich danke Dir herzlichst   ❤️,200,2026-10-06T09:17:12+00:00
AdamsEconomics,alive,channel,Adams Economics,6380,,2026-09-06T11:19:16+00:00,0,2,,Updates from John ADAMS - Australian Economic & Political Commentator,200,2026-10-06T09:17:14+00:00
adapt2030,alive,channel,adapt2030,3680,,2026-10-02T01:53:39+00:00,9,20,,Timelines for what you can expect from now through 2025 as society resets.  https://rumble.com/c/ADAPT2030,200,2026-10-06T09:17:17+00:00
ADARights,empty_page,,,,,,,,,"If you have  Telegram , you can contact  @ADARights  right away.",200,2026-10-06T09:17:20+00:00
Adelaide_SA_everything,empty_page,,,,,,,,,"If you have  Telegram , you can contact  @Adelaide_SA_everything  right away.",200,2026-10-06T09:17:22+00:00
AdelaideFreedomFighters,alive,channel,😃    🇦🇺  Adelaide Australia Freedom Fighters,1720,,2026-10-06T08:42:27+00:00,20,20,,"This is a leaderless movement!  We believe in a free and open society without any demonic secret societies, surveillance, fake pandemics, fake climate change, fake mainstream media, fake elections and vaccine poisons that are exempt from liability.",200,2026-10-06T09:17:25+00:00
advocateme,alive,user_or_bot,Melahat GOK,,,,,,,,200,2026-10-06T09:17:28+00:00
AFCInfo,alive,channel,Hawaii Free Speech News Network,106,,2023-08-23T21:32:10+00:00,0,0,,https://m.youtube.com/channel/UCa43htzpnE_I_GjN3nKNH1w    https://www.bitchute.com/channel/0if6Uz41RtvK/,200,2026-10-06T09:17:31+00:00
affindia,alive,channel,Anarchy for Freedom India,3380,,2025-12-28T15:03:45+00:00,0,0,,Support me via: UPI - ytengra@icici  Follow me on : YouTube -  https://youtube.com/c/AnarchyforFreedomIndia  Twitter -  https://twitter.com/ytengra?t=gQs1Vx1FsSCb-zyUSBW8Rw&s=09  Instagram :  https://www.instagram.com/anarchy4freedom/,200,2026-10-06T09:17:34+00:00
aflsolicitors,alive,channel,AFL Solicitors,15600,,2026-08-05T13:43:49+00:00,0,0,,"Ashley, Francina, Leonard & Associates  Experienced Lawyers Sydney   www.aflsolicitors.com.au",200,2026-10-06T09:17:37+00:00
agenda21_30_parties,alive,channel,Agenda 21 / 30 - All Parties Involved,629,,2026-09-24T22:52:21+00:00,0,7,,This covers all parties responsible for this epidemic and their roles.,200,2026-10-06T09:17:40+00:00
Agenda2O22,alive,channel,@AGENDA𝟮.𝗢,226,,2026-09-28T19:11:01+00:00,0,3,Agenda2O22_GroupDiscussion JoinTheWhiteRose,ᵃᵍᵉⁿᵈᵃ².ᵒ  Latest prohibited news and analysis  @ᴀɢᴇɴᴅᴀ𝟮.𝗢 ᴄʜᴀᴛ  t.me/Agenda2O22_GroupDiscussion   t.me/JoinTheWhiteRose,200,2026-10-06T09:17:44+00:00
agentsoftruth,alive,channel,Agents Of Truth,22300,,2026-10-06T01:08:03+00:00,19,19,NWOPredictiveProgramming,"Bringing to light the hidden realities, waking up the sleepers. Truthers fighting against the New World Order. Also ours:  https://t.me/NWOPredictiveProgramming",200,2026-10-06T09:17:46+00:00
AirQualityOwl,alive,channel,"🔊   @AirQualityOwl • Collaborative Wisdom, Health, & Air Quality • Owls • IPR •••",9,,2025-07-24T18:12:49+00:00,0,0,AirQualityOwl,"Welcome to the roost of  @AirQualityOwl , centering survivors of severe environmental conditions and extreme adversity in conversations focused on improving our air quality.",200,2026-10-06T09:17:49+00:00
ajrobertsshow,alive,channel,AJ Roberts Mission Consciousness,6330,,2026-10-04T21:05:32+00:00,8,12,,"Former UK soldier on a Mission to raise Consciousness through our platform Mission Consciousness via Live Soul Activation Events, Plant Medicine Retreats, Online Courses, and our widely growing online community.",200,2026-10-06T09:17:53+00:00
AlanWattSentientSentinel,alive,channel,Cutting Through The Matrix with Alan Watt,242,,2026-09-03T18:55:13+00:00,0,0,,Alan Watt – The Unofficial Telegram Support and Backup/Mirror Channel  Official Websites:  https://CuttingThroughTheMatrix.com    🧩    https://alanwattsentientsentinel.eu   Thank you very much for sharing this channel and the posts here.,200,2026-10-06T09:17:57+00:00
albertablueskies,alive,channel,Alberta Blue Skies,1940,,2026-09-28T05:57:12+00:00,0,12,,Different perspectives for your discernment   🤔   seeking truth Please note: This is NOT a political partisan channel.,200,2026-10-06T09:18:01+00:00
albertacanadacampaign,alive,channel,Alberta Canada Campaign,166,,2026-10-01T15:59:25+00:00,4,19,joinchat,Back up for our Facebook page. Share this link with friends:  https://t.me/joinchat/AAAAAEhM6AZc2Ygp8WHT7A,200,2026-10-06T09:18:06+00:00
Alex_Berenson,alive,channel,Alex Berenson,10100,,2023-01-04T01:41:32+00:00,0,0,tellyourchildren,Former New York Times Journalist.  Former Wrongest Man of the Pandemic  Permanently Suspended from Twitter on 8/28/21. Reinstated 7/6/22 Chat Group here:  https://t.me/tellyourchildren   For all of the articles sign up here  https://alexberenson.substack.com,200,2026-10-06T09:18:10+00:00
AlexiaTweets,alive,channel,Rikileaks Biohacking Channel with Alexia,3610,,2026-09-28T20:50:54+00:00,0,15,,Tweets that got me kicked out of my 1st amendment right.  And a lot of info on how to kill parasites and Vampires.,200,2026-10-06T09:18:13+00:00
alfavedicnews,empty_page,,,,,,,,,"If you have  Telegram , you can contact  @alfavedicnews  right away.",200,2026-10-06T09:18:18+00:00
aliranglife,empty_page,,,,,,,,,"If you have  Telegram , you can contact  @aliranglife  right away.",200,2026-10-06T09:18:21+00:00
AltSkull48,alive,channel,Alt Skull's Charnel House,29900,,2026-10-06T02:28:48+00:00,15,15,,,200,2026-10-06T09:18:24+00:00
alttheorynews,alive,channel,Alt Theory News,71,,2023-03-17T20:37:08+00:00,0,0,alternativetheory,@alternativetheory  The state is the monopoly of violence and the two party system is a false paradigm. Imagine what life could be like in an agorist world where we aren't encumbered by the state.,200,2026-10-06T09:18:27+00:00
AmandaForbes,alive,channel,🇨🇦     🇺🇸   Amanda Forbes  🇨🇦     🇺🇸,921,,2026-09-30T17:06:11+00:00,2,2,,"Welcome to all Light Workers, Grid Workers, and Patriots!  The Light WINS!  We WIN!!!!   ❤️",200,2026-10-06T09:18:31+00:00
amandhavollmer,alive,channel,YumNaturals Emporium Amandha Vollmer,18600,,2026-09-30T18:12:50+00:00,1,6,,ADVs Official Channel  https://yumnaturals.store   https://yummy.doctor   https://healingwithDMSO.com   https://DMSO.store,200,2026-10-06T09:18:35+00:00
amyloftusmusic,alive,channel,Amy Loftus Projects,191,,2026-09-08T01:03:37+00:00,0,5,,"Amy is an author, podcaster, teacher and songwriter. She has placed growth and trust in God above all and helps people realize relationship dreams. She is a grateful wife and stepmom and lives in NC.  www.amyloftus.com",200,2026-10-06T09:18:38+00:00
AnamiSacredSamurais,empty_page,,,,,,,,,"If you have  Telegram , you can contact  @AnamiSacredSamurais  right away.",200,2026-10-06T09:18:43+00:00
anarchismimmortalityofvoting,alive,channel,Immorality of voting // Geopolitics,960,,2025-09-21T07:06:58+00:00,0,0,,Coffee money / tips greatly appreciated   🙏    Ethereum  0xEf7Edc840C8BA79A1a2bD2536AAE1d85C9002288  Monero   47Z8XkVSrpU6t7ZhXjCW6deSrFH8311X4BRFAkmDJGWj1MqdfxG7jjShPsUAd2deaBJXQZtVgVQwRH5WGzBWduDB2yCKi2g  Bitcoin  3NX3GjW8v7vQnEjcvgJ15M6QDBKqd3NVba,200,2026-10-06T09:18:47+00:00
AngelRealm,alive,channel,Angel Realm   💕,293,,2022-05-22T19:35:01+00:00,0,0,AngelRealm,Angel Realm - Sharing Truth & helping to make more people aware of the current situation...    ♦️   Daily updates of videos from my BrandNewTube channel ~  https://brandnewtube.com/@AngelRealm     ♦️   News and current affairs topics and more...   @AngelRealm,200,2026-10-06T09:18:55+00:00
annunakipavey,empty_page,,,,,,,,,"If you have  Telegram , you can contact  @annunakipavey  right away.",200,2026-10-06T09:19:01+00:00
anothertruth,alive,channel_no_preview,Another truth,282,,,,,,"-""It's a big 👿club and we ain't in it""-G.Carlin",200,2026-10-06T09:19:07+00:00
anthonyoflynn,alive,channel,Anthony O'Flynn,476,,2026-09-24T10:30:17+00:00,0,2,,We live in epic times!,200,2026-10-06T09:19:11+00:00
Anti_Vaccin3s,alive,channel,☠️  Anti-Vaccin3s  ☠️     💉    🧬,1420,,2025-03-12T10:14:45+00:00,0,0,,Quality Content About:  Plandemic/ Adverse Effects / Agenda 21 / Cyber Polygon / Health,200,2026-10-06T09:19:16+00:00
Anticoms,empty_page,,,,,,,,,"If you have  Telegram , you can contact  @Anticoms  right away.",200,2026-10-06T09:19:20+00:00
antilibrary_xxi,empty_page,,,,,,,,,"If you have  Telegram , you can contact  @antilibrary_xxi  right away.",200,2026-10-06T09:19:24+00:00
antilockdownireland,alive,channel,Anti-Lockdown Ireland,274,,2024-03-07T23:04:04+00:00,0,0,,"Sharing lockdown information, updates and protests.",200,2026-10-06T09:19:28+00:00
AntiMaskNYC,empty_page,,,,,,,,,"If you have  Telegram , you can contact  @AntiMaskNYC  right away.",200,2026-10-06T09:19:30+00:00
antinarrativemedia,alive,channel,ANMedia,47,,2022-05-26T05:46:54+00:00,0,0,,,200,2026-10-06T09:19:33+00:00
antivaccinationaustralia,empty_page,,,,,,,,,"If you have  Telegram , you can contact  @antivaccinationaustralia  right away.",200,2026-10-06T09:19:36+00:00
AntiVaxUK,empty_page,,,,,,,,,"If you have  Telegram , you can contact  @AntiVaxUK  right away.",200,2026-10-06T09:19:40+00:00
AOECOINCHANNEL,alive,channel,AOECOIN Official Channel,189,,2026-10-05T12:59:57+00:00,20,20,AOECOIN AOEblackswan,"AOECOIN Can join chat at:  https://t.me/AOECOIN  Can contact us on Telegram  @AOEblackswan  AOECOIN is the #1 Breakthrough Clean Energy Technology Solutions Company in the World with 2,212 New Techs! 2,234Nov6 2,417Dec31 2,447",200,2026-10-06T09:19:43+00:00
apocalypsenowmexico,alive,channel,apocalypsenowmexico,1,,2026-10-05T10:18:26+00:00,2,2,,,200,2026-10-06T09:19:47+00:00
Apocalypsis1,alive,channel,Apocalypsis,19,,2024-01-30T23:50:48+00:00,0,0,,,200,2026-10-06T09:19:50+00:00
Appleseed1A,empty_page,,,,,,,,,"If you have  Telegram , you can view posts by  @Appleseed1A  right away.",200,2026-10-06T09:19:56+00:00
ariseaustralia,alive,channel,ARISE AUSTRALIA,2750,,2026-10-05T11:01:59+00:00,13,20,,"Welcome   🙏    💓    💫   We unite with the  Arise.world  initiative, with Sacha Stone , to move humanity forward into the next dimension… of freedom…  🌴    🌏    😃   From Age of Pisces, to Age of Aquarius.  From Guardianship, to Rule of Law .   All Are Equal Before The Law.   🙏    💜    🌟    💎",200,2026-10-06T09:20:00+00:00
artwithaim,alive,channel,Art With Aim,3260,,2026-10-06T08:10:59+00:00,17,17,,Current Event Curation. Connecting the dots of big picture truth. Take AIM. ART of  #SOULutions .   Connect the dots… see the patterns… assess the big picture that’s uncomfortable to look at… and create a better world like an artist.,200,2026-10-06T09:20:03+00:00
AscensionCodes,alive,channel,AscensionCodes,182,,2024-11-07T22:17:39+00:00,0,0,,Bringing the light and truth so all may be set free.,200,2026-10-06T09:20:05+00:00
ashleytaylorwellness,empty_page,,,,,,,,,"If you have  Telegram , you can contact  @ashleytaylorwellness  right away.",200,2026-10-06T09:20:09+00:00
astra2021zeneca,alive,channel_no_preview,Covid vaccines - The great experiment - get jabbed worry about it later,1130,,,,,,Providing factual data for informed consent,200,2026-10-06T09:20:11+00:00
AUS1WA,empty_page,,,,,,,,,"If you have  Telegram , you can contact  @AUS1WA  right away.",200,2026-10-06T09:20:14+00:00
AUSawakening,alive,channel_no_preview,AUS awakening,130,,,,,,,200,2026-10-06T09:20:17+00:00
AusFrontlineHealthProfessionals,alive,channel,Australian Frontline Health Professionals,925,,2026-10-05T23:33:05+00:00,16,16,,"This is a support group for nurses, doctors,  health care and other medical professionals to help them unite in the wake of the current medical  crisis response, with the aim to share truth and knowldge to help humanity.",200,2026-10-06T09:20:19+00:00
AusRepsOfficial,alive,channel,Australian Federation Party (FedParty) - Official Channel,1130,,2022-12-23T04:04:58+00:00,0,0,,,200,2026-10-06T09:20:23+00:00
Aussie_News,empty_page,,,,,,,,,"If you have  Telegram , you can view posts by  @Aussie_News  right away.",200,2026-10-06T09:20:25+00:00
Aussie_News2,alive,channel,M2 backup public ANews#2 channel,12,,2022-12-26T11:21:58+00:00,0,0,,Backup digital ID public group.  Backup group is just to save the name for when the main group goes public again.   This group will not be used for anything at all.,200,2026-10-06T09:20:28+00:00
aussiefreedom,empty_page,,,,,,,,,"If you have  Telegram , you can contact  @aussiefreedom  right away.",200,2026-10-06T09:20:31+00:00
AussiesUnited,alive,channel,Aussies United,52,,2022-02-19T12:01:27+00:00,0,0,,❤️    🇦🇺,200,2026-10-06T09:20:33+00:00
aussieswanttruth1,alive,channel,Aussies Want the Truth,67,,2022-07-07T01:01:31+00:00,0,0,,"NO spam, bitcoin or it will be removed",200,2026-10-06T09:20:36+00:00
AussieTruckiesUnited,alive,channel,🇦🇺   Aussies united   🇦🇺,3540,,2026-10-06T02:29:27+00:00,14,14,,Aussie truckies united for a common cause,200,2026-10-06T09:20:41+00:00
australia_must_rise,alive,channel,AUSTRALIA MUST RISE,703,,2025-03-22T06:36:03+00:00,0,0,,,200,2026-10-06T09:20:45+00:00
AustraliaAwakens,alive,channel,Australia Awakens,2020,,2026-10-05T11:19:49+00:00,5,11,AustraliaAwakens,"PLEASE GET YOUR FRIENDS ON TELEGRAM, STEAL THESE MEMES AND SHARE THIS CHANNEL   🌟     Share link -  https://t.me/AustraliaAwakens   Your spiritual immune system knows something is not right.   With the strictest lockdown in the world, all eyes are on Victoria.",200,2026-10-06T09:20:49+00:00
australiaforfreedom,alive,channel,Australiaforfreedom,19600,,2026-10-06T07:22:29+00:00,20,20,,,200,2026-10-06T09:20:52+00:00
australianrevival,alive,channel,Australian Revival,34,,2026-09-27T08:09:43+00:00,0,4,,,200,2026-10-06T09:20:56+00:00
AustraliansforCHD,alive,channel,Children's Health Defense Australia,3160,,2026-08-18T12:19:32+00:00,0,0,,"Australians for CHD are an affiliate of Children's Health Defense (CHD) providing a powerful, unified voice for advocates to enhance our collective ability to create change.",200,2026-10-06T09:20:58+00:00
australiansforsafetechnology,alive,channel,Australians for Safe Technology (official),224,,2026-08-10T13:45:09+00:00,0,0,,This channel is committed to promoting the deployment of technologies that are safe for all life on Earth.,200,2026-10-06T09:21:02+00:00
Australiantimes,empty_page,,,,,,,,,"If you have  Telegram , you can contact  @Australiantimes  right away.",200,2026-10-06T09:21:04+00:00
australiaoneparty_official,alive,channel,AustraliaOneParty_Official,32400,,2026-08-04T01:13:23+00:00,0,0,,The OFFICIAL Telegram channel of AustraliaOne Party   🇦🇺    🥇      🔹   It is no longer about 'left' or 'right'   🔹   It's about what is 'RIGHT' & 'WRONG'!   🔹   AustraliaOne   🇦🇺   the 'Peoples Party'   🔹   Believing in a 'bottom up' system of leadership.,200,2026-10-06T09:21:07+00:00
AustraliaPreppingSurvival,empty_page,,,,,,,,,"If you have  Telegram , you can contact  @AustraliaPreppingSurvival  right away.",200,2026-10-06T09:21:10+00:00
australiarising,empty_page,,,,,,,,,"If you have  Telegram , you can contact  @australiarising  right away.",200,2026-10-06T09:21:13+00:00
australiavoicechat,empty_page,,,,,,,,,"If you have  Telegram , you can contact  @australiavoicechat  right away.",200,2026-10-06T09:21:15+00:00
auzunited,alive,channel,Australia United broadcast channel,30,,2025-01-29T05:47:00+00:00,0,0,,"This channels purpose is to unite global citizens and organisations in effectively motivating peace, freedom and the end of tyranny for all humans.",200,2026-10-06T09:21:18+00:00
AviYeminiOfficial,alive,channel,Avi Yemini,14900,,2026-10-06T08:37:01+00:00,14,20,,Join me on the one platform they can’t BAN me from.,200,2026-10-06T09:21:21+00:00
avninformedchoice,alive,channel,Australian Vaccination-risks Network,6190,,2026-10-04T05:38:04+00:00,1,6,,Advocates for vaccine safety and informed choice since 1994.   https://linktr.ee/avn.org,200,2026-10-06T09:21:24+00:00
awakeinthedreamchannel,alive,channel,Awake in the Dream,3000,,2025-09-12T17:51:12+00:00,0,0,,• My links! Lots of resources here   https://campsite.bio/awakeinthedream   • My shop -  www.awakeinthedream.shop   This is the Telegram channel for awake.in.the.dream on IG -  https://instagram.com/awake.in.the.dream,200,2026-10-06T09:21:28+00:00
awakenedlightofficial,alive,channel,awakenedlightofficial,1,,2024-09-25T18:30:22+00:00,0,0,,,200,2026-10-06T09:21:31+00:00
awakenedorwells,alive,channel,Truth Seeker Ireland,38,,2025-10-19T22:54:34+00:00,0,0,,truthseekers,200,2026-10-06T09:21:34+00:00
awakenindiamovement,alive,channel,Awaken India Movement,11800,,2026-10-06T06:33:58+00:00,8,20,,Click the Chat Icon on the right to join our Discussion Group.  Follow us on other platforms:   https://youtube.com/channel/UCgUSFGGKlAcNC4_77p-sfLQ    Instagram.com/awakenindiamovement,200,2026-10-06T09:21:36+00:00
Awakening_Red_Pill,alive,channel,Awekening Pill 醒理,30,,2026-10-06T01:06:27+00:00,8,20,,,200,2026-10-06T09:21:39+00:00
Awakening_the_sheep_page,empty_page,,,,,,,,,"If you have  Telegram , you can contact  @Awakening_the_sheep_page  right away.",200,2026-10-06T09:21:42+00:00
awakeningmasters,alive,channel,Awakening Masters,80,,2026-10-05T07:10:37+00:00,1,2,,And Matrix Breakers. Deeper truths for those who have already taken the red pill and are in some stage of awakening.,200,2026-10-06T09:21:45+00:00
awakeningsheep,alive,channel,Awakening Sheep,574,,2022-11-05T03:30:19+00:00,0,0,,🛑   What is the AGENDA?    😷  Are you a critical thinker?    🐑  Or Are you a sheep?   🐑,200,2026-10-06T09:21:48+00:00
awakenwithjp,empty_page,,,,,,,,,"If you have  Telegram , you can contact  @awakenwithjp  right away.",200,2026-10-06T09:21:52+00:00
awakenwithme,alive,channel,Awakenwithme,1790,,2024-03-09T20:41:48+00:00,0,0,,"🇦🇺   Exposing the truth of covid19 and the ""Vaccines""",200,2026-10-06T09:21:55+00:00
awkn20,alive,channel,Awakening-now   ☀️,152,,2026-10-02T19:08:41+00:00,1,6,,The Journey IS the Reward.,200,2026-10-06T09:21:58+00:00
AwokenCanberraAnnouncements,alive,channel_no_preview,Awoken Canberra Announcements,126,,,,,AwokenCanberra,"A group for awoken and open minded people around Canberra.  Join us every Sun 11am-1pm at Black Mountain Peninsula near the water park, and at our big events (see posters). Join our Awoken Canberra Chat channel also https://t.me/AwokenCanberra",200,2026-10-06T09:22:00+00:00
babylondecoded,alive,channel,BabylonDecoded,1340,,2026-09-02T16:54:16+00:00,0,0,,Decoding the Babylon System,200,2026-10-06T09:22:03+00:00
BackToBasicsLifeCoaching,alive,channel,Back To Basics Life Coaching,24,,2023-10-10T09:37:38+00:00,0,0,,"Consulting and life coaching on homesteading, prepping, sustainability, backyard   🐓  chickens, food preservation (jarring, dehydrating and freeze drying), bugging in/out, Organic gardening, survival & plant medicine!!  $75 p/hr  Call or Text 720-689-1115",200,2026-10-06T09:22:05+00:00
badassmamita,alive,channel,Badass Mamita,264,,2022-07-04T08:10:48+00:00,0,0,,,200,2026-10-06T09:22:09+00:00
badbluegirl,alive,channel,NIKOLINA TESLA,61,,2025-04-06T02:57:19+00:00,0,0,,https://youtube.com/@djbadbluegirl,200,2026-10-06T09:22:11+00:00
BankruptStates,empty_page,,,,,,,,,"If you have  Telegram , you can contact  @BankruptStates  right away.",200,2026-10-06T09:22:14+00:00
bannedvideo1,alive,channel,📣  Freedom & Liberty,36,,2022-10-10T07:31:02+00:00,0,0,,,200,2026-10-06T09:22:17+00:00
baogaoduizhang,empty_page,,,,,,,,,"If you have  Telegram , you can contact  @baogaoduizhang  right away.",200,2026-10-06T09:22:20+00:00
BareNakedTruth,alive,channel,BareNakedTruth,21,,2025-09-14T16:38:41+00:00,0,0,,,200,2026-10-06T09:22:23+00:00
BasedOmnivore,alive,channel,PlantBasedOmnivore,6350,,2026-07-06T20:49:15+00:00,0,0,,Uncensored,200,2026-10-06T09:22:26+00:00
BC_FreedomFighters,alive,channel,BC Interior Freedom Fighters,5550,,2026-10-03T14:22:01+00:00,20,20,,"A channel dedicated to the interior of British Columbia’s ( North Okanagan, Shuswap, Thompson / Nicola, Cariboo, etc ) ,continuing fight against tyranny and  medical apartheid imposed by a corrupt system…",200,2026-10-06T09:22:29+00:00
beckfreedom,alive,channel,beckhurley,892,,2022-04-25T05:50:56+00:00,0,0,,Freedom is a mindset   🦋,200,2026-10-06T09:22:32+00:00
beinformedlife,alive,channel,BE INFORMED,636,,2026-06-10T08:58:54+00:00,0,0,,Apathy is a fools consent. Courage is infectious. Become a part of the Solution.,200,2026-10-06T09:22:35+00:00
BelieveInResistance,alive,channel_no_preview,Believe In Resistance,437,,,,,,Believe that Resistance is possible and that we can all fight against the new totalitarianism  bit.ly/PatriotMap,200,2026-10-06T09:22:38+00:00
belindamoore,empty_page,,,,,,,,,"If you have  Telegram , you can contact  @belindamoore  right away.",200,2026-10-06T09:22:40+00:00
bengilroy,alive,channel,Ben Gilroy,3620,,2026-09-01T05:49:48+00:00,0,0,,"Leader, Liberty Republic.",200,2026-10-06T09:22:43+00:00
BeyondtheNarrative,alive,channel,Beyond the Narrative,789,,2022-11-22T02:46:42+00:00,0,0,,We dig under the surface of today’s news stories to unveil what is hidden beyond the narrative.,200,2026-10-06T09:22:45+00:00
BillofRights1689,alive,channel,The English Constitutional party ( unofficial ),378,,2026-10-05T21:06:41+00:00,10,20,,ENGLISH INDEPENDANCE,200,2026-10-06T09:22:48+00:00
billytekahika,alive,channel,Billy Te Kahika Official,2020,,2025-04-03T01:58:23+00:00,0,0,,,200,2026-10-06T09:22:52+00:00
birdgroupuk,alive,channel,BiRD Group Channel,10200,,2026-09-05T10:48:08+00:00,0,0,,The British Ivermectin Recommendation Development Group,200,2026-10-06T09:22:57+00:00
BlackfullaGrapeVine,alive,channel,Independent Blackfulla Media (IBM)   🖤    💛    ❤️,437,,2022-04-19T11:23:20+00:00,0,0,,"Raw, grassroots, uncensored, informative, up to the minute content for mob by mob - Join Our IBM Chat  Admin Kaiyu Bayles  https://linktr.ee/KaiyuBayles",200,2026-10-06T09:23:00+00:00
BlessTheVacuum,alive,channel,🔊   @BlessTheVacuum • Blessings To The Vacuum • Intuitive Social Dialogue • Intuitive Public Radio • IPR •••,12,,2026-06-17T04:32:31+00:00,0,0,,,200,2026-10-06T09:23:02+00:00
blisspurefoods,alive,channel,🌈  FOLLOW YOUR BLISS   🌈,1390,,2026-10-05T20:42:27+00:00,12,12,,"🍎   Whole Food Educator    🌺  Gut health matters.   💚   Traditional Fermentation for Modern People   Enter the Oracle Garden at BLiSS   ✨    🌱    Into handmade arts, creative deisgns, photography, latin dancing and healthy good foods and people.   🌱    🌺    💃    🧡    🤪",200,2026-10-06T09:23:06+00:00
BlkUbiquity,alive,channel,Black Ubiquity,21,,2026-10-04T20:07:36+00:00,12,20,BlackUbiquityChat,https://t.me/BlackUbiquityChat,200,2026-10-06T09:23:09+00:00
BloodyPiratepresents,alive,channel,Bloody Pirate presents   ☠,1740,,2026-10-01T21:11:22+00:00,1,20,BloodyPiratesGhost,"....a view of the World from the corner of a hedge....  🌳    🌲    🌿    ....some current events, off grid living, music, comedy and dank memes.....  💚    Contact:-   @BloodyPiratesGhost",200,2026-10-06T09:23:12+00:00
BluntNewsfeed,empty_page,,,,,,,,,"If you have  Telegram , you can contact  @BluntNewsfeed  right away.",200,2026-10-06T09:23:15+00:00
bobbynetwork,alive,channel,Bobby's Network ツ   🐭    🐓    🐀    ☠️,1810,,2023-06-11T11:25:43+00:00,0,0,,"Those who control the mem, control the world.   twitter.com/Bobby_Network    bobbyrajeshmalhotra.tumblr.com    orcid.org/0000-0002-2644-3438    cormandrostenreview.com   SUPPORT:  paypal.me/RajeshKumarMalhotra   BTC: 34N7n4CANdWt6KkiLdGsJxT2CZnAAWXsZi",200,2026-10-06T09:23:18+00:00
Bobbysperspective,alive,channel,Bobby's Perspective,2310,,2026-10-05T16:12:15+00:00,1,8,,Truth.,200,2026-10-06T09:23:22+00:00
bodhisvaha,alive,user_or_bot,Wizard Tony,,,,,,,,200,2026-10-06T09:23:25+00:00
BoxCleverArmy,alive,channel,BOX CLEVER ARMY   🏅    🫡     👑,2060,,2026-09-18T23:20:32+00:00,0,3,BCAPodcasts,A Treasure Chest of TRUTH & KNOWLEDGE   🙏🏼   Checkout  @BCAPodcasts  Telegram Channel  #DestroyTheWEF   #OccupyWEFminster,200,2026-10-06T09:23:27+00:00
brainlaboratory,alive,channel,BRAIn Lab: Optimization and Beyond,1140,,2026-09-25T13:56:56+00:00,0,3,abeznosikov,"Канал лаборатории фундаментальных исследований ИИ.  В фокусе: оптимизация в ML, GenAI, математика ИИ, ИИ для науки,  федеративное обучение.  Научный руководитель: Александр Безносиков  @abeznosikov",200,2026-10-06T09:23:30+00:00
breesmedia,alive,channel,Brees Media,3490,,2023-03-27T20:37:31+00:00,0,0,,The Official Media Channel for Anna Brees,200,2026-10-06T09:23:33+00:00
BrianGerardSchaeferChannel,alive,channel,Brian Gerard Schaefer,133,,2026-10-06T07:54:36+00:00,5,20,,"Author Inspirational speaker Independent researcher Wholistic Practitioner Founder of: Universal Kinetics, The Brain Exercise Program, Universal Ho'oponopono, The Universal Method Chairman of the Forest Foundation",200,2026-10-06T09:23:37+00:00
BristolBlues32,alive,channel,BristolBlues32,349,,2026-04-24T21:16:40+00:00,0,0,,,200,2026-10-06T09:23:40+00:00
BritishNursingAllianceSpeak,alive,channel,Kate Shemirani Official,12500,,2026-10-06T06:32:48+00:00,20,20,,A channel for health and healing to converse with one another and add their personal comments to posts.,200,2026-10-06T09:23:43+00:00
BritishPatriotNews,alive,channel,British Patriot News,78,,2020-11-01T21:30:13+00:00,0,0,,Patriotic channel for the people of Britain  Facebook   👉    https://www.facebook.com/British-Patriot-News-104639531142074/,200,2026-10-06T09:23:46+00:00
Bukeeyo,alive,channel,PUREBLOODS AUS/NZ,461,,2022-08-15T13:37:58+00:00,0,0,,,200,2026-10-06T09:23:49+00:00
BurnersInService,alive,channel,🔊   @BurnersInService • Honoring Consent Consciousness • Burners In Service • Intuitive Public FIame • IPR •••,9,,2026-07-21T02:44:01+00:00,0,0,,,200,2026-10-06T09:23:52+00:00
buttarrashid,empty_page,,,,,,,,,"If you have  Telegram , you can contact  @buttarrashid  right away.",200,2026-10-06T09:23:54+00:00
cabintalk,alive,channel,Cabin Talk,573,,2024-08-12T13:22:48+00:00,0,0,,Join me here!,200,2026-10-06T09:23:57+00:00
CaliVaxChoice,alive,channel,CaliVaxChoice,515,,2026-09-28T18:28:35+00:00,0,11,,#StandUpCalifornia   #VaccineChoice   #InformedConsent    #HumanRights   #CivilRights   #ParentalRights    #ReligiousFreedom   #NoLiability   #NoMandates   #California   WEBSITE:  https://standupcalifornia.com/,200,2026-10-06T09:24:00+00:00
CamelotTV,alive,channel,CamelotTVNetwork,2370,,2026-08-07T22:47:27+00:00,0,0,,"Updates on Camelot Castle TV live broadcasts, interviews and upcoming guests. Join CamelotTVNetworkChat to be a part of our community (“Discuss” button on iPhone and Chat   💬   icon on Android)",200,2026-10-06T09:24:02+00:00
CanadaHealthAlliance,alive,channel,Canada Health Alliance,1300,,2026-10-02T13:05:15+00:00,2,13,CanadaHealthAlliance,"t.me/CanadaHealthAlliance    The CANADA HEALTH ALLIANCE is a non-profit collaboration of health professionals from across Canada who envision a world inspired by healthy, informed, strong, and free Canadians.",200,2026-10-06T09:24:06+00:00
CanadasMaskExemptionJUSTSAYNO,alive,channel,WORLD FREEDOM   🌎,79,,2024-09-13T05:07:29+00:00,0,0,joinchat,A place to get away from fb’s censoring BS! Group Link:  https://t.me/joinchat/UvjjdL0zFrEyMDAx,200,2026-10-06T09:24:09+00:00
CanadaTheDailyDescent,alive,channel,Canada: The Daily Descent  🇨🇦    🔥,461,,2022-04-10T03:09:45+00:00,0,0,,Chronicling the most important news happening in Canada today. Buckle up.,200,2026-10-06T09:24:11+00:00
canadian_fact_checked_news,alive,channel,Qanon* The Rise and Fall of Carnage Carney,2540,,2026-10-06T01:23:40+00:00,20,20,,"World news opinion, politics, science,  intelligence culture, Canadian, Canada, US, Russia, Chile, Colombia , Cuba, México, Spain,  France, UK. Love peace war God, Jesus,  pharmamafia , great reset MSM lies to you death to NWO.",200,2026-10-06T09:24:14+00:00
canadianuprising,alive,channel,canadianuprising,22,,2024-08-17T16:18:40+00:00,0,0,,,200,2026-10-06T09:24:17+00:00
carboncaptureshield,alive,channel_no_preview,Carbon Capture Shield,734,,,,,,"We are here to shift 1 Billion acres to Regenerative Stewardship by 2030 - reversing the environmental degradation, eliminating the need for poisons or fertilizers while increasing crop yield and nutrient density.",200,2026-10-06T09:24:20+00:00
carlvernon,alive,channel,Carl Vernon Official,2640,,2026-08-23T09:11:39+00:00,0,0,,Live updates and news.,200,2026-10-06T09:24:23+00:00
carriemadej,alive,channel,Dr. Carrie Madej,10200,,2025-03-12T07:03:01+00:00,0,0,,,200,2026-10-06T09:24:26+00:00
CaseAgaisntVeganism,alive,channel,Case Against Veganism,244,,2025-09-14T05:51:53+00:00,0,0,,A look at the arguments and evidence that proves veganism = malnutrition.,200,2026-10-06T09:24:29+00:00
CatherineEdwardsLife,alive,channel,Catherine Edwards Life,4650,,2026-10-05T11:38:57+00:00,7,13,,,200,2026-10-06T09:24:32+00:00
cccorona,empty_page,,,,,,,,,"If you have  Telegram , you can contact  @cccorona  right away.",200,2026-10-06T09:24:35+00:00
censoredlinks,alive,channel,Awareness health,82,,2022-06-01T12:49:08+00:00,0,0,,,200,2026-10-06T09:24:38+00:00
CENSOREDMEDIA,alive,channel,CENSORED MEDIA,522,,2026-09-22T08:55:52+00:00,0,20,,,200,2026-10-06T09:24:41+00:00
Censorslip,alive,channel,The Censored,2360,,2022-07-01T17:59:53+00:00,0,0,,I’m in the middle of making a documentary that you’re probably not allowed to see and plan to post things I come across here since I can’t do it on YouTube anymore. Feel free to subscribe if you want to see the stuff that keeps getting me in trouble.,200,2026-10-06T09:24:44+00:00
cerchiamoilpinguino,empty_page,,,,,,,,,"If you have  Telegram , you can contact  @cerchiamoilpinguino  right away.",200,2026-10-06T09:24:47+00:00
certificateofbollocks,empty_page,,,,,,,,,"If you have  Telegram , you can contact  @certificateofbollocks  right away.",200,2026-10-06T09:24:50+00:00
chaosnavigator,alive,channel,ChaosNavigator,238,,2026-09-21T01:21:01+00:00,0,19,joinchat,"Invite link til chat:  https://t.me/joinchat/koSfzR_psrcwZmJk   Solutions to the coming collapse, cutting edge analysis and connections   About ChaosNavigator: : https://chaosnavigator.substack.com/about   Der er behov for manualer:   https://bit.ly/3igWj8U",200,2026-10-06T09:24:52+00:00
charleskassatly,alive,channel,Charles Kassatly,25,,2026-07-21T07:19:43+00:00,0,0,,Light Is Information. Darkness Is Lack Of Information!,200,2026-10-06T09:24:55+00:00
CHDEurope,alive,channel,Children's Health Defense Europe,2480,,2024-03-27T22:37:08+00:00,0,0,,Please help us share our latest articles featured in the  CHDEurope.org  newsletter (don't get our newsletter? You can join here  www.chdeurope.org,200,2026-10-06T09:24:58+00:00
checkthemotivesoriginal,alive,channel_no_preview,Original ❤ Knowledge is Power 💪,9,,,,,getempowered,"Get empowered - Stand up, speak out 🌺 Mother, Advocate, Teacher, Recovery Coach, Warrior Princess  Discussion group: https://t.me/getempowered  https://www.facebook.com/JenComeaux3  IG 📷 jencomeau_x3",200,2026-10-06T09:25:01+00:00
ChefPeteEvans,alive,channel,Chef Pete Evans,28800,,2021-05-27T22:36:52+00:00,0,0,,https://content.thebitcoinadviser.com/pete-evans   The Official Pete Evans Telegram Channel  https://campsite.bio/peteevans,200,2026-10-06T09:25:04+00:00
chestyschannel,alive,channel,Chesty’s Channel,56,,2026-02-02T10:04:27+00:00,0,0,,Musings and missives Chesty would love.,200,2026-10-06T09:25:06+00:00
chiefnerd,alive,channel,Chief Nerd,44800,,2023-12-08T21:21:05+00:00,0,0,,"Full-Time Engineer, Part-Time Citizen Journalist | Support:  http://buymeacoffee.com/ChiefNerd  | Platforms:  http://ChiefNerd.id",200,2026-10-06T09:25:09+00:00
choqlife,alive,channel,Choq Life,5420,,2023-09-17T18:09:45+00:00,0,0,connecting_consciousness,"Lifestyle channel for all things to do with alternative health, current events, and pure living.  Choq.com  run by  @connecting_consciousness",200,2026-10-06T09:25:12+00:00
chriskirckof,alive,channel,Chris Kirckof,487,,2025-09-02T03:31:54+00:00,0,0,,,200,2026-10-06T09:25:15+00:00
christinawilson84,alive,user_or_bot,Christina🐾✌️Yescoiner🆙 UXUY Wilson🐈‍⬛,,,,,,,,200,2026-10-06T09:25:18+00:00
citizenofearthofficial,alive,channel,Citizen of Earth,941,,2022-05-05T12:05:59+00:00,0,0,,There's no Planet B!,200,2026-10-06T09:25:20+00:00
ClareWHarrison,empty_page,,,,,,,,,"If you have  Telegram , you can contact  @ClareWHarrison  right away.",200,2026-10-06T09:25:23+00:00
classactiontoprotectourkids,empty_page,,,,,,,,,"If you have  Telegram , you can contact  @classactiontoprotectourkids  right away.",200,2026-10-06T09:25:26+00:00
CLCGB,alive,channel_no_preview,Common Law - files,6016,,,,,,As it says on the tin,200,2026-10-06T09:25:28+00:00
ClimateIreland,empty_page,,,,,,,,,"If you have  Telegram , you can contact  @ClimateIreland  right away.",200,2026-10-06T09:25:31+00:00
ColinCambray,alive,channel,Colin Cambray,25,,2022-09-15T00:23:25+00:00,0,0,,Suspended from twitter with 4K plus followers!,200,2026-10-06T09:25:33+00:00
collectiveevolution,alive,channel,Collective Evolution,16600,,2026-10-02T11:51:47+00:00,3,3,,We will be dropping news here as Facebook is holding us back.   🙌    🙏,200,2026-10-06T09:25:36+00:00
collectivem,alive,channel,The Collective Mission,1400,,2026-10-01T08:37:30+00:00,1,3,,📦   Out of the box research   🧬   If someone wants to hold on to their present belief and perceptions they will not be able to understand anything new.   I speak the truth that others would not dare to.,200,2026-10-06T09:25:39+00:00
CommonLaw_Australia,alive,channel,Common Law Australia,533,,2026-01-19T13:17:02+00:00,0,0,CommonLaw_Australia,https://t.me/CommonLaw_Australia     https://commonlaw.earth/common-law-statement-of-values/,200,2026-10-06T09:25:43+00:00
commonlifeofcommonpeople,empty_page,,,,,,,,,"If you have  Telegram , you can contact  @commonlifeofcommonpeople  right away.",200,2026-10-06T09:25:48+00:00
communityaustralia,empty_page,,,,,,,,,"If you have  Telegram , you can contact  @communityaustralia  right away.",200,2026-10-06T09:25:50+00:00
communityhealthproject,alive,channel,Community Health Project,4500,,2026-10-06T08:30:46+00:00,20,20,,We are a group of citizens concerned about the health impacts in response to the SARS-CoV-2 outbreaks in Victoria and across Australia,200,2026-10-06T09:25:53+00:00
ComputingForeverOfficial,alive,channel,Computing Forever Official,4720,,2021-05-10T15:36:22+00:00,0,0,,The official Telegram of Channel of Computing Forever (Dave Cullen),200,2026-10-06T09:25:56+00:00
ConcernedcitizenAustralia,alive,channel_no_preview,Concerned Citizen - Australia,483,,,,,,,200,2026-10-06T09:25:58+00:00
concernedlawyersnetwork,alive,channel,Concerned Lawyers Network,8430,,2025-03-10T08:55:50+00:00,0,0,,Www.concernedlawyersnetwork.net,200,2026-10-06T09:26:01+00:00
connectingconsciousness,alive,channel,CONNECTING CONSCIOUSNESS,142,,2025-02-12T22:16:39+00:00,0,0,,,200,2026-10-06T09:26:03+00:00
ConorRafferty,alive,channel,Conor Rafferty,65,,2024-10-13T18:53:59+00:00,0,0,ConorPRafferty,Populist and election candidate (Mid Ulster UKGE2019 690 votes)  Views expressed by third parties or re-shared here are not my own.  This is my channel. My personal account for PMs is  @ConorPRafferty .,200,2026-10-06T09:26:07+00:00
consciousawakeningg,alive,channel,CONSCIOUS AWAKENING,21100,,2026-02-26T11:30:31+00:00,0,0,the_conscious_awakening the_conscious_awakeningg,"Truth is stranger than fiction, question everything.   Message  @the_conscious_awakeningg  for enquiries.  Instagram -  @the_conscious_awakening",200,2026-10-06T09:26:10+00:00
consciouspineal,alive,channel,CONSCIOUS PINEAL,10200,,2025-11-07T15:35:51+00:00,0,0,consciouspineal,All The World’s A Stage   #deletetheelite    Discerning The Truth from Lies    https://t.me/consciouspineal,200,2026-10-06T09:26:13+00:00
consciousthinking,alive,channel,Conscious thinking,6,,2022-04-06T06:22:38+00:00,0,0,,They stop and start again Repeat the process They repeat the lie This is the last time No more.,200,2026-10-06T09:26:16+00:00
consciousvitality,alive,channel,PurelyPreparedPatriot.com   🇺🇸    🌎    🎉    🙌    ✌️    ❤️,1160,,2025-06-29T12:59:16+00:00,0,0,joinchat,SHARE CHANNEL LINK:   https://t.me/joinchat/AAAAAFSgw05HiVi7tQj8hw    Community Telegram Discussion Thread Link  t.me/joinchat/AAAAAFDxQFD45ISOVephdw    PurelyPreparedPatriot.com  Formerly  ConsciousVitality.com  exclusive uncensored Telegram channel.,200,2026-10-06T09:26:19+00:00
conspiracy42,alive,channel,conspiracy / dark occult,1940,,2025-09-21T07:06:20+00:00,0,0,,Coffee money / tips greatly appreciated   🙏    Ethereum  0xEf7Edc840C8BA79A1a2bD2536AAE1d85C9002288  Monero   47Z8XkVSrpU6t7ZhXjCW6deSrFH8311X4BRFAkmDJGWj1MqdfxG7jjShPsUAd2deaBJXQZtVgVQwRH5WGzBWduDB2yCKi2g  Bitcoin  3NX3GjW8v7vQnEjcvgJ15M6QDBKqd3NVba,200,2026-10-06T09:26:22+00:00
Conspiracydocs,alive,channel,Conspiracy Vault,363,,2025-01-17T14:51:06+00:00,0,0,,Mostly banned/deleted youtube videos,200,2026-10-06T09:26:25+00:00
Conspirologiya_Kot_Bayu,empty_page,,,,,,,,,"If you have  Telegram , you can contact  @Conspirologiya_Kot_Bayu  right away.",200,2026-10-06T09:26:28+00:00
contaniments,alive,channel,Vaccine Detox Info +,1380,,2026-09-29T08:33:36+00:00,0,4,,,200,2026-10-06T09:26:31+00:00
ConversationsWithVermonters,empty_page,,,,,,,,,"If you have  Telegram , you can contact  @ConversationsWithVermonters  right away.",200,2026-10-06T09:26:34+00:00
Convid1984,empty_page,,,,,,,,,"If you have  Telegram , you can contact  @Convid1984  right away.",200,2026-10-06T09:26:37+00:00
copsforcovidtruth,alive,channel,Cops for Truth,8220,,2026-10-06T08:45:06+00:00,20,20,,Official channel of Cops for Truth  Email for Police officers requiring support - chat@copsforcovidtruth.com   www.copsforcovidtruth.com,200,2026-10-06T09:26:39+00:00
CorbettReport,alive,channel,The Corbett Report,11800,,2026-10-04T10:04:22+00:00,3,13,joinchat toalibertarian,We're just fans of Corbett report trying to link and backup their content. Please visit  https://www.corbettreport.com   Contact me via  @toalibertarian  if you need anything  Check out another better mirror at  https://t.me/joinchat/AAAAAEWkzhgg4yYBNjRqtA,200,2026-10-06T09:26:42+00:00
Corona_5G_Rollout,empty_page,,,,,,,,,"If you have  Telegram , you can contact  @Corona_5G_Rollout  right away.",200,2026-10-06T09:26:45+00:00
corona_communism2020,empty_page,,,,,,,,,"If you have  Telegram , you can contact  @corona_communism2020  right away.",200,2026-10-06T09:26:47+00:00
corona_investigative,alive,channel,corona_investigative,5,,2026-05-31T18:33:39+00:00,0,0,,,200,2026-10-06T09:26:50+00:00
CoronaChanNews3,empty_page,,,,,,,,,"If you have  Telegram , you can contact  @CoronaChanNews3  right away.",200,2026-10-06T09:26:52+00:00
CoronaInvestigativeCommittee,alive,channel,Corona Investigative Committee   🇺🇸  /  🇬🇧  /  🇦🇺,15300,,2026-08-22T08:11:46+00:00,0,0,,corona-investigative-committee.com,200,2026-10-06T09:26:55+00:00
coronatruth2020,empty_page,,,,,,,,,"If you have  Telegram , you can contact  @coronatruth2020  right away.",200,2026-10-06T09:26:58+00:00
coronavaccinsbijwerkingen,empty_page,,,,,,,,,"If you have  Telegram , you can contact  @coronavaccinsbijwerkingen  right away.",200,2026-10-06T09:27:00+00:00
CoronavirusIntelligence,alive,channel,☣️  Coronavirus Intelligence,1510,,2023-09-28T04:15:36+00:00,0,0,,,200,2026-10-06T09:27:03+00:00
CoronaVirusMemes,alive,channel,CoronaVirus MEMES - COVID19,218,,2022-09-29T21:40:44+00:00,0,0,zyzzbrahhh,Send your memes to  @zyzzbrahhh  to be posted on the channel feed,200,2026-10-06T09:27:06+00:00
coronavirusrealinfo,alive,channel,Coronavirus real info,27,,2026-06-13T11:43:19+00:00,0,0,coronavirusrealinfo,https://t.me/coronavirusrealinfo,200,2026-10-06T09:27:09+00:00
CoronvirusPlushie,alive,channel,Coronavirus Plushie,2040,,2024-02-10T04:10:18+00:00,0,0,,"Rumble:  https://rumble.com/account/content?type=all#   Bitchute:  https://www.bitchute.com/video/uUjP9oJ88kMC/   My last you tube channel, now deleted, but archived here  https://www.altcensored.com/channel/UCEce_iLVrJbZzWuuS3MttDw",200,2026-10-06T09:27:11+00:00
Corrupted_Australia,empty_page,,,,,,,,,"If you have  Telegram , you can contact  @Corrupted_Australia  right away.",200,2026-10-06T09:27:15+00:00
counterspin,alive,channel,COUNTERSPIN MEDIA (OFFICIAL),7450,,2026-10-05T09:01:05+00:00,9,20,,New Zealand's Media Revolution!,200,2026-10-06T09:27:17+00:00
COV19LIES,alive,channel,የ COVID-19 ውሸቶች,171,,2026-08-08T04:28:30+00:00,0,0,,ከ COVID-19 ወረርሽኝ በስተጀርባ ያለውን ማታለያ ማጋለጥ [Exposing the worlds biggest Deceit of our time],200,2026-10-06T09:27:21+00:00
cov19SA,alive,channel,Covid 19 South Africa,59,,2024-11-21T12:14:46+00:00,0,0,,The truth and nothing but the truth.,200,2026-10-06T09:27:23+00:00
covfacts,empty_page,,,,,,,,,"If you have  Telegram , you can contact  @covfacts  right away.",200,2026-10-06T09:27:27+00:00
covfefenewsnetwork,alive,channel,Covfefe News Network,25,,2026-09-29T01:38:06+00:00,0,9,,"Winning the information war. Critical Thoughts. Rare memes. Data Driven Actionable Insights. Subscribe, laugh and share. Satire Account.",200,2026-10-06T09:27:29+00:00
covicorruption,empty_page,,,,,,,,,"If you have  Telegram , you can contact  @covicorruption  right away.",200,2026-10-06T09:27:33+00:00
COVID19agenda,empty_page,,,,,,,,,"If you have  Telegram , you can contact  @COVID19agenda  right away.",200,2026-10-06T09:27:36+00:00
covid19physicians,alive,channel,COVID-19 for Physicians,17,,2021-09-26T18:11:54+00:00,0,0,,"COVID-19 news, research, and commentary curated by physicians for physicians.  #coronavirus   #covid19   #SARS -CoV2",200,2026-10-06T09:27:38+00:00
covid19report,alive,channel_no_preview,COVID-19 Report,362,,,,,COVID19Up,The latest news on COVID-19 from around the world with focus on the U.S. World Update: —>  @COVID19Up   Tip the admin: Cash App - $g3hq PayPal - paypal.me/g3group,200,2026-10-06T09:27:42+00:00
COVID19Resources,alive,channel,COVID-19 Resources,16,,2020-04-11T18:40:38+00:00,0,0,Covid19Report,Here are some useful resources to help you get through this unprecedented time.  Follow our CoViD-19 newsfeed:  @Covid19Report,200,2026-10-06T09:27:45+00:00
covid19thefacts,alive,channel,Covid 19 the facts about the virus and the vaccine and what happening to the world,129,,2026-01-21T02:20:04+00:00,0,0,,"This channel is a new channel  to show people the facts about covid-19,  from doctors, scientific reports & actual figures No conspiracy  just facts",200,2026-10-06T09:27:49+00:00
Covid19Truth,alive,channel,Join   👉   @🄲🄾🅅🄸🄳❶❾🅃🅁🅄🅃🄷,2170,,2024-09-06T11:21:18+00:00,0,0,Covid19Truth Covid19TruthGroup c19tg_report,t.me/Covid19Truth  Must join to comment Chat:  t.me/Covid19TruthGroup   Rules  https://t.me/Covid19TruthGroup/40507  Report Spam  @c19tg_report    #COVID   #lockdowns   #EconomicReset   #Agenda21   #Agenda2030   #WW1   #WW2  history paved way for  #Zionist   #Marxist   #Bolsheviks,200,2026-10-06T09:27:52+00:00
COVID19Up,alive,channel,COVID-19 Up,25900,,2026-09-25T15:57:56+00:00,0,1,COVID1984Chat,Reporting the most important updates about COVID-19 and other news related to the health of the world.     🗣  t.me/COVID1984Chat,200,2026-10-06T09:27:57+00:00
Covid_my,alive,channel,大马新冠逆苗频道,1450,,2026-09-24T10:28:25+00:00,0,2,Covid_my myym6886 vaershealing,🧨   关心大马和世界的病毒与＂疫苗＂的發展趨勢   🧨   綜合有关新冠疫苗的满满干货   🧨   给於＂疫苗＂更全面的剖析   🧨   尋求＂毒苗事件＂的真相  本频道链接：  https://t.me/Covid_my   更多逆苗副作用，请看: 疫苗副作用频道  https://t.me/myym6886   更多逆苗副作用解毒资讯，请看: 疫苗副作用治療群  https://t.me/vaershealing,200,2026-10-06T09:28:01+00:00
covid_vaccine_injuries,alive,channel,Covid Vaccine Injuries,25000,,2026-10-06T07:22:58+00:00,15,19,,"Collating  injuries from around the world so people can have more information about these new products. We try not to post the same testimony twice, apologies if this occurs.",200,2026-10-06T09:28:05+00:00
covidbc,alive,channel,Covid BC (Excess Deaths),31200,,2026-08-23T02:32:27+00:00,0,0,,Independent researcher uncovering the truth.   God bless all the victims!   🙏    ❤️    X:  GenocideBlog.com,200,2026-10-06T09:28:09+00:00
Covidbin,alive,channel,COVID BIN,497,,2026-03-06T12:24:01+00:00,0,0,,Truth bin,200,2026-10-06T09:28:13+00:00
CovidCoronaVaccines,alive,channel_no_preview,Corona Vaccine Bivirkninger / Side-effects,2295,,,,,,Corona Vaccine Side Effects is a channel that informs about the thousands of serious Side effects and deaths from the experimental mRNA Gene Therapy injections.,200,2026-10-06T09:28:17+00:00
CovidDiscussionForum,empty_page,,,,,,,,,"If you have  Telegram , you can contact  @CovidDiscussionForum  right away.",200,2026-10-06T09:28:20+00:00
CovidHoax2020,alive,channel,Covid Hoax (The Terrain Is Everything),243,,2023-07-03T17:54:50+00:00,0,0,,There is no SARS-CoV-2 virus from China. The ALLEGED virus has never been isolated or purified & never seen under a microscope. Lots of videos you can share with others. Plus some short essays on this virus hoax. Plus memes. Please feel free to share.,200,2026-10-06T09:28:22+00:00
covidillusion,alive,channel_no_preview,COVIDillusion,129,,,,,,"THANK YOU FOR FOLLOWING <3  IF YOU FIND THE RESOURCES I HAVE COLLECTED HERE USEFUL, I EMPLORE YOU TO SHARE AND BRING OTHERS TO THIS CHANNEL.  WE NEED TO DISSEMINATE THIS INFORMATION WHILE OUR ABILITY TO SPEAK FREELY REMAINS SOMEWHAT INTACT ONLINE.",200,2026-10-06T09:28:26+00:00
covidmedicchannle,empty_page,,,,,,,,,"If you have  Telegram , you can contact  @covidmedicchannle  right away.",200,2026-10-06T09:28:29+00:00
covidpositivenews,alive,channel,Covid Positive News,202,,2025-07-13T13:28:49+00:00,0,0,ConsciousPeoplesNetwork FreedomHypnosis,"You have found your way to the original channel for Covid Positive News. Now we are Creating Our Vision In Detail   💞    ✊    @ConsciousPeoplesNetwork   I'm Robito, the founder of CPN and the hypnotherapy ambassador for the PHA  @FreedomHypnosis   http://robito.info",200,2026-10-06T09:28:32+00:00
CovidRedPills,empty_page,,,,,,,,,"If you have  Telegram , you can view posts by  @CovidRedPills  right away.",200,2026-10-06T09:28:35+00:00
covidreinformation,alive,channel,Covid re-information,211,,2026-09-28T11:31:48+00:00,0,8,,,200,2026-10-06T09:28:38+00:00
covidresearchdata,alive,channel,Covid data,23,,2026-06-11T16:03:48+00:00,0,0,,"Neutral resource with links to research based data, government data links related to covid can post here.",200,2026-10-06T09:28:41+00:00
CovidScienceLibrary,empty_page,,,,,,,,,"If you have  Telegram , you can view posts by  @CovidScienceLibrary  right away.",200,2026-10-06T09:28:43+00:00
covidsense,alive,channel,Covid Sense,787,,2024-01-18T00:39:45+00:00,0,0,,"Covid Sense seeks to expose the elitist depopulation plan, while simultaneously doing our part to help save humanity. ♡  Topics include: COVID-19, future pandemics, UN Agenda 2021-2063, World Bank project plans, Build Back Better, The Great Reset, & more.",200,2026-10-06T09:28:46+00:00
covidsnewsworld,alive,channel,Wakeup & Disobey,71,,2025-09-23T17:42:31+00:00,0,0,,,200,2026-10-06T09:28:49+00:00
CovidSolutionsAustralia,empty_page,,,,,,,,,"If you have  Telegram , you can contact  @CovidSolutionsAustralia  right away.",200,2026-10-06T09:28:53+00:00
covidtruthnet,alive,channel,Covid Truth Network,58300,,2026-09-28T18:42:42+00:00,0,8,,"This is the channel of a group of public health, science, and media experts who will clarify the truth about Covid-19 and the associated measures and therapies.",200,2026-10-06T09:28:56+00:00
covidvaccinedeath,alive,channel,"Bird Flu,HANTAVIRUS & Vaccine News",786,,2026-10-06T01:07:56+00:00,15,20,,"Covid Vaccine Death World Wide                                I do not give telegram or any entities associated with telegram permission to use my pictures, information, messages or posts, both past and future.",200,2026-10-06T09:28:59+00:00
covidvaccineforum,alive,channel_no_preview,Covid Vaccine Forum,60,,,,,,,200,2026-10-06T09:29:02+00:00
covidvaccineinjuries,alive,channel,Covid Vaccine Injuries,36300,,2023-01-11T00:48:06+00:00,0,0,AngelaNashville angelaisawake,To contact me or submit a story send a message to:  @angelaisawake  Gab  @AngelaNashville,200,2026-10-06T09:29:05+00:00
CovidVaccineReaction,alive,channel,CovidReactions,10,,2021-05-18T11:07:52+00:00,0,0,,"Thinking of getting vaccinated? It is your body your choice, but do you not want to be sure it's the right decision?",200,2026-10-06T09:29:07+00:00
covidvaccinesideeffectsreporting,alive,channel,COVID Vaccines + Vaccine Side Effect Reporting,30,,2021-03-10T01:16:35+00:00,0,0,,A collection of articles reporting about side effects from the different COVID vaccines,200,2026-10-06T09:29:10+00:00
covidvaccinevictims,alive,channel,COVID VACCINE VICTIMS,58100,,2026-07-31T16:00:20+00:00,0,0,CovidVaccineVictimsChat,Victims & their stories..   Please join the chat conversation here: Chat link:  https://t.me/CovidVaccineVictimsChat    CovidVaccineVictims.com,200,2026-10-06T09:29:13+00:00
CovidVaccineWORLD,alive,channel_no_preview,COVID VACCINE - REAL INFO,872,,,,,,Any and all information about Covid vaccines. Worldwide,200,2026-10-06T09:29:16+00:00
covidvaxinjury,alive,channel,Big Pharma Injuries,8210,,2025-11-15T05:41:40+00:00,0,0,,"A forum for discussion about big pharma injuries, the trans human agenda and proactive holistic health measures.  No doom and gloom, social aggression or victim shaming.",200,2026-10-06T09:29:19+00:00
covidvtruth,alive,channel_no_preview,CovidVax Injuries & Truth Revealed,213,,,,,covidvtruthchat,CovidVax Injuries & Truth Revealed Chat     Welcome https://t.me/covidvtruthchat,200,2026-10-06T09:29:22+00:00
covwatch,alive,channel,Covid watch,29,,2026-07-14T01:55:53+00:00,0,0,,Eye on big brother and big Pharma,200,2026-10-06T09:29:24+00:00
craigbackmanaustralia,empty_page,,,,,,,,,"If you have  Telegram , you can contact  @craigbackmanaustralia  right away.",200,2026-10-06T09:29:27+00:00
craigkelly,alive,channel,CRAIG KELLY - Keeping the bastards honest.,27400,,2025-03-10T01:36:48+00:00,0,0,,,200,2026-10-06T09:29:30+00:00
CrawlingDitches,alive,channel,Crawling Ditches,200,,2023-01-01T00:01:01+00:00,0,0,,,200,2026-10-06T09:29:33+00:00
credalytica,empty_page,,,,,,,,,"If you have  Telegram , you can contact  @credalytica  right away.",200,2026-10-06T09:29:35+00:00
cropcirclesandets,alive,channel,red collie1,1690,,2026-10-05T22:55:46+00:00,18,18,,"ETs, UFOs, crop circles, time travel here! (HRD)",200,2026-10-06T09:29:38+00:00
CrownVirusAgenda,alive,channel,Crown Virus Agenda,11,,2023-01-10T04:11:50+00:00,0,0,,"This channel serves as a repository for information revealing a sinister side of the coronavirus (corona = crown) and the vaccine/therapeutics push by Big Pharma, Big Gov, Hollywood, the MSM, or in other words: the Communists who want mass depopulation.",200,2026-10-06T09:29:41+00:00
CryptoConspiraciesCurrentEvents,alive,channel,👁  CryptoConspiracies&CurrentEvents  🕵🏻‍♂️,46,,2025-06-29T17:49:21+00:00,0,0,,"A Look into the Occult & Esoteric Aspects of Cryptocurrency & The Blockchain, as well as other Important Current Events which Face Humanity in the Times of The Great Reset & The Greater Awakening. Block Chain = Chained to the Block? Slavery or Freedom!?",200,2026-10-06T09:29:44+00:00
cullensmith,alive,channel,LIFTING THE VEIL,202,,2025-01-03T02:32:06+00:00,0,0,,"Books & film on Master Esoteric symbolism, etymology, occulted science, hermeticism, biology, health & nutrition, conspiracy @  patreon.com/LiftingTheVeil",200,2026-10-06T09:29:48+00:00
culturewarresource,alive,channel,Culture War Resource,698,,2023-05-10T07:53:44+00:00,0,0,,"A channel committed to informing and equipping Christians/conservatives fighting the culture wars. We fight, not because we hate those in front of us, but because we love those behind us.",200,2026-10-06T09:29:50+00:00
cv19vaccine_reactions,alive,channel,CV19 Vaccine Reactions,8570,,2024-05-14T23:31:31+00:00,0,0,cvr_overandover,Documenting adverse reactions to the new experimental medical products.    https://covidvaccinereactions.com   Email: cv19vaxxreactions@protonmail.com Instagram:  @cvr_overandover  Venmo: @ covidvaccinereactions,200,2026-10-06T09:29:53+00:00
cv19vaccineinjured,alive,channel_no_preview,Covid vaccines injured=blessés=heridos,731,,,,,,Documenting real life stories of people around the world who took one or more covid 19 vaccines. English-français-español,200,2026-10-06T09:29:56+00:00
cvinjuriesanddeaths,alive,channel,Your Jab Won't Save You.   💉,3910,,2022-01-20T22:27:40+00:00,0,0,civil_resistance,"An unlimited collection of COVID vaccine reactions, injuries and deaths. Reports, figures, stories and first hand testimonies. Nothing else. Got more to add? DM admin at  @civil_resistance",200,2026-10-06T09:29:59+00:00
cvnvacs,alive,channel,Stop Coronavirus & Vaccines,717,,2026-09-13T13:23:18+00:00,0,1,cvnvacs,"Facts about COVID-19 scam, vaccine injuries & death, and the solution  https://t.me/cvnvacs",200,2026-10-06T09:30:01+00:00
dagan1234,alive,channel,alexanderdagan,24,,2026-10-05T16:31:14+00:00,20,20,,,200,2026-10-06T09:30:04+00:00
dailyexpose,alive,channel,The Exposé News (Official),27800,,2026-10-06T08:35:46+00:00,18,20,,Reporting the facts that the mainstream refuse to...  Official telegram channel for The Expose,200,2026-10-06T09:30:08+00:00
DailyMoonstar,alive,channel,Daily Moon-Star News  🔥    👑    💛    💯,27,,2026-01-21T17:46:54+00:00,0,0,,Up to date information and  always searching for the truth.   🥁    👑    🧡    🔥    💚   So many rabbit holes remember to use discernment always.  Hold the love  🦄    👑    💫,200,2026-10-06T09:30:11+00:00
dajjalvskhilafah,alive,channel,Dajjalic System vs Khilafah,2710,,2026-10-05T10:40:13+00:00,15,20,,"To gather like minded people who want to improve themselves,  get ready for the difficult times to come, and work together to help our loves see the same,  Allah's pleasure is the only.  The final victory is for the truth.",200,2026-10-06T09:30:17+00:00
damosworld,alive,channel,Damos World,1,,2025-03-22T16:17:54+00:00,0,0,,What's REAL,200,2026-10-06T09:30:20+00:00
DanaAshlieOfficial,alive,channel,Dana Ashlie,11500,,2026-09-29T23:11:10+00:00,2,3,DanaAshlie,Dana Ashlie Telegram Channel -  @DanaAshlie  Discussing suppressed Truth and the WAY! A way to stay more in touch (that’s not FB and to make video announcements (since YT isn’t) Here is my PPal for anyone wanting to support  https://paypal.me/DanaAshlie,200,2026-10-06T09:30:23+00:00
darkuniverse09,alive,channel,dark_universe_09,85500,,2026-04-20T12:19:53+00:00,0,0,,"Official: (dark_universe_09) The uncensored, unwanted truth.     ℹ️   Adverts & Promotional deals Available! .. PM us for Business, Serious inquiries only. Special Premium Bulk Deals on Ads / Promos.   ☑️",200,2026-10-06T09:30:28+00:00
daveoneegschat,alive,channel,ONeegs,369,,2023-04-25T07:19:25+00:00,0,0,oneegsdotcom,@oneegsdotcom,200,2026-10-06T09:30:32+00:00
David_Walden,alive,channel,David Walden,3,,2022-09-18T13:41:45+00:00,0,0,,Plandemic and more,200,2026-10-06T09:30:35+00:00
davidavocadowolfe,alive,channel,David Avocado Wolfe,103000,,2026-10-06T06:45:45+00:00,20,20,,"🎙  Uncensored Meme News   😷   Medical Freedom   📲  Exposing the Beast System   🥑   Fresh  ☀️  Foods,   🌴  Superfoods  🍈  , Superherbs  🍄  , Living  💦  Water, Health  💫  Technology, and  ✨   #TheBestDayEver !  ✨     ⬇️  MyWorld  🌳   &   📲  Favorite Links and Memes  ⬇️",200,2026-10-06T09:30:38+00:00
davidgoldberg,empty_page,,,,,,,,,"If you have  Telegram , you can contact  @davidgoldberg  right away.",200,2026-10-06T09:30:41+00:00
davidicke,alive,channel_no_preview,David Icke,19574,,,,,davidickeofficial jewishutopiarabbimichaelhigger,David has an official telegram   19/08/2021 hope i did ok David ❤  http://t.me/davidickeofficial   https://t.me/s/davidicke    As of 28 05 24 channel canceled on some devices    Please Join and share 👇  https://t.me/jewishutopiarabbimichaelhigger,200,2026-10-06T09:30:43+00:00
dawidsnowden_world,empty_page,,,,,,,,,"If you have  Telegram , you can contact  @dawidsnowden_world  right away.",200,2026-10-06T09:30:46+00:00
dayofthehope,empty_page,,,,,,,,,"If you have  Telegram , you can contact  @dayofthehope  right away.",200,2026-10-06T09:30:48+00:00
dbrozenews,alive,channel,Derrick Broze's Daily News,7380,,2026-10-06T00:05:44+00:00,20,20,,"Journalist Derrick Broze shares his articles and videos, as well as articles, essays, and videos he consumes everyday.   Find his work:    https://www.theconsciousresistance.com    https://www.thelastamericanvagabond.com    https://www.derrickbroze.com",200,2026-10-06T09:30:51+00:00
debbiegarrattchannel,alive,channel,Debbie Garratt Channel,101,,2023-11-22T03:05:39+00:00,0,0,,News and views,200,2026-10-06T09:30:54+00:00
defendingfreechoice,alive,channel,DEFENDING FREE CHOICE,1270,,2023-03-08T03:32:55+00:00,0,0,,Share this link  A group to keep us all connected with *Public announcements *Important documentation *Important updates,200,2026-10-06T09:30:57+00:00
DefenseDistributed,empty_page,,,,,,,,,"If you have  Telegram , you can contact  @DefenseDistributed  right away.",200,2026-10-06T09:31:00+00:00
demikatespeaks,empty_page,,,,,,,,,"If you have  Telegram , you can contact  @demikatespeaks  right away.",200,2026-10-06T09:31:02+00:00
democratic_cooperative,alive,channel,CHANNEL: AUSTRALIAN DEMOCRATIC COOPERATIVE - Nation Wide,411,,2022-06-23T21:07:54+00:00,0,0,Democratic_Cooperative_Group,Political parties working together to fight for liberty and oppose public health tyranny.  Associated public group: https://t.me/Democratic_Cooperative_Group   Website:  http://teamaustralia21.org .,200,2026-10-06T09:31:05+00:00
detoxdoc,alive,channel,Dr. Steph - Built to Heal,905,,2026-09-30T23:24:48+00:00,1,1,,https://BuiltToHeal.co   I run the Built to Heal Clinic and guide people out of chronic conditions + I make free content teaching how to do it.  💪,200,2026-10-06T09:31:08+00:00
deviljuiceforeveryone,empty_page,,,,,,,,,"If you have  Telegram , you can contact  @deviljuiceforeveryone  right away.",200,2026-10-06T09:31:11+00:00
Digital_ID_Au,alive,channel,DIGITAL ID Au | public channel,3640,,2026-10-06T00:54:20+00:00,16,16,Digital_ID_Au Rob_Digi,"Digital ID, Social Credit Cybersafety AI, Cyber Safety Surveillance, Carbon Scores, Face Scan, QR . Admin support:   @Rob_Digi   https://t.me/Digital_ID_Au",200,2026-10-06T09:31:15+00:00
DipDiet,alive,channel,Dr Biswaroop Roy Chowdhury,14,,2022-04-10T08:17:22+00:00,0,0,,,200,2026-10-06T09:31:18+00:00
DirtRoadDiscussion,alive,channel,Dirt Road Discussions,133000,,2026-10-05T00:11:45+00:00,8,19,,Danny L,200,2026-10-06T09:31:20+00:00
DisabilityAid,alive,channel_no_preview,🔊 @DisabilityAid • Disability Aid • Intuitive Social Technology • IPR •••,26,,,,,,,200,2026-10-06T09:31:23+00:00
dissident_priest,alive,channel_no_preview,Dissident Priest,1161,,,,,,Follow the Dissident Priest at  Gab.com/dissident_priest,200,2026-10-06T09:31:26+00:00
djjohnno68,alive,channel,DJJOHNO,2,,2022-11-12T21:03:07+00:00,0,0,,,200,2026-10-06T09:31:29+00:00
DoctorsSpeakOut,alive,channel,Doctors Speak Out,112,,2022-03-20T12:54:18+00:00,0,0,,Doctors speaking out,200,2026-10-06T09:31:32+00:00
dogzbollox1,alive,channel,Dogz Bollox Right Wing News (Official),106,,2026-10-06T09:04:03+00:00,18,18,,Patriots unite.  Any far right or far left will be banned. No exceptions.  I stand by Donald Trump. By Tommy Robinson. By Israel  By the wonderful decoys and hunters that protect our children online.,200,2026-10-06T09:31:35+00:00
dontmetalwithme2,alive,channel,Don’t Metal with Me,2310,,2023-11-28T17:25:29+00:00,0,0,,,200,2026-10-06T09:31:38+00:00
downtherabbitholewegofolks,alive,channel,Down the rabbit hole we go...   🐰    🍿,14400,,2026-10-06T03:31:21+00:00,15,20,,,200,2026-10-06T09:31:41+00:00
downunderinfo,empty_page,,,,,,,,,"If you have  Telegram , you can contact  @downunderinfo  right away.",200,2026-10-06T09:31:45+00:00
Dr_BetsyChannel,alive,channel,Dr_Betsy,4750,,2026-10-06T02:20:04+00:00,20,20,,,200,2026-10-06T09:31:48+00:00
drabbithole,empty_page,,,,,,,,,"If you have  Telegram , you can contact  @drabbithole  right away.",200,2026-10-06T09:31:51+00:00
DrAndrewWakefield,alive,channel,Dr. Andrew J. Wakefield Unofficial channel,1210,,2026-10-06T05:08:20+00:00,20,20,,"Unofficial channel for Dr. Andrew J. Wakefield, Screenwriter, Director, Doctor   https://soundcloud.com/andy-wakefield-podcast    https://7thchakrafilms.com/",200,2026-10-06T09:31:55+00:00
DrAriyanaLove,alive,user_or_bot,Dr. Ariyana Love,,,,,,,,200,2026-10-06T09:31:58+00:00
drbradcampbell,alive,channel,@drbradleycampbell,16100,,2024-11-26T22:10:42+00:00,0,0,drbradleycampbell,@drbradleycampbell  Dr Brad Campbell,200,2026-10-06T09:32:00+00:00
drbrc,alive,channel_no_preview,Mission Azadi,60,,,,,,Say No To.... No to Mandetory Vaccination No to Allopathy No to Bill Gates No to Agenda 21 No to New World Order No to Micro Chip    जानता हूं कि मैं अकेला देश को जगा नहीं सकता.. लेकिन पानी में एक पत्थर फेंककर हलचल तो मचा सकता हूं अपना देश बिकने मत दो🙏,200,2026-10-06T09:32:04+00:00
DrBRCnews,empty_page,,,,,,,,,"If you have  Telegram , you can contact  @DrBRCnews  right away.",200,2026-10-06T09:32:06+00:00
drchristianenorthrup,alive,channel,Christiane Northrup M.D,41600,,2026-10-05T16:13:31+00:00,8,20,,,200,2026-10-06T09:32:09+00:00
DrDavidMartin,alive,channel,Dr David Martin,50300,,2026-10-06T00:20:05+00:00,6,18,DrDavidMartinAdminBot,Putting Humanity back into Humans  Chairman of M-CAM Chairman Purple Bridge Management   Editor:  @DrDavidMartinAdminBot,200,2026-10-06T09:32:11+00:00
DrEdithUbuntu,alive,channel,Dr. Edith Ubuntu Chan,1920,,2026-10-03T04:53:59+00:00,17,20,,Experience the Next Level of Human Possibilities.   ✊    💃🏾    🧘🏽‍♀️    🦸‍♀️    🏋️‍♂️    🌈   ~~~ * Consciousness * SuperWellness * Holistic Medicine * Raising Luminous Kids * Luminous Education * New Human Possibilities *  www.DrEdithUbuntu.com  /  www.LuminousRevolution.com,200,2026-10-06T09:32:14+00:00
Drevrapiti,alive,channel,Drevrapiti,4,,2026-09-16T01:19:43+00:00,0,2,,,200,2026-10-06T09:32:18+00:00
driscollstudios,alive,channel_no_preview,Driscoll Studios,376,,,,,,"Ephesians 6:12     A place to get information without the spin. No agenda, Just truth as best as we can figure it. Putting it all on the table so you can decide for yourself.  Feel free to check out our website!   www.driscollstudios.com  - Jack and Clare",200,2026-10-06T09:32:20+00:00
DrJaneRuby,alive,channel,Dr Jane Ruby,58000,,2026-10-05T23:46:01+00:00,16,16,,DrJaneRuby.com,200,2026-10-06T09:32:23+00:00
DrJudyAnneMikovits,alive,channel,Dr. Judy Mikovits,3270,,2025-11-10T14:52:50+00:00,0,0,,"Biochemistry research scientist, Anti-vaccine activism",200,2026-10-06T09:32:26+00:00
DrLynnFynn,alive,channel,Dr. Lynn Fynn’s Science Enlightenment Channel & Stuff,24200,,2026-10-05T05:34:16+00:00,3,9,Fynnderella1 lynnfynn3,Evidence based analysis of mainstream scientific inaccuracies- Not medical advice  X (formerly TWITTER)  @Fynnderella1  and  @lynnfynn3    https://imahealth.org/honest-medicine-has-arrived/    AFLDS.org,200,2026-10-06T09:32:28+00:00
DrMikeYeadon,alive,channel,Dr Mike Yeadon,27100,,2026-10-05T16:29:52+00:00,20,20,,"The only former pharma company research exec telling truth about covid lies. Highly qualified in respiratory, immunology, all areas of new drug R&D.",200,2026-10-06T09:32:31+00:00
drpalevsky,alive,channel,Dr Palevsky,9160,,2026-10-05T21:31:56+00:00,6,20,,"This channel will represent my ultimate wish for truth, critical thinking, raising our collective consciousness & for healthy relationships to dominate our world   🌎  & to inform & support parents to become more empowered health providers for their children",200,2026-10-06T09:32:34+00:00
DrPaulAlexander,alive,channel,Dr. Paul Alexander,8320,,2026-10-01T19:50:57+00:00,3,11,,"Dr. Paul E. Alexander, clinical epidemiologist, former WHO-PAHO and US HHS consultant/senior Covid Pandemic advisor",200,2026-10-06T09:32:36+00:00
DrPriya777,alive,channel_no_preview,Dr.Priya Saklani,14,,,,,,"Awakening is not a luxury anymore , it’s a necessity.",200,2026-10-06T09:32:40+00:00
drskydata,empty_page,,,,,,,,,"If you have  Telegram , you can contact  @drskydata  right away.",200,2026-10-06T09:32:42+00:00
drsuzanneH,alive,channel,DrSuzanneH,7010,,2025-01-24T08:18:54+00:00,0,0,,Dr Suzanne Humphries  All videos now here  https://odysee.com/$/invite/@drsuzanneh:f,200,2026-10-06T09:32:45+00:00
DrTenpenny,alive,channel,Dr. Tenpenny,88600,,2026-10-06T04:39:01+00:00,18,18,,Warrior for the preservation of human DNA,200,2026-10-06T09:32:49+00:00
DrTJohn,alive,channel,Tommy John III,2430,,2026-10-06T02:54:34+00:00,12,12,,,200,2026-10-06T09:32:52+00:00
drue86,alive,channel,Cosmic Light Force,52000,,2026-10-05T17:27:37+00:00,13,13,drue86 motleydrue,💜   Akashic Wisdom Keeper  I  DNA & Lightbody Activation   💜     🧬   Truthseeker I  Opinion News  I  Wellness + Holistic Lifestyle  I  Christ Flame   🧬     CosmicLightForce.com  /  StarseedFuel.com  /  HigherSelfMade.com  /  Drue86.com   . DM  @motleydrue  / TS/Twitter  @drue86,200,2026-10-06T09:32:54+00:00
DrugNerds,alive,channel,D,3,,2025-10-14T15:16:34+00:00,0,0,,,200,2026-10-06T09:32:57+00:00
DrunvaloMelchizedek,alive,channel,Drunvalo Melchizedek,931,,2026-09-01T08:42:21+00:00,0,0,,Dru,200,2026-10-06T09:33:01+00:00
DrVladimirZevZelenkoOfficial,alive,channel,Dr. Vladimir Zev Zelenko,3120,,2023-06-08T19:17:55+00:00,0,0,,"Credited by Donald Trump, Dr. Zelenko was the first American to innovate a successful Covid-19 treatment in the prehospital setting called the Zelenko Protocol. - This is a fan channel, not an official account.",200,2026-10-06T09:33:05+00:00
dryburgh,alive,channel,"Dryburgh.com [Channel] (""Stay More broadly Informed"")",1540,,2025-07-03T23:13:39+00:00,0,0,,Stay more broadly informed than big tech and mainstream media allow.  Disclaimer and disclosures -   https://dryburgh.com/about/,200,2026-10-06T09:33:08+00:00
DrZelenkoMD,alive,channel,Dr Vladimir Zelenko MD,371,,2022-10-18T20:08:12+00:00,0,0,,"Vladimir Zelenko, M.D. is a New York State doctor who has treated over 1,450 coronavirus patients using hydroxychloroquine, azithromycin and zinc sulfate with 99.9% success rate (2 deaths). See also: Vladimir Zelenko's coronavirus treatment. In 2021, Dr.",200,2026-10-06T09:33:11+00:00
EARTH20GENESIS,alive,channel_no_preview,⊙ EARTH 2.0 GENESIS,5865,,,,,,• 𝙲𝙴𝙽𝚂𝙾𝚁𝙴𝙳 BUT NOT SILENCED by Apple & Android APPS.   ONLY the best channels are shadowbanned.,200,2026-10-06T09:33:15+00:00
EarthJusticeLeague_DataLibrary,alive,channel,地球正義聯盟～資料館,9320,,2026-10-06T07:20:29+00:00,6,6,EarthJusticeLeague EarthJusticeLeague_DataLibrary,《生命影響生命》 活出意義。發出亮光  Earth Justice League～Data Library   ➡️    https://t.me/EarthJusticeLeague_DataLibrary   Earth Justice League    ➡️    https://t.me/EarthJusticeLeague   X：   ➡️    https://x.com/ImanuelAarde   Patreon：   ➡️    https://patreon.com/EarthJusticeLeague,200,2026-10-06T09:33:18+00:00
earthunited,empty_page,,,,,,,,,"If you have  Telegram , you can contact  @earthunited  right away.",200,2026-10-06T09:33:21+00:00
easternontariofreedomalliance,alive,channel_no_preview,Eastern Ontario Freedom Alliance (SHADOWBANNED),248,,,,,,"freedom of thought, belief, opinion and expression, including freedom of the press and other media of communication.",200,2026-10-06T09:33:23+00:00
ebullientbynature,alive,channel_no_preview,Ebullient by Nature,469,,,,,,"Ebullience & true high comes from being in sync with nature. Raw food is alive, full of enzymes to help digest & absorb nutrition. The roots of the trees go very deep bringing us the minerals and these trees could be 1000s of yrs old full of conciousness🍃",200,2026-10-06T09:33:26+00:00
ECETI_OFFICIAL_CHANNEL,alive,channel,ECETI OFFICIAL  👣,7880,,2026-10-05T21:22:47+00:00,2,20,,This is the Official ECETI Telegram channel authorized by James Gilliland.,200,2026-10-06T09:33:29+00:00
eclecticconsciousness,empty_page,,,,,,,,,"If you have  Telegram , you can contact  @eclecticconsciousness  right away.",200,2026-10-06T09:33:32+00:00
eclecticoutpost,empty_page,,,,,,,,,"If you have  Telegram , you can contact  @eclecticoutpost  right away.",200,2026-10-06T09:33:35+00:00
Edenslivingtv,alive,channel,EDEN'S LIVING TV,4,,2024-12-29T07:00:54+00:00,0,0,,Teaching all things Naturopathic _ Processing Trauma and Quantum Sound HEALER BIOFEEDBACK...CDC whistle blower _ ex BIOTECH pharmaceuticals 6 years,200,2026-10-06T09:33:38+00:00
EDN_R,alive,channel_no_preview,EDN,218,,,,,,REAL NEWS About The Satanic Corruption that has Infiltrated The World.,200,2026-10-06T09:33:40+00:00
eh_den,alive,channel,Ehden's Channel,6810,,2025-10-07T15:46:08+00:00,0,0,,#PfizerLeak  central,200,2026-10-06T09:33:43+00:00
ELPhealth,alive,channel_no_preview,ELP: Health and Wellness,28,,,,,ELPgroupchat,Ethos Logos Pathos sub category channel dedicated to improving ones health and/or new medical tech. Join the discussion  @ELPgroupchat,200,2026-10-06T09:33:47+00:00
emergencysurvivalskills,empty_page,,,,,,,,,"If you have  Telegram , you can contact  @emergencysurvivalskills  right away.",200,2026-10-06T09:33:50+00:00
EMF_EHS_English,alive,channel,EMF & EHS Archive   🇬🇧   (en),36,,2026-10-01T19:52:24+00:00,1,1,joinchat,This is the public channel our linked Discussion Group is available at:  https://t.me/joinchat/Eocjgj-fyi5yjbrjK4KBlw,200,2026-10-06T09:33:53+00:00
endilluminati,alive,channel_no_preview,𝙀𝙉𝘿 ILLUMINATI 🔺️❌,26580,,,,,,The 𝐓𝗋υ𝗍ɦ is Stranger Than Fiction 🔺️❌  Show Your Support ✅ https://coindrop.to/endilluminati_1  𝗖𝗼𝗽𝘆𝗿𝗶𝗴𝗵𝘁 𝗗𝗶𝘀𝗰𝗹𝗮𝗶𝗺𝗲𝗿: https://www.copyright.gov/title17/92chap1.html#107,200,2026-10-06T09:33:57+00:00
endthelockdownireland,alive,channel,End The Lockdown Ireland,547,,2022-07-05T10:54:37+00:00,0,0,,"Page will be used as a noticeboard. Links to local groups, Pdf's of highly effective posters, videos that have a proven record of redpilling friends and family members, self sustaining communities ,protests and other actions.",200,2026-10-06T09:34:00+00:00
enemymediaIG,empty_page,,,,,,,,,"If you have  Telegram , you can contact  @enemymediaIG  right away.",200,2026-10-06T09:34:04+00:00
entherapy,alive,channel,Energy Therapy,792,,2026-09-18T17:20:37+00:00,0,2,,"Wake up to your authentic power by living the Power of Now. Walk the path of truth, love and freedom! Teachings in energy medicine, yoga, breathwork, meditation, consciousness.",200,2026-10-06T09:34:07+00:00
erinhealthnutnews,alive,channel,Health Nut News/Erin Elizabeth,20900,,2026-09-25T07:22:17+00:00,0,4,,Welcome to our telegram fam :) You can find all my alternative social media networks at  https://linkpop.com/erinhnn  BUT most important is we keep a lifeline they can never take away at  HealthNutNews.com/Join    🙏   Love Erin   ❤️,200,2026-10-06T09:34:10+00:00
ErwachenMitMarcus,alive,channel,Erwachen mit Marcus Zugang,56,,2022-06-14T17:19:23+00:00,0,0,,Hier besteht die Möglichkeit auf Beitritt zum Erwachen mit Marcus Kanal.,200,2026-10-06T09:34:13+00:00
EscapeTheMatrix,alive,channel,escapethematrix,5,,2026-06-22T08:06:10+00:00,0,0,NFTStore,用户名出售   🤵🏻    @NFTStore,200,2026-10-06T09:34:16+00:00
eSmog_5G,alive,channel,Stop5G news international,186,,2026-05-18T11:10:01+00:00,0,0,ifttt,"Why to  #stop5G ? Here you find news, critical about the new totalitarian 5G technology.  Powered by  Nitter.net  &  @ifttt",200,2026-10-06T09:34:18+00:00
EuphonicEXOpolitic,alive,channel,"🔊   @EuphonicEXOpolitic • Resonant Kindness, Exopolitic • Euphonic Light Network Reception Broadcast • IPR •°`",16,,2023-07-20T01:53:16+00:00,0,0,EuphonicReception,Courageous Cosmic Contact:  https://t.me/EuphonicReception,200,2026-10-06T09:34:22+00:00
Eurekarebellion,empty_page,,,,,,,,,"If you have  Telegram , you can contact  @Eurekarebellion  right away.",200,2026-10-06T09:34:25+00:00
EuropeanForumforVaccineVigilance,alive,channel,EFVV- European Forum for Vaccine Vigilance,532,,2026-08-14T17:18:05+00:00,0,0,,Official channel for EFVV supporters  Website:  https://efvv.eu/,200,2026-10-06T09:34:29+00:00
europeanswithlaptops,empty_page,,,,,,,,,"If you have  Telegram , you can contact  @europeanswithlaptops  right away.",200,2026-10-06T09:34:32+00:00
everlychannel,alive,channel,Ashley Everly,4420,,2024-05-12T22:28:54+00:00,0,0,,"Toxicologist |  Https://Vaccine.Guide  |  EverlyReport.com  // Heads up, there are fake accounts impersonating me.",200,2026-10-06T09:34:35+00:00
EverythingScience,alive,channel,EverythingScience,22100,,2026-10-03T20:54:18+00:00,2,19,DigitisedRealitySupport EverythingScienceChat,"Discover the best, human-curated science facts, news, discoveries, videos, and more!  Chat with us:  @EverythingScienceChat  Contact:  @DigitisedRealitySupport",200,2026-10-06T09:34:38+00:00
evolutionary_life,alive,channel,Evolutionary Life,198,,2026-06-21T17:34:20+00:00,0,0,,Wild Foraging   🌿   Health Sovereignty & Hacks   🧗🏻‍♂️    🔧    🥗   Ecological Restoration & Gardening   🏡    🏞   Knowledge   📚,200,2026-10-06T09:34:43+00:00
EvolvedTruth,alive,channel,Evolved Truth,13200,,2025-02-06T21:37:15+00:00,0,0,,🧠   Exposing the War on Consciousness    🌱   Reconnecting with Nature     🔗    https://bio.site/EvolvedTruth,200,2026-10-06T09:34:47+00:00
ExposeDarkness,alive,channel,Expose Darkness (NL & Global),2370,,2024-04-21T22:36:43+00:00,0,0,,"Darkness brought into the light! Anon, QAnon, Warriors of light & freedom (Dutch based, globally focused)",200,2026-10-06T09:34:50+00:00
ExposingTheTruth2day,alive,channel,ExposingTheTruth2day,487,,2026-05-23T13:52:24+00:00,0,0,,,200,2026-10-06T09:34:53+00:00
eXtinctionRebellion,alive,channel,eXtinction Rebellion • @eXtinctionRebellion • XR,1940,,2026-09-15T11:16:41+00:00,0,1,,https://rebellion.earth/the-truth/about-us/,200,2026-10-06T09:35:00+00:00
eylacuenca,alive,channel,Eyla Cuenca Birth   🤱🏿    🤰🏽    🤱🏻     🤰🏼,571,,2026-10-02T19:11:48+00:00,3,16,,"Where health freedom, empowered education and conscious birth (and a little humor) intersect.  Join our doula training and mentorship   👇     https://www.uncoveringbirth.com/",200,2026-10-06T09:35:04+00:00
faarkem,alive,channel,Fu#k ‘em,127,,2026-10-05T22:44:01+00:00,20,20,,FyourNWO,200,2026-10-06T09:35:07+00:00
FACTnotFictionx,alive,channel,FACTnotFiction,741,,2026-09-05T15:14:18+00:00,0,0,,JT,200,2026-10-06T09:35:11+00:00
facts_vs_lies,alive,channel,FACTS vs. LIES!,9,,2026-10-06T06:33:51+00:00,17,17,,"🇩🇪   Was wenn ALLES, was dir je erzählt wurde, eine LÜGE ist?   ❗️  Abonniere NUR, wenn Du die Wahrheit ertragen kannst  ‼️     ➖     🇺🇸   What if EVERYTHING you've ever been told is a LIE?   ❗️  Subscribe O͟N͟L͟Y, if you CAN handle the Truth  ‼️     http://scr.im/bambaferko",200,2026-10-06T09:35:15+00:00
factseekers,alive,channel_no_preview,Fact Seekers,191,,,,,,Non-weaponized factual information.,200,2026-10-06T09:35:18+00:00
factsoverfear,alive,channel,Facts Over Fear,1670,,2024-12-20T23:54:10+00:00,0,0,,Rational objective information for your consideration. Logic is fast. Science is slow.  #factsoverfear,200,2026-10-06T09:35:20+00:00
Fall_of_the_Cabal,alive,channel,FallCabal Official Channel,81800,,2026-10-06T07:47:55+00:00,15,15,,"Official information channel of Fall Cabal /  Cyntha Koeter & Janet Ossebaard ( † 2023)  For our documentaries, products and donations:  www.fallcabal.com   Bitchute:  https://www.bitchute.com/channel/ws4fMTn6yNc7/",200,2026-10-06T09:35:24+00:00
fanosthevoice,alive,channel,Fanosthevoice,6470,,2025-04-26T06:44:07+00:00,0,0,,Fanos Panayides- Uncensored,200,2026-10-06T09:35:27+00:00
federal_reserve,alive,user_or_bot,Federal_Reserve,,,,,,,,200,2026-10-06T09:35:30+00:00
FEMATHELASTSTEP,alive,channel,FEMA THE LAST STEP,2640,,2026-06-14T16:08:50+00:00,0,0,,This channel has all the proof and material you need to know without a doubt if they plan to throw us into internment camps like Nazi Germany. Take a look and make sure you’ve seen all the media in this channel for a broad view of our situation.,200,2026-10-06T09:35:34+00:00
FFANZW,empty_page,,,,,,,,,"If you have  Telegram , you can contact  @FFANZW  right away.",200,2026-10-06T09:35:38+00:00
finalcalltofreedom,alive,channel,Final Call To Freedom,391,,2023-06-16T12:01:29+00:00,0,0,,,200,2026-10-06T09:35:41+00:00
fiona1970,alive,channel,Fiona1970,17,,2023-01-25T09:06:17+00:00,0,0,,,200,2026-10-06T09:35:45+00:00
FionaRoseDiamond,alive,channel,Fiona Rose Diamond,7960,,2026-10-05T18:35:20+00:00,5,6,,"CoviLeaks Resist And Act: Effecting Change   🌎    ❤️    🌎    www.CoviLeaks.co.uk   buymeacoffee.com/fionarosediamond   Speaking the truth is our most powerful weapon, Freedom is the power and right to speak the truth… we are still fighting for that freedom.",200,2026-10-06T09:35:49+00:00
FlatEarthMemesParty,alive,channel,Flat Earth Memes,386,,2021-03-16T15:34:03+00:00,0,0,,Special Edition,200,2026-10-06T09:35:51+00:00
FLCCC_Alliance,alive,channel,FLCCC Alliance,314,,2026-09-06T13:42:30+00:00,0,1,,,200,2026-10-06T09:35:54+00:00
flushoutthetruth,alive,channel_no_preview,Flush Out The Truth,729,,,,,,"Provide video,documentation,chat etc that the lamestream media are avoiding.Generally FREESPEECH & no bullshit!",200,2026-10-06T09:35:57+00:00
fmllol,alive,channel,fml.lol,52,,2023-01-30T12:04:21+00:00,0,0,,https://fml.lol   random rants,200,2026-10-06T09:36:01+00:00
fokason,alive,channel,Fokas On...,308,,2026-05-20T18:33:24+00:00,0,0,,"A place where George shares his everyday findings with people who want to be informed, educated, inspired and motivated.",200,2026-10-06T09:36:05+00:00
folkepartiet,alive,channel,Velstandspartiet - Jorden Frihed Kundskab,698,,2026-04-19T10:24:28+00:00,0,0,,Denne Kanal er for Velstandspartiet - Jorden Frihed Kundskab. Se mere på  velstandspartiet.dk,200,2026-10-06T09:36:10+00:00
foodgoon_actual,alive,channel,FOOD GOON,405,,2025-01-24T17:12:59+00:00,0,0,,"Uncouth Food Critic: Crude like oil, unrefined but slick. Food, freedom, and fun facts.    🥩    🥓    🍳    🍣    🦌    🍗    🐗    🍖    🦀    🐟    🐰    🦃    🦑    🌱    🍄    🤪    🍕    🥞    🍓",200,2026-10-06T09:36:13+00:00
ForYourAttention,empty_page,,,,,,,,,"If you have  Telegram , you can contact  @ForYourAttention  right away.",200,2026-10-06T09:36:16+00:00
FosterGamble,alive,channel,Foster Gamble,397,,2026-03-15T04:25:18+00:00,0,0,,Sign up for a free 7 day trial of the FREEDOM PORTAL:  https://fp-prod.thriveon.com/,200,2026-10-06T09:36:21+00:00
foundconscious,alive,channel,Found Conscious,18900,,2025-02-05T15:13:00+00:00,0,0,,"The truth shall not be silenced - uncensored truth - articles, videos, memes, pictures, voice messages, critical updates and more",200,2026-10-06T09:36:23+00:00
Fourdirections3132,alive,channel,4D International   🐬    🐳    🦚    🍀    💎    💚    💚    💚    💚    🫶,7460,,2026-10-06T05:50:53+00:00,20,20,,"Freedom! Plant Medicine, Ceremony, Sasquatch, Living food, Health positive Vibe uplifting for all being to .make it home..",200,2026-10-06T09:36:27+00:00
free_uk,alive,channel,FREE UK,729,,2026-09-30T21:09:16+00:00,1,2,,We are FREE UK. Resistance group against the new Nazi-Communism. We want freedom of choice. See pinned messages for how you can help.,200,2026-10-06T09:36:31+00:00
Freedom_Warriors,alive,channel,𝔽𝕣𝕖𝕖𝕕𝕠𝕞 𝕎𝕒𝕣𝕣𝕚𝕠𝕣𝕤,12700,,2026-10-06T09:05:03+00:00,20,20,,In collaboration with british Resistance,200,2026-10-06T09:36:34+00:00
freedomandresistance,alive,channel,Freedom of the heart,323,,2026-09-30T12:20:25+00:00,14,19,,,200,2026-10-06T09:36:37+00:00
FreedomDoc1,alive,channel,Lee Merritt MD: FreedomDoc1,24500,,2026-10-05T19:48:34+00:00,20,20,,Will you choose comfort? Or will you fight against evil? Be ungovernable.,200,2026-10-06T09:36:40+00:00
freedomexpressme,alive,channel,Freedom Express,56,,2023-08-27T22:37:21+00:00,0,0,,"A space for open dialogue and freedom to express what's really going on. Armed with knowledge not only can we resist, but we do it calmy and confidently. Let's bring people along the journey.",200,2026-10-06T09:36:43+00:00
freedomfightersandfriends,alive,channel,🕊  FREEDOM FIGHTERS AND FRIENDS  🕊,14,,2024-06-27T10:18:10+00:00,0,0,,,200,2026-10-06T09:36:47+00:00
freedomfromcovidscam,alive,channel,POWER to the PEOPLE   🙏,369,,2026-10-02T14:07:38+00:00,5,20,,"🌐   Let's create a beautiful community to grow together and support each other in this time of crisis   🙏    We are responsible for our own happiness. No one can stop us from leading a disciplined lifestyle. Happiness is a choice of what we think, feel and do",200,2026-10-06T09:36:50+00:00
FreedomIdeasNoVax,alive,channel,freedomideasnovax,,,2024-09-18T20:12:09+00:00,0,0,,,200,2026-10-06T09:36:55+00:00
freedominfilm,empty_page,,,,,,,,,"If you have  Telegram , you can contact  @freedominfilm  right away.",200,2026-10-06T09:36:58+00:00
freedomnovascotia,alive,channel,Freedom Nova Scotia - Public Channel,87,,2026-10-03T00:07:38+00:00,2,6,,,200,2026-10-06T09:37:01+00:00
freedomre1gns,alive,channel,Freedom Reigns,87,,2022-07-30T12:43:57+00:00,0,0,,Do right and fear no one.   Check out my Bitchute channel for some cool music and videos -  https://www.bitchute.com/channel/23H4kF6akfMD/,200,2026-10-06T09:37:05+00:00
freedomtravelalliance,alive,channel,Freedom Travel Alliance,6970,,2026-09-06T09:20:40+00:00,0,0,,"Our mission is to be the solution provider in the travel and transportation industry with one aim: to honour your rights to travel freely, unencumbered, without discrimination.   🛫    🛳    🚝    🌍    🌎    🌏   hello@freedomtravelalliance.com",200,2026-10-06T09:37:09+00:00
freedomtribe_net,alive,channel,Freedomtribe.net app(joinfree),100,,2026-08-24T12:18:03+00:00,0,0,,"Strength in numbers - Join the app to overcome censorship, empower individuals and build community. List your Business, Jobs, Natural Health Service offering, Freedom Bnb, Freedom Neighbour map(message others) , News, Call To Actions, Dating(live).",200,2026-10-06T09:37:12+00:00
freeinformation000,alive,channel,000 - Freedom of Information -   🔑,191,,2026-10-05T21:20:14+00:00,20,20,MatrixHUB,"🌏  Global News:  Uncover the best of what's truly happening on Earth, all in one place with our extensive collection of videos, photos, files, and links. Enjoy your freedom to explore!   😊    Welcome to Matrix HUB! 001 -   🏛   - Matrix HUB  https://t.me/MatrixHUB",200,2026-10-06T09:37:15+00:00
freeleft_freielinke,alive,channel,Free Left (Freie Linke) – Anglophone Channel,38,,2026-09-27T19:56:23+00:00,0,2,freielinke freielinkechat,English Language channel of the Free Left (Freie Linke) - Join us in creating a united anti-lockdown left.    @freielinkechat   @freielinke    https://netzwerk-linker-widerstand.ru/,200,2026-10-06T09:37:18+00:00
FreeThinkersKnowledgeisPower,alive,channel,Freethinkers - Knowledge is Power   🧠    👊,55,,2023-06-10T16:08:09+00:00,0,0,,THIS CHANNEL IS DEDICATED TO SHARE INFORMATION AND UNDERSTAND THE TRUTH ABOUT COVID-19,200,2026-10-06T09:37:21+00:00
FREEWORLDORDER,alive,channel_no_preview,FREE WORLD ORDER - ANTI NWO,56,,,,,,"We're striving to get good quality high vibration information across to the public. Anyone with an open mind is welcome; but are particularly interested in people willing to write, draw, create, share ideas, and proofread to help our mission to join chat",200,2026-10-06T09:37:27+00:00
friendsoftruth,alive,channel,Friends of Truth,1430,,2026-08-10T09:20:01+00:00,0,0,,Friends of Truth,200,2026-10-06T09:37:31+00:00
fromthedust,alive,channel_no_preview,and all,2,,,,,,,200,2026-10-06T09:37:34+00:00
FRXnews,alive,channel,FRX (FReedom eXchange) news,121,,2026-10-04T11:22:02+00:00,7,20,,This channel is intended to help the interested community stay up to date with important news and information relating to the FRX project.,200,2026-10-06T09:37:37+00:00
FUCK_THE_ABC,alive,channel,FUCK THE ABC,5250,,2026-10-06T08:52:09+00:00,17,20,,The ABC is funded by Australian tax-payers to brainwash people with communist propaganda. This is a channel to expose their journalistic crimes and also share some truthful media. Subscribe and share.,200,2026-10-06T09:37:40+00:00
FuryRoad_Intel,alive,channel_no_preview,Fury Road Intel,3620,,,,,prepping4shtf,Preparedness and real time event analysis for your household disaster planning. We’re in SHTF: welcome to Risk Mgmt Intel “Quis Custodiet Ipsos Custodes?” (Who watches the Watchmen?) Chat:  @prepping4shtf  1 Be respectful 2 Nothing illegal 3 No Racism,200,2026-10-06T09:37:47+00:00
futurefood,alive,channel,Future of Food - Feeding the Masses,190,,2026-06-10T22:44:18+00:00,0,0,,A time is coming soon when food will be scarce. Our rulers have a plan to feed us and it’s terrifying.,200,2026-10-06T09:37:51+00:00
fyrgen,alive,channel,The Fyrgen • ᚫᛚᚢ:ᚢᛚᚫ,4740,,2026-10-05T08:54:04+00:00,2,17,,Weathering the Storm. Podcasts and Commentary from a Heathen Perspective.  https://fyrgen.com/,200,2026-10-06T09:37:53+00:00
gabriellebrick,alive,channel,Gabrielle Brick - The Nourishment Code,117,,2026-07-26T01:43:22+00:00,0,0,,"Cellular Intelligence Education   🌱  Food is biological information. The most direct conversation you have with your cells, hormones, nervous system, and your sense of self.   📚  Helping women restore biological coherence in a fragmented wellness culture.",200,2026-10-06T09:37:58+00:00
gbs2021,alive,channel_no_preview,Delete,158,,,,,,,200,2026-10-06T09:38:02+00:00
gchristensen,alive,channel,George Christensen,10400,,2025-12-17T03:08:47+00:00,0,0,,"Australian Politician. Christian. Conservative. Freedom lover. Patriot.  Authorised by George Christensen, River Street, Mackay. As an Amazon Associate, I earn from qualifying purchases.",200,2026-10-06T09:38:05+00:00
geddes,alive,channel,Martin Geddes Channel,14000,,2026-10-01T15:00:17+00:00,2,9,,I mostly reshare interesting content here… find me back on Twitter at  https://twitter.com/martingeddes,200,2026-10-06T09:38:08+00:00
genxquestionseverything,alive,channel,Asking Questions w/ Darby Shaw,13,,2026-07-31T03:17:05+00:00,0,0,,Questioning the Narrative is a requirement,200,2026-10-06T09:38:12+00:00
GeocentricReality,alive,channel,Geocentric Reality [GR],436,,2026-10-01T20:50:13+00:00,1,2,,"Η Γη είναι πολύ μεγαλύτερη από ότι μας λένε. Υπάρχουν κρυμμένες περιοχές, ήπειροι και πολιτισμοί. Earth is much bigger. There is hidden land out there. More continents with other people.",200,2026-10-06T09:38:15+00:00
GeopathologyZA,alive,channel_no_preview,Geopathology-ZA,181,,,,,,Institute for Geopathology SA     (South Africa)  https://Geopathology.co.za,200,2026-10-06T09:38:18+00:00
gerardrennick,alive,channel,Senator Gerard Rennick,8080,,2025-06-25T00:26:34+00:00,0,0,,"Queensland People First Senator who sees Australia as 1 country   🇦🇺  .  www.gerardrennick.com.au  Authorised G.Rennick, Tenancy C4, Level 1, 90 Kittyhawk Drive Chermside QLD 4032",200,2026-10-06T09:38:22+00:00
Gilt_Elephant_BdeH,alive,channel,🐘   Bernie de Haldevang Official (Gilt Elephant Dialogues),36,,2025-11-02T04:27:14+00:00,0,0,,"🐘  Gilt Elephant Dialogues Critical thought & analysis; common sense. Freedom of thought, speech, faith, action. Politically homeless supporter of Direct Democracy to restore a fair & democratic society; Exco on  HARTgroup.org",200,2026-10-06T09:38:26+00:00
ginnianeja11,alive,channel,ginnianeja11,2,,2026-03-02T10:33:40+00:00,0,0,,,200,2026-10-06T09:38:30+00:00
glassforsenate,alive,channel,Glass for Sovereignty,640,,2022-03-11T21:18:36+00:00,0,0,stophealthpassports,Truth and Transparency in Government    Please join my new channel:  https://t.me/stophealthpassports,200,2026-10-06T09:38:33+00:00
goddek,alive,channel,Dr. Simon,39000,,2026-08-14T11:56:07+00:00,0,0,,"PhD in biotechnology. Sharing insights about health, nutrition, vitamin D, permaculture, and COVID madness.  Gettr:  gettr.com/user/goddeketal    Gab:  gab.com/goddeketal   Bastyon:  bit.ly/3usNpuw   Minds:  minds.com/goddeketal",200,2026-10-06T09:38:37+00:00
godschildrenmatter,alive,channel,Save Our Children,69,,2026-10-06T07:51:36+00:00,20,20,,"Jesus said ""Let the little children come to me and do not hinder them, for to such belongs the Kingdom of Heaven""",200,2026-10-06T09:38:43+00:00
goground,alive,group,노올자,,7,,,,,,200,2026-10-06T09:38:47+00:00
gracevb,alive,channel,客服格蕾丝  ☺️,5,,2026-05-12T03:53:33+00:00,0,0,,,200,2026-10-06T09:38:50+00:00
GrandTheftWorld,alive,channel,Grand Theft World,427,,2023-08-19T16:25:15+00:00,0,0,,"The Grand Theft World website and podcast were created to counter the deplatforming and outright censorship that many alt media creators are expereincing. It's a ""one stop shop"" for the latest information, articles, videos, etc.   www.grandtheftworld.com",200,2026-10-06T09:38:55+00:00
GrandTorino5x5,empty_page,,,,,,,,,"If you have  Telegram , you can contact  @GrandTorino5x5  right away.",200,2026-10-06T09:39:01+00:00
GrantWickham,alive,channel,Grant Wickham,577,,2026-10-04T08:21:35+00:00,9,20,,Seeking truth- no more lies! . Crypto-bitcoin groups will be deleted on sight.,200,2026-10-06T09:39:07+00:00
greatergetaway,alive,channel,El Reinicio de la Gente,711,,2026-06-26T17:12:47+00:00,0,0,,"¡Bienvenido al canal oficial de El Reinicio de la Gente en Morelia, México!  Anteriormente conocido como El Reinicio Mayor.   https://www.thepeoplesreset.org",200,2026-10-06T09:39:12+00:00
greatgameindia,alive,channel,GreatGameInternational,8800,,2026-03-06T16:00:43+00:00,0,0,,"#1 Most Wanted Superspreader | “Dangerous”, “arguably the most alarming” website on the internet… - MSM | Want to write for GGI, get in touch.",200,2026-10-06T09:39:17+00:00
greatreject,alive,channel,GreatReject.org,14400,,2026-10-06T07:40:16+00:00,20,20,,"There are no conspiracy theories, they are all true. The truth is far stranger than fiction. Wake up...",200,2026-10-06T09:39:21+00:00
GreenfyreReview,alive,channel_no_preview,Greene Fyre Review,69,,,,,,"Citizen journalism, the best of the alternative media, and the art of living in strange times. ""Knowledge unfits a child to be a slave.""",200,2026-10-06T09:39:25+00:00
greengeckocommunity,empty_page,,,,,,,,,"If you have  Telegram , you can contact  @greengeckocommunity  right away.",200,2026-10-06T09:39:29+00:00
guardianmelbourne,alive,channel,Guardian Angel - Melbourne Anti-Lockdown Protest Livefeed,748,,2021-09-24T22:00:25+00:00,0,0,,This is the livefeed for the Melbourne anti-lockdown protests.,200,2026-10-06T09:39:33+00:00
gulag_2020,alive,channel_no_preview,Gulag 2020,107,,,,,,www.gulag2020.com - Discerning the Covid-19 Agenda. +JMJ+,200,2026-10-06T09:39:35+00:00
GyanamUPSC,alive,channel,GyanamUPSC,150,,2023-09-29T01:13:15+00:00,0,0,,For Long Term preparation for UPSC offered by Gyanam Academy (Gyanam Trust) at Bhavnagar City of Gujarat.  (1) Recall Technique (2) Memory Technique (3) Mental Arithmetic (4) Vaidic Maths (5) Fastest Reasoning (6) Spoken English (7) One Reading Memory.,200,2026-10-06T09:39:38+00:00
hackernewslive,alive,channel,Hacker News,28500,,2026-10-06T09:11:27+00:00,20,20,,,200,2026-10-06T09:39:42+00:00
HangLooseRecluse,empty_page,,,,,,,,,"If you have  Telegram , you can contact  @HangLooseRecluse  right away.",200,2026-10-06T09:39:46+00:00
headwobbleofficial,alive,channel,Head Wobble,57,,2026-10-06T09:39:32+00:00,20,20,,🤡  Exposing The Clown World  🤡     🤯  Finding Fact In Fiction  🤯     🤔  Critical Thinking  🤔,200,2026-10-06T09:39:49+00:00
healingcove,alive,channel,Shanti's natural healing cove,698,,2026-10-06T08:35:26+00:00,20,20,,"A place for natural healing, freedom, love, truth, friendship and being human!  Enjoy!",200,2026-10-06T09:39:53+00:00
healingthedividenews,empty_page,,,,,,,,,"If you have  Telegram , you can view posts by  @healingthedividenews  right away.",200,2026-10-06T09:39:56+00:00
HealthBites,alive,channel_no_preview,Health Bites Online,141,,,,,,"Censored news, a.k.a. The Truth",200,2026-10-06T09:40:02+00:00
healthfreedomflorida,empty_page,,,,,,,,,"If you have  Telegram , you can contact  @healthfreedomflorida  right away.",200,2026-10-06T09:40:05+00:00
HealthFreedomForHumanity,alive,channel_no_preview,Health Freedom for Humanity,6656,,,,,,The official telegram channel of Health Freedom for Humanity. To uphold humanity’s right of health freedom now and for generations to follow.,200,2026-10-06T09:40:08+00:00
HealthFreedomPA,alive,channel_no_preview,Health Freedom Pennsylvania Public Channel,439,,,,,,,200,2026-10-06T09:40:11+00:00
healthimpact,alive,channel,HealthImpactNews,4700,,2026-10-05T18:13:35+00:00,6,16,,https://healthimpactnews.com    https://vaccineimpact.com   https://medicalkidnap.com   https://created4health.org   https://coconutoil.com   Let's put aside partisan politics and religious biases and find The Truth!  Editor: Brian Shilhavy,200,2026-10-06T09:40:17+00:00
healthmystic,empty_page,,,,,,,,,"If you have  Telegram , you can contact  @healthmystic  right away.",200,2026-10-06T09:40:20+00:00
HealthNewsWatch,alive,channel,Health Watch,16,,2024-11-28T03:27:39+00:00,0,0,,News and information about health,200,2026-10-06T09:40:23+00:00
Healthy_Happy_Lifestyle,alive,channel,🍏  Healthy  🙂  Happy  💜  Lifestyle  ✨,257,,2026-08-08T15:47:47+00:00,0,0,rawvegan_vegan_group,"Interesting and important information about Health, Conscious Living, Well Being etc...will be shared in English and Russian  💠   Информация на тему Здоровье и Благополучие, ЗОЖ будет размещена на английском и русском  💜   Group:  https://t.me/rawvegan_vegan_group",200,2026-10-06T09:40:27+00:00
HearTheMothersRoar,alive,channel,The Mothers Roar,2,,2022-04-13T03:19:02+00:00,0,0,,The season of totalitarianism will only change when the worlds mothers stand up and ROAR for the suffering and dire circumstances their children are going (and going to) go through ~ Zach Bush MD,200,2026-10-06T09:40:30+00:00
HelloIrlandiaIE,alive,channel,Hello Irlandia.IE,180,,2025-12-06T15:41:14+00:00,0,0,,"No. 1 Polish Media in Ireland! We offer credible information, the best music and online entertainment. We always put our audience first  ❗️    🌐    helloirlandia.ie    ☘️",200,2026-10-06T09:40:34+00:00
helloladywhite,empty_page,,,,,,,,,"If you have  Telegram , you can contact  @helloladywhite  right away.",200,2026-10-06T09:40:37+00:00
hennamaria22,alive,channel,Henna Maria,4230,,2026-09-15T08:09:06+00:00,0,1,,Activist ~ Curandera ~ Poet ~ Essene ~ Student of Natural Law  Website:  https://hennamaria.community,200,2026-10-06T09:40:42+00:00
herbalalchemist,alive,channel,The Herbal alchemist,1940,,2024-03-11T12:37:54+00:00,0,0,,"Certified herbalist educating on Botanical medicine, vitamins ,minerals healing from the inside out …anything and everything about herbs: growing,many uses for herbs,making tinctures etc..",200,2026-10-06T09:40:46+00:00
hfidaho,alive,channel,Health Freedom Idaho,2029,,2026-06-23T23:04:43+00:00,0,0,,Health Freedom Idaho is a concerned group of citizens dedicated to preserving parental rights and defending natural rights and protecting our access to toxin-free living in the great state of Idaho. We invite you to support us.,200,2026-10-06T09:40:50+00:00
hfireland,alive,channel,Health Freedom Ireland,832,,2025-03-19T08:41:20+00:00,0,0,,Empowering people in Ireland to make informed decisions for themselves and their families on matters of health including vaccinations and safeguarding people’s right to choose.,200,2026-10-06T09:40:53+00:00
hiddeninplainsight1,alive,channel,Hidden In Plain Sight,38400,,2026-10-05T10:57:42+00:00,16,16,,,200,2026-10-06T09:40:58+00:00
holistichealthandmore,alive,channel,Holistic Health and More,2980,,2026-09-02T17:37:47+00:00,0,0,,Research & Resources:   https://lnk.bio/holistichealthandmore,200,2026-10-06T09:41:01+00:00
holistichealthdefense,alive,channel,Holistic Health Defense,4770,,2026-03-13T23:13:02+00:00,0,0,,Defending natural cures by exposing corporate and government crimes surrounding cures for diseases and the persecution of holistic practitioners. Also sharing those cures for disease including cancer.,200,2026-10-06T09:41:04+00:00
hongkongbridgeUK,empty_page,,,,,,,,,"If you have  Telegram , you can contact  @hongkongbridgeUK  right away.",200,2026-10-06T09:41:08+00:00
houseofwagner,alive,channel,House of Wagner,1160,,2026-10-06T07:45:52+00:00,14,20,wagnerocksvids,The Official Wagnerocks Telegram  I do not endorse violence of any kind as I find it to be low IQ   Social Science   🍥   Memes   🍥   Archives   🍥   Video Links  Find my videos here:   @wagnerocksvids,200,2026-10-06T09:41:12+00:00
hscreativeworks,alive,channel,HrsImages,283,,2026-10-05T16:39:00+00:00,3,16,,Images that move people,200,2026-10-06T09:41:15+00:00
hugsovermasks,alive,channel,HugsOverMasks,549,,2026-09-18T23:04:10+00:00,0,1,,Hugs Over Masks - CHOOSE - Love Over Fear,200,2026-10-06T09:41:20+00:00
humansfirst,alive,channel,ВСЕ ДЕЛО В ЛЮДЯХ | IT’S ALL ABOUT PEOPLE,91,,2026-08-26T21:22:45+00:00,0,0,nadezhda_feliseeva,"Исследуем, как понимание себя, людей и управление влияют на успех в бизнесе и жизни.  Всегда дело в людях!    ✨   Автор:  @nadezhda_feliseeva     ✨   YouTube:  youtube.com/@nadezhda_feliseeva     ✨   MAX:  max.ru/channel_HR_feliseeva",200,2026-10-06T09:41:24+00:00
hvitgardr2,empty_page,,,,,,,,,"If you have  Telegram , you can contact  @hvitgardr2  right away.",200,2026-10-06T09:41:28+00:00
hvitgardr3,empty_page,,,,,,,,,"If you have  Telegram , you can contact  @hvitgardr3  right away.",200,2026-10-06T09:41:31+00:00
HWNChannel,alive,channel,Health Wisdom Network,103,,2026-10-05T07:23:26+00:00,9,14,,"Sharing empowering health information, valuing our unique contributions, championing informed consent. Offering open-hearted advocacy and support for each person who is focused on safeguarding our children, our health and our freedom",200,2026-10-06T09:41:36+00:00
I_Find_This_Interesting,alive,channel,I Find This Interesting,220,,2026-10-06T09:34:13+00:00,20,20,,"It is crucial that everyone on planet earth develops their skill set. It is not about the Jail-er, but about the Veil-er.                                                                   Ja samo glumim da sam obican covek, a tebi je to jedina stvarnost.",200,2026-10-06T09:41:41+00:00
iamdrsamwhite,alive,channel,iamdrsamwhite,6980,,2026-08-18T17:50:13+00:00,0,0,,Doctor of Functional Medicine. Libertarian. Austrian Economic Theorist. For all enquiries please visit  www.drsamwhite.com,200,2026-10-06T09:41:45+00:00
iceagefarmer,alive,channel,Ice Age Farmer,67200,,2026-10-05T21:35:16+00:00,6,19,iaf_resources,IAF Telegram   IceAgeFarmer.com  - see  @iaf_resources  for groups on homesteading!,200,2026-10-06T09:41:49+00:00
icur22yy4me,alive,channel,Fly2arrow,27,,2025-01-04T23:57:57+00:00,0,0,,Truth seeker,200,2026-10-06T09:42:01+00:00
Ideaschema,alive,channel,🔊   @Ideaschema • Live Idea Schema Community Audiostream • Intuitive Public Radio • IPR •••,10,,2026-07-21T02:44:01+00:00,0,0,,https://Ideaschema.com/munity  •  https://twitter.com/Ideaschema  • IPR •••,200,2026-10-06T09:42:06+00:00
ilivetruth,alive,channel,I Live Truth,137,,2023-02-22T18:30:24+00:00,0,0,,"I abandoned my old projects to start a new blog all about Truth.  After all, it is our moral obligation to speak it.  The official channel for  ilivetruth.com",200,2026-10-06T09:42:09+00:00
IMACOGINDEWHEELOFLIFE,alive,channel,IMACOGINDEWHEEL.COM,107,,2026-09-29T15:01:05+00:00,1,20,,SEARCHING AND SHARING TRUTH FOR HUMANITIES FREEDOM,200,2026-10-06T09:42:12+00:00
imaginedrealitieswithkhrisha,empty_page,,,,,,,,,"If you have  Telegram , you can contact  @imaginedrealitieswithkhrisha  right away.",200,2026-10-06T09:42:16+00:00
InCorporeSano,alive,channel,Mens Sana In Corpore Sano,130,,2022-01-10T02:17:55+00:00,0,0,,"""Let food be thy medicine and medicine be thy food.” - Hippocrates  By The FolkSchool Network",200,2026-10-06T09:42:19+00:00
infiniteloveandjoy,alive,channel,Infinite love and joy,22,,2022-03-27T18:37:32+00:00,0,0,,,200,2026-10-06T09:42:22+00:00
InfokriegDeutschland,empty_page,,,,,,,,,"If you have  Telegram , you can contact  @InfokriegDeutschland  right away.",200,2026-10-06T09:42:25+00:00
informedconsentca,alive,channel,InformedConsent,215,,2021-01-23T05:24:17+00:00,0,0,,"Follow for breaking news, alternate media, and commentary on current events.",200,2026-10-06T09:42:28+00:00
InformedConsentNS,empty_page,,,,,,,,,"If you have  Telegram , you can contact  @InformedConsentNS  right away.",200,2026-10-06T09:42:31+00:00
InSearchForTruth,alive,channel_no_preview,In Search of Truth,26,,,,,,,200,2026-10-06T09:42:35+00:00
insixdays,alive,channel,Creation,5,,2021-11-02T15:05:00+00:00,0,0,,Showing the truth that our world was created by the God of the Bible. That he made the world and all that is in it in 6 literal 24 hour days about 6000 years ago.,200,2026-10-06T09:42:39+00:00
IntegralLife,alive,channel,Integral Life +,1850,,2026-02-01T23:51:50+00:00,0,0,,,200,2026-10-06T09:42:44+00:00
interdastingholes,alive,channel_no_preview,Interdasting Holes,1207,,,,,,,200,2026-10-06T09:42:48+00:00
inthistogetherfortruth,empty_page,,,,,,,,,"If you have  Telegram , you can contact  @inthistogetherfortruth  right away.",200,2026-10-06T09:42:51+00:00
IntuitiveAI,alive,channel,"🔊   @IntuitiveAI • Helpful, Loving AI • Artifice, Intelligence; Artful Intel • Intuitive Public Radio • IPR •••",7,,2026-07-15T04:57:21+00:00,0,0,,,200,2026-10-06T09:42:55+00:00
IntuitiveCommunity,alive,channel,🔊   @IntuitiveCommunity • Community Broadcasting Intuitive Public Radio • IPR •••,13,,2025-10-03T01:41:36+00:00,0,0,joinchat,Community Share:  t.me/joinchat/J8dfcVAODkov9dVu3Dlqww  Learn more:  http://Intuitive.community,200,2026-10-06T09:42:58+00:00
IntuitiveCopy,alive,channel_no_preview,🔊 @IntuitiveCopy • Intuitive Community Copy • Intuitive Public Radio • IPR •••,8,,,,,,,200,2026-10-06T09:43:02+00:00
IntuitiveEmergent,alive,channel_no_preview,🔊 @IntuitiveEmergent • Live Collaborative Emergent Media • Intuitive Public Radio • IPR •••,10,,,,,IntuitiveEmergent joinchat,Welcome to Intuitive Emergent.   This social space supports oxytocin pathway repair and individualized creative healing.  Find 🔊 Emergent Conversation •  @IntuitiveEmergent  • IPR ••• at https://t.me/joinchat/J8dfcRAN_E0CBdgbiCLGew 🌿,200,2026-10-06T09:43:05+00:00
IntuitiveGame,alive,channel,🔊   @IntuitiveGame • Live Collaborative Media Games • Intuitive Public Radio • IPR •••,11,,2026-04-30T04:52:43+00:00,0,0,IntuitiveGame,Welcome to the Intuitive Public Game.  We're playing a game that saves lives.   Would you like to play?  (Channel icon art by Megan Elizabeth Morris. Credits:  t.me/IntuitiveGame/425 ),200,2026-10-06T09:43:08+00:00
IntuitiveGrowing,alive,channel_no_preview,🔊 @IntuitiveGrowing • Intuitive Growing Community Farms • Intuitive Social Food • Intuitive Public Radio • IPR •••,11,,,,,,,200,2026-10-06T09:43:11+00:00
IntuitiveInc,alive,channel_no_preview,"🔊 @IntuitiveInc • Intuitive Inclusive Income, Incoming • Intuitive Public Radio • IPR •••",154,,,,,,,200,2026-10-06T09:43:14+00:00
IntuitiveParenting,empty_page,,,,,,,,,"If you have  Telegram , you can contact  @IntuitiveParenting  right away.",200,2026-10-06T09:43:17+00:00
IntuitivePublicMedia,empty_page,,,,,,,,,"If you have  Telegram , you can contact  @IntuitivePublicMedia  right away.",200,2026-10-06T09:43:20+00:00
IntuitivePublicRadio,alive,channel,🔊   @IntuitivePublicRadio • Intuitive Public Radio • Main Station • IPR •••,93,,2026-07-21T02:42:52+00:00,0,0,CommunityIPR,Share & discuss:  @CommunityIPR      24/7 Radio:  https://Intuitive.pub/radiostreams      Podcasts:   https://anchor.fm/Intuitive      TV:  https://bitchute.com/IntuitivePublicTV,200,2026-10-06T09:43:23+00:00
IntuitiveSocialGiving,alive,channel,🔊   @IntuitiveSocialGiving • Live Collaborative Giving • IPR •••,8,,2025-10-04T03:19:03+00:00,0,0,IntuitiveCommunity IntuitivePublicRadio,https://Intuitive.pub  •  https://t.me/IntuitivePublicRadio  •  https://Intuitive.community  •  https://t.me/IntuitiveCommunity,200,2026-10-06T09:43:27+00:00
IntuitiveSocialMemory,alive,channel,🔊   @IntuitiveSocialMemory • Live Collaborative Social Memory • @MaxMoRadio • IPR •••,10,,2025-12-01T16:51:07+00:00,0,0,,Intuitive.Social/Memory,200,2026-10-06T09:43:30+00:00
IntuitiveTraffic,alive,channel,🔊   @IntuitiveTraffic • Intuitive Social Traffic • Intuitive Public Service • Intuitive Public Radio • IPR •••,22,,2026-05-25T06:36:03+00:00,0,0,,,200,2026-10-06T09:43:34+00:00
IntuitiveUnknown,alive,channel,"🔊   @IntuitiveUnknown • IURadio • Self, Other, & This Intuitive Unknown • IPR •••",12,,2026-07-21T02:44:01+00:00,0,0,,https://Intuitive.pub/unknown,200,2026-10-06T09:43:37+00:00
investigateCovidVax,alive,channel,Eyes Wide Open,177,,2026-10-06T08:31:40+00:00,19,19,,Sharing awareness of what is really going on in the world around us.,200,2026-10-06T09:43:41+00:00
IPANewJersey,alive,channel,Innovative Parenting NJ,181,,2026-02-21T00:05:52+00:00,0,0,,Innovative Parenting Advocacy NJ a channel to stay connected to NJ health freedom advocacy efforts/calls-to-actions!,200,2026-10-06T09:43:47+00:00
IPRNewYorkCity,alive,channel,🔊   @IPRNewYorkCity • Live Collaborative Media • Intuitive Public Radio New York City • IPR NYC •••,19,,2025-08-22T14:38:40+00:00,0,0,,,200,2026-10-06T09:43:55+00:00
IPRWest,empty_page,,,,,,,,,"If you have  Telegram , you can contact  @IPRWest  right away.",200,2026-10-06T09:43:59+00:00
IslamicMedicine124,alive,channel,Practical Islamic Medicine,300,,2026-05-12T10:04:35+00:00,0,0,IslamicMedicine124 SamerHakim,"The Medicine Of The Divinely Guided Prophets And Imāms عليهم السلام - Illnesses, Remedies, Recommendations. Under the guidance of Sheikh Qāsimi. Official website  t124.ir  (Farsi).    First in English.   @IslamicMedicine124   For questions:  @SamerHakim",200,2026-10-06T09:44:03+00:00
IvermectinFORSALE,alive,channel,Ivermectin GET your Ivermectin!,11,,2022-04-26T13:01:05+00:00,0,0,,Buy Ivermectin here.,200,2026-10-06T09:44:07+00:00
IvermectinVERSUSthegreatreset,empty_page,,,,,,,,,"If you have  Telegram , you can contact  @IvermectinVERSUSthegreatreset  right away.",200,2026-10-06T09:44:10+00:00
jabrag,alive,channel,the Jab Rag,3,,2022-09-17T00:32:40+00:00,0,0,,The place for all things Plandemic  www.jabrag.com,200,2026-10-06T09:44:13+00:00
jaclyndunnechannel,alive,channel,Jaclyn Dunne,4720,,2024-03-29T15:55:25+00:00,0,0,,,200,2026-10-06T09:44:18+00:00
jamiefreemanuk,alive,channel,J Freeman,371,,2026-10-03T17:16:52+00:00,1,11,,,200,2026-10-06T09:44:21+00:00
jamiemcintyre,alive,channel,Jamie McIntyre,5200,,2026-10-05T12:06:07+00:00,20,20,,,200,2026-10-06T09:44:25+00:00
JaneOrientMD,alive,channel_no_preview,Mr Pool    [ FAKE ],251,,,,,,,200,2026-10-06T09:44:30+00:00
jannyorganically,empty_page,,,,,,,,,"If you have  Telegram , you can contact  @jannyorganically  right away.",200,2026-10-06T09:44:33+00:00
jcherrypresents,alive,channel,JCherry Presents,167,,2024-07-24T18:38:49+00:00,0,0,,"News, interviews, and prospectives on medical freedom, politics, liberty, health, and underground music!!",200,2026-10-06T09:44:37+00:00
jeffersonian_nullification,empty_page,,,,,,,,,"If you have  Telegram , you can view posts by  @jeffersonian_nullification  right away.",200,2026-10-06T09:44:44+00:00
jermwarfare,alive,channel,Jerm Warfare,22100,,2026-10-06T05:08:52+00:00,19,19,,Please visit  jermwarfare.com  for the real deal.,200,2026-10-06T09:44:48+00:00
jessicahesser,alive,channel,Jessica Alix Hesser,504,,2023-01-12T17:41:08+00:00,0,0,,,200,2026-10-06T09:44:51+00:00
JesusChristsoon,alive,channel,𝐉𝐄𝐒𝐔𝐒 𝐂𝐇𝐑𝐈𝐒𝐓 𝐈𝐒 𝐂𝐎𝐌𝐈𝐍𝐆,1200,,2026-10-06T08:40:15+00:00,20,20,,Repent World.. He is Coming to Judge this world. The heaven is going to open and be prepared for him. It's time.,200,2026-10-06T09:44:55+00:00
Jew_World_Order,alive,channel_no_preview,Covid-1984 Jew World Order,2535,,,,,randomanonch1 randommeetingpoint,Channel to expose the Jewish New World Order agenda.  Main channel: t.me/randomanonch1 Regroup channel: t.me/randommeetingpoint  XMR: 43SM6WP9KKZUydhpM7ViW6EWGzgewGqYnF2YT8Rck3CL3wCDzVtVrt1Q9UEUFx9LdHGUjutFT9NV8ePoP8m1mfNaPacmn5F,200,2026-10-06T09:44:58+00:00
jewelldruryadvocateforjustice,alive,channel,Jewell Drury Advocate For Justice,914,,2023-12-05T20:17:09+00:00,0,0,,,200,2026-10-06T09:45:01+00:00
jimcorr,alive,channel,Jim Corr News,5570,,2026-04-09T14:10:37+00:00,0,0,,God - Family - Community - Country,200,2026-10-06T09:45:04+00:00
jimmysnewsfeed,alive,channel,Jimmy's News Feed   🇮🇪    🇮🇪    🇮🇪    💞,27,,2026-09-18T23:08:48+00:00,0,1,,My news feed which is mainly geo-political in bend but may also include important current affairs and human interest stories.,200,2026-10-06T09:45:07+00:00
joannebould2406,alive,channel,Daniel Andrews Arrest,45,,2026-07-20T09:21:59+00:00,0,0,,For all Andrews News,200,2026-10-06T09:45:10+00:00
jobseventsopportunities,alive,channel,Updates + Jobs + Opportunities,6,,2026-10-05T20:47:07+00:00,9,9,,"A  #Microwave  &  #Ultrasonic ,  #Infrared ,  #Laser ,  #LED  (Next door neighbours car headlight  #brighting ) and  #NerveAgent  Gas Weaponry Victim. A  #DavidCarrick  Case  #Whistleblower . A Former Public Servant of  #StAlbansCouncil  (2004-2012).",200,2026-10-06T09:45:14+00:00
jodiemeschuk,alive,channel,Jodie Meschuk,2360,,2024-10-27T23:12:57+00:00,0,0,,https://solo.to/thewarriorcenter,200,2026-10-06T09:45:17+00:00
johnblaidtts,alive,channel,The Truth Seeker,1380,,2026-10-03T13:56:45+00:00,1,2,,Here I will present my research as it continues.,200,2026-10-06T09:45:20+00:00
johncaulfield,alive,channel,John B. Caulfield,941,,2026-09-29T09:38:38+00:00,0,6,,"Liaison Officer & PRO, IRB Supreme Council  Email: jbc@tmhl.ie   https://linktr.ee/jbc32    E-I-R-E.ie  (Enrolment for Ireland's Real Estate Insulating Éire) for the Protection of Private Property   www.Faodhla.ie   ""Ar son na hÉireann agus a Clainne""   🍀    🇮🇪     💚",200,2026-10-06T09:45:23+00:00
johnlarter,alive,channel,John Larter v NSW Health (Mandatory Vaccinations),4290,,2023-03-30T05:00:02+00:00,0,0,,This channel provides regular updates on the John Larter case,200,2026-10-06T09:45:31+00:00
JohnUbele,empty_page,,,,,,,,,"If you have  Telegram , you can contact  @JohnUbele  right away.",200,2026-10-06T09:45:36+00:00
joinInformationOverload,alive,channel,Information Overload,11,,2023-03-07T18:17:22+00:00,0,0,,Flyers and Resources for fighting the MSN COVID-19 narrative.,200,2026-10-06T09:45:39+00:00
jonprobyartandeconomia,empty_page,,,,,,,,,"If you have  Telegram , you can contact  @jonprobyartandeconomia  right away.",200,2026-10-06T09:45:42+00:00
joshdelsol,alive,channel,Josh del Sol channel,3750,,2026-10-06T04:09:05+00:00,4,8,,"100% uncensored truth on health freedom, safe technology & our pathway into a positive future. Josh is the creator of Take Back Your Power documentary & website, THE EVENT, The 5G Summit, and Re:Union Summit.",200,2026-10-06T09:45:46+00:00
jrhchannel,alive,channel,Jeremy R. Hammond,437,,2026-04-14T16:40:22+00:00,0,0,,I expose dangerous mainstream propaganda serving to manufacture consent for criminal government policies.   https://www.jeremyrhammond.com/links/,200,2026-10-06T09:45:52+00:00
juanchamie,alive,channel,Juan’s Covid Analysis,1870,,2022-04-25T03:31:18+00:00,0,0,jjchamie,Independent analysis on COVID-19 Former  @jjchamie  on Twitter,200,2026-10-06T09:45:56+00:00
juliec4freedom,alive,channel,United for Freedom,1880,,2023-08-16T14:25:01+00:00,0,0,,"I have created this channel to provide a community of like minded people, who’s sole purposes is to support, educate, and bring together all those isolated with the truth of the world we are currently living in. Please be kind in a cruel world . Peace x",200,2026-10-06T09:46:00+00:00
just4shitandgiggles,alive,channel,Just4ShitandGiggles,160,,2023-04-15T21:17:34+00:00,0,0,,💉  Covid  💩  memes  🤣  Intel  👀    🎥   Vids  🙈    🏝    🤪    😎    🌍    ✨    🪐     😡  Truth isn’t for everyone    👀   WAKE the   🤬   Up  #Saveourchildren  We are Many  they a Few  United Together We Can take our  #Freedom  & Our Countries  It’s Up to Us.   🌎   Come WE GOT THIS   👊,200,2026-10-06T09:46:04+00:00
justdescoveredthis,alive,channel,Just discovered this,30,,2023-08-06T21:37:07+00:00,0,0,,Putting together peaces of information to form a picture,200,2026-10-06T09:46:08+00:00
JustDudeChannel,alive,channel,Just a Dude   😎,62900,,2026-10-05T15:56:10+00:00,19,19,JustDudeChannel,"Just a Dude Sharing Some Stuff   😎      ⚠️   Rumble:  https://rumble.com/c/JustDudeChannel   If You like the Content, Share the Link with Other Dudes:    ⚠️   Telegram:  https://t.me/JustDudeChannel",200,2026-10-06T09:46:11+00:00
justiceforevee,alive,channel,Justice for Evee/Catie Clobes,78,,2023-08-14T21:35:38+00:00,0,0,,"Supporters of the organization and movement, Justice for Evee! Updates about lawsuits &  www.justiceforevee.org    💛    💙    💜    💛",200,2026-10-06T09:46:15+00:00
justthefactsmaam,alive,channel,Just the facts ma'am,50,,2026-07-02T21:13:40+00:00,0,0,joinchat,This channel and any perceived suggestions or advice contained herein are for entertainment purposes only.  Chat:  https://t.me/joinchat/xR9GJZbnymxhNGZh,200,2026-10-06T09:46:18+00:00
JWilderness,alive,channel,jwilderness,1,,2026-05-31T18:16:57+00:00,0,0,,,200,2026-10-06T09:46:21+00:00
karleen_love,empty_page,,,,,,,,,"If you have  Telegram , you can contact  @karleen_love  right away.",200,2026-10-06T09:46:24+00:00
Kate_Shemirani_Natural_Nurse,alive,channel,Kate Shemirani Channel (Fans Made),707,,2021-10-18T10:40:19+00:00,0,0,,This channel is dediacted to Kate Shemirani also known as the Natural Nurse in a Toxic World videos created by fans of this wonderful woman,200,2026-10-06T09:46:27+00:00
KeepingOneStepAhead,alive,channel,UNITED BY HERITAGE: Keeping One Step Ahead,330,,2026-09-29T00:52:06+00:00,0,20,UnitedByHeritage,Part of the  @UnitedByHeritage  network (established 2019).   https://www.telegram.me/UnitedByHeritage,200,2026-10-06T09:46:30+00:00
kellybroganmd,alive,channel,Kelly Brogan MD,7550,,2026-10-06T00:06:11+00:00,6,20,,"Curated resources for those passionate about bodily sovereignty, health freedom, and embracing the body’s innate healing capacity. A Mind of Your Own, Own Your Self, and A Time for Rain. Founder: Vital Mind Reset and Vital Life Project.  kellybroganmd.com",200,2026-10-06T09:46:34+00:00
knowledgeseekersfamily,alive,channel,👨‍💻  🅺🅽  🅾  🆆🅻🅴🅳🅶🅴 🆂🅴🅴🅺🅴🆁'🆂   📚    🇬🇧,113,,2026-07-22T20:34:33+00:00,0,0,,"Intellectual diversity, opinion based observations.....please do you own research!",200,2026-10-06T09:46:39+00:00
knowthein,alive,channel_no_preview,In the know,26,,,,,,Stay connected with what’s going on,200,2026-10-06T09:46:42+00:00
kristen_nagle,alive,channel,Kristen Nagle,1270,,2026-04-22T20:07:55+00:00,0,0,,"A Nurse and Holistic Nutritionist helping you connect back to yourself, community and the Earth. To empower sovereignty, informed consent, medical transparency and true health and well-being.",200,2026-10-06T09:46:44+00:00
kungFluVirus,empty_page,,,,,,,,,"If you have  Telegram , you can contact  @kungFluVirus  right away.",200,2026-10-06T09:46:47+00:00
lamestream,alive,channel,Lamestream,4,,2026-03-21T19:40:34+00:00,0,0,,,200,2026-10-06T09:46:50+00:00
laron_g_s,empty_page,,,,,,,,,"If you have  Telegram , you can contact  @laron_g_s  right away.",200,2026-10-06T09:46:53+00:00
larrydcook,alive,channel,Stop Mandatory Vaccination by Larry Cook,3670,,2026-08-21T02:10:02+00:00,0,0,,"Posts by Larry Cook, Anti-Vaccine Activist and Natural health Advocate.",200,2026-10-06T09:46:56+00:00
LauraAbolichannel,alive,channel,LauraAboli,168000,,2026-10-06T08:05:51+00:00,20,20,,Truth. Faith. Freedom.,200,2026-10-06T09:47:00+00:00
lawyersoflight,alive,channel,Lawyers of Light,12700,,2026-10-05T08:26:27+00:00,14,20,,"We live in a trauma based mind control system. We talk about this. Oh, & occasionally the ""law""!  If your conscience moves you to donate because you have received value from any of the material I have put out the link is  buymeacoffee.com/claredwillb",200,2026-10-06T09:47:03+00:00
LeakyVax,alive,channel,.,6,,2022-10-13T20:00:02+00:00,0,0,,,200,2026-10-06T09:47:08+00:00
leannelpg,empty_page,,,,,,,,,"If you have  Telegram , you can contact  @leannelpg  right away.",200,2026-10-06T09:47:12+00:00
LecademyNews,alive,channel,@LECADEMYNEWS |,6190,,2026-09-15T19:27:59+00:00,0,1,LECADEMYNEWS lecademy,Herbalism & Natural Cures | Positivity | Wellbeing Channel  @LECADEMYNEWS  | Chat:  @lecademy  |,200,2026-10-06T09:47:15+00:00
leegarrettnews,alive,channel,leegarrettnews,,,2024-09-26T13:38:03+00:00,0,0,,,200,2026-10-06T09:47:19+00:00
letsvoteca,alive,channel,🔔  LET’S VOTE FOR A BETTER CANADA  🇨🇦,271,,2026-08-28T18:37:58+00:00,0,0,,,200,2026-10-06T09:47:22+00:00
liberty_stream_network_ireland,alive,channel,Liberty Stream Network Ireland,1750,,2026-10-06T05:29:48+00:00,16,16,liberty_stream_network_ireland,Voices from and on contemporary Ireland.  Please participate or link to us --  @liberty_stream_network_ireland,200,2026-10-06T09:47:26+00:00
libertyforBC,alive,channel,liberty for BC,83,,2026-09-13T19:44:17+00:00,0,1,,"A place to find information, resources, and community to support a democratic future for all British Columbians.",200,2026-10-06T09:47:30+00:00
lightcodesactivation,alive,channel,ConsciousCodes,477,,2025-12-05T19:29:19+00:00,0,0,,⚔️     💫    That vibe you may or may not be ready for    🎵    🔥    🎶    🔥    🎶    🔥    🎵   Take What Resonates  Question Everything,200,2026-10-06T09:47:34+00:00
lightpath_support,alive,channel,LIGHTPATH,26,,2026-10-06T09:47:29+00:00,18,19,,Shining into the darkness,200,2026-10-06T09:47:39+00:00
linkorlov,empty_page,,,,,,,,,"If you have  Telegram , you can contact  @linkorlov  right away.",200,2026-10-06T09:47:43+00:00
LittlePhoot,empty_page,,,,,,,,,"If you have  Telegram , you can contact  @LittlePhoot  right away.",200,2026-10-06T09:47:47+00:00
liv_inthemoment,alive,channel,Liv_inthemoment,10,,2025-01-02T05:39:58+00:00,0,0,,Fresh current info on the current world from down under view. We encourage open discussion & multiple different viewpoints otherwise how do we move forward? So please discuss! Everyone is welcome here. We need to unite!  ✨    ✌️,200,2026-10-06T09:47:50+00:00
LIVANDU,alive,channel,LIVANDU JOIN OUR CHATROOM @LIVANDUCHAT,616,,2026-04-23T14:34:26+00:00,0,0,,,200,2026-10-06T09:47:54+00:00
LiveFreeOrDie_au_nz,alive,channel,LiveFreeOrDie,482,,2026-10-03T22:34:06+00:00,2,4,,"The largest scam in history is being perpetrated upon the entire population. Break away from the mass psychosis, turn off your TV and tune in to get real life updates from people around the world. Freedom must come first. Live Free or Die (fighting)",200,2026-10-06T09:47:57+00:00
LiveHealthy,alive,channel,Healthy Living   🍏,4680,,2026-10-05T12:04:49+00:00,14,20,,"Join the Healthy Living Channel... Here you will learn about the laws of health, that bring better living and a happier lifestyle!",200,2026-10-06T09:48:02+00:00
living_real_in_a_fake_world,alive,channel,Living Real in a Fake World,49,,2026-09-24T20:25:41+00:00,0,13,,"Welcome to Debunking The Fake  Archive of censored, interesting, funny, and disturbing material from all over the internet.   The channel owner may in part or in whole disagree with the opinions expressed in the material posted.",200,2026-10-06T09:48:07+00:00
LogosIsRising,alive,channel_no_preview,This Channel Didnt Kill Itself🐻,1245,,,,,,"Who You Obey Is Who You Serve So Let It Be LOGOS! Logos,Conspiracy Theories, World Events, Based Memes (Powered By M1Bear)",200,2026-10-06T09:48:10+00:00
louiseArtery,alive,channel,Louise,4,,2025-02-08T09:50:49+00:00,0,0,,I like the truth,200,2026-10-06T09:48:12+00:00
louisemckenna,alive,user_or_bot,Louise McKenna,,,,,,,,200,2026-10-06T09:48:16+00:00
lovingenergies,empty_page,,,,,,,,,"If you have  Telegram , you can contact  @lovingenergies  right away.",200,2026-10-06T09:48:19+00:00
LSNTOFFICIAL,empty_page,,,,,,,,,"If you have  Telegram , you can contact  @LSNTOFFICIAL  right away.",200,2026-10-06T09:48:22+00:00
ltcolevola,alive,channel_no_preview,Lt. Col Evola's [The Colonel's Imperium],678,,,,,PotatoWaffen,Personal channel. Do an Act of Will. Main  @PotatoWaffen,200,2026-10-06T09:48:26+00:00
luizmd3,alive,channel,Luiz Defreitas,117,,2023-04-10T13:48:05+00:00,0,0,,,200,2026-10-06T09:48:29+00:00
lukestorey,alive,channel,Luke Storey,3290,,2026-10-05T14:05:46+00:00,14,19,,,200,2026-10-06T09:48:34+00:00
MADMIXCONSPIRACIES,alive,channel,MAD MIX CONSPIRACIES,8000,,2026-10-04T12:10:28+00:00,3,16,,The truth about the mad world we live in,200,2026-10-06T09:48:38+00:00
MainBeachMedia,alive,channel,Main Beach Media,1130,,2024-02-24T04:35:01+00:00,0,0,,"News, Media, Comedy, Across 7 Continents:  Have a Good Day   😎",200,2026-10-06T09:48:42+00:00
maintenance_room,empty_page,,,,,,,,,"If you have  Telegram , you can contact  @maintenance_room  right away.",200,2026-10-06T09:48:50+00:00
makechangehappen,alive,channel,Make Change Happen,121,,2021-10-27T22:43:07+00:00,0,0,,Independent community raising awareness on natural rights and social equality for positive change lawfully & peacefully. App available on Apple and Google stores soon.,200,2026-10-06T09:48:53+00:00
MakingInformeddecisions,empty_page,,,,,,,,,"If you have  Telegram , you can contact  @MakingInformeddecisions  right away.",200,2026-10-06T09:48:56+00:00
MamaFixit,alive,channel,MamaFixit,41,,2024-04-04T18:28:10+00:00,0,0,,,200,2026-10-06T09:49:01+00:00
mandiatrandomm,alive,channel,MandiAtRandom,1330,,2024-04-25T17:05:14+00:00,0,0,,BC censorship is too real over on insta...so the “CoNsPiRaCy” and censored topics will be posted here! Invite yo friends and and grab your tinfoil hats cause it’s gunna be a bumpy ride of truthin   🗣    🩸    💉    👩🏼‍🚀    👺    👁    🌎    ⛈,200,2026-10-06T09:49:08+00:00
marcmalone,alive,channel,.,1,,2026-04-05T05:57:42+00:00,0,0,,,200,2026-10-06T09:49:14+00:00
maria_vana_channel,empty_page,,,,,,,,,"If you have  Telegram , you can contact  @maria_vana_channel  right away.",200,2026-10-06T09:49:18+00:00
MariaRigoliLawyerChannel,empty_page,,,,,,,,,"If you have  Telegram , you can contact  @MariaRigoliLawyerChannel  right away.",200,2026-10-06T09:49:22+00:00
marielra,alive,channel,Marielra,622,,2022-03-21T01:46:36+00:00,0,0,,,200,2026-10-06T09:49:29+00:00
marksteele5g,alive,channel,MARK STEELE CHANNEL,18000,,2026-10-03T21:08:01+00:00,18,18,,STOP 5G IT IS A WEAPON SYSTEM   www.saveusnow.org.uk,200,2026-10-06T09:49:33+00:00
martinpcostello,empty_page,,,,,,,,,"If you have  Telegram , you can contact  @martinpcostello  right away.",200,2026-10-06T09:49:38+00:00
maryannscoops,empty_page,,,,,,,,,"If you have  Telegram , you can contact  @maryannscoops  right away.",200,2026-10-06T09:49:45+00:00
maskinfodump,empty_page,,,,,,,,,"If you have  Telegram , you can contact  @maskinfodump  right away.",200,2026-10-06T09:49:53+00:00
matrixdecoded,alive,channel,MatrixDecoded  🚫    🐑,598,,2026-08-30T23:05:35+00:00,0,0,,Invite your friends   T.me/matrixdecoded   Join our Group Discussion   👇    T.me/truthaddictz   Sheep Free Area  🚫    🐑   Warning: Staying for a long period of time as a   🐑   might turn you into a   🦁,200,2026-10-06T09:49:57+00:00
mattbelair,alive,channel,"Master Mind, Body, & Spirit with Matt Belair",1250,,2026-03-16T17:49:02+00:00,0,0,,"A channel for those who want to live life to the fullest, make a positive impact, and build a better inner and outer world with Matthew Belair.",200,2026-10-06T09:50:01+00:00
mattlawsonphotography,alive,channel,MATT LAWSON'S COMMUNITY,5510,,2026-03-23T07:35:33+00:00,0,0,,A page for spreading truth,200,2026-10-06T09:50:05+00:00
MCMLXXXIVwasbetter,alive,channel,🧿    👁‍🗨    👂    🪬    📸    🎤  Pretty Orwellian Premium Morbid Reality   👁‍🗨    🧿    👂    🪬    📸    🎤,411,,2026-03-25T01:24:14+00:00,0,0,MCMLXXXIVwasbetter,• WAR IS PEACE • FREEDOM IS SLAVERY • IGNORANCE IS STRENGTH  • REALITY IS IDEAL • IDEALITY IS REAL  • PROPAGANDA IS TRUTH • SURVEILLANCE IS PRIVACY • OBLIVIOUSHOOD IS CURIOSITY • TRANSPARENCY IS ACCOUNTABILITY     https://t.me/MCMLXXXIVwasbetter/1,200,2026-10-06T09:50:11+00:00
MediaWorkspace,alive,channel,🔊   @MediaWorkSpace • Intuitive Media Work Space • Intuitive Public Radio • IPR •••,8,,2025-06-02T21:51:19+00:00,0,0,,,200,2026-10-06T09:50:15+00:00
medicalfraudisreal,alive,channel_no_preview,Medical Fraud is REAL,34,,,,,,"Rights are not Privileges - We are all born with them.  ⚠️ Everyone has medical rights  ⚠️ Everyone has a safe space - OWN IT  ⚠️ For the sake of humanity, it is everyone's responsibility to stand up and speak out in protection of their families' rights.",200,2026-10-06T09:50:19+00:00
melbournefreedomrallyupdates,alive,channel,😀    🇦🇺   [Updates] Melbourne Freedom Rally,3980,,2026-01-25T23:03:08+00:00,0,0,AustraliaFreedomRally Dom1nicD MelbourneFreedomRally WorldWideDemonstration,We stand for Freedom and Empowerment with peaceful protests in Victoria.  Discussion:  @MelbourneFreedomRally   AFR:  @AustraliaFreedomRally  WWD:  @WorldWideDemonstration   Admin:  @Dom1nicD,200,2026-10-06T09:50:23+00:00
melbournemisfits,alive,channel,🖤    🔥  {|| MELBOURNE MISFITS ||}   🔥    🖤,358,,2025-11-20T03:10:47+00:00,0,0,joinchat melbournemisfits,"In a world where right is wrong,  wrong is right,  good is bad - where everything is backwards... Being good, honest and honourable makes you a ""misfit.""  Group link:  https://t.me/joinchat/AIdSMBMBLr00ZDRl   Channel link:  https://t.me/melbournemisfits",200,2026-10-06T09:50:27+00:00
MelbourneRiseUpUnitedWeStand,empty_page,,,,,,,,,"If you have  Telegram , you can contact  @MelbourneRiseUpUnitedWeStand  right away.",200,2026-10-06T09:50:30+00:00
meme_fwo,alive,channel_no_preview,Memes NWO - Alternative News - Free World Order,73,,,,,FREEWORLDORDER,Wake up! (MEME DUMP)  》》 JOIN  @FREEWORLDORDER,200,2026-10-06T09:50:33+00:00
meme_me_up,alive,channel,Meme Me Up!!,86,,2026-10-03T21:42:37+00:00,3,12,Meme_Me_Up,"@Meme_Me_Up !! A place to find humor, images, and seeds of truth.",200,2026-10-06T09:50:37+00:00
menagainstthenarrative,alive,channel,Men Against The Narrative,330,,2025-08-03T20:44:23+00:00,0,0,,We stand for all people under the 1901 true constitution of the land. All are welcome,200,2026-10-06T09:50:41+00:00
mgtowsec,alive,channel_no_preview,Mgtow Anons,113,,,,,,JUDE ENTWEICHE AUS UNSERM DEUTSCHEN HAUS,200,2026-10-06T09:50:44+00:00
Michael_Priest,alive,channel,Michael Priest,1,,2025-03-29T23:13:39+00:00,0,0,,Zone Lead Platform,200,2026-10-06T09:50:47+00:00
michaelbrazil,alive,channel,The Irish Git,13300,,2026-10-02T09:18:55+00:00,2,8,,"Truth and real data kills bulshit and lies, all day and everyday",200,2026-10-06T09:50:51+00:00
MilansNews,alive,channel,MILAN MAKSIMOVIC NEWS,56,,2023-07-20T14:51:26+00:00,0,0,,,200,2026-10-06T09:50:56+00:00
Millions_United,alive,channel,Millions_United,1480,,2026-10-04T07:37:22+00:00,1,11,Millions_United Millions_United_Chat,https://t.me/Millions_United   Chat:  https://t.me/Millions_United_Chat,200,2026-10-06T09:50:59+00:00
mina_chabaka,alive,channel,من الشبكة - From the Web,98,,2026-10-06T08:49:33+00:00,4,14,,مختارات من الشبكة - Selection from the internet,200,2026-10-06T09:51:15+00:00
mlteop,empty_page,,,,,,,,,"If you have  Telegram , you can contact  @mlteop  right away.",200,2026-10-06T09:51:20+00:00
mmamvau,alive,channel,MMAMV - Australia,2240,,2025-04-20T23:54:47+00:00,0,0,,Millions March Against Mandatory Vaccines,200,2026-10-06T09:51:24+00:00
MMSinfo,empty_page,,,,,,,,,"If you have  Telegram , you can contact  @MMSinfo  right away.",200,2026-10-06T09:51:28+00:00
MontiMaro777,alive,channel_no_preview,MontiMaro77,55,,,,,,"Stop The NWO      I do not give telegram or any entities associated with telegram permission to use my pictures, information, messages or posts, both past and future.",200,2026-10-06T09:51:31+00:00
morgancjonas,alive,channel,Morgan C Jonas,4890,,2025-12-24T05:45:00+00:00,0,0,,Host - MCJ Report State Leader - Freedom Party of Victoria,200,2026-10-06T09:51:34+00:00
Morphius21,alive,user_or_bot,Alpha,,,,,,,,200,2026-10-06T09:51:37+00:00
mrn_death,alive,channel,mRNA DEATH TOLL,29500,,2026-10-04T16:16:01+00:00,7,13,,,200,2026-10-06T09:51:41+00:00
mttsuf,alive,channel,May The Truth Set Us Free,184,,2026-09-18T14:44:59+00:00,0,4,,Looking for the truth in a world of Evil Madness. Together we are unstoppable. The future is not set..   https://rumble.com/c/c-1378351,200,2026-10-06T09:51:45+00:00
MTvaccinechoice,alive,channel,Montanans for Vaccine Choice Uncensored,281,,2026-01-06T02:18:30+00:00,0,0,,Official MTVC  public channel,200,2026-10-06T09:51:49+00:00
My21wire,alive,channel,21st Century Wire (Official),9850,,2026-10-06T08:42:08+00:00,17,17,,News for the Waking Generation,200,2026-10-06T09:51:54+00:00
myceliummessage,alive,channel,FOR FREEDOM,10,,2023-06-07T14:18:58+00:00,0,0,,..for liberty,200,2026-10-06T09:52:03+00:00
mySpiritualpath,alive,channel_no_preview,مسیر معنوی من,46,,,,,,من مینوش هستم و از خوانده‌هام، یافته‌هام و زیسته‌هام میگم,200,2026-10-06T09:52:08+00:00
NacionalismoBlanco,alive,channel,Raza y Sociedad/Race and Society,190,,2021-12-06T03:43:31+00:00,0,0,,"Estamos en contra de la evaluación de calidad humana de una persona por pertenecer a determinado grupo racial, pero sabemos que la utopía de una sociedad multirracial pacífica libre de racismo y conflictos es el más peligroso mito   🇪🇸    🇬🇧",200,2026-10-06T09:52:12+00:00
nandadji,alive,channel,Australian First Nations Vioce,18,,2022-03-06T01:55:33+00:00,0,0,,"Freedom of thought, Freedom of Speech, Freedom of choice, Freedom of Religion, Freedom of association, Freedom of protest, Sovereignty of the Nation State",200,2026-10-06T09:52:16+00:00
naomicookformerRN,alive,channel,Naomi Cook Former RN,1250,,2026-07-14T22:38:55+00:00,0,0,,"Alternative news, Emfs, 5G, health health health…",200,2026-10-06T09:52:21+00:00
NatasRamz06,alive,channel,Ramz Humble,55,,2024-08-21T12:05:36+00:00,0,0,,Exposing Evil,200,2026-10-06T09:52:25+00:00
NatemaxHumanAlliance,alive,channel,Nate Max Human Alliance,5290,,2026-05-09T00:19:54+00:00,0,0,,"A room for staying connected, creating community, sovereign health,  sustainability, occult knowledge & Truth Media",200,2026-10-06T09:52:29+00:00
NationalCitizensAllianceInfo,alive,channel,National Citizens Alliance,67,,2024-11-17T01:43:25+00:00,0,0,,Canadians First. Canadian Made. Straight Up. In Full Service of the CDN People. Registered Federal Political Party.,200,2026-10-06T09:52:34+00:00
NationalistForChrist,alive,channel,Nationalist for Christ,4,,2021-10-04T00:22:46+00:00,0,0,,,200,2026-10-06T09:52:38+00:00
NationalUnited,alive,channel,National United,1910,,2025-09-08T09:06:13+00:00,0,0,,Parents & workers united against mandatory vaccinations & medical discrimination. Supporting families and individuals in need   🛡    ⚔,200,2026-10-06T09:52:42+00:00
natnnetwork,alive,channel,Nurses Against the Narrative #AU Network,1300,,2025-04-23T10:14:24+00:00,0,0,,Announcements and Networking  Private support group by invite or join link only.,200,2026-10-06T09:52:46+00:00
NaturalHealthNews,alive,channel,Natural Health News Channel,3800,,2026-07-11T10:02:00+00:00,0,0,,● Uncensored News ● Climate Change Hoax ● Covid Updates From Around The World ● Reports from Citizen Journalists ● Memes,200,2026-10-06T09:52:50+00:00
NBunvaccinated,alive,channel,New Brunswick Canada Français Anglais,143,,2022-10-06T01:02:35+00:00,0,0,,"News for NB in English and French, actualité pour les Neo-Brunswickois en Français et en Anglais.",200,2026-10-06T09:52:58+00:00
ne3xus5,alive,channel_no_preview,Big List of Channels,132,,,,,,"A regularly updated list of groups sharing alternative news or discussion.   If you have a suggestion, write a comment on the post.",200,2026-10-06T09:53:02+00:00
neilhague,alive,channel,Neil Hague Channel,101,,2026-09-08T13:38:55+00:00,0,1,,The official channel for artist and author Neil Hague  Follow me on Instagram neil_hague_art,200,2026-10-06T09:53:06+00:00
neo_network,alive,channel,Ramiro Romani's neo-network,741,,2025-06-06T16:55:53+00:00,0,0,takebackourtech,"founder of  @takebackourtech , part of  freedcomcells.org ,  thegreaterreset.org    neo: a new or revived form of.  Break free of the former internet. Daily posts & content that teach you new revolutionary technologies.",200,2026-10-06T09:53:10+00:00
newearthproj,alive,channel,NewEarth Horizon,7270,,2026-10-05T14:09:13+00:00,7,18,,This is the official channel for New Earth Project. We are here to help disseminate information on current events in a time of great censorship.  Linktr.ee/sachastoneofficial,200,2026-10-06T09:53:15+00:00
News4AChange,alive,channel,We Are Change,10200,,2026-02-23T19:19:57+00:00,0,0,,"""News is what somebody somewhere wants to suppress; all the rest is advertising.""  ➔  LukeUnfiltered.com  ➔  TheBestPoliticalShirts.com",200,2026-10-06T09:53:19+00:00
news_ycombinator,alive,channel,news.ycombinator.com: Hacker News,1350,,2022-09-22T19:12:29+00:00,0,0,,"Hacker News: Posts with the score above 75, delivered to your Telegram.",200,2026-10-06T09:53:23+00:00
newscritical,alive,channel,Critical Path News & Insights,483,,2025-06-27T22:13:14+00:00,0,0,,Breaking news and insights on the critical path of world trends. Share with friends to stay informed.,200,2026-10-06T09:53:26+00:00
NewsMoots,alive,channel,News Moots,77,,2023-07-03T09:50:36+00:00,0,0,,"Current Affairs, Geopolitical, Eschatological",200,2026-10-06T09:53:30+00:00
newworldordervideos,empty_page,,,,,,,,,"If you have  Telegram , you can contact  @newworldordervideos  right away.",200,2026-10-06T09:53:33+00:00
nicholalb,alive,channel,Is covid19 really 5g? Or is it real and man-made?,20,,2022-02-12T11:12:08+00:00,0,0,,"I would love to prove that 5g is responsible for all this illness and death, masked as Covid19. Get researching folk!",200,2026-10-06T09:53:36+00:00
nicolewellness,alive,channel_no_preview,Nicole Wellness,121,,,,,,,200,2026-10-06T09:53:40+00:00
NilesCindy,alive,channel_no_preview,Cindy Niles,414,,,,,,Two plus two equals four,200,2026-10-06T09:53:43+00:00
ninetydegreeturns,alive,channel,Ninety Degree Turns Channel,35,,2022-10-21T19:57:18+00:00,0,0,,Expanding the minds beliefs and perspectives while we awaken the sleeping many,200,2026-10-06T09:53:46+00:00
NMNVMC,alive,channel,NMNVMC - Josh Gregoire Jones,637,,2023-10-03T12:05:31+00:00,0,0,,"No Masks, No Vaccines, My Choice",200,2026-10-06T09:53:49+00:00
no2vaccine,empty_page,,,,,,,,,"If you have  Telegram , you can contact  @no2vaccine  right away.",200,2026-10-06T09:53:52+00:00
nobulart,alive,channel,nobulart,1750,,2026-10-03T07:19:23+00:00,2,5,,https://nobulart.com   https://x.com/nobulart,200,2026-10-06T09:53:58+00:00
NoGoolag,alive,channel,NoGoolag,4790,,2026-10-06T07:23:22+00:00,13,13,BallMemes Libreware NoGoolag SaveAlexandria joinchat,Live free!    📡    @NoGoolag   FAQ:  http://t.me/NoGoolag/169   ★Group:  https://t.me/joinchat/nMOOE4YJPDFhZjZk     📡    @Libreware     📚    @SaveAlexandria     📡    @BallMemes   FORWARDS ARE NOT ENDORSEMENTS    💯   % satire OSRET,200,2026-10-06T09:54:02+00:00
nomandatoryvaccinationparty,alive,channel,No Mandatory Vaccination Party Western Australia,151,,2022-05-27T06:09:40+00:00,0,0,,Say No to mandatory vaccinations party for the WA state elections Repeal the draconian legislation of the WA Heath Act 2016. READ SECTION 158 and be horrified then join us in getting this changed!!!,200,2026-10-06T09:54:05+00:00
NoMoreFakeNews,alive,channel,Jon Rappoport,1150,,2024-10-01T05:59:36+00:00,0,0,Kanal_KontaktBot,NoMoreFakeNews.com  · Who is Jon:  telegra.ph/Jon-Rappoport-Investigative-Reporter-10-12    technical questions:  @Kanal_KontaktBot,200,2026-10-06T09:54:08+00:00
NoMoreLockdowns,alive,channel,No More Lockdowns Canada,815,,2022-08-31T19:56:01+00:00,0,0,,,200,2026-10-06T09:54:12+00:00
NoMoreLockdownsUK,alive,channel,No More Lockdowns UK,6230,,2026-08-19T20:02:34+00:00,0,0,,No more lockdowns- No Vaxx-Passports- NOT EVER!,200,2026-10-06T09:54:15+00:00
Nonpolitcschannel,empty_page,,,,,,,,,"If you have  Telegram , you can contact  @Nonpolitcschannel  right away.",200,2026-10-06T09:54:19+00:00
Not_On_The_Beeb,alive,channel,Not On The Beeb - Stuff the BBC forgot to tell you...,12300,,2026-10-05T23:17:11+00:00,12,20,,Stuff the BBC forgot...   https://www.notonthebeeb.co.uk  Links: https://markplayne.com/pages/mark-playne-links,200,2026-10-06T09:54:22+00:00
NotesOnRefuge,empty_page,,,,,,,,,"If you have  Telegram , you can contact  @NotesOnRefuge  right away.",200,2026-10-06T09:54:30+00:00
notovaccine,alive,group,ALL AGAINST THE VACCINATION🚫💉,,12,,,,Andymadley51,"To be Joyful.. Try less and trust more. We secretly help people get a valid health passport, cards, pcr test without them taking the jabs  We all stand for freedom!! 🙏  Send message to  @Andymadley51",200,2026-10-06T09:54:33+00:00
NottinghamTruthSheriff,alive,channel,Nottingham Gospel Sheriff,80,,2026-10-05T18:33:08+00:00,2,9,,CHRISTFLUENCER AND STREETPREACHER,200,2026-10-06T09:54:37+00:00
NoVaccineCoercion,alive,channel,"COVID Vaccine Information, Injuries and Deaths + World News",2330,,2026-02-04T01:26:43+00:00,0,0,joinchat,"Collating all reports of COVID vaccine information, adverse reactions such as injuries and deaths. Chat:  https://t.me/joinchat/VQhbQkCpPxCe4JbS",200,2026-10-06T09:54:40+00:00
nrtamilnadunursing,alive,channel,𝕋𝔸𝕄𝕀𝕃ℕ𝔸𝔻𝕌 ℕ𝕌ℝ𝕊𝕀ℕ𝔾  ™,308,,2026-09-05T14:46:02+00:00,0,0,Ombuddy_bot ombuddy_bot tamilnurse,DM us:  t.me/ombuddy_bot     🔥  SUPPORTING   🔔  SUBSCRIBE  Δ 𝕋𝔸𝕄𝕀𝕃ℕ𝔸𝔻𝕌 ℕ𝕌ℝ𝕊𝕀ℕ𝔾  ™   Δ  https://aratt.ai/@tamilnadunursing  WA:  t.me/tamilnurse/327  World'S Largest Nursing Career Website For All Our Nursing Needs & All Jobs Updates.  @Ombuddy_bot,200,2026-10-06T09:54:44+00:00
NursesAgainstLockdowns,empty_page,,,,,,,,,"If you have  Telegram , you can contact  @NursesAgainstLockdowns  right away.",200,2026-10-06T09:54:47+00:00
nuttersunite,empty_page,,,,,,,,,"If you have  Telegram , you can contact  @nuttersunite  right away.",200,2026-10-06T09:54:50+00:00
NVIC_VaccineFreedom,alive,channel,NVIC.org,7790,,2026-10-06T01:04:13+00:00,20,20,,"America’s Vaccine Watchdog since 1982. The National Vaccine Information Center (NVIC) is a non-profit educational organisation dedicated to the prevention of vaccine injury and death, vaccine safety & informed consent advocacy in public heath policy.",200,2026-10-06T09:54:52+00:00
NWO_Rebel,alive,channel,NWO Rebel,5,,2021-10-11T07:50:46+00:00,0,0,,,200,2026-10-06T09:54:56+00:00
NWOreporter,alive,channel_no_preview,NWOreporter,196,,,,,,,200,2026-10-06T09:54:59+00:00
NZLiberty,empty_page,,,,,,,,,"If you have  Telegram , you can contact  @NZLiberty  right away.",200,2026-10-06T09:55:03+00:00
NZLibertyMovement,alive,channel,NZ Liberty Movement,628,,2022-02-19T07:17:33+00:00,0,0,,"A channel for Kiwis who want to do SOMETHING, ANYTHING to stop the disproportionate way that their government is responding to COVID19.",200,2026-10-06T09:55:06+00:00
nzprochoice,alive,channel,The Media Matrix,1150,,2025-04-17T06:28:37+00:00,0,0,,Spreading important news to make us more aware of whats going on in the world.,200,2026-10-06T09:55:09+00:00
NZunderAttack,alive,channel,NZ UNDER ATTACK TELEGRAM,106,,2024-09-20T13:41:58+00:00,0,0,,,200,2026-10-06T09:55:13+00:00
off_Guardian,alive,channel,offGuardian,1410,,2026-09-27T19:53:10+00:00,0,18,German_Foreign_Policy KenFM_en StrategicCulture en_2020news swprs,"Get off Guardian! …’coz facts really should be sacret.  off-guardian.org/support-us   This is an unofficial supporter channel, not YET affiliated with OffGuardian. Further channels:   @German_Foreign_Policy    @StrategicCulture    @en_2020news    @KenFM_en    @swprs",200,2026-10-06T09:55:17+00:00
offgridcanada,alive,group,Off Grid Canada & USA 🇨🇦🇺🇸,,82,,,,,"The shit is about to hit the fan. You can digitize your ass or you can join us and get the fuck out. Mass deaths, poisoned food, vaccine aerosols and digital technocratic slavery on the horizon. Don't let them jab your ass, it is time. Prepare to bug out.",200,2026-10-06T09:55:20+00:00
OffgridiIreland,alive,channel,𝗢𝗳𝗳-𝗚𝗿𝗶𝗱 𝗜𝗿𝗲𝗹𝗮𝗻𝗱   ☘️,10200,,2026-10-06T09:12:40+00:00,10,10,,Podcasts  Support Us  https://linktr.ee/offgridireland,200,2026-10-06T09:55:23+00:00
offguardian,alive,channel,OffGuardian (official),8590,,2026-10-05T17:30:08+00:00,9,20,,OffG's official Telegram channel.      off-guardian.org,200,2026-10-06T09:55:26+00:00
OfficialChannelComusavUSA,alive,channel,COMUSAV USA OFFICIAL CHANNEL   🇺🇸,6570,,2026-06-20T03:45:13+00:00,0,0,,COMUSAV Mundial (Spanish acronym for World Health & Life Coalition) is the largest organization supporting the therapeutic use of Chlorine Dioxide Solution worldwide. Working w/the Scientific Community to legalize it in every country!,200,2026-10-06T09:55:31+00:00
offthegridnow,alive,channel,Off The Grid Channel,4650,,2026-06-30T14:47:32+00:00,0,0,Offthegridchat,"For all Freedom loving People. We focus on discussing the best food, health, education, business, farming, government, renewable energy, innovations and alternative solutions. Preparing to overcome & thrive in these times.  JOIN CHAT GROUP  @Offthegridchat",200,2026-10-06T09:55:34+00:00
OhioAMF,alive,channel,Ohio Advocates for Medical Freedom,2090,,2026-10-02T13:08:05+00:00,2,18,,"OAMF is a 501(c)(4) advocating for your right to choose or refuse any medical treatment or procedure. We keep you up to date on legislative calls-to-action affecting your freedom, & provide OH citizens with a medical freedom voter guide each election.",200,2026-10-06T09:55:39+00:00
oliverjanichinternational,alive,channel,Oliver Janich International,1060,,2026-09-18T04:06:31+00:00,0,2,,"Former mainstream journalist, bestselling German author. My international team also posts opinions I do not necessarily support. Think and research for yourself. About me:  https://www.oliverjanich.de/about-me",200,2026-10-06T09:55:44+00:00
onceyouawake1,empty_page,,,,,,,,,"If you have  Telegram , you can contact  @onceyouawake1  right away.",200,2026-10-06T09:55:47+00:00
OneDayDevineNews,alive,channel,OneDayDevine News   🇨🇦    🤜    🤛    🇺🇸,299,,2022-09-20T22:38:09+00:00,0,0,,The Truth Is Like A Lion You Don't Have Defend It Let It Loose It Will Defend Itself !!!  New Youtube Channel Collaborator Canadian Adventurer Live Footage Soon    https://www.youtube.com/channel/UCnvQUrAFbpJOH3p   Sponsor  OneDayDevine.com  PromoCode UNITY,200,2026-10-06T09:55:51+00:00
oneInfochannel,alive,channel,Infochannel,1270,,2025-10-01T22:22:10+00:00,0,0,,oneinfochannel@protonmail.com,200,2026-10-06T09:55:54+00:00
only_the_facts_man,empty_page,,,,,,,,,"If you have  Telegram , you can contact  @only_the_facts_man  right away.",200,2026-10-06T09:55:57+00:00
Open1info,empty_page,,,,,,,,,"If you have  Telegram , you can contact  @Open1info  right away.",200,2026-10-06T09:56:00+00:00
openaccessevidence,empty_page,,,,,,,,,"If you have  Telegram , you can contact  @openaccessevidence  right away.",200,2026-10-06T09:56:03+00:00
openhowse,alive,channel,OPEN HOUSE,1610,,2024-05-10T16:10:57+00:00,0,0,,open house videos anything of interest goes on here,200,2026-10-06T09:56:06+00:00
opentotruth,alive,channel,Open To Truth,3,,2025-07-31T23:09:02+00:00,0,0,,Truth never should need to be censored,200,2026-10-06T09:56:09+00:00
openyoureyes2,alive,channel,Open Your Eyes 2020,4050,,2025-04-21T15:45:39+00:00,0,0,,A place for the truth seekers,200,2026-10-06T09:56:12+00:00
operation2030x,alive,channel,Operation 2030x - Freedom News,956,,2026-10-05T18:48:12+00:00,17,17,,"History does not repeat itself, but it does rhyme. —Mark Twain  Exposing Agenda 2030, Great Reset, Build Back Better, WEF, COVID, Climate Change, NWO, Globalism, Sustainable Development Goals. Sharing does NOT equal endorsement, it's FYI",200,2026-10-06T09:56:15+00:00
operationuprise,alive,channel,Operation Uprise,4,,2024-11-22T00:24:36+00:00,0,0,,,200,2026-10-06T09:56:17+00:00
orderfromchaos,alive,channel,new world chaos,47,,2024-05-13T14:59:17+00:00,0,0,,—VIEWER DISCRETION IS ADVISED—,200,2026-10-06T09:56:20+00:00
ORIANA213B,alive,channel,ORIANA 2.1.3.B,177,,2026-10-06T09:16:39+00:00,20,20,,,200,2026-10-06T09:56:23+00:00
OurVoicesMatter,alive,channel,Our Voices Matter,8080,,2025-02-17T01:34:48+00:00,0,0,,Channel for Australian adverse reaction victims   🇦🇺,200,2026-10-06T09:56:27+00:00
OutMedMan,alive,channel,Outlaw Medical Mandates,230,,2026-07-23T16:29:48+00:00,0,0,,"medicalmandates.org  - Medical mandates are based on assumptions. When the assumptions are FALSE, medical mandates are WRONG. They should be OUTLAWED, everywhere, forever.",200,2026-10-06T09:56:30+00:00
pandata19,alive,channel,PANDA | Science. Sense. Society.,6580,,2025-11-17T07:17:59+00:00,0,0,,pandata.org,200,2026-10-06T09:56:33+00:00
pandemicpodcastUK,empty_page,,,,,,,,,"If you have  Telegram , you can contact  @pandemicpodcastUK  right away.",200,2026-10-06T09:56:36+00:00
pandemictruths,alive,channel,疫時代 Pandemic ᴛʀᴜᴛʜs,1930,,2025-05-24T14:58:46+00:00,0,0,,"頻道① 陰陽謀/ 假病毒/ 世衛苗害/ 獸之印記/ 彌天大謊/ 末世大災/ 矩陣帝國/ 东方崛起/ 九紫离火/ 意识觉醒/ End Game AI-X, Conspiracy, Pseudovirus, Vax Killer, Mark of the Beast, The Big Lie, The Apocalypse, Matrix, Rising East, The Secret Power of Period 9-Li Trigram, The Awakening.",200,2026-10-06T09:56:39+00:00
PandorasWeb,alive,channel,Pandora’s Web,333,,2022-08-26T02:06:45+00:00,0,0,PandorasWebChat,This channel is with the intention to see the big picture in everything. Also remember to join  https://t.me/PandorasWebChat  for the group chat!,200,2026-10-06T09:56:44+00:00
paradigmshake,empty_page,,,,,,,,,"If you have  Telegram , you can contact  @paradigmshake  right away.",200,2026-10-06T09:56:47+00:00
ParentsSA,alive,channel,Guardians South Australia,619,,2024-02-15T21:01:16+00:00,0,0,joinchat,Protect your kids at school. Establishing networks and building empowered communities for families of SA  Group Chat (new):  https://t.me/joinchat/Pzq5KKQQvHs0ODll,200,2026-10-06T09:56:50+00:00
parentswithquestions,alive,channel,Parents With Questions,5100,,2025-07-11T01:18:57+00:00,0,0,,"As parents, we all love our kids and want to protect them from harm.      www.parentswithquestions.com.au",200,2026-10-06T09:56:54+00:00
parlerrefugees,alive,channel,Parler refugees,4,,2024-12-06T00:15:29+00:00,0,0,,,200,2026-10-06T09:56:58+00:00
partijvoordeliefde,alive,channel,Partij voor de Liefde - Party for Love Governance,156,,2026-10-05T18:52:32+00:00,9,18,partijvoordeliefde,Visionary Party for The Age of Aquarius  Website   www.partijvoordeliefde.nl   Telegram   https://t.me/partijvoordeliefde    https://truthsocial.com/@LoveGovernance   https://x.com/RoelandSolcer   https://www.facebook.com/partijvoordeliefde,200,2026-10-06T09:57:01+00:00
patiencebuildskindness,alive,user_or_bot,Patience Builds Kindness,,,,,,,,200,2026-10-06T09:57:04+00:00
patriotawakenings,alive,channel,Patriot Awakenings,47,,2021-12-30T18:29:07+00:00,0,0,,,200,2026-10-06T09:57:08+00:00
patriotsaustralia,empty_page,,,,,,,,,"If you have  Telegram , you can contact  @patriotsaustralia  right away.",200,2026-10-06T09:57:11+00:00
pbhunters,empty_page,,,,,,,,,"If you have  Telegram , you can view posts by  @pbhunters  right away.",200,2026-10-06T09:57:14+00:00
pdf_channel,empty_page,,,,,,,,,"If you have  Telegram , you can contact  @pdf_channel  right away.",200,2026-10-06T09:57:16+00:00
PeaceRiverAlbertaArea,alive,channel,Alberta Vax Reactions,130,,2022-05-01T17:37:48+00:00,0,0,,The Name says it all.,200,2026-10-06T09:57:19+00:00
Pedr01,alive,channel,🐸   Pedro T   🛫    🌞    ✈    ✈    🌧    🛬,22,,2023-10-07T07:43:07+00:00,0,0,,,200,2026-10-06T09:57:22+00:00
PeepsOfEarth,alive,channel,People of Earth,97,,2026-10-02T12:57:32+00:00,1,3,,"For people with multiple levels of interest, on multiple topics, and those that care about Humanity.",200,2026-10-06T09:57:25+00:00
PenelopeJ5,empty_page,,,,,,,,,"If you have  Telegram , you can contact  @PenelopeJ5  right away.",200,2026-10-06T09:57:28+00:00
PeopleInNumbers,empty_page,,,,,,,,,"If you have  Telegram , you can contact  @PeopleInNumbers  right away.",200,2026-10-06T09:57:31+00:00
PeoplePowerAus,alive,channel_no_preview,People Power,13,,,,,,,200,2026-10-06T09:57:33+00:00
peoplestruth,alive,channel,PeoplesTruth,1480,,2026-10-01T14:24:47+00:00,1,1,,From the people to the people- Truth media,200,2026-10-06T09:57:37+00:00
PerthFreedomRallyChannel,alive,channel,😀    🇦🇺   [Updates] Perth Freedom Rally [Sat 13th Sept - Supreme Court Gardens - 12:00pm],1070,,2026-01-25T23:03:08+00:00,0,0,PerthFreedomRallyDiscussion,We stand for Freedom and Empowerment with peaceful protests in Western Australia.  Website:  PerthFreedomRally.com   Discussion Group:  t.me/PerthFreedomRallyDiscussion,200,2026-10-06T09:57:41+00:00
PerthHealthFreedomInfo,alive,channel,Perth Health Freedom Info,455,,2022-06-01T02:54:13+00:00,0,0,,"Informing, Networking, and Taking Action. For the people, by the people.  We have no political ties but may repost independents or MP's who are in the fight for health freedom and human rights.  PerthHealthFreedomInfo@gmail.com",200,2026-10-06T09:57:44+00:00
Peter_ZA,alive,channel,Peter_ZA,39,,2026-09-20T17:00:35+00:00,0,1,,- - - My Channel / Mein Kanal ! - - -,200,2026-10-06T09:57:48+00:00
peterlittleOfficialChallenge,alive,channel,Peter Little Official Channel,1360,,2025-03-09T02:14:32+00:00,0,0,,Australian Lawyer and Vaccine   💉   Hesitancy Advocate  Www.chasetruth.club,200,2026-10-06T09:57:52+00:00
PeterMcCullough,alive,channel_no_preview,Dr. Peter McCullough    [ FAKE ],38415,,,,,,,200,2026-10-06T09:57:55+00:00
Pierscorbyn,alive,channel,Piers_Corbyn_Stopnewnormal,3240,,2026-10-06T03:49:31+00:00,20,20,,"🔹   Astrophysicist, long range weather forecaster and activist. Resist, Defy, Do Not Comply!  Updates, Censored Videos &!Announcements   http://www.stopnewnormal.net/   New FB page for livestreaming  https://m.facebook.com/PiersCorbyn-110212208234512",200,2026-10-06T09:57:59+00:00
pittsburghipr,alive,channel_no_preview,🔊 @PittsburghIPR • Collaborative Media • Intuitive Public Radio Pittsburgh Pennsylvania • IPR •••,13,,,,,,This social space supports oxytocin pathway repair and individualized creative healing.,200,2026-10-06T09:58:02+00:00
PLANDEMIC,alive,channel,PLANDEMIC,1140,,2026-10-06T08:45:47+00:00,19,19,,,200,2026-10-06T09:58:05+00:00
plandemic_resource_channel,alive,channel_no_preview,Global Plandemic Channel,579,,,,,,Best Resource Channel for information on the Planned Pandemic - Build up your Immunitity against the Plandemic with facts,200,2026-10-06T09:58:08+00:00
PLPReturns,empty_page,,,,,,,,,"If you have  Telegram , you can contact  @PLPReturns  right away.",200,2026-10-06T09:58:11+00:00
Pointoview,alive,channel,Point Of View,944,,2026-10-03T16:47:25+00:00,9,20,,"A Channel Dedicated To The Freedom Of Speech. In These Times of Censorship, Our Voice Needs to be Heard. Share The Channel.",200,2026-10-06T09:58:14+00:00
Polczat,alive,channel,WhySoSerious.PL/UK,92,,2026-09-25T17:56:32+00:00,0,19,,,200,2026-10-06T09:58:17+00:00
politicalaccountabilityca,alive,channel,Canadian Political Accountability,98,,2026-09-26T02:40:33+00:00,0,5,,Key news covered up or blocked elsewhere about covid and other critically important political accountability issues.,200,2026-10-06T09:58:20+00:00
PowerVa,alive,channel,POWER,934,,2026-09-27T16:01:23+00:00,0,4,,"P. O. W. E. R. = People Organizing With Effort and Resolve to fortify, defend, and protect America's communities. Evidence based research and anecdotal stories not meant for medical advice.",200,2026-10-06T09:58:23+00:00
PPLSVoice,empty_page,,,,,,,,,"If you have  Telegram , you can contact  @PPLSVoice  right away.",200,2026-10-06T09:58:26+00:00
preciousoneexperience,alive,channel,The Shift,1010,,2026-10-06T08:16:33+00:00,20,20,,What the elite have in store for humanity.,200,2026-10-06T09:58:28+00:00
PretoriaNoordPretoriaNorth,empty_page,,,,,,,,,"If you have  Telegram , you can contact  @PretoriaNoordPretoriaNorth  right away.",200,2026-10-06T09:58:32+00:00
priceofreality,alive,channel,Nothing To See Here...  🌏    😈    🚫    🤡    ❓,114,,2022-07-17T21:28:31+00:00,0,0,,The engineers are well versed in the dark arts of possession.,200,2026-10-06T09:58:35+00:00
ProgressOfBigBrother,empty_page,,,,,,,,,"If you have  Telegram , you can contact  @ProgressOfBigBrother  right away.",200,2026-10-06T09:58:38+00:00
ProjectKnowledge,alive,channel,Project Knowledge,14200,,2026-04-06T20:24:46+00:00,0,0,,"ProjectKnowledge  Important News Articles, Videos.",200,2026-10-06T09:58:41+00:00
projectmatilda,empty_page,,,,,,,,,"If you have  Telegram , you can contact  @projectmatilda  right away.",200,2026-10-06T09:58:44+00:00
ProtestEverywhere,alive,channel,Protest Everywhere,2280,,2021-02-20T14:35:01+00:00,0,0,ProtestEverywhere REDandFollow sophiaroselove,Share events information and updates Make friends and get support   🌺    t.me/ProtestEverywhere    https://t.me/REDandFollow/1486  Take Red and Follow Truther Channel  💥   Awaken! Unite! Stand together...  Twitter:  twitter.com/SophiaRoselove   DM:  @sophiaroselove,200,2026-10-06T09:58:47+00:00
Protocols4Life,alive,channel,自愈生命奧秘  🌳,2330,,2025-05-24T14:47:39+00:00,0,0,,"頻道② 整合醫學、新中醫、道醫、替代療法、民間古方、防災囤糧、家庭種菜、防輻射、ᴼᶠᶠ⁻ᴳʳⁱᵈ自給自足社區、慢活、心靈康復...等等 Integrative medicine, TCM & Dao medicine, natural remedies, living wellness, survival & preppering, self-contained homestead communities, downshifting, mental health, etc.",200,2026-10-06T09:58:50+00:00
proudboysvictoria,alive,channel,Proud Boys Victoria,11,,2023-05-14T04:50:08+00:00,0,0,,Channel for the Victorian Proud Boys - Check out  proudboysau.club,200,2026-10-06T09:58:54+00:00
provenremediesandcures,alive,channel,REMEDIESANDCURES,5670,,2022-05-29T11:40:18+00:00,0,0,,"Find cures for FLU, ARTHRITIS, CORONAVIRUSES, DIABETES, & MORE   💕  Medicinal Herbalism has worked for 1000’s of years before modern medicine. SOME Herbs&seeds help our bodies properly heal instead of buying some temporary relief, saving you $$$!",200,2026-10-06T09:58:56+00:00
ProxyWorldNews,alive,channel,Proxy World News   👀    🧠    🌈,25,,2022-04-28T05:05:16+00:00,0,0,ProxyWorldNewsChat,"REAL news and happenings from around the world open to being dissected, analyzed, debunked, OR, further supported and substantiated. Time to wake up from the mass gaslighting.  Chat:  https://t.me/ProxyWorldNewsChat   17 Feb 2022",200,2026-10-06T09:59:01+00:00
psy_war,alive,channel,☠️  ᴘꜱʏᴡᴀʀ  ⚡,19,,2023-10-15T08:55:17+00:00,0,0,,⇜  🧠  ⇝,200,2026-10-06T09:59:08+00:00
PsychedelicAdventure,alive,channel_no_preview,⚡️  Psychedelic Adventure   🌎,121,,,,,,Shifting the Paradigm,200,2026-10-06T09:59:15+00:00
publicannouncement602967921,alive,channel,6029679/21,14,,2024-07-06T09:43:01+00:00,0,0,,,200,2026-10-06T09:59:18+00:00
pulling_back_the_veil,alive,channel,Pulling Back the Veil,285,,2025-10-10T20:53:09+00:00,0,0,,Some truths behind ‘the pandemic’ and new world order that has been hidden from the cloak of main stream media.,200,2026-10-06T09:59:22+00:00
purelyparsonss,alive,channel,purelyparsons,405,,2022-07-07T02:45:19+00:00,0,0,,,200,2026-10-06T09:59:25+00:00
putchildrenfirst,empty_page,,,,,,,,,"If you have  Telegram , you can contact  @putchildrenfirst  right away.",200,2026-10-06T09:59:28+00:00
QAnonHeal,alive,channel,QAnon Heal   ✍️   #Frequency & #Infos arround #Healing   🕊️,445,,2025-11-04T17:03:24+00:00,0,0,QAnonHealGroup,"The channel around health and well-being  Here you will find natural healing methods on a variety of topics, such as  #Covid  and more.   #HEALTH   #FREQUENZY   #FREQUENCIE   #WATER   #RIFE   #SOLFEGGIO   #BINAURAL    JOIN OUR GROUP  @QAnonHealGroup    👈     ✨    ✨    ✨    ✨    ✨    ✨    ✨    ✨    ✨",200,2026-10-06T09:59:31+00:00
Qpenmic,alive,channel,O. P. E. N. M. I. C.   🎙,27,,2022-12-17T11:29:21+00:00,0,0,Qpenmicchat,"Are you seeking & speaking truths?  That’s all we do here.  Any topics, all opinions.  We share what is truths.  Chat room:  @Qpenmicchat",200,2026-10-06T09:59:39+00:00
queen_of_freedom21,alive,channel,Queen_of_freedom21,6070,,2024-07-07T13:09:58+00:00,0,0,queen_of_freedom21 queen_of_freedom_no2,Take back your rights.. everyone should be on the same team.. divide is for the weak   💁🏼‍♀️   insta   👉🏼    @queen_of_freedom21  &  @queen_of_freedom_no2,200,2026-10-06T09:59:43+00:00
quest_to_save_humanity,empty_page,,,,,,,,,"If you have  Telegram , you can contact  @quest_to_save_humanity  right away.",200,2026-10-06T09:59:47+00:00
QuriousKiwi,alive,channel_no_preview,Qurious Kiwi's 🇳🇿,1179,,,,,,"A channel for anyone crurious enough to question the dogma.  Covering topics such as NZ Politics, News, C-19 Narrative, $$ Digs & compilation clips for your discernment.  Comments inciting violence or absuing other members are not permitted.",200,2026-10-06T09:59:50+00:00
QuriousKiwiInAus,alive,channel,QuriousKiwiInAus,27,,2024-09-08T13:46:32+00:00,0,0,,Mostly for shit posting,200,2026-10-06T09:59:53+00:00
rachelspeaksout,alive,channel,☀️    ✨  Rachel Speaks Out  🌙    💜,7400,,2026-10-05T15:23:34+00:00,8,20,,Join Rachel Elizabeth Elnaugh Eternal Love as we journey to LIBERATE ourselves from the Globalist Big-Corporate Digital Totalitarian nightmare and co-create the new Golden Era   ☀️    ✨    💜    ✨    🌙     www.rachel.love,200,2026-10-06T09:59:56+00:00
RachelVaughan,alive,channel,Rachel Vaughan,5230,,2026-10-01T10:34:55+00:00,1,10,,SRA survivor and whistleblower,200,2026-10-06T09:59:59+00:00
randomanonch1,alive,channel_no_preview,Random Anon Channel - Daily reminder: Is the Jews,5451,,,,,joinchat randomanonchannel_bot randommeetingpoint,This is the new main channel for the Random Anon Channel Network.  Old: t.me/joinchat/QpP9XjrYzfjSYl9c  t.me/randommeetingpoint t.me/randomanonchannel_bot  XMR 43SM6WP9KKZUydhpM7ViW6EWGzgewGqYnF2YT8Rck3CL3wCDzVtVrt1Q9UEUFx9LdHGUjutFT9NV8ePoP8m1mfNaPacmn5F,200,2026-10-06T10:00:04+00:00
randyhillier,alive,channel,Randy Hillier Channel,2260,,2025-02-08T17:41:07+00:00,0,0,,"Former Independent Member for Lanark-Frontenac-Kingston. True believer of Freedom, Justice and Democracy. I block all pseudonyms",200,2026-10-06T10:00:07+00:00
RealAustralianFreedom,alive,channel,Real Australian Freedom,62,,2026-03-27T05:41:46+00:00,0,0,,Prepare to defend ur families Or prepare for Dictator Dan Zeig Heil Andrews NWO Victoria.,200,2026-10-06T10:00:10+00:00
realBauhauswife,alive,channel,Bauhauswife,1910,,2023-06-14T17:51:05+00:00,0,0,,"Birth freedom; bodily sovereignty; women’s liberation; self-healing; natural medicine; humanity rising; spirit soaring, earth love; womb-wisdom.   Join Yolande Norris-Clark as we explore and connect, in solidarity.   💗    🌊    💗",200,2026-10-06T10:00:14+00:00
realblaircottrell,alive,channel,Blair Cottrell   🇦🇺,19600,,2026-10-06T05:33:33+00:00,20,20,BlairCottrell,"Personal Trainer, Melbourne.   ⚡️  Diet plans & online coaching   👉🏻  Contact:  @BlairCottrell",200,2026-10-06T10:00:17+00:00
realCRP,alive,channel,Gonzalo Lira,29400,,2023-04-09T11:00:53+00:00,0,0,,"Here I talk about whatever’s on my mind. Unvaxed—and if that makes you angry and makes you hope that I die soon, I want you to know that I have no such wish for you.",200,2026-10-06T10:00:21+00:00
realdocumentaries,alive,channel,RealDocumentaries,2000,,2023-04-06T04:17:07+00:00,0,0,,,200,2026-10-06T10:00:24+00:00
RealLandDownUnder,alive,channel,🇦🇺  Land Down Under  🇦🇺,11000,,2026-06-30T14:25:00+00:00,0,0,,,200,2026-10-06T10:00:26+00:00
reallygraceful,alive,channel,Really Graceful fans,1230,,2024-02-17T18:16:55+00:00,0,0,,Wake up and see our world through awareness,200,2026-10-06T10:00:29+00:00
RealNZchannel,empty_page,,,,,,,,,"If you have  Telegram , you can contact  @RealNZchannel  right away.",200,2026-10-06T10:00:33+00:00
realtruthreport,alive,channel,RealTruthReport  🚫    😷,260,,2026-08-22T18:47:10+00:00,0,0,,"📣   Real Truth Report : home to a regular guy exposing the corruption of the New World Order / Covid19, Vaccines etc. Vancouver, Canada   🇨🇦  : All my videos here:  https://odysee.com/@realtruthreport",200,2026-10-06T10:00:36+00:00
RealWorldNewsChannel,alive,channel,Real World News,25000,,2026-10-05T20:04:35+00:00,20,20,RealWorldNewsChannel RealWorldNewsChat,⏯️    @RealWorldNewsChannel    ✳️    @RealWorldNewsChat,200,2026-10-06T10:00:39+00:00
rebelsquad1,alive,channel,✨    ⚜️  𝕽𝖊𝖇𝖊𝖑 𝕾𝖖𝖚𝖆𝖉  ⚜️    ✨,1070,,2025-09-11T16:22:14+00:00,0,0,,𝖂𝖆𝖐𝖎𝖓𝖌 𝖚𝖕 𝖙𝖍𝖊 𝖒𝖆𝖘𝖘𝖊𝖘 𝖎𝖓 𝖘𝖙𝖞𝖑𝖊  ✨,200,2026-10-06T10:00:42+00:00
reclameyourpower,alive,channel,Reclaim your power!,22,,2023-01-27T14:08:19+00:00,0,0,,"Om Suverænitet , stå i sin Power og få bedrag frem i lyset.",200,2026-10-06T10:00:45+00:00
REDandFollow,alive,channel,Take RED and follow...,905,,2022-05-12T11:17:24+00:00,0,0,ProtestEverywhere REDandFollow sophiaroselove,Take Red and Follow Truther Channel   💥   Awaken! Unite! Stand together! Join people using this link:  https://t.me/REDandFollow/1580   Share events information and updates   🌺    t.me/ProtestEverywhere    Twitter:  twitter.com/SophiaRoselove   DM:  @sophiaroselove,200,2026-10-06T10:00:49+00:00
RedDog71Media,alive,channel,Red Dog 71 Media,573,,2026-05-25T19:59:46+00:00,0,0,,Alternative media source for the information you don’t get to see in the mainstream.,200,2026-10-06T10:00:55+00:00
redpill_repository,alive,channel,The RedPill Repository,95,,2022-05-27T12:07:30+00:00,0,0,politically_incorrect_telegram,An archive of various redpills and sister channel of  @politically_incorrect_telegram,200,2026-10-06T10:00:59+00:00
redpilldaily,alive,channel,Redpill daily,41,,2022-04-22T13:35:50+00:00,0,0,,West Australian truth seeker. Think of this page as your essential scamdemic debating toolbox. I use this page as an archive for all the gems of knowledge I come across on my journeys across the interwebs.,200,2026-10-06T10:01:03+00:00
redpillnewsuk,alive,channel,Red Pill News UK   🇬🇧,649,,2026-10-05T17:37:08+00:00,19,19,,Compiling the latest truths for you.  #WWG1WGA   Also on Gettr.  www.gettr.com/user/redpillnewsuk,200,2026-10-06T10:01:07+00:00
redshoecanary,alive,channel,RedShoesRealityCheck,3,,2022-02-27T16:40:02+00:00,0,0,,A redpill for the public in Oz. Put on redshoes & wakeup,200,2026-10-06T10:01:10+00:00
reignitedemocracyaustralia,empty_page,,,,,,,,,"If you have  Telegram , you can contact  @reignitedemocracyaustralia  right away.",200,2026-10-06T10:01:13+00:00
ResetInvestmentStrategies,empty_page,,,,,,,,,"If you have  Telegram , you can contact  @ResetInvestmentStrategies  right away.",200,2026-10-06T10:01:16+00:00
ResistanceIsVictory,alive,channel,Resistance Is Victory   👊,2210,,2026-10-03T16:48:11+00:00,6,14,,ἡ ἀλήθεια ἐλευθερώσει ὑμᾶς,200,2026-10-06T10:01:18+00:00
resisttweety,alive,channel,Resist,19,,2023-04-11T12:13:53+00:00,0,0,,#resist,200,2026-10-06T10:01:22+00:00
ResurrectionEuropa,alive,channel,Resurrection Europa,801,,2022-12-11T22:23:31+00:00,0,0,,RISE FROM YOUR GRAVE  Web:  https://wolfish.neocities.org/   Twitter:  https://twitter.com/WolfishHead   YouTube:  https://youtube.com/ResurrectionEuropa,200,2026-10-06T10:01:25+00:00
revelationprophecy,empty_page,,,,,,,,,"If you have  Telegram , you can contact  @revelationprophecy  right away.",200,2026-10-06T10:01:28+00:00
ReviveAcademy,alive,channel,💯  Revive Awareness,321,,2026-09-03T21:24:37+00:00,0,0,ReviveAwareness,YOUR VIBRATION IS THE CURE   https://t.me/ReviveAwareness,200,2026-10-06T10:01:31+00:00
RhiVDG,alive,channel,Rhiannon Van Der Griffin,60,,2022-02-24T08:59:20+00:00,0,0,,For the health and happiness you deserve   💛,200,2026-10-06T10:01:34+00:00
RightDownUnder,alive,channel,Right Down Under,28,,2026-08-13T21:08:53+00:00,0,0,,Australian Right push back to the Lunatic Left!,200,2026-10-06T10:01:37+00:00
riseabovethelie,alive,channel,Rise Above The Lie,239,,2023-03-19T22:29:42+00:00,0,0,,,200,2026-10-06T10:01:40+00:00
riseAustralia,alive,channel_no_preview,Rise Australia & New Zealand,92,,,,,,Patriots who want to be a part of real actions to change our futures and stop the Cabal!  Resources include: www.FreeAustralia.Today  Www.Thegreatawakening.global Www.vaccineadverseevents.info,200,2026-10-06T10:01:44+00:00
RiseUpCollective,alive,channel,RiseUp Collective,94,,2026-10-04T05:00:02+00:00,3,8,,"RiseUp Collective created to collaborate for those who have a vision for all.  In Peace, Love & Unity",200,2026-10-06T10:01:47+00:00
RM_Covid,alive,channel,Covid and Corruption,1,,2022-05-22T01:23:54+00:00,0,0,,"Some information, food for thought",200,2026-10-06T10:01:51+00:00
RobertWMalone,alive,channel,"Robert W Malone, MD",4970,,2026-10-05T17:02:02+00:00,4,13,,"Inventor of mRNA vaccines and RNA as a drug, Bench to Bedside vaccines and biologics consulting.",200,2026-10-06T10:01:54+00:00
robinmg,alive,channel,Robin Monotti,67600,,2026-10-06T06:27:23+00:00,13,20,robinmggroup,Official Robin Monotti Channel Donations:  robinmonotti.substack.com/  Group is  @robinmggroup  We don't DM from this channel account. Rule: Be polite & respectful.,200,2026-10-06T10:01:59+00:00
RobinsonCrusaders,alive,channel,Robinson Crusaders,22,,2026-10-06T02:40:42+00:00,6,9,,"We want our country back! News posts with open comments and links, portals into discovery. Resist defy do not comply with Tyranny!",200,2026-10-06T10:02:04+00:00
RobynOpenshaw,alive,channel,Robyn Openshaw,4420,,2026-02-19T17:46:50+00:00,0,0,,"I am your host, Robyn Openshaw, and I will fight for your freedom with everything I have.",200,2026-10-06T10:02:08+00:00
RomanLightWall,empty_page,,,,,,,,,"If you have  Telegram , you can contact  @RomanLightWall  right away.",200,2026-10-06T10:02:11+00:00
rooftopkoreanrant,empty_page,,,,,,,,,"If you have  Telegram , you can contact  @rooftopkoreanrant  right away.",200,2026-10-06T10:02:14+00:00
RWMaloneMD,alive,channel,"Robert W Malone, MD",105000,,2026-10-05T18:33:00+00:00,20,20,MarioLopezG,"Inventor of mRNA vaccines and RNA as a drug, Bench to Bedside vaccines and biologics consulting.    Moderated by  @MarioLopezG",200,2026-10-06T10:02:16+00:00
SafeCommunityNetwork,alive,channel,Freedom Thinkers,32,,2023-12-17T22:13:09+00:00,0,0,,A Team for Earth Free from Agendas!,200,2026-10-06T10:02:19+00:00
saffronjadeandlemonade1,empty_page,,,,,,,,,"If you have  Telegram , you can contact  @saffronjadeandlemonade1  right away.",200,2026-10-06T10:02:22+00:00
sandroconte,alive,channel,Sandro Conte,2,,2026-10-06T08:17:48+00:00,20,20,,"Believe little, question everything, think for yourself!",200,2026-10-06T10:02:26+00:00
sanjeevsabhlok,alive,channel,Sanjeev Sabhlok PUBLIC CHANNEL,764,,2026-10-05T23:32:12+00:00,19,19,,,200,2026-10-06T10:02:29+00:00
SarahSmithNM,alive,channel,Sarah Smith,201,,2026-01-06T22:26:09+00:00,0,0,,,200,2026-10-06T10:02:32+00:00
SarahSwift,alive,channel,Sarah Swift,344,,2026-10-05T21:55:33+00:00,20,20,,,200,2026-10-06T10:02:36+00:00
sars2covid19Hoax,empty_page,,,,,,,,,"If you have  Telegram , you can contact  @sars2covid19Hoax  right away.",200,2026-10-06T10:02:40+00:00
sassyangelXo,alive,channel_no_preview,Sassy Angel 🦋,11,,,,,,"⚠️ Reading, Searching, Finding Truth 24/7 for a world light, love, freedom, & honesty. 🇺🇸🌟",200,2026-10-06T10:02:43+00:00
SavageNoblesAndMerryPeasants,alive,channel,Savage Nobles & Merry Peasants   🇳🇿    🇦🇺    🇨🇰    🇳🇺    🇫🇯    🇹🇻    🇸🇧    🇨🇼    🇼🇸    🇵🇬    🇹🇰    🇨🇽    🇳🇷    🇫🇲     🇰🇮,41,,2024-01-19T20:41:48+00:00,0,0,,"Humour, politics, South-Pacific, Kiwi and Fiji, South-Side Rants Incorporated,   Many jokes will be filled with foul language. For audience over 98+ year olds only! DO NOT WATCH IF 97 OR YOUNGER!   🇳🇿    🇦🇺    🇨🇰    🇳🇺    🇫🇯    🇹🇻    🇸🇧    🇨🇼    🇼🇸    🇵🇬    🇹🇰    🇨🇽    🇳🇷    🇫🇲     🇰🇮    🇹🇼    🇹🇴   ",200,2026-10-06T10:02:45+00:00
SAVEAMERICAAMENC,alive,channel,SAVE AMERICA,95,,2026-01-09T14:47:46+00:00,0,0,,SAVE AMERICA,200,2026-10-06T10:02:49+00:00
savingsovereignty,alive,channel,Savingsovereignty,2120,,2024-07-25T00:16:55+00:00,0,0,,"Saving the Sovereignty of the people by exposing the fictional world we live in. None of this is legal advice, educational information only. We are not lawyers if you seek legal advice, you must get a lawyer.",200,2026-10-06T10:02:53+00:00
sayeregengmi,alive,channel,GreenMedInfo,27700,,2026-10-05T19:58:19+00:00,19,20,,This is where you get our content without censorship supporting natural health and health freedom!  Join our newsletter:  www.greenmedinfo.com/newsletter  Follow our founder Sayer Ji's work  https://linktr.ee/sayer_ji,200,2026-10-06T10:02:56+00:00
SayNoToLockdown,alive,channel,UK Patriots Against Lockdown,369,,2026-03-10T15:00:47+00:00,0,0,notolockdown,An attempt to unify Patriots against lockdown.  Click this link to join the chat. Trying to grow it   😊   @notolockdown,200,2026-10-06T10:03:00+00:00
SeekingTruthMatters,alive,channel,Seeking Truth Matters,524,,2026-07-15T00:59:45+00:00,0,0,,When the truth is constantly hidden Evil will thrive on lies.,200,2026-10-06T10:03:04+00:00
SEIRPG,alive,channel,🔊   @SEIRPG • Strategic Environmental Initiative Role Playing Game • sei rpg • IPR •••,10,,2024-06-07T19:34:01+00:00,0,0,,Intuitive.pub/game,200,2026-10-06T10:03:08+00:00
sensumcommunem,alive,channel,Sensum Communem,205,,2026-10-04T17:22:48+00:00,1,15,,A place for common sense.,200,2026-10-06T10:03:12+00:00
Sent_inel,alive,channel,𝒔𝒆𝒏𝒕𝒊𝒏𝒆𝒍,2,,2024-12-12T03:12:43+00:00,0,0,,,200,2026-10-06T10:03:17+00:00
septimuskane,empty_page,,,,,,,,,"If you have  Telegram , you can contact  @septimuskane  right away.",200,2026-10-06T10:03:19+00:00
sezblack,alive,channel,What's Happening,151,,2025-02-12T21:29:43+00:00,0,0,,Sharing bits of peices of interesting things that are posted in a variety of groups.,200,2026-10-06T10:03:24+00:00
shantih_ma,alive,channel,Shantih Ma,66,,2023-09-26T15:32:24+00:00,0,0,,Peaceful expansion and conscious connection   🔮    🧿    📿,200,2026-10-06T10:03:28+00:00
sheeplebashers,alive,channel,Sheeple Bashers,3200,,2026-10-05T22:20:46+00:00,14,20,,"A bit of light hearted escapism in a dark and disturbing world. Thanks for passing by!   🙏   Please note, we won't contact you directly - if this happens, it's an imposter pretending to be us!",200,2026-10-06T10:03:32+00:00
SHEEPLENEWS,empty_page,,,,,,,,,"If you have  Telegram , you can contact  @SHEEPLENEWS  right away.",200,2026-10-06T10:03:35+00:00
showusthevirus,alive,channel,CounterAct MPC Channel,3,,2021-07-02T12:03:46+00:00,0,0,,"CounterAct MPC is a Voluntary Association whose mission is to create awareness for the unfolding totalitarian and depopulation agenda, to resist this onslaught to destroy humanity and to build alternative systems which will render the diabolical globalist",200,2026-10-06T10:03:40+00:00
SHTFFarmer,alive,channel,The SHTF Farmer - Curtis Stone,5150,,2026-09-01T16:26:09+00:00,0,0,,"Welcome to SHTF (Shit Hits The Fan) Farmer. This is a place where I share ideas, news worthy items, content, and things that I am thinking.",200,2026-10-06T10:03:43+00:00
sideeffectsofcovid,alive,channel,Covid / Natural Remedies / Unjabbed,2370,,2026-10-04T08:19:17+00:00,20,20,covidsideeffect,"Hello   😊   This Channel We Talk / Share Anything And Everything About Covid , Natural Remedies , Not Being Jabbed !!! Join The Chat Room   ➡️    ➡️    ➡️    https://t.me/covidsideeffect",200,2026-10-06T10:03:47+00:00
silencebegins,alive,channel,Silent Beginnings,104,,2023-05-25T09:21:26+00:00,0,0,,Silence & Stealth HQ Film/Video/Info Archives Any Suggestions PM me. Share All Freely,200,2026-10-06T10:03:51+00:00
Simulation9,alive,channel,Torrez,13,,2026-05-20T18:14:18+00:00,0,0,,Geopoliticks with a humanitarian focus. Humor in response to provocateurs and tyrants.,200,2026-10-06T10:03:54+00:00
singaporefreedom,alive,channel,🇸🇬   Singapore Freedom,212,,2026-03-25T04:33:22+00:00,0,0,singapurafreedomchat,Welcome to Singapore Freedom Channel  Group chat:  https://t.me/singapurafreedomchat   This Group is for all freedom lovers to share and spread the truth.   👊    We support all parallel groups and efforts to this cause.,200,2026-10-06T10:03:58+00:00
situationreport,alive,group,Situation Report,,2,,,,,,200,2026-10-06T10:04:01+00:00
solarireport,alive,channel,The Solari Report,15300,,2026-10-02T18:52:27+00:00,18,20,,Actionable Intelligence for a Free & Inspired Life by Catherine Austin Fitts.   #CAF,200,2026-10-06T10:04:04+00:00
SolarPunk,alive,channel,SolarPunk,5350,,2026-10-06T08:45:35+00:00,3,9,SolarPunk,"Posting solarpunk culture, technology, news, and ideals. For a utopian, regenerative, luxurious, and anarchist future!  Suggestions, inquiries and questions over at Meta SolarPunk  Vector of the flag  https://t.me/SolarPunk/1524",200,2026-10-06T10:04:10+00:00
SoldiersVoice,alive,channel,📢   קול החיילים,25,,2025-05-21T12:21:43+00:00,0,0,,ברוכים הבאים לערוץ חיילי המילואים ישראל!  כאן תמצאו את החדשות והעדכונים הכי עדכניים בתחום החיילים ושירות המילואים. הצטרפו אלינו!   #מילואים,200,2026-10-06T10:04:13+00:00
SolutionWatch,alive,channel_no_preview,Solution Watch 📚 Empower Yourself ⭐⭐⭐ Resistance = Power. *Ideas *Inspirations,1020,,,,,,Knowledge IS Power👊 Empower Yourself✨ Read + Research 📚  Want information/knowledge related to a certain subject?   Type keywords in the groups search bar by clicking the top right 3 dots on the groups main page ✍️  Plus check through the pinned post📚,200,2026-10-06T10:04:18+00:00
SophiesOpinion,alive,channel,.｡.:*♡ 𝑆𝑜𝑝ℎ𝑖𝑒 𝑃𝑎𝑡𝑟𝑖𝑐𝑖𝑎-𝐷𝑎𝑣𝑖𝑠 ♡*:.｡.,1350,,2026-10-05T10:18:36+00:00,11,20,,I'm just a mum of two beautiful girl's and marred to a grumpy git. But he's MY grumpy git    🥰    💋   To everyone following me - Thank you,200,2026-10-06T10:04:21+00:00
soulrising1,empty_page,,,,,,,,,"If you have  Telegram , you can contact  @soulrising1  right away.",200,2026-10-06T10:04:25+00:00
sovereignsoulcollective,alive,channel,Dawn Kelly Unincorporated,3100,,2026-10-06T08:36:04+00:00,20,20,,Sharing [in]formation to transcend [de]ception.  www.dawnkelly.com.au,200,2026-10-06T10:04:28+00:00
SpaceMonkeyHQ,alive,channel,Space Monkee,26,,2026-10-06T06:33:18+00:00,20,20,,Sic Semper Tyrannis                                            English please No unlawful discussions No incitement to violence No Pro Communism                                           No porn. No gore. No Nazi or Hitler  No spam. Be polite.  No Glowies,200,2026-10-06T10:04:32+00:00
SPATIALENERGY,empty_page,,,,,,,,,"If you have  Telegram , you can contact  @SPATIALENERGY  right away.",200,2026-10-06T10:04:37+00:00
spiritofliberty,alive,channel,Spirit of Liberty,1820,,2023-01-08T19:12:14+00:00,0,0,,,200,2026-10-06T10:04:41+00:00
SpringRaynePaone,alive,channel,Spring Rayne* (Official),55,,2025-03-25T15:43:50+00:00,0,0,,"Mind-Body-Soul Holistic Health Coach, Nutrition Intuitive & Healer. Very proud owner of Starseed Holistic School!  I am here to help others heal naturally from serious health conditions, but my PASSION is to help  #Savethekids",200,2026-10-06T10:04:44+00:00
SSDSNB,empty_page,,,,,,,,,"If you have  Telegram , you can contact  @SSDSNB  right away.",200,2026-10-06T10:04:47+00:00
stand4thee,alive,channel,Stand4THEE,1390,,2026-10-04T17:33:40+00:00,7,17,,"CANADIAN ALLIANCE EMPOWERED WITH ACTION. DISCLAIMER: All content on this site is for general information only, and should not be construed as legal advice.",200,2026-10-06T10:04:50+00:00
standup911,empty_page,,,,,,,,,"If you have  Telegram , you can view posts by  @standup911  right away.",200,2026-10-06T10:04:53+00:00
standupsacramentocounty,alive,channel,Stand Up Sacramento County Official,571,,2026-10-02T22:05:04+00:00,8,8,,"This is the Official action group: to help call in to the offices and meetings of our elected officials, to email, and at times to physically show up.",200,2026-10-06T10:04:56+00:00
StayFreeTV,alive,channel_no_preview,Stay Free TV,4593,,,,,,,200,2026-10-06T10:04:59+00:00
stephenchavura,alive,channel,Stephen Chavura,1500,,2026-09-14T08:02:30+00:00,0,1,,Political and social commentary,200,2026-10-06T10:05:02+00:00
SteveB_Research_Updates,alive,channel,SteveB Research Updates,174,,2026-10-06T09:12:22+00:00,20,20,,,200,2026-10-06T10:05:05+00:00
stevegamble,alive,channel,Steve Gamble - The Search For Truth,566,,2026-10-06T03:41:26+00:00,13,13,,"In this corrupt world, finding truth is harder than ever. Author of over 120 Articles exposing exactly how the world is controlled, by whom, what & why.",200,2026-10-06T10:05:10+00:00
SteveHofmeyrEnVolkOndersteuning,alive,channel,Steve Hofmeyr en Volk Ondersteunings Forum - ToekomsVonk #NwoVaccineFreePurebloods,261,,2023-08-14T04:37:44+00:00,0,0,SteveHofmeyrEnVolkOndersteuning,Steve Hofmeyr En Volk Ondersteunings Telegram Forum  http://stevehofmeyr.co.za/   https://t.me/SteveHofmeyrEnVolkOndersteuning   https://www.facebook.com/Steve.Hofmeyr/   https://www.facebook.com/SteveHofmeyrOndersteuningsSupportForumSA/,200,2026-10-06T10:05:15+00:00
STFNREPORT,empty_page,,,,,,,,,"If you have  Telegram , you can contact  @STFNREPORT  right away.",200,2026-10-06T10:05:19+00:00
stierlinks,alive,channel,S-Tier Link Aggregation,80,,2026-10-05T02:30:55+00:00,1,4,,Most Interesting Collection From Diverse Sources,200,2026-10-06T10:05:27+00:00
stop5gbarcelona,empty_page,,,,,,,,,"If you have  Telegram , you can contact  @stop5gbarcelona  right away.",200,2026-10-06T10:05:31+00:00
stopcommonpass,empty_page,,,,,,,,,"If you have  Telegram , you can contact  @stopcommonpass  right away.",200,2026-10-06T10:05:35+00:00
StopTheLockdown_ResistTheVaccine,empty_page,,,,,,,,,"If you have  Telegram , you can contact  @StopTheLockdown_ResistTheVaccine  right away.",200,2026-10-06T10:05:41+00:00
stopthemadnessworldwide,alive,channel,STOPtheMADNESS,275,,2026-09-25T03:43:07+00:00,0,3,,,200,2026-10-06T10:05:46+00:00
stopworldcontrol1,alive,channel_no_preview,StopWorldControl,1347,,,,,,,200,2026-10-06T10:05:52+00:00
StormCloudsGathering,alive,channel,StormCloudsGathering,8560,,2024-01-11T15:01:24+00:00,0,0,,,200,2026-10-06T10:05:55+00:00
StreetMD,alive,channel,StreetMD,9710,,2026-02-20T23:12:17+00:00,0,0,,Wisdom from a Street Perspective,200,2026-10-06T10:05:59+00:00
structuredmetabolix,empty_page,,,,,,,,,"If you have  Telegram , you can contact  @structuredmetabolix  right away.",200,2026-10-06T10:06:02+00:00
sucharitbhakdi_fanclub,empty_page,,,,,,,,,"If you have  Telegram , you can contact  @sucharitbhakdi_fanclub  right away.",200,2026-10-06T10:06:05+00:00
Sunshine_Coast_Awakened_Aussies,alive,channel,Sunshine Coast Awakened Aussies  👍,128,,2023-01-01T20:38:26+00:00,0,0,,,200,2026-10-06T10:06:08+00:00
SUNTEES,empty_page,,,,,,,,,"If you have  Telegram , you can contact  @SUNTEES  right away.",200,2026-10-06T10:06:11+00:00
superconspiracythursday,empty_page,,,,,,,,,"If you have  Telegram , you can contact  @superconspiracythursday  right away.",200,2026-10-06T10:06:13+00:00
SurvivalScott,alive,channel,ScottSurvival,17,,2026-06-03T02:50:39+00:00,0,0,,This is the channel where I discuss survival topics.,200,2026-10-06T10:06:16+00:00
svenspulpit,empty_page,,,,,,,,,"If you have  Telegram , you can contact  @svenspulpit  right away.",200,2026-10-06T10:06:18+00:00
swfreedomcommunitychannel,alive,channel,SW Freedom Community Channel,257,,2025-08-26T13:12:49+00:00,0,0,,,200,2026-10-06T10:06:20+00:00
swordoftruth1,alive,channel_no_preview,Sword of Truth,81,,,,,remnantarmychat,"Be open to: Learn, Unlearn and Relearn.   @remnantarmychat",200,2026-10-06T10:06:23+00:00
SydneyFreedomFighters,empty_page,,,,,,,,,"If you have  Telegram , you can contact  @SydneyFreedomFighters  right away.",200,2026-10-06T10:06:25+00:00
syntheticspeculation,alive,channel,Synthetic Speculation,1370,,2026-10-05T15:37:26+00:00,5,10,,"𝙽𝙾𝙽-𝙷𝚄𝙼𝙰𝙽 𝙷𝚄𝙼𝙰𝙽𝙾𝙸𝙳 𝙰𝙻𝙴𝚁𝚃  Exploring the evidence for Artificial Humans aka Androids, Robotoids, Clones, Organic Portals etc, Also MKULTRA Victims, 'Reptillians', Demonic Possession.",200,2026-10-06T10:06:28+00:00
takeactioncanada,alive,channel,Take Action Canada,2990,,2025-03-20T01:29:25+00:00,0,0,,"Take Action Canada is comprised of a group of Canadians concerned with the legal, economic and bodily infringements that we have experienced since the beginning of March 2020.  🇨🇦    https://takeactioncanada.ca/",200,2026-10-06T10:06:30+00:00
talialikeitis,alive,channel,Talia Likeitis,2770,,2025-02-13T22:33:38+00:00,0,0,,,200,2026-10-06T10:06:33+00:00
taniatheherbalist,alive,channel,Tania The Herbalist  🌱,3530,,2024-12-02T16:52:31+00:00,0,0,,Spreading truth & holistic health  🌿,200,2026-10-06T10:06:35+00:00
TAPgoldcoast,alive,channel,TAP Gold Coast,358,,2026-08-20T09:28:01+00:00,0,0,,Welcome to TAP Gold Coast. We are here to build our community.,200,2026-10-06T10:06:37+00:00
TAPSouthBrisbane,empty_page,,,,,,,,,"If you have  Telegram , you can contact  @TAPSouthBrisbane  right away.",200,2026-10-06T10:06:41+00:00
TAPWesternSydney,alive,channel,TAP Western Sydney Suburbs,288,,2025-08-17T04:48:28+00:00,0,0,,"The Australia Project, for Western Sydney Cohesive Communities.   Join the Con Flu Fight. Everybody is Conflu Fighting.",200,2026-10-06T10:06:43+00:00
Targeted_Individuals,alive,channel,Targeted Individuals,748,,2026-10-06T02:49:32+00:00,18,18,,Targeted Individuals Channel on Telegram.,200,2026-10-06T10:06:46+00:00
TargetedIndividualsSupport,alive,channel_no_preview,#Targeted Individuals Support Group,175,,,,,,"Information, support and understanding",200,2026-10-06T10:06:48+00:00
tatertotters,alive,channel,Tater Totters,5,,2026-10-01T05:02:50+00:00,1,1,,"When the frozen potatoes are gone at the super market, that shows that there is a supply chain disruption. Flowers, Herbs, Fruits, & Spices deCODED",200,2026-10-06T10:06:50+00:00
tdpshow,alive,channel,The Powerful Drayk Channel,151,,2023-01-05T03:20:49+00:00,0,0,,If you like being red pilled   💊   or sharing my viral videos because you want more people to learn about freedom then this is the home for you.,200,2026-10-06T10:06:53+00:00
tearingcovid19apart,alive,channel,OLD - Channel -,7,,2026-04-03T07:53:05+00:00,0,0,,"The Truth About Covid19, Pandemic, Viruses, Bacteria + Parasites Fear Mongering",200,2026-10-06T10:06:55+00:00
technocracyNWO,alive,channel_no_preview,technocracy NWO™,1064,,,,,,Our crypto wallet 3H8Argss6syus8KL2Xkjan7ufjySzMHz1k,200,2026-10-06T10:06:58+00:00
technocraticdystopia,alive,channel_no_preview,Technocracy 2.0.,1472,,,,,technocracyNWO,This is the continuation of  @technocracyNWO,200,2026-10-06T10:07:01+00:00
TeddyWestCountry,empty_page,,,,,,,,,"If you have  Telegram , you can contact  @TeddyWestCountry  right away.",200,2026-10-06T10:07:04+00:00
terraintheorychat,alive,channel,Terrain Theory,2790,,2026-06-21T06:34:08+00:00,0,0,,Discussing and understanding terrain theory and how the body truly works   🙌,200,2026-10-06T10:07:06+00:00
terramysterious,empty_page,,,,,,,,,"If you have  Telegram , you can contact  @terramysterious  right away.",200,2026-10-06T10:07:10+00:00
teupoterd,empty_page,,,,,,,,,"If you have  Telegram , you can contact  @teupoterd  right away.",200,2026-10-06T10:07:13+00:00
TFC_8,alive,channel,The Fireshine Chronicles,77,,2026-10-04T20:03:26+00:00,10,20,,"Exposing the inversions of truth and reason in the Technetronic Era.  Real journalism, real science, inconvenient facts.    Philosophy, Comparative Mythology, Metapolitics, Science, Ecology,  Economics.",200,2026-10-06T10:07:16+00:00
TGRINFOCHANNEL,alive,channel,TGR INFO CHANNEL,1920,,2026-10-03T11:42:15+00:00,1,11,,We wholeheartedly oppose the current government restrictions and views them as an affront to our basic rights and civil liberties. We cannot stand for this,200,2026-10-06T10:07:18+00:00
thawiseman,alive,channel,The Wiseman,137,,2026-09-30T10:12:34+00:00,1,2,,Nothin' but the facts ma'am,200,2026-10-06T10:07:21+00:00
The_Great_Awakening_Big_Picture,alive,channel_no_preview,TGA [The Big Picture],52,,,,,The_Great_Awakening,The Big Picture Resource channel of:  @The_Great_Awakening,200,2026-10-06T10:07:23+00:00
The_Great_Awakening_Health,alive,channel_no_preview,TGA [Health],33,,,,,The_Great_Awakening,Health Resource channel of:  @The_Great_Awakening,200,2026-10-06T10:07:26+00:00
The_Great_Awakening_Plandemic,alive,channel,TGA [Plandemic],34,,2020-11-27T00:14:03+00:00,0,0,The_Great_Awakening,Plandemic Resource channel of:  @The_Great_Awakening,200,2026-10-06T10:07:28+00:00
The_Great_Awakening_Videos,alive,channel_no_preview,TGA [Videos],52,,,,,The_Great_Awakening,Videos Resource channel of:  @The_Great_Awakening,200,2026-10-06T10:07:30+00:00
the_jackals_mark,alive,channel,"The Jackal's ""MARK""",59,,2026-08-07T01:45:00+00:00,0,0,the_jackals_mark,"Just Another ""Person Of Interest"".   THIS is a place where YOU can find LOTS of INFO that MSM and the CENSORING ""Social Media"" sites DON'T want YOU to SEE! PLEASE SHARE and...  - ""Tell Them...      🖕    🤨    🖕    #NoMore  !""    https://t.me/the_jackals_mark/4579",200,2026-10-06T10:07:33+00:00
The_Knowledge_Channel,alive,channel,Knowledge Channel,4670,,2023-05-17T22:10:47+00:00,0,0,,Useful videos of knowledge,200,2026-10-06T10:07:36+00:00
The_Real_Gaz_Mabs_News,alive,channel,The Real Gaz Mabs - News Updates   😃,126,,2026-09-30T13:29:41+00:00,4,13,,Click; Get My   ⬇️  Free  Biohacking eBook  ⬇️    https://tinyurl.com/Free-Health-eBooks-Repository,200,2026-10-06T10:07:38+00:00
The_Revolution_Wont_Be_Televised,alive,channel,REVOLUTION WONT BE TELEVISED channel,2730,,2026-10-06T00:17:42+00:00,11,20,,,200,2026-10-06T10:07:40+00:00
The_UK_Channel,alive,channel,United Kingdom   🇬🇧   Channel,2190,,2026-10-06T10:05:24+00:00,20,20,UK_Channel_Chat,"Everything  #UnitedKingdom  UK News, Entertainment & Culture  #UK   #Britain   #Scotland   #wales   #northernireland   #England   #Britain   #Greatbritain    🇬🇧    Telegram Chat Group :  https://t.me/UK_Channel_Chat   Website :  http://www.uk.pcn-channel.com",200,2026-10-06T10:07:43+00:00
the_woodlander,alive,channel,The Woodlander,3630,,2026-10-05T09:05:11+00:00,4,19,,Off grid dissident,200,2026-10-06T10:07:45+00:00
theascendantcitizen,alive,channel,Citizen Ascendant,215,,2026-08-22T02:26:38+00:00,0,0,,The Suppressed News And Information You Need To Know To Ascend,200,2026-10-06T10:07:48+00:00
TheAustraliaProject,alive,channel,The Australia Project,19000,,2026-10-05T01:26:20+00:00,3,20,,The Watchmen are here and We See You.  https://theaustraliaproject.org,200,2026-10-06T10:07:50+00:00
thebaseddepartment,empty_page,,,,,,,,,"If you have  Telegram , you can view posts by  @thebaseddepartment  right away.",200,2026-10-06T10:07:52+00:00
TheBrainusers,alive,channel_no_preview,Brainusers,58,,,,,,This Channel is created for those who think on their own. We strongly recommend our members to verify every information posted.,200,2026-10-06T10:07:55+00:00
thec19thruth,alive,channel,The truth,161,,2023-02-27T02:26:36+00:00,0,0,,A place to share videos & files about the truth & injuries with c19 & vax,200,2026-10-06T10:07:57+00:00
TheClownWorld,alive,channel,The Amazing Clown World,887,,2026-09-24T09:13:44+00:00,0,1,,"Freedom fighters.  Truth, only truth and nothing but the truth!!",200,2026-10-06T10:08:01+00:00
thecollectivevoice,alive,channel_no_preview,The Collective Voice,32,,,,,,Together we are the collective voice -  Truth Seekers -Aware Awake &!Inspired.  Determined to expose evil and support the open door to our free World. #WWG1WGA,200,2026-10-06T10:08:05+00:00
theconsciousresistance,alive,channel,The Conscious Resistance,6140,,2026-10-06T01:02:12+00:00,20,20,,"An independent media organization focused on empowering individuals through education, philosophy, health, and community organizing. We work to create a world where corporate and state power does not rule over the lives of free human beings.",200,2026-10-06T10:08:08+00:00
TheConspiracyHole,alive,channel,The Conspiracy Hole,105000,,2026-10-06T00:28:15+00:00,18,18,ConspiracyHoleIndex WeaponizeConspiracy,Chat:  @WeaponizeConspiracy  Index:  @ConspiracyHoleIndex,200,2026-10-06T10:08:11+00:00
TheConspiracyHole2,alive,channel_no_preview,The Conspiracy Hole /BU/,210,,,,,,Backup Channel for The Conspiracy Hole,200,2026-10-06T10:08:13+00:00
TheConspiracyHub,alive,channel,The ConspiracyHub,2270,,2026-09-28T10:20:49+00:00,0,20,,,200,2026-10-06T10:08:15+00:00
thecontrarian1,alive,user_or_bot,Big Ser CommunityFren,,,,,,,,200,2026-10-06T10:08:18+00:00
thecoronacuretg,alive,channel,Seb / The Corona Cure,533,,2024-10-27T02:16:10+00:00,0,0,,Let's talk about solutions,200,2026-10-06T10:08:20+00:00
thecrowhouseoffical,alive,channel,The Crowhouse,29400,,2026-10-01T05:45:45+00:00,1,7,TheCrowhousechat,Official Posts and updates from Max Igan  The Crowhouse Discussion Group   https://t.me/TheCrowhousechat,200,2026-10-06T10:08:22+00:00
thedannyroscoeshow,empty_page,,,,,,,,,"If you have  Telegram , you can contact  @thedannyroscoeshow  right away.",200,2026-10-06T10:08:25+00:00
thedarksideoftruthh,alive,channel,The Dark Side of Truth,3890,,2025-12-21T06:48:48+00:00,0,0,,Exposing truths and dark secrets   🙏   Check us on other platforms  👇🏻    https://campsite.bio/thedarksideoftruth  Group Chat:  https://t.me/+syAxkf4XMCNiY2Rk,200,2026-10-06T10:08:27+00:00
thedazeofnoway,alive,channel,The Daze of No Way,94,,2024-07-22T20:18:14+00:00,0,0,,Purely satirical of course,200,2026-10-06T10:08:30+00:00
TheDocofDetox,alive,channel,Doc of Detox,5060,,2023-02-27T18:04:53+00:00,0,0,,"Dr. Darrell Wolfe has 35 years experience as a natural health practitioner, his reputation as a medical intuitive has earned him the moniker: the ‘Doc of Detox’.",200,2026-10-06T10:08:33+00:00
TheDragonAlliance,alive,channel_no_preview,The Dragon Alliance,164,,,,,,Together We Rise,200,2026-10-06T10:08:35+00:00
theDTrain,alive,channel,theDTrain,64,,2024-01-03T13:36:21+00:00,0,0,,Independent researcher and content creator  https://www.bitchute.com/channel/thedtrain/   https://odysee.com/@TheDTrain:a    https://rumble.com/user/theRealDTrain    https://www.brighteon.com/channels/thedtrain72    https://gab.com/thedtrain72,200,2026-10-06T10:08:37+00:00
TheEdgelordInvestor,alive,channel_no_preview,The Edgelord Investor,1453,,,,,,Adventures in late stage capitalist excesses and musings on the dark age to come.   XMR (Monero) donations gratefully accepted:  45keFrBKqGf918c3qGcyduN9Y4yLXVTJ4KgP7td6ed3dCr5AGDKVyBm6RxMM2PorpWZAQadBB4jqfHPtL4MEZFKh1LNvdw2,200,2026-10-06T10:08:40+00:00
THEEVENT211220,alive,channel,The EVENT channel,11,,2022-08-01T19:47:09+00:00,0,0,,Discussion group,200,2026-10-06T10:08:42+00:00
theEvent777,alive,channel,艾沛克心靈世界Final銀河戰爭練功房,66,,2026-10-01T04:17:57+00:00,6,18,ipaackceo setlanguage,艾沛克心靈世界Final銀河戰爭練功房 by  @ipaackceo   靈性成長 幸福療癒 嶄新世界誕生中 圍繞COBRA 星球解放（全球戒嚴大逮捕將至） 掌握局勢情報 與時俱進 拆解隔離星球矩陣 傳遞真相使人覺醒自由於楚門世界  More:  https://IPAACK.blogspot.com   點複製這裡到對話框貼上 再點連結把電報設置為中文：  https://t.me/setlanguage/taiwan,200,2026-10-06T10:08:45+00:00
thefive8take,alive,channel,thefive8take,14,,2024-12-16T19:47:41+00:00,0,0,,,200,2026-10-06T10:08:47+00:00
TheGrandCognitiveMinimum,empty_page,,,,,,,,,"If you have  Telegram , you can contact  @TheGrandCognitiveMinimum  right away.",200,2026-10-06T10:08:49+00:00
thegreaterreset,alive,channel,The People's Reset Activation,18300,,2026-09-23T18:18:08+00:00,0,2,,"The People's Reset is a movement focused on building a world based on mutual aid, individual liberty, and bodily autonomy.   Every January, we host The People's Reset Activation in Morelia, Mexico, an in-person solutions-focused gathering.",200,2026-10-06T10:08:52+00:00
TheGreatResetEXPOSED,empty_page,,,,,,,,,"If you have  Telegram , you can contact  @TheGreatResetEXPOSED  right away.",200,2026-10-06T10:08:54+00:00
TheGreatResetTimes,alive,channel_no_preview,The Great Reset Times,14400,,,,,,"Channel of THE PEOPLE, by THE PEOPLE, and for THE PEOPLE.  Our goal is planting the seeds of the critical thinking.  Do your own RESEARCH Make your own OPINION Knowledge is POWER Power is FREEDOM  We are not a THEMED CHANNEL We are TRUTH SEEKERS",200,2026-10-06T10:08:57+00:00
TheHealthForumNZch,alive,channel,The Health Forum NZ (New Channel),3970,,2025-04-29T08:25:57+00:00,0,0,,Covid Vaccination and Informed Consent and news in New Zealand,200,2026-10-06T10:08:59+00:00
TheHighWire,alive,channel,TheHighWire with Del Bigtree,8500,,2026-10-06T00:37:41+00:00,20,20,,"Unofficial channel of  https://thehighwire.com , the fastest growing program in the Natural Health arena, and his non-profit,  ICANdecide.org , leading worldwide investigations into drug and vaccine fraud that have already resulted in many winning lawsuits.",200,2026-10-06T10:09:01+00:00
TheHippyWarrior,alive,channel,We are Free,1,,2024-11-24T17:41:22+00:00,0,0,,"Dance and music, advice and knowledge, healing and revealing. One love to humans, animals, and nature.",200,2026-10-06T10:09:04+00:00
TheHouseofCBRN,empty_page,,,,,,,,,"If you have  Telegram , you can contact  @TheHouseofCBRN  right away.",200,2026-10-06T10:09:06+00:00
TheIntuitiveInvisible,alive,channel_no_preview,🔊 @TheIntuitiveInvisible • An IPR Zine • The Intuitive Invisible • Gut Media • IPR •••,6,,,,,,A Zine from Intuitive Public Radio. Servicio de Información.  #InvisiblesEverywhere. #HumanRights #DDHH,200,2026-10-06T10:09:09+00:00
TheIrishInquiry,alive,channel,The Irish Inquiry,3610,,2026-05-29T09:14:14+00:00,0,0,,,200,2026-10-06T10:09:12+00:00
theirishsentinel,empty_page,,,,,,,,,"If you have  Telegram , you can contact  @theirishsentinel  right away.",200,2026-10-06T10:09:14+00:00
TheKovidKollection,empty_page,,,,,,,,,"If you have  Telegram , you can contact  @TheKovidKollection  right away.",200,2026-10-06T10:09:16+00:00
TheLightTruthPaper,alive,channel,The Light Paper,15600,,2026-10-05T17:35:15+00:00,4,14,TheLightPaperDistribution,"We are a monthly, independently-distributed free UK Truthpaper. Get copies at  www.thelightpaper.co.uk . Views expressed in this channel do not necessarily reflect the official Light Paper's.  Also join our chat group  @TheLightPaperDistribution",200,2026-10-06T10:09:19+00:00
thelionsroar1,alive,channel,The Lion's Roar,2850,,2025-08-10T13:32:12+00:00,0,0,,•Facebook   https://m.facebook.com/thelionsroar8/  •Instagram  https://www.instagram.com/the_lions_roar_/  •Twitter thelionsroar1,200,2026-10-06T10:09:21+00:00
themalchemist,alive,channel,Awakened Living,1800,,2026-10-04T15:12:43+00:00,5,20,,,200,2026-10-06T10:09:24+00:00
TheMatrixAnalyst,alive,channel,𝚃𝚑𝚎 𝙼𝚊𝚝𝚛𝚒𝚡 𝙰𝚗𝚊𝚕𝚢𝚜𝚝,1390,,2022-07-15T23:59:52+00:00,0,0,TheMatrixAnalyst,IG: @TheMatrixAnalyst  𝐈𝐦𝐩𝐨𝐫𝐭𝐚𝐧𝐭 𝐋𝐢𝐧𝐤𝐬:  https://beacons.page/thematrixanalyst  𝐏𝐮𝐛𝐥𝐢𝐬𝐡𝐞𝐝 𝐀𝐮𝐭𝐡𝗼𝐫|𝐖𝐫𝐢𝐭𝐞𝐫  𝐎𝐛𝐬𝐞𝐫𝐯𝐢𝐧𝐠 𝐭𝐡𝐞 𝕄𝕒𝕥𝕣𝕚𝕩 & 𝐭𝐡𝐞 𝕌𝕟𝕤𝕖𝕖𝕟 𝐈𝐥𝐥𝐮𝐬𝐢𝐨𝐧𝐬 𝐃𝐢𝐬𝐬𝐨𝐥𝐯𝐞𝐝 𝐌𝐢𝐧𝐝|𝐒𝐨𝐮𝐥|𝐁𝐨𝐝𝐲: 𝐇𝐞𝐚𝐥𝐢𝐧𝐠 & 𝐖𝐞𝐥𝐥𝐧𝐞𝐬𝐬 𝐂𝐫𝐞𝐚𝐭𝐢𝐧𝐠 𝐈𝐧 𝐀 𝐒𝐨𝐯𝐞𝐫𝐞𝐢𝐠𝐧 𝐏𝐚𝐫𝐚𝐝𝐢𝐠𝗺 𝐓𝐫𝐮𝐭𝐡•𝐅𝐫𝐞𝐞𝐝𝐨𝐦•𝐂𝗼𝐧𝐬𝐜𝐢𝗼𝐮𝐬𝐧𝐞𝐬𝐬,200,2026-10-06T10:09:26+00:00
themotherofnations,empty_page,,,,,,,,,"If you have  Telegram , you can contact  @themotherofnations  right away.",200,2026-10-06T10:09:28+00:00
thenickholtpodcast,alive,channel_no_preview,Nick Holt,600,,,,,,www.themodernconservative.com,200,2026-10-06T10:09:31+00:00
thepeoplesaveaustralia,alive,channel,THE PEOPLE SAVE AUSTRALIA,2,,2023-06-26T12:10:18+00:00,0,0,,,200,2026-10-06T10:09:33+00:00
thepeopleslawyerchannel,alive,channel,The People's Lawyer (TPL),7280,,2026-10-05T15:08:03+00:00,20,20,,"Freedom-friendly Information that will empower, educate and entertain plus give key TPL events updates",200,2026-10-06T10:09:35+00:00
ThePeoplesTruthTiaSeverino,alive,channel_no_preview,The PEOPLE'S TRUTH with TIA SEVERINO,97,,,,,,Communication center for Tia Severino in the event of a social media purge. I'll post important messages here.,200,2026-10-06T10:09:38+00:00
thepholosopherchannel,alive,channel_no_preview,The Pholosopher 💛🖤🕊🌺,149,,,,,,Lover of wisdom & bowls of Phở 🍜 See my work over at thepholosopher.com,200,2026-10-06T10:09:40+00:00
ThePlandemic,alive,channel,The Plandemic,81,,2023-08-19T13:27:24+00:00,0,0,,"Information regarding COVID 19, Coronavirus, Testing, Vaccines, Your Rights  #Plandemic   #Scamdemic   #Agenda21   #Pandemic   #ID2020   #Covid19   #Coronavirus   #Lockdownlies   #Freedom   #Awake   #NoMasks   #Vaccine   #Tyranny    #Nazism   #Fascism   #Lockdown2uk   #Lockdown2",200,2026-10-06T10:09:42+00:00
thepulseone,alive,channel,The Pulse,13600,,2026-05-06T22:15:53+00:00,0,0,,"The Pulse introduces you to emerging ideas on consciousness, current events, science, solutions & more – birthing a new planetary consciousness. Explore how our current paradigms shape our society.",200,2026-10-06T10:09:45+00:00
therawtap,alive,channel,The Raw Tap,183,,2022-10-31T03:24:36+00:00,0,0,,"https://linktr.ee/Goddessofsmarts   Hair stylist/ salon owner.  Certified Holistic Nutritionist through UEXL. Modern Mystery School 2nd step initiate in the lineage of King Salomon, Ritual Master, Life Acti",200,2026-10-06T10:09:48+00:00
TherealMirrorProject,alive,channel,The Mirror Project,246,,2022-07-08T00:17:46+00:00,0,0,,"The Mirror Project is a place to collect and present evidence, organise, and educate others.",200,2026-10-06T10:09:50+00:00
THERESEARCHROOM,alive,channel,The Research Room,2,,2026-03-24T22:24:33+00:00,0,0,,Grey market research peptide source. Ask to join my discord. Serious inquiries only!,200,2026-10-06T10:09:52+00:00
theresistanceengland,empty_page,,,,,,,,,"If you have  Telegram , you can contact  @theresistanceengland  right away.",200,2026-10-06T10:09:55+00:00
theriotimes,alive,channel,The Rio Times,13500,,2026-10-05T23:21:08+00:00,20,20,,"Latin America's Voice from Rio de Janeiro   We are connecting readers worldwide to the landscapes of Brazil, LatAm, and the Global South.",200,2026-10-06T10:09:57+00:00
thespreadeagle,alive,channel,𝗥𝗔𝗚𝗘 𝗔𝗚𝗔𝗜𝗡𝗦𝗧 𝗧𝗛𝗘 𝗩𝗔𝗖𝗖𝗜𝗡𝗘,10600,,2026-08-07T21:53:46+00:00,0,0,,𝗿𝗲𝘀𝗶𝘀𝘁𝗮𝗻𝗰𝗲 𝗶𝘀 𝗽𝗮𝘁𝗿𝗶𝗼𝘁𝗶𝗰,200,2026-10-06T10:10:00+00:00
thetransparencyreport,alive,channel,The Transparency Report,1020,,2024-03-11T20:38:28+00:00,0,0,,"Gaza statistics 2.2 million Residents  Approx 50% of inhabitants were Children Over 800,000 Children live in Gaza   #counterpropaganda   #astroturfmovements   #zionismisterrorism   #rallythepolicestate   #domesticteroristthreats   #intelligenceoperations",200,2026-10-06T10:10:02+00:00
TheTruthSeekersChannel,alive,channel,📺   Truth Seekers - Channel,13600,,2026-10-06T04:11:34+00:00,11,11,,"“The truth shall set you free!   JOIN US NOW   Save humanity & Our Children   🙏🏼    🌍    Rumble - TruthSeekersTV    🚨   Live chats are recorded, if you take part you are consenting to being recorded   🙏🏼",200,2026-10-06T10:10:05+00:00
theuniversalantidote,alive,channel,The Universal Antidote Videos,85500,,2026-10-05T20:45:52+00:00,3,8,,"Welcome to my channel. I am not here to cure, treat or diagnose. All the information shared is for education purposes. To help you take back control of your own health.""  This is a repository of chlorine dioxide videos.  Included are documentaries,",200,2026-10-06T10:10:07+00:00
thewakeupproject22,alive,channel,The Wake Up Project,10,,2023-06-25T18:55:14+00:00,0,0,,Have you been awakened to yhe illusion of freedom and outright lies from the legacy media.  We explore the rabbit holes.,200,2026-10-06T10:10:10+00:00
TheWayFwrd,empty_page,,,,,,,,,"If you have  Telegram , you can contact  @TheWayFwrd  right away.",200,2026-10-06T10:10:12+00:00
TheWonderingEnglishman,alive,channel,The Wondering Englishman,1170,,2026-09-28T12:34:16+00:00,0,2,,One wonder at a time,200,2026-10-06T10:10:15+00:00
Theworldhasgonemad,alive,channel,The World Has Gone Mad!!!,837,,2026-09-05T03:31:29+00:00,0,0,,"Evil is upon us... We've woken up to a reality that for decades operated under our noses... Listen to your intuition, tell the truth, honour your values, learn what's in that rabbit hole... it's terrfying... but we must know!!  And we MUST fight the evil!",200,2026-10-06T10:10:17+00:00
thexyztelegram,alive,channel,The XYZ,4720,,2026-10-02T05:26:06+00:00,3,20,,"Australian News, politics and analysis. Whatever the mainstream media don't want you to know.",200,2026-10-06T10:10:20+00:00
theyllive,empty_page,,,,,,,,,"If you have  Telegram , you can contact  @theyllive  right away.",200,2026-10-06T10:10:22+00:00
thingstakenoffyoutube,alive,channel,Things taken off Media,35,,2026-09-21T17:34:20+00:00,0,1,,,200,2026-10-06T10:10:24+00:00
thoughtandaction,alive,channel,Thought and Action,4,,2021-08-29T07:17:52+00:00,0,0,,,200,2026-10-06T10:10:27+00:00
thriveMNC,empty_page,,,,,,,,,"If you have  Telegram , you can contact  @thriveMNC  right away.",200,2026-10-06T10:10:29+00:00
thrivemovie,alive,channel,Free to Thrive (Official),2400,,2026-03-15T04:25:18+00:00,0,0,,Sign up for a free trial:  https://freetothrive.com,200,2026-10-06T10:10:32+00:00
TIFALOCKHARTT,alive,channel,Tifa Lockhart,58,,2022-12-29T13:58:55+00:00,0,0,tifalockhart,Still here for The Great Awakening   💫    🌟    ✨   They banned me from Twatter   🤷🏻‍♀️    (over 2k followers) Was it something I said??   🤨   Gab:  @tifalockhart,200,2026-10-06T10:10:34+00:00
tigerreborn,alive,channel,Tiger Reborn,5160,,2026-09-27T00:30:02+00:00,0,1,,Irish initiative to raise awareness and protect the natural rights of the individual. Formerly on Facebook for over 10 years with 62k+ Followers until cancellation 29/1/21 for drawing attention to death surge of elderly after vaccination in nursing homes.,200,2026-10-06T10:10:37+00:00
TimeStopLoadingNormalLife,alive,channel,TimeStop  🛑  LoadingNormalLife(FreedomGroup),53,,2026-03-06T03:54:34+00:00,0,0,,🇷🇺  Free speech    Life and news of the world that they don’t want you to see.,200,2026-10-06T10:10:39+00:00
TipOfTheMoment,empty_page,,,,,,,,,"If you have  Telegram , you can contact  @TipOfTheMoment  right away.",200,2026-10-06T10:10:42+00:00
TIWWF,alive,channel,𝕋𝕙𝕚𝕤 𝕀𝕤 𝕎𝕙𝕪 𝕎𝕖 𝔽𝕚𝕘𝕙𝕥!,82,,2026-03-28T21:13:22+00:00,0,0,,,200,2026-10-06T10:10:44+00:00
to_awaken_a_normie,alive,channel,To Awaken a Normie,27,,2022-10-01T05:38:58+00:00,0,0,,Cataloging everything found that provides truth to the loved ones who insist on squeezing their eyes shut to everything that cannot be scientifically proven (or at least reported by the MSM). Please share what you used to awaken the Normie in your life.,200,2026-10-06T10:10:47+00:00
TOONARMYRELNEWS,empty_page,,,,,,,,,"If you have  Telegram , you can contact  @TOONARMYRELNEWS  right away.",200,2026-10-06T10:10:49+00:00
traviscarper,alive,channel,Travis Carper,172,,2026-09-03T20:59:54+00:00,0,0,,"Support for the Ascension Process through Holistic Health Coaching, Conscious Media Producing, Non Profit Educational Writing and Speaking! Author of 3 Decrees! Subscribe to my FREE uplifting Ascension Health Newsletter!  https://traviscarper.substack.com",200,2026-10-06T10:10:51+00:00
Triumph_Over_Health,alive,channel,Triumph Over Health,1320,,2026-10-06T01:36:41+00:00,1,1,,Medical Resources That Will Change Your Life,200,2026-10-06T10:10:54+00:00
TruckersForFreedomGlobal,alive,channel,TruckersForFreedom,24100,,2026-09-24T22:24:17+00:00,0,12,FreeEnergyTelegram,Join us on free energy telegram group to cut down the electricity bill and offer true freedom:  https://t.me/FreeEnergyTelegram,200,2026-10-06T10:10:57+00:00
trumpintel,alive,channel,TRUMPINTEL LIVANDU OUR FAMILY,41200,,2026-10-05T19:56:50+00:00,19,20,,WE NEVER SEND PRIVATE MESSAGES!,200,2026-10-06T10:11:00+00:00
truth4health,empty_page,,,,,,,,,"If you have  Telegram , you can contact  @truth4health  right away.",200,2026-10-06T10:11:02+00:00
Truth_Awakening_Channel,alive,channel,𝐓𝐡𝐞 𝐎𝐫𝐝𝐞𝐫 𝐎𝐟 𝐓𝐡𝐞 𝐔𝐧𝐫𝐮𝐥𝐞𝐝,7970,,2026-10-06T09:58:15+00:00,3,4,,The order Of The Unruled/Ascendents is a collective of living souls driven by conscience who believe in our inherent rights.  Rights that supersede all other jurisdictions.  Y A S H U A Wins.  Bho Stoc Math,200,2026-10-06T10:11:05+00:00
truth_is_hidden67,empty_page,,,,,,,,,"If you have  Telegram , you can contact  @truth_is_hidden67  right away.",200,2026-10-06T10:11:07+00:00
truthability,alive,channel,Louise for Truth,53,,2023-09-28T17:10:20+00:00,0,0,,,200,2026-10-06T10:11:10+00:00
truthbtold2,alive,channel,Truth b told,1950,,2026-04-22T17:25:34+00:00,0,0,,,200,2026-10-06T10:11:12+00:00
Truthers_United,alive,channel,TruthersUnite,12,,2022-12-31T20:32:45+00:00,0,0,,Cognitive dissonance is here. Blue is an easier pill to swallow. Complacency will no longer be an option. Choose red.,200,2026-10-06T10:11:15+00:00
TruthGraphs,alive,channel,TruthGraphs,6610,,2026-10-06T09:15:19+00:00,7,16,ChannelCollection,FactsArentRacist  Part of the  @ChannelCollection,200,2026-10-06T10:11:19+00:00
truthhasnoagenda,alive,channel,Truth has no agenda,288,,2024-08-31T10:25:56+00:00,0,0,,"Plenty of common law information....We the people are lied to on a monumental level, the only way to win against the system is to be less reliant on the system. Nobody is coming for you, we live in a consent based realm, I will try and show you   💪🏽",200,2026-10-06T10:11:22+00:00
truthhuntersinc,empty_page,,,,,,,,,"If you have  Telegram , you can contact  @truthhuntersinc  right away.",200,2026-10-06T10:11:25+00:00
truthmedia000,alive,channel,TRUTH MEDIA AUSTRALIA,415,,2025-07-15T15:45:13+00:00,0,0,truthmedia000,Power to the People  Information is Power...https:// t.me/truthmedia000,200,2026-10-06T10:11:28+00:00
truthpills,alive,channel,TRUTH PILLS   💊,17600,,2025-02-11T17:01:53+00:00,0,0,,"WE EXPOSE ALL THE LIES YOU HAVE EVEN BEEN TOLD, IN THE HOPE OF WAKING YOU UP & REALISING YOUR TRUE POWER!",200,2026-10-06T10:11:33+00:00
TruthReport,empty_page,,,,,,,,,"If you have  Telegram , you can contact  @TruthReport  right away.",200,2026-10-06T10:11:36+00:00
truthseeker777,alive,channel_no_preview,Truth Seeker,6,,,,,,,200,2026-10-06T10:11:39+00:00
truthseeker86,alive,channel,TruthSeeker86,972,,2024-01-04T23:37:43+00:00,0,0,truthseeker86,Hi. Welcome To My Channel! Please Make Sure You Read The Pinned Post   😊     T.me/TruthSeeker86Chat    T.me/TruthSeeker86TelegramLinks    T.me/TruthSeeker86MemeCentral    https://direct.me/truthseeker86,200,2026-10-06T10:11:41+00:00
truthspeakersnetwork,alive,channel,Truth Speakers Network,406,,2026-05-02T20:41:02+00:00,0,0,,A Place Where Truth is Shared Without Censorship,200,2026-10-06T10:11:44+00:00
truththeory,alive,channel,Truth Theory,7380,,2026-10-05T08:55:56+00:00,1,9,,"Truth Theory are new media facilitating the empowerment of humanity using honest, solution-based and thought-provoking ideas Learn more:   👉   https://linktr.ee/TruthTheory",200,2026-10-06T10:11:46+00:00
TruthTON,empty_page,,,,,,,,,"If you have  Telegram , you can contact  @TruthTON  right away.",200,2026-10-06T10:11:48+00:00
TruthUncensored,alive,channel,Ami Bangali,20,,2025-05-28T15:42:20+00:00,0,0,,Truth will be exposed regarding the ongoing genocide by Fascist regime in Bangladesh,200,2026-10-06T10:11:51+00:00
TryBlue,empty_page,,,,,,,,,"If you have  Telegram , you can contact  @TryBlue  right away.",200,2026-10-06T10:11:54+00:00
ubuntuplanet,alive,channel,Michael Tellinger Channel,9820,,2026-09-26T06:30:13+00:00,0,8,,Exploring our ancient past - Finding solutions for a world gone mad. Creating prosperity & abundance for all - ONE SMALL TOWN will change the world.,200,2026-10-06T10:11:57+00:00
ukfalliance,alive,channel,The UK Freedom Alliance,2830,,2026-10-01T12:39:34+00:00,3,8,,Defending Civil Rights & Human Rights,200,2026-10-06T10:12:00+00:00
ukvacinfo,alive,channel,UK - No Mandatory Vaccines - Medical Freedom,3630,,2026-10-05T19:39:56+00:00,20,20,,UK VACCINATION INFORMATION  CHANNEL - NO MANDATORY VACCINES - MEDICAL FREEDOM - FREE WORLD,200,2026-10-06T10:12:02+00:00
ultimacodex,alive,channel,Winkiemojie,1790,,2021-05-03T17:11:35+00:00,0,0,,,200,2026-10-06T10:12:05+00:00
uncensorabletruth,alive,channel,Uncensorable Truth,2870,,2024-09-11T18:20:07+00:00,0,0,,Make Critical Thinking Great Again   ❤,200,2026-10-06T10:12:08+00:00
UncensoredRedPills,alive,channel_no_preview,MATRIX DECODED,2160,,,,,,,200,2026-10-06T10:12:11+00:00
uncensoredtruths,alive,channel,Uncensored Truths,2690,,2026-10-05T00:46:06+00:00,8,20,,"Blocked from Facebook, YouTube and Twitter, finding a new home on Telegram.",200,2026-10-06T10:12:16+00:00
uncensoredupdates,alive,channel,Uncensored Updates India,36,,2022-09-25T17:15:28+00:00,0,0,uncensoredupdates uncensoredupdateschat,Updates relating to the World that are ignored/hidden from Social Media and Mainstream News with their implications in India   🇮🇳   (featuring Coronavirus Truth)  Main Channel:  https://t.me/uncensoredupdates   Discussion:  https://t.me/uncensoredupdateschat,200,2026-10-06T10:12:20+00:00
unitedaussies,alive,channel_no_preview,Aussies United,52,,,,,,,200,2026-10-06T10:12:23+00:00
unitedpoliceNSW,empty_page,,,,,,,,,"If you have  Telegram , you can contact  @unitedpoliceNSW  right away.",200,2026-10-06T10:12:25+00:00
unitedwestandaust,alive,channel,Freedom Unity - Australia,3390,,2026-10-04T22:10:07+00:00,4,6,,Several different Australian freedom-loving Influencers and organisations have admin access to post on this channel.  The idea is the bring you diverse content but also to showcase UNITY! There are already enough of us...we just need to stay UNITED!,200,2026-10-06T10:12:28+00:00
unitenowaustralia,alive,channel,#UniteNow,2960,,2026-06-23T10:58:22+00:00,0,0,,You are not alone. We stand united. Find your community and Unite Now Australia,200,2026-10-06T10:12:31+00:00
UnityNewsChannel,alive,channel,Unity Channel,7,,2025-03-17T11:24:11+00:00,0,0,,"SOLUTIONS BASE. Share ideas, technologies, experiences and inspirations for the restoration of the world. Ego is old paradigm. Our inspiration and experiences will inspire others. Peace Love Light Life! unity for one is Unity for all.",200,2026-10-06T10:12:34+00:00
UniversalLibrary,empty_page,,,,,,,,,"If you have  Telegram , you can view posts by  @UniversalLibrary  right away.",200,2026-10-06T10:12:37+00:00
UnjabbedNZCommunity,alive,channel_no_preview,Unjabbed NZ Communit,5,,,,,,,200,2026-10-06T10:12:39+00:00
unmaskthefear,empty_page,,,,,,,,,"If you have  Telegram , you can contact  @unmaskthefear  right away.",200,2026-10-06T10:12:42+00:00
untrivialpursuit,alive,channel,The Untrivial Pursuit,287,,2022-12-27T00:10:12+00:00,0,0,,Offering relevant considerations for those on the pursuit of truth in health research.,200,2026-10-06T10:12:44+00:00
Unvaccinatd,alive,channel_no_preview,Unvaccinated 📢🚫💉🚫,181,,,,,,For all of those who refuse to be JABBED 💉,200,2026-10-06T10:12:47+00:00
Unvaxcinated,alive,channel,Unvaccinated   📢    🚫    💉    🚫,4000,,2022-01-15T01:29:51+00:00,0,0,,For all of those who refuse to be JABBED   💉,200,2026-10-06T10:12:50+00:00
UpmarketZine,empty_page,,,,,,,,,"If you have  Telegram , you can contact  @UpmarketZine  right away.",200,2026-10-06T10:12:52+00:00
usmortality,alive,channel,USMortality,6600,,2026-02-06T17:13:49+00:00,0,0,,"Software Engineer • COVID-19 Research, Bioinformatics & Statistics:  https://www.mortality.watch  •  https://www.rkileak.com  • Articles:  https://www.usmortality.com",200,2026-10-06T10:12:55+00:00
vaccinationdecisionsDrJudy,alive,channel,Vaccination Decisions,2420,,2026-10-04T20:26:01+00:00,9,20,,,200,2026-10-06T10:12:58+00:00
vaccinechoiceaustralia,alive,channel,Vaccine Choice Australia,5150,,2026-03-24T09:36:00+00:00,0,0,,Join us to stand up for medical freedom in Australia.  https://lnk.bio/ON9D    💛,200,2026-10-06T10:13:01+00:00
vaccinechoicecanada,alive,channel,Vaccine Choice Canada,10200,,2026-10-04T14:02:24+00:00,7,16,,"Formed in response to growing parental concern regarding the safety of current vaccination programs in Canada. Vaccine Choice Canada (formerly VRAN) serves as a public information and resource group, and is committed to protecting children.",200,2026-10-06T10:13:03+00:00
vaccinechoiceprayercommunity,alive,channel,Vaccine Choice Prayer Community,186,,2022-12-08T04:23:27+00:00,0,0,,,200,2026-10-06T10:13:06+00:00
vaccinedebategroup,alive,channel_no_preview,Vaccines and everything else,55,,,,,,,200,2026-10-06T10:13:10+00:00
vaccinedisclosure,alive,channel,Vaccine Fraud/Info Full Disclosure,3680,,2026-08-20T11:39:55+00:00,0,0,,Full media database of the most relivant Vaccine information to date! Please see for your health and well being (and your families),200,2026-10-06T10:13:13+00:00
VaccineEqualsInfertility,empty_page,,,,,,,,,"If you have  Telegram , you can contact  @VaccineEqualsInfertility  right away.",200,2026-10-06T10:13:15+00:00
vaccinepolice,empty_page,,,,,,,,,"If you have  Telegram , you can contact  @vaccinepolice  right away.",200,2026-10-06T10:13:18+00:00
vaccinereactions,empty_page,,,,,,,,,"If you have  Telegram , you can contact  @vaccinereactions  right away.",200,2026-10-06T10:13:20+00:00
vaccinetalk,alive,channel,Vaccine talk,12,,2026-01-27T00:58:46+00:00,0,0,,All about vaccines.,200,2026-10-06T10:13:23+00:00
vaccinetestimonials,alive,channel,"Vaccine Testimonials, Facts, Resources",40,,2024-05-09T12:32:33+00:00,0,0,,"Sharing research, evidence, information and testimonials of deaths or allergic reactions to the COVID-19 Vaccine.",200,2026-10-06T10:13:26+00:00
ValleyOutpostCollection,alive,channel,Valley Outpost Collection,25,,2025-04-04T21:08:08+00:00,0,0,,Interesting news and items.,200,2026-10-06T10:13:29+00:00
vavalaresistance,empty_page,,,,,,,,,"If you have  Telegram , you can contact  @vavalaresistance  right away.",200,2026-10-06T10:13:32+00:00
vaxaretoxic,alive,channel_no_preview,Elda (Vax Are Toxic)🙎🏻‍♀️,268,,,,,,Elda,200,2026-10-06T10:13:35+00:00
VaxStats,alive,channel,Vax Stats,1470,,2026-09-01T02:30:42+00:00,0,0,,"Deep dive into CDC Vaccine injury database VAERS. Weekly in depth detailed reports on adverse events on any vaccine. Missing report IDs, deleted report IDs investigation on a weekly basis.",200,2026-10-06T10:13:38+00:00
vaxverite,alive,channel,Vax Verite,7,,2021-10-25T23:44:31+00:00,0,0,,,200,2026-10-06T10:13:41+00:00
venturedesktop,empty_page,,,,,,,,,"If you have  Telegram , you can contact  @venturedesktop  right away.",200,2026-10-06T10:13:45+00:00
verdeyrebelde,alive,channel,Verde y Rebelde,1010,,2023-03-06T21:43:25+00:00,0,0,,,200,2026-10-06T10:13:47+00:00
VernonColeman,alive,channel_no_preview,Vernon Coleman Channel,5245,,,,,,Videos from Vernon Coleman,200,2026-10-06T10:13:51+00:00
Vexxine,alive,channel,Vexxine facts and updates.  💉    🧬    🧪    ☠,31,,2022-10-03T07:46:02+00:00,0,0,,,200,2026-10-06T10:13:55+00:00
vicupdates,alive,channel,Victorian Aussie channel,949,,2026-10-04T22:49:31+00:00,20,20,,victoriachannel@protonmail.com,200,2026-10-06T10:13:58+00:00
VigilantFox,alive,channel,The Vigilant Fox   🦊,120000,,2026-10-02T02:43:15+00:00,9,20,,"Independent news, founded by a healthcare professional turned citizen journalist. Banned during COVID. Covering the stories the mainstream buries.",200,2026-10-06T10:14:04+00:00
visomvet,alive,channel,Corona V (Sars-Cov?) Vi som vet,213,,2025-01-03T21:12:45+00:00,0,0,,,200,2026-10-06T10:14:09+00:00
vivoterra_en,alive,channel,Vivoterra World,8490,,2026-04-18T09:21:47+00:00,0,0,,vivoterra-world.com   - The treasure trove of knowledge -,200,2026-10-06T10:14:12+00:00
voices4choices,alive,channel,Voices4Choices,1320,,2022-12-24T06:36:17+00:00,0,0,,,200,2026-10-06T10:14:15+00:00
voicesforfreedom,alive,channel,Voices For Freedom,15400,,2026-10-05T20:39:26+00:00,4,14,hearourvoicesnz,A place for those who question the official narrative on a range of issues. Connect with us at  voicesforfreedom.co.nz  - helpful resources + sign up local groups all around NZ. Visit our chat group here:  https://t.me/hearourvoicesnz,200,2026-10-06T10:14:19+00:00
VVAnuus,empty_page,,,,,,,,,"If you have  Telegram , you can contact  @VVAnuus  right away.",200,2026-10-06T10:14:26+00:00
vxxsheddingforbodyworkers,empty_page,,,,,,,,,"If you have  Telegram , you can contact  @vxxsheddingforbodyworkers  right away.",200,2026-10-06T10:14:30+00:00
wahumanrightsadvocates,alive,channel,Andrea Consults,961,,2024-03-08T01:44:30+00:00,0,0,,,200,2026-10-06T10:14:34+00:00
WakeTheUKUP,alive,channel,https://t.me/WakeTheUKUP  👍    ❤️‍🔥,639,,2026-09-30T00:50:19+00:00,3,3,,"❤️   Love,   😇  Peace   🤑  prosperity   Break free from slavery  🙆       🚦    💥  Our mission is to tell you first hand & true world news about Past, present and Future.  Politics, health ,history , science, religion, mystisem and many more topics for our awakening   🌹    ❤️    🌏",200,2026-10-06T10:14:37+00:00
wakeupaustralia,alive,channel,WAKE UP AUSTRALIA,8760,,2022-08-07T21:22:23+00:00,0,0,,Together we can stop this,200,2026-10-06T10:14:41+00:00
wakeywakeywakey,alive,user_or_bot,Wakey Wakey,,,,,,,,200,2026-10-06T10:14:46+00:00
wakingup1984channel,alive,channel,Wakingup1984,13000,,2025-11-15T02:44:40+00:00,0,0,,Not your current thing channel,200,2026-10-06T10:14:49+00:00
watgebeurter,alive,channel_no_preview,What's happening??,171,,,,,,Events around the world,200,2026-10-06T10:14:52+00:00
WeAreAllEssential,alive,channel,WeAreAllEssential,623,,2026-09-18T23:04:25+00:00,0,1,,Small Business Network_LATEST NEWS  📺,200,2026-10-06T10:14:56+00:00
WeAreFASA,alive,channel,📢   FREEDOM ALLIANCE SOUTH AFRICA  🕊    🎙,2620,,2026-10-06T07:03:05+00:00,5,20,,Freedom Alliance is a growing human rights movement that seeks to reclaim our freedom and liberties which have been stripped from us and to establish a free and just society for all irrespective of the narrative or greater game plan.,200,2026-10-06T10:15:01+00:00
wearerighteous,alive,channel,Righteous Deity,189,,2026-05-09T15:26:39+00:00,0,0,,We the People  A platform that stops all stations. 24/7 Service. Nobly pursuing the truth.,200,2026-10-06T10:15:05+00:00
WEARETHE99PERCENTCHANNEL,alive,channel,SURROUNDED BY NONSENSE,1870,,2026-10-03T16:12:20+00:00,2,6,,Worlds upside down! Use common sense & logic always…!!,200,2026-10-06T10:15:08+00:00
WeAreUniversalTruth,empty_page,,,,,,,,,"If you have  Telegram , you can contact  @WeAreUniversalTruth  right away.",200,2026-10-06T10:15:13+00:00
WEE_WhiteEconomicEmpowerment,alive,group,WEE - White Economic Empowerment SA #AntiNWO,,178,,,,WEE_WhiteEconomicEmpowerment WEE_WhiteEconomicEmpowermentSA,■WEE - WHITE ECONOMIC EMPOWERMENT SOUTH AFRICA ●https://www.facebook.com/WEE.WhiteEconomicEmpowermentSA/ ●www.facebook.com/groups/whiteeconomicempowerment/ ●https://t.me/WEE_WhiteEconomicEmpowerment ●https://t.me/WEE_WhiteEconomicEmpowermentSA,200,2026-10-06T10:15:15+00:00
WEF4IR,empty_page,,,,,,,,,"If you have  Telegram , you can contact  @WEF4IR  right away.",200,2026-10-06T10:15:19+00:00
wethefreerd,alive,channel,We The Free - Alberta,1150,,2026-10-06T01:01:15+00:00,13,19,,WE THE FREE - Alberta Telegram Channel,200,2026-10-06T10:15:23+00:00
wethepatriotsusa,alive,channel,We The Patriots USA News Channel,4620,,2026-09-25T19:21:47+00:00,0,7,,"We The Patriots USA was founded out of necessity in a time when all of the things we hold most dear--faith, family, health, truth and freedom--are under constant attack, there is no choice but to stand up and take back our country.  We will not be silent!",200,2026-10-06T10:15:27+00:00
Wethepeoplestruth1,alive,channel,Wethepeoplestruth,2110,,2022-08-08T01:46:44+00:00,0,0,,Truth is here if you want it,200,2026-10-06T10:15:30+00:00
WExWIN,alive,channel,WE WIN,116,,2026-06-15T14:27:58+00:00,0,0,,https://www.youtube.com/watch?v=NTy4Am3MQ4c&pp=ygUHc3dhbXBlZA%3D%3D       Truth is important.,200,2026-10-06T10:15:34+00:00
WFAorg,alive,channel,World Freedom Alliance - Official,11700,,2026-10-05T14:02:14+00:00,6,15,,,200,2026-10-06T10:15:37+00:00
whatsupcanadian,alive,channel_no_preview,What’s Up Canada?,1420,,,,,,"Politically Unreliable Journalist. Grass roots news, corruption is unacceptable, not just a duty.",200,2026-10-06T10:15:41+00:00
whatyournotsupposetoknow,alive,channel,What you're not supposed to know,416,,2022-09-19T04:58:40+00:00,0,0,,Facebook is being a pain. I can be contacted at the following link   https://gettr.com/user/niallsemple,200,2026-10-06T10:15:44+00:00
WhereWeGoOneWeGoAllWorldwide,alive,channel_no_preview,Where We Go One We Go All Worldwide,51,,,,,,,200,2026-10-06T10:15:49+00:00
WhistleBlowerK,alive,channel,Wikileaks,11400,,2025-03-17T20:45:04+00:00,0,0,,#New  world order      #Flat  earth movment     #Conspiracy  theories     #WikiLeaks     # Black people true ancestors,200,2026-10-06T10:15:53+00:00
WhiteRoseandThorn,alive,channel_no_preview,Wardens.Community,53,,,,,,,200,2026-10-06T10:15:56+00:00
whitewellness,empty_page,,,,,,,,,"If you have  Telegram , you can view posts by  @whitewellness  right away.",200,2026-10-06T10:15:59+00:00
wideawakemedia,alive,channel,Wide Awake Media,27000,,2026-09-25T09:01:05+00:00,0,20,,Believe In America Not The Media   🇺🇸,200,2026-10-06T10:16:02+00:00
wilmsfront,alive,channel,WilmsFront,113,,2026-10-06T08:00:46+00:00,1,10,,"I am Editor in Chief of The Unshackled, one of Australia's leading alt-media websites and host Tim's News Explosion and WilmsFront.  https://bio.link/timwilms",200,2026-10-06T10:16:05+00:00
WL369,alive,user_or_bot,三六九,,,,,,,,200,2026-10-06T10:16:08+00:00
wnyminutemen,alive,channel,WNYMINUTEMEN,20,,2023-05-23T02:18:30+00:00,0,0,,Http://minuteman-militia.com,200,2026-10-06T10:16:10+00:00
wolfchannel2,alive,channel,foxblog channel,2100,,2026-10-06T09:43:47+00:00,20,20,,Eclectic mix of truth mainly from bloggers,200,2026-10-06T10:16:13+00:00
Wonderlanderino,alive,channel_no_preview,The Creator,11,,,,,,Have hope - Have faith - Improve Yourself  Otherwise the baddies win,200,2026-10-06T10:16:16+00:00
WorldAwakening2,alive,channel,WorId Awakening,4050,,2026-10-04T13:10:23+00:00,16,20,,,200,2026-10-06T10:16:19+00:00
worlddoctorsalliance,alive,channel,World Doctors Alliance,75800,,2026-10-06T07:28:24+00:00,20,20,,"Official WDA independent non-profit alliance of doctors, nurses, healthcare professionals around the world who have united in the wake of the Covid-19 response chapter to share experiences with a view to ending all lockdowns and related damaging measures.",200,2026-10-06T10:16:23+00:00
worldhoax,alive,channel,World Hoax Organization,72,,2026-03-31T07:31:22+00:00,0,0,worldhoax,"t.me/worldhoax  — Because generational tyranny is not an option, except for delusional cowards! ॐ Ψ ௐ",200,2026-10-06T10:16:26+00:00
wrenchinthegears,alive,channel_no_preview,Wrench In The Gears,1817,,,,,,"Inquiry At The Intersection of Race, Finance, Technology And Nature",200,2026-10-06T10:16:28+00:00
wtfjh,alive,channel,WTF Just Happened,325,,2026-10-03T06:21:27+00:00,1,8,,"Trying to make sense of the complex world around me. Embracing uncertainty in all things. Trying to leverage rational analysis... maybe even some wisdom... to extract *some* certainty, even if temporary, about current events and potential future outcomes.",200,2026-10-06T10:16:31+00:00
wtpuk,alive,channel,We The People of England,992,,2026-07-30T17:22:43+00:00,0,0,,Land of Hope & Glory!,200,2026-10-06T10:16:34+00:00
wuhanvirus_covid19,alive,channel,China Virus - Covid Vaccine - Masks ~ T,17,,2023-11-06T14:13:05+00:00,0,0,,Hydroxychloroquine Works,200,2026-10-06T10:16:37+00:00
wwellb,empty_page,,,,,,,,,"If you have  Telegram , you can contact  @wwellb  right away.",200,2026-10-06T10:16:40+00:00
wwg1wga_qslovenia,empty_page,,,,,,,,,"If you have  Telegram , you can contact  @wwg1wga_qslovenia  right away.",200,2026-10-06T10:16:42+00:00
WWG1WGAGlobal,alive,channel,WWG1WGA.Global,213,,2025-03-17T11:10:52+00:00,0,0,WWG1WGAGlobal,We created this channel for sharing as much information as possible about as many current topics as possible. Everyone is welcome!   https://t.me/WWG1WGAGlobal,200,2026-10-06T10:16:45+00:00
wwrevT,alive,channel,🕯   MINISTRY • OF • TRUE • ESSENCE   🕯,179,,2026-04-30T07:32:22+00:00,0,0,,Veritas Vincit ~ Truth Prevails,200,2026-10-06T10:16:48+00:00
YellowvestIre,empty_page,,,,,,,,,"If you have  Telegram , you can contact  @YellowvestIre  right away.",200,2026-10-06T10:16:52+00:00
yourrightsaust,empty_page,,,,,,,,,"If you have  Telegram , you can contact  @yourrightsaust  right away.",200,2026-10-06T10:16:57+00:00
YvetteBronx,alive,channel,Yvette Bronx Unplugged,1170,,2024-10-09T11:47:43+00:00,0,0,,Don’t follow if you hate truth,200,2026-10-06T10:17:00+00:00
zeeemedia,alive,channel,Zeee Media   🎙,54300,,2026-10-05T22:27:56+00:00,16,16,,www.zeeemedia.com   Share the truth at whatever cost.,200,2026-10-06T10:17:03+00:00
zeitgeistearth,empty_page,,,,,,,,,"If you have  Telegram , you can contact  @zeitgeistearth  right away.",200,2026-10-06T10:17:08+00:00
zelenkoprotocol,alive,channel,Dr. Vladimir Zelenko (Zelenko Protocol),66900,,2023-06-30T00:20:02+00:00,0,0,,Dr. Vladimir (Zev) Zelenko is a Board Certified Family Physician. He was the first in America (March 2020) to innovate a successful treatment for covid-19,200,2026-10-06T10:17:11+00:00
zerotolerancemedia,alive,channel_no_preview,Zero Tolerance Media UK News,6912,,,,,,"Media channel outlet exposing the truths, and the fraudulence of current governments as they destroy your liberties, whilst taking away EVERYTHING that you love under the guise of ""keeping you safe"".  Fighting for FREEDOM in 2021! 🇬🇧",200,2026-10-06T10:17:14+00:00
AmericanTribune,empty_page,,,,,,,,,"If you have  Telegram , you can contact  @AmericanTribune  right away.",200,2026-10-06T10:17:17+00:00
AncientFeed,alive,channel,Ancient Feed,293,,2026-09-15T18:08:17+00:00,0,5,,Ancient Feed / History Channel,200,2026-10-06T10:17:21+00:00
AntiCoronaRegime,empty_page,,,,,,,,,"If you have  Telegram , you can contact  @AntiCoronaRegime  right away.",200,2026-10-06T10:17:25+00:00
AntiCoronaTerrorism,empty_page,,,,,,,,,"If you have  Telegram , you can contact  @AntiCoronaTerrorism  right away.",200,2026-10-06T10:17:29+00:00
AntiFakePandemic,empty_page,,,,,,,,,"If you have  Telegram , you can contact  @AntiFakePandemic  right away.",200,2026-10-06T10:17:33+00:00
AntiGates,empty_page,,,,,,,,,"If you have  Telegram , you can view posts by  @AntiGates  right away.",200,2026-10-06T10:17:37+00:00
AntiilluminatiOfficial,empty_page,,,,,,,,,"If you have  Telegram , you can contact  @AntiilluminatiOfficial  right away.",200,2026-10-06T10:17:41+00:00
antiNewsweek,empty_page,,,,,,,,,"If you have  Telegram , you can contact  @antiNewsweek  right away.",200,2026-10-06T10:17:44+00:00
Antipafi,empty_page,,,,,,,,,"If you have  Telegram , you can contact  @Antipafi  right away.",200,2026-10-06T10:17:47+00:00
AntivaxMessiah,empty_page,,,,,,,,,"If you have  Telegram , you can contact  @AntivaxMessiah  right away.",200,2026-10-06T10:17:50+00:00
ArizonaReporter,alive,channel,arizonareporter,1170,,2024-08-29T15:26:46+00:00,0,0,,,200,2026-10-06T10:17:54+00:00
artisallaround,alive,channel_no_preview,Art is all around,213,,,,,,www.unvaccinatedwelcome.com,200,2026-10-06T10:17:56+00:00
AustraliaTimes,alive,channel,news4.0,2,,2025-12-31T07:11:34+00:00,0,0,,,200,2026-10-06T10:17:59+00:00
AwakenMovement,empty_page,,,,,,,,,"If you have  Telegram , you can contact  @AwakenMovement  right away.",200,2026-10-06T10:18:02+00:00
AwakenWeAre,empty_page,,,,,,,,,"If you have  Telegram , you can contact  @AwakenWeAre  right away.",200,2026-10-06T10:18:05+00:00
BayernPresse,alive,channel,Bayern Presse,125,,2024-02-23T10:18:16+00:00,0,0,,,200,2026-10-06T10:18:09+00:00
BBCpost,empty_page,,,,,,,,,"If you have  Telegram , you can contact  @BBCpost  right away.",200,2026-10-06T10:18:13+00:00
BerlinerNachrichten,alive,channel_no_preview,Berliner Nachrichten,70,,,,,,,200,2026-10-06T10:18:16+00:00
BlackWhiteUnite,alive,channel,Black White Unite,176,,2026-07-14T20:11:22+00:00,0,0,,,200,2026-10-06T10:18:19+00:00
BLMnews,alive,channel,百乐门播报,1,,2023-07-24T02:17:14+00:00,0,0,,百乐门，为爱充电。,200,2026-10-06T10:18:22+00:00
Bravetower,alive,channel_no_preview,Bravetower,235,,,,,,www.sabmyk.com,200,2026-10-06T10:18:25+00:00
BritishPatriotsParty,empty_page,,,,,,,,,"If you have  Telegram , you can contact  @BritishPatriotsParty  right away.",200,2026-10-06T10:18:29+00:00
CanadaFreeNews,alive,channel,Canada Free News,1260,,2026-09-15T18:08:17+00:00,0,5,,,200,2026-10-06T10:18:32+00:00
CandaceOw,empty_page,,,,,,,,,"If you have  Telegram , you can contact  @CandaceOw  right away.",200,2026-10-06T10:18:36+00:00
CapitolNews,alive,channel,capitolnews,3,,2024-09-07T13:05:27+00:00,0,0,,,200,2026-10-06T10:18:39+00:00
CharlesFlynn,alive,user_or_bot,Charles Flynn,,,,,,,,200,2026-10-06T10:18:42+00:00
ChemtrailsNews,alive,group,bb2,,1,,,,,,200,2026-10-06T10:18:44+00:00
ChicagoReporter,alive,channel,Chicago Reporter,758,,2026-09-15T18:08:16+00:00,0,5,,,200,2026-10-06T10:18:47+00:00
ClintEastwoodReal,alive,channel,Clint Eastwood,357,,2026-04-23T02:29:58+00:00,0,0,,Filmmaker. Actor. Producer. Composer.,200,2026-10-06T10:18:50+00:00
DemocratsNews,empty_page,,,,,,,,,"If you have  Telegram , you can contact  @DemocratsNews  right away.",200,2026-10-06T10:18:53+00:00
DepartmentOfDefence,alive,channel_no_preview,Department of Defence,6,,,,,,,200,2026-10-06T10:18:56+00:00
DianaFSpencer,empty_page,,,,,,,,,"If you have  Telegram , you can contact  @DianaFSpencer  right away.",200,2026-10-06T10:18:58+00:00
DigitalExodus,empty_page,,,,,,,,,"If you have  Telegram , you can contact  @DigitalExodus  right away.",200,2026-10-06T10:19:02+00:00
DigitalSupersoldier,empty_page,,,,,,,,,"If you have  Telegram , you can contact  @DigitalSupersoldier  right away.",200,2026-10-06T10:19:04+00:00
DonaldTrumpJrInfo,empty_page,,,,,,,,,"If you have  Telegram , you can contact  @DonaldTrumpJrInfo  right away.",200,2026-10-06T10:19:08+00:00
DrainTheSwampNews,empty_page,,,,,,,,,"If you have  Telegram , you can contact  @DrainTheSwampNews  right away.",200,2026-10-06T10:19:11+00:00
DTrumpt,empty_page,,,,,,,,,"If you have  Telegram , you can contact  @DTrumpt  right away.",200,2026-10-06T10:19:14+00:00
EdwardSnwdn,empty_page,,,,,,,,,"If you have  Telegram , you can contact  @EdwardSnwdn  right away.",200,2026-10-06T10:19:17+00:00
ElectricNewsChannel,alive,channel,Electric News Channel,1110,,2026-09-15T18:08:16+00:00,0,5,,,200,2026-10-06T10:19:20+00:00
ElonMuskInfo,empty_page,,,,,,,,,"If you have  Telegram , you can contact  @ElonMuskInfo  right away.",200,2026-10-06T10:19:22+00:00
EnglandFirst,alive,channel,HELLO,237,,2026-07-14T20:11:22+00:00,0,0,,,200,2026-10-06T10:19:25+00:00
EricClaptons,alive,user_or_bot,Eric Clapton,,,,,,,,200,2026-10-06T10:19:28+00:00
EvaHermanNachrichten,alive,channel,Nettigkeiten,36,,2024-04-14T23:01:09+00:00,0,0,,,200,2026-10-06T10:19:32+00:00
EvaVlaardingerbroek,alive,channel,Eva Vlaardingerbroek,11300,,2026-10-05T18:28:49+00:00,2,19,,"Commentator | As seen on i.a. The Mark Steyn Show, Tucker Carlson Tonight and Achtung Reichelt | Legal Philosopher (LL.M) | Does not comply | Dutch   🇳🇱     evavlaardingerbroek.substack.com",200,2026-10-06T10:19:34+00:00
FirstFlushNews,alive,channel,First Flush News,1430,,2026-09-15T18:08:16+00:00,0,5,,www.President-Trump-2024.com,200,2026-10-06T10:19:37+00:00
FloridaDaily,alive,channel,Florida Daily,305,,2026-09-15T18:08:17+00:00,0,5,,,200,2026-10-06T10:19:40+00:00
FrancescoDeGregori,alive,channel_no_preview,Francesco De Gregori,42,,,,,,,200,2026-10-06T10:19:44+00:00
FranceToday,alive,channel,France Today,374,,2026-07-14T20:11:22+00:00,0,0,,,200,2026-10-06T10:19:47+00:00
FuckNaturalimmunityDenier,empty_page,,,,,,,,,"If you have  Telegram , you can contact  @FuckNaturalimmunityDenier  right away.",200,2026-10-06T10:19:50+00:00
GaiasKinder,alive,channel_no_preview,Gaias Kinder,52,,,,,,,200,2026-10-06T10:19:53+00:00
Genapostle,empty_page,,,,,,,,,"If you have  Telegram , you can contact  @Genapostle  right away.",200,2026-10-06T10:19:56+00:00
GeneralFlynnInfo,empty_page,,,,,,,,,"If you have  Telegram , you can contact  @GeneralFlynnInfo  right away.",200,2026-10-06T10:19:59+00:00
GeorgiaTribune,alive,channel,Georgia Tribune,104,,2026-07-14T18:59:33+00:00,0,0,,,200,2026-10-06T10:20:03+00:00
GerhardSchroder,alive,user_or_bot,pocketsdeep4,,,,,,,,200,2026-10-06T10:20:09+00:00
GodWinsOfficial,empty_page,,,,,,,,,"If you have  Telegram , you can contact  @GodWinsOfficial  right away.",200,2026-10-06T10:20:11+00:00
Govapostle,empty_page,,,,,,,,,"If you have  Telegram , you can contact  @Govapostle  right away.",200,2026-10-06T10:20:14+00:00
GovRon,alive,channel,Govron,57,,2026-09-15T18:08:17+00:00,0,5,,,200,2026-10-06T10:20:17+00:00
GreatAwakeningChannel,alive,channel,The Real Great Awakening Channel,879,,2026-09-29T23:58:36+00:00,1,2,,We the People will no longer remain silent! Time for Term Limits for our political elite or I refer to them as the  #WashingtonCartel,200,2026-10-06T10:20:20+00:00
GreatAwakeningDe,alive,channel_no_preview,THE REAL GREAT AWAKENING CHANNEL FX SIGNALS (FREE),4,,,,,Aplet_fx,Our vip premium group service  We send 7 to 12 accurate signals with charts technical analysis information daily and the accurate signals chance is 85% to 95% SUCCESS ACCURACY. +1000 to +2000 pips weekly. +4000 to +6000 pips month.  @Aplet_fx,200,2026-10-06T10:20:24+00:00
GreatAwakeningFrance,empty_page,,,,,,,,,"If you have  Telegram , you can contact  @GreatAwakeningFrance  right away.",200,2026-10-06T10:20:26+00:00
GreatAwakeningItalia,empty_page,,,,,,,,,"If you have  Telegram , you can contact  @GreatAwakeningItalia  right away.",200,2026-10-06T10:20:29+00:00
GreatAwakeningOfficial,empty_page,,,,,,,,,"If you have  Telegram , you can contact  @GreatAwakeningOfficial  right away.",200,2026-10-06T10:20:32+00:00
GreatAwakeningUK,empty_page,,,,,,,,,"If you have  Telegram , you can contact  @GreatAwakeningUK  right away.",200,2026-10-06T10:20:35+00:00
GreatAwakeningUS,alive,channel,Like you,560,,2026-09-15T18:08:16+00:00,0,5,,,200,2026-10-06T10:20:37+00:00
GreatCoronaCoup,empty_page,,,,,,,,,"If you have  Telegram , you can contact  @GreatCoronaCoup  right away.",200,2026-10-06T10:20:40+00:00
GreaterMAGA,empty_page,,,,,,,,,"If you have  Telegram , you can contact  @GreaterMAGA  right away.",200,2026-10-06T10:20:43+00:00
GreatMarch,alive,channel_no_preview,Great March,238,,,,,,,200,2026-10-06T10:20:45+00:00
GreatUnmatrix,empty_page,,,,,,,,,"If you have  Telegram , you can contact  @GreatUnmatrix  right away.",200,2026-10-06T10:20:48+00:00
GregorGysi,alive,channel,Gregor Gysi,1160,,2026-05-24T19:02:49+00:00,0,0,,Dies ist der einzige Telegram-Kanal. Wir werden Ihnen aus keinem Grund jemals zuerst eine Nachricht senden.,200,2026-10-06T10:20:51+00:00
Hardhauer,alive,channel,Hardhauer,264,,2026-07-14T20:11:22+00:00,0,0,,,200,2026-10-06T10:20:55+00:00
HereIsQ,alive,user_or_bot,kiki,,,,,,,,200,2026-10-06T10:20:58+00:00
HereJoeM,empty_page,,,,,,,,,"If you have  Telegram , you can contact  @HereJoeM  right away.",200,2026-10-06T10:21:01+00:00
HistoryFeed,alive,channel,History Feed,88,,2026-09-15T18:08:17+00:00,0,5,,,200,2026-10-06T10:21:04+00:00
HopeNotFear,empty_page,,,,,,,,,"If you have  Telegram , you can contact  @HopeNotFear  right away.",200,2026-10-06T10:21:06+00:00
HuanOsa,empty_page,,,,,,,,,"If you have  Telegram , you can contact  @HuanOsa  right away.",200,2026-10-06T10:21:09+00:00
IndiaTVN,empty_page,,,,,,,,,"If you have  Telegram , you can contact  @IndiaTVN  right away.",200,2026-10-06T10:21:12+00:00
IranAT,alive,channel,Iran ArchiTour,1,,2025-03-30T10:03:40+00:00,0,0,,Architecture Tourism in Iran,200,2026-10-06T10:21:15+00:00
IrlandDaily,alive,channel,Irland Daily,233,,2026-07-14T20:11:22+00:00,0,0,,,200,2026-10-06T10:21:18+00:00
JapanAwakening,empty_page,,,,,,,,,"If you have  Telegram , you can contact  @JapanAwakening  right away.",200,2026-10-06T10:21:22+00:00
JCMiller,alive,channel,J. C. Miller,809,,2026-07-14T20:11:22+00:00,0,0,,,200,2026-10-06T10:21:25+00:00
JeffBridgemaker,empty_page,,,,,,,,,"If you have  Telegram , you can contact  @JeffBridgemaker  right away.",200,2026-10-06T10:21:27+00:00
JesusAmerica,empty_page,,,,,,,,,"If you have  Telegram , you can contact  @JesusAmerica  right away.",200,2026-10-06T10:21:30+00:00
JoeBidenDaily,empty_page,,,,,,,,,"If you have  Telegram , you can contact  @JoeBidenDaily  right away.",200,2026-10-06T10:21:33+00:00
JohnFKennedyJr,alive,channel,John F. Kennedy JR,205,,2025-03-26T09:54:48+00:00,0,0,,,200,2026-10-06T10:21:36+00:00
JonVoightReal,alive,channel,Jon Voight,289,,2026-04-23T02:29:58+00:00,0,0,,Academy Award winning actor,200,2026-10-06T10:21:40+00:00
JuAssange,empty_page,,,,,,,,,"If you have  Telegram , you can contact  @JuAssange  right away.",200,2026-10-06T10:21:42+00:00
KanyeOW,alive,user_or_bot,elyn,,,,,,,,200,2026-10-06T10:21:45+00:00
KeanuReevesReal,empty_page,,,,,,,,,"If you have  Telegram , you can contact  @KeanuReevesReal  right away.",200,2026-10-06T10:21:48+00:00
KoreaAwaken,empty_page,,,,,,,,,"If you have  Telegram , you can contact  @KoreaAwaken  right away.",200,2026-10-06T10:21:52+00:00
LibertyOnlineNews,alive,channel,Liberty Online News,996,,2026-09-15T18:08:16+00:00,0,5,,,200,2026-10-06T10:21:55+00:00
LiverpoolTimes,alive,channel,Liverpool Times,433,,2026-07-14T20:11:22+00:00,0,0,,Liverpool Times,200,2026-10-06T10:22:01+00:00
LLWoodChannel,empty_page,,,,,,,,,"If you have  Telegram , you can contact  @LLWoodChannel  right away.",200,2026-10-06T10:22:04+00:00
LondonPost,alive,channel,London Post,581,,2026-07-14T20:11:22+00:00,0,0,,London Post,200,2026-10-06T10:22:06+00:00
LosAngelesPost,alive,channel,Los Angeles Post,607,,2026-09-15T18:08:16+00:00,0,5,,www.President-Trump-2024.com,200,2026-10-06T10:22:08+00:00
LoveNotVaccines,empty_page,,,,,,,,,"If you have  Telegram , you can contact  @LoveNotVaccines  right away.",200,2026-10-06T10:22:11+00:00
MakePeopleFreeAgain,empty_page,,,,,,,,,"If you have  Telegram , you can contact  @MakePeopleFreeAgain  right away.",200,2026-10-06T10:22:14+00:00
MassimoGaravaglia,empty_page,,,,,,,,,"If you have  Telegram , you can contact  @MassimoGaravaglia  right away.",200,2026-10-06T10:22:16+00:00
MaurizioCattelan,alive,channel_no_preview,Maurizio Cattelan,113,,,,,,,200,2026-10-06T10:22:19+00:00
MelGibsonReal,empty_page,,,,,,,,,"If you have  Telegram , you can contact  @MelGibsonReal  right away.",200,2026-10-06T10:22:21+00:00
memepow,alive,channel,᷂سنرحل ᷂ويبقى ᷂الأثــر.,40,,2026-06-21T00:45:55+00:00,0,0,,‏﴿رَبَّنا وَلا تُحَمِّلنا ما لا طاقَةَ لَنا بِهِ﴾ .    خُذ ماشئت فَ جميعها إِلى الله.,200,2026-10-06T10:22:24+00:00
MichaelJacksonAlive,alive,channel,Майкл Джексон,2,,2025-12-31T08:18:46+00:00,0,0,,,200,2026-10-06T10:22:26+00:00
MichaelWendlerNews,empty_page,,,,,,,,,"If you have  Telegram , you can contact  @MichaelWendlerNews  right away.",200,2026-10-06T10:22:29+00:00
MikeJLindell,empty_page,,,,,,,,,"If you have  Telegram , you can contact  @MikeJLindell  right away.",200,2026-10-06T10:22:31+00:00
MikePenceInfo,empty_page,,,,,,,,,"If you have  Telegram , you can contact  @MikePenceInfo  right away.",200,2026-10-06T10:22:34+00:00
NesaraGesaraInfo,alive,channel,Nesara/Gesara,2100,,2026-10-06T10:01:24+00:00,20,20,,SO IT BEGINS! THE GREAT AWAKENING OF HUMANITY! WE THE PEOPLE SAVE AMERICA!,200,2026-10-06T10:22:36+00:00
NibiruInfo,alive,group,Nibiru Chain: Global Community,,134,,,,,Nibiru Chain: Global Community,200,2026-10-06T10:22:39+00:00
NicolaTeslaNews,empty_page,,,,,,,,,"If you have  Telegram , you can contact  @NicolaTeslaNews  right away.",200,2026-10-06T10:22:41+00:00
NostradamusInfo,alive,channel,Nostradamus Info,1660,,2026-09-15T18:08:17+00:00,0,5,,,200,2026-10-06T10:22:43+00:00
NovakDjoko,alive,user_or_bot,Omar Belghit,,,,,,,,200,2026-10-06T10:22:46+00:00
ObamaGateTruth,empty_page,,,,,,,,,"If you have  Telegram , you can contact  @ObamaGateTruth  right away.",200,2026-10-06T10:22:49+00:00
OfficialAnonymous,alive,channel,FuckNet | Russian Anonymous,17,,2022-07-04T22:54:02+00:00,0,0,,,200,2026-10-06T10:22:51+00:00
OfficialSatoshi,alive,channel,Officialsatoshi,16,,2022-11-04T02:31:54+00:00,0,0,,,200,2026-10-06T10:22:54+00:00
OfficialTimes,empty_page,,,,,,,,,"If you have  Telegram , you can contact  @OfficialTimes  right away.",200,2026-10-06T10:22:56+00:00
OhioDaily,alive,channel,Ohio Daily,218,,2026-09-15T18:08:17+00:00,0,5,,,200,2026-10-06T10:22:59+00:00
OklahomaNews,alive,channel,Oklahoma News,297,,2026-09-15T18:08:17+00:00,0,5,,,200,2026-10-06T10:23:01+00:00
PatriotPartyUS,empty_page,,,,,,,,,"If you have  Telegram , you can contact  @PatriotPartyUS  right away.",200,2026-10-06T10:23:03+00:00
PatriotsRepublicNews,alive,channel,Patriots Republic News   🇺🇸    🇺🇸,132,,2024-03-30T00:49:20+00:00,0,0,,🇺🇸,200,2026-10-06T10:23:06+00:00
People4Freedom,alive,channel,People 4 Freedom,744,,2026-07-14T20:11:22+00:00,0,0,,,200,2026-10-06T10:23:08+00:00
PierreTati,alive,channel,Водка Казино | Vodka Casino — вход и доступ к платформе,2,,2025-12-21T14:34:26+00:00,0,0,,"Открой Водка Казино | Vodka Casino и получи быстрый доступ к платформе онлайн через зеркало или официальный сайт. Забирай бонусы, используй фриспины и играй уверенно с честными выплатами и стабильной работой.",200,2026-10-06T10:23:11+00:00
QAnonCentral,empty_page,,,,,,,,,"If you have  Telegram , you can contact  @QAnonCentral  right away.",200,2026-10-06T10:23:14+00:00
QAnonDEU,empty_page,,,,,,,,,"If you have  Telegram , you can contact  @QAnonDEU  right away.",200,2026-10-06T10:23:16+00:00
QAnonItaliano,empty_page,,,,,,,,,"If you have  Telegram , you can contact  @QAnonItaliano  right away.",200,2026-10-06T10:23:19+00:00
QAnonMessiah,empty_page,,,,,,,,,"If you have  Telegram , you can contact  @QAnonMessiah  right away.",200,2026-10-06T10:23:22+00:00
QAnonPeople,empty_page,,,,,,,,,"If you have  Telegram , you can contact  @QAnonPeople  right away.",200,2026-10-06T10:23:26+00:00
QAnonStormBase,alive,channel,QanonStormBase,50,,2023-07-17T00:03:53+00:00,0,0,,QAnon Warriors   Q17 Trust The Plan  WWG1WGA  #MAGA,200,2026-10-06T10:23:29+00:00
QDonaldJTrump,alive,channel,Donald J. Trump,146,,2025-01-27T00:58:02+00:00,0,0,,www.DonaldJTrump.com,200,2026-10-06T10:23:32+00:00
QdropsFeed,empty_page,,,,,,,,,"If you have  Telegram , you can contact  @QdropsFeed  right away.",200,2026-10-06T10:23:35+00:00
QShaman,empty_page,,,,,,,,,"If you have  Telegram , you can contact  @QShaman  right away.",200,2026-10-06T10:23:38+00:00
qspeaking,alive,channel,p,16,,2023-04-01T07:20:42+00:00,0,0,,,200,2026-10-06T10:23:40+00:00
QuantityNews,alive,channel,Quantity News,811,,2026-07-14T18:59:33+00:00,0,0,,,200,2026-10-06T10:23:43+00:00
Querdenker24,alive,channel_no_preview,Freude am Leben,130,,,,,,,200,2026-10-06T10:23:46+00:00
quotationnation,alive,channel,Quotation Nation,129,,2026-07-14T20:11:22+00:00,0,0,,,200,2026-10-06T10:23:49+00:00
RealJoshHawley,empty_page,,,,,,,,,"If you have  Telegram , you can contact  @RealJoshHawley  right away.",200,2026-10-06T10:23:51+00:00
RealMikePompeo,empty_page,,,,,,,,,"If you have  Telegram , you can contact  @RealMikePompeo  right away.",200,2026-10-06T10:23:54+00:00
RealRonDeSantis,empty_page,,,,,,,,,"If you have  Telegram , you can contact  @RealRonDeSantis  right away.",200,2026-10-06T10:23:56+00:00
RealSteveBannon,empty_page,,,,,,,,,"If you have  Telegram , you can contact  @RealSteveBannon  right away.",200,2026-10-06T10:23:58+00:00
RepublicanToday,empty_page,,,,,,,,,"If you have  Telegram , you can contact  @RepublicanToday  right away.",200,2026-10-06T10:24:01+00:00
RGiuliani,empty_page,,,,,,,,,"If you have  Telegram , you can contact  @RGiuliani  right away.",200,2026-10-06T10:24:03+00:00
RisveglioItaliano,alive,channel,Risveglio Italiano,206,,2024-02-23T10:18:16+00:00,0,0,,,200,2026-10-06T10:24:06+00:00
RonWatkinss,empty_page,,,,,,,,,"If you have  Telegram , you can contact  @RonWatkinss  right away.",200,2026-10-06T10:24:10+00:00
RowanAtkin,alive,user_or_bot,Davi,,,,,,,,200,2026-10-06T10:24:14+00:00
RussiaRA,alive,user_or_bot,ru.ssiara,,,,,,,,200,2026-10-06T10:24:16+00:00
SabmykAwakening,empty_page,,,,,,,,,"If you have  Telegram , you can contact  @SabmykAwakening  right away.",200,2026-10-06T10:24:19+00:00
SatanicArt,alive,channel_no_preview,Satanic pictures horror art,8,,,,,,"Publishing some interesting fantazy satanic horror art pictures, drawings, videos, books",200,2026-10-06T10:24:21+00:00
ScotlandFirst,alive,channel,See And Wonder,207,,2026-07-14T20:11:22+00:00,0,0,,,200,2026-10-06T10:24:24+00:00
Shawunuwaz,empty_page,,,,,,,,,"If you have  Telegram , you can contact  @Shawunuwaz  right away.",200,2026-10-06T10:24:27+00:00
SideyPowellAcount,alive,channel,sideypowellacount,,,2024-12-11T19:27:23+00:00,0,0,,,200,2026-10-06T10:24:29+00:00
SpaceForceNews,alive,channel_no_preview,U.S. Space Force News,85,,,,,,Sharing the News about the Space Force!,200,2026-10-06T10:24:32+00:00
StarseedChildren,empty_page,,,,,,,,,"If you have  Telegram , you can contact  @StarseedChildren  right away.",200,2026-10-06T10:24:34+00:00
supernarrativ,empty_page,,,,,,,,,"If you have  Telegram , you can contact  @supernarrativ  right away.",200,2026-10-06T10:24:37+00:00
TheAmericanProphet,alive,channel,The American Prophet,78,,2026-07-14T18:59:33+00:00,0,0,,,200,2026-10-06T10:24:39+00:00
TheAntiguardian,empty_page,,,,,,,,,"If you have  Telegram , you can contact  @TheAntiguardian  right away.",200,2026-10-06T10:24:42+00:00
TheBritishNews,alive,channel,The British News,1310,,2026-07-14T20:11:22+00:00,0,0,,The British News,200,2026-10-06T10:24:44+00:00
TheEuropeNews,alive,channel,J,4,,2026-02-25T20:47:42+00:00,0,0,,,200,2026-10-06T10:24:47+00:00
TheGhostEzra,alive,channel,@GhostEzra,1,,2025-07-14T22:22:03+00:00,0,0,,,200,2026-10-06T10:24:49+00:00
TheGreatAwakening2,empty_page,,,,,,,,,"If you have  Telegram , you can contact  @TheGreatAwakening2  right away.",200,2026-10-06T10:24:52+00:00
TheGreatAwakenings,alive,channel,🤩  GREAT AWAKENING :),3,,2026-09-19T00:16:29+00:00,0,3,,,200,2026-10-06T10:24:54+00:00
TheGreatMarch,alive,channel,The Great March,67,,2026-07-14T20:11:22+00:00,0,0,,,200,2026-10-06T10:24:57+00:00
TheGreatUnmatrix,empty_page,,,,,,,,,"If you have  Telegram , you can contact  @TheGreatUnmatrix  right away.",200,2026-10-06T10:25:01+00:00
TheMedicalFreedom,empty_page,,,,,,,,,"If you have  Telegram , you can contact  @TheMedicalFreedom  right away.",200,2026-10-06T10:25:03+00:00
TheNewsweek,alive,channel,اخبار روز | اخبار ایران و جهان,1,,2024-06-06T13:55:03+00:00,0,0,,,200,2026-10-06T10:25:06+00:00
TheRealAwakening,alive,channel,The Voice of Truth 2025,14,,2025-02-02T06:34:24+00:00,0,0,,,200,2026-10-06T10:25:08+00:00
TheRevolutionNOW,empty_page,,,,,,,,,"If you have  Telegram , you can contact  @TheRevolutionNOW  right away.",200,2026-10-06T10:25:10+00:00
TheSummerOfResistance,empty_page,,,,,,,,,"If you have  Telegram , you can contact  @TheSummerOfResistance  right away.",200,2026-10-06T10:25:13+00:00
TheTrumpists,empty_page,,,,,,,,,"If you have  Telegram , you can contact  @TheTrumpists  right away.",200,2026-10-06T10:25:16+00:00
TimesOfChina,alive,channel_no_preview,Times of China,115,,,,,,,200,2026-10-06T10:25:18+00:00
TomBradyReal,alive,user_or_bot,Real Tom Brady,,,,,,,,200,2026-10-06T10:25:21+00:00
TOSullivan,alive,channel_no_preview,T. O'Sullivan,427,,,,,,,200,2026-10-06T10:25:23+00:00
TuckerCarlsonNews,empty_page,,,,,,,,,"If you have  Telegram , you can contact  @TuckerCarlsonNews  right away.",200,2026-10-06T10:25:25+00:00
UfoOfficial,empty_page,,,,,,,,,"If you have  Telegram , you can contact  @UfoOfficial  right away.",200,2026-10-06T10:25:28+00:00
UniteNotDivide,empty_page,,,,,,,,,"If you have  Telegram , you can contact  @UniteNotDivide  right away.",200,2026-10-06T10:25:30+00:00
UnsplitSoul,alive,channel_no_preview,Unsplit Soul,115,,,,,,,200,2026-10-06T10:25:33+00:00
UnsplitSouls,alive,channel,Unsplit Souls,146,,2026-07-14T20:11:22+00:00,0,0,,,200,2026-10-06T10:25:35+00:00
UnvaccinatedWelcome,empty_page,,,,,,,,,"If you have  Telegram , you can contact  @UnvaccinatedWelcome  right away.",200,2026-10-06T10:25:38+00:00
USmarinesChannel,empty_page,,,,,,,,,"If you have  Telegram , you can contact  @USmarinesChannel  right away.",200,2026-10-06T10:25:41+00:00
USmilitaryVoice,alive,channel,Patriot Registration Benefits,12,,2022-11-03T17:50:28+00:00,0,0,,First Come First Served,200,2026-10-06T10:25:43+00:00
USnavyChannel,empty_page,,,,,,,,,"If you have  Telegram , you can contact  @USnavyChannel  right away.",200,2026-10-06T10:25:45+00:00
USPatriots,alive,channel,US Patriots,159,,2025-03-26T09:54:50+00:00,0,0,,,200,2026-10-06T10:25:50+00:00
VaxFr,alive,user_or_bot,elyzian,,,,,,,,200,2026-10-06T10:25:53+00:00
WeAreTheFaithful,empty_page,,,,,,,,,"If you have  Telegram , you can contact  @WeAreTheFaithful  right away.",200,2026-10-06T10:25:56+00:00
WikiOfficial,alive,channel,Wiki frog  🎧    💚    💜,2,,2024-04-28T15:15:57+00:00,0,0,,,200,2026-10-06T10:25:58+00:00
WolfgangThierse,empty_page,,,,,,,,,"If you have  Telegram , you can contact  @WolfgangThierse  right away.",200,2026-10-06T10:26:00+00:00
WorldAwaken,alive,user_or_bot,worlds,,,,,,,,200,2026-10-06T10:26:03+00:00
WWG1WGAhere,empty_page,,,,,,,,,"If you have  Telegram , you can contact  @WWG1WGAhere  right away.",200,2026-10-06T10:26:05+00:00
YellowstoneWolf,empty_page,,,,,,,,,"If you have  Telegram , you can contact  @YellowstoneWolf  right away.",200,2026-10-06T10:26:08+00:00
Absolute1776,alive,channel,𝗣𝗮𝘂𝗹 𝗙𝗹𝗲𝘂𝗿𝗲𝘁 (𝗔𝗯𝘀𝗼𝗹𝘂𝘁𝗲𝟭𝟳𝟳𝟲)   ✝️    🗽    🇺🇸,40600,,2026-10-05T19:28:09+00:00,20,20,,Howdy! I’m Paul! My pronouns are: MAGA/AMERICAN   🇺🇸   Video Wizard. Memer. Podcaster.  #GodWins  1 Peter 3:14   ✝️    🙏🏻    ✝️     #WWG1WGA   #DarkToLight   #GodWins    absolutestorm.net,200,2026-10-06T10:26:10+00:00
absolute17q,empty_page,,,,,,,,,"If you have  Telegram , you can contact  @absolute17q  right away.",200,2026-10-06T10:26:13+00:00
AccesstoAngels444,alive,channel,AccesstoAngels,63,,2026-10-06T00:19:24+00:00,20,20,,"Helping Patriots Awaken to Truth through Love and Peace   💖  11:11  😇   17, 3-6-9-12 TRUTH SOCIAL@AccesstoAngels",200,2026-10-06T10:26:15+00:00
Activemancstreamz,alive,channel,Tommy Robinson news & Team Tommy's shinnanigans Inc TRR,197,,2025-07-15T22:25:59+00:00,0,0,,,200,2026-10-06T10:26:18+00:00
ActivistPost,alive,channel,Activist Post,1160,,2023-09-05T01:52:42+00:00,0,0,,Alternative News & Independent News,200,2026-10-06T10:26:20+00:00
acTVism,alive,channel,AcTVism Munich,835,,2026-10-04T10:26:50+00:00,12,20,SchreibUnsAn_bot TheBlogCat,information that moves  betterPlace.org/projects/51400   This channel is owned by a supporter of acTVsm.   Fragen?   👉🏻    @SchreibUnsAn_bot !   @TheBlogCat,200,2026-10-06T10:26:23+00:00
AdnansArchives,alive,channel_no_preview,Adnan’s Archives,69,,,,,,"Islam, politics, history, economics",200,2026-10-06T10:26:26+00:00
AdrenochromeHumanTrafficking,empty_page,,,,,,,,,"If you have  Telegram , you can contact  @AdrenochromeHumanTrafficking  right away.",200,2026-10-06T10:26:29+00:00
AdvancedMedicine,alive,channel,Advanced Medicine Channel,12700,,2026-09-19T21:22:31+00:00,0,4,,"This channel has been created to ensure we have a FREE and open way of communicating. Privacy is eroding and censorship has become rampant so to maintain our own ""community"" is more important than ever. Also, if not registerd, visit www.AdvancedMedicine.",200,2026-10-06T10:26:31+00:00
AfrikanerBoerOriginal,empty_page,,,,,,,,,"If you have  Telegram , you can contact  @AfrikanerBoerOriginal  right away.",200,2026-10-06T10:26:34+00:00
AFUpdates,alive,channel,Expired,15,,2022-08-29T18:55:53+00:00,0,0,,,200,2026-10-06T10:26:37+00:00
AGENT_A1,alive,channel,AGENT A1,6680,,2026-10-06T09:58:01+00:00,17,17,,MILITARY INTEL  LAWS TRIBUNALS SPECIAL OPERATIONS  MK ULTRA MASS SHOOTINGS-Facebook Social media via lcd screens blue light    SYMBOLISM   🍥    🔥    🍥   END  REMOTE CAR CRASHES / MATTHEW STAIKOS MURDER / WIKILEAKS VAULT 7  DECODED & SOLVED  CLEAN UP OF CANADA 33,200,2026-10-06T10:26:39+00:00
agitatedman,empty_page,,,,,,,,,"If you have  Telegram , you can contact  @agitatedman  right away.",200,2026-10-06T10:26:42+00:00
ahab88,alive,channel_no_preview,Warren Balogh NJP 💀⚡⚡,2308,,,,,,,200,2026-10-06T10:26:45+00:00
AIM_America,empty_page,,,,,,,,,"If you have  Telegram , you can contact  @AIM_America  right away.",200,2026-10-06T10:26:47+00:00
AkhandBharath,alive,channel,Akhand Shitposting Agency,675,,2026-10-06T06:17:36+00:00,18,18,,Ultra Nationalist (Constructive Criticism of ruling government for betterment of Nation),200,2026-10-06T10:26:49+00:00
alaraofsiriuschannel,empty_page,,,,,,,,,"If you have  Telegram , you can contact  @alaraofsiriuschannel  right away.",200,2026-10-06T10:26:52+00:00
alertajudiada,empty_page,,,,,,,,,"If you have  Telegram , you can contact  @alertajudiada  right away.",200,2026-10-06T10:26:54+00:00
AlexanderQPatriot,alive,channel,The Authority,3950,,2024-07-30T03:21:57+00:00,0,0,,,200,2026-10-06T10:26:58+00:00
alexicusbloomicus,alive,channel,Alexicus Bloomicus,161,,2026-10-06T05:47:09+00:00,19,20,,Updates as we further usher in the Great Awakening,200,2026-10-06T10:27:00+00:00
AlexJonesChannel,alive,channel,Alex Jones,27800,,2026-10-05T23:36:16+00:00,20,20,,Official Telegram for real  #AlexJones            NEW SITE LAUNCHED!  https://www.alexjoneslive.com    Tune in 247:  https://rumble.com/c/TheAlexJonesShowLive  Shop:  https://thealexjonesstore.com    https://AlexJones.Live     #AlexJonesShow   #AlexJonesLive   #AJN,200,2026-10-06T10:27:03+00:00
alialexander,alive,channel,ALI ALEXANDER,6920,,2026-10-06T02:10:24+00:00,20,20,,Strategist and former protest organizer.,200,2026-10-06T10:27:06+00:00
alicedownrabbithole,alive,channel,Alice Down The Rabbit Hole,879,,2023-02-03T20:05:06+00:00,0,0,,Sharing videos and posts to MAGA Patriots.  #SaveOurChildren,200,2026-10-06T10:27:09+00:00
AliceInWonerland,alive,channel,AliceInWonderland,127,,2026-09-23T12:48:39+00:00,0,1,,Think mirror Think logically,200,2026-10-06T10:27:11+00:00
aligoingholistic,alive,channel,Going Holistic,25,,2021-11-07T14:55:13+00:00,0,0,,Unlearning and relearning,200,2026-10-06T10:27:14+00:00
alistairwilliams,alive,channel,Alistair williams Supporters,2120,,2026-09-20T20:36:31+00:00,0,4,,,200,2026-10-06T10:27:16+00:00
AllAnonPI,alive,channel,All Anon PI,8,,2023-11-22T04:34:15+00:00,0,0,,Fore-knowladge cannot be gotton from ghost's and spirits or caculation.  Must be obtained from people who know the conditions of the enemy,200,2026-10-06T10:27:19+00:00
alleyesonislam,alive,channel_no_preview,All Eyes on Islam,32,,,,,,Whether you like it or not Islamists are at war with the Western World.,200,2026-10-06T10:27:22+00:00
AllisNotWhatitSeems,alive,channel,All is NOT What it Seems,80,,2025-06-26T20:03:22+00:00,0,0,,Find it here - The truth is out there   😉,200,2026-10-06T10:27:24+00:00
ALoneRaccoon,alive,channel,The Lone Raccoon,9240,,2026-10-06T01:08:05+00:00,7,20,,,200,2026-10-06T10:27:27+00:00
alproudboys,empty_page,,,,,,,,,"If you have  Telegram , you can contact  @alproudboys  right away.",200,2026-10-06T10:27:30+00:00
AlSangmoore,alive,channel,Alexander Sangmoore - [Narrator & Intel_Director],246,,2022-07-28T22:05:36+00:00,0,0,,,200,2026-10-06T10:27:33+00:00
alteredegos,alive,channel,Altered Egos News,74,,2026-10-05T14:51:37+00:00,3,8,alteredegosmemes alteredegospublic strictlycensored worldwarthreenews,"Alternative news and activism. group discussion chat: Altered Egos Public Space  @alteredegospublic  original memes: Altered Egos Memes  @alteredegosmemes  Other affiliated accounts: World War 3 News  @worldwarthreenews , Strictly Cэnsorэd  @strictlycensored",200,2026-10-06T10:27:36+00:00
AlternativeNewsStream,alive,channel,Alternative News Stream,1200,,2026-10-06T09:02:10+00:00,15,15,,"Nachrichten und Meldungen gesammelt aus aller Welt abseits des Mainstream.  Erweitere Dein Denken.  RED PILL & Orange Pill.  Werbefrei. Kostenlos. Unzensiert. Aktuell. Der Wahrheit zuliebe.  Alles Satire, Comedy & eigene Meinung.  WWG1WGA",200,2026-10-06T10:27:41+00:00
ALXTheLord,alive,channel,ALX  🇺🇸,19800,,2024-05-10T02:15:23+00:00,0,0,,#Dogecoin  Ɖ,200,2026-10-06T10:27:43+00:00
amandaensing,alive,channel,Amanda Ensing,642,,2023-08-01T22:28:43+00:00,0,0,,Faith > fear   🕊    🇺🇸,200,2026-10-06T10:27:46+00:00
AmAr0719,alive,channel,New World Benefits   🌎,692,,2026-09-13T07:21:39+00:00,0,3,,"Gives current world status,  future necessary actions. For a better world for our users. Finance/education/truth.",200,2026-10-06T10:27:49+00:00
Amazing_Polly,alive,channel,Amazing Polly & SGT Report Youtube & Bitchute,3210,,2026-10-04T04:38:49+00:00,3,16,,This Channel provides bitchute Video-Alerts of Amazing Polly and SGT Report.,200,2026-10-06T10:27:52+00:00
AmazingPollyOriginal,alive,channel,AmazingPolly.net,17900,,2026-04-11T10:33:20+00:00,0,0,,"Hello dear AMAZING POLLY followers on Telegram,  AMAZING POLLY is not the owner and provider of this channel! WWW:   https://www.amazingpolly.net/contact-support.php  GAB:   https://gab.com/AmazingPolly  BITCHUTE:   https://www.bitchute.com/channel/ZofFQQoDoqY",200,2026-10-06T10:27:54+00:00
america_news_channel,alive,channel,AMERICA NEWS,2090,,2026-10-06T09:07:21+00:00,20,20,independencehall_bot,America news - Independent Journalism  Keep up with the real ​news about politics and economy that impacts you with up-to-date reports from around the country and inside the Beltway  📯    Contact:  @independencehall_bot,200,2026-10-06T10:27:57+00:00
AmericaAwakes,alive,channel_no_preview,America Awakes,46,,,,,,Helping people do their research and passing along good news. Curating information you may want to know about. Fierce believer in God and my Lord Jesus Christ.,200,2026-10-06T10:27:59+00:00
Americabroadcasts,alive,channel,Crypto and AI,1160,,2026-03-19T03:59:07+00:00,0,0,,"🇺🇸   Крипто-пульс Америки — SEC, ФРС, Конгресс, Силиконовая долина.    📊   Американский рынок = 60% крипто-капитализации. Смотри куда текут деньги.  Америка определяет правила. Мы рассказываем какие.",200,2026-10-06T10:28:01+00:00
American_Patriot_Reality_Check,alive,channel,American Patriot Reality Check,42,,2026-09-17T15:28:11+00:00,0,5,,"APRC Information Channel - Patriot Material, FACTS, Humor, America! No QTards!!",200,2026-10-06T10:28:04+00:00
AmericanAscent,alive,channel_no_preview,American Ascent,39,,,,,AmericanAscent,t.me/AmericanAscent,200,2026-10-06T10:28:06+00:00
AmericanBeauty17,alive,channel,American_Beauty17   🌹,1470,,2025-02-20T21:00:53+00:00,0,0,American_Beauty17,https://t.me/American_Beauty17,200,2026-10-06T10:28:09+00:00
americancrusade,alive,group,A.C.I Recruitment & Updates,,21,,,,,"-This is our media outreach channel, if you’d like to become an actual member or get involved, fill out our political screener  -We promote the restoration of god, our culture/people, and to persecute all who oppose or betrayed our way of life",200,2026-10-06T10:28:11+00:00
AmericanMilitiaFreedomForces,alive,channel,AMERICAN MILITIA FREEDOM FORCES,139,,2024-06-11T07:11:32+00:00,0,0,,"To execute the (9th & 10th Amendment, Constitution and Bill Of Rights) Laws of The Union, suppress (Deep State) Insurrections and repel (FOREIGN ILLEGAL ALIEN) Invasions",200,2026-10-06T10:28:14+00:00
AmericanPat01,alive,channel,AMERICANPATRIOT01,13,,2024-07-07T05:11:43+00:00,0,0,,,200,2026-10-06T10:28:16+00:00
AmericanProphetChannel,alive,channel,American Prophet Channel,1610,,2026-10-06T04:56:37+00:00,20,20,,"This is the new LibertyRestoredChannel. LR was locked by Telegram (censorship).  AP is a tribute to the American Prophet YouTube channel  We are the Storm, we are the News ... and we know what lies ahead.   #WWG1WGA",200,2026-10-06T10:28:19+00:00
AmericanStrong1776,alive,channel_no_preview,Patriot News🇺🇲 ❤️🤍💙    [ FAKE ],289,,,,,,Bringing Americans together through News and Information. We will not lose our beloved country to the far Left.    bit.ly/PatriotMap,200,2026-10-06T10:28:21+00:00
AmericanUP,alive,channel,American UP,23,,2024-08-08T03:16:02+00:00,0,0,,,200,2026-10-06T10:28:23+00:00
AmericanWarrior2,empty_page,,,,,,,,,"If you have  Telegram , you can contact  @AmericanWarrior2  right away.",200,2026-10-06T10:28:26+00:00
americaproject,alive,channel,The America Project,2290,,2024-09-25T23:14:44+00:00,0,0,,TAP was founded to advance freedom and preserve the American way of life. We love America. We seek and speak truth. Stand with us!,200,2026-10-06T10:28:28+00:00
AmericasAuditForce,alive,channel,America's Audit Force,1300,,2026-10-05T23:24:23+00:00,9,15,,,200,2026-10-06T10:28:31+00:00
AmericasVoiceOutsideMedia,alive,channel_no_preview,America's Voice Outside The Media,57,,,,,,,200,2026-10-06T10:28:34+00:00
AmericaUpdates,alive,channel,America Updates Q (Weekly),46,,2026-10-05T21:33:59+00:00,12,19,,Important things to know!,200,2026-10-06T10:28:36+00:00
americawoke,alive,channel,Woke America News,279,,2023-01-18T18:16:34+00:00,0,0,usnews_bot,Police violence monitor and beyond. Message  @usnews_bot  to send a tip or info. RT not endorsement,200,2026-10-06T10:28:38+00:00
ampop,alive,channel_no_preview,AmPop Gang 🇺🇸 - Ashli Babbit Edition,177,,,,,WorldTsar,The official channel of American Populism. Join us at: #AmPop  International news and affairs covered by our partner channel WORLD TSAR. t.me/WorldTsar,200,2026-10-06T10:28:41+00:00
AmThoughtLeader,alive,channel,American Thought Leaders - The Epoch Times,1240,,2026-10-05T21:07:00+00:00,8,8,,"American Thought Leaders, hosted by The Epoch Times Senior Editor Jan Jekielek and his reporting team, features in-depth discussions with some of America’s most influential thought leaders on pertinent issues facing our nation today.",200,2026-10-06T10:28:44+00:00
amymareethatwouldbeme,alive,channel_no_preview,Amy Jay✨🐸,12,,,,,,I will not sit down and shut up. Ready to shove a blue bird up Jack's @r$s,200,2026-10-06T10:28:46+00:00
AnarchoMemes,alive,channel,🏴   AnarchoMemes   🔥,4210,,2026-09-04T13:08:42+00:00,0,0,MetaAnarchoMemes RevolutionaryBooks indygram,Radical ideals. Radical memes.  Suggestions ? Questions ? In the discussion channel !  @MetaAnarchoMemes   Anarchist news and culture   👉    @indygram   Recommended reading   👉    @RevolutionaryBooks,200,2026-10-06T10:28:48+00:00
anarcorpinternational,alive,channel,AnarCorp International,23,,2023-09-03T14:12:26+00:00,0,0,,Uncensored posts from AnarCorp here on Telegram,200,2026-10-06T10:28:51+00:00
ancreport,alive,channel,ANC Report  🇮🇷,14800,,2026-10-06T09:28:12+00:00,20,20,,. Substack  https://ryandawson.substack.com/  • Official website:  https://www.ancreport.com  Telegram for chat  This telegram link for sharing,200,2026-10-06T10:28:54+00:00
andibond17,empty_page,,,,,,,,,"If you have  Telegram , you can contact  @andibond17  right away.",200,2026-10-06T10:28:56+00:00
Andy_Ngo,alive,channel,Andy Ngo (Official),34200,,2026-10-05T22:31:57+00:00,9,20,,Official Telegram channel for independent journalist Andy Ngo. Support his work by going to  andy-ngo.com,200,2026-10-06T10:28:59+00:00
AndySaxon78,alive,channel,Andy Saxon,280,,2022-07-15T07:28:33+00:00,0,0,,,200,2026-10-06T10:29:01+00:00
AngelaEstep,alive,channel,DONT' feed the UNICORN,6,,2022-10-10T00:00:33+00:00,0,0,,,200,2026-10-06T10:29:04+00:00
AngelChristinePatriot,empty_page,,,,,,,,,"If you have  Telegram , you can contact  @AngelChristinePatriot  right away.",200,2026-10-06T10:29:07+00:00
ANGELICHUMANS,alive,channel,ANGELIC HUMANS INTEL,1570,,2026-06-08T06:45:08+00:00,0,0,,"20 FEBR 2022 ACTIVATION OF 12 STANDS DNA, 144.000 ANGELIC HUMANS AWAKENING WITH SUPER POWER AND ABILITIES.",200,2026-10-06T10:29:09+00:00
AngelResQue,alive,channel,AngelResQue USA  🇺🇸,1480,,2025-11-22T14:17:40+00:00,0,0,,💛   Voice of People Every where   💛    WWG1WGA   🤜🏽    🤛🏽    . Specialist help support for children and parents and adults   #child_rescue   #Adult  Rescue  #PeopleRescue   #Trafficking   #ChildrenLivesMatter   #Alllivesmatter,200,2026-10-06T10:29:12+00:00
AnnaKhaitChannel,alive,channel,Anna Khait,6450,,2026-10-06T05:00:04+00:00,1,2,,"In case I get banned on all platforms, I’ll still be here hopefully   😊    🧡    Follower of Jesus   🙏🏼  - Animal Lover - Conservative Ex-Pro Poker Player- Television Show SURVIVOR S32 Contestant  🌴   - Instagram:  https://www.instagram.com/realAnnaKhait/",200,2026-10-06T10:29:15+00:00
AnnieQuePorterUpdates,empty_page,,,,,,,,,"If you have  Telegram , you can contact  @AnnieQuePorterUpdates  right away.",200,2026-10-06T10:29:17+00:00
Anon_31,alive,user_or_bot,Anon,,,,,,,,200,2026-10-06T10:29:20+00:00
anonawol,alive,channel,WEARE[A],12,,2023-06-20T12:36:40+00:00,0,0,,WEARE[A]  UHGM FYP  WAARAIG WHYB,200,2026-10-06T10:29:22+00:00
anonbible,alive,channel,The AnonBible,124,,2022-08-19T12:39:11+00:00,0,0,,**We Do Not Forget**,200,2026-10-06T10:29:25+00:00
anonbunker,empty_page,,,,,,,,,"If you have  Telegram , you can contact  @anonbunker  right away.",200,2026-10-06T10:29:27+00:00
AnonEngland,alive,user_or_bot,buzhisuoyi,,,,,,,,200,2026-10-06T10:29:30+00:00
anonghostinfo,empty_page,,,,,,,,,"If you have  Telegram , you can view posts by  @anonghostinfo  right away.",200,2026-10-06T10:29:32+00:00
anonpatriotq76,alive,channel,anonymous patriot,4070,,2022-07-23T18:30:26+00:00,0,0,,,200,2026-10-06T10:29:35+00:00
AntiPlumbers,empty_page,,,,,,,,,"If you have  Telegram , you can contact  @AntiPlumbers  right away.",200,2026-10-06T10:29:37+00:00
antoinettekalaj17,alive,channel,ANTOINETTE KALAJ,18,,2022-04-16T02:25:44+00:00,0,0,,Co-Host on The Steak for Breakfast Podcast    🥩    🎙    🎧     https://steakforbreakfastpodcast.com/,200,2026-10-06T10:29:40+00:00
APatriotsTruth,alive,channel,A Patriot's Truth,526,,2025-09-13T15:38:24+00:00,0,0,,"We have before us a time of great deception and a need for revival in our faith in God, patriotism, morale, liberty, and justice. May you find it in yourself to fight the good fight and speak truth at all costs  🙏    ✝️    🇺🇸   More ->  https://linktr.ee/PatriotMap",200,2026-10-06T10:29:42+00:00
appledailyhk26,alive,channel,香港人的蘋果,29900,,2025-12-14T10:23:14+00:00,0,0,appledailyhk26 appledailyhk26_bot,🍎  保留一點真相、一些堅持：  https://t.me/appledailyhk26   聯繫：  @appledailyhk26_bot,200,2026-10-06T10:29:44+00:00
Aq701,alive,channel,پاکستان زندہ باد,36,,2026-01-23T13:30:23+00:00,0,0,,PAKISTAN ZINDABAD   🇵🇰,200,2026-10-06T10:29:47+00:00
aquariussoldier,alive,channel_no_preview,WarriorAquarius♒️,537,,,,,,New account  Waking up in a Digital World,200,2026-10-06T10:29:49+00:00
ArchBonnema,alive,channel,ARCH BONNEMA,507,,2022-04-16T16:02:29+00:00,0,0,,,200,2026-10-06T10:29:52+00:00
ArchiesBunker,empty_page,,,,,,,,,"If you have  Telegram , you can contact  @ArchiesBunker  right away.",200,2026-10-06T10:29:55+00:00
areveur51,alive,channel_no_preview,REVELATIQNS,177,,,,,,A River 51Qws • OneGodTheAlmightyFather • FamilyIsEverything • Anons • $AMC • $GME • $HYMC • $PLTR • $XRP • $FUZZY • 2A • GlobeEarth • ‘MERICA 1st 🇺🇸,200,2026-10-06T10:29:57+00:00
areyouawake1,alive,channel,⌁ Aяє Yσυ Aωαкє ⌁   👁,8350,,2026-10-01T23:11:17+00:00,1,7,,🜏 A Glitch in the Matrix 🜏  🜎 Beyond the Veil of Maya 🜄 Riding the Cosmic Flow 🜲 Manifesting New Realities Consciousness Expansion in Progress | 11:11  x.com/AreYouAwake11  Coming Soon : AreYouAwake.Co.Uk,200,2026-10-06T10:30:00+00:00
ArizonaAuditForce,alive,channel_no_preview,Arizona Audit Force,46,,,,,,,200,2026-10-06T10:30:03+00:00
ArizonaAuditLiveFeeds,alive,channel,Arizona Must Decertify,6750,,2026-10-06T06:17:45+00:00,2,20,joinchat,Grassroots audit channel for AZ   Arbitration room to reenter chat:  https://t.me/joinchat/2rLjfmMW8pM5MmIx   Chat:  t.me/joinchat/SlEiDtBXy3Q2YTAx   Workgroup to report and vet:  t.me/joinchat/rCRHiFvxtfszYTZh,200,2026-10-06T10:30:05+00:00
ArizonaConservatives,alive,channel,Arizona Conservatives Take Action,3640,,2023-08-02T16:33:54+00:00,0,0,,"This is a resource and action page for Arizona-supporting patriots to stay informed and promote America First policies throughout the state. We are hyper-focused on fraud exposure, election reform, RINO recalls, and rebuilding our GOP.  #SaveAmerica   🇺🇸",200,2026-10-06T10:30:08+00:00
ArizonaRedRoots,alive,channel,Arizona Red Roots,2700,,2025-09-13T20:41:27+00:00,0,0,,"News, grassroots events & resources from the Conservative MAGA movement in Arizona. Turn the GOP into MAGA. Focus on the Voter Rolls! No more machines. Our Elections are Fraudulent.",200,2026-10-06T10:30:10+00:00
ArkansasGroyper1,alive,channel,Arkansas Groyper   ✝️     🇺🇸,553,,2025-02-14T05:37:01+00:00,0,0,,Nondenominational   ✝️   • Loves Yahveh • America First Conservative • Zoomer • Fren • 1 John 3:8 KJV • Here to expose the evil Kenites building the NWO,200,2026-10-06T10:30:13+00:00
Arkmidnight,alive,channel,Official John B WellsNews Broadcast Group,1590,,2026-10-05T18:44:08+00:00,9,20,,https://arkmidnight.com/,200,2026-10-06T10:30:17+00:00
ArmyOfFrogs17,empty_page,,,,,,,,,"If you have  Telegram , you can contact  @ArmyOfFrogs17  right away.",200,2026-10-06T10:30:19+00:00
ArrestsIndictmentsJustice,alive,channel,Arrests~Indictments~Justice,6020,,2024-05-30T01:10:07+00:00,0,0,,"""When justice is done, it brings joy to the righteous but terror to evildoers"" Proverbs 21:15  #DigitalSoldier  WWG1WGA  💚    🐸",200,2026-10-06T10:30:21+00:00
artsakheng,empty_page,,,,,,,,,"If you have  Telegram , you can contact  @artsakheng  right away.",200,2026-10-06T10:30:25+00:00
AscendingTheSpectrum,alive,channel_no_preview,Ascending the Spectrum,519,,,,,,Podcastism,200,2026-10-06T10:30:28+00:00
ashleasimonnews,alive,channel,Ashlea Simon News,1120,,2026-10-04T23:13:48+00:00,6,12,,Patriotic commentary and pieces on social issues impacting our people and country.  Historical footnotes. Make Britain Great Again,200,2026-10-06T10:30:30+00:00
AshTruthBrew,alive,channel,AshTruthBrew,124,,2026-09-04T15:05:22+00:00,0,0,,⭐️   “You may all go to hell and I will go to TEXAS”   ⭐️   TEXAS Made • God • Family • Country • 2A • I will fight for Truth and Freedom until the day I die •   🙏🏼    💪🏼    ❤️    🇺🇸,200,2026-10-06T10:30:33+00:00
asleepnomore,empty_page,,,,,,,,,"If you have  Telegram , you can contact  @asleepnomore  right away.",200,2026-10-06T10:30:35+00:00
atmashanti,alive,channel,На стыке миров/Между Шивой и завтраком,31,,2026-06-11T07:30:13+00:00,0,0,,"Расстановки, полевая терапия и духовная практика ИНН 503205754978 Стоимость консультации 5000 руб Контактый телефон 89037642214 Договор-оферты  https://disk.yandex.ru/i/jlqTW_unO1T5mQ  Правила проведения консультации  https://disk.yandex.ru/d/w4Rw_M2xElm6nQ",200,2026-10-06T10:30:38+00:00
AtomFront,empty_page,,,,,,,,,"If you have  Telegram , you can contact  @AtomFront  right away.",200,2026-10-06T10:30:40+00:00
AttorneySidneyP0well,empty_page,,,,,,,,,"If you have  Telegram , you can contact  @AttorneySidneyP0well  right away.",200,2026-10-06T10:30:43+00:00
auditthevotepa,alive,channel,Audit the Vote,4860,,2026-09-21T20:47:08+00:00,0,2,,"Www.Auditthevotepa.com   The Audit The Vote Team: Toni Shuppe, CEO Vico Bertogli, Director of Data and Analytics  Updates on our grassroots movement for election integrity and constitutional education.",200,2026-10-06T10:30:46+00:00
AuditWINews,alive,channel,Wisconsin Election integrity Channel,767,,2026-10-03T01:03:08+00:00,10,20,,Welcome to Wisconsin Audit Chat. We are American Patriot owned and have joined together to unite and educate Patriots on forensic audits and state election integrity.,200,2026-10-06T10:30:49+00:00
auraxchan,alive,channel,Aurax,12800,,2026-10-06T04:45:47+00:00,16,16,,Tune In,200,2026-10-06T10:30:51+00:00
aussie_aramean,empty_page,,,,,,,,,"If you have  Telegram , you can contact  @aussie_aramean  right away.",200,2026-10-06T10:30:54+00:00
AussieCossack,alive,channel,🇦🇺  AussieCossack  🇷🇺,73600,,2026-10-06T08:45:32+00:00,17,17,AussieCossackOfficialBot,Australian political prisoner Simeon Boikov continues defiantly broadcasting news & intel from Sydney's Russian Consulate since 2022.    📢  For Advertising & Media/Political Consulting contact  @AussieCossackOfficialBot,200,2026-10-06T10:30:56+00:00
aussiesurvival,empty_page,,,,,,,,,"If you have  Telegram , you can contact  @aussiesurvival  right away.",200,2026-10-06T10:30:59+00:00
Australia99news,alive,channel,Australian Real News,324,,2022-10-25T16:23:36+00:00,0,0,,Australia Real Raw News,200,2026-10-06T10:31:01+00:00
AustraliaFirst,alive,channel,Australia First,2,,2025-01-15T11:08:09+00:00,0,0,,A group of like minded Australians,200,2026-10-06T10:31:04+00:00
Australian_Resistance,alive,channel,AustralianResistance   🦘,1180,,2026-10-06T08:38:14+00:00,16,19,Australian_Resistance,"Created Aug 21, 2021 First Post >  https://t.me/Australian_Resistance/2",200,2026-10-06T10:31:06+00:00
autismobalkan,alive,channel_no_preview,/Balkan/ general,122,,,,,,basically a news/shitposting/personal channel which i post whatever interests me the most,200,2026-10-06T10:31:09+00:00
autistnewsfornormies,alive,channel,Autist News For Normies,20,,2022-10-18T04:15:37+00:00,0,0,,Trump won.,200,2026-10-06T10:31:12+00:00
Aw8keNotWoke,alive,channel,aw8kenotwoke,14,,2026-07-13T18:10:54+00:00,0,0,,,200,2026-10-06T10:31:15+00:00
AwakeInformed,alive,channel,Awakening and Informed,10,,2023-04-12T11:14:03+00:00,0,0,,Earnest info sharing,200,2026-10-06T10:31:17+00:00
Awaken2,alive,user_or_bot,awaken,,,,,,,,200,2026-10-06T10:31:20+00:00
Awakened44,empty_page,,,,,,,,,"If you have  Telegram , you can contact  @Awakened44  right away.",200,2026-10-06T10:31:22+00:00
AwakenedPatriotsUSA,alive,channel,Awakened Patriots  ™   USA,153,,2023-12-07T07:07:03+00:00,0,0,,"Join us in the fight for freedom!   We share breaking intel, tools, and daily red pills. Join this channel now to lock arms with us and fight the forces of evil.  Stay connected to us via email. Join our free weekly newsletter here:  https://bit.ly/3bUVwaJ",200,2026-10-06T10:31:25+00:00
awakeningdaily,alive,channel,Great Awakening / Quantum Disclosure,1190,,2023-05-02T13:00:35+00:00,0,0,,Seeking Truth,200,2026-10-06T10:31:28+00:00
AwokenRepLady,empty_page,,,,,,,,,"If you have  Telegram , you can contact  @AwokenRepLady  right away.",200,2026-10-06T10:31:30+00:00
axisoftheresistance,alive,channel,Axis Of The Resistance News,145,,2026-04-14T18:27:56+00:00,0,0,,Information des actualités de l'axe de la résistance. Information of the news of the axis of the resistance.,200,2026-10-06T10:31:33+00:00
AzazelNews,alive,channel,Azazel News,26100,,2026-10-06T10:09:58+00:00,14,14,,Azazel: appears as a fallen angel responsible for introducing humanity to forbidden knowledge. This channel is dedicated to sharing actionable intelligence/knowledge regarding COVID19/Coronavirus/Protest/Riots. Azazel & Doomsday are Apolitical Org,200,2026-10-06T10:31:35+00:00
azinformer,alive,channel,Arizona Informer placeholder,2,,2026-03-19T15:04:29+00:00,0,0,azblade,Now  @azblade,200,2026-10-06T10:31:38+00:00
b_info_audio,alive,channel,📀   BÜRGERINFORMATIVE   💿   Audio/Video-Podcast Archiv,3070,,2026-10-06T07:12:13+00:00,20,20,buergerinfochat buergerinformative,"❗️  Videos, die wir in den Kanälen  @buergerinformative  posten, werden hier als  #Podcast    🎧  Audio u.   🎬  Video archiviert und somit gegen YouTube-Kanallöschungen gesichert  ❗️     🖍  Gespräche in der Gruppe:  @buergerinfochat",200,2026-10-06T10:31:40+00:00
babyqplus,alive,channel,BabyQ Plus,144,,2024-10-10T00:34:46+00:00,0,0,,Official Telegram Channel of The BabyQ Plus Show,200,2026-10-06T10:31:43+00:00
BandRMemes,alive,channel,B&R Meme Factory,35,,2021-08-18T00:06:59+00:00,0,0,,"Libertarian-ish, right leaning memes, and shitposts for based and redpilled folk",200,2026-10-06T10:31:45+00:00
BANNEDdotVIDEO,alive,channel,BANNED.video,5700,,2026-10-05T16:06:37+00:00,13,20,,Home of the internets MOST banned videos!   🗣    🚫     https://BANNED.video  /  EXPLORE:  https://flow.page/banned.video,200,2026-10-06T10:31:48+00:00
bannedforlife,alive,channel,Politically Incorrect News,527,,2026-10-06T02:20:56+00:00,18,18,,,200,2026-10-06T10:31:51+00:00
BannedInTheUSA,empty_page,,,,,,,,,"If you have  Telegram , you can contact  @BannedInTheUSA  right away.",200,2026-10-06T10:31:53+00:00
bannedvid,alive,channel,Banned Videos,1770,,2026-10-05T12:26:44+00:00,8,20,,"The best banned videos from around the web! Daily video updates about a range of topics : Flouride, GMOs, Great Reset, NWO, HCQ, Pelosi, RINOs, Fascism, election fraud,  Trump, Biden, Covid, Covid-19 Vaccines, New World Order, Bill Gates,Border Crisis,",200,2026-10-06T10:31:56+00:00
Banners4Freedom,alive,channel,Banners 4 Freedom   🙏    🇺🇸,2280,,2026-03-10T18:18:46+00:00,0,0,,"Psalm 20:5 ""And in the Name of Our God we will Raise Our Banners""                                                        https://allmylinks.com/Banners4Freedom",200,2026-10-06T10:31:58+00:00
bannonswarroom,alive,channel,WarRoom,4820,,2023-10-16T09:30:37+00:00,0,0,,"Fighting for our freedom worldwide, WWG1WGA      UNOFFICIAL  War room channel                              contact:               telegramwarroom@protonmail.com                                Berlin, Germany",200,2026-10-06T10:32:01+00:00
BannonWarRoom,alive,channel,WarRoom: Official Telegram Channel,51700,,2026-10-06T06:59:17+00:00,20,20,,The only OFFICIAL WarRoom Channel on Telegram. All broadcasts from Steve Bannon will be posted here.   🇺🇸,200,2026-10-06T10:32:03+00:00
BANTIFA,empty_page,,,,,,,,,"If you have  Telegram , you can contact  @BANTIFA  right away.",200,2026-10-06T10:32:06+00:00
Based_AmyNews,alive,channel,Based Amy,361,,2026-10-02T22:46:53+00:00,1,4,,Protecting Free Speech!,200,2026-10-06T10:32:09+00:00
based_anon,alive,channel_no_preview,BASED ANON,2396,,,,,,"Here you will find the best memes, video, news from all over the world, and you can participate in important discussions about different things.",200,2026-10-06T10:32:11+00:00
based_news_1bm,alive,channel,BASED NEWS,1750,,2023-01-02T11:11:20+00:00,0,0,Goldberg_Shekelstein,If you have any questions  @Goldberg_Shekelstein,200,2026-10-06T10:32:14+00:00
based_polka,empty_page,,,,,,,,,"If you have  Telegram , you can contact  @based_polka  right away.",200,2026-10-06T10:32:17+00:00
BasedClipboard,empty_page,,,,,,,,,"If you have  Telegram , you can contact  @BasedClipboard  right away.",200,2026-10-06T10:32:19+00:00
BasedPakistan,alive,channel,Based Pakistan,29,,2022-06-17T14:23:57+00:00,0,0,,,200,2026-10-06T10:32:22+00:00
BasedPalpatine,empty_page,,,,,,,,,"If you have  Telegram , you can contact  @BasedPalpatine  right away.",200,2026-10-06T10:32:24+00:00
BaselineHorizon,empty_page,,,,,,,,,"If you have  Telegram , you can contact  @BaselineHorizon  right away.",200,2026-10-06T10:32:26+00:00
bcwyf,alive,channel,BCWYF,19,,2024-06-03T08:16:34+00:00,0,0,,This channel is dedicated to the Frauds and shells for making America look bad,200,2026-10-06T10:32:29+00:00
Beer_Parade,alive,channel,Beer at the Parade,1720,,2025-02-13T17:01:12+00:00,0,0,,Remember me from Twitter? Let's go!,200,2026-10-06T10:32:32+00:00
behizy,alive,channel,Behizy,12000,,2025-10-22T01:48:00+00:00,0,0,,UnCancellable   Rumble.com/c/Behizy   Instagram.com/thegeoge   Gab.com/Behizy  Behizy.Locals.Com,200,2026-10-06T10:32:34+00:00
beholdisraelchannel,alive,channel,Amir Tsarfati,566000,,2026-10-05T20:43:10+00:00,20,20,,Believer | Husband | Father | Bible Teacher | Four-time New York Times Bestselling Author | Conference Speaker | Middle East News Commentator | Founder and President of Behold Israel  beholdisrael.org   instagram.com/amir.tsarfati   youtube.com/@beholdisrael,200,2026-10-06T10:32:37+00:00
beInformedpage,alive,channel,Be Informed,458,,2026-10-02T05:47:17+00:00,6,20,,,200,2026-10-06T10:32:39+00:00
BellumActa,alive,channel,Bellum Acta | Archive Channel,2910,,2026-05-30T23:14:29+00:00,0,0,BellumActaNews,"This is now the Archive Channel!  Bellum Acta is a Anti-NWO which seeks to cover the ongoing Geopolitical Events, such as the Battlefields Frontlines around the   🌎    Main: —  @BellumActaNews   — BTC: bc1qs4evu03243lpukps0h24avjxfhhjy608cnztwf",200,2026-10-06T10:32:42+00:00
BellumActaNews,alive,channel,"Bellum Acta - Intel, Urgent News and Archives   ✝️   #FreeVenezuela",114000,,2026-10-06T02:51:29+00:00,19,19,KingOfKongo rainbetcom,"Bellum Acta defines itself as a Right-Wing, Pro-Economic Freedom, Crisis-focused NEWS aggregator which focuses on Current News & Geopolitics — — Sponsored by  Rainbet.com  #1 non-kyc crypto casino & sportsbook  @rainbetcom   For inquiries & ads:  @KingOfKongo",200,2026-10-06T10:32:45+00:00
Ben_Oni_Q,alive,channel,BenjaminQ,1060,,2025-09-10T20:48:49+00:00,0,0,Ben_Oni_Q,https://t.me/Ben_Oni_Q/273,200,2026-10-06T10:32:47+00:00
benjaminnorton,alive,channel_no_preview,Ben Norton - independent news,2579,,,,,GeopoliticalEconomy,"Independent journalist and analyst, editor of  @GeopoliticalEconomy",200,2026-10-06T10:32:50+00:00
BennyJohnson,alive,channel,Benny Johnson,62700,,2026-10-06T10:09:51+00:00,20,20,,"🇺🇸   Love Family, God, America   🚀   PODCAST - The Benny Show   🎥   Storyteller - TPUSA   📰   Journalist",200,2026-10-06T10:32:53+00:00
BenShapiroGang,alive,channel,Ben Shapiro Gang,52900,,2026-10-05T22:20:02+00:00,9,20,,‘Ben Shapiro Gang’ is a fan channel dedicated to conservative political commentator and media host Ben Shapiro - not associated with or managed by Ben,200,2026-10-06T10:32:55+00:00
BernardSanders,alive,channel,Bernie Sanders,44,,2026-07-09T15:18:18+00:00,0,0,,,200,2026-10-06T10:32:58+00:00
BestOf4chan,alive,channel_no_preview,4Chan,623,,,,,,Best of /pol/his/b/int/news/,200,2026-10-06T10:33:01+00:00
bestofconsphole,empty_page,,,,,,,,,"If you have  Telegram , you can contact  @bestofconsphole  right away.",200,2026-10-06T10:33:04+00:00
betsyrossdigitalflagnews,alive,channel_no_preview,Betsy Ross Digital Flag News,171,,,,,,,200,2026-10-06T10:33:07+00:00
beyondtherubicon,empty_page,,,,,,,,,"If you have  Telegram , you can contact  @beyondtherubicon  right away.",200,2026-10-06T10:33:10+00:00
biasnews,alive,channel_no_preview,Bias News,259,,,,,,"News Aggregator: Breaking News, Global News, U.S. Politics.",200,2026-10-06T10:33:12+00:00
biblicaltransition,alive,channel,MEGA Biblical Transition,19,,2022-07-11T12:52:58+00:00,0,0,Truthseekrs777,Make Earth Great Again                                            https://t.me/Truthseekrs777,200,2026-10-06T10:33:14+00:00
BidenCrimeFamily,empty_page,,,,,,,,,"If you have  Telegram , you can contact  @BidenCrimeFamily  right away.",200,2026-10-06T10:33:17+00:00
bidenhistime,alive,channel,Bidin' his time,589,,2026-08-09T02:51:05+00:00,0,0,,All Biden-related memes and serious content for the election,200,2026-10-06T10:33:19+00:00
bidenmemes2,alive,channel,❤    🤍    💙  Red Wave  💙    🤍    ❤,2,,2023-06-10T03:01:40+00:00,0,0,,❤    🇺🇸    🤍    🇺🇸    💙    🇺🇸   Pro-Trump! This group is a place to drop off comical memes as a means for laughing!  🤣,200,2026-10-06T10:33:22+00:00
BidenMoments,empty_page,,,,,,,,,"If you have  Telegram , you can contact  @BidenMoments  right away.",200,2026-10-06T10:33:25+00:00
BidenSucksBalls,alive,channel,BidenSucksBalls,2,,2022-08-05T11:38:04+00:00,0,0,,,200,2026-10-06T10:33:28+00:00
BigDaddysLightWarrior,empty_page,,,,,,,,,"If you have  Telegram , you can contact  @BigDaddysLightWarrior  right away.",200,2026-10-06T10:33:32+00:00
billmitchell,alive,channel,BILL MITCHELL'S: YourVoice  ™   Channel,689,,2024-06-09T00:40:47+00:00,0,0,,"This is the channel for Bill Mitchell from Twitter, Parler, cloutHub, Gab and the YourVoice  ™   Network.",200,2026-10-06T10:33:35+00:00
BinsTruthSeekers,alive,channel,binnyTruth,12,,2026-09-07T16:24:38+00:00,0,1,,"The Storm is Here! Post ideas, info, and theories building upon 17 areas of interest. Share digs. Dig, dig,dig, it'll all come together. The best is yet to come!",200,2026-10-06T10:33:38+00:00
bioclandestine,alive,channel,BioClandestine,138000,,2026-10-06T01:33:04+00:00,14,17,,11B Astute Observer,200,2026-10-06T10:33:41+00:00
BiowaffeSarsCov2,alive,channel_no_preview,Die Biowaffe Sars-CoV-2,6,,,,,,dieBiowaffeSars-CoV-2,200,2026-10-06T10:33:43+00:00
BirdClanMessenger,alive,channel,©️   Bird Clan Salty Distillery N Flying Magazine  ™️     🇱🇷     🇮🇪     🇨🇦     🎶    🦅    🐺    ⚡️,24,,2026-10-06T10:33:45+00:00,20,20,,Cooking  Tips.   Q1799 - USMC 4313 PacCom FEN Tokyo Vet.Home of the Bluejacket Ghostriders Code Talking Project.   https://birdclanmessenger.com/,200,2026-10-06T10:33:46+00:00
BitChute,alive,channel,BitChute,1610,,2026-04-28T13:21:23+00:00,0,0,,🛠    http://support.bitchute.com  Envelope support@bitchute.com Mobile phone APP  https://bit.ly/3aHX1bI,200,2026-10-06T10:33:49+00:00
BitchuteC,empty_page,,,,,,,,,"If you have  Telegram , you can view posts by  @BitchuteC  right away.",200,2026-10-06T10:33:52+00:00
blackballed,alive,channel,Blackballed,429,,2025-02-02T17:48:37+00:00,0,0,RWDS_bot blackballedchat,I just post thoughts and episode links.  Main channel for Blackballed Podcast.  For general BBP discussion   https://t.me/blackballedchat   For general anon discussion  @RWDS_bot,200,2026-10-06T10:33:55+00:00
BlackLivesSplatter,alive,channel,BLM Protests Mirror,36,,2020-07-23T04:29:55+00:00,0,0,BlackLivesSplatter,@BlackLivesSplatter    🤙🏻    🤙🏻    🤙🏻,200,2026-10-06T10:33:57+00:00
BlankeSuidAfrikaners,empty_page,,,,,,,,,"If you have  Telegram , you can contact  @BlankeSuidAfrikaners  right away.",200,2026-10-06T10:34:00+00:00
Blessed2Teach,alive,channel,blessed2teach,4,,2026-02-01T19:05:35+00:00,0,0,,,200,2026-10-06T10:34:03+00:00
BLMProtests,alive,channel,The Black Lives Revolution (BLM),2620,,2025-12-12T16:23:16+00:00,0,0,BLMProtests BLMProtestsBot commsdirectory,Overview updates of the BLM Protests in 2020.  Directory of Local Protest Channels:  @commsdirectory  /  https://t.me/BLMProtests/3361    You can contact  @BLMProtestsBot  with any questions/information,200,2026-10-06T10:34:07+00:00
Blue_Eyes_88,alive,channel,Abbey | Blue-Eyes,1860,,2026-08-06T06:47:52+00:00,0,0,,"▶️  Pure blood Alaskan Patriot.    ▶️  Music Composer/singer/writer/film creator. Here to assist in the Great Awakening     ▶️  Please come join the fun, the truth and the resistance.  💉    😷    🚫    🚨     https://www.logicalbrad.tv/Blue-Eyes-Links/   The Best is yet to come.",200,2026-10-06T10:34:10+00:00
bluecatthoughts,empty_page,,,,,,,,,"If you have  Telegram , you can contact  @bluecatthoughts  right away.",200,2026-10-06T10:34:13+00:00
BlueSkyReportTelegram,alive,channel,BLUESKY REPORT,1460,,2021-08-22T02:35:03+00:00,0,0,,"IT Software Engineer / Researcher: Roman Empire, Sumeria, Babalyon, Atlantis, Bloodlines/RH- Black Nobility - Esoteric",200,2026-10-06T10:34:16+00:00
bobbylawrence_1776,empty_page,,,,,,,,,"If you have  Telegram , you can contact  @bobbylawrence_1776  right away.",200,2026-10-06T10:34:18+00:00
bobbypiton,alive,channel,Bobby Piton,14200,,2024-12-12T00:14:11+00:00,0,0,,,200,2026-10-06T10:34:21+00:00
BoldSpearElmerFudd,alive,channel,Remnant Coms,2360,,2026-10-06T09:28:23+00:00,20,20,,TRUTH & NEWS!,200,2026-10-06T10:34:23+00:00
bonbiwaffen,empty_page,,,,,,,,,"If you have  Telegram , you can contact  @bonbiwaffen  right away.",200,2026-10-06T10:34:25+00:00
bonbiwaffen3,empty_page,,,,,,,,,"If you have  Telegram , you can contact  @bonbiwaffen3  right away.",200,2026-10-06T10:34:28+00:00
bonbiwaffenmusic,empty_page,,,,,,,,,"If you have  Telegram , you can contact  @bonbiwaffenmusic  right away.",200,2026-10-06T10:34:31+00:00
bondsforthewin,alive,channel,Bonds for the Win,11900,,2026-10-01T15:55:50+00:00,7,12,,it's always been about t he children,200,2026-10-06T10:34:33+00:00
Bonkore,alive,channel_no_preview,Digital Soldiers🇺🇸,4,,,,,,America First.🇺🇸,200,2026-10-06T10:34:36+00:00
BonnieNDavid,alive,channel,💕  BonnieNDavid  💕,1740,,2026-10-05T20:21:52+00:00,20,20,,"Patriots, Lovers of Jesus Christ, Two Hearts that beat as one getting truth out because without truth, none are truly free! WWG1WGA WORLDWIDE!!!   ❤️    🇺🇸    🙏🏻    🦅    ⚔️    🦅    🙏🏻    🇺🇸    ❤️   *we are NOT David&Bonnie Straight *",200,2026-10-06T10:34:39+00:00
BoomersIRL,alive,channel_no_preview,BQQMERS IRL,718,,,,,,Memes about or made by boomers.,200,2026-10-06T10:34:42+00:00
boondocksainted76,empty_page,,,,,,,,,"If you have  Telegram , you can contact  @boondocksainted76  right away.",200,2026-10-06T10:34:44+00:00
bootlegmediachat,alive,channel,Bootleg Media,1330,,2024-10-29T14:15:20+00:00,0,0,,Smuggling you information you were never suppose to know about   ✨   ASK QUESTIONS. DEMAND ANSWERS. WE DO NOT CONDONE VIOLENCE.  https://linktr.ee/bootlegmedia,200,2026-10-06T10:34:47+00:00
BORDERWARSAZ,alive,channel,𝚂𝙾𝙹𝙾𝚄𝚁𝙽𝙴𝚁 𝙽𝙴𝚆𝚂 𝙽𝙴𝚃𝚆𝙾𝚁𝙺,4860,,2026-10-01T16:45:11+00:00,2,12,,"Sojourner News Network covers the activities of Veterans On Patrol, which is a Veteran Suicide Prevention Program created by Walking for the Forgotten Ministry. Credit to our Most High God alone.  #VOP   Info.vop@protonmail.com",200,2026-10-06T10:34:49+00:00
BoycottTurkeyOrg,alive,channel,Boycott Turkey,128,,2021-10-02T09:23:35+00:00,0,0,,This channel is aimed to restrain turkey's anit-human activities and support of terrorism.,200,2026-10-06T10:34:53+00:00
BQQMROOM,alive,channel,BQQMROOM,184,,2026-10-04T23:22:12+00:00,1,4,,Current Events and Meme Dump [Patriots Only],200,2026-10-06T10:34:55+00:00
Brandenburg4MI,alive,channel,Donna Brandenburg for Michigan Governor,2680,,2026-10-06T10:15:52+00:00,20,20,,"The official channel for Donna Brandenburg, who is running for the office of Michigan Governor",200,2026-10-06T10:34:58+00:00
BraveTVChannel,alive,channel,Dr. Jason Dean,8730,,2026-03-03T00:29:04+00:00,0,0,,Your Source for Health Freedom & Knowledge,200,2026-10-06T10:35:00+00:00
Braving_The_Storm,alive,channel,Braving The Storm,15,,2022-07-07T00:53:10+00:00,0,0,,"This channel is 100% run by Constitutional Conservatives. The content is carefully considered, and vetted to the best of our capabilities. If we post something here, it's ABSOLUTELY relevant, and we truly believe you need to see it. We ARE the storm now.",200,2026-10-06T10:35:03+00:00
BrazilianInsurgencyComrades,empty_page,,,,,,,,,"If you have  Telegram , you can contact  @BrazilianInsurgencyComrades  right away.",200,2026-10-06T10:35:06+00:00
brconnection,empty_page,,,,,,,,,"If you have  Telegram , you can contact  @brconnection  right away.",200,2026-10-06T10:35:08+00:00
breadlinks,alive,channel,breadlinks,21,,2021-07-28T20:43:09+00:00,0,0,breadhistory breadmemes thedreamplaza,"links, world news, stories, videos, and articles about proletarian struggles, the environment, and related topics  memes:  @breadmemes  history:  @breadhistory  music:  @thedreamplaza",200,2026-10-06T10:35:11+00:00
breaking_news_911,alive,channel,BREAKING,1050,,2026-10-06T05:20:14+00:00,20,20,,🇺🇸  USA news   🚨  Breaking news in real time   🔥  911 Emergency news                                           🌎  World’s news,200,2026-10-06T10:35:13+00:00
Breaking_News_Uncensored,alive,channel,🚨  Breaking News Uncensored  🚨,639,,2021-09-03T06:01:48+00:00,0,0,Breaking_News_Uncensored,"@Breaking_News_Uncensored  is your source for real news from around the world. The site covers Breaking News, Viral Videos, Technology News and more.",200,2026-10-06T10:35:16+00:00
breakingUS,empty_page,,,,,,,,,"If you have  Telegram , you can contact  @breakingUS  right away.",200,2026-10-06T10:35:19+00:00
BreFuechsel,empty_page,,,,,,,,,"If you have  Telegram , you can contact  @BreFuechsel  right away.",200,2026-10-06T10:35:21+00:00
brendon_tarrant,empty_page,,,,,,,,,"If you have  Telegram , you can contact  @brendon_tarrant  right away.",200,2026-10-06T10:35:24+00:00
brendonoconnell,empty_page,,,,,,,,,"If you have  Telegram , you can contact  @brendonoconnell  right away.",200,2026-10-06T10:35:27+00:00
BrentCatesTHUNDERDOME,empty_page,,,,,,,,,"If you have  Telegram , you can contact  @BrentCatesTHUNDERDOME  right away.",200,2026-10-06T10:35:29+00:00
Brian_Skroski_AnonNews,alive,channel,Brian Skroski AnonNews,521,,2026-09-29T13:46:48+00:00,1,1,,Punisher News,200,2026-10-06T10:35:32+00:00
brienjames,alive,channel,Brien James channel,773,,2026-10-06T02:31:41+00:00,12,20,,Director of The Standard  SPLC “hate list” 25 yr alumni  Boogeyman of the left,200,2026-10-06T10:35:35+00:00
BrightEyesBrant,alive,channel,Bright Eyes Of Brant,31,,2025-04-18T20:24:45+00:00,0,0,,Honoring Truth Through Action,200,2026-10-06T10:35:38+00:00
BritainFirst,alive,channel,Britain First,14200,,2026-10-05T18:33:50+00:00,14,20,,"The official Telegram channel of Britain First.  If you see any 'Britain First' accounts on Telegram, unless they have the blue tick they are fake.",200,2026-10-06T10:35:41+00:00
BritainNow,empty_page,,,,,,,,,"If you have  Telegram , you can contact  @BritainNow  right away.",200,2026-10-06T10:35:44+00:00
BritishNationalParty,empty_page,,,,,,,,,"If you have  Telegram , you can contact  @BritishNationalParty  right away.",200,2026-10-06T10:35:47+00:00
brittanysellner,alive,channel,Brittany Sellner,4110,,2023-02-03T16:16:04+00:00,0,0,,,200,2026-10-06T10:35:50+00:00
BrittRepublican,alive,channel,BrittRepublican,4940,,2026-09-21T03:49:34+00:00,0,4,,DJT is remaking the Republican party. We are here for him.   🇺🇸,200,2026-10-06T10:35:53+00:00
bronzeagemantis,empty_page,,,,,,,,,"If you have  Telegram , you can contact  @bronzeagemantis  right away.",200,2026-10-06T10:35:55+00:00
BrotherStreetJoy,alive,channel,BrotherStreetJoy,423,,2022-04-27T17:03:49+00:00,0,0,,,200,2026-10-06T10:35:58+00:00
brunobarks,alive,channel,Brunobarking ️️️BrunoBarks,5270,,2022-10-17T17:04:23+00:00,0,0,,Digging for clues and barking out a lot of patriot stuff. God is Sovereign.,200,2026-10-06T10:36:01+00:00
Brutus_The_Insane,alive,channel_no_preview,Brutus the Insane,14,,,,,,,200,2026-10-06T10:36:03+00:00
buckleupnow,empty_page,,,,,,,,,"If you have  Telegram , you can contact  @buckleupnow  right away.",200,2026-10-06T10:36:07+00:00
BudgiePestControl,empty_page,,,,,,,,,"If you have  Telegram , you can contact  @BudgiePestControl  right away.",200,2026-10-06T10:36:10+00:00
bunintended,alive,channel_no_preview,Bun Intended,308,,,,,,Health • Religion • Current Events • Geopolitical News • Infotainment  Patreon: https://www.patreon.com/BunIntended Parler: https://parler.com/#/user/BunIntended,200,2026-10-06T10:36:13+00:00
