username,status,kind,title,subscribers,members,last_post,posts_7d,posts_30d,tme_links,description,http,checked_at
a1933production,alive,channel,a1933production,83,,2024-11-03T15:13:12+00:00,0,0,,,200,2026-10-06T09:02:53+00:00
AbsoluteBritain,empty_page,,,,,,,,,"If you have  Telegram , you can contact  @AbsoluteBritain  right away.",200,2026-10-06T09:02:57+00:00
AdolfLitler,empty_page,,,,,,,,,"If you have  Telegram , you can contact  @AdolfLitler  right away.",200,2026-10-06T09:03:00+00:00
Allpilled,empty_page,,,,,,,,,"If you have  Telegram , you can contact  @Allpilled  right away.",200,2026-10-06T09:03:02+00:00
AmericanKrogan,alive,channel,American Krogan,3270,,2024-02-01T19:12:47+00:00,0,0,,https://bio.link/americankrogan,200,2026-10-06T09:03:05+00:00
anamgael,empty_page,,,,,,,,,"If you have  Telegram , you can contact  @anamgael  right away.",200,2026-10-06T09:03:08+00:00
anfomhartelegram,empty_page,,,,,,,,,"If you have  Telegram , you can contact  @anfomhartelegram  right away.",200,2026-10-06T09:03:11+00:00
AngelwaffenCREW3,alive,channel_no_preview,😇AW-3😇The Legend lives on👻,69,,,,,,Home of the Southern Redneck Aryan Queen💅⚡⚡,200,2026-10-06T09:03:13+00:00
Anglomania,alive,channel_no_preview,Conservative Revolution,350,,,,,,Conservative revolutionary: A revolution from the right,200,2026-10-06T09:03:16+00:00
ANSP_Action,empty_page,,,,,,,,,"If you have  Telegram , you can contact  @ANSP_Action  right away.",200,2026-10-06T09:03:19+00:00
AntiComunistCrew,empty_page,,,,,,,,,"If you have  Telegram , you can contact  @AntiComunistCrew  right away.",200,2026-10-06T09:03:22+00:00
AntifaAllstars,alive,channel,Antifa Allstars,279,,2022-12-18T20:03:22+00:00,0,0,AntifascistAllstars NaziReportBot,"☆ ᴡᴇ ᴀʀᴇ ꜰɪɢʜᴛɪɴɢ ᴀɢᴀɪɴsᴛ ɪɴᴊᴜsᴛɪᴄᴇ ᴀɴᴅ ɪɴᴇǫᴜᴀʟɪᴛʏ ʙᴜᴛ, ᴍᴏsᴛ ᴏꜰ ᴀʟʟ, ᴡᴇ ᴡᴀɴᴛ ᴛᴏ ʟɪᴠᴇ ᴡᴇʟʟ ᴀɴᴅ ꜰʀᴇᴇ ! ☆  ꜰᴏʀᴜᴍ:   🔗    @AntifascistAllstars  ʀᴇᴘᴏʀᴛ ᴀ ɴᴀᴢɪ:   🔗    @NaziReportBot",200,2026-10-06T09:03:24+00:00
AntifaPublicWatch,alive,channel,Antifa Public Watch ( Anti-Antifa ),4790,,2026-03-26T19:59:53+00:00,0,0,,We are against those that call themselves ANTIFA who use the name as a smoke screen to shut do shut down free speech,200,2026-10-06T09:03:27+00:00
antiwhites,alive,channel_no_preview,White Hate,285,,,,,,Against White people and the degeneracies and diseases that they spread.,200,2026-10-06T09:03:30+00:00
archivecat,alive,channel,The Archive cat,92,,2026-09-01T23:08:28+00:00,0,0,,"This channel is host to a lot of things regarding JQ , redpills , etc. An archive of sorts , enjoy",200,2026-10-06T09:03:33+00:00
AryanPrinz,empty_page,,,,,,,,,"If you have  Telegram , you can contact  @AryanPrinz  right away.",200,2026-10-06T09:03:36+00:00
AryanRising,alive,channel_no_preview,Aryan Rising,10,,,,,AryanRising,"🟣 Join this Chan 🟣        @AryanRising   White Aryan intellect, interests of a variety of subjects.  #Aryan #AryanFaith #WhiteUnity #WhiteCulture #WhiteFamily #WhiteHeritage #European",200,2026-10-06T09:03:38+00:00
auschwitztruth,alive,channel_no_preview,Auschwitz Truth,2971,,,,,,Yad Vashem photos show daily life in the German concentration camps during WWII was comfortable. Inmates worked. They had leisure activities and entertainment. Allied bombing of rail and road lines starved the camps in 1945 & led to typhus deaths.,200,2026-10-06T09:03:41+00:00
basededucation,empty_page,,,,,,,,,"If you have  Telegram , you can contact  @basededucation  right away.",200,2026-10-06T09:03:43+00:00
BasedHankHill,alive,channel_no_preview,Based Hank Hill,27,,,,,,"Straight outta Arlen, opening an Alamo sized can of whoop ass on all Communists! I'll tell you what, hail Victory! ⚡⚡",200,2026-10-06T09:03:46+00:00
basedireland,empty_page,,,,,,,,,"If you have  Telegram , you can contact  @basedireland  right away.",200,2026-10-06T09:03:49+00:00
basedruski2,empty_page,,,,,,,,,"If you have  Telegram , you can contact  @basedruski2  right away.",200,2026-10-06T09:03:51+00:00
BCBackToBasics,empty_page,,,,,,,,,"If you have  Telegram , you can contact  @BCBackToBasics  right away.",200,2026-10-06T09:03:54+00:00
beadymanor,empty_page,,,,,,,,,"If you have  Telegram , you can contact  @beadymanor  right away.",200,2026-10-06T09:03:57+00:00
BillCooperFollower,empty_page,,,,,,,,,"If you have  Telegram , you can contact  @BillCooperFollower  right away.",200,2026-10-06T09:03:59+00:00
BitChute_Aktivisten,alive,channel,Aktivisten in BitChute - YouTube schafft sich ab!,258,,2024-06-24T23:34:51+00:00,0,0,BitChute,Hier werden die Videos erst recht geteilt!   - DetlefF - Digitaler Chronist - Frank Kraemer - Gerhard Wisnewski - Heiko Schrang - Kai aus Hannover - Martin Sellner - Oliver Janich - UNBLOGD - Volkslehrer  Informationen in Englisch  @BitChute,200,2026-10-06T09:04:02+00:00
BitterBreadAndWine,alive,channel,Bitter Bread and Wine by The FolkSchool Network,152,,2021-05-26T15:03:10+00:00,0,0,,"The diversity file, for posterity.",200,2026-10-06T09:04:05+00:00
BLMglobal,alive,channel_no_preview,BLMglobal,306,,,,,BLMglobal4,Help us fight white racism and black oppression by donating via bitcoin   1MumJSzPKbrjTFcs691C7FrXDyMXVVbrdt  backup channel  @BLMglobal4,200,2026-10-06T09:04:08+00:00
boomerwafden,empty_page,,,,,,,,,"If you have  Telegram , you can contact  @boomerwafden  right away.",200,2026-10-06T09:04:10+00:00
bowlingalone,empty_page,,,,,,,,,"If you have  Telegram , you can contact  @bowlingalone  right away.",200,2026-10-06T09:04:13+00:00
brexitwaffen,alive,channel_no_preview,The Brexitwaffen Division,33,,,,,,Mosley pilled shitposting and esoteric racism.  Our admins are not responsible for your homosexual activities.,200,2026-10-06T09:04:16+00:00
BrianoflondonTalks,alive,channel,Dr Brian of London   🇮🇱,320,,2026-07-14T17:12:39+00:00,0,0,,Brian of London,200,2026-10-06T09:04:19+00:00
Celtiqued101,empty_page,,,,,,,,,"If you have  Telegram , you can contact  @Celtiqued101  right away.",200,2026-10-06T09:04:23+00:00
Cesspool,empty_page,,,,,,,,,"If you have  Telegram , you can contact  @Cesspool  right away.",200,2026-10-06T09:04:25+00:00
Charles_Calthrops,alive,channel_no_preview,The Rock of Dun Eiden. The Guardian of the Anglosphere North.,2,,,,,,Ethnic Scotsman born in Rhodesia. And now back home and Shining a light on the creatures of the Night.,200,2026-10-06T09:04:28+00:00
chileanshitposts,alive,channel_no_preview,Chile/pol/ station 🇨🇱,154,,,,,ChannelCollection,Chilean shitposting More channels in  @ChannelCollection  🇬🇧EN/ES🇨🇱,200,2026-10-06T09:04:31+00:00
ChristReich,empty_page,,,,,,,,,"If you have  Telegram , you can contact  @ChristReich  right away.",200,2026-10-06T09:04:35+00:00
CifutProblematik,empty_page,,,,,,,,,"If you have  Telegram , you can contact  @CifutProblematik  right away.",200,2026-10-06T09:04:38+00:00
cis_white_male,empty_page,,,,,,,,,"If you have  Telegram , you can contact  @cis_white_male  right away.",200,2026-10-06T09:04:41+00:00
CLuncensored,alive,channel_no_preview,counter left uncensored,601,,,,,,Israeli Alliance Fan Club,200,2026-10-06T09:04:44+00:00
CommunistLibrary,empty_page,,,,,,,,,"If you have  Telegram , you can contact  @CommunistLibrary  right away.",200,2026-10-06T09:04:47+00:00
conquistagoy,alive,channel_no_preview,Conquistagoy,68,,,,,,,200,2026-10-06T09:04:50+00:00
conservativeharmony,empty_page,,,,,,,,,"If you have  Telegram , you can contact  @conservativeharmony  right away.",200,2026-10-06T09:04:55+00:00
cousinofsleeps,empty_page,,,,,,,,,"If you have  Telegram , you can contact  @cousinofsleeps  right away.",200,2026-10-06T09:04:57+00:00
Cr0Magnon1215,empty_page,,,,,,,,,"If you have  Telegram , you can contact  @Cr0Magnon1215  right away.",200,2026-10-06T09:05:00+00:00
CritiquedIreland,alive,channel_no_preview,Critiqued,175,,,,,,"Ethnic Irish Identity, Nationalism, Culture, Politics.",200,2026-10-06T09:05:03+00:00
CulturalExile14,alive,channel,CulturalExile,64,,2025-10-21T16:17:29+00:00,0,0,ChannelCollection,Member of  @ChannelCollection,200,2026-10-06T09:05:06+00:00
cummunistturbo,alive,channel,Cummunist Propaganda ☭,1260,,2026-08-12T04:28:31+00:00,0,0,CommunistPact,"Be gay, do crimes, and meme at a dying world. (member of  @CommunistPact )",200,2026-10-06T09:05:11+00:00
dailyredpill,alive,channel,Your daily catloaf,222,,2022-06-29T10:30:33+00:00,0,0,,Posts in english.,200,2026-10-06T09:05:15+00:00
danerikssonSE,alive,channel,Dan Eriksson (Vårdkasen),1050,,2026-10-05T19:17:27+00:00,14,20,,Father | Writer | Analyst | Podcaster | Organizer    🇸🇪    www.daneriksson.com    🇬🇧    english.daneriksson.com,200,2026-10-06T09:05:18+00:00
dank_maymays,alive,channel,Dank MayMays,90,,2025-04-02T00:48:01+00:00,0,0,,Reddit Sux,200,2026-10-06T09:05:21+00:00
darrylrevok,empty_page,,,,,,,,,"If you have  Telegram , you can contact  @darrylrevok  right away.",200,2026-10-06T09:05:24+00:00
datapac,empty_page,,,,,,,,,"If you have  Telegram , you can contact  @datapac  right away.",200,2026-10-06T09:05:27+00:00
DAVEYTRUMPNEWS,alive,channel_no_preview,DAVEY TRUMP!! 🇬🇧🏴󠁧󠁢󠁥󠁮󠁧󠁿,179,,,,,,CRAZY VIDS OF THE CRAZY LEFT!!,200,2026-10-06T09:05:30+00:00
DeepEcology,empty_page,,,,,,,,,"If you have  Telegram , you can contact  @DeepEcology  right away.",200,2026-10-06T09:05:33+00:00
DerVPN,alive,channel_no_preview,Based Der Fuhrer,1055,,,,,,"We post funny, interesting and cool shit. Old Hitler and Nazi videos along with Breaking News as well. We dont claim any rights to the videos shared. For entertainment and educational purposes only. We do not make any money from this page!",200,2026-10-06T09:05:35+00:00
DestoryTheSoy,alive,channel,Destroy The Soy,638,,2026-09-09T20:13:34+00:00,0,1,,"I wondered why the ball was getting bigger, And then; it hit me.   Silly seriousness only.   #WeAreWhoWeAre",200,2026-10-06T09:05:38+00:00
dextrospeaks,alive,channel_no_preview,LucasSanga~Free Speech Corner,2,,,,,,A space for free thought and discussion,200,2026-10-06T09:05:40+00:00
DickbuttMemes,alive,group,Dickbutt Kitchen,,23,,,,,,200,2026-10-06T09:05:43+00:00
DissidentAction,empty_page,,,,,,,,,"If you have  Telegram , you can contact  @DissidentAction  right away.",200,2026-10-06T09:05:46+00:00
diversityisastrength,empty_page,,,,,,,,,"If you have  Telegram , you can contact  @diversityisastrength  right away.",200,2026-10-06T09:05:48+00:00
diversitymachtfrei,alive,channel_no_preview,DiversityMachtFrei,102,,,,,,,200,2026-10-06T09:05:51+00:00
DogeSpeaks,empty_page,,,,,,,,,"If you have  Telegram , you can contact  @DogeSpeaks  right away.",200,2026-10-06T09:05:53+00:00
DOPSA18,empty_page,,,,,,,,,"If you have  Telegram , you can contact  @DOPSA18  right away.",200,2026-10-06T09:05:56+00:00
EAHAWhite,alive,channel,European Historical Society,404,,2026-09-10T01:38:23+00:00,0,1,EAHAWhite,"European American Association (EAA). Men of European descent coming together to preserve their heritage, race, and nation.  https://t.me/EAHAWhite/1616",200,2026-10-06T09:05:58+00:00
EarthlingCarl,alive,channel_no_preview,Earthling Carl,1234,,,,,,Official Telegram for Earthling Carl YouTube channel  Gab - Gab.com/EarthlingCarl  BitChute - https://www.bitchute.com/channel/r1XT0kIngGZt/,200,2026-10-06T09:06:01+00:00
econazi,empty_page,,,,,,,,,"If you have  Telegram , you can contact  @econazi  right away.",200,2026-10-06T09:06:04+00:00
edmundmartyr,alive,channel,Martyr's Deep Mag!,6,,2020-03-18T18:58:48+00:00,0,0,,"Edmund Martyr's Deep Mag, where the 'HE Ammo' is stored for future firing againt enemy nonsense!",200,2026-10-06T09:06:07+00:00
ELPjq,alive,channel_no_preview,ELP: The JQ (NSFW),90,,,,,ELPgroupchat,"Ethos Logos Pathos sub category channel dedicated to taking a serious look at the Jewish Question Warning, content in this channel does not shy away from criticism of jews as a group. Discussion in  @ELPgroupchat",200,2026-10-06T09:06:10+00:00
EmilyYoucis,alive,channel_no_preview,Emily Youcis,3190,,,,,,The Official Video Archive of Emily Youcis,200,2026-10-06T09:06:12+00:00
emperorillustratumable,alive,channel_no_preview,illustratumable,119,,,,,,I used to be a Roman Emporer or something | 🤡 🌎 Marcus Aurelius lives on,200,2026-10-06T09:06:15+00:00
etnostra,alive,channel,Europa Terra Nostra,1740,,2026-10-03T07:39:05+00:00,1,5,,"Bringing European Nationalists together. Europe is our home, and we will defend her until our last breath. Be a part of the new Reconquista, join Europa Terra Nostra today  https://www.etnostra.com",200,2026-10-06T09:06:18+00:00
EwigeWahrheiten,empty_page,,,,,,,,,"If you have  Telegram , you can contact  @EwigeWahrheiten  right away.",200,2026-10-06T09:06:21+00:00
ExposedNose,alive,channel_no_preview,The Uncomfortable Truth,822,,,,,,The Inconvenient Reality,200,2026-10-06T09:06:23+00:00
ExposeTheNose,empty_page,,,,,,,,,"If you have  Telegram , you can contact  @ExposeTheNose  right away.",200,2026-10-06T09:06:26+00:00
exposingculturalmarxism,empty_page,,,,,,,,,"If you have  Telegram , you can contact  @exposingculturalmarxism  right away.",200,2026-10-06T09:06:28+00:00
FascistActionComingThrough,empty_page,,,,,,,,,"If you have  Telegram , you can contact  @FascistActionComingThrough  right away.",200,2026-10-06T09:06:31+00:00
fash1848,empty_page,,,,,,,,,"If you have  Telegram , you can contact  @fash1848  right away.",200,2026-10-06T09:06:34+00:00
fashwave3,alive,channel,Fashwave   🌞,4920,,2026-10-04T16:46:30+00:00,1,3,,,200,2026-10-06T09:06:36+00:00
fashwave6,empty_page,,,,,,,,,"If you have  Telegram , you can contact  @fashwave6  right away.",200,2026-10-06T09:06:39+00:00
FBG420,alive,channel_no_preview,Gamer Bunker,30,,,,,,I am a gamer I have read Mein Kampf I dislike dark people and nose people (In minecraft),200,2026-10-06T09:06:42+00:00
FJCruisers,alive,channel_no_preview,Toyota FJ Cruisers,4,,,,,,,200,2026-10-06T09:06:44+00:00
FK_DivisionOFFICIAL,empty_page,,,,,,,,,"If you have  Telegram , you can contact  @FK_DivisionOFFICIAL  right away.",200,2026-10-06T09:06:47+00:00
FlorianHomm,alive,channel,Florian Homm und andere - Benachrichtigungen Channel,2580,,2026-10-06T05:48:37+00:00,10,14,,In diesem Channel gibt es Inhalte von Florian Homm und andere sehenswerte Inhalte. Support-Channel. (Offizieller Kanal:  https://www.youtube.com/@FlorianHommOfficial ),200,2026-10-06T09:06:50+00:00
frankefrederick,alive,channel,Frederick Frankenstein,,,2022-06-12T18:24:44+00:00,0,0,FrankeFrederick,What the left is doing! creating a monster... > > Twitter:  @FrankeFrederick,200,2026-10-06T09:06:52+00:00
Fuhr33,empty_page,,,,,,,,,"If you have  Telegram , you can contact  @Fuhr33  right away.",200,2026-10-06T09:06:55+00:00
gay_trans_agenda,alive,channel_no_preview,Gay Trans P**ophile Agenda,1893,,,,,randomanonch1 randomanonchannel_bot randommeetingpoint,Channel to expose the Gay/Trasgender/P**ophile agenda promoted by Jews.  Main channel: t.me/randomanonch1 Regroup channel: t.me/randommeetingpoint Admin bot: t.me/randomanonchannel_bot,200,2026-10-06T09:06:57+00:00
GDL4LIFE,alive,channel_no_preview,GoyimTV.com,5624,,,,,GTVUNC,"GoyimTV.TV ""Naming the JEW is what we do"" GTV Archive 1: https://t.me/GTVUNC GoyimTV Archive 2: GTV Stickers & Flyers:",200,2026-10-06T09:07:00+00:00
gearmurphy,empty_page,,,,,,,,,"If you have  Telegram , you can view posts by  @gearmurphy  right away.",200,2026-10-06T09:07:04+00:00
gentlybenevolent,empty_page,,,,,,,,,"If you have  Telegram , you can contact  @gentlybenevolent  right away.",200,2026-10-06T09:07:07+00:00
genxny,alive,channel_no_preview,GenX NY,39,,,,,,,200,2026-10-06T09:07:10+00:00
glynntone,empty_page,,,,,,,,,"If you have  Telegram , you can contact  @glynntone  right away.",200,2026-10-06T09:07:12+00:00
GoodGoyim,empty_page,,,,,,,,,"If you have  Telegram , you can contact  @GoodGoyim  right away.",200,2026-10-06T09:07:15+00:00
GoyimNewsNetwork,empty_page,,,,,,,,,"If you have  Telegram , you can contact  @GoyimNewsNetwork  right away.",200,2026-10-06T09:07:18+00:00
greentextshitposting,alive,channel_no_preview,Christian Greentext Coalposting,3463,,,,,,Penis,200,2026-10-06T09:07:21+00:00
guidetokulchur,alive,channel,GTK Radio (Guide to Kulchur),4850,,2026-10-05T18:52:00+00:00,4,11,,GTK Radio:  gtkradio.com   Donate:  gtkradio.com/donate   Links:  https://bio.link/guidetokulchur,200,2026-10-06T09:07:23+00:00
HandsomeTruth,alive,channel_no_preview,👎 DOWN THUMBING 👎 JEWISH ✡️ PROPAGANDA,582,,,,,,,200,2026-10-06T09:07:27+00:00
hapaperspective,alive,channel,HapaPerspective   🇺🇸,3120,,2026-10-06T03:40:39+00:00,20,20,thehapaperspective,"A wicked Hapa of the West, for the West. We must reclaim America.  If you like my work, please consider buying me a cup of coffee:  buymeacoffee.com/HapaPerspective   If you want to direct message me:  @thehapaperspective",200,2026-10-06T09:07:29+00:00
HateFacts,alive,channel_no_preview,HATE FACTS,6177,,,,,,Follow us on Odysee: https://odysee.com/@HateFacts:b  Follow us on GAB here: https://gab.com/HateFactsOfficial  The opinions expressed by us are exaggerated for the purpose of satire and entertainment.,200,2026-10-06T09:07:32+00:00
herewegooooo,empty_page,,,,,,,,,"If you have  Telegram , you can contact  @herewegooooo  right away.",200,2026-10-06T09:07:35+00:00
hiddentruthvideos,alive,channel_no_preview,Hidden Truth,21086,,,,,,Backup channel: https://t.me/+OGQmIUF0vRxhYzcx  This channel houses a collection of old films and censored videos. It's recommended you watch Europa: The Last Battle. Check pinned message for Europa and the channel Hub.,200,2026-10-06T09:07:37+00:00
HistoryClearinghouse,alive,channel,History Clearinghouse   📜,2130,,2026-10-05T22:20:53+00:00,15,15,,"Real history has been subverted & hidden.  This channel features articles & sources that right the wrongs. The ancients & their descendants fought & lived, fought & died  Wishing you well in this day  Reclaim the world they left you, help spread the word",200,2026-10-06T09:07:40+00:00
hitl999,empty_page,,,,,,,,,"If you have  Telegram , you can contact  @hitl999  right away.",200,2026-10-06T09:07:43+00:00
holocaustliesexposed,alive,channel_no_preview,Holocaust Lies Exposed,1511,,,,,TheBunkerGate,Unofficial mirror of https://www.bitchute.com/channel/9EVMKBtR18V5. Updated biweekly.  Channels:  @TheBunkerGate  XMR: 85eb8TT9C5BAJnTno4ws6LEyAN4BB26NXWcX4r4G7U6D9ZmwgCLBvnsSPqETdX4Njo2mw9m5LwBiQdTgwr32Fhq3VQhEusW,200,2026-10-06T09:07:46+00:00
HoloHoax3,alive,channel_no_preview,HoloHoax : TyphusCaust,287,,,,,,"Proving the Holocaust was a Hoax, & that 296,081 German WW2 War camp inmates died (in total) of Typhus. Less than half of which were Jews.",200,2026-10-06T09:07:49+00:00
holohoax_memes1,alive,channel_no_preview,Holohoax Memes and Info,1039,,,,,joinchat randomanonch1 randomanonchannel_bot randommeetingpoint,Channel to post Holohoax memes and related information.  Old: t.me/joinchat/Uk7EkaTmBBuyTbOG  Main channel: t.me/randomanonch1 Regroup channel: t.me/randommeetingpoint Admin bot: t.me/randomanonchannel_bot,200,2026-10-06T09:07:52+00:00
hoolahaaan,empty_page,,,,,,,,,"If you have  Telegram , you can contact  @hoolahaaan  right away.",200,2026-10-06T09:07:55+00:00
HUGOSFAVORITE,empty_page,,,,,,,,,"If you have  Telegram , you can contact  @HUGOSFAVORITE  right away.",200,2026-10-06T09:07:58+00:00
hulkhogangroyp,empty_page,,,,,,,,,"If you have  Telegram , you can contact  @hulkhogangroyp  right away.",200,2026-10-06T09:08:00+00:00
huxvhrhi465434,empty_page,,,,,,,,,"If you have  Telegram , you can contact  @huxvhrhi465434  right away.",200,2026-10-06T09:08:04+00:00
huzzar,empty_page,,,,,,,,,"If you have  Telegram , you can contact  @huzzar  right away.",200,2026-10-06T09:08:07+00:00
I_Love_Hate_Speech,alive,channel_no_preview,I LOVE HATE SPEECH,425,,,,,,Hate is Love & Love is hating Niggers,200,2026-10-06T09:08:09+00:00
infoandshit,empty_page,,,,,,,,,"If you have  Telegram , you can contact  @infoandshit  right away.",200,2026-10-06T09:08:12+00:00
InfoRelayDepot,alive,channel_no_preview,Relay Info Depot,50,,,,,,"*Vid Bot Included, /a before putting the link gives you the audio version of a vid* A Place to Forward from other groups to again Mass Forward from this channel,  ask  to be added as Admin In this channel",200,2026-10-06T09:08:15+00:00
internationalblackshirts,empty_page,,,,,,,,,"If you have  Telegram , you can contact  @internationalblackshirts  right away.",200,2026-10-06T09:08:18+00:00
InternetRe,empty_page,,,,,,,,,"If you have  Telegram , you can contact  @InternetRe  right away.",200,2026-10-06T09:08:20+00:00
invictusmaneo2077,alive,channel_no_preview,Punished Dissident ☠️ (Late Stage Canada Edition),2063,,,,,,"The collapse isn't coming, it's here.  Izanamis Boundless Horizon Art https://ko-fi.com/invictusmaneo2077",200,2026-10-06T09:08:23+00:00
IrelandsWoes,alive,channel_no_preview,Irelands Woes 🇮🇪,2587,,,,,,"We need to scrap the 100,000 welcomes lads!",200,2026-10-06T09:08:46+00:00
irishpatriots,alive,channel,Irish Patriots,2300,,2026-10-04T17:55:30+00:00,1,5,channelcollection,Irish Nationalist channel  @channelcollection,200,2026-10-06T09:08:48+00:00
IRISHREBELLION,empty_page,,,,,,,,,"If you have  Telegram , you can contact  @IRISHREBELLION  right away.",200,2026-10-06T09:08:51+00:00
ItsOkayToBeWhiteAndRight,alive,channel,It's Okay To be White.,92,,2022-03-06T09:17:59+00:00,0,0,,No other description is needed!,200,2026-10-06T09:08:54+00:00
ivor_cummins,empty_page,,,,,,,,,"If you have  Telegram , you can contact  @ivor_cummins  right away.",200,2026-10-06T09:08:57+00:00
JESUS_warned_us_about_THEM1,empty_page,,,,,,,,,"If you have  Telegram , you can contact  @JESUS_warned_us_about_THEM1  right away.",200,2026-10-06T09:09:00+00:00
Jewicide,alive,channel_no_preview,💥 Jewicide 🔥,11,,,,,,,200,2026-10-06T09:09:03+00:00
jeworldodor,empty_page,,,,,,,,,"If you have  Telegram , you can contact  @jeworldodor  right away.",200,2026-10-06T09:09:05+00:00
joggersjog,alive,channel_no_preview,Joggers,9,,,,,,for the love of Jogging,200,2026-10-06T09:09:08+00:00
johnchap8,alive,channel_no_preview,John Chapter 8,24,,,,,,"Our Lord & Savior Jesus Christ declared that the jews who refused to recognize Him as the Messiah were NOT the Chosen of God, nor are they the sons of Abraham's blessings! They are the lying, murderous children of the devil and they do work of satan!",200,2026-10-06T09:09:10+00:00
JQanonheadquarters,alive,channel_no_preview,JQanon,33,,,,,,Powered by OMTO OccidentalTemplars.com,200,2026-10-06T09:09:14+00:00
justwhitegoyimthings,alive,channel_no_preview,Just white goyim things (sectarian violence meta-narratives) CENSORED BY JEWS,768,,,,,,"#growfood Tiktok videos, YouTube videos, autistic memes, conspiracy theories, music, forwarded messages and posts from other channels and growing food.  Welcome!  https://youtu.be/ZAn3JdtSrnY  https://youtu.be/dGUlluHZ92A https://youtu.be/yAv5pLO37mE",200,2026-10-06T09:09:17+00:00
KatoMemesmith,alive,channel_no_preview,KATO (SUB TO @KATOKAOSKVLT),352,,,,,KATOKAOSKVLT,"Both Google and Apple are fucking the channel, so go sub to the new one  @KATOKAOSKVLT",200,2026-10-06T09:09:19+00:00
keith_woods,alive,channel,Keith Woods,28100,,2026-09-27T20:56:45+00:00,0,6,,https://keithwoods.com,200,2026-10-06T09:09:22+00:00
Klementholohoax6gorillion,empty_page,,,,,,,,,"If you have  Telegram , you can contact  @Klementholohoax6gorillion  right away.",200,2026-10-06T09:09:25+00:00
kommited,empty_page,,,,,,,,,"If you have  Telegram , you can contact  @kommited  right away.",200,2026-10-06T09:09:28+00:00
KosherNetwork,alive,channel_no_preview,Kosher Network 🕎,4,,,,,,Just a jew ✡ working for the Jewish ✡ Mafia.  Open borders for israel. Jews ✡ need more diversity so jews ✡ can survive.  🕎 🔯,200,2026-10-06T09:09:30+00:00
Kraken_Wood,empty_page,,,,,,,,,"If you have  Telegram , you can contact  @Kraken_Wood  right away.",200,2026-10-06T09:09:33+00:00
La_Reconquista,alive,user_or_bot,Leonid,,,,,,,,200,2026-10-06T09:09:36+00:00
labourfaust,alive,channel,Labour-Faust,11,,2022-10-21T22:50:33+00:00,0,0,,"Single use, armour piercing projectile. Requires little to no training.",200,2026-10-06T09:09:39+00:00
Larrypulledit,alive,channel_no_preview,Luck Larry's WTC🛬🏙🔥,79,,,,,,"Check in and wait for the bang, memes, antisemitism, and hate. ""Pull it!""",200,2026-10-06T09:09:42+00:00
lauratowler,alive,channel,Laura Towler,9220,,2026-10-05T08:24:24+00:00,9,16,,"Wife and mum, British nationalist, Deputy Leader of Patriotic Alternative and owner of Grandma Towler's tea shop:  https://www.grandmatowlers.co.uk/",200,2026-10-06T09:09:45+00:00
Liberal_Maniacal_Psychosis_Arc,alive,channel,Liberal_Maniacal_Psychosis_Archive & Rehab_Clinic  ™,86,,2022-07-28T22:05:36+00:00,0,0,,»Liberal Maniacal Psychosis »Share the Links »Redpill the World,200,2026-10-06T09:09:48+00:00
libertaryanchannel,alive,channel_no_preview,/lrg/ Broadcasting Station,133,,,,,,All things right-wing libertarian. Tread lightly.,200,2026-10-06T09:09:51+00:00
Life_Love_Laugh,alive,channel,Lebe Liebe Lache,581,,2025-06-01T10:11:09+00:00,0,0,,"Das Leben ist eindeutig zu kurz, dass wir einer Hiobsbotschaft nach der anderen hinterherjagen.  Dieser Kanal steht zu seinem Titel. Lebe, liebe und lache, jeden einzelnen Tag!",200,2026-10-06T09:09:54+00:00
liftwaffle,empty_page,,,,,,,,,"If you have  Telegram , you can contact  @liftwaffle  right away.",200,2026-10-06T09:09:56+00:00
lill_frigg1488,alive,channel_no_preview,Lill Friggs Beer Hall,9,,,,,,Non kosher news and lolz 💕,200,2026-10-06T09:09:59+00:00
LOSTBOYEVSKY,empty_page,,,,,,,,,"If you have  Telegram , you can contact  @LOSTBOYEVSKY  right away.",200,2026-10-06T09:10:02+00:00
MAFAitsthejewsstupid,alive,channel_no_preview,MAFA.. It's The Jews,35,,,,,,Information about the consolidation of power by the synagogue of satan,200,2026-10-06T09:10:04+00:00
MAKEAMERICAWHITE1488,empty_page,,,,,,,,,"If you have  Telegram , you can contact  @MAKEAMERICAWHITE1488  right away.",200,2026-10-06T09:10:07+00:00
makefreedoms,empty_page,,,,,,,,,"If you have  Telegram , you can contact  @makefreedoms  right away.",200,2026-10-06T09:10:09+00:00
markacollett,alive,channel,Mark Collett,20400,,2026-10-06T08:12:00+00:00,20,20,,,200,2026-10-06T09:10:12+00:00
martinezperspective,empty_page,,,,,,,,,"If you have  Telegram , you can contact  @martinezperspective  right away.",200,2026-10-06T09:10:14+00:00
MaskiesMediaMadness,empty_page,,,,,,,,,"If you have  Telegram , you can contact  @MaskiesMediaMadness  right away.",200,2026-10-06T09:10:17+00:00
MelvinFinkelstein,alive,channel,Melvin Finkelstein,4,,2022-12-07T22:16:21+00:00,0,0,,Are you a jew?,200,2026-10-06T09:10:20+00:00
MentallyStable,empty_page,,,,,,,,,"If you have  Telegram , you can contact  @MentallyStable  right away.",200,2026-10-06T09:10:23+00:00
MikeEnochPeinovich,alive,channel,Mike Enoch Peinovich,685,,2021-03-28T02:04:41+00:00,0,0,mpeinovich,Twitter archive for right-wing political pundit Mike Enoch Peinovich.  Follow Mike’s official Telegram channel here:  https://t.me/mpeinovich,200,2026-10-06T09:10:25+00:00
MoreTankieChapo,empty_page,,,,,,,,,"If you have  Telegram , you can contact  @MoreTankieChapo  right away.",200,2026-10-06T09:10:28+00:00
mpvids,alive,channel,MartinezPerspective Vids,3350,,2026-10-05T12:25:31+00:00,1,1,martinezpolitix,Pro-European / New TG:  t.me/martinezpolitix  / Twitter:  https://twitter.com/MartinezPolitix,200,2026-10-06T09:10:30+00:00
nation110,alive,channel_no_preview,110th Nation,82,,,,,,,200,2026-10-06T09:10:33+00:00
NationalistOrder,empty_page,,,,,,,,,"If you have  Telegram , you can contact  @NationalistOrder  right away.",200,2026-10-06T09:10:35+00:00
natsocunited1,empty_page,,,,,,,,,"If you have  Telegram , you can contact  @natsocunited1  right away.",200,2026-10-06T09:10:37+00:00
NatSocWW,alive,channel_no_preview,World Wide NatSoc,242,,,,,,A Page Dedicated for ALL Nationalist-Socialist,200,2026-10-06T09:10:40+00:00
NazBol,empty_page,,,,,,,,,"If you have  Telegram , you can contact  @NazBol  right away.",200,2026-10-06T09:10:42+00:00
nggrz,empty_page,,,,,,,,,"If you have  Telegram , you can contact  @nggrz  right away.",200,2026-10-06T09:10:45+00:00
NickGriffin,alive,channel,Nick Griffin,6630,,2026-10-03T12:51:12+00:00,2,17,,"""Been there, done that, know a better way"". Using unrivalled experience to help Generation Z win a future for white children.",200,2026-10-06T09:10:47+00:00
niggersplatterthesecond1,empty_page,,,,,,,,,"If you have  Telegram , you can contact  @niggersplatterthesecond1  right away.",200,2026-10-06T09:10:50+00:00
ninenein,alive,user_or_bot,Chod Thundercack,,,,,,,,200,2026-10-06T09:10:53+00:00
NoChanceYT,alive,channel,No Chance,1970,,2026-09-14T13:36:42+00:00,0,1,,Find all my stuff here:  https://linktr.ee/NaeChance,200,2026-10-06T09:10:55+00:00
NordicSunBudapest,alive,channel_no_preview,"Active , uncensored channel: https://t.me/nordicsunrecordsbudapest",718,,,,,nordicsunrecordsbudapest,"Active , uncensored channel: https://t.me/nordicsunrecordsbudapest",200,2026-10-06T09:10:58+00:00
nsmmedia,empty_page,,,,,,,,,"If you have  Telegram , you can contact  @nsmmedia  right away.",200,2026-10-06T09:11:00+00:00
OGTVG,alive,channel_no_preview,TV Guide,417,,,,,,Your main source for online media,200,2026-10-06T09:11:03+00:00
OKGroomerMunitionsFactory,alive,channel_no_preview,/OKGG/ OK Groomer General,69,,,,,OKGroomer,KeK Novit KeK Skit  https://t.me/OKGroomer,200,2026-10-06T09:11:05+00:00
OneEyedJackRussell,alive,channel,One Eyed Jack.,1160,,2025-07-01T20:11:29+00:00,0,0,,,200,2026-10-06T09:11:08+00:00
opposumgang,empty_page,,,,,,,,,"If you have  Telegram , you can contact  @opposumgang  right away.",200,2026-10-06T09:11:11+00:00
owlwaffen,empty_page,,,,,,,,,"If you have  Telegram , you can contact  @owlwaffen  right away.",200,2026-10-06T09:11:14+00:00
PappyUncensored,empty_page,,,,,,,,,"If you have  Telegram , you can contact  @PappyUncensored  right away.",200,2026-10-06T09:11:16+00:00
PatAltSW,alive,channel,Patriotic Alternative South West,343,,2026-09-07T07:51:58+00:00,0,1,,SouthWest@PatrioticAlternative.org.uk,200,2026-10-06T09:11:18+00:00
patreinhard,empty_page,,,,,,,,,"If you have  Telegram , you can contact  @patreinhard  right away.",200,2026-10-06T09:11:21+00:00
PatrioticChris,alive,channel,Chris Mitchell,1540,,2026-10-06T06:19:53+00:00,20,20,,,200,2026-10-06T09:11:24+00:00
PatrioticGroypers,alive,channel,Patriotic Groypers News Room,407,,2023-02-04T18:59:24+00:00,0,0,,,200,2026-10-06T09:11:27+00:00
patriotspace,empty_page,,,,,,,,,"If you have  Telegram , you can contact  @patriotspace  right away.",200,2026-10-06T09:11:30+00:00
PatTalk,alive,channel,Patriotic Talk Channel,245,,2022-12-10T22:17:01+00:00,0,0,,The real home of Patriotic Talk   🇬🇧,200,2026-10-06T09:11:34+00:00
PaxTube,alive,channel,Pax Tube,5920,,2026-10-04T05:55:42+00:00,1,7,,Video creator and writer.  Youtube:  https://www.youtube.com/c/PaxTubeChannel   Substack:  https://substack.com/@paxtube,200,2026-10-06T09:11:36+00:00
PlagueDoctorRitz,alive,channel_no_preview,𝕻𝖑𝖆𝖌𝖚𝖊 𝕯𝖔𝖈𝖙𝖔𝖗 𝕻𝖗𝖊𝖘𝖊𝖓𝖙𝖆𝖙𝖎𝖔𝖓𝖘,244,,,,,DoctorRitz,Gab~ https://gab.com/TheRitz WTV~ https://worldtruthvideos.website/@DrRitz Minds~ https://www.minds.com/doctorritz Parler~  @DoctorRitz,200,2026-10-06T09:11:39+00:00
pol_4chan,empty_page,,,,,,,,,"If you have  Telegram , you can contact  @pol_4chan  right away.",200,2026-10-06T09:11:42+00:00
pol_memes_cartoons,empty_page,,,,,,,,,"If you have  Telegram , you can contact  @pol_memes_cartoons  right away.",200,2026-10-06T09:11:45+00:00
politicalshitpostersUK,empty_page,,,,,,,,,"If you have  Telegram , you can contact  @politicalshitpostersUK  right away.",200,2026-10-06T09:11:48+00:00
portapottychannel,empty_page,,,,,,,,,"If you have  Telegram , you can contact  @portapottychannel  right away.",200,2026-10-06T09:11:50+00:00
ppol5,alive,user_or_bot,#k1pp,,,,,,,,200,2026-10-06T09:11:53+00:00
professorhonkleberg,alive,channel,Professor Jeremiah Honkleberg,170,,2021-02-16T12:33:28+00:00,0,0,,Welcome to the official Telegram Channel of Professor Jeremiah Honkleberg,200,2026-10-06T09:11:56+00:00
prowhitetv,empty_page,,,,,,,,,"If you have  Telegram , you can contact  @prowhitetv  right away.",200,2026-10-06T09:11:58+00:00
r_communism,alive,channel,/r/communism,107,,2026-10-06T05:35:22+00:00,19,20,r_channels reddit2telegram,For the theory and practice of Marxism  Powered by  @r_channels  and  @reddit2telegram,200,2026-10-06T09:12:01+00:00
r_latestagecapitalism,alive,channel,/r/latestagecapitalism,2920,,2026-10-06T08:20:41+00:00,20,20,r_channels,The best of the worst of capitalism and its bootlickers.  /r/latestagecapitalism now on Telegram. Thank you  @r_channels !,200,2026-10-06T09:12:04+00:00
RaidFest333,empty_page,,,,,,,,,"If you have  Telegram , you can contact  @RaidFest333  right away.",200,2026-10-06T09:12:06+00:00
randomreposts,alive,channel,random reposts,54,,2026-10-06T06:33:05+00:00,20,20,half_life_stuff hasl_incurious,Reposting stuff from vk/twitter/youtube Valve related channel:  @half_life_stuff  Me:  @hasl_incurious,200,2026-10-06T09:12:09+00:00
rcet_v_g11n,empty_page,,,,,,,,,"If you have  Telegram , you can contact  @rcet_v_g11n  right away.",200,2026-10-06T09:12:12+00:00
realisticaryanperspective,alive,channel,Realistic Aryan Perspective,2040,,2023-09-09T17:26:56+00:00,0,0,,"A personal archive of info on banned topics. Jewry/Zionism Marxism/Bolshevism the Holohoax, crimes and genocides, NatSoc & subverted history, Kalergi, podcast movies docs audiobooks etc. Use search, pinned & Hashtags.   https://odysee.com/@Distant_Enigma:8",200,2026-10-06T09:12:14+00:00
RealNazbol2,empty_page,,,,,,,,,"If you have  Telegram , you can contact  @RealNazbol2  right away.",200,2026-10-06T09:12:17+00:00
realnickjfuentes,empty_page,,,,,,,,,"If you have  Telegram , you can contact  @realnickjfuentes  right away.",200,2026-10-06T09:12:20+00:00
redpillbooklinks,alive,channel_no_preview,Red Pill Bibliotech,437,,,,,,Digital tsundoku and dank memes for the based and galaxy brained.  Monero tips: xmr:83QxQZHsmNGUddagdyw5PUEhiFMxEBTyKCFYpxCSz6my6oVkVNwctes5gKj176AvH7XzRyN9mVnZYjkoE2LMoa2VKtEmodb,200,2026-10-06T09:12:22+00:00
RedpillDump,empty_page,,,,,,,,,"If you have  Telegram , you can contact  @RedpillDump  right away.",200,2026-10-06T09:12:25+00:00
RedPillVideoArchive,empty_page,,,,,,,,,"If you have  Telegram , you can view posts by  @RedPillVideoArchive  right away.",200,2026-10-06T09:12:28+00:00
RenewBritannia,empty_page,,,,,,,,,"If you have  Telegram , you can contact  @RenewBritannia  right away.",200,2026-10-06T09:12:31+00:00
ResolutionRDO,alive,channel_no_preview,🎙 Resolution RADIO 🎙,20,,,,,SonnyThomasShow,"The Telegram Channel for The Resolution RADIO Network  -  www.ResolutionRDO.com  Feat: American Dissident Voices, Firearm Trainer's Podcast,  @SonnyThomasShow , The Political Cesspool, Keep And Bear Radio & MORE",200,2026-10-06T09:12:33+00:00
ROPPENWAFFEN,empty_page,,,,,,,,,"If you have  Telegram , you can contact  @ROPPENWAFFEN  right away.",200,2026-10-06T09:12:36+00:00
saintharrison,alive,channel,Saint Harrison,2880,,2026-10-06T07:36:32+00:00,18,18,ChannelCollection,“He’s a racist” UK Labour MP “He’s not aligned with our values” UK PM “The best UK Nationalist YouTube channel” My Mum    @ChannelCollection,200,2026-10-06T09:12:38+00:00
sargon_of_akkad,alive,channel,Sargon of Akkad,5620,,2025-04-05T05:39:00+00:00,0,0,,English liberal.,200,2026-10-06T09:12:41+00:00
savethewestnow,alive,channel_no_preview,Save The West,2207,,,,,,A place for white identity and the issues that plague the West. Whites today are a world minority and the most endangered race there is.,200,2026-10-06T09:12:44+00:00
scholarofthefirstsin,alive,channel_no_preview,Scholar of the First Sin,9,,,,,BlueKatana47 PlainGhostly,"""Nothing is as it seems."" Shattering and burning down the House of Lies.  My Twitter:  @PlainGhostly  My Gab:  @BlueKatana47                                               My BitChute: https://www.bitchute.com/channel/8TPjCClSrBbU/",200,2026-10-06T09:12:46+00:00
ScottishDiversityCrimeWatch,alive,channel_no_preview,Scotland Diversity Crime Watch,98,,,,,,"News stories showing that ""Diversity"" really is our strength",200,2026-10-06T09:12:49+00:00
scottishtam,alive,channel_no_preview,Scottish Tam,158,,,,,,https://www.subscribestar.com/scottish-tam https://twitter.com/ScotlandTam I like making images.,200,2026-10-06T09:12:51+00:00
SeekersOfTruth,alive,channel_no_preview,Seekers of Truth,53,,,,,,,200,2026-10-06T09:12:54+00:00
shill_tactics1,alive,channel_no_preview,Shill Tactics Psyops D&C Cointel Censorship,262,,,,,joinchat randomanonch1 randomanonchannel_bot randommeetingpoint,Channel to expose jewish Shill tactics  Old: t.me/joinchat/UE79P6xzr0rqXnp6  Main channel: t.me/randomanonch1 Regroup channel: t.me/randommeetingpoint Admin bot: t.me/randomanonchannel_bot,200,2026-10-06T09:12:57+00:00
shitdirtymarxistglobalistssay,alive,channel,Shit Dirty Marxist Globalists Say,61,,2020-02-28T17:30:41+00:00,0,0,channelcollection,"Marxists are dirty globalist cucks who don't understand economics at all, are clueless about how the real world works and have a false sense of entitlement. Obsessed with equal distribution, they make everyone equally destitute.    🔥    @channelcollection",200,2026-10-06T09:12:59+00:00
ShitpostingFRENs,empty_page,,,,,,,,,"If you have  Telegram , you can contact  @ShitpostingFRENs  right away.",200,2026-10-06T09:13:02+00:00
SHTF_Prepping,alive,channel,SHTF,1810,,2026-10-05T10:33:00+00:00,14,14,,Things to know and do when SHTF,200,2026-10-06T09:13:04+00:00
SiolnahEireann,alive,channel,Niall McConnell  🇮🇪,571,,2026-09-29T18:45:00+00:00,1,1,,,200,2026-10-06T09:13:07+00:00
sixxmillioncookies,empty_page,,,,,,,,,"If you have  Telegram , you can contact  @sixxmillioncookies  right away.",200,2026-10-06T09:13:09+00:00
slaviawave,alive,channel_no_preview,Slaviawave,36,,,,,,Slaviawave,200,2026-10-06T09:13:12+00:00
smapwt,alive,channel_no_preview,Stolen Memes and Pro White Themes,925,,,,,,,200,2026-10-06T09:13:15+00:00
smashculturalmarxism1,empty_page,,,,,,,,,"If you have  Telegram , you can contact  @smashculturalmarxism1  right away.",200,2026-10-06T09:13:17+00:00
SmashPaganism_Secularism,empty_page,,,,,,,,,"If you have  Telegram , you can contact  @SmashPaganism_Secularism  right away.",200,2026-10-06T09:13:20+00:00
Sniper_Tower,empty_page,,,,,,,,,"If you have  Telegram , you can contact  @Sniper_Tower  right away.",200,2026-10-06T09:13:23+00:00
so_that_aryans_never_die,empty_page,,,,,,,,,"If you have  Telegram , you can contact  @so_that_aryans_never_die  right away.",200,2026-10-06T09:13:25+00:00
sonofbritain,empty_page,,,,,,,,,"If you have  Telegram , you can contact  @sonofbritain  right away.",200,2026-10-06T09:13:28+00:00
spacekike,empty_page,,,,,,,,,"If you have  Telegram , you can contact  @spacekike  right away.",200,2026-10-06T09:13:30+00:00
Sparksy,empty_page,,,,,,,,,"If you have  Telegram , you can contact  @Sparksy  right away.",200,2026-10-06T09:13:33+00:00
SunsetZone,empty_page,,,,,,,,,"If you have  Telegram , you can contact  @SunsetZone  right away.",200,2026-10-06T09:13:36+00:00
SurvivingWeimerika,empty_page,,,,,,,,,"If you have  Telegram , you can contact  @SurvivingWeimerika  right away.",200,2026-10-06T09:13:39+00:00
SurvivingWeimerikw,alive,channel_no_preview,Deleted Channel,427,,,,,,,200,2026-10-06T09:13:41+00:00
swenat,alive,channel,.,1,,2024-12-18T12:06:55+00:00,0,0,,,200,2026-10-06T09:13:44+00:00
takscorner,alive,channel_no_preview,Tak's Corner,19,,,,,,Things I think about when I'm racing down Mount Akina  https://gab.com/technolung,200,2026-10-06T09:13:47+00:00
the_texian,alive,channel_no_preview,The_Texian,108,,,,,,,200,2026-10-06T09:13:49+00:00
TheAnglosphere,alive,channel_no_preview,THE ANGLOSPHERE,37,,,,,TheAnglosphereChat,Nationalist Network  Subscribe to the chat group: https://t.me/TheAnglosphereChat,200,2026-10-06T09:13:52+00:00
theawakenedsaxon,empty_page,,,,,,,,,"If you have  Telegram , you can contact  @theawakenedsaxon  right away.",200,2026-10-06T09:13:55+00:00
thebigoven,empty_page,,,,,,,,,"If you have  Telegram , you can contact  @thebigoven  right away.",200,2026-10-06T09:13:57+00:00
TheBureauOfMemeticWarfareOG,alive,channel_no_preview,/BMW/ - The Bureau of Memetic Warfare,6438,,,,,ReligiousBMW joinchat official_rwts,"He who controls the memes, controls the universe  /BMW/ Chat https://t.me/joinchat/UrpzoCsHQI1fecQC   Old 8chan /BMW/ archive: https://archive.fo/3unmL  Right Wing Translation Squads:  @official_rwts   Religious Debate Forum: https://t.me/ReligiousBMW",200,2026-10-06T09:14:00+00:00
TheCuriousRealist,empty_page,,,,,,,,,"If you have  Telegram , you can contact  @TheCuriousRealist  right away.",200,2026-10-06T09:14:03+00:00
TheFallout,empty_page,,,,,,,,,"If you have  Telegram , you can contact  @TheFallout  right away.",200,2026-10-06T09:14:05+00:00
TheFrogsPond,empty_page,,,,,,,,,"If you have  Telegram , you can contact  @TheFrogsPond  right away.",200,2026-10-06T09:14:08+00:00
TheGoyimKnows,empty_page,,,,,,,,,"If you have  Telegram , you can contact  @TheGoyimKnows  right away.",200,2026-10-06T09:14:10+00:00
theirishnationalist,alive,channel,The Receipts,171,,2026-06-29T17:33:09+00:00,0,0,,All socials:  https://linktr.ee/petersreceipts,200,2026-10-06T09:14:13+00:00
TheJewQuestion,empty_page,,,,,,,,,"If you have  Telegram , you can contact  @TheJewQuestion  right away.",200,2026-10-06T09:14:15+00:00
TheJQ,empty_page,,,,,,,,,"If you have  Telegram , you can contact  @TheJQ  right away.",200,2026-10-06T09:14:18+00:00
TheLeaf88,empty_page,,,,,,,,,"If you have  Telegram , you can contact  @TheLeaf88  right away.",200,2026-10-06T09:14:21+00:00
therealityreport,alive,channel,The Reality Report,4630,,2026-06-25T19:33:37+00:00,0,0,,Documentarians,200,2026-10-06T09:14:23+00:00
THEREISAWARONWHITES,empty_page,,,,,,,,,"If you have  Telegram , you can contact  @THEREISAWARONWHITES  right away.",200,2026-10-06T09:14:26+00:00
theUNCENSOREDnetwork,empty_page,,,,,,,,,"If you have  Telegram , you can contact  @theUNCENSOREDnetwork  right away.",200,2026-10-06T09:14:28+00:00
TheWardenPost,alive,channel,The Warden Post,56,,2021-10-17T01:57:12+00:00,0,0,,Revolt Against the Modern World,200,2026-10-06T09:14:31+00:00
TheWarRoom1,alive,channel_no_preview,The War Room,957,,,,,BasedVideos,Video Archive Channel 👉 https://t.me/BasedVideos,200,2026-10-06T09:14:33+00:00
THEWATERS_23AAw_ATT9M,empty_page,,,,,,,,,"If you have  Telegram , you can contact  @THEWATERS_23AAw_ATT9M  right away.",200,2026-10-06T09:14:36+00:00
theweaponizedwest,alive,channel_no_preview,The weaponized west,334,,,,,,Networking contingency,200,2026-10-06T09:14:38+00:00
thezyklon_beast,empty_page,,,,,,,,,"If you have  Telegram , you can contact  @thezyklon_beast  right away.",200,2026-10-06T09:14:41+00:00
ThirdWayFashposting,empty_page,,,,,,,,,"If you have  Telegram , you can contact  @ThirdWayFashposting  right away.",200,2026-10-06T09:14:44+00:00
ThoseStillLoyal,alive,channel_no_preview,🌲Thomas Sewell Dance Club🌲,27,,,,,,Dance monkey dance.,200,2026-10-06T09:14:47+00:00
thuletide,alive,channel,Thuletide,22700,,2026-10-04T17:57:29+00:00,12,17,racerealismchannel,"Nationalist, Classical Liberal, moderate centrist (circa 1900). You can plagiarize any of my writing & content. Follow:  t.me/racerealismchannel",200,2026-10-06T09:14:50+00:00
TimesWomen,empty_page,,,,,,,,,"If you have  Telegram , you can contact  @TimesWomen  right away.",200,2026-10-06T09:14:53+00:00
TodayINoticed,empty_page,,,,,,,,,"If you have  Telegram , you can contact  @TodayINoticed  right away.",200,2026-10-06T09:14:56+00:00
TommysHeroes,empty_page,,,,,,,,,"If you have  Telegram , you can contact  @TommysHeroes  right away.",200,2026-10-06T09:14:59+00:00
TRRRNEWSRH,empty_page,,,,,,,,,"If you have  Telegram , you can contact  @TRRRNEWSRH  right away.",200,2026-10-06T09:15:02+00:00
true_anarchy,alive,channel,𝕋rue 𝔸narchy,11300,,2026-10-04T13:45:40+00:00,8,17,,The philosophy of freedom.  Welcome to True Anarchy.  Nourish your mind.,200,2026-10-06T09:15:04+00:00
TruthIsHateSpeech,alive,channel_no_preview,Truth Is Hate Speech,470,,,,,,,200,2026-10-06T09:15:07+00:00
TS38hh,empty_page,,,,,,,,,"If you have  Telegram , you can contact  @TS38hh  right away.",200,2026-10-06T09:15:10+00:00
ulrichhirschmannarchives,alive,channel_no_preview,Ulrich Hirschmann Archives,4350,,,,,,Read/watch all content with discretion and discernment. Truth lies within. Unlearn what you've been taught and use critical thinking.,200,2026-10-06T09:15:12+00:00
ulrichhirschmannarticles,empty_page,,,,,,,,,"If you have  Telegram , you can contact  @ulrichhirschmannarticles  right away.",200,2026-10-06T09:15:15+00:00
uncleblitz1488,empty_page,,,,,,,,,"If you have  Telegram , you can contact  @uncleblitz1488  right away.",200,2026-10-06T09:15:18+00:00
UnemployedFreeTimeHappyHour,alive,channel_no_preview,Unemployed Free Time Happy Hour,11,,,,,,,200,2026-10-06T09:15:21+00:00
usahate,alive,channel_no_preview,USA Hate,195,,,,,,,200,2026-10-06T09:15:23+00:00
valmet_archive,empty_page,,,,,,,,,"If you have  Telegram , you can contact  @valmet_archive  right away.",200,2026-10-06T09:15:26+00:00
veritasomnia,empty_page,,,,,,,,,"If you have  Telegram , you can contact  @veritasomnia  right away.",200,2026-10-06T09:15:30+00:00
vinniesullivan,alive,channel,Vinnie Sullivan,5890,,2026-10-06T05:47:18+00:00,20,20,,"Documentarian   London, England",200,2026-10-06T09:15:34+00:00
VorherrschaftDivision,empty_page,,,,,,,,,"If you have  Telegram , you can contact  @VorherrschaftDivision  right away.",200,2026-10-06T09:15:37+00:00
VPotpourri,alive,channel,Video Potpourri,84,,2026-10-03T08:04:17+00:00,1,1,,,200,2026-10-06T09:15:41+00:00
WarmasterHorus,alive,channel,Horus,1860,,2026-10-02T12:53:38+00:00,1,1,nastymutant,My videos -  https://odysee.com/@Horus:7    @nastymutant  on Twitter,200,2026-10-06T09:15:44+00:00
wawaryanwoman,empty_page,,,,,,,,,"If you have  Telegram , you can contact  @wawaryanwoman  right away.",200,2026-10-06T09:15:47+00:00
wayotworld,empty_page,,,,,,,,,"If you have  Telegram , you can contact  @wayotworld  right away.",200,2026-10-06T09:15:50+00:00
wearescvm,empty_page,,,,,,,,,"If you have  Telegram , you can contact  @wearescvm  right away.",200,2026-10-06T09:15:53+00:00
westernculturegeneral,empty_page,,,,,,,,,"If you have  Telegram , you can contact  @westernculturegeneral  right away.",200,2026-10-06T09:15:55+00:00
westernheritageinmusic93,alive,channel_no_preview,Western Heritage In Music™,44,,,,,,"These are the Dedicated Archives to Western Heritage in Music, and;  ''It must therefore be the Duty of every Enemy of Marxist-Cultural-Deconstructivists, to Affirm their National/Western Identity, in the face of Sneering Ethnomasochist Willful Traitors''",200,2026-10-06T09:15:58+00:00
Westernmasculinity,alive,channel_no_preview,Spirit De Europa,218,,,,,,Hate speech  is free speech,200,2026-10-06T09:16:01+00:00
WeThirdWay,alive,channel_no_preview,"𝙒𝙚, 𝙏𝙝𝙞𝙧𝙙 𝙒𝙖𝙮 ᛉ",506,,,,,,"We are neither Left, nor are we Right, but transcendental light to those of European blood lost in the dark clouded sea of false Semitic paradigms.",200,2026-10-06T09:16:04+00:00
Wewelsburg88,alive,channel_no_preview,BlackSunRising,95,,,,,,🇪🇺⃠🏳️‍🌈⃠🇮🇱⃠🇺🇳⃠ $⃠ ☭⃠💉⃠⚢⃠ HEIL HITLER 卐 Aryan Hyperborean Wisdom  🔴⚫️⚪️🎱🎱⚡️⚡️🙋🏻‍♂️⚔️☠️,200,2026-10-06T09:16:07+00:00
whatchadoinrabbi,empty_page,,,,,,,,,"If you have  Telegram , you can contact  @whatchadoinrabbi  right away.",200,2026-10-06T09:16:09+00:00
whatchadointelegrim,alive,channel_no_preview,Whatchadoinjews,723,,,,,,Backup for whatchadoinrabbi,200,2026-10-06T09:16:12+00:00
whatonearth93,alive,channel,What On Earth Is Happening (Official),3590,,2026-05-01T23:20:27+00:00,0,0,,https://WhatOnEarthIsHappening.com,200,2026-10-06T09:16:15+00:00
WhiteAction,alive,channel_no_preview,New Dawn of White Action,2729,,,,,,Continuing the work CMDR Rockwell had started! Preserving the work & mission the National Socialists set upon to save the White Race from extinction & displacement in there own lands!!,200,2026-10-06T09:16:17+00:00
WhiteAgendaRadio,alive,channel_no_preview,WAR Channel,192,,,,,WhiteAgendaRadio White_Agenda,"We are a united Aryan European Group who share concern for our People collectively by sharing and expressing our views and staying on top of current events, which affect us.    @White_Agenda  🌐   @WhiteAgendaRadio  🗣 WAR  ~~~~~~~~~~~~~~~~~~~",200,2026-10-06T09:16:20+00:00
whitefight5w,alive,channel,Keep it english,23,,2021-10-21T21:06:43+00:00,0,0,,88,200,2026-10-06T09:16:24+00:00
WhitePhoenix1972,alive,channel_no_preview,White Phoenix Action,438,,,,,,,200,2026-10-06T09:16:27+00:00
whitesarebasedgoy,empty_page,,,,,,,,,"If you have  Telegram , you can contact  @whitesarebasedgoy  right away.",200,2026-10-06T09:16:30+00:00
WhitesOnlyGroup,empty_page,,,,,,,,,"If you have  Telegram , you can contact  @WhitesOnlyGroup  right away.",200,2026-10-06T09:16:32+00:00
WhitesWW,empty_page,,,,,,,,,"If you have  Telegram , you can contact  @WhitesWW  right away.",200,2026-10-06T09:16:35+00:00
WhiteTreeIsBrownTree,alive,channel_no_preview,White Tree is Brown Tree,106,,,,,,This channel is dedicated to expunging subversive Iranian whores out of the White Nationalist community.,200,2026-10-06T09:16:38+00:00
Wickstrom,alive,channel,Wickstrom,117,,2021-10-09T10:57:52+00:00,0,0,,,200,2026-10-06T09:16:40+00:00
withintheredpillboxx,alive,channel_no_preview,The Red pill box,17,,,,,,"Awaken, ye!",200,2026-10-06T09:16:43+00:00
WriteWinger,alive,channel,Wr!te W!nger,1520,,2024-02-12T05:18:28+00:00,0,0,,,200,2026-10-06T09:16:46+00:00
WW2_Truth,alive,channel_no_preview,WW2 The Untold Story,6072,,,,,,"The unpleasant and heavily censored truth about WW 2  Well documented with audio, video, witnesses and official documents.  A true wake up for the world. Find out who the real perpetrators of all wars are.",200,2026-10-06T09:16:49+00:00
xCobraKaix,empty_page,,,,,,,,,"If you have  Telegram , you can contact  @xCobraKaix  right away.",200,2026-10-06T09:16:52+00:00
ZestyCommies,alive,channel,Zesty Commie Memes,456,,2026-09-30T19:09:20+00:00,4,4,De_PRoT,"From Anarcho-Syndicalism to Marxism-deGaullism, we provide the best left-wing memes out there.  Official chat -  @De_PRoT",200,2026-10-06T09:16:54+00:00
zionismexposed,empty_page,,,,,,,,,"If you have  Telegram , you can contact  @zionismexposed  right away.",200,2026-10-06T09:16:57+00:00
ZoltanousHNyt,empty_page,,,,,,,,,"If you have  Telegram , you can contact  @ZoltanousHNyt  right away.",200,2026-10-06T09:17:00+00:00
zuendels_bunker,empty_page,,,,,,,,,"If you have  Telegram , you can contact  @zuendels_bunker  right away.",200,2026-10-06T09:17:03+00:00
ZyklonBSlidingDoors,empty_page,,,,,,,,,"If you have  Telegram , you can contact  @ZyklonBSlidingDoors  right away.",200,2026-10-06T09:17:06+00:00
abirballan1,alive,channel,Abir Ballan,1040,,2024-10-07T16:09:04+00:00,0,0,,Freedom. Responsibility. Subsidiarity. Children First.,200,2026-10-06T09:17:09+00:00
about_factsandtruth,alive,channel,about facts & truth,249,,2026-09-17T12:59:47+00:00,0,6,,Nur die Wahrheit zählt!  Für spenden PayPal Konto:  about-facts@gmx.ch Oder auf mein Bitcoin Konto überweisen:  34pBQHt5zDC2KuEuZ6qHZc7zq5ZGxuojBy  Ich danke Dir herzlichst   ❤️,200,2026-10-06T09:17:12+00:00
AdamsEconomics,alive,channel,Adams Economics,6380,,2026-09-06T11:19:16+00:00,0,2,,Updates from John ADAMS - Australian Economic & Political Commentator,200,2026-10-06T09:17:14+00:00
adapt2030,alive,channel,adapt2030,3680,,2026-10-02T01:53:39+00:00,9,20,,Timelines for what you can expect from now through 2025 as society resets.  https://rumble.com/c/ADAPT2030,200,2026-10-06T09:17:17+00:00
ADARights,empty_page,,,,,,,,,"If you have  Telegram , you can contact  @ADARights  right away.",200,2026-10-06T09:17:20+00:00
Adelaide_SA_everything,empty_page,,,,,,,,,"If you have  Telegram , you can contact  @Adelaide_SA_everything  right away.",200,2026-10-06T09:17:22+00:00
AdelaideFreedomFighters,alive,channel,😃    🇦🇺  Adelaide Australia Freedom Fighters,1720,,2026-10-06T08:42:27+00:00,20,20,,"This is a leaderless movement!  We believe in a free and open society without any demonic secret societies, surveillance, fake pandemics, fake climate change, fake mainstream media, fake elections and vaccine poisons that are exempt from liability.",200,2026-10-06T09:17:25+00:00
advocateme,alive,user_or_bot,Melahat GOK,,,,,,,,200,2026-10-06T09:17:28+00:00
AFCInfo,alive,channel,Hawaii Free Speech News Network,106,,2023-08-23T21:32:10+00:00,0,0,,https://m.youtube.com/channel/UCa43htzpnE_I_GjN3nKNH1w    https://www.bitchute.com/channel/0if6Uz41RtvK/,200,2026-10-06T09:17:31+00:00
affindia,alive,channel,Anarchy for Freedom India,3380,,2025-12-28T15:03:45+00:00,0,0,,Support me via: UPI - ytengra@icici  Follow me on : YouTube -  https://youtube.com/c/AnarchyforFreedomIndia  Twitter -  https://twitter.com/ytengra?t=gQs1Vx1FsSCb-zyUSBW8Rw&s=09  Instagram :  https://www.instagram.com/anarchy4freedom/,200,2026-10-06T09:17:34+00:00
aflsolicitors,alive,channel,AFL Solicitors,15600,,2026-08-05T13:43:49+00:00,0,0,,"Ashley, Francina, Leonard & Associates  Experienced Lawyers Sydney   www.aflsolicitors.com.au",200,2026-10-06T09:17:37+00:00
agenda21_30_parties,alive,channel,Agenda 21 / 30 - All Parties Involved,629,,2026-09-24T22:52:21+00:00,0,7,,This covers all parties responsible for this epidemic and their roles.,200,2026-10-06T09:17:40+00:00
Agenda2O22,alive,channel,@AGENDA𝟮.𝗢,226,,2026-09-28T19:11:01+00:00,0,3,Agenda2O22_GroupDiscussion JoinTheWhiteRose,ᵃᵍᵉⁿᵈᵃ².ᵒ  Latest prohibited news and analysis  @ᴀɢᴇɴᴅᴀ𝟮.𝗢 ᴄʜᴀᴛ  t.me/Agenda2O22_GroupDiscussion   t.me/JoinTheWhiteRose,200,2026-10-06T09:17:44+00:00
agentsoftruth,alive,channel,Agents Of Truth,22300,,2026-10-06T01:08:03+00:00,19,19,NWOPredictiveProgramming,"Bringing to light the hidden realities, waking up the sleepers. Truthers fighting against the New World Order. Also ours:  https://t.me/NWOPredictiveProgramming",200,2026-10-06T09:17:46+00:00
AirQualityOwl,alive,channel,"🔊   @AirQualityOwl • Collaborative Wisdom, Health, & Air Quality • Owls • IPR •••",9,,2025-07-24T18:12:49+00:00,0,0,AirQualityOwl,"Welcome to the roost of  @AirQualityOwl , centering survivors of severe environmental conditions and extreme adversity in conversations focused on improving our air quality.",200,2026-10-06T09:17:49+00:00
ajrobertsshow,alive,channel,AJ Roberts Mission Consciousness,6330,,2026-10-04T21:05:32+00:00,8,12,,"Former UK soldier on a Mission to raise Consciousness through our platform Mission Consciousness via Live Soul Activation Events, Plant Medicine Retreats, Online Courses, and our widely growing online community.",200,2026-10-06T09:17:53+00:00
AlanWattSentientSentinel,alive,channel,Cutting Through The Matrix with Alan Watt,242,,2026-09-03T18:55:13+00:00,0,0,,Alan Watt – The Unofficial Telegram Support and Backup/Mirror Channel  Official Websites:  https://CuttingThroughTheMatrix.com    🧩    https://alanwattsentientsentinel.eu   Thank you very much for sharing this channel and the posts here.,200,2026-10-06T09:17:57+00:00
albertablueskies,alive,channel,Alberta Blue Skies,1940,,2026-09-28T05:57:12+00:00,0,12,,Different perspectives for your discernment   🤔   seeking truth Please note: This is NOT a political partisan channel.,200,2026-10-06T09:18:01+00:00
albertacanadacampaign,alive,channel,Alberta Canada Campaign,166,,2026-10-01T15:59:25+00:00,4,19,joinchat,Back up for our Facebook page. Share this link with friends:  https://t.me/joinchat/AAAAAEhM6AZc2Ygp8WHT7A,200,2026-10-06T09:18:06+00:00
Alex_Berenson,alive,channel,Alex Berenson,10100,,2023-01-04T01:41:32+00:00,0,0,tellyourchildren,Former New York Times Journalist.  Former Wrongest Man of the Pandemic  Permanently Suspended from Twitter on 8/28/21. Reinstated 7/6/22 Chat Group here:  https://t.me/tellyourchildren   For all of the articles sign up here  https://alexberenson.substack.com,200,2026-10-06T09:18:10+00:00
AlexiaTweets,alive,channel,Rikileaks Biohacking Channel with Alexia,3610,,2026-09-28T20:50:54+00:00,0,15,,Tweets that got me kicked out of my 1st amendment right.  And a lot of info on how to kill parasites and Vampires.,200,2026-10-06T09:18:13+00:00
alfavedicnews,empty_page,,,,,,,,,"If you have  Telegram , you can contact  @alfavedicnews  right away.",200,2026-10-06T09:18:18+00:00
aliranglife,empty_page,,,,,,,,,"If you have  Telegram , you can contact  @aliranglife  right away.",200,2026-10-06T09:18:21+00:00
AltSkull48,alive,channel,Alt Skull's Charnel House,29900,,2026-10-06T02:28:48+00:00,15,15,,,200,2026-10-06T09:18:24+00:00
alttheorynews,alive,channel,Alt Theory News,71,,2023-03-17T20:37:08+00:00,0,0,alternativetheory,@alternativetheory  The state is the monopoly of violence and the two party system is a false paradigm. Imagine what life could be like in an agorist world where we aren't encumbered by the state.,200,2026-10-06T09:18:27+00:00
AmandaForbes,alive,channel,🇨🇦     🇺🇸   Amanda Forbes  🇨🇦     🇺🇸,921,,2026-09-30T17:06:11+00:00,2,2,,"Welcome to all Light Workers, Grid Workers, and Patriots!  The Light WINS!  We WIN!!!!   ❤️",200,2026-10-06T09:18:31+00:00
amandhavollmer,alive,channel,YumNaturals Emporium Amandha Vollmer,18600,,2026-09-30T18:12:50+00:00,1,6,,ADVs Official Channel  https://yumnaturals.store   https://yummy.doctor   https://healingwithDMSO.com   https://DMSO.store,200,2026-10-06T09:18:35+00:00
amyloftusmusic,alive,channel,Amy Loftus Projects,191,,2026-09-08T01:03:37+00:00,0,5,,"Amy is an author, podcaster, teacher and songwriter. She has placed growth and trust in God above all and helps people realize relationship dreams. She is a grateful wife and stepmom and lives in NC.  www.amyloftus.com",200,2026-10-06T09:18:38+00:00
AnamiSacredSamurais,empty_page,,,,,,,,,"If you have  Telegram , you can contact  @AnamiSacredSamurais  right away.",200,2026-10-06T09:18:43+00:00
anarchismimmortalityofvoting,alive,channel,Immorality of voting // Geopolitics,960,,2025-09-21T07:06:58+00:00,0,0,,Coffee money / tips greatly appreciated   🙏    Ethereum  0xEf7Edc840C8BA79A1a2bD2536AAE1d85C9002288  Monero   47Z8XkVSrpU6t7ZhXjCW6deSrFH8311X4BRFAkmDJGWj1MqdfxG7jjShPsUAd2deaBJXQZtVgVQwRH5WGzBWduDB2yCKi2g  Bitcoin  3NX3GjW8v7vQnEjcvgJ15M6QDBKqd3NVba,200,2026-10-06T09:18:47+00:00
AngelRealm,alive,channel,Angel Realm   💕,293,,2022-05-22T19:35:01+00:00,0,0,AngelRealm,Angel Realm - Sharing Truth & helping to make more people aware of the current situation...    ♦️   Daily updates of videos from my BrandNewTube channel ~  https://brandnewtube.com/@AngelRealm     ♦️   News and current affairs topics and more...   @AngelRealm,200,2026-10-06T09:18:55+00:00
annunakipavey,empty_page,,,,,,,,,"If you have  Telegram , you can contact  @annunakipavey  right away.",200,2026-10-06T09:19:01+00:00
anothertruth,alive,channel_no_preview,Another truth,282,,,,,,"-""It's a big 👿club and we ain't in it""-G.Carlin",200,2026-10-06T09:19:07+00:00
anthonyoflynn,alive,channel,Anthony O'Flynn,476,,2026-09-24T10:30:17+00:00,0,2,,We live in epic times!,200,2026-10-06T09:19:11+00:00
Anti_Vaccin3s,alive,channel,☠️  Anti-Vaccin3s  ☠️     💉    🧬,1420,,2025-03-12T10:14:45+00:00,0,0,,Quality Content About:  Plandemic/ Adverse Effects / Agenda 21 / Cyber Polygon / Health,200,2026-10-06T09:19:16+00:00
Anticoms,empty_page,,,,,,,,,"If you have  Telegram , you can contact  @Anticoms  right away.",200,2026-10-06T09:19:20+00:00
antilibrary_xxi,empty_page,,,,,,,,,"If you have  Telegram , you can contact  @antilibrary_xxi  right away.",200,2026-10-06T09:19:24+00:00
antilockdownireland,alive,channel,Anti-Lockdown Ireland,274,,2024-03-07T23:04:04+00:00,0,0,,"Sharing lockdown information, updates and protests.",200,2026-10-06T09:19:28+00:00
AntiMaskNYC,empty_page,,,,,,,,,"If you have  Telegram , you can contact  @AntiMaskNYC  right away.",200,2026-10-06T09:19:30+00:00
antinarrativemedia,alive,channel,ANMedia,47,,2022-05-26T05:46:54+00:00,0,0,,,200,2026-10-06T09:19:33+00:00
antivaccinationaustralia,empty_page,,,,,,,,,"If you have  Telegram , you can contact  @antivaccinationaustralia  right away.",200,2026-10-06T09:19:36+00:00
AntiVaxUK,empty_page,,,,,,,,,"If you have  Telegram , you can contact  @AntiVaxUK  right away.",200,2026-10-06T09:19:40+00:00
AOECOINCHANNEL,alive,channel,AOECOIN Official Channel,189,,2026-10-05T12:59:57+00:00,20,20,AOECOIN AOEblackswan,"AOECOIN Can join chat at:  https://t.me/AOECOIN  Can contact us on Telegram  @AOEblackswan  AOECOIN is the #1 Breakthrough Clean Energy Technology Solutions Company in the World with 2,212 New Techs! 2,234Nov6 2,417Dec31 2,447",200,2026-10-06T09:19:43+00:00
apocalypsenowmexico,alive,channel,apocalypsenowmexico,1,,2026-10-05T10:18:26+00:00,2,2,,,200,2026-10-06T09:19:47+00:00
Apocalypsis1,alive,channel,Apocalypsis,19,,2024-01-30T23:50:48+00:00,0,0,,,200,2026-10-06T09:19:50+00:00
Appleseed1A,empty_page,,,,,,,,,"If you have  Telegram , you can view posts by  @Appleseed1A  right away.",200,2026-10-06T09:19:56+00:00
ariseaustralia,alive,channel,ARISE AUSTRALIA,2750,,2026-10-05T11:01:59+00:00,13,20,,"Welcome   🙏    💓    💫   We unite with the  Arise.world  initiative, with Sacha Stone , to move humanity forward into the next dimension… of freedom…  🌴    🌏    😃   From Age of Pisces, to Age of Aquarius.  From Guardianship, to Rule of Law .   All Are Equal Before The Law.   🙏    💜    🌟    💎",200,2026-10-06T09:20:00+00:00
artwithaim,alive,channel,Art With Aim,3260,,2026-10-06T08:10:59+00:00,17,17,,Current Event Curation. Connecting the dots of big picture truth. Take AIM. ART of  #SOULutions .   Connect the dots… see the patterns… assess the big picture that’s uncomfortable to look at… and create a better world like an artist.,200,2026-10-06T09:20:03+00:00
AscensionCodes,alive,channel,AscensionCodes,182,,2024-11-07T22:17:39+00:00,0,0,,Bringing the light and truth so all may be set free.,200,2026-10-06T09:20:05+00:00
ashleytaylorwellness,empty_page,,,,,,,,,"If you have  Telegram , you can contact  @ashleytaylorwellness  right away.",200,2026-10-06T09:20:09+00:00
astra2021zeneca,alive,channel_no_preview,Covid vaccines - The great experiment - get jabbed worry about it later,1130,,,,,,Providing factual data for informed consent,200,2026-10-06T09:20:11+00:00
AUS1WA,empty_page,,,,,,,,,"If you have  Telegram , you can contact  @AUS1WA  right away.",200,2026-10-06T09:20:14+00:00
AUSawakening,alive,channel_no_preview,AUS awakening,130,,,,,,,200,2026-10-06T09:20:17+00:00
AusFrontlineHealthProfessionals,alive,channel,Australian Frontline Health Professionals,925,,2026-10-05T23:33:05+00:00,16,16,,"This is a support group for nurses, doctors,  health care and other medical professionals to help them unite in the wake of the current medical  crisis response, with the aim to share truth and knowldge to help humanity.",200,2026-10-06T09:20:19+00:00
AusRepsOfficial,alive,channel,Australian Federation Party (FedParty) - Official Channel,1130,,2022-12-23T04:04:58+00:00,0,0,,,200,2026-10-06T09:20:23+00:00
Aussie_News,empty_page,,,,,,,,,"If you have  Telegram , you can view posts by  @Aussie_News  right away.",200,2026-10-06T09:20:25+00:00
Aussie_News2,alive,channel,M2 backup public ANews#2 channel,12,,2022-12-26T11:21:58+00:00,0,0,,Backup digital ID public group.  Backup group is just to save the name for when the main group goes public again.   This group will not be used for anything at all.,200,2026-10-06T09:20:28+00:00
aussiefreedom,empty_page,,,,,,,,,"If you have  Telegram , you can contact  @aussiefreedom  right away.",200,2026-10-06T09:20:31+00:00
AussiesUnited,alive,channel,Aussies United,52,,2022-02-19T12:01:27+00:00,0,0,,❤️    🇦🇺,200,2026-10-06T09:20:33+00:00
aussieswanttruth1,alive,channel,Aussies Want the Truth,67,,2022-07-07T01:01:31+00:00,0,0,,"NO spam, bitcoin or it will be removed",200,2026-10-06T09:20:36+00:00
AussieTruckiesUnited,alive,channel,🇦🇺   Aussies united   🇦🇺,3540,,2026-10-06T02:29:27+00:00,14,14,,Aussie truckies united for a common cause,200,2026-10-06T09:20:41+00:00
australia_must_rise,alive,channel,AUSTRALIA MUST RISE,703,,2025-03-22T06:36:03+00:00,0,0,,,200,2026-10-06T09:20:45+00:00
AustraliaAwakens,alive,channel,Australia Awakens,2020,,2026-10-05T11:19:49+00:00,5,11,AustraliaAwakens,"PLEASE GET YOUR FRIENDS ON TELEGRAM, STEAL THESE MEMES AND SHARE THIS CHANNEL   🌟     Share link -  https://t.me/AustraliaAwakens   Your spiritual immune system knows something is not right.   With the strictest lockdown in the world, all eyes are on Victoria.",200,2026-10-06T09:20:49+00:00
australiaforfreedom,alive,channel,Australiaforfreedom,19600,,2026-10-06T07:22:29+00:00,20,20,,,200,2026-10-06T09:20:52+00:00
australianrevival,alive,channel,Australian Revival,34,,2026-09-27T08:09:43+00:00,0,4,,,200,2026-10-06T09:20:56+00:00
AustraliansforCHD,alive,channel,Children's Health Defense Australia,3160,,2026-08-18T12:19:32+00:00,0,0,,"Australians for CHD are an affiliate of Children's Health Defense (CHD) providing a powerful, unified voice for advocates to enhance our collective ability to create change.",200,2026-10-06T09:20:58+00:00
australiansforsafetechnology,alive,channel,Australians for Safe Technology (official),224,,2026-08-10T13:45:09+00:00,0,0,,This channel is committed to promoting the deployment of technologies that are safe for all life on Earth.,200,2026-10-06T09:21:02+00:00
Australiantimes,empty_page,,,,,,,,,"If you have  Telegram , you can contact  @Australiantimes  right away.",200,2026-10-06T09:21:04+00:00
australiaoneparty_official,alive,channel,AustraliaOneParty_Official,32400,,2026-08-04T01:13:23+00:00,0,0,,The OFFICIAL Telegram channel of AustraliaOne Party   🇦🇺    🥇      🔹   It is no longer about 'left' or 'right'   🔹   It's about what is 'RIGHT' & 'WRONG'!   🔹   AustraliaOne   🇦🇺   the 'Peoples Party'   🔹   Believing in a 'bottom up' system of leadership.,200,2026-10-06T09:21:07+00:00
AustraliaPreppingSurvival,empty_page,,,,,,,,,"If you have  Telegram , you can contact  @AustraliaPreppingSurvival  right away.",200,2026-10-06T09:21:10+00:00
australiarising,empty_page,,,,,,,,,"If you have  Telegram , you can contact  @australiarising  right away.",200,2026-10-06T09:21:13+00:00
australiavoicechat,empty_page,,,,,,,,,"If you have  Telegram , you can contact  @australiavoicechat  right away.",200,2026-10-06T09:21:15+00:00
auzunited,alive,channel,Australia United broadcast channel,30,,2025-01-29T05:47:00+00:00,0,0,,"This channels purpose is to unite global citizens and organisations in effectively motivating peace, freedom and the end of tyranny for all humans.",200,2026-10-06T09:21:18+00:00
AviYeminiOfficial,alive,channel,Avi Yemini,14900,,2026-10-06T08:37:01+00:00,14,20,,Join me on the one platform they can’t BAN me from.,200,2026-10-06T09:21:21+00:00
avninformedchoice,alive,channel,Australian Vaccination-risks Network,6190,,2026-10-04T05:38:04+00:00,1,6,,Advocates for vaccine safety and informed choice since 1994.   https://linktr.ee/avn.org,200,2026-10-06T09:21:24+00:00
awakeinthedreamchannel,alive,channel,Awake in the Dream,3000,,2025-09-12T17:51:12+00:00,0,0,,• My links! Lots of resources here   https://campsite.bio/awakeinthedream   • My shop -  www.awakeinthedream.shop   This is the Telegram channel for awake.in.the.dream on IG -  https://instagram.com/awake.in.the.dream,200,2026-10-06T09:21:28+00:00
awakenedlightofficial,alive,channel,awakenedlightofficial,1,,2024-09-25T18:30:22+00:00,0,0,,,200,2026-10-06T09:21:31+00:00
awakenedorwells,alive,channel,Truth Seeker Ireland,38,,2025-10-19T22:54:34+00:00,0,0,,truthseekers,200,2026-10-06T09:21:34+00:00
awakenindiamovement,alive,channel,Awaken India Movement,11800,,2026-10-06T06:33:58+00:00,8,20,,Click the Chat Icon on the right to join our Discussion Group.  Follow us on other platforms:   https://youtube.com/channel/UCgUSFGGKlAcNC4_77p-sfLQ    Instagram.com/awakenindiamovement,200,2026-10-06T09:21:36+00:00
Awakening_Red_Pill,alive,channel,Awekening Pill 醒理,30,,2026-10-06T01:06:27+00:00,8,20,,,200,2026-10-06T09:21:39+00:00
Awakening_the_sheep_page,empty_page,,,,,,,,,"If you have  Telegram , you can contact  @Awakening_the_sheep_page  right away.",200,2026-10-06T09:21:42+00:00
awakeningmasters,alive,channel,Awakening Masters,80,,2026-10-05T07:10:37+00:00,1,2,,And Matrix Breakers. Deeper truths for those who have already taken the red pill and are in some stage of awakening.,200,2026-10-06T09:21:45+00:00
awakeningsheep,alive,channel,Awakening Sheep,574,,2022-11-05T03:30:19+00:00,0,0,,🛑   What is the AGENDA?    😷  Are you a critical thinker?    🐑  Or Are you a sheep?   🐑,200,2026-10-06T09:21:48+00:00
awakenwithjp,empty_page,,,,,,,,,"If you have  Telegram , you can contact  @awakenwithjp  right away.",200,2026-10-06T09:21:52+00:00
awakenwithme,alive,channel,Awakenwithme,1790,,2024-03-09T20:41:48+00:00,0,0,,"🇦🇺   Exposing the truth of covid19 and the ""Vaccines""",200,2026-10-06T09:21:55+00:00
awkn20,alive,channel,Awakening-now   ☀️,152,,2026-10-02T19:08:41+00:00,1,6,,The Journey IS the Reward.,200,2026-10-06T09:21:58+00:00
AwokenCanberraAnnouncements,alive,channel_no_preview,Awoken Canberra Announcements,126,,,,,AwokenCanberra,"A group for awoken and open minded people around Canberra.  Join us every Sun 11am-1pm at Black Mountain Peninsula near the water park, and at our big events (see posters). Join our Awoken Canberra Chat channel also https://t.me/AwokenCanberra",200,2026-10-06T09:22:00+00:00
babylondecoded,alive,channel,BabylonDecoded,1340,,2026-09-02T16:54:16+00:00,0,0,,Decoding the Babylon System,200,2026-10-06T09:22:03+00:00
BackToBasicsLifeCoaching,alive,channel,Back To Basics Life Coaching,24,,2023-10-10T09:37:38+00:00,0,0,,"Consulting and life coaching on homesteading, prepping, sustainability, backyard   🐓  chickens, food preservation (jarring, dehydrating and freeze drying), bugging in/out, Organic gardening, survival & plant medicine!!  $75 p/hr  Call or Text 720-689-1115",200,2026-10-06T09:22:05+00:00
badassmamita,alive,channel,Badass Mamita,264,,2022-07-04T08:10:48+00:00,0,0,,,200,2026-10-06T09:22:09+00:00
badbluegirl,alive,channel,NIKOLINA TESLA,61,,2025-04-06T02:57:19+00:00,0,0,,https://youtube.com/@djbadbluegirl,200,2026-10-06T09:22:11+00:00
BankruptStates,empty_page,,,,,,,,,"If you have  Telegram , you can contact  @BankruptStates  right away.",200,2026-10-06T09:22:14+00:00
bannedvideo1,alive,channel,📣  Freedom & Liberty,36,,2022-10-10T07:31:02+00:00,0,0,,,200,2026-10-06T09:22:17+00:00
baogaoduizhang,empty_page,,,,,,,,,"If you have  Telegram , you can contact  @baogaoduizhang  right away.",200,2026-10-06T09:22:20+00:00
BareNakedTruth,alive,channel,BareNakedTruth,21,,2025-09-14T16:38:41+00:00,0,0,,,200,2026-10-06T09:22:23+00:00
BasedOmnivore,alive,channel,PlantBasedOmnivore,6350,,2026-07-06T20:49:15+00:00,0,0,,Uncensored,200,2026-10-06T09:22:26+00:00
BC_FreedomFighters,alive,channel,BC Interior Freedom Fighters,5550,,2026-10-03T14:22:01+00:00,20,20,,"A channel dedicated to the interior of British Columbia’s ( North Okanagan, Shuswap, Thompson / Nicola, Cariboo, etc ) ,continuing fight against tyranny and  medical apartheid imposed by a corrupt system…",200,2026-10-06T09:22:29+00:00
beckfreedom,alive,channel,beckhurley,892,,2022-04-25T05:50:56+00:00,0,0,,Freedom is a mindset   🦋,200,2026-10-06T09:22:32+00:00
beinformedlife,alive,channel,BE INFORMED,636,,2026-06-10T08:58:54+00:00,0,0,,Apathy is a fools consent. Courage is infectious. Become a part of the Solution.,200,2026-10-06T09:22:35+00:00
BelieveInResistance,alive,channel_no_preview,Believe In Resistance,437,,,,,,Believe that Resistance is possible and that we can all fight against the new totalitarianism  bit.ly/PatriotMap,200,2026-10-06T09:22:38+00:00
belindamoore,empty_page,,,,,,,,,"If you have  Telegram , you can contact  @belindamoore  right away.",200,2026-10-06T09:22:40+00:00
bengilroy,alive,channel,Ben Gilroy,3620,,2026-09-01T05:49:48+00:00,0,0,,"Leader, Liberty Republic.",200,2026-10-06T09:22:43+00:00
BeyondtheNarrative,alive,channel,Beyond the Narrative,789,,2022-11-22T02:46:42+00:00,0,0,,We dig under the surface of today’s news stories to unveil what is hidden beyond the narrative.,200,2026-10-06T09:22:45+00:00
BillofRights1689,alive,channel,The English Constitutional party ( unofficial ),378,,2026-10-05T21:06:41+00:00,10,20,,ENGLISH INDEPENDANCE,200,2026-10-06T09:22:48+00:00
billytekahika,alive,channel,Billy Te Kahika Official,2020,,2025-04-03T01:58:23+00:00,0,0,,,200,2026-10-06T09:22:52+00:00
birdgroupuk,alive,channel,BiRD Group Channel,10200,,2026-09-05T10:48:08+00:00,0,0,,The British Ivermectin Recommendation Development Group,200,2026-10-06T09:22:57+00:00
BlackfullaGrapeVine,alive,channel,Independent Blackfulla Media (IBM)   🖤    💛    ❤️,437,,2022-04-19T11:23:20+00:00,0,0,,"Raw, grassroots, uncensored, informative, up to the minute content for mob by mob - Join Our IBM Chat  Admin Kaiyu Bayles  https://linktr.ee/KaiyuBayles",200,2026-10-06T09:23:00+00:00
BlessTheVacuum,alive,channel,🔊   @BlessTheVacuum • Blessings To The Vacuum • Intuitive Social Dialogue • Intuitive Public Radio • IPR •••,12,,2026-06-17T04:32:31+00:00,0,0,,,200,2026-10-06T09:23:02+00:00
blisspurefoods,alive,channel,🌈  FOLLOW YOUR BLISS   🌈,1390,,2026-10-05T20:42:27+00:00,12,12,,"🍎   Whole Food Educator    🌺  Gut health matters.   💚   Traditional Fermentation for Modern People   Enter the Oracle Garden at BLiSS   ✨    🌱    Into handmade arts, creative deisgns, photography, latin dancing and healthy good foods and people.   🌱    🌺    💃    🧡    🤪",200,2026-10-06T09:23:06+00:00
BlkUbiquity,alive,channel,Black Ubiquity,21,,2026-10-04T20:07:36+00:00,12,20,BlackUbiquityChat,https://t.me/BlackUbiquityChat,200,2026-10-06T09:23:09+00:00
BloodyPiratepresents,alive,channel,Bloody Pirate presents   ☠,1740,,2026-10-01T21:11:22+00:00,1,20,BloodyPiratesGhost,"....a view of the World from the corner of a hedge....  🌳    🌲    🌿    ....some current events, off grid living, music, comedy and dank memes.....  💚    Contact:-   @BloodyPiratesGhost",200,2026-10-06T09:23:12+00:00
BluntNewsfeed,empty_page,,,,,,,,,"If you have  Telegram , you can contact  @BluntNewsfeed  right away.",200,2026-10-06T09:23:15+00:00
bobbynetwork,alive,channel,Bobby's Network ツ   🐭    🐓    🐀    ☠️,1810,,2023-06-11T11:25:43+00:00,0,0,,"Those who control the mem, control the world.   twitter.com/Bobby_Network    bobbyrajeshmalhotra.tumblr.com    orcid.org/0000-0002-2644-3438    cormandrostenreview.com   SUPPORT:  paypal.me/RajeshKumarMalhotra   BTC: 34N7n4CANdWt6KkiLdGsJxT2CZnAAWXsZi",200,2026-10-06T09:23:18+00:00
Bobbysperspective,alive,channel,Bobby's Perspective,2310,,2026-10-05T16:12:15+00:00,1,8,,Truth.,200,2026-10-06T09:23:22+00:00
bodhisvaha,alive,user_or_bot,Wizard Tony,,,,,,,,200,2026-10-06T09:23:25+00:00
BoxCleverArmy,alive,channel,BOX CLEVER ARMY   🏅    🫡     👑,2060,,2026-09-18T23:20:32+00:00,0,3,BCAPodcasts,A Treasure Chest of TRUTH & KNOWLEDGE   🙏🏼   Checkout  @BCAPodcasts  Telegram Channel  #DestroyTheWEF   #OccupyWEFminster,200,2026-10-06T09:23:27+00:00
brainlaboratory,alive,channel,BRAIn Lab: Optimization and Beyond,1140,,2026-09-25T13:56:56+00:00,0,3,abeznosikov,"Канал лаборатории фундаментальных исследований ИИ.  В фокусе: оптимизация в ML, GenAI, математика ИИ, ИИ для науки,  федеративное обучение.  Научный руководитель: Александр Безносиков  @abeznosikov",200,2026-10-06T09:23:30+00:00
breesmedia,alive,channel,Brees Media,3490,,2023-03-27T20:37:31+00:00,0,0,,The Official Media Channel for Anna Brees,200,2026-10-06T09:23:33+00:00
BrianGerardSchaeferChannel,alive,channel,Brian Gerard Schaefer,133,,2026-10-06T07:54:36+00:00,5,20,,"Author Inspirational speaker Independent researcher Wholistic Practitioner Founder of: Universal Kinetics, The Brain Exercise Program, Universal Ho'oponopono, The Universal Method Chairman of the Forest Foundation",200,2026-10-06T09:23:37+00:00
BristolBlues32,alive,channel,BristolBlues32,349,,2026-04-24T21:16:40+00:00,0,0,,,200,2026-10-06T09:23:40+00:00
BritishNursingAllianceSpeak,alive,channel,Kate Shemirani Official,12500,,2026-10-06T06:32:48+00:00,20,20,,A channel for health and healing to converse with one another and add their personal comments to posts.,200,2026-10-06T09:23:43+00:00
BritishPatriotNews,alive,channel,British Patriot News,78,,2020-11-01T21:30:13+00:00,0,0,,Patriotic channel for the people of Britain  Facebook   👉    https://www.facebook.com/British-Patriot-News-104639531142074/,200,2026-10-06T09:23:46+00:00
Bukeeyo,alive,channel,PUREBLOODS AUS/NZ,461,,2022-08-15T13:37:58+00:00,0,0,,,200,2026-10-06T09:23:49+00:00
BurnersInService,alive,channel,🔊   @BurnersInService • Honoring Consent Consciousness • Burners In Service • Intuitive Public FIame • IPR •••,9,,2026-07-21T02:44:01+00:00,0,0,,,200,2026-10-06T09:23:52+00:00
buttarrashid,empty_page,,,,,,,,,"If you have  Telegram , you can contact  @buttarrashid  right away.",200,2026-10-06T09:23:54+00:00
cabintalk,alive,channel,Cabin Talk,573,,2024-08-12T13:22:48+00:00,0,0,,Join me here!,200,2026-10-06T09:23:57+00:00
CaliVaxChoice,alive,channel,CaliVaxChoice,515,,2026-09-28T18:28:35+00:00,0,11,,#StandUpCalifornia   #VaccineChoice   #InformedConsent    #HumanRights   #CivilRights   #ParentalRights    #ReligiousFreedom   #NoLiability   #NoMandates   #California   WEBSITE:  https://standupcalifornia.com/,200,2026-10-06T09:24:00+00:00
CamelotTV,alive,channel,CamelotTVNetwork,2370,,2026-08-07T22:47:27+00:00,0,0,,"Updates on Camelot Castle TV live broadcasts, interviews and upcoming guests. Join CamelotTVNetworkChat to be a part of our community (“Discuss” button on iPhone and Chat   💬   icon on Android)",200,2026-10-06T09:24:02+00:00
CanadaHealthAlliance,alive,channel,Canada Health Alliance,1300,,2026-10-02T13:05:15+00:00,2,13,CanadaHealthAlliance,"t.me/CanadaHealthAlliance    The CANADA HEALTH ALLIANCE is a non-profit collaboration of health professionals from across Canada who envision a world inspired by healthy, informed, strong, and free Canadians.",200,2026-10-06T09:24:06+00:00
CanadasMaskExemptionJUSTSAYNO,alive,channel,WORLD FREEDOM   🌎,79,,2024-09-13T05:07:29+00:00,0,0,joinchat,A place to get away from fb’s censoring BS! Group Link:  https://t.me/joinchat/UvjjdL0zFrEyMDAx,200,2026-10-06T09:24:09+00:00
CanadaTheDailyDescent,alive,channel,Canada: The Daily Descent  🇨🇦    🔥,461,,2022-04-10T03:09:45+00:00,0,0,,Chronicling the most important news happening in Canada today. Buckle up.,200,2026-10-06T09:24:11+00:00
canadian_fact_checked_news,alive,channel,Qanon* The Rise and Fall of Carnage Carney,2540,,2026-10-06T01:23:40+00:00,20,20,,"World news opinion, politics, science,  intelligence culture, Canadian, Canada, US, Russia, Chile, Colombia , Cuba, México, Spain,  France, UK. Love peace war God, Jesus,  pharmamafia , great reset MSM lies to you death to NWO.",200,2026-10-06T09:24:14+00:00
canadianuprising,alive,channel,canadianuprising,22,,2024-08-17T16:18:40+00:00,0,0,,,200,2026-10-06T09:24:17+00:00
carboncaptureshield,alive,channel_no_preview,Carbon Capture Shield,734,,,,,,"We are here to shift 1 Billion acres to Regenerative Stewardship by 2030 - reversing the environmental degradation, eliminating the need for poisons or fertilizers while increasing crop yield and nutrient density.",200,2026-10-06T09:24:20+00:00
carlvernon,alive,channel,Carl Vernon Official,2640,,2026-08-23T09:11:39+00:00,0,0,,Live updates and news.,200,2026-10-06T09:24:23+00:00
carriemadej,alive,channel,Dr. Carrie Madej,10200,,2025-03-12T07:03:01+00:00,0,0,,,200,2026-10-06T09:24:26+00:00
CaseAgaisntVeganism,alive,channel,Case Against Veganism,244,,2025-09-14T05:51:53+00:00,0,0,,A look at the arguments and evidence that proves veganism = malnutrition.,200,2026-10-06T09:24:29+00:00
CatherineEdwardsLife,alive,channel,Catherine Edwards Life,4650,,2026-10-05T11:38:57+00:00,7,13,,,200,2026-10-06T09:24:32+00:00
cccorona,empty_page,,,,,,,,,"If you have  Telegram , you can contact  @cccorona  right away.",200,2026-10-06T09:24:35+00:00
censoredlinks,alive,channel,Awareness health,82,,2022-06-01T12:49:08+00:00,0,0,,,200,2026-10-06T09:24:38+00:00
CENSOREDMEDIA,alive,channel,CENSORED MEDIA,522,,2026-09-22T08:55:52+00:00,0,20,,,200,2026-10-06T09:24:41+00:00
Censorslip,alive,channel,The Censored,2360,,2022-07-01T17:59:53+00:00,0,0,,I’m in the middle of making a documentary that you’re probably not allowed to see and plan to post things I come across here since I can’t do it on YouTube anymore. Feel free to subscribe if you want to see the stuff that keeps getting me in trouble.,200,2026-10-06T09:24:44+00:00
cerchiamoilpinguino,empty_page,,,,,,,,,"If you have  Telegram , you can contact  @cerchiamoilpinguino  right away.",200,2026-10-06T09:24:47+00:00
certificateofbollocks,empty_page,,,,,,,,,"If you have  Telegram , you can contact  @certificateofbollocks  right away.",200,2026-10-06T09:24:50+00:00
chaosnavigator,alive,channel,ChaosNavigator,238,,2026-09-21T01:21:01+00:00,0,19,joinchat,"Invite link til chat:  https://t.me/joinchat/koSfzR_psrcwZmJk   Solutions to the coming collapse, cutting edge analysis and connections   About ChaosNavigator: : https://chaosnavigator.substack.com/about   Der er behov for manualer:   https://bit.ly/3igWj8U",200,2026-10-06T09:24:52+00:00
charleskassatly,alive,channel,Charles Kassatly,25,,2026-07-21T07:19:43+00:00,0,0,,Light Is Information. Darkness Is Lack Of Information!,200,2026-10-06T09:24:55+00:00
CHDEurope,alive,channel,Children's Health Defense Europe,2480,,2024-03-27T22:37:08+00:00,0,0,,Please help us share our latest articles featured in the  CHDEurope.org  newsletter (don't get our newsletter? You can join here  www.chdeurope.org,200,2026-10-06T09:24:58+00:00
checkthemotivesoriginal,alive,channel_no_preview,Original ❤ Knowledge is Power 💪,9,,,,,getempowered,"Get empowered - Stand up, speak out 🌺 Mother, Advocate, Teacher, Recovery Coach, Warrior Princess  Discussion group: https://t.me/getempowered  https://www.facebook.com/JenComeaux3  IG 📷 jencomeau_x3",200,2026-10-06T09:25:01+00:00
ChefPeteEvans,alive,channel,Chef Pete Evans,28800,,2021-05-27T22:36:52+00:00,0,0,,https://content.thebitcoinadviser.com/pete-evans   The Official Pete Evans Telegram Channel  https://campsite.bio/peteevans,200,2026-10-06T09:25:04+00:00
chestyschannel,alive,channel,Chesty’s Channel,56,,2026-02-02T10:04:27+00:00,0,0,,Musings and missives Chesty would love.,200,2026-10-06T09:25:06+00:00
chiefnerd,alive,channel,Chief Nerd,44800,,2023-12-08T21:21:05+00:00,0,0,,"Full-Time Engineer, Part-Time Citizen Journalist | Support:  http://buymeacoffee.com/ChiefNerd  | Platforms:  http://ChiefNerd.id",200,2026-10-06T09:25:09+00:00
choqlife,alive,channel,Choq Life,5420,,2023-09-17T18:09:45+00:00,0,0,connecting_consciousness,"Lifestyle channel for all things to do with alternative health, current events, and pure living.  Choq.com  run by  @connecting_consciousness",200,2026-10-06T09:25:12+00:00
chriskirckof,alive,channel,Chris Kirckof,487,,2025-09-02T03:31:54+00:00,0,0,,,200,2026-10-06T09:25:15+00:00
christinawilson84,alive,user_or_bot,Christina🐾✌️Yescoiner🆙 UXUY Wilson🐈‍⬛,,,,,,,,200,2026-10-06T09:25:18+00:00
citizenofearthofficial,alive,channel,Citizen of Earth,941,,2022-05-05T12:05:59+00:00,0,0,,There's no Planet B!,200,2026-10-06T09:25:20+00:00
ClareWHarrison,empty_page,,,,,,,,,"If you have  Telegram , you can contact  @ClareWHarrison  right away.",200,2026-10-06T09:25:23+00:00
classactiontoprotectourkids,empty_page,,,,,,,,,"If you have  Telegram , you can contact  @classactiontoprotectourkids  right away.",200,2026-10-06T09:25:26+00:00
CLCGB,alive,channel_no_preview,Common Law - files,6016,,,,,,As it says on the tin,200,2026-10-06T09:25:28+00:00
ClimateIreland,empty_page,,,,,,,,,"If you have  Telegram , you can contact  @ClimateIreland  right away.",200,2026-10-06T09:25:31+00:00
ColinCambray,alive,channel,Colin Cambray,25,,2022-09-15T00:23:25+00:00,0,0,,Suspended from twitter with 4K plus followers!,200,2026-10-06T09:25:33+00:00
collectiveevolution,alive,channel,Collective Evolution,16600,,2026-10-02T11:51:47+00:00,3,3,,We will be dropping news here as Facebook is holding us back.   🙌    🙏,200,2026-10-06T09:25:36+00:00
collectivem,alive,channel,The Collective Mission,1400,,2026-10-01T08:37:30+00:00,1,3,,📦   Out of the box research   🧬   If someone wants to hold on to their present belief and perceptions they will not be able to understand anything new.   I speak the truth that others would not dare to.,200,2026-10-06T09:25:39+00:00
CommonLaw_Australia,alive,channel,Common Law Australia,533,,2026-01-19T13:17:02+00:00,0,0,CommonLaw_Australia,https://t.me/CommonLaw_Australia     https://commonlaw.earth/common-law-statement-of-values/,200,2026-10-06T09:25:43+00:00
commonlifeofcommonpeople,empty_page,,,,,,,,,"If you have  Telegram , you can contact  @commonlifeofcommonpeople  right away.",200,2026-10-06T09:25:48+00:00
communityaustralia,empty_page,,,,,,,,,"If you have  Telegram , you can contact  @communityaustralia  right away.",200,2026-10-06T09:25:50+00:00
communityhealthproject,alive,channel,Community Health Project,4500,,2026-10-06T08:30:46+00:00,20,20,,We are a group of citizens concerned about the health impacts in response to the SARS-CoV-2 outbreaks in Victoria and across Australia,200,2026-10-06T09:25:53+00:00
ComputingForeverOfficial,alive,channel,Computing Forever Official,4720,,2021-05-10T15:36:22+00:00,0,0,,The official Telegram of Channel of Computing Forever (Dave Cullen),200,2026-10-06T09:25:56+00:00
ConcernedcitizenAustralia,alive,channel_no_preview,Concerned Citizen - Australia,483,,,,,,,200,2026-10-06T09:25:58+00:00
concernedlawyersnetwork,alive,channel,Concerned Lawyers Network,8430,,2025-03-10T08:55:50+00:00,0,0,,Www.concernedlawyersnetwork.net,200,2026-10-06T09:26:01+00:00
connectingconsciousness,alive,channel,CONNECTING CONSCIOUSNESS,142,,2025-02-12T22:16:39+00:00,0,0,,,200,2026-10-06T09:26:03+00:00
ConorRafferty,alive,channel,Conor Rafferty,65,,2024-10-13T18:53:59+00:00,0,0,ConorPRafferty,Populist and election candidate (Mid Ulster UKGE2019 690 votes)  Views expressed by third parties or re-shared here are not my own.  This is my channel. My personal account for PMs is  @ConorPRafferty .,200,2026-10-06T09:26:07+00:00
consciousawakeningg,alive,channel,CONSCIOUS AWAKENING,21100,,2026-02-26T11:30:31+00:00,0,0,the_conscious_awakening the_conscious_awakeningg,"Truth is stranger than fiction, question everything.   Message  @the_conscious_awakeningg  for enquiries.  Instagram -  @the_conscious_awakening",200,2026-10-06T09:26:10+00:00
consciouspineal,alive,channel,CONSCIOUS PINEAL,10200,,2025-11-07T15:35:51+00:00,0,0,consciouspineal,All The World’s A Stage   #deletetheelite    Discerning The Truth from Lies    https://t.me/consciouspineal,200,2026-10-06T09:26:13+00:00
consciousthinking,alive,channel,Conscious thinking,6,,2022-04-06T06:22:38+00:00,0,0,,They stop and start again Repeat the process They repeat the lie This is the last time No more.,200,2026-10-06T09:26:16+00:00
consciousvitality,alive,channel,PurelyPreparedPatriot.com   🇺🇸    🌎    🎉    🙌    ✌️    ❤️,1160,,2025-06-29T12:59:16+00:00,0,0,joinchat,SHARE CHANNEL LINK:   https://t.me/joinchat/AAAAAFSgw05HiVi7tQj8hw    Community Telegram Discussion Thread Link  t.me/joinchat/AAAAAFDxQFD45ISOVephdw    PurelyPreparedPatriot.com  Formerly  ConsciousVitality.com  exclusive uncensored Telegram channel.,200,2026-10-06T09:26:19+00:00
conspiracy42,alive,channel,conspiracy / dark occult,1940,,2025-09-21T07:06:20+00:00,0,0,,Coffee money / tips greatly appreciated   🙏    Ethereum  0xEf7Edc840C8BA79A1a2bD2536AAE1d85C9002288  Monero   47Z8XkVSrpU6t7ZhXjCW6deSrFH8311X4BRFAkmDJGWj1MqdfxG7jjShPsUAd2deaBJXQZtVgVQwRH5WGzBWduDB2yCKi2g  Bitcoin  3NX3GjW8v7vQnEjcvgJ15M6QDBKqd3NVba,200,2026-10-06T09:26:22+00:00
Conspiracydocs,alive,channel,Conspiracy Vault,363,,2025-01-17T14:51:06+00:00,0,0,,Mostly banned/deleted youtube videos,200,2026-10-06T09:26:25+00:00
Conspirologiya_Kot_Bayu,empty_page,,,,,,,,,"If you have  Telegram , you can contact  @Conspirologiya_Kot_Bayu  right away.",200,2026-10-06T09:26:28+00:00
contaniments,alive,channel,Vaccine Detox Info +,1380,,2026-09-29T08:33:36+00:00,0,4,,,200,2026-10-06T09:26:31+00:00
ConversationsWithVermonters,empty_page,,,,,,,,,"If you have  Telegram , you can contact  @ConversationsWithVermonters  right away.",200,2026-10-06T09:26:34+00:00
Convid1984,empty_page,,,,,,,,,"If you have  Telegram , you can contact  @Convid1984  right away.",200,2026-10-06T09:26:37+00:00
copsforcovidtruth,alive,channel,Cops for Truth,8220,,2026-10-06T08:45:06+00:00,20,20,,Official channel of Cops for Truth  Email for Police officers requiring support - chat@copsforcovidtruth.com   www.copsforcovidtruth.com,200,2026-10-06T09:26:39+00:00
CorbettReport,alive,channel,The Corbett Report,11800,,2026-10-04T10:04:22+00:00,3,13,joinchat toalibertarian,We're just fans of Corbett report trying to link and backup their content. Please visit  https://www.corbettreport.com   Contact me via  @toalibertarian  if you need anything  Check out another better mirror at  https://t.me/joinchat/AAAAAEWkzhgg4yYBNjRqtA,200,2026-10-06T09:26:42+00:00
Corona_5G_Rollout,empty_page,,,,,,,,,"If you have  Telegram , you can contact  @Corona_5G_Rollout  right away.",200,2026-10-06T09:26:45+00:00
corona_communism2020,empty_page,,,,,,,,,"If you have  Telegram , you can contact  @corona_communism2020  right away.",200,2026-10-06T09:26:47+00:00
corona_investigative,alive,channel,corona_investigative,5,,2026-05-31T18:33:39+00:00,0,0,,,200,2026-10-06T09:26:50+00:00
CoronaChanNews3,empty_page,,,,,,,,,"If you have  Telegram , you can contact  @CoronaChanNews3  right away.",200,2026-10-06T09:26:52+00:00
CoronaInvestigativeCommittee,alive,channel,Corona Investigative Committee   🇺🇸  /  🇬🇧  /  🇦🇺,15300,,2026-08-22T08:11:46+00:00,0,0,,corona-investigative-committee.com,200,2026-10-06T09:26:55+00:00
coronatruth2020,empty_page,,,,,,,,,"If you have  Telegram , you can contact  @coronatruth2020  right away.",200,2026-10-06T09:26:58+00:00
coronavaccinsbijwerkingen,empty_page,,,,,,,,,"If you have  Telegram , you can contact  @coronavaccinsbijwerkingen  right away.",200,2026-10-06T09:27:00+00:00
CoronavirusIntelligence,alive,channel,☣️  Coronavirus Intelligence,1510,,2023-09-28T04:15:36+00:00,0,0,,,200,2026-10-06T09:27:03+00:00
CoronaVirusMemes,alive,channel,CoronaVirus MEMES - COVID19,218,,2022-09-29T21:40:44+00:00,0,0,zyzzbrahhh,Send your memes to  @zyzzbrahhh  to be posted on the channel feed,200,2026-10-06T09:27:06+00:00
coronavirusrealinfo,alive,channel,Coronavirus real info,27,,2026-06-13T11:43:19+00:00,0,0,coronavirusrealinfo,https://t.me/coronavirusrealinfo,200,2026-10-06T09:27:09+00:00
CoronvirusPlushie,alive,channel,Coronavirus Plushie,2040,,2024-02-10T04:10:18+00:00,0,0,,"Rumble:  https://rumble.com/account/content?type=all#   Bitchute:  https://www.bitchute.com/video/uUjP9oJ88kMC/   My last you tube channel, now deleted, but archived here  https://www.altcensored.com/channel/UCEce_iLVrJbZzWuuS3MttDw",200,2026-10-06T09:27:11+00:00
Corrupted_Australia,empty_page,,,,,,,,,"If you have  Telegram , you can contact  @Corrupted_Australia  right away.",200,2026-10-06T09:27:15+00:00
counterspin,alive,channel,COUNTERSPIN MEDIA (OFFICIAL),7450,,2026-10-05T09:01:05+00:00,9,20,,New Zealand's Media Revolution!,200,2026-10-06T09:27:17+00:00
COV19LIES,alive,channel,የ COVID-19 ውሸቶች,171,,2026-08-08T04:28:30+00:00,0,0,,ከ COVID-19 ወረርሽኝ በስተጀርባ ያለውን ማታለያ ማጋለጥ [Exposing the worlds biggest Deceit of our time],200,2026-10-06T09:27:21+00:00
cov19SA,alive,channel,Covid 19 South Africa,59,,2024-11-21T12:14:46+00:00,0,0,,The truth and nothing but the truth.,200,2026-10-06T09:27:23+00:00
covfacts,empty_page,,,,,,,,,"If you have  Telegram , you can contact  @covfacts  right away.",200,2026-10-06T09:27:27+00:00
covfefenewsnetwork,alive,channel,Covfefe News Network,25,,2026-09-29T01:38:06+00:00,0,9,,"Winning the information war. Critical Thoughts. Rare memes. Data Driven Actionable Insights. Subscribe, laugh and share. Satire Account.",200,2026-10-06T09:27:29+00:00
covicorruption,empty_page,,,,,,,,,"If you have  Telegram , you can contact  @covicorruption  right away.",200,2026-10-06T09:27:33+00:00
COVID19agenda,empty_page,,,,,,,,,"If you have  Telegram , you can contact  @COVID19agenda  right away.",200,2026-10-06T09:27:36+00:00
covid19physicians,alive,channel,COVID-19 for Physicians,17,,2021-09-26T18:11:54+00:00,0,0,,"COVID-19 news, research, and commentary curated by physicians for physicians.  #coronavirus   #covid19   #SARS -CoV2",200,2026-10-06T09:27:38+00:00
covid19report,alive,channel_no_preview,COVID-19 Report,362,,,,,COVID19Up,The latest news on COVID-19 from around the world with focus on the U.S. World Update: —>  @COVID19Up   Tip the admin: Cash App - $g3hq PayPal - paypal.me/g3group,200,2026-10-06T09:27:42+00:00
COVID19Resources,alive,channel,COVID-19 Resources,16,,2020-04-11T18:40:38+00:00,0,0,Covid19Report,Here are some useful resources to help you get through this unprecedented time.  Follow our CoViD-19 newsfeed:  @Covid19Report,200,2026-10-06T09:27:45+00:00
covid19thefacts,alive,channel,Covid 19 the facts about the virus and the vaccine and what happening to the world,129,,2026-01-21T02:20:04+00:00,0,0,,"This channel is a new channel  to show people the facts about covid-19,  from doctors, scientific reports & actual figures No conspiracy  just facts",200,2026-10-06T09:27:49+00:00
Covid19Truth,alive,channel,Join   👉   @🄲🄾🅅🄸🄳❶❾🅃🅁🅄🅃🄷,2170,,2024-09-06T11:21:18+00:00,0,0,Covid19Truth Covid19TruthGroup c19tg_report,t.me/Covid19Truth  Must join to comment Chat:  t.me/Covid19TruthGroup   Rules  https://t.me/Covid19TruthGroup/40507  Report Spam  @c19tg_report    #COVID   #lockdowns   #EconomicReset   #Agenda21   #Agenda2030   #WW1   #WW2  history paved way for  #Zionist   #Marxist   #Bolsheviks,200,2026-10-06T09:27:52+00:00
COVID19Up,alive,channel,COVID-19 Up,25900,,2026-09-25T15:57:56+00:00,0,1,COVID1984Chat,Reporting the most important updates about COVID-19 and other news related to the health of the world.     🗣  t.me/COVID1984Chat,200,2026-10-06T09:27:57+00:00
Covid_my,alive,channel,大马新冠逆苗频道,1450,,2026-09-24T10:28:25+00:00,0,2,Covid_my myym6886 vaershealing,🧨   关心大马和世界的病毒与＂疫苗＂的發展趨勢   🧨   綜合有关新冠疫苗的满满干货   🧨   给於＂疫苗＂更全面的剖析   🧨   尋求＂毒苗事件＂的真相  本频道链接：  https://t.me/Covid_my   更多逆苗副作用，请看: 疫苗副作用频道  https://t.me/myym6886   更多逆苗副作用解毒资讯，请看: 疫苗副作用治療群  https://t.me/vaershealing,200,2026-10-06T09:28:01+00:00
covid_vaccine_injuries,alive,channel,Covid Vaccine Injuries,25000,,2026-10-06T07:22:58+00:00,15,19,,"Collating  injuries from around the world so people can have more information about these new products. We try not to post the same testimony twice, apologies if this occurs.",200,2026-10-06T09:28:05+00:00
covidbc,alive,channel,Covid BC (Excess Deaths),31200,,2026-08-23T02:32:27+00:00,0,0,,Independent researcher uncovering the truth.   God bless all the victims!   🙏    ❤️    X:  GenocideBlog.com,200,2026-10-06T09:28:09+00:00
Covidbin,alive,channel,COVID BIN,497,,2026-03-06T12:24:01+00:00,0,0,,Truth bin,200,2026-10-06T09:28:13+00:00
CovidCoronaVaccines,alive,channel_no_preview,Corona Vaccine Bivirkninger / Side-effects,2295,,,,,,Corona Vaccine Side Effects is a channel that informs about the thousands of serious Side effects and deaths from the experimental mRNA Gene Therapy injections.,200,2026-10-06T09:28:17+00:00
CovidDiscussionForum,empty_page,,,,,,,,,"If you have  Telegram , you can contact  @CovidDiscussionForum  right away.",200,2026-10-06T09:28:20+00:00
CovidHoax2020,alive,channel,Covid Hoax (The Terrain Is Everything),243,,2023-07-03T17:54:50+00:00,0,0,,There is no SARS-CoV-2 virus from China. The ALLEGED virus has never been isolated or purified & never seen under a microscope. Lots of videos you can share with others. Plus some short essays on this virus hoax. Plus memes. Please feel free to share.,200,2026-10-06T09:28:22+00:00
covidillusion,alive,channel_no_preview,COVIDillusion,129,,,,,,"THANK YOU FOR FOLLOWING <3  IF YOU FIND THE RESOURCES I HAVE COLLECTED HERE USEFUL, I EMPLORE YOU TO SHARE AND BRING OTHERS TO THIS CHANNEL.  WE NEED TO DISSEMINATE THIS INFORMATION WHILE OUR ABILITY TO SPEAK FREELY REMAINS SOMEWHAT INTACT ONLINE.",200,2026-10-06T09:28:26+00:00
covidmedicchannle,empty_page,,,,,,,,,"If you have  Telegram , you can contact  @covidmedicchannle  right away.",200,2026-10-06T09:28:29+00:00
covidpositivenews,alive,channel,Covid Positive News,202,,2025-07-13T13:28:49+00:00,0,0,ConsciousPeoplesNetwork FreedomHypnosis,"You have found your way to the original channel for Covid Positive News. Now we are Creating Our Vision In Detail   💞    ✊    @ConsciousPeoplesNetwork   I'm Robito, the founder of CPN and the hypnotherapy ambassador for the PHA  @FreedomHypnosis   http://robito.info",200,2026-10-06T09:28:32+00:00
CovidRedPills,empty_page,,,,,,,,,"If you have  Telegram , you can view posts by  @CovidRedPills  right away.",200,2026-10-06T09:28:35+00:00
covidreinformation,alive,channel,Covid re-information,211,,2026-09-28T11:31:48+00:00,0,8,,,200,2026-10-06T09:28:38+00:00
covidresearchdata,alive,channel,Covid data,23,,2026-06-11T16:03:48+00:00,0,0,,"Neutral resource with links to research based data, government data links related to covid can post here.",200,2026-10-06T09:28:41+00:00
CovidScienceLibrary,empty_page,,,,,,,,,"If you have  Telegram , you can view posts by  @CovidScienceLibrary  right away.",200,2026-10-06T09:28:43+00:00
covidsense,alive,channel,Covid Sense,787,,2024-01-18T00:39:45+00:00,0,0,,"Covid Sense seeks to expose the elitist depopulation plan, while simultaneously doing our part to help save humanity. ♡  Topics include: COVID-19, future pandemics, UN Agenda 2021-2063, World Bank project plans, Build Back Better, The Great Reset, & more.",200,2026-10-06T09:28:46+00:00
covidsnewsworld,alive,channel,Wakeup & Disobey,71,,2025-09-23T17:42:31+00:00,0,0,,,200,2026-10-06T09:28:49+00:00
CovidSolutionsAustralia,empty_page,,,,,,,,,"If you have  Telegram , you can contact  @CovidSolutionsAustralia  right away.",200,2026-10-06T09:28:53+00:00
covidtruthnet,alive,channel,Covid Truth Network,58300,,2026-09-28T18:42:42+00:00,0,8,,"This is the channel of a group of public health, science, and media experts who will clarify the truth about Covid-19 and the associated measures and therapies.",200,2026-10-06T09:28:56+00:00
covidvaccinedeath,alive,channel,"Bird Flu,HANTAVIRUS & Vaccine News",786,,2026-10-06T01:07:56+00:00,15,20,,"Covid Vaccine Death World Wide                                I do not give telegram or any entities associated with telegram permission to use my pictures, information, messages or posts, both past and future.",200,2026-10-06T09:28:59+00:00
covidvaccineforum,alive,channel_no_preview,Covid Vaccine Forum,60,,,,,,,200,2026-10-06T09:29:02+00:00
covidvaccineinjuries,alive,channel,Covid Vaccine Injuries,36300,,2023-01-11T00:48:06+00:00,0,0,AngelaNashville angelaisawake,To contact me or submit a story send a message to:  @angelaisawake  Gab  @AngelaNashville,200,2026-10-06T09:29:05+00:00
CovidVaccineReaction,alive,channel,CovidReactions,10,,2021-05-18T11:07:52+00:00,0,0,,"Thinking of getting vaccinated? It is your body your choice, but do you not want to be sure it's the right decision?",200,2026-10-06T09:29:07+00:00
covidvaccinesideeffectsreporting,alive,channel,COVID Vaccines + Vaccine Side Effect Reporting,30,,2021-03-10T01:16:35+00:00,0,0,,A collection of articles reporting about side effects from the different COVID vaccines,200,2026-10-06T09:29:10+00:00
covidvaccinevictims,alive,channel,COVID VACCINE VICTIMS,58100,,2026-07-31T16:00:20+00:00,0,0,CovidVaccineVictimsChat,Victims & their stories..   Please join the chat conversation here: Chat link:  https://t.me/CovidVaccineVictimsChat    CovidVaccineVictims.com,200,2026-10-06T09:29:13+00:00
CovidVaccineWORLD,alive,channel_no_preview,COVID VACCINE - REAL INFO,872,,,,,,Any and all information about Covid vaccines. Worldwide,200,2026-10-06T09:29:16+00:00
covidvaxinjury,alive,channel,Big Pharma Injuries,8210,,2025-11-15T05:41:40+00:00,0,0,,"A forum for discussion about big pharma injuries, the trans human agenda and proactive holistic health measures.  No doom and gloom, social aggression or victim shaming.",200,2026-10-06T09:29:19+00:00
covidvtruth,alive,channel_no_preview,CovidVax Injuries & Truth Revealed,213,,,,,covidvtruthchat,CovidVax Injuries & Truth Revealed Chat     Welcome https://t.me/covidvtruthchat,200,2026-10-06T09:29:22+00:00
covwatch,alive,channel,Covid watch,29,,2026-07-14T01:55:53+00:00,0,0,,Eye on big brother and big Pharma,200,2026-10-06T09:29:24+00:00
craigbackmanaustralia,empty_page,,,,,,,,,"If you have  Telegram , you can contact  @craigbackmanaustralia  right away.",200,2026-10-06T09:29:27+00:00
craigkelly,alive,channel,CRAIG KELLY - Keeping the bastards honest.,27400,,2025-03-10T01:36:48+00:00,0,0,,,200,2026-10-06T09:29:30+00:00
CrawlingDitches,alive,channel,Crawling Ditches,200,,2023-01-01T00:01:01+00:00,0,0,,,200,2026-10-06T09:29:33+00:00
credalytica,empty_page,,,,,,,,,"If you have  Telegram , you can contact  @credalytica  right away.",200,2026-10-06T09:29:35+00:00
cropcirclesandets,alive,channel,red collie1,1690,,2026-10-05T22:55:46+00:00,18,18,,"ETs, UFOs, crop circles, time travel here! (HRD)",200,2026-10-06T09:29:38+00:00
CrownVirusAgenda,alive,channel,Crown Virus Agenda,11,,2023-01-10T04:11:50+00:00,0,0,,"This channel serves as a repository for information revealing a sinister side of the coronavirus (corona = crown) and the vaccine/therapeutics push by Big Pharma, Big Gov, Hollywood, the MSM, or in other words: the Communists who want mass depopulation.",200,2026-10-06T09:29:41+00:00
CryptoConspiraciesCurrentEvents,alive,channel,👁  CryptoConspiracies&CurrentEvents  🕵🏻‍♂️,46,,2025-06-29T17:49:21+00:00,0,0,,"A Look into the Occult & Esoteric Aspects of Cryptocurrency & The Blockchain, as well as other Important Current Events which Face Humanity in the Times of The Great Reset & The Greater Awakening. Block Chain = Chained to the Block? Slavery or Freedom!?",200,2026-10-06T09:29:44+00:00
cullensmith,alive,channel,LIFTING THE VEIL,202,,2025-01-03T02:32:06+00:00,0,0,,"Books & film on Master Esoteric symbolism, etymology, occulted science, hermeticism, biology, health & nutrition, conspiracy @  patreon.com/LiftingTheVeil",200,2026-10-06T09:29:48+00:00
culturewarresource,alive,channel,Culture War Resource,698,,2023-05-10T07:53:44+00:00,0,0,,"A channel committed to informing and equipping Christians/conservatives fighting the culture wars. We fight, not because we hate those in front of us, but because we love those behind us.",200,2026-10-06T09:29:50+00:00
cv19vaccine_reactions,alive,channel,CV19 Vaccine Reactions,8570,,2024-05-14T23:31:31+00:00,0,0,cvr_overandover,Documenting adverse reactions to the new experimental medical products.    https://covidvaccinereactions.com   Email: cv19vaxxreactions@protonmail.com Instagram:  @cvr_overandover  Venmo: @ covidvaccinereactions,200,2026-10-06T09:29:53+00:00
cv19vaccineinjured,alive,channel_no_preview,Covid vaccines injured=blessés=heridos,731,,,,,,Documenting real life stories of people around the world who took one or more covid 19 vaccines. English-français-español,200,2026-10-06T09:29:56+00:00
cvinjuriesanddeaths,alive,channel,Your Jab Won't Save You.   💉,3910,,2022-01-20T22:27:40+00:00,0,0,civil_resistance,"An unlimited collection of COVID vaccine reactions, injuries and deaths. Reports, figures, stories and first hand testimonies. Nothing else. Got more to add? DM admin at  @civil_resistance",200,2026-10-06T09:29:59+00:00
cvnvacs,alive,channel,Stop Coronavirus & Vaccines,717,,2026-09-13T13:23:18+00:00,0,1,cvnvacs,"Facts about COVID-19 scam, vaccine injuries & death, and the solution  https://t.me/cvnvacs",200,2026-10-06T09:30:01+00:00
dagan1234,alive,channel,alexanderdagan,24,,2026-10-05T16:31:14+00:00,20,20,,,200,2026-10-06T09:30:04+00:00
dailyexpose,alive,channel,The Exposé News (Official),27800,,2026-10-06T08:35:46+00:00,18,20,,Reporting the facts that the mainstream refuse to...  Official telegram channel for The Expose,200,2026-10-06T09:30:08+00:00
DailyMoonstar,alive,channel,Daily Moon-Star News  🔥    👑    💛    💯,27,,2026-01-21T17:46:54+00:00,0,0,,Up to date information and  always searching for the truth.   🥁    👑    🧡    🔥    💚   So many rabbit holes remember to use discernment always.  Hold the love  🦄    👑    💫,200,2026-10-06T09:30:11+00:00
dajjalvskhilafah,alive,channel,Dajjalic System vs Khilafah,2710,,2026-10-05T10:40:13+00:00,15,20,,"To gather like minded people who want to improve themselves,  get ready for the difficult times to come, and work together to help our loves see the same,  Allah's pleasure is the only.  The final victory is for the truth.",200,2026-10-06T09:30:17+00:00
damosworld,alive,channel,Damos World,1,,2025-03-22T16:17:54+00:00,0,0,,What's REAL,200,2026-10-06T09:30:20+00:00
DanaAshlieOfficial,alive,channel,Dana Ashlie,11500,,2026-09-29T23:11:10+00:00,2,3,DanaAshlie,Dana Ashlie Telegram Channel -  @DanaAshlie  Discussing suppressed Truth and the WAY! A way to stay more in touch (that’s not FB and to make video announcements (since YT isn’t) Here is my PPal for anyone wanting to support  https://paypal.me/DanaAshlie,200,2026-10-06T09:30:23+00:00
darkuniverse09,alive,channel,dark_universe_09,85500,,2026-04-20T12:19:53+00:00,0,0,,"Official: (dark_universe_09) The uncensored, unwanted truth.     ℹ️   Adverts & Promotional deals Available! .. PM us for Business, Serious inquiries only. Special Premium Bulk Deals on Ads / Promos.   ☑️",200,2026-10-06T09:30:28+00:00
daveoneegschat,alive,channel,ONeegs,369,,2023-04-25T07:19:25+00:00,0,0,oneegsdotcom,@oneegsdotcom,200,2026-10-06T09:30:32+00:00
David_Walden,alive,channel,David Walden,3,,2022-09-18T13:41:45+00:00,0,0,,Plandemic and more,200,2026-10-06T09:30:35+00:00
davidavocadowolfe,alive,channel,David Avocado Wolfe,103000,,2026-10-06T06:45:45+00:00,20,20,,"🎙  Uncensored Meme News   😷   Medical Freedom   📲  Exposing the Beast System   🥑   Fresh  ☀️  Foods,   🌴  Superfoods  🍈  , Superherbs  🍄  , Living  💦  Water, Health  💫  Technology, and  ✨   #TheBestDayEver !  ✨     ⬇️  MyWorld  🌳   &   📲  Favorite Links and Memes  ⬇️",200,2026-10-06T09:30:38+00:00
davidgoldberg,empty_page,,,,,,,,,"If you have  Telegram , you can contact  @davidgoldberg  right away.",200,2026-10-06T09:30:41+00:00
davidicke,alive,channel_no_preview,David Icke,19574,,,,,davidickeofficial jewishutopiarabbimichaelhigger,David has an official telegram   19/08/2021 hope i did ok David ❤  http://t.me/davidickeofficial   https://t.me/s/davidicke    As of 28 05 24 channel canceled on some devices    Please Join and share 👇  https://t.me/jewishutopiarabbimichaelhigger,200,2026-10-06T09:30:43+00:00
dawidsnowden_world,empty_page,,,,,,,,,"If you have  Telegram , you can contact  @dawidsnowden_world  right away.",200,2026-10-06T09:30:46+00:00
dayofthehope,empty_page,,,,,,,,,"If you have  Telegram , you can contact  @dayofthehope  right away.",200,2026-10-06T09:30:48+00:00
dbrozenews,alive,channel,Derrick Broze's Daily News,7380,,2026-10-06T00:05:44+00:00,20,20,,"Journalist Derrick Broze shares his articles and videos, as well as articles, essays, and videos he consumes everyday.   Find his work:    https://www.theconsciousresistance.com    https://www.thelastamericanvagabond.com    https://www.derrickbroze.com",200,2026-10-06T09:30:51+00:00
debbiegarrattchannel,alive,channel,Debbie Garratt Channel,101,,2023-11-22T03:05:39+00:00,0,0,,News and views,200,2026-10-06T09:30:54+00:00
defendingfreechoice,alive,channel,DEFENDING FREE CHOICE,1270,,2023-03-08T03:32:55+00:00,0,0,,Share this link  A group to keep us all connected with *Public announcements *Important documentation *Important updates,200,2026-10-06T09:30:57+00:00
DefenseDistributed,empty_page,,,,,,,,,"If you have  Telegram , you can contact  @DefenseDistributed  right away.",200,2026-10-06T09:31:00+00:00
demikatespeaks,empty_page,,,,,,,,,"If you have  Telegram , you can contact  @demikatespeaks  right away.",200,2026-10-06T09:31:02+00:00
democratic_cooperative,alive,channel,CHANNEL: AUSTRALIAN DEMOCRATIC COOPERATIVE - Nation Wide,411,,2022-06-23T21:07:54+00:00,0,0,Democratic_Cooperative_Group,Political parties working together to fight for liberty and oppose public health tyranny.  Associated public group: https://t.me/Democratic_Cooperative_Group   Website:  http://teamaustralia21.org .,200,2026-10-06T09:31:05+00:00
detoxdoc,alive,channel,Dr. Steph - Built to Heal,905,,2026-09-30T23:24:48+00:00,1,1,,https://BuiltToHeal.co   I run the Built to Heal Clinic and guide people out of chronic conditions + I make free content teaching how to do it.  💪,200,2026-10-06T09:31:08+00:00
deviljuiceforeveryone,empty_page,,,,,,,,,"If you have  Telegram , you can contact  @deviljuiceforeveryone  right away.",200,2026-10-06T09:31:11+00:00
Digital_ID_Au,alive,channel,DIGITAL ID Au | public channel,3640,,2026-10-06T00:54:20+00:00,16,16,Digital_ID_Au Rob_Digi,"Digital ID, Social Credit Cybersafety AI, Cyber Safety Surveillance, Carbon Scores, Face Scan, QR . Admin support:   @Rob_Digi   https://t.me/Digital_ID_Au",200,2026-10-06T09:31:15+00:00
DipDiet,alive,channel,Dr Biswaroop Roy Chowdhury,14,,2022-04-10T08:17:22+00:00,0,0,,,200,2026-10-06T09:31:18+00:00
DirtRoadDiscussion,alive,channel,Dirt Road Discussions,133000,,2026-10-05T00:11:45+00:00,8,19,,Danny L,200,2026-10-06T09:31:20+00:00
DisabilityAid,alive,channel_no_preview,🔊 @DisabilityAid • Disability Aid • Intuitive Social Technology • IPR •••,26,,,,,,,200,2026-10-06T09:31:23+00:00
dissident_priest,alive,channel_no_preview,Dissident Priest,1161,,,,,,Follow the Dissident Priest at  Gab.com/dissident_priest,200,2026-10-06T09:31:26+00:00
djjohnno68,alive,channel,DJJOHNO,2,,2022-11-12T21:03:07+00:00,0,0,,,200,2026-10-06T09:31:29+00:00
DoctorsSpeakOut,alive,channel,Doctors Speak Out,112,,2022-03-20T12:54:18+00:00,0,0,,Doctors speaking out,200,2026-10-06T09:31:32+00:00
dogzbollox1,alive,channel,Dogz Bollox Right Wing News (Official),106,,2026-10-06T09:04:03+00:00,18,18,,Patriots unite.  Any far right or far left will be banned. No exceptions.  I stand by Donald Trump. By Tommy Robinson. By Israel  By the wonderful decoys and hunters that protect our children online.,200,2026-10-06T09:31:35+00:00
dontmetalwithme2,alive,channel,Don’t Metal with Me,2310,,2023-11-28T17:25:29+00:00,0,0,,,200,2026-10-06T09:31:38+00:00
downtherabbitholewegofolks,alive,channel,Down the rabbit hole we go...   🐰    🍿,14400,,2026-10-06T03:31:21+00:00,15,20,,,200,2026-10-06T09:31:41+00:00
downunderinfo,empty_page,,,,,,,,,"If you have  Telegram , you can contact  @downunderinfo  right away.",200,2026-10-06T09:31:45+00:00
Dr_BetsyChannel,alive,channel,Dr_Betsy,4750,,2026-10-06T02:20:04+00:00,20,20,,,200,2026-10-06T09:31:48+00:00
drabbithole,empty_page,,,,,,,,,"If you have  Telegram , you can contact  @drabbithole  right away.",200,2026-10-06T09:31:51+00:00
DrAndrewWakefield,alive,channel,Dr. Andrew J. Wakefield Unofficial channel,1210,,2026-10-06T05:08:20+00:00,20,20,,"Unofficial channel for Dr. Andrew J. Wakefield, Screenwriter, Director, Doctor   https://soundcloud.com/andy-wakefield-podcast    https://7thchakrafilms.com/",200,2026-10-06T09:31:55+00:00
DrAriyanaLove,alive,user_or_bot,Dr. Ariyana Love,,,,,,,,200,2026-10-06T09:31:58+00:00
drbradcampbell,alive,channel,@drbradleycampbell,16100,,2024-11-26T22:10:42+00:00,0,0,drbradleycampbell,@drbradleycampbell  Dr Brad Campbell,200,2026-10-06T09:32:00+00:00
drbrc,alive,channel_no_preview,Mission Azadi,60,,,,,,Say No To.... No to Mandetory Vaccination No to Allopathy No to Bill Gates No to Agenda 21 No to New World Order No to Micro Chip    जानता हूं कि मैं अकेला देश को जगा नहीं सकता.. लेकिन पानी में एक पत्थर फेंककर हलचल तो मचा सकता हूं अपना देश बिकने मत दो🙏,200,2026-10-06T09:32:04+00:00
DrBRCnews,empty_page,,,,,,,,,"If you have  Telegram , you can contact  @DrBRCnews  right away.",200,2026-10-06T09:32:06+00:00
drchristianenorthrup,alive,channel,Christiane Northrup M.D,41600,,2026-10-05T16:13:31+00:00,8,20,,,200,2026-10-06T09:32:09+00:00
DrDavidMartin,alive,channel,Dr David Martin,50300,,2026-10-06T00:20:05+00:00,6,18,DrDavidMartinAdminBot,Putting Humanity back into Humans  Chairman of M-CAM Chairman Purple Bridge Management   Editor:  @DrDavidMartinAdminBot,200,2026-10-06T09:32:11+00:00
DrEdithUbuntu,alive,channel,Dr. Edith Ubuntu Chan,1920,,2026-10-03T04:53:59+00:00,17,20,,Experience the Next Level of Human Possibilities.   ✊    💃🏾    🧘🏽‍♀️    🦸‍♀️    🏋️‍♂️    🌈   ~~~ * Consciousness * SuperWellness * Holistic Medicine * Raising Luminous Kids * Luminous Education * New Human Possibilities *  www.DrEdithUbuntu.com  /  www.LuminousRevolution.com,200,2026-10-06T09:32:14+00:00
Drevrapiti,alive,channel,Drevrapiti,4,,2026-09-16T01:19:43+00:00,0,2,,,200,2026-10-06T09:32:18+00:00
driscollstudios,alive,channel_no_preview,Driscoll Studios,376,,,,,,"Ephesians 6:12     A place to get information without the spin. No agenda, Just truth as best as we can figure it. Putting it all on the table so you can decide for yourself.  Feel free to check out our website!   www.driscollstudios.com  - Jack and Clare",200,2026-10-06T09:32:20+00:00
DrJaneRuby,alive,channel,Dr Jane Ruby,58000,,2026-10-05T23:46:01+00:00,16,16,,DrJaneRuby.com,200,2026-10-06T09:32:23+00:00
DrJudyAnneMikovits,alive,channel,Dr. Judy Mikovits,3270,,2025-11-10T14:52:50+00:00,0,0,,"Biochemistry research scientist, Anti-vaccine activism",200,2026-10-06T09:32:26+00:00
DrLynnFynn,alive,channel,Dr. Lynn Fynn’s Science Enlightenment Channel & Stuff,24200,,2026-10-05T05:34:16+00:00,3,9,Fynnderella1 lynnfynn3,Evidence based analysis of mainstream scientific inaccuracies- Not medical advice  X (formerly TWITTER)  @Fynnderella1  and  @lynnfynn3    https://imahealth.org/honest-medicine-has-arrived/    AFLDS.org,200,2026-10-06T09:32:28+00:00
DrMikeYeadon,alive,channel,Dr Mike Yeadon,27100,,2026-10-05T16:29:52+00:00,20,20,,"The only former pharma company research exec telling truth about covid lies. Highly qualified in respiratory, immunology, all areas of new drug R&D.",200,2026-10-06T09:32:31+00:00
drpalevsky,alive,channel,Dr Palevsky,9160,,2026-10-05T21:31:56+00:00,6,20,,"This channel will represent my ultimate wish for truth, critical thinking, raising our collective consciousness & for healthy relationships to dominate our world   🌎  & to inform & support parents to become more empowered health providers for their children",200,2026-10-06T09:32:34+00:00
DrPaulAlexander,alive,channel,Dr. Paul Alexander,8320,,2026-10-01T19:50:57+00:00,3,11,,"Dr. Paul E. Alexander, clinical epidemiologist, former WHO-PAHO and US HHS consultant/senior Covid Pandemic advisor",200,2026-10-06T09:32:36+00:00
DrPriya777,alive,channel_no_preview,Dr.Priya Saklani,14,,,,,,"Awakening is not a luxury anymore , it’s a necessity.",200,2026-10-06T09:32:40+00:00
drskydata,empty_page,,,,,,,,,"If you have  Telegram , you can contact  @drskydata  right away.",200,2026-10-06T09:32:42+00:00
drsuzanneH,alive,channel,DrSuzanneH,7010,,2025-01-24T08:18:54+00:00,0,0,,Dr Suzanne Humphries  All videos now here  https://odysee.com/$/invite/@drsuzanneh:f,200,2026-10-06T09:32:45+00:00
DrTenpenny,alive,channel,Dr. Tenpenny,88600,,2026-10-06T04:39:01+00:00,18,18,,Warrior for the preservation of human DNA,200,2026-10-06T09:32:49+00:00
DrTJohn,alive,channel,Tommy John III,2430,,2026-10-06T02:54:34+00:00,12,12,,,200,2026-10-06T09:32:52+00:00
drue86,alive,channel,Cosmic Light Force,52000,,2026-10-05T17:27:37+00:00,13,13,drue86 motleydrue,💜   Akashic Wisdom Keeper  I  DNA & Lightbody Activation   💜     🧬   Truthseeker I  Opinion News  I  Wellness + Holistic Lifestyle  I  Christ Flame   🧬     CosmicLightForce.com  /  StarseedFuel.com  /  HigherSelfMade.com  /  Drue86.com   . DM  @motleydrue  / TS/Twitter  @drue86,200,2026-10-06T09:32:54+00:00
DrugNerds,alive,channel,D,3,,2025-10-14T15:16:34+00:00,0,0,,,200,2026-10-06T09:32:57+00:00
DrunvaloMelchizedek,alive,channel,Drunvalo Melchizedek,931,,2026-09-01T08:42:21+00:00,0,0,,Dru,200,2026-10-06T09:33:01+00:00
DrVladimirZevZelenkoOfficial,alive,channel,Dr. Vladimir Zev Zelenko,3120,,2023-06-08T19:17:55+00:00,0,0,,"Credited by Donald Trump, Dr. Zelenko was the first American to innovate a successful Covid-19 treatment in the prehospital setting called the Zelenko Protocol. - This is a fan channel, not an official account.",200,2026-10-06T09:33:05+00:00
dryburgh,alive,channel,"Dryburgh.com [Channel] (""Stay More broadly Informed"")",1540,,2025-07-03T23:13:39+00:00,0,0,,Stay more broadly informed than big tech and mainstream media allow.  Disclaimer and disclosures -   https://dryburgh.com/about/,200,2026-10-06T09:33:08+00:00
DrZelenkoMD,alive,channel,Dr Vladimir Zelenko MD,371,,2022-10-18T20:08:12+00:00,0,0,,"Vladimir Zelenko, M.D. is a New York State doctor who has treated over 1,450 coronavirus patients using hydroxychloroquine, azithromycin and zinc sulfate with 99.9% success rate (2 deaths). See also: Vladimir Zelenko's coronavirus treatment. In 2021, Dr.",200,2026-10-06T09:33:11+00:00
EARTH20GENESIS,alive,channel_no_preview,⊙ EARTH 2.0 GENESIS,5865,,,,,,• 𝙲𝙴𝙽𝚂𝙾𝚁𝙴𝙳 BUT NOT SILENCED by Apple & Android APPS.   ONLY the best channels are shadowbanned.,200,2026-10-06T09:33:15+00:00
EarthJusticeLeague_DataLibrary,alive,channel,地球正義聯盟～資料館,9320,,2026-10-06T07:20:29+00:00,6,6,EarthJusticeLeague EarthJusticeLeague_DataLibrary,《生命影響生命》 活出意義。發出亮光  Earth Justice League～Data Library   ➡️    https://t.me/EarthJusticeLeague_DataLibrary   Earth Justice League    ➡️    https://t.me/EarthJusticeLeague   X：   ➡️    https://x.com/ImanuelAarde   Patreon：   ➡️    https://patreon.com/EarthJusticeLeague,200,2026-10-06T09:33:18+00:00
earthunited,empty_page,,,,,,,,,"If you have  Telegram , you can contact  @earthunited  right away.",200,2026-10-06T09:33:21+00:00
easternontariofreedomalliance,alive,channel_no_preview,Eastern Ontario Freedom Alliance (SHADOWBANNED),248,,,,,,"freedom of thought, belief, opinion and expression, including freedom of the press and other media of communication.",200,2026-10-06T09:33:23+00:00
ebullientbynature,alive,channel_no_preview,Ebullient by Nature,469,,,,,,"Ebullience & true high comes from being in sync with nature. Raw food is alive, full of enzymes to help digest & absorb nutrition. The roots of the trees go very deep bringing us the minerals and these trees could be 1000s of yrs old full of conciousness🍃",200,2026-10-06T09:33:26+00:00
ECETI_OFFICIAL_CHANNEL,alive,channel,ECETI OFFICIAL  👣,7880,,2026-10-05T21:22:47+00:00,2,20,,This is the Official ECETI Telegram channel authorized by James Gilliland.,200,2026-10-06T09:33:29+00:00
eclecticconsciousness,empty_page,,,,,,,,,"If you have  Telegram , you can contact  @eclecticconsciousness  right away.",200,2026-10-06T09:33:32+00:00
eclecticoutpost,empty_page,,,,,,,,,"If you have  Telegram , you can contact  @eclecticoutpost  right away.",200,2026-10-06T09:33:35+00:00
Edenslivingtv,alive,channel,EDEN'S LIVING TV,4,,2024-12-29T07:00:54+00:00,0,0,,Teaching all things Naturopathic _ Processing Trauma and Quantum Sound HEALER BIOFEEDBACK...CDC whistle blower _ ex BIOTECH pharmaceuticals 6 years,200,2026-10-06T09:33:38+00:00
EDN_R,alive,channel_no_preview,EDN,218,,,,,,REAL NEWS About The Satanic Corruption that has Infiltrated The World.,200,2026-10-06T09:33:40+00:00
eh_den,alive,channel,Ehden's Channel,6810,,2025-10-07T15:46:08+00:00,0,0,,#PfizerLeak  central,200,2026-10-06T09:33:43+00:00
ELPhealth,alive,channel_no_preview,ELP: Health and Wellness,28,,,,,ELPgroupchat,Ethos Logos Pathos sub category channel dedicated to improving ones health and/or new medical tech. Join the discussion  @ELPgroupchat,200,2026-10-06T09:33:47+00:00
emergencysurvivalskills,empty_page,,,,,,,,,"If you have  Telegram , you can contact  @emergencysurvivalskills  right away.",200,2026-10-06T09:33:50+00:00
EMF_EHS_English,alive,channel,EMF & EHS Archive   🇬🇧   (en),36,,2026-10-01T19:52:24+00:00,1,1,joinchat,This is the public channel our linked Discussion Group is available at:  https://t.me/joinchat/Eocjgj-fyi5yjbrjK4KBlw,200,2026-10-06T09:33:53+00:00
endilluminati,alive,channel_no_preview,𝙀𝙉𝘿 ILLUMINATI 🔺️❌,26580,,,,,,The 𝐓𝗋υ𝗍ɦ is Stranger Than Fiction 🔺️❌  Show Your Support ✅ https://coindrop.to/endilluminati_1  𝗖𝗼𝗽𝘆𝗿𝗶𝗴𝗵𝘁 𝗗𝗶𝘀𝗰𝗹𝗮𝗶𝗺𝗲𝗿: https://www.copyright.gov/title17/92chap1.html#107,200,2026-10-06T09:33:57+00:00
endthelockdownireland,alive,channel,End The Lockdown Ireland,547,,2022-07-05T10:54:37+00:00,0,0,,"Page will be used as a noticeboard. Links to local groups, Pdf's of highly effective posters, videos that have a proven record of redpilling friends and family members, self sustaining communities ,protests and other actions.",200,2026-10-06T09:34:00+00:00
enemymediaIG,empty_page,,,,,,,,,"If you have  Telegram , you can contact  @enemymediaIG  right away.",200,2026-10-06T09:34:04+00:00
entherapy,alive,channel,Energy Therapy,792,,2026-09-18T17:20:37+00:00,0,2,,"Wake up to your authentic power by living the Power of Now. Walk the path of truth, love and freedom! Teachings in energy medicine, yoga, breathwork, meditation, consciousness.",200,2026-10-06T09:34:07+00:00
erinhealthnutnews,alive,channel,Health Nut News/Erin Elizabeth,20900,,2026-09-25T07:22:17+00:00,0,4,,Welcome to our telegram fam :) You can find all my alternative social media networks at  https://linkpop.com/erinhnn  BUT most important is we keep a lifeline they can never take away at  HealthNutNews.com/Join    🙏   Love Erin   ❤️,200,2026-10-06T09:34:10+00:00
ErwachenMitMarcus,alive,channel,Erwachen mit Marcus Zugang,56,,2022-06-14T17:19:23+00:00,0,0,,Hier besteht die Möglichkeit auf Beitritt zum Erwachen mit Marcus Kanal.,200,2026-10-06T09:34:13+00:00
EscapeTheMatrix,alive,channel,escapethematrix,5,,2026-06-22T08:06:10+00:00,0,0,NFTStore,用户名出售   🤵🏻    @NFTStore,200,2026-10-06T09:34:16+00:00
eSmog_5G,alive,channel,Stop5G news international,186,,2026-05-18T11:10:01+00:00,0,0,ifttt,"Why to  #stop5G ? Here you find news, critical about the new totalitarian 5G technology.  Powered by  Nitter.net  &  @ifttt",200,2026-10-06T09:34:18+00:00
EuphonicEXOpolitic,alive,channel,"🔊   @EuphonicEXOpolitic • Resonant Kindness, Exopolitic • Euphonic Light Network Reception Broadcast • IPR •°`",16,,2023-07-20T01:53:16+00:00,0,0,EuphonicReception,Courageous Cosmic Contact:  https://t.me/EuphonicReception,200,2026-10-06T09:34:22+00:00
Eurekarebellion,empty_page,,,,,,,,,"If you have  Telegram , you can contact  @Eurekarebellion  right away.",200,2026-10-06T09:34:25+00:00
EuropeanForumforVaccineVigilance,alive,channel,EFVV- European Forum for Vaccine Vigilance,532,,2026-08-14T17:18:05+00:00,0,0,,Official channel for EFVV supporters  Website:  https://efvv.eu/,200,2026-10-06T09:34:29+00:00
europeanswithlaptops,empty_page,,,,,,,,,"If you have  Telegram , you can contact  @europeanswithlaptops  right away.",200,2026-10-06T09:34:32+00:00
everlychannel,alive,channel,Ashley Everly,4420,,2024-05-12T22:28:54+00:00,0,0,,"Toxicologist |  Https://Vaccine.Guide  |  EverlyReport.com  // Heads up, there are fake accounts impersonating me.",200,2026-10-06T09:34:35+00:00
EverythingScience,alive,channel,EverythingScience,22100,,2026-10-03T20:54:18+00:00,2,19,DigitisedRealitySupport EverythingScienceChat,"Discover the best, human-curated science facts, news, discoveries, videos, and more!  Chat with us:  @EverythingScienceChat  Contact:  @DigitisedRealitySupport",200,2026-10-06T09:34:38+00:00
evolutionary_life,alive,channel,Evolutionary Life,198,,2026-06-21T17:34:20+00:00,0,0,,Wild Foraging   🌿   Health Sovereignty & Hacks   🧗🏻‍♂️    🔧    🥗   Ecological Restoration & Gardening   🏡    🏞   Knowledge   📚,200,2026-10-06T09:34:43+00:00
EvolvedTruth,alive,channel,Evolved Truth,13200,,2025-02-06T21:37:15+00:00,0,0,,🧠   Exposing the War on Consciousness    🌱   Reconnecting with Nature     🔗    https://bio.site/EvolvedTruth,200,2026-10-06T09:34:47+00:00
ExposeDarkness,alive,channel,Expose Darkness (NL & Global),2370,,2024-04-21T22:36:43+00:00,0,0,,"Darkness brought into the light! Anon, QAnon, Warriors of light & freedom (Dutch based, globally focused)",200,2026-10-06T09:34:50+00:00
ExposingTheTruth2day,alive,channel,ExposingTheTruth2day,487,,2026-05-23T13:52:24+00:00,0,0,,,200,2026-10-06T09:34:53+00:00
eXtinctionRebellion,alive,channel,eXtinction Rebellion • @eXtinctionRebellion • XR,1940,,2026-09-15T11:16:41+00:00,0,1,,https://rebellion.earth/the-truth/about-us/,200,2026-10-06T09:35:00+00:00
eylacuenca,alive,channel,Eyla Cuenca Birth   🤱🏿    🤰🏽    🤱🏻     🤰🏼,571,,2026-10-02T19:11:48+00:00,3,16,,"Where health freedom, empowered education and conscious birth (and a little humor) intersect.  Join our doula training and mentorship   👇     https://www.uncoveringbirth.com/",200,2026-10-06T09:35:04+00:00
faarkem,alive,channel,Fu#k ‘em,127,,2026-10-05T22:44:01+00:00,20,20,,FyourNWO,200,2026-10-06T09:35:07+00:00
FACTnotFictionx,alive,channel,FACTnotFiction,741,,2026-09-05T15:14:18+00:00,0,0,,JT,200,2026-10-06T09:35:11+00:00
facts_vs_lies,alive,channel,FACTS vs. LIES!,9,,2026-10-06T06:33:51+00:00,17,17,,"🇩🇪   Was wenn ALLES, was dir je erzählt wurde, eine LÜGE ist?   ❗️  Abonniere NUR, wenn Du die Wahrheit ertragen kannst  ‼️     ➖     🇺🇸   What if EVERYTHING you've ever been told is a LIE?   ❗️  Subscribe O͟N͟L͟Y, if you CAN handle the Truth  ‼️     http://scr.im/bambaferko",200,2026-10-06T09:35:15+00:00
factseekers,alive,channel_no_preview,Fact Seekers,191,,,,,,Non-weaponized factual information.,200,2026-10-06T09:35:18+00:00
factsoverfear,alive,channel,Facts Over Fear,1670,,2024-12-20T23:54:10+00:00,0,0,,Rational objective information for your consideration. Logic is fast. Science is slow.  #factsoverfear,200,2026-10-06T09:35:20+00:00
Fall_of_the_Cabal,alive,channel,FallCabal Official Channel,81800,,2026-10-06T07:47:55+00:00,15,15,,"Official information channel of Fall Cabal /  Cyntha Koeter & Janet Ossebaard ( † 2023)  For our documentaries, products and donations:  www.fallcabal.com   Bitchute:  https://www.bitchute.com/channel/ws4fMTn6yNc7/",200,2026-10-06T09:35:24+00:00
fanosthevoice,alive,channel,Fanosthevoice,6470,,2025-04-26T06:44:07+00:00,0,0,,Fanos Panayides- Uncensored,200,2026-10-06T09:35:27+00:00
federal_reserve,alive,user_or_bot,Federal_Reserve,,,,,,,,200,2026-10-06T09:35:30+00:00
FEMATHELASTSTEP,alive,channel,FEMA THE LAST STEP,2640,,2026-06-14T16:08:50+00:00,0,0,,This channel has all the proof and material you need to know without a doubt if they plan to throw us into internment camps like Nazi Germany. Take a look and make sure you’ve seen all the media in this channel for a broad view of our situation.,200,2026-10-06T09:35:34+00:00
FFANZW,empty_page,,,,,,,,,"If you have  Telegram , you can contact  @FFANZW  right away.",200,2026-10-06T09:35:38+00:00
finalcalltofreedom,alive,channel,Final Call To Freedom,391,,2023-06-16T12:01:29+00:00,0,0,,,200,2026-10-06T09:35:41+00:00
fiona1970,alive,channel,Fiona1970,17,,2023-01-25T09:06:17+00:00,0,0,,,200,2026-10-06T09:35:45+00:00
FionaRoseDiamond,alive,channel,Fiona Rose Diamond,7960,,2026-10-05T18:35:20+00:00,5,6,,"CoviLeaks Resist And Act: Effecting Change   🌎    ❤️    🌎    www.CoviLeaks.co.uk   buymeacoffee.com/fionarosediamond   Speaking the truth is our most powerful weapon, Freedom is the power and right to speak the truth… we are still fighting for that freedom.",200,2026-10-06T09:35:49+00:00
FlatEarthMemesParty,alive,channel,Flat Earth Memes,386,,2021-03-16T15:34:03+00:00,0,0,,Special Edition,200,2026-10-06T09:35:51+00:00
FLCCC_Alliance,alive,channel,FLCCC Alliance,314,,2026-09-06T13:42:30+00:00,0,1,,,200,2026-10-06T09:35:54+00:00
flushoutthetruth,alive,channel_no_preview,Flush Out The Truth,729,,,,,,"Provide video,documentation,chat etc that the lamestream media are avoiding.Generally FREESPEECH & no bullshit!",200,2026-10-06T09:35:57+00:00
fmllol,alive,channel,fml.lol,52,,2023-01-30T12:04:21+00:00,0,0,,https://fml.lol   random rants,200,2026-10-06T09:36:01+00:00
fokason,alive,channel,Fokas On...,308,,2026-05-20T18:33:24+00:00,0,0,,"A place where George shares his everyday findings with people who want to be informed, educated, inspired and motivated.",200,2026-10-06T09:36:05+00:00
folkepartiet,alive,channel,Velstandspartiet - Jorden Frihed Kundskab,698,,2026-04-19T10:24:28+00:00,0,0,,Denne Kanal er for Velstandspartiet - Jorden Frihed Kundskab. Se mere på  velstandspartiet.dk,200,2026-10-06T09:36:10+00:00
foodgoon_actual,alive,channel,FOOD GOON,405,,2025-01-24T17:12:59+00:00,0,0,,"Uncouth Food Critic: Crude like oil, unrefined but slick. Food, freedom, and fun facts.    🥩    🥓    🍳    🍣    🦌    🍗    🐗    🍖    🦀    🐟    🐰    🦃    🦑    🌱    🍄    🤪    🍕    🥞    🍓",200,2026-10-06T09:36:13+00:00
ForYourAttention,empty_page,,,,,,,,,"If you have  Telegram , you can contact  @ForYourAttention  right away.",200,2026-10-06T09:36:16+00:00
FosterGamble,alive,channel,Foster Gamble,397,,2026-03-15T04:25:18+00:00,0,0,,Sign up for a free 7 day trial of the FREEDOM PORTAL:  https://fp-prod.thriveon.com/,200,2026-10-06T09:36:21+00:00
foundconscious,alive,channel,Found Conscious,18900,,2025-02-05T15:13:00+00:00,0,0,,"The truth shall not be silenced - uncensored truth - articles, videos, memes, pictures, voice messages, critical updates and more",200,2026-10-06T09:36:23+00:00
Fourdirections3132,alive,channel,4D International   🐬    🐳    🦚    🍀    💎    💚    💚    💚    💚    🫶,7460,,2026-10-06T05:50:53+00:00,20,20,,"Freedom! Plant Medicine, Ceremony, Sasquatch, Living food, Health positive Vibe uplifting for all being to .make it home..",200,2026-10-06T09:36:27+00:00
free_uk,alive,channel,FREE UK,729,,2026-09-30T21:09:16+00:00,1,2,,We are FREE UK. Resistance group against the new Nazi-Communism. We want freedom of choice. See pinned messages for how you can help.,200,2026-10-06T09:36:31+00:00
Freedom_Warriors,alive,channel,𝔽𝕣𝕖𝕖𝕕𝕠𝕞 𝕎𝕒𝕣𝕣𝕚𝕠𝕣𝕤,12700,,2026-10-06T09:05:03+00:00,20,20,,In collaboration with british Resistance,200,2026-10-06T09:36:34+00:00
freedomandresistance,alive,channel,Freedom of the heart,323,,2026-09-30T12:20:25+00:00,14,19,,,200,2026-10-06T09:36:37+00:00
FreedomDoc1,alive,channel,Lee Merritt MD: FreedomDoc1,24500,,2026-10-05T19:48:34+00:00,20,20,,Will you choose comfort? Or will you fight against evil? Be ungovernable.,200,2026-10-06T09:36:40+00:00
freedomexpressme,alive,channel,Freedom Express,56,,2023-08-27T22:37:21+00:00,0,0,,"A space for open dialogue and freedom to express what's really going on. Armed with knowledge not only can we resist, but we do it calmy and confidently. Let's bring people along the journey.",200,2026-10-06T09:36:43+00:00
freedomfightersandfriends,alive,channel,🕊  FREEDOM FIGHTERS AND FRIENDS  🕊,14,,2024-06-27T10:18:10+00:00,0,0,,,200,2026-10-06T09:36:47+00:00
freedomfromcovidscam,alive,channel,POWER to the PEOPLE   🙏,369,,2026-10-02T14:07:38+00:00,5,20,,"🌐   Let's create a beautiful community to grow together and support each other in this time of crisis   🙏    We are responsible for our own happiness. No one can stop us from leading a disciplined lifestyle. Happiness is a choice of what we think, feel and do",200,2026-10-06T09:36:50+00:00
FreedomIdeasNoVax,alive,channel,freedomideasnovax,,,2024-09-18T20:12:09+00:00,0,0,,,200,2026-10-06T09:36:55+00:00
freedominfilm,empty_page,,,,,,,,,"If you have  Telegram , you can contact  @freedominfilm  right away.",200,2026-10-06T09:36:58+00:00
freedomnovascotia,alive,channel,Freedom Nova Scotia - Public Channel,87,,2026-10-03T00:07:38+00:00,2,6,,,200,2026-10-06T09:37:01+00:00
freedomre1gns,alive,channel,Freedom Reigns,87,,2022-07-30T12:43:57+00:00,0,0,,Do right and fear no one.   Check out my Bitchute channel for some cool music and videos -  https://www.bitchute.com/channel/23H4kF6akfMD/,200,2026-10-06T09:37:05+00:00
freedomtravelalliance,alive,channel,Freedom Travel Alliance,6970,,2026-09-06T09:20:40+00:00,0,0,,"Our mission is to be the solution provider in the travel and transportation industry with one aim: to honour your rights to travel freely, unencumbered, without discrimination.   🛫    🛳    🚝    🌍    🌎    🌏   hello@freedomtravelalliance.com",200,2026-10-06T09:37:09+00:00
freedomtribe_net,alive,channel,Freedomtribe.net app(joinfree),100,,2026-08-24T12:18:03+00:00,0,0,,"Strength in numbers - Join the app to overcome censorship, empower individuals and build community. List your Business, Jobs, Natural Health Service offering, Freedom Bnb, Freedom Neighbour map(message others) , News, Call To Actions, Dating(live).",200,2026-10-06T09:37:12+00:00
freeinformation000,alive,channel,000 - Freedom of Information -   🔑,191,,2026-10-05T21:20:14+00:00,20,20,MatrixHUB,"🌏  Global News:  Uncover the best of what's truly happening on Earth, all in one place with our extensive collection of videos, photos, files, and links. Enjoy your freedom to explore!   😊    Welcome to Matrix HUB! 001 -   🏛   - Matrix HUB  https://t.me/MatrixHUB",200,2026-10-06T09:37:15+00:00
freeleft_freielinke,alive,channel,Free Left (Freie Linke) – Anglophone Channel,38,,2026-09-27T19:56:23+00:00,0,2,freielinke freielinkechat,English Language channel of the Free Left (Freie Linke) - Join us in creating a united anti-lockdown left.    @freielinkechat   @freielinke    https://netzwerk-linker-widerstand.ru/,200,2026-10-06T09:37:18+00:00
FreeThinkersKnowledgeisPower,alive,channel,Freethinkers - Knowledge is Power   🧠    👊,55,,2023-06-10T16:08:09+00:00,0,0,,THIS CHANNEL IS DEDICATED TO SHARE INFORMATION AND UNDERSTAND THE TRUTH ABOUT COVID-19,200,2026-10-06T09:37:21+00:00
FREEWORLDORDER,alive,channel_no_preview,FREE WORLD ORDER - ANTI NWO,56,,,,,,"We're striving to get good quality high vibration information across to the public. Anyone with an open mind is welcome; but are particularly interested in people willing to write, draw, create, share ideas, and proofread to help our mission to join chat",200,2026-10-06T09:37:27+00:00
friendsoftruth,alive,channel,Friends of Truth,1430,,2026-08-10T09:20:01+00:00,0,0,,Friends of Truth,200,2026-10-06T09:37:31+00:00
fromthedust,alive,channel_no_preview,and all,2,,,,,,,200,2026-10-06T09:37:34+00:00
FRXnews,alive,channel,FRX (FReedom eXchange) news,121,,2026-10-04T11:22:02+00:00,7,20,,This channel is intended to help the interested community stay up to date with important news and information relating to the FRX project.,200,2026-10-06T09:37:37+00:00
FUCK_THE_ABC,alive,channel,FUCK THE ABC,5250,,2026-10-06T08:52:09+00:00,17,20,,The ABC is funded by Australian tax-payers to brainwash people with communist propaganda. This is a channel to expose their journalistic crimes and also share some truthful media. Subscribe and share.,200,2026-10-06T09:37:40+00:00
FuryRoad_Intel,alive,channel_no_preview,Fury Road Intel,3620,,,,,prepping4shtf,Preparedness and real time event analysis for your household disaster planning. We’re in SHTF: welcome to Risk Mgmt Intel “Quis Custodiet Ipsos Custodes?” (Who watches the Watchmen?) Chat:  @prepping4shtf  1 Be respectful 2 Nothing illegal 3 No Racism,200,2026-10-06T09:37:47+00:00
futurefood,alive,channel,Future of Food - Feeding the Masses,190,,2026-06-10T22:44:18+00:00,0,0,,A time is coming soon when food will be scarce. Our rulers have a plan to feed us and it’s terrifying.,200,2026-10-06T09:37:51+00:00
fyrgen,alive,channel,The Fyrgen • ᚫᛚᚢ:ᚢᛚᚫ,4740,,2026-10-05T08:54:04+00:00,2,17,,Weathering the Storm. Podcasts and Commentary from a Heathen Perspective.  https://fyrgen.com/,200,2026-10-06T09:37:53+00:00
gabriellebrick,alive,channel,Gabrielle Brick - The Nourishment Code,117,,2026-07-26T01:43:22+00:00,0,0,,"Cellular Intelligence Education   🌱  Food is biological information. The most direct conversation you have with your cells, hormones, nervous system, and your sense of self.   📚  Helping women restore biological coherence in a fragmented wellness culture.",200,2026-10-06T09:37:58+00:00
gbs2021,alive,channel_no_preview,Delete,158,,,,,,,200,2026-10-06T09:38:02+00:00
gchristensen,alive,channel,George Christensen,10400,,2025-12-17T03:08:47+00:00,0,0,,"Australian Politician. Christian. Conservative. Freedom lover. Patriot.  Authorised by George Christensen, River Street, Mackay. As an Amazon Associate, I earn from qualifying purchases.",200,2026-10-06T09:38:05+00:00
geddes,alive,channel,Martin Geddes Channel,14000,,2026-10-01T15:00:17+00:00,2,9,,I mostly reshare interesting content here… find me back on Twitter at  https://twitter.com/martingeddes,200,2026-10-06T09:38:08+00:00
genxquestionseverything,alive,channel,Asking Questions w/ Darby Shaw,13,,2026-07-31T03:17:05+00:00,0,0,,Questioning the Narrative is a requirement,200,2026-10-06T09:38:12+00:00
GeocentricReality,alive,channel,Geocentric Reality [GR],436,,2026-10-01T20:50:13+00:00,1,2,,"Η Γη είναι πολύ μεγαλύτερη από ότι μας λένε. Υπάρχουν κρυμμένες περιοχές, ήπειροι και πολιτισμοί. Earth is much bigger. There is hidden land out there. More continents with other people.",200,2026-10-06T09:38:15+00:00
GeopathologyZA,alive,channel_no_preview,Geopathology-ZA,181,,,,,,Institute for Geopathology SA     (South Africa)  https://Geopathology.co.za,200,2026-10-06T09:38:18+00:00
gerardrennick,alive,channel,Senator Gerard Rennick,8080,,2025-06-25T00:26:34+00:00,0,0,,"Queensland People First Senator who sees Australia as 1 country   🇦🇺  .  www.gerardrennick.com.au  Authorised G.Rennick, Tenancy C4, Level 1, 90 Kittyhawk Drive Chermside QLD 4032",200,2026-10-06T09:38:22+00:00
Gilt_Elephant_BdeH,alive,channel,🐘   Bernie de Haldevang Official (Gilt Elephant Dialogues),36,,2025-11-02T04:27:14+00:00,0,0,,"🐘  Gilt Elephant Dialogues Critical thought & analysis; common sense. Freedom of thought, speech, faith, action. Politically homeless supporter of Direct Democracy to restore a fair & democratic society; Exco on  HARTgroup.org",200,2026-10-06T09:38:26+00:00
ginnianeja11,alive,channel,ginnianeja11,2,,2026-03-02T10:33:40+00:00,0,0,,,200,2026-10-06T09:38:30+00:00
glassforsenate,alive,channel,Glass for Sovereignty,640,,2022-03-11T21:18:36+00:00,0,0,stophealthpassports,Truth and Transparency in Government    Please join my new channel:  https://t.me/stophealthpassports,200,2026-10-06T09:38:33+00:00
goddek,alive,channel,Dr. Simon,39000,,2026-08-14T11:56:07+00:00,0,0,,"PhD in biotechnology. Sharing insights about health, nutrition, vitamin D, permaculture, and COVID madness.  Gettr:  gettr.com/user/goddeketal    Gab:  gab.com/goddeketal   Bastyon:  bit.ly/3usNpuw   Minds:  minds.com/goddeketal",200,2026-10-06T09:38:37+00:00
godschildrenmatter,alive,channel,Save Our Children,69,,2026-10-06T07:51:36+00:00,20,20,,"Jesus said ""Let the little children come to me and do not hinder them, for to such belongs the Kingdom of Heaven""",200,2026-10-06T09:38:43+00:00
goground,alive,group,노올자,,7,,,,,,200,2026-10-06T09:38:47+00:00
gracevb,alive,channel,客服格蕾丝  ☺️,5,,2026-05-12T03:53:33+00:00,0,0,,,200,2026-10-06T09:38:50+00:00
GrandTheftWorld,alive,channel,Grand Theft World,427,,2023-08-19T16:25:15+00:00,0,0,,"The Grand Theft World website and podcast were created to counter the deplatforming and outright censorship that many alt media creators are expereincing. It's a ""one stop shop"" for the latest information, articles, videos, etc.   www.grandtheftworld.com",200,2026-10-06T09:38:55+00:00
GrandTorino5x5,empty_page,,,,,,,,,"If you have  Telegram , you can contact  @GrandTorino5x5  right away.",200,2026-10-06T09:39:01+00:00
GrantWickham,alive,channel,Grant Wickham,577,,2026-10-04T08:21:35+00:00,9,20,,Seeking truth- no more lies! . Crypto-bitcoin groups will be deleted on sight.,200,2026-10-06T09:39:07+00:00
greatergetaway,alive,channel,El Reinicio de la Gente,711,,2026-06-26T17:12:47+00:00,0,0,,"¡Bienvenido al canal oficial de El Reinicio de la Gente en Morelia, México!  Anteriormente conocido como El Reinicio Mayor.   https://www.thepeoplesreset.org",200,2026-10-06T09:39:12+00:00
greatgameindia,alive,channel,GreatGameInternational,8800,,2026-03-06T16:00:43+00:00,0,0,,"#1 Most Wanted Superspreader | “Dangerous”, “arguably the most alarming” website on the internet… - MSM | Want to write for GGI, get in touch.",200,2026-10-06T09:39:17+00:00
greatreject,alive,channel,GreatReject.org,14400,,2026-10-06T07:40:16+00:00,20,20,,"There are no conspiracy theories, they are all true. The truth is far stranger than fiction. Wake up...",200,2026-10-06T09:39:21+00:00
GreenfyreReview,alive,channel_no_preview,Greene Fyre Review,69,,,,,,"Citizen journalism, the best of the alternative media, and the art of living in strange times. ""Knowledge unfits a child to be a slave.""",200,2026-10-06T09:39:25+00:00
greengeckocommunity,empty_page,,,,,,,,,"If you have  Telegram , you can contact  @greengeckocommunity  right away.",200,2026-10-06T09:39:29+00:00
guardianmelbourne,alive,channel,Guardian Angel - Melbourne Anti-Lockdown Protest Livefeed,748,,2021-09-24T22:00:25+00:00,0,0,,This is the livefeed for the Melbourne anti-lockdown protests.,200,2026-10-06T09:39:33+00:00
gulag_2020,alive,channel_no_preview,Gulag 2020,107,,,,,,www.gulag2020.com - Discerning the Covid-19 Agenda. +JMJ+,200,2026-10-06T09:39:35+00:00
GyanamUPSC,alive,channel,GyanamUPSC,150,,2023-09-29T01:13:15+00:00,0,0,,For Long Term preparation for UPSC offered by Gyanam Academy (Gyanam Trust) at Bhavnagar City of Gujarat.  (1) Recall Technique (2) Memory Technique (3) Mental Arithmetic (4) Vaidic Maths (5) Fastest Reasoning (6) Spoken English (7) One Reading Memory.,200,2026-10-06T09:39:38+00:00
hackernewslive,alive,channel,Hacker News,28500,,2026-10-06T09:11:27+00:00,20,20,,,200,2026-10-06T09:39:42+00:00
HangLooseRecluse,empty_page,,,,,,,,,"If you have  Telegram , you can contact  @HangLooseRecluse  right away.",200,2026-10-06T09:39:46+00:00
headwobbleofficial,alive,channel,Head Wobble,57,,2026-10-06T09:39:32+00:00,20,20,,🤡  Exposing The Clown World  🤡     🤯  Finding Fact In Fiction  🤯     🤔  Critical Thinking  🤔,200,2026-10-06T09:39:49+00:00
healingcove,alive,channel,Shanti's natural healing cove,698,,2026-10-06T08:35:26+00:00,20,20,,"A place for natural healing, freedom, love, truth, friendship and being human!  Enjoy!",200,2026-10-06T09:39:53+00:00
healingthedividenews,empty_page,,,,,,,,,"If you have  Telegram , you can view posts by  @healingthedividenews  right away.",200,2026-10-06T09:39:56+00:00
HealthBites,alive,channel_no_preview,Health Bites Online,141,,,,,,"Censored news, a.k.a. The Truth",200,2026-10-06T09:40:02+00:00
healthfreedomflorida,empty_page,,,,,,,,,"If you have  Telegram , you can contact  @healthfreedomflorida  right away.",200,2026-10-06T09:40:05+00:00
HealthFreedomForHumanity,alive,channel_no_preview,Health Freedom for Humanity,6656,,,,,,The official telegram channel of Health Freedom for Humanity. To uphold humanity’s right of health freedom now and for generations to follow.,200,2026-10-06T09:40:08+00:00
HealthFreedomPA,alive,channel_no_preview,Health Freedom Pennsylvania Public Channel,439,,,,,,,200,2026-10-06T09:40:11+00:00
healthimpact,alive,channel,HealthImpactNews,4700,,2026-10-05T18:13:35+00:00,6,16,,https://healthimpactnews.com    https://vaccineimpact.com   https://medicalkidnap.com   https://created4health.org   https://coconutoil.com   Let's put aside partisan politics and religious biases and find The Truth!  Editor: Brian Shilhavy,200,2026-10-06T09:40:17+00:00
healthmystic,empty_page,,,,,,,,,"If you have  Telegram , you can contact  @healthmystic  right away.",200,2026-10-06T09:40:20+00:00
HealthNewsWatch,alive,channel,Health Watch,16,,2024-11-28T03:27:39+00:00,0,0,,News and information about health,200,2026-10-06T09:40:23+00:00
Healthy_Happy_Lifestyle,alive,channel,🍏  Healthy  🙂  Happy  💜  Lifestyle  ✨,257,,2026-08-08T15:47:47+00:00,0,0,rawvegan_vegan_group,"Interesting and important information about Health, Conscious Living, Well Being etc...will be shared in English and Russian  💠   Информация на тему Здоровье и Благополучие, ЗОЖ будет размещена на английском и русском  💜   Group:  https://t.me/rawvegan_vegan_group",200,2026-10-06T09:40:27+00:00
HearTheMothersRoar,alive,channel,The Mothers Roar,2,,2022-04-13T03:19:02+00:00,0,0,,The season of totalitarianism will only change when the worlds mothers stand up and ROAR for the suffering and dire circumstances their children are going (and going to) go through ~ Zach Bush MD,200,2026-10-06T09:40:30+00:00
HelloIrlandiaIE,alive,channel,Hello Irlandia.IE,180,,2025-12-06T15:41:14+00:00,0,0,,"No. 1 Polish Media in Ireland! We offer credible information, the best music and online entertainment. We always put our audience first  ❗️    🌐    helloirlandia.ie    ☘️",200,2026-10-06T09:40:34+00:00
helloladywhite,empty_page,,,,,,,,,"If you have  Telegram , you can contact  @helloladywhite  right away.",200,2026-10-06T09:40:37+00:00
hennamaria22,alive,channel,Henna Maria,4230,,2026-09-15T08:09:06+00:00,0,1,,Activist ~ Curandera ~ Poet ~ Essene ~ Student of Natural Law  Website:  https://hennamaria.community,200,2026-10-06T09:40:42+00:00
herbalalchemist,alive,channel,The Herbal alchemist,1940,,2024-03-11T12:37:54+00:00,0,0,,"Certified herbalist educating on Botanical medicine, vitamins ,minerals healing from the inside out …anything and everything about herbs: growing,many uses for herbs,making tinctures etc..",200,2026-10-06T09:40:46+00:00
hfidaho,alive,channel,Health Freedom Idaho,2029,,2026-06-23T23:04:43+00:00,0,0,,Health Freedom Idaho is a concerned group of citizens dedicated to preserving parental rights and defending natural rights and protecting our access to toxin-free living in the great state of Idaho. We invite you to support us.,200,2026-10-06T09:40:50+00:00
hfireland,alive,channel,Health Freedom Ireland,832,,2025-03-19T08:41:20+00:00,0,0,,Empowering people in Ireland to make informed decisions for themselves and their families on matters of health including vaccinations and safeguarding people’s right to choose.,200,2026-10-06T09:40:53+00:00
hiddeninplainsight1,alive,channel,Hidden In Plain Sight,38400,,2026-10-05T10:57:42+00:00,16,16,,,200,2026-10-06T09:40:58+00:00
holistichealthandmore,alive,channel,Holistic Health and More,2980,,2026-09-02T17:37:47+00:00,0,0,,Research & Resources:   https://lnk.bio/holistichealthandmore,200,2026-10-06T09:41:01+00:00
holistichealthdefense,alive,channel,Holistic Health Defense,4770,,2026-03-13T23:13:02+00:00,0,0,,Defending natural cures by exposing corporate and government crimes surrounding cures for diseases and the persecution of holistic practitioners. Also sharing those cures for disease including cancer.,200,2026-10-06T09:41:04+00:00
hongkongbridgeUK,empty_page,,,,,,,,,"If you have  Telegram , you can contact  @hongkongbridgeUK  right away.",200,2026-10-06T09:41:08+00:00
houseofwagner,alive,channel,House of Wagner,1160,,2026-10-06T07:45:52+00:00,14,20,wagnerocksvids,The Official Wagnerocks Telegram  I do not endorse violence of any kind as I find it to be low IQ   Social Science   🍥   Memes   🍥   Archives   🍥   Video Links  Find my videos here:   @wagnerocksvids,200,2026-10-06T09:41:12+00:00
hscreativeworks,alive,channel,HrsImages,283,,2026-10-05T16:39:00+00:00,3,16,,Images that move people,200,2026-10-06T09:41:15+00:00
hugsovermasks,alive,channel,HugsOverMasks,549,,2026-09-18T23:04:10+00:00,0,1,,Hugs Over Masks - CHOOSE - Love Over Fear,200,2026-10-06T09:41:20+00:00
humansfirst,alive,channel,ВСЕ ДЕЛО В ЛЮДЯХ | IT’S ALL ABOUT PEOPLE,91,,2026-08-26T21:22:45+00:00,0,0,nadezhda_feliseeva,"Исследуем, как понимание себя, людей и управление влияют на успех в бизнесе и жизни.  Всегда дело в людях!    ✨   Автор:  @nadezhda_feliseeva     ✨   YouTube:  youtube.com/@nadezhda_feliseeva     ✨   MAX:  max.ru/channel_HR_feliseeva",200,2026-10-06T09:41:24+00:00
hvitgardr2,empty_page,,,,,,,,,"If you have  Telegram , you can contact  @hvitgardr2  right away.",200,2026-10-06T09:41:28+00:00
hvitgardr3,empty_page,,,,,,,,,"If you have  Telegram , you can contact  @hvitgardr3  right away.",200,2026-10-06T09:41:31+00:00
HWNChannel,alive,channel,Health Wisdom Network,103,,2026-10-05T07:23:26+00:00,9,14,,"Sharing empowering health information, valuing our unique contributions, championing informed consent. Offering open-hearted advocacy and support for each person who is focused on safeguarding our children, our health and our freedom",200,2026-10-06T09:41:36+00:00
I_Find_This_Interesting,alive,channel,I Find This Interesting,220,,2026-10-06T09:34:13+00:00,20,20,,"It is crucial that everyone on planet earth develops their skill set. It is not about the Jail-er, but about the Veil-er.                                                                   Ja samo glumim da sam obican covek, a tebi je to jedina stvarnost.",200,2026-10-06T09:41:41+00:00
iamdrsamwhite,alive,channel,iamdrsamwhite,6980,,2026-08-18T17:50:13+00:00,0,0,,Doctor of Functional Medicine. Libertarian. Austrian Economic Theorist. For all enquiries please visit  www.drsamwhite.com,200,2026-10-06T09:41:45+00:00
iceagefarmer,alive,channel,Ice Age Farmer,67200,,2026-10-05T21:35:16+00:00,6,19,iaf_resources,IAF Telegram   IceAgeFarmer.com  - see  @iaf_resources  for groups on homesteading!,200,2026-10-06T09:41:49+00:00
icur22yy4me,alive,channel,Fly2arrow,27,,2025-01-04T23:57:57+00:00,0,0,,Truth seeker,200,2026-10-06T09:42:01+00:00
Ideaschema,alive,channel,🔊   @Ideaschema • Live Idea Schema Community Audiostream • Intuitive Public Radio • IPR •••,10,,2026-07-21T02:44:01+00:00,0,0,,https://Ideaschema.com/munity  •  https://twitter.com/Ideaschema  • IPR •••,200,2026-10-06T09:42:06+00:00
ilivetruth,alive,channel,I Live Truth,137,,2023-02-22T18:30:24+00:00,0,0,,"I abandoned my old projects to start a new blog all about Truth.  After all, it is our moral obligation to speak it.  The official channel for  ilivetruth.com",200,2026-10-06T09:42:09+00:00
IMACOGINDEWHEELOFLIFE,alive,channel,IMACOGINDEWHEEL.COM,107,,2026-09-29T15:01:05+00:00,1,20,,SEARCHING AND SHARING TRUTH FOR HUMANITIES FREEDOM,200,2026-10-06T09:42:12+00:00
imaginedrealitieswithkhrisha,empty_page,,,,,,,,,"If you have  Telegram , you can contact  @imaginedrealitieswithkhrisha  right away.",200,2026-10-06T09:42:16+00:00
InCorporeSano,alive,channel,Mens Sana In Corpore Sano,130,,2022-01-10T02:17:55+00:00,0,0,,"""Let food be thy medicine and medicine be thy food.” - Hippocrates  By The FolkSchool Network",200,2026-10-06T09:42:19+00:00
infiniteloveandjoy,alive,channel,Infinite love and joy,22,,2022-03-27T18:37:32+00:00,0,0,,,200,2026-10-06T09:42:22+00:00
InfokriegDeutschland,empty_page,,,,,,,,,"If you have  Telegram , you can contact  @InfokriegDeutschland  right away.",200,2026-10-06T09:42:25+00:00
informedconsentca,alive,channel,InformedConsent,215,,2021-01-23T05:24:17+00:00,0,0,,"Follow for breaking news, alternate media, and commentary on current events.",200,2026-10-06T09:42:28+00:00
InformedConsentNS,empty_page,,,,,,,,,"If you have  Telegram , you can contact  @InformedConsentNS  right away.",200,2026-10-06T09:42:31+00:00
InSearchForTruth,alive,channel_no_preview,In Search of Truth,26,,,,,,,200,2026-10-06T09:42:35+00:00
insixdays,alive,channel,Creation,5,,2021-11-02T15:05:00+00:00,0,0,,Showing the truth that our world was created by the God of the Bible. That he made the world and all that is in it in 6 literal 24 hour days about 6000 years ago.,200,2026-10-06T09:42:39+00:00
IntegralLife,alive,channel,Integral Life +,1850,,2026-02-01T23:51:50+00:00,0,0,,,200,2026-10-06T09:42:44+00:00
interdastingholes,alive,channel_no_preview,Interdasting Holes,1207,,,,,,,200,2026-10-06T09:42:48+00:00
inthistogetherfortruth,empty_page,,,,,,,,,"If you have  Telegram , you can contact  @inthistogetherfortruth  right away.",200,2026-10-06T09:42:51+00:00
IntuitiveAI,alive,channel,"🔊   @IntuitiveAI • Helpful, Loving AI • Artifice, Intelligence; Artful Intel • Intuitive Public Radio • IPR •••",7,,2026-07-15T04:57:21+00:00,0,0,,,200,2026-10-06T09:42:55+00:00
IntuitiveCommunity,alive,channel,🔊   @IntuitiveCommunity • Community Broadcasting Intuitive Public Radio • IPR •••,13,,2025-10-03T01:41:36+00:00,0,0,joinchat,Community Share:  t.me/joinchat/J8dfcVAODkov9dVu3Dlqww  Learn more:  http://Intuitive.community,200,2026-10-06T09:42:58+00:00
IntuitiveCopy,alive,channel_no_preview,🔊 @IntuitiveCopy • Intuitive Community Copy • Intuitive Public Radio • IPR •••,8,,,,,,,200,2026-10-06T09:43:02+00:00
IntuitiveEmergent,alive,channel_no_preview,🔊 @IntuitiveEmergent • Live Collaborative Emergent Media • Intuitive Public Radio • IPR •••,10,,,,,IntuitiveEmergent joinchat,Welcome to Intuitive Emergent.   This social space supports oxytocin pathway repair and individualized creative healing.  Find 🔊 Emergent Conversation •  @IntuitiveEmergent  • IPR ••• at https://t.me/joinchat/J8dfcRAN_E0CBdgbiCLGew 🌿,200,2026-10-06T09:43:05+00:00
IntuitiveGame,alive,channel,🔊   @IntuitiveGame • Live Collaborative Media Games • Intuitive Public Radio • IPR •••,11,,2026-04-30T04:52:43+00:00,0,0,IntuitiveGame,Welcome to the Intuitive Public Game.  We're playing a game that saves lives.   Would you like to play?  (Channel icon art by Megan Elizabeth Morris. Credits:  t.me/IntuitiveGame/425 ),200,2026-10-06T09:43:08+00:00
IntuitiveGrowing,alive,channel_no_preview,🔊 @IntuitiveGrowing • Intuitive Growing Community Farms • Intuitive Social Food • Intuitive Public Radio • IPR •••,11,,,,,,,200,2026-10-06T09:43:11+00:00
IntuitiveInc,alive,channel_no_preview,"🔊 @IntuitiveInc • Intuitive Inclusive Income, Incoming • Intuitive Public Radio • IPR •••",154,,,,,,,200,2026-10-06T09:43:14+00:00
IntuitiveParenting,empty_page,,,,,,,,,"If you have  Telegram , you can contact  @IntuitiveParenting  right away.",200,2026-10-06T09:43:17+00:00
IntuitivePublicMedia,empty_page,,,,,,,,,"If you have  Telegram , you can contact  @IntuitivePublicMedia  right away.",200,2026-10-06T09:43:20+00:00
IntuitivePublicRadio,alive,channel,🔊   @IntuitivePublicRadio • Intuitive Public Radio • Main Station • IPR •••,93,,2026-07-21T02:42:52+00:00,0,0,CommunityIPR,Share & discuss:  @CommunityIPR      24/7 Radio:  https://Intuitive.pub/radiostreams      Podcasts:   https://anchor.fm/Intuitive      TV:  https://bitchute.com/IntuitivePublicTV,200,2026-10-06T09:43:23+00:00
IntuitiveSocialGiving,alive,channel,🔊   @IntuitiveSocialGiving • Live Collaborative Giving • IPR •••,8,,2025-10-04T03:19:03+00:00,0,0,IntuitiveCommunity IntuitivePublicRadio,https://Intuitive.pub  •  https://t.me/IntuitivePublicRadio  •  https://Intuitive.community  •  https://t.me/IntuitiveCommunity,200,2026-10-06T09:43:27+00:00
IntuitiveSocialMemory,alive,channel,🔊   @IntuitiveSocialMemory • Live Collaborative Social Memory • @MaxMoRadio • IPR •••,10,,2025-12-01T16:51:07+00:00,0,0,,Intuitive.Social/Memory,200,2026-10-06T09:43:30+00:00
IntuitiveTraffic,alive,channel,🔊   @IntuitiveTraffic • Intuitive Social Traffic • Intuitive Public Service • Intuitive Public Radio • IPR •••,22,,2026-05-25T06:36:03+00:00,0,0,,,200,2026-10-06T09:43:34+00:00
IntuitiveUnknown,alive,channel,"🔊   @IntuitiveUnknown • IURadio • Self, Other, & This Intuitive Unknown • IPR •••",12,,2026-07-21T02:44:01+00:00,0,0,,https://Intuitive.pub/unknown,200,2026-10-06T09:43:37+00:00
investigateCovidVax,alive,channel,Eyes Wide Open,177,,2026-10-06T08:31:40+00:00,19,19,,Sharing awareness of what is really going on in the world around us.,200,2026-10-06T09:43:41+00:00
IPANewJersey,alive,channel,Innovative Parenting NJ,181,,2026-02-21T00:05:52+00:00,0,0,,Innovative Parenting Advocacy NJ a channel to stay connected to NJ health freedom advocacy efforts/calls-to-actions!,200,2026-10-06T09:43:47+00:00
IPRNewYorkCity,alive,channel,🔊   @IPRNewYorkCity • Live Collaborative Media • Intuitive Public Radio New York City • IPR NYC •••,19,,2025-08-22T14:38:40+00:00,0,0,,,200,2026-10-06T09:43:55+00:00
IPRWest,empty_page,,,,,,,,,"If you have  Telegram , you can contact  @IPRWest  right away.",200,2026-10-06T09:43:59+00:00
IslamicMedicine124,alive,channel,Practical Islamic Medicine,300,,2026-05-12T10:04:35+00:00,0,0,IslamicMedicine124 SamerHakim,"The Medicine Of The Divinely Guided Prophets And Imāms عليهم السلام - Illnesses, Remedies, Recommendations. Under the guidance of Sheikh Qāsimi. Official website  t124.ir  (Farsi).    First in English.   @IslamicMedicine124   For questions:  @SamerHakim",200,2026-10-06T09:44:03+00:00
IvermectinFORSALE,alive,channel,Ivermectin GET your Ivermectin!,11,,2022-04-26T13:01:05+00:00,0,0,,Buy Ivermectin here.,200,2026-10-06T09:44:07+00:00
IvermectinVERSUSthegreatreset,empty_page,,,,,,,,,"If you have  Telegram , you can contact  @IvermectinVERSUSthegreatreset  right away.",200,2026-10-06T09:44:10+00:00
jabrag,alive,channel,the Jab Rag,3,,2022-09-17T00:32:40+00:00,0,0,,The place for all things Plandemic  www.jabrag.com,200,2026-10-06T09:44:13+00:00
jaclyndunnechannel,alive,channel,Jaclyn Dunne,4720,,2024-03-29T15:55:25+00:00,0,0,,,200,2026-10-06T09:44:18+00:00
jamiefreemanuk,alive,channel,J Freeman,371,,2026-10-03T17:16:52+00:00,1,11,,,200,2026-10-06T09:44:21+00:00
jamiemcintyre,alive,channel,Jamie McIntyre,5200,,2026-10-05T12:06:07+00:00,20,20,,,200,2026-10-06T09:44:25+00:00
JaneOrientMD,alive,channel_no_preview,Mr Pool    [ FAKE ],251,,,,,,,200,2026-10-06T09:44:30+00:00
jannyorganically,empty_page,,,,,,,,,"If you have  Telegram , you can contact  @jannyorganically  right away.",200,2026-10-06T09:44:33+00:00
jcherrypresents,alive,channel,JCherry Presents,167,,2024-07-24T18:38:49+00:00,0,0,,"News, interviews, and prospectives on medical freedom, politics, liberty, health, and underground music!!",200,2026-10-06T09:44:37+00:00
jeffersonian_nullification,empty_page,,,,,,,,,"If you have  Telegram , you can view posts by  @jeffersonian_nullification  right away.",200,2026-10-06T09:44:44+00:00
jermwarfare,alive,channel,Jerm Warfare,22100,,2026-10-06T05:08:52+00:00,19,19,,Please visit  jermwarfare.com  for the real deal.,200,2026-10-06T09:44:48+00:00
jessicahesser,alive,channel,Jessica Alix Hesser,504,,2023-01-12T17:41:08+00:00,0,0,,,200,2026-10-06T09:44:51+00:00
JesusChristsoon,alive,channel,𝐉𝐄𝐒𝐔𝐒 𝐂𝐇𝐑𝐈𝐒𝐓 𝐈𝐒 𝐂𝐎𝐌𝐈𝐍𝐆,1200,,2026-10-06T08:40:15+00:00,20,20,,Repent World.. He is Coming to Judge this world. The heaven is going to open and be prepared for him. It's time.,200,2026-10-06T09:44:55+00:00
Jew_World_Order,alive,channel_no_preview,Covid-1984 Jew World Order,2535,,,,,randomanonch1 randommeetingpoint,Channel to expose the Jewish New World Order agenda.  Main channel: t.me/randomanonch1 Regroup channel: t.me/randommeetingpoint  XMR: 43SM6WP9KKZUydhpM7ViW6EWGzgewGqYnF2YT8Rck3CL3wCDzVtVrt1Q9UEUFx9LdHGUjutFT9NV8ePoP8m1mfNaPacmn5F,200,2026-10-06T09:44:58+00:00
jewelldruryadvocateforjustice,alive,channel,Jewell Drury Advocate For Justice,914,,2023-12-05T20:17:09+00:00,0,0,,,200,2026-10-06T09:45:01+00:00
jimcorr,alive,channel,Jim Corr News,5570,,2026-04-09T14:10:37+00:00,0,0,,God - Family - Community - Country,200,2026-10-06T09:45:04+00:00
jimmysnewsfeed,alive,channel,Jimmy's News Feed   🇮🇪    🇮🇪    🇮🇪    💞,27,,2026-09-18T23:08:48+00:00,0,1,,My news feed which is mainly geo-political in bend but may also include important current affairs and human interest stories.,200,2026-10-06T09:45:07+00:00
joannebould2406,alive,channel,Daniel Andrews Arrest,45,,2026-07-20T09:21:59+00:00,0,0,,For all Andrews News,200,2026-10-06T09:45:10+00:00
jobseventsopportunities,alive,channel,Updates + Jobs + Opportunities,6,,2026-10-05T20:47:07+00:00,9,9,,"A  #Microwave  &  #Ultrasonic ,  #Infrared ,  #Laser ,  #LED  (Next door neighbours car headlight  #brighting ) and  #NerveAgent  Gas Weaponry Victim. A  #DavidCarrick  Case  #Whistleblower . A Former Public Servant of  #StAlbansCouncil  (2004-2012).",200,2026-10-06T09:45:14+00:00
jodiemeschuk,alive,channel,Jodie Meschuk,2360,,2024-10-27T23:12:57+00:00,0,0,,https://solo.to/thewarriorcenter,200,2026-10-06T09:45:17+00:00
johnblaidtts,alive,channel,The Truth Seeker,1380,,2026-10-03T13:56:45+00:00,1,2,,Here I will present my research as it continues.,200,2026-10-06T09:45:20+00:00
johncaulfield,alive,channel,John B. Caulfield,941,,2026-09-29T09:38:38+00:00,0,6,,"Liaison Officer & PRO, IRB Supreme Council  Email: jbc@tmhl.ie   https://linktr.ee/jbc32    E-I-R-E.ie  (Enrolment for Ireland's Real Estate Insulating Éire) for the Protection of Private Property   www.Faodhla.ie   ""Ar son na hÉireann agus a Clainne""   🍀    🇮🇪     💚",200,2026-10-06T09:45:23+00:00
johnlarter,alive,channel,John Larter v NSW Health (Mandatory Vaccinations),4290,,2023-03-30T05:00:02+00:00,0,0,,This channel provides regular updates on the John Larter case,200,2026-10-06T09:45:31+00:00
JohnUbele,empty_page,,,,,,,,,"If you have  Telegram , you can contact  @JohnUbele  right away.",200,2026-10-06T09:45:36+00:00
joinInformationOverload,alive,channel,Information Overload,11,,2023-03-07T18:17:22+00:00,0,0,,Flyers and Resources for fighting the MSN COVID-19 narrative.,200,2026-10-06T09:45:39+00:00
jonprobyartandeconomia,empty_page,,,,,,,,,"If you have  Telegram , you can contact  @jonprobyartandeconomia  right away.",200,2026-10-06T09:45:42+00:00
joshdelsol,alive,channel,Josh del Sol channel,3750,,2026-10-06T04:09:05+00:00,4,8,,"100% uncensored truth on health freedom, safe technology & our pathway into a positive future. Josh is the creator of Take Back Your Power documentary & website, THE EVENT, The 5G Summit, and Re:Union Summit.",200,2026-10-06T09:45:46+00:00
jrhchannel,alive,channel,Jeremy R. Hammond,437,,2026-04-14T16:40:22+00:00,0,0,,I expose dangerous mainstream propaganda serving to manufacture consent for criminal government policies.   https://www.jeremyrhammond.com/links/,200,2026-10-06T09:45:52+00:00
juanchamie,alive,channel,Juan’s Covid Analysis,1870,,2022-04-25T03:31:18+00:00,0,0,jjchamie,Independent analysis on COVID-19 Former  @jjchamie  on Twitter,200,2026-10-06T09:45:56+00:00
juliec4freedom,alive,channel,United for Freedom,1880,,2023-08-16T14:25:01+00:00,0,0,,"I have created this channel to provide a community of like minded people, who’s sole purposes is to support, educate, and bring together all those isolated with the truth of the world we are currently living in. Please be kind in a cruel world . Peace x",200,2026-10-06T09:46:00+00:00
just4shitandgiggles,alive,channel,Just4ShitandGiggles,160,,2023-04-15T21:17:34+00:00,0,0,,💉  Covid  💩  memes  🤣  Intel  👀    🎥   Vids  🙈    🏝    🤪    😎    🌍    ✨    🪐     😡  Truth isn’t for everyone    👀   WAKE the   🤬   Up  #Saveourchildren  We are Many  they a Few  United Together We Can take our  #Freedom  & Our Countries  It’s Up to Us.   🌎   Come WE GOT THIS   👊,200,2026-10-06T09:46:04+00:00
justdescoveredthis,alive,channel,Just discovered this,30,,2023-08-06T21:37:07+00:00,0,0,,Putting together peaces of information to form a picture,200,2026-10-06T09:46:08+00:00
JustDudeChannel,alive,channel,Just a Dude   😎,62900,,2026-10-05T15:56:10+00:00,19,19,JustDudeChannel,"Just a Dude Sharing Some Stuff   😎      ⚠️   Rumble:  https://rumble.com/c/JustDudeChannel   If You like the Content, Share the Link with Other Dudes:    ⚠️   Telegram:  https://t.me/JustDudeChannel",200,2026-10-06T09:46:11+00:00
justiceforevee,alive,channel,Justice for Evee/Catie Clobes,78,,2023-08-14T21:35:38+00:00,0,0,,"Supporters of the organization and movement, Justice for Evee! Updates about lawsuits &  www.justiceforevee.org    💛    💙    💜    💛",200,2026-10-06T09:46:15+00:00
justthefactsmaam,alive,channel,Just the facts ma'am,50,,2026-07-02T21:13:40+00:00,0,0,joinchat,This channel and any perceived suggestions or advice contained herein are for entertainment purposes only.  Chat:  https://t.me/joinchat/xR9GJZbnymxhNGZh,200,2026-10-06T09:46:18+00:00
JWilderness,alive,channel,jwilderness,1,,2026-05-31T18:16:57+00:00,0,0,,,200,2026-10-06T09:46:21+00:00
karleen_love,empty_page,,,,,,,,,"If you have  Telegram , you can contact  @karleen_love  right away.",200,2026-10-06T09:46:24+00:00
Kate_Shemirani_Natural_Nurse,alive,channel,Kate Shemirani Channel (Fans Made),707,,2021-10-18T10:40:19+00:00,0,0,,This channel is dediacted to Kate Shemirani also known as the Natural Nurse in a Toxic World videos created by fans of this wonderful woman,200,2026-10-06T09:46:27+00:00
KeepingOneStepAhead,alive,channel,UNITED BY HERITAGE: Keeping One Step Ahead,330,,2026-09-29T00:52:06+00:00,0,20,UnitedByHeritage,Part of the  @UnitedByHeritage  network (established 2019).   https://www.telegram.me/UnitedByHeritage,200,2026-10-06T09:46:30+00:00
kellybroganmd,alive,channel,Kelly Brogan MD,7550,,2026-10-06T00:06:11+00:00,6,20,,"Curated resources for those passionate about bodily sovereignty, health freedom, and embracing the body’s innate healing capacity. A Mind of Your Own, Own Your Self, and A Time for Rain. Founder: Vital Mind Reset and Vital Life Project.  kellybroganmd.com",200,2026-10-06T09:46:34+00:00
knowledgeseekersfamily,alive,channel,👨‍💻  🅺🅽  🅾  🆆🅻🅴🅳🅶🅴 🆂🅴🅴🅺🅴🆁'🆂   📚    🇬🇧,113,,2026-07-22T20:34:33+00:00,0,0,,"Intellectual diversity, opinion based observations.....please do you own research!",200,2026-10-06T09:46:39+00:00
knowthein,alive,channel_no_preview,In the know,26,,,,,,Stay connected with what’s going on,200,2026-10-06T09:46:42+00:00
kristen_nagle,alive,channel,Kristen Nagle,1270,,2026-04-22T20:07:55+00:00,0,0,,"A Nurse and Holistic Nutritionist helping you connect back to yourself, community and the Earth. To empower sovereignty, informed consent, medical transparency and true health and well-being.",200,2026-10-06T09:46:44+00:00
kungFluVirus,empty_page,,,,,,,,,"If you have  Telegram , you can contact  @kungFluVirus  right away.",200,2026-10-06T09:46:47+00:00
lamestream,alive,channel,Lamestream,4,,2026-03-21T19:40:34+00:00,0,0,,,200,2026-10-06T09:46:50+00:00
laron_g_s,empty_page,,,,,,,,,"If you have  Telegram , you can contact  @laron_g_s  right away.",200,2026-10-06T09:46:53+00:00
larrydcook,alive,channel,Stop Mandatory Vaccination by Larry Cook,3670,,2026-08-21T02:10:02+00:00,0,0,,"Posts by Larry Cook, Anti-Vaccine Activist and Natural health Advocate.",200,2026-10-06T09:46:56+00:00
LauraAbolichannel,alive,channel,LauraAboli,168000,,2026-10-06T08:05:51+00:00,20,20,,Truth. Faith. Freedom.,200,2026-10-06T09:47:00+00:00
lawyersoflight,alive,channel,Lawyers of Light,12700,,2026-10-05T08:26:27+00:00,14,20,,"We live in a trauma based mind control system. We talk about this. Oh, & occasionally the ""law""!  If your conscience moves you to donate because you have received value from any of the material I have put out the link is  buymeacoffee.com/claredwillb",200,2026-10-06T09:47:03+00:00
LeakyVax,alive,channel,.,6,,2022-10-13T20:00:02+00:00,0,0,,,200,2026-10-06T09:47:08+00:00
leannelpg,empty_page,,,,,,,,,"If you have  Telegram , you can contact  @leannelpg  right away.",200,2026-10-06T09:47:12+00:00
LecademyNews,alive,channel,@LECADEMYNEWS |,6190,,2026-09-15T19:27:59+00:00,0,1,LECADEMYNEWS lecademy,Herbalism & Natural Cures | Positivity | Wellbeing Channel  @LECADEMYNEWS  | Chat:  @lecademy  |,200,2026-10-06T09:47:15+00:00
leegarrettnews,alive,channel,leegarrettnews,,,2024-09-26T13:38:03+00:00,0,0,,,200,2026-10-06T09:47:19+00:00
letsvoteca,alive,channel,🔔  LET’S VOTE FOR A BETTER CANADA  🇨🇦,271,,2026-08-28T18:37:58+00:00,0,0,,,200,2026-10-06T09:47:22+00:00
liberty_stream_network_ireland,alive,channel,Liberty Stream Network Ireland,1750,,2026-10-06T05:29:48+00:00,16,16,liberty_stream_network_ireland,Voices from and on contemporary Ireland.  Please participate or link to us --  @liberty_stream_network_ireland,200,2026-10-06T09:47:26+00:00
libertyforBC,alive,channel,liberty for BC,83,,2026-09-13T19:44:17+00:00,0,1,,"A place to find information, resources, and community to support a democratic future for all British Columbians.",200,2026-10-06T09:47:30+00:00
lightcodesactivation,alive,channel,ConsciousCodes,477,,2025-12-05T19:29:19+00:00,0,0,,⚔️     💫    That vibe you may or may not be ready for    🎵    🔥    🎶    🔥    🎶    🔥    🎵   Take What Resonates  Question Everything,200,2026-10-06T09:47:34+00:00
lightpath_support,alive,channel,LIGHTPATH,26,,2026-10-06T09:47:29+00:00,18,19,,Shining into the darkness,200,2026-10-06T09:47:39+00:00
linkorlov,empty_page,,,,,,,,,"If you have  Telegram , you can contact  @linkorlov  right away.",200,2026-10-06T09:47:43+00:00
LittlePhoot,empty_page,,,,,,,,,"If you have  Telegram , you can contact  @LittlePhoot  right away.",200,2026-10-06T09:47:47+00:00
liv_inthemoment,alive,channel,Liv_inthemoment,10,,2025-01-02T05:39:58+00:00,0,0,,Fresh current info on the current world from down under view. We encourage open discussion & multiple different viewpoints otherwise how do we move forward? So please discuss! Everyone is welcome here. We need to unite!  ✨    ✌️,200,2026-10-06T09:47:50+00:00
LIVANDU,alive,channel,LIVANDU JOIN OUR CHATROOM @LIVANDUCHAT,616,,2026-04-23T14:34:26+00:00,0,0,,,200,2026-10-06T09:47:54+00:00
LiveFreeOrDie_au_nz,alive,channel,LiveFreeOrDie,482,,2026-10-03T22:34:06+00:00,2,4,,"The largest scam in history is being perpetrated upon the entire population. Break away from the mass psychosis, turn off your TV and tune in to get real life updates from people around the world. Freedom must come first. Live Free or Die (fighting)",200,2026-10-06T09:47:57+00:00
LiveHealthy,alive,channel,Healthy Living   🍏,4680,,2026-10-05T12:04:49+00:00,14,20,,"Join the Healthy Living Channel... Here you will learn about the laws of health, that bring better living and a happier lifestyle!",200,2026-10-06T09:48:02+00:00
living_real_in_a_fake_world,alive,channel,Living Real in a Fake World,49,,2026-09-24T20:25:41+00:00,0,13,,"Welcome to Debunking The Fake  Archive of censored, interesting, funny, and disturbing material from all over the internet.   The channel owner may in part or in whole disagree with the opinions expressed in the material posted.",200,2026-10-06T09:48:07+00:00
LogosIsRising,alive,channel_no_preview,This Channel Didnt Kill Itself🐻,1245,,,,,,"Who You Obey Is Who You Serve So Let It Be LOGOS! Logos,Conspiracy Theories, World Events, Based Memes (Powered By M1Bear)",200,2026-10-06T09:48:10+00:00
louiseArtery,alive,channel,Louise,4,,2025-02-08T09:50:49+00:00,0,0,,I like the truth,200,2026-10-06T09:48:12+00:00
louisemckenna,alive,user_or_bot,Louise McKenna,,,,,,,,200,2026-10-06T09:48:16+00:00
lovingenergies,empty_page,,,,,,,,,"If you have  Telegram , you can contact  @lovingenergies  right away.",200,2026-10-06T09:48:19+00:00
LSNTOFFICIAL,empty_page,,,,,,,,,"If you have  Telegram , you can contact  @LSNTOFFICIAL  right away.",200,2026-10-06T09:48:22+00:00
ltcolevola,alive,channel_no_preview,Lt. Col Evola's [The Colonel's Imperium],678,,,,,PotatoWaffen,Personal channel. Do an Act of Will. Main  @PotatoWaffen,200,2026-10-06T09:48:26+00:00
luizmd3,alive,channel,Luiz Defreitas,117,,2023-04-10T13:48:05+00:00,0,0,,,200,2026-10-06T09:48:29+00:00
lukestorey,alive,channel,Luke Storey,3290,,2026-10-05T14:05:46+00:00,14,19,,,200,2026-10-06T09:48:34+00:00
MADMIXCONSPIRACIES,alive,channel,MAD MIX CONSPIRACIES,8000,,2026-10-04T12:10:28+00:00,3,16,,The truth about the mad world we live in,200,2026-10-06T09:48:38+00:00
MainBeachMedia,alive,channel,Main Beach Media,1130,,2024-02-24T04:35:01+00:00,0,0,,"News, Media, Comedy, Across 7 Continents:  Have a Good Day   😎",200,2026-10-06T09:48:42+00:00
maintenance_room,empty_page,,,,,,,,,"If you have  Telegram , you can contact  @maintenance_room  right away.",200,2026-10-06T09:48:50+00:00
makechangehappen,alive,channel,Make Change Happen,121,,2021-10-27T22:43:07+00:00,0,0,,Independent community raising awareness on natural rights and social equality for positive change lawfully & peacefully. App available on Apple and Google stores soon.,200,2026-10-06T09:48:53+00:00
MakingInformeddecisions,empty_page,,,,,,,,,"If you have  Telegram , you can contact  @MakingInformeddecisions  right away.",200,2026-10-06T09:48:56+00:00
MamaFixit,alive,channel,MamaFixit,41,,2024-04-04T18:28:10+00:00,0,0,,,200,2026-10-06T09:49:01+00:00
mandiatrandomm,alive,channel,MandiAtRandom,1330,,2024-04-25T17:05:14+00:00,0,0,,BC censorship is too real over on insta...so the “CoNsPiRaCy” and censored topics will be posted here! Invite yo friends and and grab your tinfoil hats cause it’s gunna be a bumpy ride of truthin   🗣    🩸    💉    👩🏼‍🚀    👺    👁    🌎    ⛈,200,2026-10-06T09:49:08+00:00
marcmalone,alive,channel,.,1,,2026-04-05T05:57:42+00:00,0,0,,,200,2026-10-06T09:49:14+00:00
maria_vana_channel,empty_page,,,,,,,,,"If you have  Telegram , you can contact  @maria_vana_channel  right away.",200,2026-10-06T09:49:18+00:00
MariaRigoliLawyerChannel,empty_page,,,,,,,,,"If you have  Telegram , you can contact  @MariaRigoliLawyerChannel  right away.",200,2026-10-06T09:49:22+00:00
marielra,alive,channel,Marielra,622,,2022-03-21T01:46:36+00:00,0,0,,,200,2026-10-06T09:49:29+00:00
marksteele5g,alive,channel,MARK STEELE CHANNEL,18000,,2026-10-03T21:08:01+00:00,18,18,,STOP 5G IT IS A WEAPON SYSTEM   www.saveusnow.org.uk,200,2026-10-06T09:49:33+00:00
martinpcostello,empty_page,,,,,,,,,"If you have  Telegram , you can contact  @martinpcostello  right away.",200,2026-10-06T09:49:38+00:00
maryannscoops,empty_page,,,,,,,,,"If you have  Telegram , you can contact  @maryannscoops  right away.",200,2026-10-06T09:49:45+00:00
maskinfodump,empty_page,,,,,,,,,"If you have  Telegram , you can contact  @maskinfodump  right away.",200,2026-10-06T09:49:53+00:00
matrixdecoded,alive,channel,MatrixDecoded  🚫    🐑,598,,2026-08-30T23:05:35+00:00,0,0,,Invite your friends   T.me/matrixdecoded   Join our Group Discussion   👇    T.me/truthaddictz   Sheep Free Area  🚫    🐑   Warning: Staying for a long period of time as a   🐑   might turn you into a   🦁,200,2026-10-06T09:49:57+00:00
mattbelair,alive,channel,"Master Mind, Body, & Spirit with Matt Belair",1250,,2026-03-16T17:49:02+00:00,0,0,,"A channel for those who want to live life to the fullest, make a positive impact, and build a better inner and outer world with Matthew Belair.",200,2026-10-06T09:50:01+00:00
mattlawsonphotography,alive,channel,MATT LAWSON'S COMMUNITY,5510,,2026-03-23T07:35:33+00:00,0,0,,A page for spreading truth,200,2026-10-06T09:50:05+00:00
MCMLXXXIVwasbetter,alive,channel,🧿    👁‍🗨    👂    🪬    📸    🎤  Pretty Orwellian Premium Morbid Reality   👁‍🗨    🧿    👂    🪬    📸    🎤,411,,2026-03-25T01:24:14+00:00,0,0,MCMLXXXIVwasbetter,• WAR IS PEACE • FREEDOM IS SLAVERY • IGNORANCE IS STRENGTH  • REALITY IS IDEAL • IDEALITY IS REAL  • PROPAGANDA IS TRUTH • SURVEILLANCE IS PRIVACY • OBLIVIOUSHOOD IS CURIOSITY • TRANSPARENCY IS ACCOUNTABILITY     https://t.me/MCMLXXXIVwasbetter/1,200,2026-10-06T09:50:11+00:00
MediaWorkspace,alive,channel,🔊   @MediaWorkSpace • Intuitive Media Work Space • Intuitive Public Radio • IPR •••,8,,2025-06-02T21:51:19+00:00,0,0,,,200,2026-10-06T09:50:15+00:00
medicalfraudisreal,alive,channel_no_preview,Medical Fraud is REAL,34,,,,,,"Rights are not Privileges - We are all born with them.  ⚠️ Everyone has medical rights  ⚠️ Everyone has a safe space - OWN IT  ⚠️ For the sake of humanity, it is everyone's responsibility to stand up and speak out in protection of their families' rights.",200,2026-10-06T09:50:19+00:00
melbournefreedomrallyupdates,alive,channel,😀    🇦🇺   [Updates] Melbourne Freedom Rally,3980,,2026-01-25T23:03:08+00:00,0,0,AustraliaFreedomRally Dom1nicD MelbourneFreedomRally WorldWideDemonstration,We stand for Freedom and Empowerment with peaceful protests in Victoria.  Discussion:  @MelbourneFreedomRally   AFR:  @AustraliaFreedomRally  WWD:  @WorldWideDemonstration   Admin:  @Dom1nicD,200,2026-10-06T09:50:23+00:00
melbournemisfits,alive,channel,🖤    🔥  {|| MELBOURNE MISFITS ||}   🔥    🖤,358,,2025-11-20T03:10:47+00:00,0,0,joinchat melbournemisfits,"In a world where right is wrong,  wrong is right,  good is bad - where everything is backwards... Being good, honest and honourable makes you a ""misfit.""  Group link:  https://t.me/joinchat/AIdSMBMBLr00ZDRl   Channel link:  https://t.me/melbournemisfits",200,2026-10-06T09:50:27+00:00
MelbourneRiseUpUnitedWeStand,empty_page,,,,,,,,,"If you have  Telegram , you can contact  @MelbourneRiseUpUnitedWeStand  right away.",200,2026-10-06T09:50:30+00:00
meme_fwo,alive,channel_no_preview,Memes NWO - Alternative News - Free World Order,73,,,,,FREEWORLDORDER,Wake up! (MEME DUMP)  》》 JOIN  @FREEWORLDORDER,200,2026-10-06T09:50:33+00:00
meme_me_up,alive,channel,Meme Me Up!!,86,,2026-10-03T21:42:37+00:00,3,12,Meme_Me_Up,"@Meme_Me_Up !! A place to find humor, images, and seeds of truth.",200,2026-10-06T09:50:37+00:00
menagainstthenarrative,alive,channel,Men Against The Narrative,330,,2025-08-03T20:44:23+00:00,0,0,,We stand for all people under the 1901 true constitution of the land. All are welcome,200,2026-10-06T09:50:41+00:00
mgtowsec,alive,channel_no_preview,Mgtow Anons,113,,,,,,JUDE ENTWEICHE AUS UNSERM DEUTSCHEN HAUS,200,2026-10-06T09:50:44+00:00
Michael_Priest,alive,channel,Michael Priest,1,,2025-03-29T23:13:39+00:00,0,0,,Zone Lead Platform,200,2026-10-06T09:50:47+00:00
michaelbrazil,alive,channel,The Irish Git,13300,,2026-10-02T09:18:55+00:00,2,8,,"Truth and real data kills bulshit and lies, all day and everyday",200,2026-10-06T09:50:51+00:00
MilansNews,alive,channel,MILAN MAKSIMOVIC NEWS,56,,2023-07-20T14:51:26+00:00,0,0,,,200,2026-10-06T09:50:56+00:00
Millions_United,alive,channel,Millions_United,1480,,2026-10-04T07:37:22+00:00,1,11,Millions_United Millions_United_Chat,https://t.me/Millions_United   Chat:  https://t.me/Millions_United_Chat,200,2026-10-06T09:50:59+00:00
mina_chabaka,alive,channel,من الشبكة - From the Web,98,,2026-10-06T08:49:33+00:00,4,14,,مختارات من الشبكة - Selection from the internet,200,2026-10-06T09:51:15+00:00
mlteop,empty_page,,,,,,,,,"If you have  Telegram , you can contact  @mlteop  right away.",200,2026-10-06T09:51:20+00:00
mmamvau,alive,channel,MMAMV - Australia,2240,,2025-04-20T23:54:47+00:00,0,0,,Millions March Against Mandatory Vaccines,200,2026-10-06T09:51:24+00:00
MMSinfo,empty_page,,,,,,,,,"If you have  Telegram , you can contact  @MMSinfo  right away.",200,2026-10-06T09:51:28+00:00
MontiMaro777,alive,channel_no_preview,MontiMaro77,55,,,,,,"Stop The NWO      I do not give telegram or any entities associated with telegram permission to use my pictures, information, messages or posts, both past and future.",200,2026-10-06T09:51:31+00:00
morgancjonas,alive,channel,Morgan C Jonas,4890,,2025-12-24T05:45:00+00:00,0,0,,Host - MCJ Report State Leader - Freedom Party of Victoria,200,2026-10-06T09:51:34+00:00
Morphius21,alive,user_or_bot,Alpha,,,,,,,,200,2026-10-06T09:51:37+00:00
mrn_death,alive,channel,mRNA DEATH TOLL,29500,,2026-10-04T16:16:01+00:00,7,13,,,200,2026-10-06T09:51:41+00:00
mttsuf,alive,channel,May The Truth Set Us Free,184,,2026-09-18T14:44:59+00:00,0,4,,Looking for the truth in a world of Evil Madness. Together we are unstoppable. The future is not set..   https://rumble.com/c/c-1378351,200,2026-10-06T09:51:45+00:00
MTvaccinechoice,alive,channel,Montanans for Vaccine Choice Uncensored,281,,2026-01-06T02:18:30+00:00,0,0,,Official MTVC  public channel,200,2026-10-06T09:51:49+00:00
My21wire,alive,channel,21st Century Wire (Official),9850,,2026-10-06T08:42:08+00:00,17,17,,News for the Waking Generation,200,2026-10-06T09:51:54+00:00
myceliummessage,alive,channel,FOR FREEDOM,10,,2023-06-07T14:18:58+00:00,0,0,,..for liberty,200,2026-10-06T09:52:03+00:00
mySpiritualpath,alive,channel_no_preview,مسیر معنوی من,46,,,,,,من مینوش هستم و از خوانده‌هام، یافته‌هام و زیسته‌هام میگم,200,2026-10-06T09:52:08+00:00
NacionalismoBlanco,alive,channel,Raza y Sociedad/Race and Society,190,,2021-12-06T03:43:31+00:00,0,0,,"Estamos en contra de la evaluación de calidad humana de una persona por pertenecer a determinado grupo racial, pero sabemos que la utopía de una sociedad multirracial pacífica libre de racismo y conflictos es el más peligroso mito   🇪🇸    🇬🇧",200,2026-10-06T09:52:12+00:00
nandadji,alive,channel,Australian First Nations Vioce,18,,2022-03-06T01:55:33+00:00,0,0,,"Freedom of thought, Freedom of Speech, Freedom of choice, Freedom of Religion, Freedom of association, Freedom of protest, Sovereignty of the Nation State",200,2026-10-06T09:52:16+00:00
naomicookformerRN,alive,channel,Naomi Cook Former RN,1250,,2026-07-14T22:38:55+00:00,0,0,,"Alternative news, Emfs, 5G, health health health…",200,2026-10-06T09:52:21+00:00
NatasRamz06,alive,channel,Ramz Humble,55,,2024-08-21T12:05:36+00:00,0,0,,Exposing Evil,200,2026-10-06T09:52:25+00:00
NatemaxHumanAlliance,alive,channel,Nate Max Human Alliance,5290,,2026-05-09T00:19:54+00:00,0,0,,"A room for staying connected, creating community, sovereign health,  sustainability, occult knowledge & Truth Media",200,2026-10-06T09:52:29+00:00
NationalCitizensAllianceInfo,alive,channel,National Citizens Alliance,67,,2024-11-17T01:43:25+00:00,0,0,,Canadians First. Canadian Made. Straight Up. In Full Service of the CDN People. Registered Federal Political Party.,200,2026-10-06T09:52:34+00:00
NationalistForChrist,alive,channel,Nationalist for Christ,4,,2021-10-04T00:22:46+00:00,0,0,,,200,2026-10-06T09:52:38+00:00
NationalUnited,alive,channel,National United,1910,,2025-09-08T09:06:13+00:00,0,0,,Parents & workers united against mandatory vaccinations & medical discrimination. Supporting families and individuals in need   🛡    ⚔,200,2026-10-06T09:52:42+00:00
natnnetwork,alive,channel,Nurses Against the Narrative #AU Network,1300,,2025-04-23T10:14:24+00:00,0,0,,Announcements and Networking  Private support group by invite or join link only.,200,2026-10-06T09:52:46+00:00
NaturalHealthNews,alive,channel,Natural Health News Channel,3800,,2026-07-11T10:02:00+00:00,0,0,,● Uncensored News ● Climate Change Hoax ● Covid Updates From Around The World ● Reports from Citizen Journalists ● Memes,200,2026-10-06T09:52:50+00:00
NBunvaccinated,alive,channel,New Brunswick Canada Français Anglais,143,,2022-10-06T01:02:35+00:00,0,0,,"News for NB in English and French, actualité pour les Neo-Brunswickois en Français et en Anglais.",200,2026-10-06T09:52:58+00:00
ne3xus5,alive,channel_no_preview,Big List of Channels,132,,,,,,"A regularly updated list of groups sharing alternative news or discussion.   If you have a suggestion, write a comment on the post.",200,2026-10-06T09:53:02+00:00
neilhague,alive,channel,Neil Hague Channel,101,,2026-09-08T13:38:55+00:00,0,1,,The official channel for artist and author Neil Hague  Follow me on Instagram neil_hague_art,200,2026-10-06T09:53:06+00:00
neo_network,alive,channel,Ramiro Romani's neo-network,741,,2025-06-06T16:55:53+00:00,0,0,takebackourtech,"founder of  @takebackourtech , part of  freedcomcells.org ,  thegreaterreset.org    neo: a new or revived form of.  Break free of the former internet. Daily posts & content that teach you new revolutionary technologies.",200,2026-10-06T09:53:10+00:00
newearthproj,alive,channel,NewEarth Horizon,7270,,2026-10-05T14:09:13+00:00,7,18,,This is the official channel for New Earth Project. We are here to help disseminate information on current events in a time of great censorship.  Linktr.ee/sachastoneofficial,200,2026-10-06T09:53:15+00:00
News4AChange,alive,channel,We Are Change,10200,,2026-02-23T19:19:57+00:00,0,0,,"""News is what somebody somewhere wants to suppress; all the rest is advertising.""  ➔  LukeUnfiltered.com  ➔  TheBestPoliticalShirts.com",200,2026-10-06T09:53:19+00:00
news_ycombinator,alive,channel,news.ycombinator.com: Hacker News,1350,,2022-09-22T19:12:29+00:00,0,0,,"Hacker News: Posts with the score above 75, delivered to your Telegram.",200,2026-10-06T09:53:23+00:00
newscritical,alive,channel,Critical Path News & Insights,483,,2025-06-27T22:13:14+00:00,0,0,,Breaking news and insights on the critical path of world trends. Share with friends to stay informed.,200,2026-10-06T09:53:26+00:00
NewsMoots,alive,channel,News Moots,77,,2023-07-03T09:50:36+00:00,0,0,,"Current Affairs, Geopolitical, Eschatological",200,2026-10-06T09:53:30+00:00
newworldordervideos,empty_page,,,,,,,,,"If you have  Telegram , you can contact  @newworldordervideos  right away.",200,2026-10-06T09:53:33+00:00
nicholalb,alive,channel,Is covid19 really 5g? Or is it real and man-made?,20,,2022-02-12T11:12:08+00:00,0,0,,"I would love to prove that 5g is responsible for all this illness and death, masked as Covid19. Get researching folk!",200,2026-10-06T09:53:36+00:00
nicolewellness,alive,channel_no_preview,Nicole Wellness,121,,,,,,,200,2026-10-06T09:53:40+00:00
NilesCindy,alive,channel_no_preview,Cindy Niles,414,,,,,,Two plus two equals four,200,2026-10-06T09:53:43+00:00
ninetydegreeturns,alive,channel,Ninety Degree Turns Channel,35,,2022-10-21T19:57:18+00:00,0,0,,Expanding the minds beliefs and perspectives while we awaken the sleeping many,200,2026-10-06T09:53:46+00:00
NMNVMC,alive,channel,NMNVMC - Josh Gregoire Jones,637,,2023-10-03T12:05:31+00:00,0,0,,"No Masks, No Vaccines, My Choice",200,2026-10-06T09:53:49+00:00
no2vaccine,empty_page,,,,,,,,,"If you have  Telegram , you can contact  @no2vaccine  right away.",200,2026-10-06T09:53:52+00:00
nobulart,alive,channel,nobulart,1750,,2026-10-03T07:19:23+00:00,2,5,,https://nobulart.com   https://x.com/nobulart,200,2026-10-06T09:53:58+00:00
NoGoolag,alive,channel,NoGoolag,4790,,2026-10-06T07:23:22+00:00,13,13,BallMemes Libreware NoGoolag SaveAlexandria joinchat,Live free!    📡    @NoGoolag   FAQ:  http://t.me/NoGoolag/169   ★Group:  https://t.me/joinchat/nMOOE4YJPDFhZjZk     📡    @Libreware     📚    @SaveAlexandria     📡    @BallMemes   FORWARDS ARE NOT ENDORSEMENTS    💯   % satire OSRET,200,2026-10-06T09:54:02+00:00
nomandatoryvaccinationparty,alive,channel,No Mandatory Vaccination Party Western Australia,151,,2022-05-27T06:09:40+00:00,0,0,,Say No to mandatory vaccinations party for the WA state elections Repeal the draconian legislation of the WA Heath Act 2016. READ SECTION 158 and be horrified then join us in getting this changed!!!,200,2026-10-06T09:54:05+00:00
NoMoreFakeNews,alive,channel,Jon Rappoport,1150,,2024-10-01T05:59:36+00:00,0,0,Kanal_KontaktBot,NoMoreFakeNews.com  · Who is Jon:  telegra.ph/Jon-Rappoport-Investigative-Reporter-10-12    technical questions:  @Kanal_KontaktBot,200,2026-10-06T09:54:08+00:00
NoMoreLockdowns,alive,channel,No More Lockdowns Canada,815,,2022-08-31T19:56:01+00:00,0,0,,,200,2026-10-06T09:54:12+00:00
NoMoreLockdownsUK,alive,channel,No More Lockdowns UK,6230,,2026-08-19T20:02:34+00:00,0,0,,No more lockdowns- No Vaxx-Passports- NOT EVER!,200,2026-10-06T09:54:15+00:00
Nonpolitcschannel,empty_page,,,,,,,,,"If you have  Telegram , you can contact  @Nonpolitcschannel  right away.",200,2026-10-06T09:54:19+00:00
Not_On_The_Beeb,alive,channel,Not On The Beeb - Stuff the BBC forgot to tell you...,12300,,2026-10-05T23:17:11+00:00,12,20,,Stuff the BBC forgot...   https://www.notonthebeeb.co.uk  Links: https://markplayne.com/pages/mark-playne-links,200,2026-10-06T09:54:22+00:00
NotesOnRefuge,empty_page,,,,,,,,,"If you have  Telegram , you can contact  @NotesOnRefuge  right away.",200,2026-10-06T09:54:30+00:00
notovaccine,alive,group,ALL AGAINST THE VACCINATION🚫💉,,12,,,,Andymadley51,"To be Joyful.. Try less and trust more. We secretly help people get a valid health passport, cards, pcr test without them taking the jabs  We all stand for freedom!! 🙏  Send message to  @Andymadley51",200,2026-10-06T09:54:33+00:00
NottinghamTruthSheriff,alive,channel,Nottingham Gospel Sheriff,80,,2026-10-05T18:33:08+00:00,2,9,,CHRISTFLUENCER AND STREETPREACHER,200,2026-10-06T09:54:37+00:00
NoVaccineCoercion,alive,channel,"COVID Vaccine Information, Injuries and Deaths + World News",2330,,2026-02-04T01:26:43+00:00,0,0,joinchat,"Collating all reports of COVID vaccine information, adverse reactions such as injuries and deaths. Chat:  https://t.me/joinchat/VQhbQkCpPxCe4JbS",200,2026-10-06T09:54:40+00:00
nrtamilnadunursing,alive,channel,𝕋𝔸𝕄𝕀𝕃ℕ𝔸𝔻𝕌 ℕ𝕌ℝ𝕊𝕀ℕ𝔾  ™,308,,2026-09-05T14:46:02+00:00,0,0,Ombuddy_bot ombuddy_bot tamilnurse,DM us:  t.me/ombuddy_bot     🔥  SUPPORTING   🔔  SUBSCRIBE  Δ 𝕋𝔸𝕄𝕀𝕃ℕ𝔸𝔻𝕌 ℕ𝕌ℝ𝕊𝕀ℕ𝔾  ™   Δ  https://aratt.ai/@tamilnadunursing  WA:  t.me/tamilnurse/327  World'S Largest Nursing Career Website For All Our Nursing Needs & All Jobs Updates.  @Ombuddy_bot,200,2026-10-06T09:54:44+00:00
NursesAgainstLockdowns,empty_page,,,,,,,,,"If you have  Telegram , you can contact  @NursesAgainstLockdowns  right away.",200,2026-10-06T09:54:47+00:00
nuttersunite,empty_page,,,,,,,,,"If you have  Telegram , you can contact  @nuttersunite  right away.",200,2026-10-06T09:54:50+00:00
NVIC_VaccineFreedom,alive,channel,NVIC.org,7790,,2026-10-06T01:04:13+00:00,20,20,,"America’s Vaccine Watchdog since 1982. The National Vaccine Information Center (NVIC) is a non-profit educational organisation dedicated to the prevention of vaccine injury and death, vaccine safety & informed consent advocacy in public heath policy.",200,2026-10-06T09:54:52+00:00
NWO_Rebel,alive,channel,NWO Rebel,5,,2021-10-11T07:50:46+00:00,0,0,,,200,2026-10-06T09:54:56+00:00
NWOreporter,alive,channel_no_preview,NWOreporter,196,,,,,,,200,2026-10-06T09:54:59+00:00
NZLiberty,empty_page,,,,,,,,,"If you have  Telegram , you can contact  @NZLiberty  right away.",200,2026-10-06T09:55:03+00:00
NZLibertyMovement,alive,channel,NZ Liberty Movement,628,,2022-02-19T07:17:33+00:00,0,0,,"A channel for Kiwis who want to do SOMETHING, ANYTHING to stop the disproportionate way that their government is responding to COVID19.",200,2026-10-06T09:55:06+00:00
nzprochoice,alive,channel,The Media Matrix,1150,,2025-04-17T06:28:37+00:00,0,0,,Spreading important news to make us more aware of whats going on in the world.,200,2026-10-06T09:55:09+00:00
NZunderAttack,alive,channel,NZ UNDER ATTACK TELEGRAM,106,,2024-09-20T13:41:58+00:00,0,0,,,200,2026-10-06T09:55:13+00:00
off_Guardian,alive,channel,offGuardian,1410,,2026-09-27T19:53:10+00:00,0,18,German_Foreign_Policy KenFM_en StrategicCulture en_2020news swprs,"Get off Guardian! …’coz facts really should be sacret.  off-guardian.org/support-us   This is an unofficial supporter channel, not YET affiliated with OffGuardian. Further channels:   @German_Foreign_Policy    @StrategicCulture    @en_2020news    @KenFM_en    @swprs",200,2026-10-06T09:55:17+00:00
offgridcanada,alive,group,Off Grid Canada & USA 🇨🇦🇺🇸,,82,,,,,"The shit is about to hit the fan. You can digitize your ass or you can join us and get the fuck out. Mass deaths, poisoned food, vaccine aerosols and digital technocratic slavery on the horizon. Don't let them jab your ass, it is time. Prepare to bug out.",200,2026-10-06T09:55:20+00:00
OffgridiIreland,alive,channel,𝗢𝗳𝗳-𝗚𝗿𝗶𝗱 𝗜𝗿𝗲𝗹𝗮𝗻𝗱   ☘️,10200,,2026-10-06T09:12:40+00:00,10,10,,Podcasts  Support Us  https://linktr.ee/offgridireland,200,2026-10-06T09:55:23+00:00
offguardian,alive,channel,OffGuardian (official),8590,,2026-10-05T17:30:08+00:00,9,20,,OffG's official Telegram channel.      off-guardian.org,200,2026-10-06T09:55:26+00:00
OfficialChannelComusavUSA,alive,channel,COMUSAV USA OFFICIAL CHANNEL   🇺🇸,6570,,2026-06-20T03:45:13+00:00,0,0,,COMUSAV Mundial (Spanish acronym for World Health & Life Coalition) is the largest organization supporting the therapeutic use of Chlorine Dioxide Solution worldwide. Working w/the Scientific Community to legalize it in every country!,200,2026-10-06T09:55:31+00:00
offthegridnow,alive,channel,Off The Grid Channel,4650,,2026-06-30T14:47:32+00:00,0,0,Offthegridchat,"For all Freedom loving People. We focus on discussing the best food, health, education, business, farming, government, renewable energy, innovations and alternative solutions. Preparing to overcome & thrive in these times.  JOIN CHAT GROUP  @Offthegridchat",200,2026-10-06T09:55:34+00:00
OhioAMF,alive,channel,Ohio Advocates for Medical Freedom,2090,,2026-10-02T13:08:05+00:00,2,18,,"OAMF is a 501(c)(4) advocating for your right to choose or refuse any medical treatment or procedure. We keep you up to date on legislative calls-to-action affecting your freedom, & provide OH citizens with a medical freedom voter guide each election.",200,2026-10-06T09:55:39+00:00
oliverjanichinternational,alive,channel,Oliver Janich International,1060,,2026-09-18T04:06:31+00:00,0,2,,"Former mainstream journalist, bestselling German author. My international team also posts opinions I do not necessarily support. Think and research for yourself. About me:  https://www.oliverjanich.de/about-me",200,2026-10-06T09:55:44+00:00
onceyouawake1,empty_page,,,,,,,,,"If you have  Telegram , you can contact  @onceyouawake1  right away.",200,2026-10-06T09:55:47+00:00
OneDayDevineNews,alive,channel,OneDayDevine News   🇨🇦    🤜    🤛    🇺🇸,299,,2022-09-20T22:38:09+00:00,0,0,,The Truth Is Like A Lion You Don't Have Defend It Let It Loose It Will Defend Itself !!!  New Youtube Channel Collaborator Canadian Adventurer Live Footage Soon    https://www.youtube.com/channel/UCnvQUrAFbpJOH3p   Sponsor  OneDayDevine.com  PromoCode UNITY,200,2026-10-06T09:55:51+00:00
oneInfochannel,alive,channel,Infochannel,1270,,2025-10-01T22:22:10+00:00,0,0,,oneinfochannel@protonmail.com,200,2026-10-06T09:55:54+00:00
only_the_facts_man,empty_page,,,,,,,,,"If you have  Telegram , you can contact  @only_the_facts_man  right away.",200,2026-10-06T09:55:57+00:00
Open1info,empty_page,,,,,,,,,"If you have  Telegram , you can contact  @Open1info  right away.",200,2026-10-06T09:56:00+00:00
openaccessevidence,empty_page,,,,,,,,,"If you have  Telegram , you can contact  @openaccessevidence  right away.",200,2026-10-06T09:56:03+00:00
openhowse,alive,channel,OPEN HOUSE,1610,,2024-05-10T16:10:57+00:00,0,0,,open house videos anything of interest goes on here,200,2026-10-06T09:56:06+00:00
opentotruth,alive,channel,Open To Truth,3,,2025-07-31T23:09:02+00:00,0,0,,Truth never should need to be censored,200,2026-10-06T09:56:09+00:00
openyoureyes2,alive,channel,Open Your Eyes 2020,4050,,2025-04-21T15:45:39+00:00,0,0,,A place for the truth seekers,200,2026-10-06T09:56:12+00:00
operation2030x,alive,channel,Operation 2030x - Freedom News,956,,2026-10-05T18:48:12+00:00,17,17,,"History does not repeat itself, but it does rhyme. —Mark Twain  Exposing Agenda 2030, Great Reset, Build Back Better, WEF, COVID, Climate Change, NWO, Globalism, Sustainable Development Goals. Sharing does NOT equal endorsement, it's FYI",200,2026-10-06T09:56:15+00:00
operationuprise,alive,channel,Operation Uprise,4,,2024-11-22T00:24:36+00:00,0,0,,,200,2026-10-06T09:56:17+00:00
orderfromchaos,alive,channel,new world chaos,47,,2024-05-13T14:59:17+00:00,0,0,,—VIEWER DISCRETION IS ADVISED—,200,2026-10-06T09:56:20+00:00
ORIANA213B,alive,channel,ORIANA 2.1.3.B,177,,2026-10-06T09:16:39+00:00,20,20,,,200,2026-10-06T09:56:23+00:00
OurVoicesMatter,alive,channel,Our Voices Matter,8080,,2025-02-17T01:34:48+00:00,0,0,,Channel for Australian adverse reaction victims   🇦🇺,200,2026-10-06T09:56:27+00:00
OutMedMan,alive,channel,Outlaw Medical Mandates,230,,2026-07-23T16:29:48+00:00,0,0,,"medicalmandates.org  - Medical mandates are based on assumptions. When the assumptions are FALSE, medical mandates are WRONG. They should be OUTLAWED, everywhere, forever.",200,2026-10-06T09:56:30+00:00
pandata19,alive,channel,PANDA | Science. Sense. Society.,6580,,2025-11-17T07:17:59+00:00,0,0,,pandata.org,200,2026-10-06T09:56:33+00:00
pandemicpodcastUK,empty_page,,,,,,,,,"If you have  Telegram , you can contact  @pandemicpodcastUK  right away.",200,2026-10-06T09:56:36+00:00
pandemictruths,alive,channel,疫時代 Pandemic ᴛʀᴜᴛʜs,1930,,2025-05-24T14:58:46+00:00,0,0,,"頻道① 陰陽謀/ 假病毒/ 世衛苗害/ 獸之印記/ 彌天大謊/ 末世大災/ 矩陣帝國/ 东方崛起/ 九紫离火/ 意识觉醒/ End Game AI-X, Conspiracy, Pseudovirus, Vax Killer, Mark of the Beast, The Big Lie, The Apocalypse, Matrix, Rising East, The Secret Power of Period 9-Li Trigram, The Awakening.",200,2026-10-06T09:56:39+00:00
PandorasWeb,alive,channel,Pandora’s Web,333,,2022-08-26T02:06:45+00:00,0,0,PandorasWebChat,This channel is with the intention to see the big picture in everything. Also remember to join  https://t.me/PandorasWebChat  for the group chat!,200,2026-10-06T09:56:44+00:00
paradigmshake,empty_page,,,,,,,,,"If you have  Telegram , you can contact  @paradigmshake  right away.",200,2026-10-06T09:56:47+00:00
ParentsSA,alive,channel,Guardians South Australia,619,,2024-02-15T21:01:16+00:00,0,0,joinchat,Protect your kids at school. Establishing networks and building empowered communities for families of SA  Group Chat (new):  https://t.me/joinchat/Pzq5KKQQvHs0ODll,200,2026-10-06T09:56:50+00:00
parentswithquestions,alive,channel,Parents With Questions,5100,,2025-07-11T01:18:57+00:00,0,0,,"As parents, we all love our kids and want to protect them from harm.      www.parentswithquestions.com.au",200,2026-10-06T09:56:54+00:00
parlerrefugees,alive,channel,Parler refugees,4,,2024-12-06T00:15:29+00:00,0,0,,,200,2026-10-06T09:56:58+00:00
partijvoordeliefde,alive,channel,Partij voor de Liefde - Party for Love Governance,156,,2026-10-05T18:52:32+00:00,9,18,partijvoordeliefde,Visionary Party for The Age of Aquarius  Website   www.partijvoordeliefde.nl   Telegram   https://t.me/partijvoordeliefde    https://truthsocial.com/@LoveGovernance   https://x.com/RoelandSolcer   https://www.facebook.com/partijvoordeliefde,200,2026-10-06T09:57:01+00:00
patiencebuildskindness,alive,user_or_bot,Patience Builds Kindness,,,,,,,,200,2026-10-06T09:57:04+00:00
patriotawakenings,alive,channel,Patriot Awakenings,47,,2021-12-30T18:29:07+00:00,0,0,,,200,2026-10-06T09:57:08+00:00
patriotsaustralia,empty_page,,,,,,,,,"If you have  Telegram , you can contact  @patriotsaustralia  right away.",200,2026-10-06T09:57:11+00:00
pbhunters,empty_page,,,,,,,,,"If you have  Telegram , you can view posts by  @pbhunters  right away.",200,2026-10-06T09:57:14+00:00
pdf_channel,empty_page,,,,,,,,,"If you have  Telegram , you can contact  @pdf_channel  right away.",200,2026-10-06T09:57:16+00:00
PeaceRiverAlbertaArea,alive,channel,Alberta Vax Reactions,130,,2022-05-01T17:37:48+00:00,0,0,,The Name says it all.,200,2026-10-06T09:57:19+00:00
Pedr01,alive,channel,🐸   Pedro T   🛫    🌞    ✈    ✈    🌧    🛬,22,,2023-10-07T07:43:07+00:00,0,0,,,200,2026-10-06T09:57:22+00:00
PeepsOfEarth,alive,channel,People of Earth,97,,2026-10-02T12:57:32+00:00,1,3,,"For people with multiple levels of interest, on multiple topics, and those that care about Humanity.",200,2026-10-06T09:57:25+00:00
PenelopeJ5,empty_page,,,,,,,,,"If you have  Telegram , you can contact  @PenelopeJ5  right away.",200,2026-10-06T09:57:28+00:00
PeopleInNumbers,empty_page,,,,,,,,,"If you have  Telegram , you can contact  @PeopleInNumbers  right away.",200,2026-10-06T09:57:31+00:00
PeoplePowerAus,alive,channel_no_preview,People Power,13,,,,,,,200,2026-10-06T09:57:33+00:00
peoplestruth,alive,channel,PeoplesTruth,1480,,2026-10-01T14:24:47+00:00,1,1,,From the people to the people- Truth media,200,2026-10-06T09:57:37+00:00
PerthFreedomRallyChannel,alive,channel,😀    🇦🇺   [Updates] Perth Freedom Rally [Sat 13th Sept - Supreme Court Gardens - 12:00pm],1070,,2026-01-25T23:03:08+00:00,0,0,PerthFreedomRallyDiscussion,We stand for Freedom and Empowerment with peaceful protests in Western Australia.  Website:  PerthFreedomRally.com   Discussion Group:  t.me/PerthFreedomRallyDiscussion,200,2026-10-06T09:57:41+00:00
PerthHealthFreedomInfo,alive,channel,Perth Health Freedom Info,455,,2022-06-01T02:54:13+00:00,0,0,,"Informing, Networking, and Taking Action. For the people, by the people.  We have no political ties but may repost independents or MP's who are in the fight for health freedom and human rights.  PerthHealthFreedomInfo@gmail.com",200,2026-10-06T09:57:44+00:00
Peter_ZA,alive,channel,Peter_ZA,39,,2026-09-20T17:00:35+00:00,0,1,,- - - My Channel / Mein Kanal ! - - -,200,2026-10-06T09:57:48+00:00
peterlittleOfficialChallenge,alive,channel,Peter Little Official Channel,1360,,2025-03-09T02:14:32+00:00,0,0,,Australian Lawyer and Vaccine   💉   Hesitancy Advocate  Www.chasetruth.club,200,2026-10-06T09:57:52+00:00
PeterMcCullough,alive,channel_no_preview,Dr. Peter McCullough    [ FAKE ],38415,,,,,,,200,2026-10-06T09:57:55+00:00
Pierscorbyn,alive,channel,Piers_Corbyn_Stopnewnormal,3240,,2026-10-06T03:49:31+00:00,20,20,,"🔹   Astrophysicist, long range weather forecaster and activist. Resist, Defy, Do Not Comply!  Updates, Censored Videos &!Announcements   http://www.stopnewnormal.net/   New FB page for livestreaming  https://m.facebook.com/PiersCorbyn-110212208234512",200,2026-10-06T09:57:59+00:00
pittsburghipr,alive,channel_no_preview,🔊 @PittsburghIPR • Collaborative Media • Intuitive Public Radio Pittsburgh Pennsylvania • IPR •••,13,,,,,,This social space supports oxytocin pathway repair and individualized creative healing.,200,2026-10-06T09:58:02+00:00
PLANDEMIC,alive,channel,PLANDEMIC,1140,,2026-10-06T08:45:47+00:00,19,19,,,200,2026-10-06T09:58:05+00:00
plandemic_resource_channel,alive,channel_no_preview,Global Plandemic Channel,579,,,,,,Best Resource Channel for information on the Planned Pandemic - Build up your Immunitity against the Plandemic with facts,200,2026-10-06T09:58:08+00:00
PLPReturns,empty_page,,,,,,,,,"If you have  Telegram , you can contact  @PLPReturns  right away.",200,2026-10-06T09:58:11+00:00
Pointoview,alive,channel,Point Of View,944,,2026-10-03T16:47:25+00:00,9,20,,"A Channel Dedicated To The Freedom Of Speech. In These Times of Censorship, Our Voice Needs to be Heard. Share The Channel.",200,2026-10-06T09:58:14+00:00
Polczat,alive,channel,WhySoSerious.PL/UK,92,,2026-09-25T17:56:32+00:00,0,19,,,200,2026-10-06T09:58:17+00:00
politicalaccountabilityca,alive,channel,Canadian Political Accountability,98,,2026-09-26T02:40:33+00:00,0,5,,Key news covered up or blocked elsewhere about covid and other critically important political accountability issues.,200,2026-10-06T09:58:20+00:00
PowerVa,alive,channel,POWER,934,,2026-09-27T16:01:23+00:00,0,4,,"P. O. W. E. R. = People Organizing With Effort and Resolve to fortify, defend, and protect America's communities. Evidence based research and anecdotal stories not meant for medical advice.",200,2026-10-06T09:58:23+00:00
PPLSVoice,empty_page,,,,,,,,,"If you have  Telegram , you can contact  @PPLSVoice  right away.",200,2026-10-06T09:58:26+00:00
preciousoneexperience,alive,channel,The Shift,1010,,2026-10-06T08:16:33+00:00,20,20,,What the elite have in store for humanity.,200,2026-10-06T09:58:28+00:00
PretoriaNoordPretoriaNorth,empty_page,,,,,,,,,"If you have  Telegram , you can contact  @PretoriaNoordPretoriaNorth  right away.",200,2026-10-06T09:58:32+00:00
priceofreality,alive,channel,Nothing To See Here...  🌏    😈    🚫    🤡    ❓,114,,2022-07-17T21:28:31+00:00,0,0,,The engineers are well versed in the dark arts of possession.,200,2026-10-06T09:58:35+00:00
ProgressOfBigBrother,empty_page,,,,,,,,,"If you have  Telegram , you can contact  @ProgressOfBigBrother  right away.",200,2026-10-06T09:58:38+00:00
ProjectKnowledge,alive,channel,Project Knowledge,14200,,2026-04-06T20:24:46+00:00,0,0,,"ProjectKnowledge  Important News Articles, Videos.",200,2026-10-06T09:58:41+00:00
projectmatilda,empty_page,,,,,,,,,"If you have  Telegram , you can contact  @projectmatilda  right away.",200,2026-10-06T09:58:44+00:00
ProtestEverywhere,alive,channel,Protest Everywhere,2280,,2021-02-20T14:35:01+00:00,0,0,ProtestEverywhere REDandFollow sophiaroselove,Share events information and updates Make friends and get support   🌺    t.me/ProtestEverywhere    https://t.me/REDandFollow/1486  Take Red and Follow Truther Channel  💥   Awaken! Unite! Stand together...  Twitter:  twitter.com/SophiaRoselove   DM:  @sophiaroselove,200,2026-10-06T09:58:47+00:00
Protocols4Life,alive,channel,自愈生命奧秘  🌳,2330,,2025-05-24T14:47:39+00:00,0,0,,"頻道② 整合醫學、新中醫、道醫、替代療法、民間古方、防災囤糧、家庭種菜、防輻射、ᴼᶠᶠ⁻ᴳʳⁱᵈ自給自足社區、慢活、心靈康復...等等 Integrative medicine, TCM & Dao medicine, natural remedies, living wellness, survival & preppering, self-contained homestead communities, downshifting, mental health, etc.",200,2026-10-06T09:58:50+00:00
proudboysvictoria,alive,channel,Proud Boys Victoria,11,,2023-05-14T04:50:08+00:00,0,0,,Channel for the Victorian Proud Boys - Check out  proudboysau.club,200,2026-10-06T09:58:54+00:00
provenremediesandcures,alive,channel,REMEDIESANDCURES,5670,,2022-05-29T11:40:18+00:00,0,0,,"Find cures for FLU, ARTHRITIS, CORONAVIRUSES, DIABETES, & MORE   💕  Medicinal Herbalism has worked for 1000’s of years before modern medicine. SOME Herbs&seeds help our bodies properly heal instead of buying some temporary relief, saving you $$$!",200,2026-10-06T09:58:56+00:00
ProxyWorldNews,alive,channel,Proxy World News   👀    🧠    🌈,25,,2022-04-28T05:05:16+00:00,0,0,ProxyWorldNewsChat,"REAL news and happenings from around the world open to being dissected, analyzed, debunked, OR, further supported and substantiated. Time to wake up from the mass gaslighting.  Chat:  https://t.me/ProxyWorldNewsChat   17 Feb 2022",200,2026-10-06T09:59:01+00:00
psy_war,alive,channel,☠️  ᴘꜱʏᴡᴀʀ  ⚡,19,,2023-10-15T08:55:17+00:00,0,0,,⇜  🧠  ⇝,200,2026-10-06T09:59:08+00:00
PsychedelicAdventure,alive,channel_no_preview,⚡️  Psychedelic Adventure   🌎,121,,,,,,Shifting the Paradigm,200,2026-10-06T09:59:15+00:00
publicannouncement602967921,alive,channel,6029679/21,14,,2024-07-06T09:43:01+00:00,0,0,,,200,2026-10-06T09:59:18+00:00
pulling_back_the_veil,alive,channel,Pulling Back the Veil,285,,2025-10-10T20:53:09+00:00,0,0,,Some truths behind ‘the pandemic’ and new world order that has been hidden from the cloak of main stream media.,200,2026-10-06T09:59:22+00:00
purelyparsonss,alive,channel,purelyparsons,405,,2022-07-07T02:45:19+00:00,0,0,,,200,2026-10-06T09:59:25+00:00
putchildrenfirst,empty_page,,,,,,,,,"If you have  Telegram , you can contact  @putchildrenfirst  right away.",200,2026-10-06T09:59:28+00:00
QAnonHeal,alive,channel,QAnon Heal   ✍️   #Frequency & #Infos arround #Healing   🕊️,445,,2025-11-04T17:03:24+00:00,0,0,QAnonHealGroup,"The channel around health and well-being  Here you will find natural healing methods on a variety of topics, such as  #Covid  and more.   #HEALTH   #FREQUENZY   #FREQUENCIE   #WATER   #RIFE   #SOLFEGGIO   #BINAURAL    JOIN OUR GROUP  @QAnonHealGroup    👈     ✨    ✨    ✨    ✨    ✨    ✨    ✨    ✨    ✨",200,2026-10-06T09:59:31+00:00
Qpenmic,alive,channel,O. P. E. N. M. I. C.   🎙,27,,2022-12-17T11:29:21+00:00,0,0,Qpenmicchat,"Are you seeking & speaking truths?  That’s all we do here.  Any topics, all opinions.  We share what is truths.  Chat room:  @Qpenmicchat",200,2026-10-06T09:59:39+00:00
queen_of_freedom21,alive,channel,Queen_of_freedom21,6070,,2024-07-07T13:09:58+00:00,0,0,queen_of_freedom21 queen_of_freedom_no2,Take back your rights.. everyone should be on the same team.. divide is for the weak   💁🏼‍♀️   insta   👉🏼    @queen_of_freedom21  &  @queen_of_freedom_no2,200,2026-10-06T09:59:43+00:00
quest_to_save_humanity,empty_page,,,,,,,,,"If you have  Telegram , you can contact  @quest_to_save_humanity  right away.",200,2026-10-06T09:59:47+00:00
QuriousKiwi,alive,channel_no_preview,Qurious Kiwi's 🇳🇿,1179,,,,,,"A channel for anyone crurious enough to question the dogma.  Covering topics such as NZ Politics, News, C-19 Narrative, $$ Digs & compilation clips for your discernment.  Comments inciting violence or absuing other members are not permitted.",200,2026-10-06T09:59:50+00:00
QuriousKiwiInAus,alive,channel,QuriousKiwiInAus,27,,2024-09-08T13:46:32+00:00,0,0,,Mostly for shit posting,200,2026-10-06T09:59:53+00:00
rachelspeaksout,alive,channel,☀️    ✨  Rachel Speaks Out  🌙    💜,7400,,2026-10-05T15:23:34+00:00,8,20,,Join Rachel Elizabeth Elnaugh Eternal Love as we journey to LIBERATE ourselves from the Globalist Big-Corporate Digital Totalitarian nightmare and co-create the new Golden Era   ☀️    ✨    💜    ✨    🌙     www.rachel.love,200,2026-10-06T09:59:56+00:00
RachelVaughan,alive,channel,Rachel Vaughan,5230,,2026-10-01T10:34:55+00:00,1,10,,SRA survivor and whistleblower,200,2026-10-06T09:59:59+00:00
randomanonch1,alive,channel_no_preview,Random Anon Channel - Daily reminder: Is the Jews,5451,,,,,joinchat randomanonchannel_bot randommeetingpoint,This is the new main channel for the Random Anon Channel Network.  Old: t.me/joinchat/QpP9XjrYzfjSYl9c  t.me/randommeetingpoint t.me/randomanonchannel_bot  XMR 43SM6WP9KKZUydhpM7ViW6EWGzgewGqYnF2YT8Rck3CL3wCDzVtVrt1Q9UEUFx9LdHGUjutFT9NV8ePoP8m1mfNaPacmn5F,200,2026-10-06T10:00:04+00:00
randyhillier,alive,channel,Randy Hillier Channel,2260,,2025-02-08T17:41:07+00:00,0,0,,"Former Independent Member for Lanark-Frontenac-Kingston. True believer of Freedom, Justice and Democracy. I block all pseudonyms",200,2026-10-06T10:00:07+00:00
RealAustralianFreedom,alive,channel,Real Australian Freedom,62,,2026-03-27T05:41:46+00:00,0,0,,Prepare to defend ur families Or prepare for Dictator Dan Zeig Heil Andrews NWO Victoria.,200,2026-10-06T10:00:10+00:00
realBauhauswife,alive,channel,Bauhauswife,1910,,2023-06-14T17:51:05+00:00,0,0,,"Birth freedom; bodily sovereignty; women’s liberation; self-healing; natural medicine; humanity rising; spirit soaring, earth love; womb-wisdom.   Join Yolande Norris-Clark as we explore and connect, in solidarity.   💗    🌊    💗",200,2026-10-06T10:00:14+00:00
realblaircottrell,alive,channel,Blair Cottrell   🇦🇺,19600,,2026-10-06T05:33:33+00:00,20,20,BlairCottrell,"Personal Trainer, Melbourne.   ⚡️  Diet plans & online coaching   👉🏻  Contact:  @BlairCottrell",200,2026-10-06T10:00:17+00:00
realCRP,alive,channel,Gonzalo Lira,29400,,2023-04-09T11:00:53+00:00,0,0,,"Here I talk about whatever’s on my mind. Unvaxed—and if that makes you angry and makes you hope that I die soon, I want you to know that I have no such wish for you.",200,2026-10-06T10:00:21+00:00
realdocumentaries,alive,channel,RealDocumentaries,2000,,2023-04-06T04:17:07+00:00,0,0,,,200,2026-10-06T10:00:24+00:00
RealLandDownUnder,alive,channel,🇦🇺  Land Down Under  🇦🇺,11000,,2026-06-30T14:25:00+00:00,0,0,,,200,2026-10-06T10:00:26+00:00
reallygraceful,alive,channel,Really Graceful fans,1230,,2024-02-17T18:16:55+00:00,0,0,,Wake up and see our world through awareness,200,2026-10-06T10:00:29+00:00
RealNZchannel,empty_page,,,,,,,,,"If you have  Telegram , you can contact  @RealNZchannel  right away.",200,2026-10-06T10:00:33+00:00
realtruthreport,alive,channel,RealTruthReport  🚫    😷,260,,2026-08-22T18:47:10+00:00,0,0,,"📣   Real Truth Report : home to a regular guy exposing the corruption of the New World Order / Covid19, Vaccines etc. Vancouver, Canada   🇨🇦  : All my videos here:  https://odysee.com/@realtruthreport",200,2026-10-06T10:00:36+00:00
RealWorldNewsChannel,alive,channel,Real World News,25000,,2026-10-05T20:04:35+00:00,20,20,RealWorldNewsChannel RealWorldNewsChat,⏯️    @RealWorldNewsChannel    ✳️    @RealWorldNewsChat,200,2026-10-06T10:00:39+00:00
rebelsquad1,alive,channel,✨    ⚜️  𝕽𝖊𝖇𝖊𝖑 𝕾𝖖𝖚𝖆𝖉  ⚜️    ✨,1070,,2025-09-11T16:22:14+00:00,0,0,,𝖂𝖆𝖐𝖎𝖓𝖌 𝖚𝖕 𝖙𝖍𝖊 𝖒𝖆𝖘𝖘𝖊𝖘 𝖎𝖓 𝖘𝖙𝖞𝖑𝖊  ✨,200,2026-10-06T10:00:42+00:00
reclameyourpower,alive,channel,Reclaim your power!,22,,2023-01-27T14:08:19+00:00,0,0,,"Om Suverænitet , stå i sin Power og få bedrag frem i lyset.",200,2026-10-06T10:00:45+00:00
REDandFollow,alive,channel,Take RED and follow...,905,,2022-05-12T11:17:24+00:00,0,0,ProtestEverywhere REDandFollow sophiaroselove,Take Red and Follow Truther Channel   💥   Awaken! Unite! Stand together! Join people using this link:  https://t.me/REDandFollow/1580   Share events information and updates   🌺    t.me/ProtestEverywhere    Twitter:  twitter.com/SophiaRoselove   DM:  @sophiaroselove,200,2026-10-06T10:00:49+00:00
RedDog71Media,alive,channel,Red Dog 71 Media,573,,2026-05-25T19:59:46+00:00,0,0,,Alternative media source for the information you don’t get to see in the mainstream.,200,2026-10-06T10:00:55+00:00
redpill_repository,alive,channel,The RedPill Repository,95,,2022-05-27T12:07:30+00:00,0,0,politically_incorrect_telegram,An archive of various redpills and sister channel of  @politically_incorrect_telegram,200,2026-10-06T10:00:59+00:00
redpilldaily,alive,channel,Redpill daily,41,,2022-04-22T13:35:50+00:00,0,0,,West Australian truth seeker. Think of this page as your essential scamdemic debating toolbox. I use this page as an archive for all the gems of knowledge I come across on my journeys across the interwebs.,200,2026-10-06T10:01:03+00:00
redpillnewsuk,alive,channel,Red Pill News UK   🇬🇧,649,,2026-10-05T17:37:08+00:00,19,19,,Compiling the latest truths for you.  #WWG1WGA   Also on Gettr.  www.gettr.com/user/redpillnewsuk,200,2026-10-06T10:01:07+00:00
redshoecanary,alive,channel,RedShoesRealityCheck,3,,2022-02-27T16:40:02+00:00,0,0,,A redpill for the public in Oz. Put on redshoes & wakeup,200,2026-10-06T10:01:10+00:00
reignitedemocracyaustralia,empty_page,,,,,,,,,"If you have  Telegram , you can contact  @reignitedemocracyaustralia  right away.",200,2026-10-06T10:01:13+00:00
ResetInvestmentStrategies,empty_page,,,,,,,,,"If you have  Telegram , you can contact  @ResetInvestmentStrategies  right away.",200,2026-10-06T10:01:16+00:00
ResistanceIsVictory,alive,channel,Resistance Is Victory   👊,2210,,2026-10-03T16:48:11+00:00,6,14,,ἡ ἀλήθεια ἐλευθερώσει ὑμᾶς,200,2026-10-06T10:01:18+00:00
resisttweety,alive,channel,Resist,19,,2023-04-11T12:13:53+00:00,0,0,,#resist,200,2026-10-06T10:01:22+00:00
ResurrectionEuropa,alive,channel,Resurrection Europa,801,,2022-12-11T22:23:31+00:00,0,0,,RISE FROM YOUR GRAVE  Web:  https://wolfish.neocities.org/   Twitter:  https://twitter.com/WolfishHead   YouTube:  https://youtube.com/ResurrectionEuropa,200,2026-10-06T10:01:25+00:00
revelationprophecy,empty_page,,,,,,,,,"If you have  Telegram , you can contact  @revelationprophecy  right away.",200,2026-10-06T10:01:28+00:00
ReviveAcademy,alive,channel,💯  Revive Awareness,321,,2026-09-03T21:24:37+00:00,0,0,ReviveAwareness,YOUR VIBRATION IS THE CURE   https://t.me/ReviveAwareness,200,2026-10-06T10:01:31+00:00
RhiVDG,alive,channel,Rhiannon Van Der Griffin,60,,2022-02-24T08:59:20+00:00,0,0,,For the health and happiness you deserve   💛,200,2026-10-06T10:01:34+00:00
RightDownUnder,alive,channel,Right Down Under,28,,2026-08-13T21:08:53+00:00,0,0,,Australian Right push back to the Lunatic Left!,200,2026-10-06T10:01:37+00:00
riseabovethelie,alive,channel,Rise Above The Lie,239,,2023-03-19T22:29:42+00:00,0,0,,,200,2026-10-06T10:01:40+00:00
riseAustralia,alive,channel_no_preview,Rise Australia & New Zealand,92,,,,,,Patriots who want to be a part of real actions to change our futures and stop the Cabal!  Resources include: www.FreeAustralia.Today  Www.Thegreatawakening.global Www.vaccineadverseevents.info,200,2026-10-06T10:01:44+00:00
RiseUpCollective,alive,channel,RiseUp Collective,94,,2026-10-04T05:00:02+00:00,3,8,,"RiseUp Collective created to collaborate for those who have a vision for all.  In Peace, Love & Unity",200,2026-10-06T10:01:47+00:00
RM_Covid,alive,channel,Covid and Corruption,1,,2022-05-22T01:23:54+00:00,0,0,,"Some information, food for thought",200,2026-10-06T10:01:51+00:00
RobertWMalone,alive,channel,"Robert W Malone, MD",4970,,2026-10-05T17:02:02+00:00,4,13,,"Inventor of mRNA vaccines and RNA as a drug, Bench to Bedside vaccines and biologics consulting.",200,2026-10-06T10:01:54+00:00
robinmg,alive,channel,Robin Monotti,67600,,2026-10-06T06:27:23+00:00,13,20,robinmggroup,Official Robin Monotti Channel Donations:  robinmonotti.substack.com/  Group is  @robinmggroup  We don't DM from this channel account. Rule: Be polite & respectful.,200,2026-10-06T10:01:59+00:00
RobinsonCrusaders,alive,channel,Robinson Crusaders,22,,2026-10-06T02:40:42+00:00,6,9,,"We want our country back! News posts with open comments and links, portals into discovery. Resist defy do not comply with Tyranny!",200,2026-10-06T10:02:04+00:00
RobynOpenshaw,alive,channel,Robyn Openshaw,4420,,2026-02-19T17:46:50+00:00,0,0,,"I am your host, Robyn Openshaw, and I will fight for your freedom with everything I have.",200,2026-10-06T10:02:08+00:00
RomanLightWall,empty_page,,,,,,,,,"If you have  Telegram , you can contact  @RomanLightWall  right away.",200,2026-10-06T10:02:11+00:00
rooftopkoreanrant,empty_page,,,,,,,,,"If you have  Telegram , you can contact  @rooftopkoreanrant  right away.",200,2026-10-06T10:02:14+00:00
RWMaloneMD,alive,channel,"Robert W Malone, MD",105000,,2026-10-05T18:33:00+00:00,20,20,MarioLopezG,"Inventor of mRNA vaccines and RNA as a drug, Bench to Bedside vaccines and biologics consulting.    Moderated by  @MarioLopezG",200,2026-10-06T10:02:16+00:00
SafeCommunityNetwork,alive,channel,Freedom Thinkers,32,,2023-12-17T22:13:09+00:00,0,0,,A Team for Earth Free from Agendas!,200,2026-10-06T10:02:19+00:00
saffronjadeandlemonade1,empty_page,,,,,,,,,"If you have  Telegram , you can contact  @saffronjadeandlemonade1  right away.",200,2026-10-06T10:02:22+00:00
sandroconte,alive,channel,Sandro Conte,2,,2026-10-06T08:17:48+00:00,20,20,,"Believe little, question everything, think for yourself!",200,2026-10-06T10:02:26+00:00
sanjeevsabhlok,alive,channel,Sanjeev Sabhlok PUBLIC CHANNEL,764,,2026-10-05T23:32:12+00:00,19,19,,,200,2026-10-06T10:02:29+00:00
SarahSmithNM,alive,channel,Sarah Smith,201,,2026-01-06T22:26:09+00:00,0,0,,,200,2026-10-06T10:02:32+00:00
SarahSwift,alive,channel,Sarah Swift,344,,2026-10-05T21:55:33+00:00,20,20,,,200,2026-10-06T10:02:36+00:00
sars2covid19Hoax,empty_page,,,,,,,,,"If you have  Telegram , you can contact  @sars2covid19Hoax  right away.",200,2026-10-06T10:02:40+00:00
sassyangelXo,alive,channel_no_preview,Sassy Angel 🦋,11,,,,,,"⚠️ Reading, Searching, Finding Truth 24/7 for a world light, love, freedom, & honesty. 🇺🇸🌟",200,2026-10-06T10:02:43+00:00
SavageNoblesAndMerryPeasants,alive,channel,Savage Nobles & Merry Peasants   🇳🇿    🇦🇺    🇨🇰    🇳🇺    🇫🇯    🇹🇻    🇸🇧    🇨🇼    🇼🇸    🇵🇬    🇹🇰    🇨🇽    🇳🇷    🇫🇲     🇰🇮,41,,2024-01-19T20:41:48+00:00,0,0,,"Humour, politics, South-Pacific, Kiwi and Fiji, South-Side Rants Incorporated,   Many jokes will be filled with foul language. For audience over 98+ year olds only! DO NOT WATCH IF 97 OR YOUNGER!   🇳🇿    🇦🇺    🇨🇰    🇳🇺    🇫🇯    🇹🇻    🇸🇧    🇨🇼    🇼🇸    🇵🇬    🇹🇰    🇨🇽    🇳🇷    🇫🇲     🇰🇮    🇹🇼    🇹🇴   ",200,2026-10-06T10:02:45+00:00
SAVEAMERICAAMENC,alive,channel,SAVE AMERICA,95,,2026-01-09T14:47:46+00:00,0,0,,SAVE AMERICA,200,2026-10-06T10:02:49+00:00
savingsovereignty,alive,channel,Savingsovereignty,2120,,2024-07-25T00:16:55+00:00,0,0,,"Saving the Sovereignty of the people by exposing the fictional world we live in. None of this is legal advice, educational information only. We are not lawyers if you seek legal advice, you must get a lawyer.",200,2026-10-06T10:02:53+00:00
sayeregengmi,alive,channel,GreenMedInfo,27700,,2026-10-05T19:58:19+00:00,19,20,,This is where you get our content without censorship supporting natural health and health freedom!  Join our newsletter:  www.greenmedinfo.com/newsletter  Follow our founder Sayer Ji's work  https://linktr.ee/sayer_ji,200,2026-10-06T10:02:56+00:00
SayNoToLockdown,alive,channel,UK Patriots Against Lockdown,369,,2026-03-10T15:00:47+00:00,0,0,notolockdown,An attempt to unify Patriots against lockdown.  Click this link to join the chat. Trying to grow it   😊   @notolockdown,200,2026-10-06T10:03:00+00:00
SeekingTruthMatters,alive,channel,Seeking Truth Matters,524,,2026-07-15T00:59:45+00:00,0,0,,When the truth is constantly hidden Evil will thrive on lies.,200,2026-10-06T10:03:04+00:00
SEIRPG,alive,channel,🔊   @SEIRPG • Strategic Environmental Initiative Role Playing Game • sei rpg • IPR •••,10,,2024-06-07T19:34:01+00:00,0,0,,Intuitive.pub/game,200,2026-10-06T10:03:08+00:00
sensumcommunem,alive,channel,Sensum Communem,205,,2026-10-04T17:22:48+00:00,1,15,,A place for common sense.,200,2026-10-06T10:03:12+00:00
Sent_inel,alive,channel,𝒔𝒆𝒏𝒕𝒊𝒏𝒆𝒍,2,,2024-12-12T03:12:43+00:00,0,0,,,200,2026-10-06T10:03:17+00:00
septimuskane,empty_page,,,,,,,,,"If you have  Telegram , you can contact  @septimuskane  right away.",200,2026-10-06T10:03:19+00:00
sezblack,alive,channel,What's Happening,151,,2025-02-12T21:29:43+00:00,0,0,,Sharing bits of peices of interesting things that are posted in a variety of groups.,200,2026-10-06T10:03:24+00:00
shantih_ma,alive,channel,Shantih Ma,66,,2023-09-26T15:32:24+00:00,0,0,,Peaceful expansion and conscious connection   🔮    🧿    📿,200,2026-10-06T10:03:28+00:00
sheeplebashers,alive,channel,Sheeple Bashers,3200,,2026-10-05T22:20:46+00:00,14,20,,"A bit of light hearted escapism in a dark and disturbing world. Thanks for passing by!   🙏   Please note, we won't contact you directly - if this happens, it's an imposter pretending to be us!",200,2026-10-06T10:03:32+00:00
SHEEPLENEWS,empty_page,,,,,,,,,"If you have  Telegram , you can contact  @SHEEPLENEWS  right away.",200,2026-10-06T10:03:35+00:00
showusthevirus,alive,channel,CounterAct MPC Channel,3,,2021-07-02T12:03:46+00:00,0,0,,"CounterAct MPC is a Voluntary Association whose mission is to create awareness for the unfolding totalitarian and depopulation agenda, to resist this onslaught to destroy humanity and to build alternative systems which will render the diabolical globalist",200,2026-10-06T10:03:40+00:00
SHTFFarmer,alive,channel,The SHTF Farmer - Curtis Stone,5150,,2026-09-01T16:26:09+00:00,0,0,,"Welcome to SHTF (Shit Hits The Fan) Farmer. This is a place where I share ideas, news worthy items, content, and things that I am thinking.",200,2026-10-06T10:03:43+00:00
sideeffectsofcovid,alive,channel,Covid / Natural Remedies / Unjabbed,2370,,2026-10-04T08:19:17+00:00,20,20,covidsideeffect,"Hello   😊   This Channel We Talk / Share Anything And Everything About Covid , Natural Remedies , Not Being Jabbed !!! Join The Chat Room   ➡️    ➡️    ➡️    https://t.me/covidsideeffect",200,2026-10-06T10:03:47+00:00
silencebegins,alive,channel,Silent Beginnings,104,,2023-05-25T09:21:26+00:00,0,0,,Silence & Stealth HQ Film/Video/Info Archives Any Suggestions PM me. Share All Freely,200,2026-10-06T10:03:51+00:00
Simulation9,alive,channel,Torrez,13,,2026-05-20T18:14:18+00:00,0,0,,Geopoliticks with a humanitarian focus. Humor in response to provocateurs and tyrants.,200,2026-10-06T10:03:54+00:00
singaporefreedom,alive,channel,🇸🇬   Singapore Freedom,212,,2026-03-25T04:33:22+00:00,0,0,singapurafreedomchat,Welcome to Singapore Freedom Channel  Group chat:  https://t.me/singapurafreedomchat   This Group is for all freedom lovers to share and spread the truth.   👊    We support all parallel groups and efforts to this cause.,200,2026-10-06T10:03:58+00:00
situationreport,alive,group,Situation Report,,2,,,,,,200,2026-10-06T10:04:01+00:00
solarireport,alive,channel,The Solari Report,15300,,2026-10-02T18:52:27+00:00,18,20,,Actionable Intelligence for a Free & Inspired Life by Catherine Austin Fitts.   #CAF,200,2026-10-06T10:04:04+00:00
SolarPunk,alive,channel,SolarPunk,5350,,2026-10-06T08:45:35+00:00,3,9,SolarPunk,"Posting solarpunk culture, technology, news, and ideals. For a utopian, regenerative, luxurious, and anarchist future!  Suggestions, inquiries and questions over at Meta SolarPunk  Vector of the flag  https://t.me/SolarPunk/1524",200,2026-10-06T10:04:10+00:00
SoldiersVoice,alive,channel,📢   קול החיילים,25,,2025-05-21T12:21:43+00:00,0,0,,ברוכים הבאים לערוץ חיילי המילואים ישראל!  כאן תמצאו את החדשות והעדכונים הכי עדכניים בתחום החיילים ושירות המילואים. הצטרפו אלינו!   #מילואים,200,2026-10-06T10:04:13+00:00
SolutionWatch,alive,channel_no_preview,Solution Watch 📚 Empower Yourself ⭐⭐⭐ Resistance = Power. *Ideas *Inspirations,1020,,,,,,Knowledge IS Power👊 Empower Yourself✨ Read + Research 📚  Want information/knowledge related to a certain subject?   Type keywords in the groups search bar by clicking the top right 3 dots on the groups main page ✍️  Plus check through the pinned post📚,200,2026-10-06T10:04:18+00:00
SophiesOpinion,alive,channel,.｡.:*♡ 𝑆𝑜𝑝ℎ𝑖𝑒 𝑃𝑎𝑡𝑟𝑖𝑐𝑖𝑎-𝐷𝑎𝑣𝑖𝑠 ♡*:.｡.,1350,,2026-10-05T10:18:36+00:00,11,20,,I'm just a mum of two beautiful girl's and marred to a grumpy git. But he's MY grumpy git    🥰    💋   To everyone following me - Thank you,200,2026-10-06T10:04:21+00:00
soulrising1,empty_page,,,,,,,,,"If you have  Telegram , you can contact  @soulrising1  right away.",200,2026-10-06T10:04:25+00:00
sovereignsoulcollective,alive,channel,Dawn Kelly Unincorporated,3100,,2026-10-06T08:36:04+00:00,20,20,,Sharing [in]formation to transcend [de]ception.  www.dawnkelly.com.au,200,2026-10-06T10:04:28+00:00
SpaceMonkeyHQ,alive,channel,Space Monkee,26,,2026-10-06T06:33:18+00:00,20,20,,Sic Semper Tyrannis                                            English please No unlawful discussions No incitement to violence No Pro Communism                                           No porn. No gore. No Nazi or Hitler  No spam. Be polite.  No Glowies,200,2026-10-06T10:04:32+00:00
SPATIALENERGY,empty_page,,,,,,,,,"If you have  Telegram , you can contact  @SPATIALENERGY  right away.",200,2026-10-06T10:04:37+00:00
spiritofliberty,alive,channel,Spirit of Liberty,1820,,2023-01-08T19:12:14+00:00,0,0,,,200,2026-10-06T10:04:41+00:00
SpringRaynePaone,alive,channel,Spring Rayne* (Official),55,,2025-03-25T15:43:50+00:00,0,0,,"Mind-Body-Soul Holistic Health Coach, Nutrition Intuitive & Healer. Very proud owner of Starseed Holistic School!  I am here to help others heal naturally from serious health conditions, but my PASSION is to help  #Savethekids",200,2026-10-06T10:04:44+00:00
SSDSNB,empty_page,,,,,,,,,"If you have  Telegram , you can contact  @SSDSNB  right away.",200,2026-10-06T10:04:47+00:00
stand4thee,alive,channel,Stand4THEE,1390,,2026-10-04T17:33:40+00:00,7,17,,"CANADIAN ALLIANCE EMPOWERED WITH ACTION. DISCLAIMER: All content on this site is for general information only, and should not be construed as legal advice.",200,2026-10-06T10:04:50+00:00
standup911,empty_page,,,,,,,,,"If you have  Telegram , you can view posts by  @standup911  right away.",200,2026-10-06T10:04:53+00:00
standupsacramentocounty,alive,channel,Stand Up Sacramento County Official,571,,2026-10-02T22:05:04+00:00,8,8,,"This is the Official action group: to help call in to the offices and meetings of our elected officials, to email, and at times to physically show up.",200,2026-10-06T10:04:56+00:00
StayFreeTV,alive,channel_no_preview,Stay Free TV,4593,,,,,,,200,2026-10-06T10:04:59+00:00
stephenchavura,alive,channel,Stephen Chavura,1500,,2026-09-14T08:02:30+00:00,0,1,,Political and social commentary,200,2026-10-06T10:05:02+00:00
SteveB_Research_Updates,alive,channel,SteveB Research Updates,174,,2026-10-06T09:12:22+00:00,20,20,,,200,2026-10-06T10:05:05+00:00
stevegamble,alive,channel,Steve Gamble - The Search For Truth,566,,2026-10-06T03:41:26+00:00,13,13,,"In this corrupt world, finding truth is harder than ever. Author of over 120 Articles exposing exactly how the world is controlled, by whom, what & why.",200,2026-10-06T10:05:10+00:00
SteveHofmeyrEnVolkOndersteuning,alive,channel,Steve Hofmeyr en Volk Ondersteunings Forum - ToekomsVonk #NwoVaccineFreePurebloods,261,,2023-08-14T04:37:44+00:00,0,0,SteveHofmeyrEnVolkOndersteuning,Steve Hofmeyr En Volk Ondersteunings Telegram Forum  http://stevehofmeyr.co.za/   https://t.me/SteveHofmeyrEnVolkOndersteuning   https://www.facebook.com/Steve.Hofmeyr/   https://www.facebook.com/SteveHofmeyrOndersteuningsSupportForumSA/,200,2026-10-06T10:05:15+00:00
STFNREPORT,empty_page,,,,,,,,,"If you have  Telegram , you can contact  @STFNREPORT  right away.",200,2026-10-06T10:05:19+00:00
stierlinks,alive,channel,S-Tier Link Aggregation,80,,2026-10-05T02:30:55+00:00,1,4,,Most Interesting Collection From Diverse Sources,200,2026-10-06T10:05:27+00:00
stop5gbarcelona,empty_page,,,,,,,,,"If you have  Telegram , you can contact  @stop5gbarcelona  right away.",200,2026-10-06T10:05:31+00:00
stopcommonpass,empty_page,,,,,,,,,"If you have  Telegram , you can contact  @stopcommonpass  right away.",200,2026-10-06T10:05:35+00:00
StopTheLockdown_ResistTheVaccine,empty_page,,,,,,,,,"If you have  Telegram , you can contact  @StopTheLockdown_ResistTheVaccine  right away.",200,2026-10-06T10:05:41+00:00
stopthemadnessworldwide,alive,channel,STOPtheMADNESS,275,,2026-09-25T03:43:07+00:00,0,3,,,200,2026-10-06T10:05:46+00:00
stopworldcontrol1,alive,channel_no_preview,StopWorldControl,1347,,,,,,,200,2026-10-06T10:05:52+00:00
StormCloudsGathering,alive,channel,StormCloudsGathering,8560,,2024-01-11T15:01:24+00:00,0,0,,,200,2026-10-06T10:05:55+00:00
StreetMD,alive,channel,StreetMD,9710,,2026-02-20T23:12:17+00:00,0,0,,Wisdom from a Street Perspective,200,2026-10-06T10:05:59+00:00
structuredmetabolix,empty_page,,,,,,,,,"If you have  Telegram , you can contact  @structuredmetabolix  right away.",200,2026-10-06T10:06:02+00:00
sucharitbhakdi_fanclub,empty_page,,,,,,,,,"If you have  Telegram , you can contact  @sucharitbhakdi_fanclub  right away.",200,2026-10-06T10:06:05+00:00
Sunshine_Coast_Awakened_Aussies,alive,channel,Sunshine Coast Awakened Aussies  👍,128,,2023-01-01T20:38:26+00:00,0,0,,,200,2026-10-06T10:06:08+00:00
SUNTEES,empty_page,,,,,,,,,"If you have  Telegram , you can contact  @SUNTEES  right away.",200,2026-10-06T10:06:11+00:00
superconspiracythursday,empty_page,,,,,,,,,"If you have  Telegram , you can contact  @superconspiracythursday  right away.",200,2026-10-06T10:06:13+00:00
SurvivalScott,alive,channel,ScottSurvival,17,,2026-06-03T02:50:39+00:00,0,0,,This is the channel where I discuss survival topics.,200,2026-10-06T10:06:16+00:00
svenspulpit,empty_page,,,,,,,,,"If you have  Telegram , you can contact  @svenspulpit  right away.",200,2026-10-06T10:06:18+00:00
swfreedomcommunitychannel,alive,channel,SW Freedom Community Channel,257,,2025-08-26T13:12:49+00:00,0,0,,,200,2026-10-06T10:06:20+00:00
swordoftruth1,alive,channel_no_preview,Sword of Truth,81,,,,,remnantarmychat,"Be open to: Learn, Unlearn and Relearn.   @remnantarmychat",200,2026-10-06T10:06:23+00:00
SydneyFreedomFighters,empty_page,,,,,,,,,"If you have  Telegram , you can contact  @SydneyFreedomFighters  right away.",200,2026-10-06T10:06:25+00:00
syntheticspeculation,alive,channel,Synthetic Speculation,1370,,2026-10-05T15:37:26+00:00,5,10,,"𝙽𝙾𝙽-𝙷𝚄𝙼𝙰𝙽 𝙷𝚄𝙼𝙰𝙽𝙾𝙸𝙳 𝙰𝙻𝙴𝚁𝚃  Exploring the evidence for Artificial Humans aka Androids, Robotoids, Clones, Organic Portals etc, Also MKULTRA Victims, 'Reptillians', Demonic Possession.",200,2026-10-06T10:06:28+00:00
takeactioncanada,alive,channel,Take Action Canada,2990,,2025-03-20T01:29:25+00:00,0,0,,"Take Action Canada is comprised of a group of Canadians concerned with the legal, economic and bodily infringements that we have experienced since the beginning of March 2020.  🇨🇦    https://takeactioncanada.ca/",200,2026-10-06T10:06:30+00:00
talialikeitis,alive,channel,Talia Likeitis,2770,,2025-02-13T22:33:38+00:00,0,0,,,200,2026-10-06T10:06:33+00:00
taniatheherbalist,alive,channel,Tania The Herbalist  🌱,3530,,2024-12-02T16:52:31+00:00,0,0,,Spreading truth & holistic health  🌿,200,2026-10-06T10:06:35+00:00
TAPgoldcoast,alive,channel,TAP Gold Coast,358,,2026-08-20T09:28:01+00:00,0,0,,Welcome to TAP Gold Coast. We are here to build our community.,200,2026-10-06T10:06:37+00:00
TAPSouthBrisbane,empty_page,,,,,,,,,"If you have  Telegram , you can contact  @TAPSouthBrisbane  right away.",200,2026-10-06T10:06:41+00:00
TAPWesternSydney,alive,channel,TAP Western Sydney Suburbs,288,,2025-08-17T04:48:28+00:00,0,0,,"The Australia Project, for Western Sydney Cohesive Communities.   Join the Con Flu Fight. Everybody is Conflu Fighting.",200,2026-10-06T10:06:43+00:00
Targeted_Individuals,alive,channel,Targeted Individuals,748,,2026-10-06T02:49:32+00:00,18,18,,Targeted Individuals Channel on Telegram.,200,2026-10-06T10:06:46+00:00
TargetedIndividualsSupport,alive,channel_no_preview,#Targeted Individuals Support Group,175,,,,,,"Information, support and understanding",200,2026-10-06T10:06:48+00:00
tatertotters,alive,channel,Tater Totters,5,,2026-10-01T05:02:50+00:00,1,1,,"When the frozen potatoes are gone at the super market, that shows that there is a supply chain disruption. Flowers, Herbs, Fruits, & Spices deCODED",200,2026-10-06T10:06:50+00:00
tdpshow,alive,channel,The Powerful Drayk Channel,151,,2023-01-05T03:20:49+00:00,0,0,,If you like being red pilled   💊   or sharing my viral videos because you want more people to learn about freedom then this is the home for you.,200,2026-10-06T10:06:53+00:00
tearingcovid19apart,alive,channel,OLD - Channel -,7,,2026-04-03T07:53:05+00:00,0,0,,"The Truth About Covid19, Pandemic, Viruses, Bacteria + Parasites Fear Mongering",200,2026-10-06T10:06:55+00:00
technocracyNWO,alive,channel_no_preview,technocracy NWO™,1064,,,,,,Our crypto wallet 3H8Argss6syus8KL2Xkjan7ufjySzMHz1k,200,2026-10-06T10:06:58+00:00
technocraticdystopia,alive,channel_no_preview,Technocracy 2.0.,1472,,,,,technocracyNWO,This is the continuation of  @technocracyNWO,200,2026-10-06T10:07:01+00:00
TeddyWestCountry,empty_page,,,,,,,,,"If you have  Telegram , you can contact  @TeddyWestCountry  right away.",200,2026-10-06T10:07:04+00:00
terraintheorychat,alive,channel,Terrain Theory,2790,,2026-06-21T06:34:08+00:00,0,0,,Discussing and understanding terrain theory and how the body truly works   🙌,200,2026-10-06T10:07:06+00:00
terramysterious,empty_page,,,,,,,,,"If you have  Telegram , you can contact  @terramysterious  right away.",200,2026-10-06T10:07:10+00:00
teupoterd,empty_page,,,,,,,,,"If you have  Telegram , you can contact  @teupoterd  right away.",200,2026-10-06T10:07:13+00:00
TFC_8,alive,channel,The Fireshine Chronicles,77,,2026-10-04T20:03:26+00:00,10,20,,"Exposing the inversions of truth and reason in the Technetronic Era.  Real journalism, real science, inconvenient facts.    Philosophy, Comparative Mythology, Metapolitics, Science, Ecology,  Economics.",200,2026-10-06T10:07:16+00:00
TGRINFOCHANNEL,alive,channel,TGR INFO CHANNEL,1920,,2026-10-03T11:42:15+00:00,1,11,,We wholeheartedly oppose the current government restrictions and views them as an affront to our basic rights and civil liberties. We cannot stand for this,200,2026-10-06T10:07:18+00:00
thawiseman,alive,channel,The Wiseman,137,,2026-09-30T10:12:34+00:00,1,2,,Nothin' but the facts ma'am,200,2026-10-06T10:07:21+00:00
The_Great_Awakening_Big_Picture,alive,channel_no_preview,TGA [The Big Picture],52,,,,,The_Great_Awakening,The Big Picture Resource channel of:  @The_Great_Awakening,200,2026-10-06T10:07:23+00:00
The_Great_Awakening_Health,alive,channel_no_preview,TGA [Health],33,,,,,The_Great_Awakening,Health Resource channel of:  @The_Great_Awakening,200,2026-10-06T10:07:26+00:00
The_Great_Awakening_Plandemic,alive,channel,TGA [Plandemic],34,,2020-11-27T00:14:03+00:00,0,0,The_Great_Awakening,Plandemic Resource channel of:  @The_Great_Awakening,200,2026-10-06T10:07:28+00:00
The_Great_Awakening_Videos,alive,channel_no_preview,TGA [Videos],52,,,,,The_Great_Awakening,Videos Resource channel of:  @The_Great_Awakening,200,2026-10-06T10:07:30+00:00
the_jackals_mark,alive,channel,"The Jackal's ""MARK""",59,,2026-08-07T01:45:00+00:00,0,0,the_jackals_mark,"Just Another ""Person Of Interest"".   THIS is a place where YOU can find LOTS of INFO that MSM and the CENSORING ""Social Media"" sites DON'T want YOU to SEE! PLEASE SHARE and...  - ""Tell Them...      🖕    🤨    🖕    #NoMore  !""    https://t.me/the_jackals_mark/4579",200,2026-10-06T10:07:33+00:00
The_Knowledge_Channel,alive,channel,Knowledge Channel,4670,,2023-05-17T22:10:47+00:00,0,0,,Useful videos of knowledge,200,2026-10-06T10:07:36+00:00
The_Real_Gaz_Mabs_News,alive,channel,The Real Gaz Mabs - News Updates   😃,126,,2026-09-30T13:29:41+00:00,4,13,,Click; Get My   ⬇️  Free  Biohacking eBook  ⬇️    https://tinyurl.com/Free-Health-eBooks-Repository,200,2026-10-06T10:07:38+00:00
The_Revolution_Wont_Be_Televised,alive,channel,REVOLUTION WONT BE TELEVISED channel,2730,,2026-10-06T00:17:42+00:00,11,20,,,200,2026-10-06T10:07:40+00:00
The_UK_Channel,alive,channel,United Kingdom   🇬🇧   Channel,2190,,2026-10-06T10:05:24+00:00,20,20,UK_Channel_Chat,"Everything  #UnitedKingdom  UK News, Entertainment & Culture  #UK   #Britain   #Scotland   #wales   #northernireland   #England   #Britain   #Greatbritain    🇬🇧    Telegram Chat Group :  https://t.me/UK_Channel_Chat   Website :  http://www.uk.pcn-channel.com",200,2026-10-06T10:07:43+00:00
the_woodlander,alive,channel,The Woodlander,3630,,2026-10-05T09:05:11+00:00,4,19,,Off grid dissident,200,2026-10-06T10:07:45+00:00
theascendantcitizen,alive,channel,Citizen Ascendant,215,,2026-08-22T02:26:38+00:00,0,0,,The Suppressed News And Information You Need To Know To Ascend,200,2026-10-06T10:07:48+00:00
TheAustraliaProject,alive,channel,The Australia Project,19000,,2026-10-05T01:26:20+00:00,3,20,,The Watchmen are here and We See You.  https://theaustraliaproject.org,200,2026-10-06T10:07:50+00:00
thebaseddepartment,empty_page,,,,,,,,,"If you have  Telegram , you can view posts by  @thebaseddepartment  right away.",200,2026-10-06T10:07:52+00:00
TheBrainusers,alive,channel_no_preview,Brainusers,58,,,,,,This Channel is created for those who think on their own. We strongly recommend our members to verify every information posted.,200,2026-10-06T10:07:55+00:00
thec19thruth,alive,channel,The truth,161,,2023-02-27T02:26:36+00:00,0,0,,A place to share videos & files about the truth & injuries with c19 & vax,200,2026-10-06T10:07:57+00:00
TheClownWorld,alive,channel,The Amazing Clown World,887,,2026-09-24T09:13:44+00:00,0,1,,"Freedom fighters.  Truth, only truth and nothing but the truth!!",200,2026-10-06T10:08:01+00:00
thecollectivevoice,alive,channel_no_preview,The Collective Voice,32,,,,,,Together we are the collective voice -  Truth Seekers -Aware Awake &!Inspired.  Determined to expose evil and support the open door to our free World. #WWG1WGA,200,2026-10-06T10:08:05+00:00
theconsciousresistance,alive,channel,The Conscious Resistance,6140,,2026-10-06T01:02:12+00:00,20,20,,"An independent media organization focused on empowering individuals through education, philosophy, health, and community organizing. We work to create a world where corporate and state power does not rule over the lives of free human beings.",200,2026-10-06T10:08:08+00:00
TheConspiracyHole,alive,channel,The Conspiracy Hole,105000,,2026-10-06T00:28:15+00:00,18,18,ConspiracyHoleIndex WeaponizeConspiracy,Chat:  @WeaponizeConspiracy  Index:  @ConspiracyHoleIndex,200,2026-10-06T10:08:11+00:00
TheConspiracyHole2,alive,channel_no_preview,The Conspiracy Hole /BU/,210,,,,,,Backup Channel for The Conspiracy Hole,200,2026-10-06T10:08:13+00:00
TheConspiracyHub,alive,channel,The ConspiracyHub,2270,,2026-09-28T10:20:49+00:00,0,20,,,200,2026-10-06T10:08:15+00:00
thecontrarian1,alive,user_or_bot,Big Ser CommunityFren,,,,,,,,200,2026-10-06T10:08:18+00:00
thecoronacuretg,alive,channel,Seb / The Corona Cure,533,,2024-10-27T02:16:10+00:00,0,0,,Let's talk about solutions,200,2026-10-06T10:08:20+00:00
thecrowhouseoffical,alive,channel,The Crowhouse,29400,,2026-10-01T05:45:45+00:00,1,7,TheCrowhousechat,Official Posts and updates from Max Igan  The Crowhouse Discussion Group   https://t.me/TheCrowhousechat,200,2026-10-06T10:08:22+00:00
thedannyroscoeshow,empty_page,,,,,,,,,"If you have  Telegram , you can contact  @thedannyroscoeshow  right away.",200,2026-10-06T10:08:25+00:00
thedarksideoftruthh,alive,channel,The Dark Side of Truth,3890,,2025-12-21T06:48:48+00:00,0,0,,Exposing truths and dark secrets   🙏   Check us on other platforms  👇🏻    https://campsite.bio/thedarksideoftruth  Group Chat:  https://t.me/+syAxkf4XMCNiY2Rk,200,2026-10-06T10:08:27+00:00
thedazeofnoway,alive,channel,The Daze of No Way,94,,2024-07-22T20:18:14+00:00,0,0,,Purely satirical of course,200,2026-10-06T10:08:30+00:00
TheDocofDetox,alive,channel,Doc of Detox,5060,,2023-02-27T18:04:53+00:00,0,0,,"Dr. Darrell Wolfe has 35 years experience as a natural health practitioner, his reputation as a medical intuitive has earned him the moniker: the ‘Doc of Detox’.",200,2026-10-06T10:08:33+00:00
TheDragonAlliance,alive,channel_no_preview,The Dragon Alliance,164,,,,,,Together We Rise,200,2026-10-06T10:08:35+00:00
theDTrain,alive,channel,theDTrain,64,,2024-01-03T13:36:21+00:00,0,0,,Independent researcher and content creator  https://www.bitchute.com/channel/thedtrain/   https://odysee.com/@TheDTrain:a    https://rumble.com/user/theRealDTrain    https://www.brighteon.com/channels/thedtrain72    https://gab.com/thedtrain72,200,2026-10-06T10:08:37+00:00
TheEdgelordInvestor,alive,channel_no_preview,The Edgelord Investor,1453,,,,,,Adventures in late stage capitalist excesses and musings on the dark age to come.   XMR (Monero) donations gratefully accepted:  45keFrBKqGf918c3qGcyduN9Y4yLXVTJ4KgP7td6ed3dCr5AGDKVyBm6RxMM2PorpWZAQadBB4jqfHPtL4MEZFKh1LNvdw2,200,2026-10-06T10:08:40+00:00
THEEVENT211220,alive,channel,The EVENT channel,11,,2022-08-01T19:47:09+00:00,0,0,,Discussion group,200,2026-10-06T10:08:42+00:00
theEvent777,alive,channel,艾沛克心靈世界Final銀河戰爭練功房,66,,2026-10-01T04:17:57+00:00,6,18,ipaackceo setlanguage,艾沛克心靈世界Final銀河戰爭練功房 by  @ipaackceo   靈性成長 幸福療癒 嶄新世界誕生中 圍繞COBRA 星球解放（全球戒嚴大逮捕將至） 掌握局勢情報 與時俱進 拆解隔離星球矩陣 傳遞真相使人覺醒自由於楚門世界  More:  https://IPAACK.blogspot.com   點複製這裡到對話框貼上 再點連結把電報設置為中文：  https://t.me/setlanguage/taiwan,200,2026-10-06T10:08:45+00:00
thefive8take,alive,channel,thefive8take,14,,2024-12-16T19:47:41+00:00,0,0,,,200,2026-10-06T10:08:47+00:00
TheGrandCognitiveMinimum,empty_page,,,,,,,,,"If you have  Telegram , you can contact  @TheGrandCognitiveMinimum  right away.",200,2026-10-06T10:08:49+00:00
thegreaterreset,alive,channel,The People's Reset Activation,18300,,2026-09-23T18:18:08+00:00,0,2,,"The People's Reset is a movement focused on building a world based on mutual aid, individual liberty, and bodily autonomy.   Every January, we host The People's Reset Activation in Morelia, Mexico, an in-person solutions-focused gathering.",200,2026-10-06T10:08:52+00:00
TheGreatResetEXPOSED,empty_page,,,,,,,,,"If you have  Telegram , you can contact  @TheGreatResetEXPOSED  right away.",200,2026-10-06T10:08:54+00:00
TheGreatResetTimes,alive,channel_no_preview,The Great Reset Times,14400,,,,,,"Channel of THE PEOPLE, by THE PEOPLE, and for THE PEOPLE.  Our goal is planting the seeds of the critical thinking.  Do your own RESEARCH Make your own OPINION Knowledge is POWER Power is FREEDOM  We are not a THEMED CHANNEL We are TRUTH SEEKERS",200,2026-10-06T10:08:57+00:00
TheHealthForumNZch,alive,channel,The Health Forum NZ (New Channel),3970,,2025-04-29T08:25:57+00:00,0,0,,Covid Vaccination and Informed Consent and news in New Zealand,200,2026-10-06T10:08:59+00:00
TheHighWire,alive,channel,TheHighWire with Del Bigtree,8500,,2026-10-06T00:37:41+00:00,20,20,,"Unofficial channel of  https://thehighwire.com , the fastest growing program in the Natural Health arena, and his non-profit,  ICANdecide.org , leading worldwide investigations into drug and vaccine fraud that have already resulted in many winning lawsuits.",200,2026-10-06T10:09:01+00:00
TheHippyWarrior,alive,channel,We are Free,1,,2024-11-24T17:41:22+00:00,0,0,,"Dance and music, advice and knowledge, healing and revealing. One love to humans, animals, and nature.",200,2026-10-06T10:09:04+00:00
TheHouseofCBRN,empty_page,,,,,,,,,"If you have  Telegram , you can contact  @TheHouseofCBRN  right away.",200,2026-10-06T10:09:06+00:00
TheIntuitiveInvisible,alive,channel_no_preview,🔊 @TheIntuitiveInvisible • An IPR Zine • The Intuitive Invisible • Gut Media • IPR •••,6,,,,,,A Zine from Intuitive Public Radio. Servicio de Información.  #InvisiblesEverywhere. #HumanRights #DDHH,200,2026-10-06T10:09:09+00:00
TheIrishInquiry,alive,channel,The Irish Inquiry,3610,,2026-05-29T09:14:14+00:00,0,0,,,200,2026-10-06T10:09:12+00:00
theirishsentinel,empty_page,,,,,,,,,"If you have  Telegram , you can contact  @theirishsentinel  right away.",200,2026-10-06T10:09:14+00:00
TheKovidKollection,empty_page,,,,,,,,,"If you have  Telegram , you can contact  @TheKovidKollection  right away.",200,2026-10-06T10:09:16+00:00
TheLightTruthPaper,alive,channel,The Light Paper,15600,,2026-10-05T17:35:15+00:00,4,14,TheLightPaperDistribution,"We are a monthly, independently-distributed free UK Truthpaper. Get copies at  www.thelightpaper.co.uk . Views expressed in this channel do not necessarily reflect the official Light Paper's.  Also join our chat group  @TheLightPaperDistribution",200,2026-10-06T10:09:19+00:00
thelionsroar1,alive,channel,The Lion's Roar,2850,,2025-08-10T13:32:12+00:00,0,0,,•Facebook   https://m.facebook.com/thelionsroar8/  •Instagram  https://www.instagram.com/the_lions_roar_/  •Twitter thelionsroar1,200,2026-10-06T10:09:21+00:00
themalchemist,alive,channel,Awakened Living,1800,,2026-10-04T15:12:43+00:00,5,20,,,200,2026-10-06T10:09:24+00:00
TheMatrixAnalyst,alive,channel,𝚃𝚑𝚎 𝙼𝚊𝚝𝚛𝚒𝚡 𝙰𝚗𝚊𝚕𝚢𝚜𝚝,1390,,2022-07-15T23:59:52+00:00,0,0,TheMatrixAnalyst,IG: @TheMatrixAnalyst  𝐈𝐦𝐩𝐨𝐫𝐭𝐚𝐧𝐭 𝐋𝐢𝐧𝐤𝐬:  https://beacons.page/thematrixanalyst  𝐏𝐮𝐛𝐥𝐢𝐬𝐡𝐞𝐝 𝐀𝐮𝐭𝐡𝗼𝐫|𝐖𝐫𝐢𝐭𝐞𝐫  𝐎𝐛𝐬𝐞𝐫𝐯𝐢𝐧𝐠 𝐭𝐡𝐞 𝕄𝕒𝕥𝕣𝕚𝕩 & 𝐭𝐡𝐞 𝕌𝕟𝕤𝕖𝕖𝕟 𝐈𝐥𝐥𝐮𝐬𝐢𝐨𝐧𝐬 𝐃𝐢𝐬𝐬𝐨𝐥𝐯𝐞𝐝 𝐌𝐢𝐧𝐝|𝐒𝐨𝐮𝐥|𝐁𝐨𝐝𝐲: 𝐇𝐞𝐚𝐥𝐢𝐧𝐠 & 𝐖𝐞𝐥𝐥𝐧𝐞𝐬𝐬 𝐂𝐫𝐞𝐚𝐭𝐢𝐧𝐠 𝐈𝐧 𝐀 𝐒𝐨𝐯𝐞𝐫𝐞𝐢𝐠𝐧 𝐏𝐚𝐫𝐚𝐝𝐢𝐠𝗺 𝐓𝐫𝐮𝐭𝐡•𝐅𝐫𝐞𝐞𝐝𝐨𝐦•𝐂𝗼𝐧𝐬𝐜𝐢𝗼𝐮𝐬𝐧𝐞𝐬𝐬,200,2026-10-06T10:09:26+00:00
themotherofnations,empty_page,,,,,,,,,"If you have  Telegram , you can contact  @themotherofnations  right away.",200,2026-10-06T10:09:28+00:00
thenickholtpodcast,alive,channel_no_preview,Nick Holt,600,,,,,,www.themodernconservative.com,200,2026-10-06T10:09:31+00:00
thepeoplesaveaustralia,alive,channel,THE PEOPLE SAVE AUSTRALIA,2,,2023-06-26T12:10:18+00:00,0,0,,,200,2026-10-06T10:09:33+00:00
thepeopleslawyerchannel,alive,channel,The People's Lawyer (TPL),7280,,2026-10-05T15:08:03+00:00,20,20,,"Freedom-friendly Information that will empower, educate and entertain plus give key TPL events updates",200,2026-10-06T10:09:35+00:00
ThePeoplesTruthTiaSeverino,alive,channel_no_preview,The PEOPLE'S TRUTH with TIA SEVERINO,97,,,,,,Communication center for Tia Severino in the event of a social media purge. I'll post important messages here.,200,2026-10-06T10:09:38+00:00
thepholosopherchannel,alive,channel_no_preview,The Pholosopher 💛🖤🕊🌺,149,,,,,,Lover of wisdom & bowls of Phở 🍜 See my work over at thepholosopher.com,200,2026-10-06T10:09:40+00:00
ThePlandemic,alive,channel,The Plandemic,81,,2023-08-19T13:27:24+00:00,0,0,,"Information regarding COVID 19, Coronavirus, Testing, Vaccines, Your Rights  #Plandemic   #Scamdemic   #Agenda21   #Pandemic   #ID2020   #Covid19   #Coronavirus   #Lockdownlies   #Freedom   #Awake   #NoMasks   #Vaccine   #Tyranny    #Nazism   #Fascism   #Lockdown2uk   #Lockdown2",200,2026-10-06T10:09:42+00:00
thepulseone,alive,channel,The Pulse,13600,,2026-05-06T22:15:53+00:00,0,0,,"The Pulse introduces you to emerging ideas on consciousness, current events, science, solutions & more – birthing a new planetary consciousness. Explore how our current paradigms shape our society.",200,2026-10-06T10:09:45+00:00
therawtap,alive,channel,The Raw Tap,183,,2022-10-31T03:24:36+00:00,0,0,,"https://linktr.ee/Goddessofsmarts   Hair stylist/ salon owner.  Certified Holistic Nutritionist through UEXL. Modern Mystery School 2nd step initiate in the lineage of King Salomon, Ritual Master, Life Acti",200,2026-10-06T10:09:48+00:00
TherealMirrorProject,alive,channel,The Mirror Project,246,,2022-07-08T00:17:46+00:00,0,0,,"The Mirror Project is a place to collect and present evidence, organise, and educate others.",200,2026-10-06T10:09:50+00:00
THERESEARCHROOM,alive,channel,The Research Room,2,,2026-03-24T22:24:33+00:00,0,0,,Grey market research peptide source. Ask to join my discord. Serious inquiries only!,200,2026-10-06T10:09:52+00:00
theresistanceengland,empty_page,,,,,,,,,"If you have  Telegram , you can contact  @theresistanceengland  right away.",200,2026-10-06T10:09:55+00:00
theriotimes,alive,channel,The Rio Times,13500,,2026-10-05T23:21:08+00:00,20,20,,"Latin America's Voice from Rio de Janeiro   We are connecting readers worldwide to the landscapes of Brazil, LatAm, and the Global South.",200,2026-10-06T10:09:57+00:00
thespreadeagle,alive,channel,𝗥𝗔𝗚𝗘 𝗔𝗚𝗔𝗜𝗡𝗦𝗧 𝗧𝗛𝗘 𝗩𝗔𝗖𝗖𝗜𝗡𝗘,10600,,2026-08-07T21:53:46+00:00,0,0,,𝗿𝗲𝘀𝗶𝘀𝘁𝗮𝗻𝗰𝗲 𝗶𝘀 𝗽𝗮𝘁𝗿𝗶𝗼𝘁𝗶𝗰,200,2026-10-06T10:10:00+00:00
thetransparencyreport,alive,channel,The Transparency Report,1020,,2024-03-11T20:38:28+00:00,0,0,,"Gaza statistics 2.2 million Residents  Approx 50% of inhabitants were Children Over 800,000 Children live in Gaza   #counterpropaganda   #astroturfmovements   #zionismisterrorism   #rallythepolicestate   #domesticteroristthreats   #intelligenceoperations",200,2026-10-06T10:10:02+00:00
TheTruthSeekersChannel,alive,channel,📺   Truth Seekers - Channel,13600,,2026-10-06T04:11:34+00:00,11,11,,"“The truth shall set you free!   JOIN US NOW   Save humanity & Our Children   🙏🏼    🌍    Rumble - TruthSeekersTV    🚨   Live chats are recorded, if you take part you are consenting to being recorded   🙏🏼",200,2026-10-06T10:10:05+00:00
theuniversalantidote,alive,channel,The Universal Antidote Videos,85500,,2026-10-05T20:45:52+00:00,3,8,,"Welcome to my channel. I am not here to cure, treat or diagnose. All the information shared is for education purposes. To help you take back control of your own health.""  This is a repository of chlorine dioxide videos.  Included are documentaries,",200,2026-10-06T10:10:07+00:00
thewakeupproject22,alive,channel,The Wake Up Project,10,,2023-06-25T18:55:14+00:00,0,0,,Have you been awakened to yhe illusion of freedom and outright lies from the legacy media.  We explore the rabbit holes.,200,2026-10-06T10:10:10+00:00
TheWayFwrd,empty_page,,,,,,,,,"If you have  Telegram , you can contact  @TheWayFwrd  right away.",200,2026-10-06T10:10:12+00:00
TheWonderingEnglishman,alive,channel,The Wondering Englishman,1170,,2026-09-28T12:34:16+00:00,0,2,,One wonder at a time,200,2026-10-06T10:10:15+00:00
Theworldhasgonemad,alive,channel,The World Has Gone Mad!!!,837,,2026-09-05T03:31:29+00:00,0,0,,"Evil is upon us... We've woken up to a reality that for decades operated under our noses... Listen to your intuition, tell the truth, honour your values, learn what's in that rabbit hole... it's terrfying... but we must know!!  And we MUST fight the evil!",200,2026-10-06T10:10:17+00:00
thexyztelegram,alive,channel,The XYZ,4720,,2026-10-02T05:26:06+00:00,3,20,,"Australian News, politics and analysis. Whatever the mainstream media don't want you to know.",200,2026-10-06T10:10:20+00:00
theyllive,empty_page,,,,,,,,,"If you have  Telegram , you can contact  @theyllive  right away.",200,2026-10-06T10:10:22+00:00
thingstakenoffyoutube,alive,channel,Things taken off Media,35,,2026-09-21T17:34:20+00:00,0,1,,,200,2026-10-06T10:10:24+00:00
thoughtandaction,alive,channel,Thought and Action,4,,2021-08-29T07:17:52+00:00,0,0,,,200,2026-10-06T10:10:27+00:00
thriveMNC,empty_page,,,,,,,,,"If you have  Telegram , you can contact  @thriveMNC  right away.",200,2026-10-06T10:10:29+00:00
thrivemovie,alive,channel,Free to Thrive (Official),2400,,2026-03-15T04:25:18+00:00,0,0,,Sign up for a free trial:  https://freetothrive.com,200,2026-10-06T10:10:32+00:00
TIFALOCKHARTT,alive,channel,Tifa Lockhart,58,,2022-12-29T13:58:55+00:00,0,0,tifalockhart,Still here for The Great Awakening   💫    🌟    ✨   They banned me from Twatter   🤷🏻‍♀️    (over 2k followers) Was it something I said??   🤨   Gab:  @tifalockhart,200,2026-10-06T10:10:34+00:00
tigerreborn,alive,channel,Tiger Reborn,5160,,2026-09-27T00:30:02+00:00,0,1,,Irish initiative to raise awareness and protect the natural rights of the individual. Formerly on Facebook for over 10 years with 62k+ Followers until cancellation 29/1/21 for drawing attention to death surge of elderly after vaccination in nursing homes.,200,2026-10-06T10:10:37+00:00
TimeStopLoadingNormalLife,alive,channel,TimeStop  🛑  LoadingNormalLife(FreedomGroup),53,,2026-03-06T03:54:34+00:00,0,0,,🇷🇺  Free speech    Life and news of the world that they don’t want you to see.,200,2026-10-06T10:10:39+00:00
TipOfTheMoment,empty_page,,,,,,,,,"If you have  Telegram , you can contact  @TipOfTheMoment  right away.",200,2026-10-06T10:10:42+00:00
TIWWF,alive,channel,𝕋𝕙𝕚𝕤 𝕀𝕤 𝕎𝕙𝕪 𝕎𝕖 𝔽𝕚𝕘𝕙𝕥!,82,,2026-03-28T21:13:22+00:00,0,0,,,200,2026-10-06T10:10:44+00:00
to_awaken_a_normie,alive,channel,To Awaken a Normie,27,,2022-10-01T05:38:58+00:00,0,0,,Cataloging everything found that provides truth to the loved ones who insist on squeezing their eyes shut to everything that cannot be scientifically proven (or at least reported by the MSM). Please share what you used to awaken the Normie in your life.,200,2026-10-06T10:10:47+00:00
TOONARMYRELNEWS,empty_page,,,,,,,,,"If you have  Telegram , you can contact  @TOONARMYRELNEWS  right away.",200,2026-10-06T10:10:49+00:00
traviscarper,alive,channel,Travis Carper,172,,2026-09-03T20:59:54+00:00,0,0,,"Support for the Ascension Process through Holistic Health Coaching, Conscious Media Producing, Non Profit Educational Writing and Speaking! Author of 3 Decrees! Subscribe to my FREE uplifting Ascension Health Newsletter!  https://traviscarper.substack.com",200,2026-10-06T10:10:51+00:00
Triumph_Over_Health,alive,channel,Triumph Over Health,1320,,2026-10-06T01:36:41+00:00,1,1,,Medical Resources That Will Change Your Life,200,2026-10-06T10:10:54+00:00
TruckersForFreedomGlobal,alive,channel,TruckersForFreedom,24100,,2026-09-24T22:24:17+00:00,0,12,FreeEnergyTelegram,Join us on free energy telegram group to cut down the electricity bill and offer true freedom:  https://t.me/FreeEnergyTelegram,200,2026-10-06T10:10:57+00:00
trumpintel,alive,channel,TRUMPINTEL LIVANDU OUR FAMILY,41200,,2026-10-05T19:56:50+00:00,19,20,,WE NEVER SEND PRIVATE MESSAGES!,200,2026-10-06T10:11:00+00:00
truth4health,empty_page,,,,,,,,,"If you have  Telegram , you can contact  @truth4health  right away.",200,2026-10-06T10:11:02+00:00
Truth_Awakening_Channel,alive,channel,𝐓𝐡𝐞 𝐎𝐫𝐝𝐞𝐫 𝐎𝐟 𝐓𝐡𝐞 𝐔𝐧𝐫𝐮𝐥𝐞𝐝,7970,,2026-10-06T09:58:15+00:00,3,4,,The order Of The Unruled/Ascendents is a collective of living souls driven by conscience who believe in our inherent rights.  Rights that supersede all other jurisdictions.  Y A S H U A Wins.  Bho Stoc Math,200,2026-10-06T10:11:05+00:00
truth_is_hidden67,empty_page,,,,,,,,,"If you have  Telegram , you can contact  @truth_is_hidden67  right away.",200,2026-10-06T10:11:07+00:00
truthability,alive,channel,Louise for Truth,53,,2023-09-28T17:10:20+00:00,0,0,,,200,2026-10-06T10:11:10+00:00
truthbtold2,alive,channel,Truth b told,1950,,2026-04-22T17:25:34+00:00,0,0,,,200,2026-10-06T10:11:12+00:00
Truthers_United,alive,channel,TruthersUnite,12,,2022-12-31T20:32:45+00:00,0,0,,Cognitive dissonance is here. Blue is an easier pill to swallow. Complacency will no longer be an option. Choose red.,200,2026-10-06T10:11:15+00:00
TruthGraphs,alive,channel,TruthGraphs,6610,,2026-10-06T09:15:19+00:00,7,16,ChannelCollection,FactsArentRacist  Part of the  @ChannelCollection,200,2026-10-06T10:11:19+00:00
truthhasnoagenda,alive,channel,Truth has no agenda,288,,2024-08-31T10:25:56+00:00,0,0,,"Plenty of common law information....We the people are lied to on a monumental level, the only way to win against the system is to be less reliant on the system. Nobody is coming for you, we live in a consent based realm, I will try and show you   💪🏽",200,2026-10-06T10:11:22+00:00
truthhuntersinc,empty_page,,,,,,,,,"If you have  Telegram , you can contact  @truthhuntersinc  right away.",200,2026-10-06T10:11:25+00:00
truthmedia000,alive,channel,TRUTH MEDIA AUSTRALIA,415,,2025-07-15T15:45:13+00:00,0,0,truthmedia000,Power to the People  Information is Power...https:// t.me/truthmedia000,200,2026-10-06T10:11:28+00:00
truthpills,alive,channel,TRUTH PILLS   💊,17600,,2025-02-11T17:01:53+00:00,0,0,,"WE EXPOSE ALL THE LIES YOU HAVE EVEN BEEN TOLD, IN THE HOPE OF WAKING YOU UP & REALISING YOUR TRUE POWER!",200,2026-10-06T10:11:33+00:00
TruthReport,empty_page,,,,,,,,,"If you have  Telegram , you can contact  @TruthReport  right away.",200,2026-10-06T10:11:36+00:00
truthseeker777,alive,channel_no_preview,Truth Seeker,6,,,,,,,200,2026-10-06T10:11:39+00:00
truthseeker86,alive,channel,TruthSeeker86,972,,2024-01-04T23:37:43+00:00,0,0,truthseeker86,Hi. Welcome To My Channel! Please Make Sure You Read The Pinned Post   😊     T.me/TruthSeeker86Chat    T.me/TruthSeeker86TelegramLinks    T.me/TruthSeeker86MemeCentral    https://direct.me/truthseeker86,200,2026-10-06T10:11:41+00:00
truthspeakersnetwork,alive,channel,Truth Speakers Network,406,,2026-05-02T20:41:02+00:00,0,0,,A Place Where Truth is Shared Without Censorship,200,2026-10-06T10:11:44+00:00
truththeory,alive,channel,Truth Theory,7380,,2026-10-05T08:55:56+00:00,1,9,,"Truth Theory are new media facilitating the empowerment of humanity using honest, solution-based and thought-provoking ideas Learn more:   👉   https://linktr.ee/TruthTheory",200,2026-10-06T10:11:46+00:00
TruthTON,empty_page,,,,,,,,,"If you have  Telegram , you can contact  @TruthTON  right away.",200,2026-10-06T10:11:48+00:00
TruthUncensored,alive,channel,Ami Bangali,20,,2025-05-28T15:42:20+00:00,0,0,,Truth will be exposed regarding the ongoing genocide by Fascist regime in Bangladesh,200,2026-10-06T10:11:51+00:00
TryBlue,empty_page,,,,,,,,,"If you have  Telegram , you can contact  @TryBlue  right away.",200,2026-10-06T10:11:54+00:00
ubuntuplanet,alive,channel,Michael Tellinger Channel,9820,,2026-09-26T06:30:13+00:00,0,8,,Exploring our ancient past - Finding solutions for a world gone mad. Creating prosperity & abundance for all - ONE SMALL TOWN will change the world.,200,2026-10-06T10:11:57+00:00
ukfalliance,alive,channel,The UK Freedom Alliance,2830,,2026-10-01T12:39:34+00:00,3,8,,Defending Civil Rights & Human Rights,200,2026-10-06T10:12:00+00:00
ukvacinfo,alive,channel,UK - No Mandatory Vaccines - Medical Freedom,3630,,2026-10-05T19:39:56+00:00,20,20,,UK VACCINATION INFORMATION  CHANNEL - NO MANDATORY VACCINES - MEDICAL FREEDOM - FREE WORLD,200,2026-10-06T10:12:02+00:00
ultimacodex,alive,channel,Winkiemojie,1790,,2021-05-03T17:11:35+00:00,0,0,,,200,2026-10-06T10:12:05+00:00
uncensorabletruth,alive,channel,Uncensorable Truth,2870,,2024-09-11T18:20:07+00:00,0,0,,Make Critical Thinking Great Again   ❤,200,2026-10-06T10:12:08+00:00
UncensoredRedPills,alive,channel_no_preview,MATRIX DECODED,2160,,,,,,,200,2026-10-06T10:12:11+00:00
uncensoredtruths,alive,channel,Uncensored Truths,2690,,2026-10-05T00:46:06+00:00,8,20,,"Blocked from Facebook, YouTube and Twitter, finding a new home on Telegram.",200,2026-10-06T10:12:16+00:00
uncensoredupdates,alive,channel,Uncensored Updates India,36,,2022-09-25T17:15:28+00:00,0,0,uncensoredupdates uncensoredupdateschat,Updates relating to the World that are ignored/hidden from Social Media and Mainstream News with their implications in India   🇮🇳   (featuring Coronavirus Truth)  Main Channel:  https://t.me/uncensoredupdates   Discussion:  https://t.me/uncensoredupdateschat,200,2026-10-06T10:12:20+00:00
unitedaussies,alive,channel_no_preview,Aussies United,52,,,,,,,200,2026-10-06T10:12:23+00:00
unitedpoliceNSW,empty_page,,,,,,,,,"If you have  Telegram , you can contact  @unitedpoliceNSW  right away.",200,2026-10-06T10:12:25+00:00
unitedwestandaust,alive,channel,Freedom Unity - Australia,3390,,2026-10-04T22:10:07+00:00,4,6,,Several different Australian freedom-loving Influencers and organisations have admin access to post on this channel.  The idea is the bring you diverse content but also to showcase UNITY! There are already enough of us...we just need to stay UNITED!,200,2026-10-06T10:12:28+00:00
unitenowaustralia,alive,channel,#UniteNow,2960,,2026-06-23T10:58:22+00:00,0,0,,You are not alone. We stand united. Find your community and Unite Now Australia,200,2026-10-06T10:12:31+00:00
UnityNewsChannel,alive,channel,Unity Channel,7,,2025-03-17T11:24:11+00:00,0,0,,"SOLUTIONS BASE. Share ideas, technologies, experiences and inspirations for the restoration of the world. Ego is old paradigm. Our inspiration and experiences will inspire others. Peace Love Light Life! unity for one is Unity for all.",200,2026-10-06T10:12:34+00:00
UniversalLibrary,empty_page,,,,,,,,,"If you have  Telegram , you can view posts by  @UniversalLibrary  right away.",200,2026-10-06T10:12:37+00:00
UnjabbedNZCommunity,alive,channel_no_preview,Unjabbed NZ Communit,5,,,,,,,200,2026-10-06T10:12:39+00:00
unmaskthefear,empty_page,,,,,,,,,"If you have  Telegram , you can contact  @unmaskthefear  right away.",200,2026-10-06T10:12:42+00:00
untrivialpursuit,alive,channel,The Untrivial Pursuit,287,,2022-12-27T00:10:12+00:00,0,0,,Offering relevant considerations for those on the pursuit of truth in health research.,200,2026-10-06T10:12:44+00:00
Unvaccinatd,alive,channel_no_preview,Unvaccinated 📢🚫💉🚫,181,,,,,,For all of those who refuse to be JABBED 💉,200,2026-10-06T10:12:47+00:00
Unvaxcinated,alive,channel,Unvaccinated   📢    🚫    💉    🚫,4000,,2022-01-15T01:29:51+00:00,0,0,,For all of those who refuse to be JABBED   💉,200,2026-10-06T10:12:50+00:00
UpmarketZine,empty_page,,,,,,,,,"If you have  Telegram , you can contact  @UpmarketZine  right away.",200,2026-10-06T10:12:52+00:00
usmortality,alive,channel,USMortality,6600,,2026-02-06T17:13:49+00:00,0,0,,"Software Engineer • COVID-19 Research, Bioinformatics & Statistics:  https://www.mortality.watch  •  https://www.rkileak.com  • Articles:  https://www.usmortality.com",200,2026-10-06T10:12:55+00:00
vaccinationdecisionsDrJudy,alive,channel,Vaccination Decisions,2420,,2026-10-04T20:26:01+00:00,9,20,,,200,2026-10-06T10:12:58+00:00
vaccinechoiceaustralia,alive,channel,Vaccine Choice Australia,5150,,2026-03-24T09:36:00+00:00,0,0,,Join us to stand up for medical freedom in Australia.  https://lnk.bio/ON9D    💛,200,2026-10-06T10:13:01+00:00
vaccinechoicecanada,alive,channel,Vaccine Choice Canada,10200,,2026-10-04T14:02:24+00:00,7,16,,"Formed in response to growing parental concern regarding the safety of current vaccination programs in Canada. Vaccine Choice Canada (formerly VRAN) serves as a public information and resource group, and is committed to protecting children.",200,2026-10-06T10:13:03+00:00
vaccinechoiceprayercommunity,alive,channel,Vaccine Choice Prayer Community,186,,2022-12-08T04:23:27+00:00,0,0,,,200,2026-10-06T10:13:06+00:00
vaccinedebategroup,alive,channel_no_preview,Vaccines and everything else,55,,,,,,,200,2026-10-06T10:13:10+00:00
vaccinedisclosure,alive,channel,Vaccine Fraud/Info Full Disclosure,3680,,2026-08-20T11:39:55+00:00,0,0,,Full media database of the most relivant Vaccine information to date! Please see for your health and well being (and your families),200,2026-10-06T10:13:13+00:00
VaccineEqualsInfertility,empty_page,,,,,,,,,"If you have  Telegram , you can contact  @VaccineEqualsInfertility  right away.",200,2026-10-06T10:13:15+00:00
vaccinepolice,empty_page,,,,,,,,,"If you have  Telegram , you can contact  @vaccinepolice  right away.",200,2026-10-06T10:13:18+00:00
vaccinereactions,empty_page,,,,,,,,,"If you have  Telegram , you can contact  @vaccinereactions  right away.",200,2026-10-06T10:13:20+00:00
vaccinetalk,alive,channel,Vaccine talk,12,,2026-01-27T00:58:46+00:00,0,0,,All about vaccines.,200,2026-10-06T10:13:23+00:00
vaccinetestimonials,alive,channel,"Vaccine Testimonials, Facts, Resources",40,,2024-05-09T12:32:33+00:00,0,0,,"Sharing research, evidence, information and testimonials of deaths or allergic reactions to the COVID-19 Vaccine.",200,2026-10-06T10:13:26+00:00
ValleyOutpostCollection,alive,channel,Valley Outpost Collection,25,,2025-04-04T21:08:08+00:00,0,0,,Interesting news and items.,200,2026-10-06T10:13:29+00:00
vavalaresistance,empty_page,,,,,,,,,"If you have  Telegram , you can contact  @vavalaresistance  right away.",200,2026-10-06T10:13:32+00:00
vaxaretoxic,alive,channel_no_preview,Elda (Vax Are Toxic)🙎🏻‍♀️,268,,,,,,Elda,200,2026-10-06T10:13:35+00:00
VaxStats,alive,channel,Vax Stats,1470,,2026-09-01T02:30:42+00:00,0,0,,"Deep dive into CDC Vaccine injury database VAERS. Weekly in depth detailed reports on adverse events on any vaccine. Missing report IDs, deleted report IDs investigation on a weekly basis.",200,2026-10-06T10:13:38+00:00
vaxverite,alive,channel,Vax Verite,7,,2021-10-25T23:44:31+00:00,0,0,,,200,2026-10-06T10:13:41+00:00
venturedesktop,empty_page,,,,,,,,,"If you have  Telegram , you can contact  @venturedesktop  right away.",200,2026-10-06T10:13:45+00:00
verdeyrebelde,alive,channel,Verde y Rebelde,1010,,2023-03-06T21:43:25+00:00,0,0,,,200,2026-10-06T10:13:47+00:00
VernonColeman,alive,channel_no_preview,Vernon Coleman Channel,5245,,,,,,Videos from Vernon Coleman,200,2026-10-06T10:13:51+00:00
Vexxine,alive,channel,Vexxine facts and updates.  💉    🧬    🧪    ☠,31,,2022-10-03T07:46:02+00:00,0,0,,,200,2026-10-06T10:13:55+00:00
vicupdates,alive,channel,Victorian Aussie channel,949,,2026-10-04T22:49:31+00:00,20,20,,victoriachannel@protonmail.com,200,2026-10-06T10:13:58+00:00
VigilantFox,alive,channel,The Vigilant Fox   🦊,120000,,2026-10-02T02:43:15+00:00,9,20,,"Independent news, founded by a healthcare professional turned citizen journalist. Banned during COVID. Covering the stories the mainstream buries.",200,2026-10-06T10:14:04+00:00
visomvet,alive,channel,Corona V (Sars-Cov?) Vi som vet,213,,2025-01-03T21:12:45+00:00,0,0,,,200,2026-10-06T10:14:09+00:00
vivoterra_en,alive,channel,Vivoterra World,8490,,2026-04-18T09:21:47+00:00,0,0,,vivoterra-world.com   - The treasure trove of knowledge -,200,2026-10-06T10:14:12+00:00
voices4choices,alive,channel,Voices4Choices,1320,,2022-12-24T06:36:17+00:00,0,0,,,200,2026-10-06T10:14:15+00:00
voicesforfreedom,alive,channel,Voices For Freedom,15400,,2026-10-05T20:39:26+00:00,4,14,hearourvoicesnz,A place for those who question the official narrative on a range of issues. Connect with us at  voicesforfreedom.co.nz  - helpful resources + sign up local groups all around NZ. Visit our chat group here:  https://t.me/hearourvoicesnz,200,2026-10-06T10:14:19+00:00
VVAnuus,empty_page,,,,,,,,,"If you have  Telegram , you can contact  @VVAnuus  right away.",200,2026-10-06T10:14:26+00:00
vxxsheddingforbodyworkers,empty_page,,,,,,,,,"If you have  Telegram , you can contact  @vxxsheddingforbodyworkers  right away.",200,2026-10-06T10:14:30+00:00
wahumanrightsadvocates,alive,channel,Andrea Consults,961,,2024-03-08T01:44:30+00:00,0,0,,,200,2026-10-06T10:14:34+00:00
WakeTheUKUP,alive,channel,https://t.me/WakeTheUKUP  👍    ❤️‍🔥,639,,2026-09-30T00:50:19+00:00,3,3,,"❤️   Love,   😇  Peace   🤑  prosperity   Break free from slavery  🙆       🚦    💥  Our mission is to tell you first hand & true world news about Past, present and Future.  Politics, health ,history , science, religion, mystisem and many more topics for our awakening   🌹    ❤️    🌏",200,2026-10-06T10:14:37+00:00
wakeupaustralia,alive,channel,WAKE UP AUSTRALIA,8760,,2022-08-07T21:22:23+00:00,0,0,,Together we can stop this,200,2026-10-06T10:14:41+00:00
wakeywakeywakey,alive,user_or_bot,Wakey Wakey,,,,,,,,200,2026-10-06T10:14:46+00:00
wakingup1984channel,alive,channel,Wakingup1984,13000,,2025-11-15T02:44:40+00:00,0,0,,Not your current thing channel,200,2026-10-06T10:14:49+00:00
watgebeurter,alive,channel_no_preview,What's happening??,171,,,,,,Events around the world,200,2026-10-06T10:14:52+00:00
WeAreAllEssential,alive,channel,WeAreAllEssential,623,,2026-09-18T23:04:25+00:00,0,1,,Small Business Network_LATEST NEWS  📺,200,2026-10-06T10:14:56+00:00
WeAreFASA,alive,channel,📢   FREEDOM ALLIANCE SOUTH AFRICA  🕊    🎙,2620,,2026-10-06T07:03:05+00:00,5,20,,Freedom Alliance is a growing human rights movement that seeks to reclaim our freedom and liberties which have been stripped from us and to establish a free and just society for all irrespective of the narrative or greater game plan.,200,2026-10-06T10:15:01+00:00
wearerighteous,alive,channel,Righteous Deity,189,,2026-05-09T15:26:39+00:00,0,0,,We the People  A platform that stops all stations. 24/7 Service. Nobly pursuing the truth.,200,2026-10-06T10:15:05+00:00
WEARETHE99PERCENTCHANNEL,alive,channel,SURROUNDED BY NONSENSE,1870,,2026-10-03T16:12:20+00:00,2,6,,Worlds upside down! Use common sense & logic always…!!,200,2026-10-06T10:15:08+00:00
WeAreUniversalTruth,empty_page,,,,,,,,,"If you have  Telegram , you can contact  @WeAreUniversalTruth  right away.",200,2026-10-06T10:15:13+00:00
WEE_WhiteEconomicEmpowerment,alive,group,WEE - White Economic Empowerment SA #AntiNWO,,178,,,,WEE_WhiteEconomicEmpowerment WEE_WhiteEconomicEmpowermentSA,■WEE - WHITE ECONOMIC EMPOWERMENT SOUTH AFRICA ●https://www.facebook.com/WEE.WhiteEconomicEmpowermentSA/ ●www.facebook.com/groups/whiteeconomicempowerment/ ●https://t.me/WEE_WhiteEconomicEmpowerment ●https://t.me/WEE_WhiteEconomicEmpowermentSA,200,2026-10-06T10:15:15+00:00
WEF4IR,empty_page,,,,,,,,,"If you have  Telegram , you can contact  @WEF4IR  right away.",200,2026-10-06T10:15:19+00:00
wethefreerd,alive,channel,We The Free - Alberta,1150,,2026-10-06T01:01:15+00:00,13,19,,WE THE FREE - Alberta Telegram Channel,200,2026-10-06T10:15:23+00:00
wethepatriotsusa,alive,channel,We The Patriots USA News Channel,4620,,2026-09-25T19:21:47+00:00,0,7,,"We The Patriots USA was founded out of necessity in a time when all of the things we hold most dear--faith, family, health, truth and freedom--are under constant attack, there is no choice but to stand up and take back our country.  We will not be silent!",200,2026-10-06T10:15:27+00:00
Wethepeoplestruth1,alive,channel,Wethepeoplestruth,2110,,2022-08-08T01:46:44+00:00,0,0,,Truth is here if you want it,200,2026-10-06T10:15:30+00:00
WExWIN,alive,channel,WE WIN,116,,2026-06-15T14:27:58+00:00,0,0,,https://www.youtube.com/watch?v=NTy4Am3MQ4c&pp=ygUHc3dhbXBlZA%3D%3D       Truth is important.,200,2026-10-06T10:15:34+00:00
WFAorg,alive,channel,World Freedom Alliance - Official,11700,,2026-10-05T14:02:14+00:00,6,15,,,200,2026-10-06T10:15:37+00:00
whatsupcanadian,alive,channel_no_preview,What’s Up Canada?,1420,,,,,,"Politically Unreliable Journalist. Grass roots news, corruption is unacceptable, not just a duty.",200,2026-10-06T10:15:41+00:00
whatyournotsupposetoknow,alive,channel,What you're not supposed to know,416,,2022-09-19T04:58:40+00:00,0,0,,Facebook is being a pain. I can be contacted at the following link   https://gettr.com/user/niallsemple,200,2026-10-06T10:15:44+00:00
WhereWeGoOneWeGoAllWorldwide,alive,channel_no_preview,Where We Go One We Go All Worldwide,51,,,,,,,200,2026-10-06T10:15:49+00:00
WhistleBlowerK,alive,channel,Wikileaks,11400,,2025-03-17T20:45:04+00:00,0,0,,#New  world order      #Flat  earth movment     #Conspiracy  theories     #WikiLeaks     # Black people true ancestors,200,2026-10-06T10:15:53+00:00
WhiteRoseandThorn,alive,channel_no_preview,Wardens.Community,53,,,,,,,200,2026-10-06T10:15:56+00:00
whitewellness,empty_page,,,,,,,,,"If you have  Telegram , you can view posts by  @whitewellness  right away.",200,2026-10-06T10:15:59+00:00
wideawakemedia,alive,channel,Wide Awake Media,27000,,2026-09-25T09:01:05+00:00,0,20,,Believe In America Not The Media   🇺🇸,200,2026-10-06T10:16:02+00:00
wilmsfront,alive,channel,WilmsFront,113,,2026-10-06T08:00:46+00:00,1,10,,"I am Editor in Chief of The Unshackled, one of Australia's leading alt-media websites and host Tim's News Explosion and WilmsFront.  https://bio.link/timwilms",200,2026-10-06T10:16:05+00:00
WL369,alive,user_or_bot,三六九,,,,,,,,200,2026-10-06T10:16:08+00:00
wnyminutemen,alive,channel,WNYMINUTEMEN,20,,2023-05-23T02:18:30+00:00,0,0,,Http://minuteman-militia.com,200,2026-10-06T10:16:10+00:00
wolfchannel2,alive,channel,foxblog channel,2100,,2026-10-06T09:43:47+00:00,20,20,,Eclectic mix of truth mainly from bloggers,200,2026-10-06T10:16:13+00:00
Wonderlanderino,alive,channel_no_preview,The Creator,11,,,,,,Have hope - Have faith - Improve Yourself  Otherwise the baddies win,200,2026-10-06T10:16:16+00:00
WorldAwakening2,alive,channel,WorId Awakening,4050,,2026-10-04T13:10:23+00:00,16,20,,,200,2026-10-06T10:16:19+00:00
worlddoctorsalliance,alive,channel,World Doctors Alliance,75800,,2026-10-06T07:28:24+00:00,20,20,,"Official WDA independent non-profit alliance of doctors, nurses, healthcare professionals around the world who have united in the wake of the Covid-19 response chapter to share experiences with a view to ending all lockdowns and related damaging measures.",200,2026-10-06T10:16:23+00:00
worldhoax,alive,channel,World Hoax Organization,72,,2026-03-31T07:31:22+00:00,0,0,worldhoax,"t.me/worldhoax  — Because generational tyranny is not an option, except for delusional cowards! ॐ Ψ ௐ",200,2026-10-06T10:16:26+00:00
wrenchinthegears,alive,channel_no_preview,Wrench In The Gears,1817,,,,,,"Inquiry At The Intersection of Race, Finance, Technology And Nature",200,2026-10-06T10:16:28+00:00
wtfjh,alive,channel,WTF Just Happened,325,,2026-10-03T06:21:27+00:00,1,8,,"Trying to make sense of the complex world around me. Embracing uncertainty in all things. Trying to leverage rational analysis... maybe even some wisdom... to extract *some* certainty, even if temporary, about current events and potential future outcomes.",200,2026-10-06T10:16:31+00:00
wtpuk,alive,channel,We The People of England,992,,2026-07-30T17:22:43+00:00,0,0,,Land of Hope & Glory!,200,2026-10-06T10:16:34+00:00
wuhanvirus_covid19,alive,channel,China Virus - Covid Vaccine - Masks ~ T,17,,2023-11-06T14:13:05+00:00,0,0,,Hydroxychloroquine Works,200,2026-10-06T10:16:37+00:00
wwellb,empty_page,,,,,,,,,"If you have  Telegram , you can contact  @wwellb  right away.",200,2026-10-06T10:16:40+00:00
wwg1wga_qslovenia,empty_page,,,,,,,,,"If you have  Telegram , you can contact  @wwg1wga_qslovenia  right away.",200,2026-10-06T10:16:42+00:00
WWG1WGAGlobal,alive,channel,WWG1WGA.Global,213,,2025-03-17T11:10:52+00:00,0,0,WWG1WGAGlobal,We created this channel for sharing as much information as possible about as many current topics as possible. Everyone is welcome!   https://t.me/WWG1WGAGlobal,200,2026-10-06T10:16:45+00:00
wwrevT,alive,channel,🕯   MINISTRY • OF • TRUE • ESSENCE   🕯,179,,2026-04-30T07:32:22+00:00,0,0,,Veritas Vincit ~ Truth Prevails,200,2026-10-06T10:16:48+00:00
YellowvestIre,empty_page,,,,,,,,,"If you have  Telegram , you can contact  @YellowvestIre  right away.",200,2026-10-06T10:16:52+00:00
yourrightsaust,empty_page,,,,,,,,,"If you have  Telegram , you can contact  @yourrightsaust  right away.",200,2026-10-06T10:16:57+00:00
YvetteBronx,alive,channel,Yvette Bronx Unplugged,1170,,2024-10-09T11:47:43+00:00,0,0,,Don’t follow if you hate truth,200,2026-10-06T10:17:00+00:00
zeeemedia,alive,channel,Zeee Media   🎙,54300,,2026-10-05T22:27:56+00:00,16,16,,www.zeeemedia.com   Share the truth at whatever cost.,200,2026-10-06T10:17:03+00:00
zeitgeistearth,empty_page,,,,,,,,,"If you have  Telegram , you can contact  @zeitgeistearth  right away.",200,2026-10-06T10:17:08+00:00
zelenkoprotocol,alive,channel,Dr. Vladimir Zelenko (Zelenko Protocol),66900,,2023-06-30T00:20:02+00:00,0,0,,Dr. Vladimir (Zev) Zelenko is a Board Certified Family Physician. He was the first in America (March 2020) to innovate a successful treatment for covid-19,200,2026-10-06T10:17:11+00:00
zerotolerancemedia,alive,channel_no_preview,Zero Tolerance Media UK News,6912,,,,,,"Media channel outlet exposing the truths, and the fraudulence of current governments as they destroy your liberties, whilst taking away EVERYTHING that you love under the guise of ""keeping you safe"".  Fighting for FREEDOM in 2021! 🇬🇧",200,2026-10-06T10:17:14+00:00
AmericanTribune,empty_page,,,,,,,,,"If you have  Telegram , you can contact  @AmericanTribune  right away.",200,2026-10-06T10:17:17+00:00
AncientFeed,alive,channel,Ancient Feed,293,,2026-09-15T18:08:17+00:00,0,5,,Ancient Feed / History Channel,200,2026-10-06T10:17:21+00:00
AntiCoronaRegime,empty_page,,,,,,,,,"If you have  Telegram , you can contact  @AntiCoronaRegime  right away.",200,2026-10-06T10:17:25+00:00
AntiCoronaTerrorism,empty_page,,,,,,,,,"If you have  Telegram , you can contact  @AntiCoronaTerrorism  right away.",200,2026-10-06T10:17:29+00:00
AntiFakePandemic,empty_page,,,,,,,,,"If you have  Telegram , you can contact  @AntiFakePandemic  right away.",200,2026-10-06T10:17:33+00:00
AntiGates,empty_page,,,,,,,,,"If you have  Telegram , you can view posts by  @AntiGates  right away.",200,2026-10-06T10:17:37+00:00
AntiilluminatiOfficial,empty_page,,,,,,,,,"If you have  Telegram , you can contact  @AntiilluminatiOfficial  right away.",200,2026-10-06T10:17:41+00:00
antiNewsweek,empty_page,,,,,,,,,"If you have  Telegram , you can contact  @antiNewsweek  right away.",200,2026-10-06T10:17:44+00:00
Antipafi,empty_page,,,,,,,,,"If you have  Telegram , you can contact  @Antipafi  right away.",200,2026-10-06T10:17:47+00:00
AntivaxMessiah,empty_page,,,,,,,,,"If you have  Telegram , you can contact  @AntivaxMessiah  right away.",200,2026-10-06T10:17:50+00:00
ArizonaReporter,alive,channel,arizonareporter,1170,,2024-08-29T15:26:46+00:00,0,0,,,200,2026-10-06T10:17:54+00:00
artisallaround,alive,channel_no_preview,Art is all around,213,,,,,,www.unvaccinatedwelcome.com,200,2026-10-06T10:17:56+00:00
AustraliaTimes,alive,channel,news4.0,2,,2025-12-31T07:11:34+00:00,0,0,,,200,2026-10-06T10:17:59+00:00
AwakenMovement,empty_page,,,,,,,,,"If you have  Telegram , you can contact  @AwakenMovement  right away.",200,2026-10-06T10:18:02+00:00
AwakenWeAre,empty_page,,,,,,,,,"If you have  Telegram , you can contact  @AwakenWeAre  right away.",200,2026-10-06T10:18:05+00:00
BayernPresse,alive,channel,Bayern Presse,125,,2024-02-23T10:18:16+00:00,0,0,,,200,2026-10-06T10:18:09+00:00
BBCpost,empty_page,,,,,,,,,"If you have  Telegram , you can contact  @BBCpost  right away.",200,2026-10-06T10:18:13+00:00
BerlinerNachrichten,alive,channel_no_preview,Berliner Nachrichten,70,,,,,,,200,2026-10-06T10:18:16+00:00
BlackWhiteUnite,alive,channel,Black White Unite,176,,2026-07-14T20:11:22+00:00,0,0,,,200,2026-10-06T10:18:19+00:00
BLMnews,alive,channel,百乐门播报,1,,2023-07-24T02:17:14+00:00,0,0,,百乐门，为爱充电。,200,2026-10-06T10:18:22+00:00
Bravetower,alive,channel_no_preview,Bravetower,235,,,,,,www.sabmyk.com,200,2026-10-06T10:18:25+00:00
BritishPatriotsParty,empty_page,,,,,,,,,"If you have  Telegram , you can contact  @BritishPatriotsParty  right away.",200,2026-10-06T10:18:29+00:00
CanadaFreeNews,alive,channel,Canada Free News,1260,,2026-09-15T18:08:17+00:00,0,5,,,200,2026-10-06T10:18:32+00:00
CandaceOw,empty_page,,,,,,,,,"If you have  Telegram , you can contact  @CandaceOw  right away.",200,2026-10-06T10:18:36+00:00
CapitolNews,alive,channel,capitolnews,3,,2024-09-07T13:05:27+00:00,0,0,,,200,2026-10-06T10:18:39+00:00
CharlesFlynn,alive,user_or_bot,Charles Flynn,,,,,,,,200,2026-10-06T10:18:42+00:00
ChemtrailsNews,alive,group,bb2,,1,,,,,,200,2026-10-06T10:18:44+00:00
ChicagoReporter,alive,channel,Chicago Reporter,758,,2026-09-15T18:08:16+00:00,0,5,,,200,2026-10-06T10:18:47+00:00
ClintEastwoodReal,alive,channel,Clint Eastwood,357,,2026-04-23T02:29:58+00:00,0,0,,Filmmaker. Actor. Producer. Composer.,200,2026-10-06T10:18:50+00:00
DemocratsNews,empty_page,,,,,,,,,"If you have  Telegram , you can contact  @DemocratsNews  right away.",200,2026-10-06T10:18:53+00:00
DepartmentOfDefence,alive,channel_no_preview,Department of Defence,6,,,,,,,200,2026-10-06T10:18:56+00:00
DianaFSpencer,empty_page,,,,,,,,,"If you have  Telegram , you can contact  @DianaFSpencer  right away.",200,2026-10-06T10:18:58+00:00
DigitalExodus,empty_page,,,,,,,,,"If you have  Telegram , you can contact  @DigitalExodus  right away.",200,2026-10-06T10:19:02+00:00
DigitalSupersoldier,empty_page,,,,,,,,,"If you have  Telegram , you can contact  @DigitalSupersoldier  right away.",200,2026-10-06T10:19:04+00:00
DonaldTrumpJrInfo,empty_page,,,,,,,,,"If you have  Telegram , you can contact  @DonaldTrumpJrInfo  right away.",200,2026-10-06T10:19:08+00:00
DrainTheSwampNews,empty_page,,,,,,,,,"If you have  Telegram , you can contact  @DrainTheSwampNews  right away.",200,2026-10-06T10:19:11+00:00
DTrumpt,empty_page,,,,,,,,,"If you have  Telegram , you can contact  @DTrumpt  right away.",200,2026-10-06T10:19:14+00:00
EdwardSnwdn,empty_page,,,,,,,,,"If you have  Telegram , you can contact  @EdwardSnwdn  right away.",200,2026-10-06T10:19:17+00:00
ElectricNewsChannel,alive,channel,Electric News Channel,1110,,2026-09-15T18:08:16+00:00,0,5,,,200,2026-10-06T10:19:20+00:00
ElonMuskInfo,empty_page,,,,,,,,,"If you have  Telegram , you can contact  @ElonMuskInfo  right away.",200,2026-10-06T10:19:22+00:00
EnglandFirst,alive,channel,HELLO,237,,2026-07-14T20:11:22+00:00,0,0,,,200,2026-10-06T10:19:25+00:00
EricClaptons,alive,user_or_bot,Eric Clapton,,,,,,,,200,2026-10-06T10:19:28+00:00
EvaHermanNachrichten,alive,channel,Nettigkeiten,36,,2024-04-14T23:01:09+00:00,0,0,,,200,2026-10-06T10:19:32+00:00
EvaVlaardingerbroek,alive,channel,Eva Vlaardingerbroek,11300,,2026-10-05T18:28:49+00:00,2,19,,"Commentator | As seen on i.a. The Mark Steyn Show, Tucker Carlson Tonight and Achtung Reichelt | Legal Philosopher (LL.M) | Does not comply | Dutch   🇳🇱     evavlaardingerbroek.substack.com",200,2026-10-06T10:19:34+00:00
FirstFlushNews,alive,channel,First Flush News,1430,,2026-09-15T18:08:16+00:00,0,5,,www.President-Trump-2024.com,200,2026-10-06T10:19:37+00:00
FloridaDaily,alive,channel,Florida Daily,305,,2026-09-15T18:08:17+00:00,0,5,,,200,2026-10-06T10:19:40+00:00
FrancescoDeGregori,alive,channel_no_preview,Francesco De Gregori,42,,,,,,,200,2026-10-06T10:19:44+00:00
FranceToday,alive,channel,France Today,374,,2026-07-14T20:11:22+00:00,0,0,,,200,2026-10-06T10:19:47+00:00
FuckNaturalimmunityDenier,empty_page,,,,,,,,,"If you have  Telegram , you can contact  @FuckNaturalimmunityDenier  right away.",200,2026-10-06T10:19:50+00:00
GaiasKinder,alive,channel_no_preview,Gaias Kinder,52,,,,,,,200,2026-10-06T10:19:53+00:00
Genapostle,empty_page,,,,,,,,,"If you have  Telegram , you can contact  @Genapostle  right away.",200,2026-10-06T10:19:56+00:00
GeneralFlynnInfo,empty_page,,,,,,,,,"If you have  Telegram , you can contact  @GeneralFlynnInfo  right away.",200,2026-10-06T10:19:59+00:00
GeorgiaTribune,alive,channel,Georgia Tribune,104,,2026-07-14T18:59:33+00:00,0,0,,,200,2026-10-06T10:20:03+00:00
GerhardSchroder,alive,user_or_bot,pocketsdeep4,,,,,,,,200,2026-10-06T10:20:09+00:00
GodWinsOfficial,empty_page,,,,,,,,,"If you have  Telegram , you can contact  @GodWinsOfficial  right away.",200,2026-10-06T10:20:11+00:00
Govapostle,empty_page,,,,,,,,,"If you have  Telegram , you can contact  @Govapostle  right away.",200,2026-10-06T10:20:14+00:00
GovRon,alive,channel,Govron,57,,2026-09-15T18:08:17+00:00,0,5,,,200,2026-10-06T10:20:17+00:00
GreatAwakeningChannel,alive,channel,The Real Great Awakening Channel,879,,2026-09-29T23:58:36+00:00,1,2,,We the People will no longer remain silent! Time for Term Limits for our political elite or I refer to them as the  #WashingtonCartel,200,2026-10-06T10:20:20+00:00
GreatAwakeningDe,alive,channel_no_preview,THE REAL GREAT AWAKENING CHANNEL FX SIGNALS (FREE),4,,,,,Aplet_fx,Our vip premium group service  We send 7 to 12 accurate signals with charts technical analysis information daily and the accurate signals chance is 85% to 95% SUCCESS ACCURACY. +1000 to +2000 pips weekly. +4000 to +6000 pips month.  @Aplet_fx,200,2026-10-06T10:20:24+00:00
GreatAwakeningFrance,empty_page,,,,,,,,,"If you have  Telegram , you can contact  @GreatAwakeningFrance  right away.",200,2026-10-06T10:20:26+00:00
GreatAwakeningItalia,empty_page,,,,,,,,,"If you have  Telegram , you can contact  @GreatAwakeningItalia  right away.",200,2026-10-06T10:20:29+00:00
GreatAwakeningOfficial,empty_page,,,,,,,,,"If you have  Telegram , you can contact  @GreatAwakeningOfficial  right away.",200,2026-10-06T10:20:32+00:00
GreatAwakeningUK,empty_page,,,,,,,,,"If you have  Telegram , you can contact  @GreatAwakeningUK  right away.",200,2026-10-06T10:20:35+00:00
GreatAwakeningUS,alive,channel,Like you,560,,2026-09-15T18:08:16+00:00,0,5,,,200,2026-10-06T10:20:37+00:00
GreatCoronaCoup,empty_page,,,,,,,,,"If you have  Telegram , you can contact  @GreatCoronaCoup  right away.",200,2026-10-06T10:20:40+00:00
GreaterMAGA,empty_page,,,,,,,,,"If you have  Telegram , you can contact  @GreaterMAGA  right away.",200,2026-10-06T10:20:43+00:00
GreatMarch,alive,channel_no_preview,Great March,238,,,,,,,200,2026-10-06T10:20:45+00:00
GreatUnmatrix,empty_page,,,,,,,,,"If you have  Telegram , you can contact  @GreatUnmatrix  right away.",200,2026-10-06T10:20:48+00:00
GregorGysi,alive,channel,Gregor Gysi,1160,,2026-05-24T19:02:49+00:00,0,0,,Dies ist der einzige Telegram-Kanal. Wir werden Ihnen aus keinem Grund jemals zuerst eine Nachricht senden.,200,2026-10-06T10:20:51+00:00
Hardhauer,alive,channel,Hardhauer,264,,2026-07-14T20:11:22+00:00,0,0,,,200,2026-10-06T10:20:55+00:00
HereIsQ,alive,user_or_bot,kiki,,,,,,,,200,2026-10-06T10:20:58+00:00
HereJoeM,empty_page,,,,,,,,,"If you have  Telegram , you can contact  @HereJoeM  right away.",200,2026-10-06T10:21:01+00:00
HistoryFeed,alive,channel,History Feed,88,,2026-09-15T18:08:17+00:00,0,5,,,200,2026-10-06T10:21:04+00:00
HopeNotFear,empty_page,,,,,,,,,"If you have  Telegram , you can contact  @HopeNotFear  right away.",200,2026-10-06T10:21:06+00:00
HuanOsa,empty_page,,,,,,,,,"If you have  Telegram , you can contact  @HuanOsa  right away.",200,2026-10-06T10:21:09+00:00
IndiaTVN,empty_page,,,,,,,,,"If you have  Telegram , you can contact  @IndiaTVN  right away.",200,2026-10-06T10:21:12+00:00
IranAT,alive,channel,Iran ArchiTour,1,,2025-03-30T10:03:40+00:00,0,0,,Architecture Tourism in Iran,200,2026-10-06T10:21:15+00:00
IrlandDaily,alive,channel,Irland Daily,233,,2026-07-14T20:11:22+00:00,0,0,,,200,2026-10-06T10:21:18+00:00
JapanAwakening,empty_page,,,,,,,,,"If you have  Telegram , you can contact  @JapanAwakening  right away.",200,2026-10-06T10:21:22+00:00
JCMiller,alive,channel,J. C. Miller,809,,2026-07-14T20:11:22+00:00,0,0,,,200,2026-10-06T10:21:25+00:00
JeffBridgemaker,empty_page,,,,,,,,,"If you have  Telegram , you can contact  @JeffBridgemaker  right away.",200,2026-10-06T10:21:27+00:00
JesusAmerica,empty_page,,,,,,,,,"If you have  Telegram , you can contact  @JesusAmerica  right away.",200,2026-10-06T10:21:30+00:00
JoeBidenDaily,empty_page,,,,,,,,,"If you have  Telegram , you can contact  @JoeBidenDaily  right away.",200,2026-10-06T10:21:33+00:00
JohnFKennedyJr,alive,channel,John F. Kennedy JR,205,,2025-03-26T09:54:48+00:00,0,0,,,200,2026-10-06T10:21:36+00:00
JonVoightReal,alive,channel,Jon Voight,289,,2026-04-23T02:29:58+00:00,0,0,,Academy Award winning actor,200,2026-10-06T10:21:40+00:00
JuAssange,empty_page,,,,,,,,,"If you have  Telegram , you can contact  @JuAssange  right away.",200,2026-10-06T10:21:42+00:00
KanyeOW,alive,user_or_bot,elyn,,,,,,,,200,2026-10-06T10:21:45+00:00
KeanuReevesReal,empty_page,,,,,,,,,"If you have  Telegram , you can contact  @KeanuReevesReal  right away.",200,2026-10-06T10:21:48+00:00
KoreaAwaken,empty_page,,,,,,,,,"If you have  Telegram , you can contact  @KoreaAwaken  right away.",200,2026-10-06T10:21:52+00:00
LibertyOnlineNews,alive,channel,Liberty Online News,996,,2026-09-15T18:08:16+00:00,0,5,,,200,2026-10-06T10:21:55+00:00
LiverpoolTimes,alive,channel,Liverpool Times,433,,2026-07-14T20:11:22+00:00,0,0,,Liverpool Times,200,2026-10-06T10:22:01+00:00
LLWoodChannel,empty_page,,,,,,,,,"If you have  Telegram , you can contact  @LLWoodChannel  right away.",200,2026-10-06T10:22:04+00:00
LondonPost,alive,channel,London Post,581,,2026-07-14T20:11:22+00:00,0,0,,London Post,200,2026-10-06T10:22:06+00:00
LosAngelesPost,alive,channel,Los Angeles Post,607,,2026-09-15T18:08:16+00:00,0,5,,www.President-Trump-2024.com,200,2026-10-06T10:22:08+00:00
LoveNotVaccines,empty_page,,,,,,,,,"If you have  Telegram , you can contact  @LoveNotVaccines  right away.",200,2026-10-06T10:22:11+00:00
MakePeopleFreeAgain,empty_page,,,,,,,,,"If you have  Telegram , you can contact  @MakePeopleFreeAgain  right away.",200,2026-10-06T10:22:14+00:00
MassimoGaravaglia,empty_page,,,,,,,,,"If you have  Telegram , you can contact  @MassimoGaravaglia  right away.",200,2026-10-06T10:22:16+00:00
MaurizioCattelan,alive,channel_no_preview,Maurizio Cattelan,113,,,,,,,200,2026-10-06T10:22:19+00:00
MelGibsonReal,empty_page,,,,,,,,,"If you have  Telegram , you can contact  @MelGibsonReal  right away.",200,2026-10-06T10:22:21+00:00
memepow,alive,channel,᷂سنرحل ᷂ويبقى ᷂الأثــر.,40,,2026-06-21T00:45:55+00:00,0,0,,‏﴿رَبَّنا وَلا تُحَمِّلنا ما لا طاقَةَ لَنا بِهِ﴾ .    خُذ ماشئت فَ جميعها إِلى الله.,200,2026-10-06T10:22:24+00:00
MichaelJacksonAlive,alive,channel,Майкл Джексон,2,,2025-12-31T08:18:46+00:00,0,0,,,200,2026-10-06T10:22:26+00:00
MichaelWendlerNews,empty_page,,,,,,,,,"If you have  Telegram , you can contact  @MichaelWendlerNews  right away.",200,2026-10-06T10:22:29+00:00
MikeJLindell,empty_page,,,,,,,,,"If you have  Telegram , you can contact  @MikeJLindell  right away.",200,2026-10-06T10:22:31+00:00
MikePenceInfo,empty_page,,,,,,,,,"If you have  Telegram , you can contact  @MikePenceInfo  right away.",200,2026-10-06T10:22:34+00:00
NesaraGesaraInfo,alive,channel,Nesara/Gesara,2100,,2026-10-06T10:01:24+00:00,20,20,,SO IT BEGINS! THE GREAT AWAKENING OF HUMANITY! WE THE PEOPLE SAVE AMERICA!,200,2026-10-06T10:22:36+00:00
NibiruInfo,alive,group,Nibiru Chain: Global Community,,134,,,,,Nibiru Chain: Global Community,200,2026-10-06T10:22:39+00:00
NicolaTeslaNews,empty_page,,,,,,,,,"If you have  Telegram , you can contact  @NicolaTeslaNews  right away.",200,2026-10-06T10:22:41+00:00
NostradamusInfo,alive,channel,Nostradamus Info,1660,,2026-09-15T18:08:17+00:00,0,5,,,200,2026-10-06T10:22:43+00:00
NovakDjoko,alive,user_or_bot,Omar Belghit,,,,,,,,200,2026-10-06T10:22:46+00:00
ObamaGateTruth,empty_page,,,,,,,,,"If you have  Telegram , you can contact  @ObamaGateTruth  right away.",200,2026-10-06T10:22:49+00:00
OfficialAnonymous,alive,channel,FuckNet | Russian Anonymous,17,,2022-07-04T22:54:02+00:00,0,0,,,200,2026-10-06T10:22:51+00:00
OfficialSatoshi,alive,channel,Officialsatoshi,16,,2022-11-04T02:31:54+00:00,0,0,,,200,2026-10-06T10:22:54+00:00
OfficialTimes,empty_page,,,,,,,,,"If you have  Telegram , you can contact  @OfficialTimes  right away.",200,2026-10-06T10:22:56+00:00
OhioDaily,alive,channel,Ohio Daily,218,,2026-09-15T18:08:17+00:00,0,5,,,200,2026-10-06T10:22:59+00:00
OklahomaNews,alive,channel,Oklahoma News,297,,2026-09-15T18:08:17+00:00,0,5,,,200,2026-10-06T10:23:01+00:00
PatriotPartyUS,empty_page,,,,,,,,,"If you have  Telegram , you can contact  @PatriotPartyUS  right away.",200,2026-10-06T10:23:03+00:00
PatriotsRepublicNews,alive,channel,Patriots Republic News   🇺🇸    🇺🇸,132,,2024-03-30T00:49:20+00:00,0,0,,🇺🇸,200,2026-10-06T10:23:06+00:00
People4Freedom,alive,channel,People 4 Freedom,744,,2026-07-14T20:11:22+00:00,0,0,,,200,2026-10-06T10:23:08+00:00
PierreTati,alive,channel,Водка Казино | Vodka Casino — вход и доступ к платформе,2,,2025-12-21T14:34:26+00:00,0,0,,"Открой Водка Казино | Vodka Casino и получи быстрый доступ к платформе онлайн через зеркало или официальный сайт. Забирай бонусы, используй фриспины и играй уверенно с честными выплатами и стабильной работой.",200,2026-10-06T10:23:11+00:00
QAnonCentral,empty_page,,,,,,,,,"If you have  Telegram , you can contact  @QAnonCentral  right away.",200,2026-10-06T10:23:14+00:00
QAnonDEU,empty_page,,,,,,,,,"If you have  Telegram , you can contact  @QAnonDEU  right away.",200,2026-10-06T10:23:16+00:00
QAnonItaliano,empty_page,,,,,,,,,"If you have  Telegram , you can contact  @QAnonItaliano  right away.",200,2026-10-06T10:23:19+00:00
QAnonMessiah,empty_page,,,,,,,,,"If you have  Telegram , you can contact  @QAnonMessiah  right away.",200,2026-10-06T10:23:22+00:00
QAnonPeople,empty_page,,,,,,,,,"If you have  Telegram , you can contact  @QAnonPeople  right away.",200,2026-10-06T10:23:26+00:00
QAnonStormBase,alive,channel,QanonStormBase,50,,2023-07-17T00:03:53+00:00,0,0,,QAnon Warriors   Q17 Trust The Plan  WWG1WGA  #MAGA,200,2026-10-06T10:23:29+00:00
QDonaldJTrump,alive,channel,Donald J. Trump,146,,2025-01-27T00:58:02+00:00,0,0,,www.DonaldJTrump.com,200,2026-10-06T10:23:32+00:00
QdropsFeed,empty_page,,,,,,,,,"If you have  Telegram , you can contact  @QdropsFeed  right away.",200,2026-10-06T10:23:35+00:00
QShaman,empty_page,,,,,,,,,"If you have  Telegram , you can contact  @QShaman  right away.",200,2026-10-06T10:23:38+00:00
qspeaking,alive,channel,p,16,,2023-04-01T07:20:42+00:00,0,0,,,200,2026-10-06T10:23:40+00:00
QuantityNews,alive,channel,Quantity News,811,,2026-07-14T18:59:33+00:00,0,0,,,200,2026-10-06T10:23:43+00:00
Querdenker24,alive,channel_no_preview,Freude am Leben,130,,,,,,,200,2026-10-06T10:23:46+00:00
quotationnation,alive,channel,Quotation Nation,129,,2026-07-14T20:11:22+00:00,0,0,,,200,2026-10-06T10:23:49+00:00
RealJoshHawley,empty_page,,,,,,,,,"If you have  Telegram , you can contact  @RealJoshHawley  right away.",200,2026-10-06T10:23:51+00:00
RealMikePompeo,empty_page,,,,,,,,,"If you have  Telegram , you can contact  @RealMikePompeo  right away.",200,2026-10-06T10:23:54+00:00
RealRonDeSantis,empty_page,,,,,,,,,"If you have  Telegram , you can contact  @RealRonDeSantis  right away.",200,2026-10-06T10:23:56+00:00
RealSteveBannon,empty_page,,,,,,,,,"If you have  Telegram , you can contact  @RealSteveBannon  right away.",200,2026-10-06T10:23:58+00:00
RepublicanToday,empty_page,,,,,,,,,"If you have  Telegram , you can contact  @RepublicanToday  right away.",200,2026-10-06T10:24:01+00:00
RGiuliani,empty_page,,,,,,,,,"If you have  Telegram , you can contact  @RGiuliani  right away.",200,2026-10-06T10:24:03+00:00
RisveglioItaliano,alive,channel,Risveglio Italiano,206,,2024-02-23T10:18:16+00:00,0,0,,,200,2026-10-06T10:24:06+00:00
RonWatkinss,empty_page,,,,,,,,,"If you have  Telegram , you can contact  @RonWatkinss  right away.",200,2026-10-06T10:24:10+00:00
RowanAtkin,alive,user_or_bot,Davi,,,,,,,,200,2026-10-06T10:24:14+00:00
RussiaRA,alive,user_or_bot,ru.ssiara,,,,,,,,200,2026-10-06T10:24:16+00:00
SabmykAwakening,empty_page,,,,,,,,,"If you have  Telegram , you can contact  @SabmykAwakening  right away.",200,2026-10-06T10:24:19+00:00
SatanicArt,alive,channel_no_preview,Satanic pictures horror art,8,,,,,,"Publishing some interesting fantazy satanic horror art pictures, drawings, videos, books",200,2026-10-06T10:24:21+00:00
ScotlandFirst,alive,channel,See And Wonder,207,,2026-07-14T20:11:22+00:00,0,0,,,200,2026-10-06T10:24:24+00:00
Shawunuwaz,empty_page,,,,,,,,,"If you have  Telegram , you can contact  @Shawunuwaz  right away.",200,2026-10-06T10:24:27+00:00
SideyPowellAcount,alive,channel,sideypowellacount,,,2024-12-11T19:27:23+00:00,0,0,,,200,2026-10-06T10:24:29+00:00
SpaceForceNews,alive,channel_no_preview,U.S. Space Force News,85,,,,,,Sharing the News about the Space Force!,200,2026-10-06T10:24:32+00:00
StarseedChildren,empty_page,,,,,,,,,"If you have  Telegram , you can contact  @StarseedChildren  right away.",200,2026-10-06T10:24:34+00:00
supernarrativ,empty_page,,,,,,,,,"If you have  Telegram , you can contact  @supernarrativ  right away.",200,2026-10-06T10:24:37+00:00
TheAmericanProphet,alive,channel,The American Prophet,78,,2026-07-14T18:59:33+00:00,0,0,,,200,2026-10-06T10:24:39+00:00
TheAntiguardian,empty_page,,,,,,,,,"If you have  Telegram , you can contact  @TheAntiguardian  right away.",200,2026-10-06T10:24:42+00:00
TheBritishNews,alive,channel,The British News,1310,,2026-07-14T20:11:22+00:00,0,0,,The British News,200,2026-10-06T10:24:44+00:00
TheEuropeNews,alive,channel,J,4,,2026-02-25T20:47:42+00:00,0,0,,,200,2026-10-06T10:24:47+00:00
TheGhostEzra,alive,channel,@GhostEzra,1,,2025-07-14T22:22:03+00:00,0,0,,,200,2026-10-06T10:24:49+00:00
TheGreatAwakening2,empty_page,,,,,,,,,"If you have  Telegram , you can contact  @TheGreatAwakening2  right away.",200,2026-10-06T10:24:52+00:00
TheGreatAwakenings,alive,channel,🤩  GREAT AWAKENING :),3,,2026-09-19T00:16:29+00:00,0,3,,,200,2026-10-06T10:24:54+00:00
TheGreatMarch,alive,channel,The Great March,67,,2026-07-14T20:11:22+00:00,0,0,,,200,2026-10-06T10:24:57+00:00
TheGreatUnmatrix,empty_page,,,,,,,,,"If you have  Telegram , you can contact  @TheGreatUnmatrix  right away.",200,2026-10-06T10:25:01+00:00
TheMedicalFreedom,empty_page,,,,,,,,,"If you have  Telegram , you can contact  @TheMedicalFreedom  right away.",200,2026-10-06T10:25:03+00:00
TheNewsweek,alive,channel,اخبار روز | اخبار ایران و جهان,1,,2024-06-06T13:55:03+00:00,0,0,,,200,2026-10-06T10:25:06+00:00
TheRealAwakening,alive,channel,The Voice of Truth 2025,14,,2025-02-02T06:34:24+00:00,0,0,,,200,2026-10-06T10:25:08+00:00
TheRevolutionNOW,empty_page,,,,,,,,,"If you have  Telegram , you can contact  @TheRevolutionNOW  right away.",200,2026-10-06T10:25:10+00:00
TheSummerOfResistance,empty_page,,,,,,,,,"If you have  Telegram , you can contact  @TheSummerOfResistance  right away.",200,2026-10-06T10:25:13+00:00
TheTrumpists,empty_page,,,,,,,,,"If you have  Telegram , you can contact  @TheTrumpists  right away.",200,2026-10-06T10:25:16+00:00
TimesOfChina,alive,channel_no_preview,Times of China,115,,,,,,,200,2026-10-06T10:25:18+00:00
TomBradyReal,alive,user_or_bot,Real Tom Brady,,,,,,,,200,2026-10-06T10:25:21+00:00
TOSullivan,alive,channel_no_preview,T. O'Sullivan,427,,,,,,,200,2026-10-06T10:25:23+00:00
TuckerCarlsonNews,empty_page,,,,,,,,,"If you have  Telegram , you can contact  @TuckerCarlsonNews  right away.",200,2026-10-06T10:25:25+00:00
UfoOfficial,empty_page,,,,,,,,,"If you have  Telegram , you can contact  @UfoOfficial  right away.",200,2026-10-06T10:25:28+00:00
UniteNotDivide,empty_page,,,,,,,,,"If you have  Telegram , you can contact  @UniteNotDivide  right away.",200,2026-10-06T10:25:30+00:00
UnsplitSoul,alive,channel_no_preview,Unsplit Soul,115,,,,,,,200,2026-10-06T10:25:33+00:00
UnsplitSouls,alive,channel,Unsplit Souls,146,,2026-07-14T20:11:22+00:00,0,0,,,200,2026-10-06T10:25:35+00:00
UnvaccinatedWelcome,empty_page,,,,,,,,,"If you have  Telegram , you can contact  @UnvaccinatedWelcome  right away.",200,2026-10-06T10:25:38+00:00
USmarinesChannel,empty_page,,,,,,,,,"If you have  Telegram , you can contact  @USmarinesChannel  right away.",200,2026-10-06T10:25:41+00:00
USmilitaryVoice,alive,channel,Patriot Registration Benefits,12,,2022-11-03T17:50:28+00:00,0,0,,First Come First Served,200,2026-10-06T10:25:43+00:00
USnavyChannel,empty_page,,,,,,,,,"If you have  Telegram , you can contact  @USnavyChannel  right away.",200,2026-10-06T10:25:45+00:00
USPatriots,alive,channel,US Patriots,159,,2025-03-26T09:54:50+00:00,0,0,,,200,2026-10-06T10:25:50+00:00
VaxFr,alive,user_or_bot,elyzian,,,,,,,,200,2026-10-06T10:25:53+00:00
WeAreTheFaithful,empty_page,,,,,,,,,"If you have  Telegram , you can contact  @WeAreTheFaithful  right away.",200,2026-10-06T10:25:56+00:00
WikiOfficial,alive,channel,Wiki frog  🎧    💚    💜,2,,2024-04-28T15:15:57+00:00,0,0,,,200,2026-10-06T10:25:58+00:00
WolfgangThierse,empty_page,,,,,,,,,"If you have  Telegram , you can contact  @WolfgangThierse  right away.",200,2026-10-06T10:26:00+00:00
WorldAwaken,alive,user_or_bot,worlds,,,,,,,,200,2026-10-06T10:26:03+00:00
WWG1WGAhere,empty_page,,,,,,,,,"If you have  Telegram , you can contact  @WWG1WGAhere  right away.",200,2026-10-06T10:26:05+00:00
YellowstoneWolf,empty_page,,,,,,,,,"If you have  Telegram , you can contact  @YellowstoneWolf  right away.",200,2026-10-06T10:26:08+00:00
Absolute1776,alive,channel,𝗣𝗮𝘂𝗹 𝗙𝗹𝗲𝘂𝗿𝗲𝘁 (𝗔𝗯𝘀𝗼𝗹𝘂𝘁𝗲𝟭𝟳𝟳𝟲)   ✝️    🗽    🇺🇸,40600,,2026-10-05T19:28:09+00:00,20,20,,Howdy! I’m Paul! My pronouns are: MAGA/AMERICAN   🇺🇸   Video Wizard. Memer. Podcaster.  #GodWins  1 Peter 3:14   ✝️    🙏🏻    ✝️     #WWG1WGA   #DarkToLight   #GodWins    absolutestorm.net,200,2026-10-06T10:26:10+00:00
absolute17q,empty_page,,,,,,,,,"If you have  Telegram , you can contact  @absolute17q  right away.",200,2026-10-06T10:26:13+00:00
AccesstoAngels444,alive,channel,AccesstoAngels,63,,2026-10-06T00:19:24+00:00,20,20,,"Helping Patriots Awaken to Truth through Love and Peace   💖  11:11  😇   17, 3-6-9-12 TRUTH SOCIAL@AccesstoAngels",200,2026-10-06T10:26:15+00:00
Activemancstreamz,alive,channel,Tommy Robinson news & Team Tommy's shinnanigans Inc TRR,197,,2025-07-15T22:25:59+00:00,0,0,,,200,2026-10-06T10:26:18+00:00
ActivistPost,alive,channel,Activist Post,1160,,2023-09-05T01:52:42+00:00,0,0,,Alternative News & Independent News,200,2026-10-06T10:26:20+00:00
acTVism,alive,channel,AcTVism Munich,835,,2026-10-04T10:26:50+00:00,12,20,SchreibUnsAn_bot TheBlogCat,information that moves  betterPlace.org/projects/51400   This channel is owned by a supporter of acTVsm.   Fragen?   👉🏻    @SchreibUnsAn_bot !   @TheBlogCat,200,2026-10-06T10:26:23+00:00
AdnansArchives,alive,channel_no_preview,Adnan’s Archives,69,,,,,,"Islam, politics, history, economics",200,2026-10-06T10:26:26+00:00
AdrenochromeHumanTrafficking,empty_page,,,,,,,,,"If you have  Telegram , you can contact  @AdrenochromeHumanTrafficking  right away.",200,2026-10-06T10:26:29+00:00
AdvancedMedicine,alive,channel,Advanced Medicine Channel,12700,,2026-09-19T21:22:31+00:00,0,4,,"This channel has been created to ensure we have a FREE and open way of communicating. Privacy is eroding and censorship has become rampant so to maintain our own ""community"" is more important than ever. Also, if not registerd, visit www.AdvancedMedicine.",200,2026-10-06T10:26:31+00:00
AfrikanerBoerOriginal,empty_page,,,,,,,,,"If you have  Telegram , you can contact  @AfrikanerBoerOriginal  right away.",200,2026-10-06T10:26:34+00:00
AFUpdates,alive,channel,Expired,15,,2022-08-29T18:55:53+00:00,0,0,,,200,2026-10-06T10:26:37+00:00
AGENT_A1,alive,channel,AGENT A1,6680,,2026-10-06T09:58:01+00:00,17,17,,MILITARY INTEL  LAWS TRIBUNALS SPECIAL OPERATIONS  MK ULTRA MASS SHOOTINGS-Facebook Social media via lcd screens blue light    SYMBOLISM   🍥    🔥    🍥   END  REMOTE CAR CRASHES / MATTHEW STAIKOS MURDER / WIKILEAKS VAULT 7  DECODED & SOLVED  CLEAN UP OF CANADA 33,200,2026-10-06T10:26:39+00:00
agitatedman,empty_page,,,,,,,,,"If you have  Telegram , you can contact  @agitatedman  right away.",200,2026-10-06T10:26:42+00:00
ahab88,alive,channel_no_preview,Warren Balogh NJP 💀⚡⚡,2308,,,,,,,200,2026-10-06T10:26:45+00:00
AIM_America,empty_page,,,,,,,,,"If you have  Telegram , you can contact  @AIM_America  right away.",200,2026-10-06T10:26:47+00:00
AkhandBharath,alive,channel,Akhand Shitposting Agency,675,,2026-10-06T06:17:36+00:00,18,18,,Ultra Nationalist (Constructive Criticism of ruling government for betterment of Nation),200,2026-10-06T10:26:49+00:00
alaraofsiriuschannel,empty_page,,,,,,,,,"If you have  Telegram , you can contact  @alaraofsiriuschannel  right away.",200,2026-10-06T10:26:52+00:00
alertajudiada,empty_page,,,,,,,,,"If you have  Telegram , you can contact  @alertajudiada  right away.",200,2026-10-06T10:26:54+00:00
AlexanderQPatriot,alive,channel,The Authority,3950,,2024-07-30T03:21:57+00:00,0,0,,,200,2026-10-06T10:26:58+00:00
alexicusbloomicus,alive,channel,Alexicus Bloomicus,161,,2026-10-06T05:47:09+00:00,19,20,,Updates as we further usher in the Great Awakening,200,2026-10-06T10:27:00+00:00
AlexJonesChannel,alive,channel,Alex Jones,27800,,2026-10-05T23:36:16+00:00,20,20,,Official Telegram for real  #AlexJones            NEW SITE LAUNCHED!  https://www.alexjoneslive.com    Tune in 247:  https://rumble.com/c/TheAlexJonesShowLive  Shop:  https://thealexjonesstore.com    https://AlexJones.Live     #AlexJonesShow   #AlexJonesLive   #AJN,200,2026-10-06T10:27:03+00:00
alialexander,alive,channel,ALI ALEXANDER,6920,,2026-10-06T02:10:24+00:00,20,20,,Strategist and former protest organizer.,200,2026-10-06T10:27:06+00:00
alicedownrabbithole,alive,channel,Alice Down The Rabbit Hole,879,,2023-02-03T20:05:06+00:00,0,0,,Sharing videos and posts to MAGA Patriots.  #SaveOurChildren,200,2026-10-06T10:27:09+00:00
AliceInWonerland,alive,channel,AliceInWonderland,127,,2026-09-23T12:48:39+00:00,0,1,,Think mirror Think logically,200,2026-10-06T10:27:11+00:00
aligoingholistic,alive,channel,Going Holistic,25,,2021-11-07T14:55:13+00:00,0,0,,Unlearning and relearning,200,2026-10-06T10:27:14+00:00
alistairwilliams,alive,channel,Alistair williams Supporters,2120,,2026-09-20T20:36:31+00:00,0,4,,,200,2026-10-06T10:27:16+00:00
AllAnonPI,alive,channel,All Anon PI,8,,2023-11-22T04:34:15+00:00,0,0,,Fore-knowladge cannot be gotton from ghost's and spirits or caculation.  Must be obtained from people who know the conditions of the enemy,200,2026-10-06T10:27:19+00:00
alleyesonislam,alive,channel_no_preview,All Eyes on Islam,32,,,,,,Whether you like it or not Islamists are at war with the Western World.,200,2026-10-06T10:27:22+00:00
AllisNotWhatitSeems,alive,channel,All is NOT What it Seems,80,,2025-06-26T20:03:22+00:00,0,0,,Find it here - The truth is out there   😉,200,2026-10-06T10:27:24+00:00
ALoneRaccoon,alive,channel,The Lone Raccoon,9240,,2026-10-06T01:08:05+00:00,7,20,,,200,2026-10-06T10:27:27+00:00
alproudboys,empty_page,,,,,,,,,"If you have  Telegram , you can contact  @alproudboys  right away.",200,2026-10-06T10:27:30+00:00
AlSangmoore,alive,channel,Alexander Sangmoore - [Narrator & Intel_Director],246,,2022-07-28T22:05:36+00:00,0,0,,,200,2026-10-06T10:27:33+00:00
alteredegos,alive,channel,Altered Egos News,74,,2026-10-05T14:51:37+00:00,3,8,alteredegosmemes alteredegospublic strictlycensored worldwarthreenews,"Alternative news and activism. group discussion chat: Altered Egos Public Space  @alteredegospublic  original memes: Altered Egos Memes  @alteredegosmemes  Other affiliated accounts: World War 3 News  @worldwarthreenews , Strictly Cэnsorэd  @strictlycensored",200,2026-10-06T10:27:36+00:00
AlternativeNewsStream,alive,channel,Alternative News Stream,1200,,2026-10-06T09:02:10+00:00,15,15,,"Nachrichten und Meldungen gesammelt aus aller Welt abseits des Mainstream.  Erweitere Dein Denken.  RED PILL & Orange Pill.  Werbefrei. Kostenlos. Unzensiert. Aktuell. Der Wahrheit zuliebe.  Alles Satire, Comedy & eigene Meinung.  WWG1WGA",200,2026-10-06T10:27:41+00:00
ALXTheLord,alive,channel,ALX  🇺🇸,19800,,2024-05-10T02:15:23+00:00,0,0,,#Dogecoin  Ɖ,200,2026-10-06T10:27:43+00:00
amandaensing,alive,channel,Amanda Ensing,642,,2023-08-01T22:28:43+00:00,0,0,,Faith > fear   🕊    🇺🇸,200,2026-10-06T10:27:46+00:00
AmAr0719,alive,channel,New World Benefits   🌎,692,,2026-09-13T07:21:39+00:00,0,3,,"Gives current world status,  future necessary actions. For a better world for our users. Finance/education/truth.",200,2026-10-06T10:27:49+00:00
Amazing_Polly,alive,channel,Amazing Polly & SGT Report Youtube & Bitchute,3210,,2026-10-04T04:38:49+00:00,3,16,,This Channel provides bitchute Video-Alerts of Amazing Polly and SGT Report.,200,2026-10-06T10:27:52+00:00
AmazingPollyOriginal,alive,channel,AmazingPolly.net,17900,,2026-04-11T10:33:20+00:00,0,0,,"Hello dear AMAZING POLLY followers on Telegram,  AMAZING POLLY is not the owner and provider of this channel! WWW:   https://www.amazingpolly.net/contact-support.php  GAB:   https://gab.com/AmazingPolly  BITCHUTE:   https://www.bitchute.com/channel/ZofFQQoDoqY",200,2026-10-06T10:27:54+00:00
america_news_channel,alive,channel,AMERICA NEWS,2090,,2026-10-06T09:07:21+00:00,20,20,independencehall_bot,America news - Independent Journalism  Keep up with the real ​news about politics and economy that impacts you with up-to-date reports from around the country and inside the Beltway  📯    Contact:  @independencehall_bot,200,2026-10-06T10:27:57+00:00
AmericaAwakes,alive,channel_no_preview,America Awakes,46,,,,,,Helping people do their research and passing along good news. Curating information you may want to know about. Fierce believer in God and my Lord Jesus Christ.,200,2026-10-06T10:27:59+00:00
Americabroadcasts,alive,channel,Crypto and AI,1160,,2026-03-19T03:59:07+00:00,0,0,,"🇺🇸   Крипто-пульс Америки — SEC, ФРС, Конгресс, Силиконовая долина.    📊   Американский рынок = 60% крипто-капитализации. Смотри куда текут деньги.  Америка определяет правила. Мы рассказываем какие.",200,2026-10-06T10:28:01+00:00
American_Patriot_Reality_Check,alive,channel,American Patriot Reality Check,42,,2026-09-17T15:28:11+00:00,0,5,,"APRC Information Channel - Patriot Material, FACTS, Humor, America! No QTards!!",200,2026-10-06T10:28:04+00:00
AmericanAscent,alive,channel_no_preview,American Ascent,39,,,,,AmericanAscent,t.me/AmericanAscent,200,2026-10-06T10:28:06+00:00
AmericanBeauty17,alive,channel,American_Beauty17   🌹,1470,,2025-02-20T21:00:53+00:00,0,0,American_Beauty17,https://t.me/American_Beauty17,200,2026-10-06T10:28:09+00:00
americancrusade,alive,group,A.C.I Recruitment & Updates,,21,,,,,"-This is our media outreach channel, if you’d like to become an actual member or get involved, fill out our political screener  -We promote the restoration of god, our culture/people, and to persecute all who oppose or betrayed our way of life",200,2026-10-06T10:28:11+00:00
AmericanMilitiaFreedomForces,alive,channel,AMERICAN MILITIA FREEDOM FORCES,139,,2024-06-11T07:11:32+00:00,0,0,,"To execute the (9th & 10th Amendment, Constitution and Bill Of Rights) Laws of The Union, suppress (Deep State) Insurrections and repel (FOREIGN ILLEGAL ALIEN) Invasions",200,2026-10-06T10:28:14+00:00
AmericanPat01,alive,channel,AMERICANPATRIOT01,13,,2024-07-07T05:11:43+00:00,0,0,,,200,2026-10-06T10:28:16+00:00
AmericanProphetChannel,alive,channel,American Prophet Channel,1610,,2026-10-06T04:56:37+00:00,20,20,,"This is the new LibertyRestoredChannel. LR was locked by Telegram (censorship).  AP is a tribute to the American Prophet YouTube channel  We are the Storm, we are the News ... and we know what lies ahead.   #WWG1WGA",200,2026-10-06T10:28:19+00:00
AmericanStrong1776,alive,channel_no_preview,Patriot News🇺🇲 ❤️🤍💙    [ FAKE ],289,,,,,,Bringing Americans together through News and Information. We will not lose our beloved country to the far Left.    bit.ly/PatriotMap,200,2026-10-06T10:28:21+00:00
AmericanUP,alive,channel,American UP,23,,2024-08-08T03:16:02+00:00,0,0,,,200,2026-10-06T10:28:23+00:00
AmericanWarrior2,empty_page,,,,,,,,,"If you have  Telegram , you can contact  @AmericanWarrior2  right away.",200,2026-10-06T10:28:26+00:00
americaproject,alive,channel,The America Project,2290,,2024-09-25T23:14:44+00:00,0,0,,TAP was founded to advance freedom and preserve the American way of life. We love America. We seek and speak truth. Stand with us!,200,2026-10-06T10:28:28+00:00
AmericasAuditForce,alive,channel,America's Audit Force,1300,,2026-10-05T23:24:23+00:00,9,15,,,200,2026-10-06T10:28:31+00:00
AmericasVoiceOutsideMedia,alive,channel_no_preview,America's Voice Outside The Media,57,,,,,,,200,2026-10-06T10:28:34+00:00
AmericaUpdates,alive,channel,America Updates Q (Weekly),46,,2026-10-05T21:33:59+00:00,12,19,,Important things to know!,200,2026-10-06T10:28:36+00:00
americawoke,alive,channel,Woke America News,279,,2023-01-18T18:16:34+00:00,0,0,usnews_bot,Police violence monitor and beyond. Message  @usnews_bot  to send a tip or info. RT not endorsement,200,2026-10-06T10:28:38+00:00
ampop,alive,channel_no_preview,AmPop Gang 🇺🇸 - Ashli Babbit Edition,177,,,,,WorldTsar,The official channel of American Populism. Join us at: #AmPop  International news and affairs covered by our partner channel WORLD TSAR. t.me/WorldTsar,200,2026-10-06T10:28:41+00:00
AmThoughtLeader,alive,channel,American Thought Leaders - The Epoch Times,1240,,2026-10-05T21:07:00+00:00,8,8,,"American Thought Leaders, hosted by The Epoch Times Senior Editor Jan Jekielek and his reporting team, features in-depth discussions with some of America’s most influential thought leaders on pertinent issues facing our nation today.",200,2026-10-06T10:28:44+00:00
amymareethatwouldbeme,alive,channel_no_preview,Amy Jay✨🐸,12,,,,,,I will not sit down and shut up. Ready to shove a blue bird up Jack's @r$s,200,2026-10-06T10:28:46+00:00
AnarchoMemes,alive,channel,🏴   AnarchoMemes   🔥,4210,,2026-09-04T13:08:42+00:00,0,0,MetaAnarchoMemes RevolutionaryBooks indygram,Radical ideals. Radical memes.  Suggestions ? Questions ? In the discussion channel !  @MetaAnarchoMemes   Anarchist news and culture   👉    @indygram   Recommended reading   👉    @RevolutionaryBooks,200,2026-10-06T10:28:48+00:00
anarcorpinternational,alive,channel,AnarCorp International,23,,2023-09-03T14:12:26+00:00,0,0,,Uncensored posts from AnarCorp here on Telegram,200,2026-10-06T10:28:51+00:00
ancreport,alive,channel,ANC Report  🇮🇷,14800,,2026-10-06T09:28:12+00:00,20,20,,. Substack  https://ryandawson.substack.com/  • Official website:  https://www.ancreport.com  Telegram for chat  This telegram link for sharing,200,2026-10-06T10:28:54+00:00
andibond17,empty_page,,,,,,,,,"If you have  Telegram , you can contact  @andibond17  right away.",200,2026-10-06T10:28:56+00:00
Andy_Ngo,alive,channel,Andy Ngo (Official),34200,,2026-10-05T22:31:57+00:00,9,20,,Official Telegram channel for independent journalist Andy Ngo. Support his work by going to  andy-ngo.com,200,2026-10-06T10:28:59+00:00
AndySaxon78,alive,channel,Andy Saxon,280,,2022-07-15T07:28:33+00:00,0,0,,,200,2026-10-06T10:29:01+00:00
AngelaEstep,alive,channel,DONT' feed the UNICORN,6,,2022-10-10T00:00:33+00:00,0,0,,,200,2026-10-06T10:29:04+00:00
AngelChristinePatriot,empty_page,,,,,,,,,"If you have  Telegram , you can contact  @AngelChristinePatriot  right away.",200,2026-10-06T10:29:07+00:00
ANGELICHUMANS,alive,channel,ANGELIC HUMANS INTEL,1570,,2026-06-08T06:45:08+00:00,0,0,,"20 FEBR 2022 ACTIVATION OF 12 STANDS DNA, 144.000 ANGELIC HUMANS AWAKENING WITH SUPER POWER AND ABILITIES.",200,2026-10-06T10:29:09+00:00
AngelResQue,alive,channel,AngelResQue USA  🇺🇸,1480,,2025-11-22T14:17:40+00:00,0,0,,💛   Voice of People Every where   💛    WWG1WGA   🤜🏽    🤛🏽    . Specialist help support for children and parents and adults   #child_rescue   #Adult  Rescue  #PeopleRescue   #Trafficking   #ChildrenLivesMatter   #Alllivesmatter,200,2026-10-06T10:29:12+00:00
AnnaKhaitChannel,alive,channel,Anna Khait,6450,,2026-10-06T05:00:04+00:00,1,2,,"In case I get banned on all platforms, I’ll still be here hopefully   😊    🧡    Follower of Jesus   🙏🏼  - Animal Lover - Conservative Ex-Pro Poker Player- Television Show SURVIVOR S32 Contestant  🌴   - Instagram:  https://www.instagram.com/realAnnaKhait/",200,2026-10-06T10:29:15+00:00
AnnieQuePorterUpdates,empty_page,,,,,,,,,"If you have  Telegram , you can contact  @AnnieQuePorterUpdates  right away.",200,2026-10-06T10:29:17+00:00
Anon_31,alive,user_or_bot,Anon,,,,,,,,200,2026-10-06T10:29:20+00:00
anonawol,alive,channel,WEARE[A],12,,2023-06-20T12:36:40+00:00,0,0,,WEARE[A]  UHGM FYP  WAARAIG WHYB,200,2026-10-06T10:29:22+00:00
anonbible,alive,channel,The AnonBible,124,,2022-08-19T12:39:11+00:00,0,0,,**We Do Not Forget**,200,2026-10-06T10:29:25+00:00
anonbunker,empty_page,,,,,,,,,"If you have  Telegram , you can contact  @anonbunker  right away.",200,2026-10-06T10:29:27+00:00
AnonEngland,alive,user_or_bot,buzhisuoyi,,,,,,,,200,2026-10-06T10:29:30+00:00
anonghostinfo,empty_page,,,,,,,,,"If you have  Telegram , you can view posts by  @anonghostinfo  right away.",200,2026-10-06T10:29:32+00:00
anonpatriotq76,alive,channel,anonymous patriot,4070,,2022-07-23T18:30:26+00:00,0,0,,,200,2026-10-06T10:29:35+00:00
AntiPlumbers,empty_page,,,,,,,,,"If you have  Telegram , you can contact  @AntiPlumbers  right away.",200,2026-10-06T10:29:37+00:00
antoinettekalaj17,alive,channel,ANTOINETTE KALAJ,18,,2022-04-16T02:25:44+00:00,0,0,,Co-Host on The Steak for Breakfast Podcast    🥩    🎙    🎧     https://steakforbreakfastpodcast.com/,200,2026-10-06T10:29:40+00:00
APatriotsTruth,alive,channel,A Patriot's Truth,526,,2025-09-13T15:38:24+00:00,0,0,,"We have before us a time of great deception and a need for revival in our faith in God, patriotism, morale, liberty, and justice. May you find it in yourself to fight the good fight and speak truth at all costs  🙏    ✝️    🇺🇸   More ->  https://linktr.ee/PatriotMap",200,2026-10-06T10:29:42+00:00
appledailyhk26,alive,channel,香港人的蘋果,29900,,2025-12-14T10:23:14+00:00,0,0,appledailyhk26 appledailyhk26_bot,🍎  保留一點真相、一些堅持：  https://t.me/appledailyhk26   聯繫：  @appledailyhk26_bot,200,2026-10-06T10:29:44+00:00
Aq701,alive,channel,پاکستان زندہ باد,36,,2026-01-23T13:30:23+00:00,0,0,,PAKISTAN ZINDABAD   🇵🇰,200,2026-10-06T10:29:47+00:00
aquariussoldier,alive,channel_no_preview,WarriorAquarius♒️,537,,,,,,New account  Waking up in a Digital World,200,2026-10-06T10:29:49+00:00
ArchBonnema,alive,channel,ARCH BONNEMA,507,,2022-04-16T16:02:29+00:00,0,0,,,200,2026-10-06T10:29:52+00:00
ArchiesBunker,empty_page,,,,,,,,,"If you have  Telegram , you can contact  @ArchiesBunker  right away.",200,2026-10-06T10:29:55+00:00
areveur51,alive,channel_no_preview,REVELATIQNS,177,,,,,,A River 51Qws • OneGodTheAlmightyFather • FamilyIsEverything • Anons • $AMC • $GME • $HYMC • $PLTR • $XRP • $FUZZY • 2A • GlobeEarth • ‘MERICA 1st 🇺🇸,200,2026-10-06T10:29:57+00:00
areyouawake1,alive,channel,⌁ Aяє Yσυ Aωαкє ⌁   👁,8350,,2026-10-01T23:11:17+00:00,1,7,,🜏 A Glitch in the Matrix 🜏  🜎 Beyond the Veil of Maya 🜄 Riding the Cosmic Flow 🜲 Manifesting New Realities Consciousness Expansion in Progress | 11:11  x.com/AreYouAwake11  Coming Soon : AreYouAwake.Co.Uk,200,2026-10-06T10:30:00+00:00
ArizonaAuditForce,alive,channel_no_preview,Arizona Audit Force,46,,,,,,,200,2026-10-06T10:30:03+00:00
ArizonaAuditLiveFeeds,alive,channel,Arizona Must Decertify,6750,,2026-10-06T06:17:45+00:00,2,20,joinchat,Grassroots audit channel for AZ   Arbitration room to reenter chat:  https://t.me/joinchat/2rLjfmMW8pM5MmIx   Chat:  t.me/joinchat/SlEiDtBXy3Q2YTAx   Workgroup to report and vet:  t.me/joinchat/rCRHiFvxtfszYTZh,200,2026-10-06T10:30:05+00:00
ArizonaConservatives,alive,channel,Arizona Conservatives Take Action,3640,,2023-08-02T16:33:54+00:00,0,0,,"This is a resource and action page for Arizona-supporting patriots to stay informed and promote America First policies throughout the state. We are hyper-focused on fraud exposure, election reform, RINO recalls, and rebuilding our GOP.  #SaveAmerica   🇺🇸",200,2026-10-06T10:30:08+00:00
ArizonaRedRoots,alive,channel,Arizona Red Roots,2700,,2025-09-13T20:41:27+00:00,0,0,,"News, grassroots events & resources from the Conservative MAGA movement in Arizona. Turn the GOP into MAGA. Focus on the Voter Rolls! No more machines. Our Elections are Fraudulent.",200,2026-10-06T10:30:10+00:00
ArkansasGroyper1,alive,channel,Arkansas Groyper   ✝️     🇺🇸,553,,2025-02-14T05:37:01+00:00,0,0,,Nondenominational   ✝️   • Loves Yahveh • America First Conservative • Zoomer • Fren • 1 John 3:8 KJV • Here to expose the evil Kenites building the NWO,200,2026-10-06T10:30:13+00:00
Arkmidnight,alive,channel,Official John B WellsNews Broadcast Group,1590,,2026-10-05T18:44:08+00:00,9,20,,https://arkmidnight.com/,200,2026-10-06T10:30:17+00:00
ArmyOfFrogs17,empty_page,,,,,,,,,"If you have  Telegram , you can contact  @ArmyOfFrogs17  right away.",200,2026-10-06T10:30:19+00:00
ArrestsIndictmentsJustice,alive,channel,Arrests~Indictments~Justice,6020,,2024-05-30T01:10:07+00:00,0,0,,"""When justice is done, it brings joy to the righteous but terror to evildoers"" Proverbs 21:15  #DigitalSoldier  WWG1WGA  💚    🐸",200,2026-10-06T10:30:21+00:00
artsakheng,empty_page,,,,,,,,,"If you have  Telegram , you can contact  @artsakheng  right away.",200,2026-10-06T10:30:25+00:00
AscendingTheSpectrum,alive,channel_no_preview,Ascending the Spectrum,519,,,,,,Podcastism,200,2026-10-06T10:30:28+00:00
ashleasimonnews,alive,channel,Ashlea Simon News,1120,,2026-10-04T23:13:48+00:00,6,12,,Patriotic commentary and pieces on social issues impacting our people and country.  Historical footnotes. Make Britain Great Again,200,2026-10-06T10:30:30+00:00
AshTruthBrew,alive,channel,AshTruthBrew,124,,2026-09-04T15:05:22+00:00,0,0,,⭐️   “You may all go to hell and I will go to TEXAS”   ⭐️   TEXAS Made • God • Family • Country • 2A • I will fight for Truth and Freedom until the day I die •   🙏🏼    💪🏼    ❤️    🇺🇸,200,2026-10-06T10:30:33+00:00
asleepnomore,empty_page,,,,,,,,,"If you have  Telegram , you can contact  @asleepnomore  right away.",200,2026-10-06T10:30:35+00:00
atmashanti,alive,channel,На стыке миров/Между Шивой и завтраком,31,,2026-06-11T07:30:13+00:00,0,0,,"Расстановки, полевая терапия и духовная практика ИНН 503205754978 Стоимость консультации 5000 руб Контактый телефон 89037642214 Договор-оферты  https://disk.yandex.ru/i/jlqTW_unO1T5mQ  Правила проведения консультации  https://disk.yandex.ru/d/w4Rw_M2xElm6nQ",200,2026-10-06T10:30:38+00:00
AtomFront,empty_page,,,,,,,,,"If you have  Telegram , you can contact  @AtomFront  right away.",200,2026-10-06T10:30:40+00:00
AttorneySidneyP0well,empty_page,,,,,,,,,"If you have  Telegram , you can contact  @AttorneySidneyP0well  right away.",200,2026-10-06T10:30:43+00:00
auditthevotepa,alive,channel,Audit the Vote,4860,,2026-09-21T20:47:08+00:00,0,2,,"Www.Auditthevotepa.com   The Audit The Vote Team: Toni Shuppe, CEO Vico Bertogli, Director of Data and Analytics  Updates on our grassroots movement for election integrity and constitutional education.",200,2026-10-06T10:30:46+00:00
AuditWINews,alive,channel,Wisconsin Election integrity Channel,767,,2026-10-03T01:03:08+00:00,10,20,,Welcome to Wisconsin Audit Chat. We are American Patriot owned and have joined together to unite and educate Patriots on forensic audits and state election integrity.,200,2026-10-06T10:30:49+00:00
auraxchan,alive,channel,Aurax,12800,,2026-10-06T04:45:47+00:00,16,16,,Tune In,200,2026-10-06T10:30:51+00:00
aussie_aramean,empty_page,,,,,,,,,"If you have  Telegram , you can contact  @aussie_aramean  right away.",200,2026-10-06T10:30:54+00:00
AussieCossack,alive,channel,🇦🇺  AussieCossack  🇷🇺,73600,,2026-10-06T08:45:32+00:00,17,17,AussieCossackOfficialBot,Australian political prisoner Simeon Boikov continues defiantly broadcasting news & intel from Sydney's Russian Consulate since 2022.    📢  For Advertising & Media/Political Consulting contact  @AussieCossackOfficialBot,200,2026-10-06T10:30:56+00:00
aussiesurvival,empty_page,,,,,,,,,"If you have  Telegram , you can contact  @aussiesurvival  right away.",200,2026-10-06T10:30:59+00:00
Australia99news,alive,channel,Australian Real News,324,,2022-10-25T16:23:36+00:00,0,0,,Australia Real Raw News,200,2026-10-06T10:31:01+00:00
AustraliaFirst,alive,channel,Australia First,2,,2025-01-15T11:08:09+00:00,0,0,,A group of like minded Australians,200,2026-10-06T10:31:04+00:00
Australian_Resistance,alive,channel,AustralianResistance   🦘,1180,,2026-10-06T08:38:14+00:00,16,19,Australian_Resistance,"Created Aug 21, 2021 First Post >  https://t.me/Australian_Resistance/2",200,2026-10-06T10:31:06+00:00
autismobalkan,alive,channel_no_preview,/Balkan/ general,122,,,,,,basically a news/shitposting/personal channel which i post whatever interests me the most,200,2026-10-06T10:31:09+00:00
autistnewsfornormies,alive,channel,Autist News For Normies,20,,2022-10-18T04:15:37+00:00,0,0,,Trump won.,200,2026-10-06T10:31:12+00:00
Aw8keNotWoke,alive,channel,aw8kenotwoke,14,,2026-07-13T18:10:54+00:00,0,0,,,200,2026-10-06T10:31:15+00:00
AwakeInformed,alive,channel,Awakening and Informed,10,,2023-04-12T11:14:03+00:00,0,0,,Earnest info sharing,200,2026-10-06T10:31:17+00:00
Awaken2,alive,user_or_bot,awaken,,,,,,,,200,2026-10-06T10:31:20+00:00
Awakened44,empty_page,,,,,,,,,"If you have  Telegram , you can contact  @Awakened44  right away.",200,2026-10-06T10:31:22+00:00
AwakenedPatriotsUSA,alive,channel,Awakened Patriots  ™   USA,153,,2023-12-07T07:07:03+00:00,0,0,,"Join us in the fight for freedom!   We share breaking intel, tools, and daily red pills. Join this channel now to lock arms with us and fight the forces of evil.  Stay connected to us via email. Join our free weekly newsletter here:  https://bit.ly/3bUVwaJ",200,2026-10-06T10:31:25+00:00
awakeningdaily,alive,channel,Great Awakening / Quantum Disclosure,1190,,2023-05-02T13:00:35+00:00,0,0,,Seeking Truth,200,2026-10-06T10:31:28+00:00
AwokenRepLady,empty_page,,,,,,,,,"If you have  Telegram , you can contact  @AwokenRepLady  right away.",200,2026-10-06T10:31:30+00:00
axisoftheresistance,alive,channel,Axis Of The Resistance News,145,,2026-04-14T18:27:56+00:00,0,0,,Information des actualités de l'axe de la résistance. Information of the news of the axis of the resistance.,200,2026-10-06T10:31:33+00:00
AzazelNews,alive,channel,Azazel News,26100,,2026-10-06T10:09:58+00:00,14,14,,Azazel: appears as a fallen angel responsible for introducing humanity to forbidden knowledge. This channel is dedicated to sharing actionable intelligence/knowledge regarding COVID19/Coronavirus/Protest/Riots. Azazel & Doomsday are Apolitical Org,200,2026-10-06T10:31:35+00:00
azinformer,alive,channel,Arizona Informer placeholder,2,,2026-03-19T15:04:29+00:00,0,0,azblade,Now  @azblade,200,2026-10-06T10:31:38+00:00
b_info_audio,alive,channel,📀   BÜRGERINFORMATIVE   💿   Audio/Video-Podcast Archiv,3070,,2026-10-06T07:12:13+00:00,20,20,buergerinfochat buergerinformative,"❗️  Videos, die wir in den Kanälen  @buergerinformative  posten, werden hier als  #Podcast    🎧  Audio u.   🎬  Video archiviert und somit gegen YouTube-Kanallöschungen gesichert  ❗️     🖍  Gespräche in der Gruppe:  @buergerinfochat",200,2026-10-06T10:31:40+00:00
babyqplus,alive,channel,BabyQ Plus,144,,2024-10-10T00:34:46+00:00,0,0,,Official Telegram Channel of The BabyQ Plus Show,200,2026-10-06T10:31:43+00:00
BandRMemes,alive,channel,B&R Meme Factory,35,,2021-08-18T00:06:59+00:00,0,0,,"Libertarian-ish, right leaning memes, and shitposts for based and redpilled folk",200,2026-10-06T10:31:45+00:00
BANNEDdotVIDEO,alive,channel,BANNED.video,5700,,2026-10-05T16:06:37+00:00,13,20,,Home of the internets MOST banned videos!   🗣    🚫     https://BANNED.video  /  EXPLORE:  https://flow.page/banned.video,200,2026-10-06T10:31:48+00:00
bannedforlife,alive,channel,Politically Incorrect News,527,,2026-10-06T02:20:56+00:00,18,18,,,200,2026-10-06T10:31:51+00:00
BannedInTheUSA,empty_page,,,,,,,,,"If you have  Telegram , you can contact  @BannedInTheUSA  right away.",200,2026-10-06T10:31:53+00:00
bannedvid,alive,channel,Banned Videos,1770,,2026-10-05T12:26:44+00:00,8,20,,"The best banned videos from around the web! Daily video updates about a range of topics : Flouride, GMOs, Great Reset, NWO, HCQ, Pelosi, RINOs, Fascism, election fraud,  Trump, Biden, Covid, Covid-19 Vaccines, New World Order, Bill Gates,Border Crisis,",200,2026-10-06T10:31:56+00:00
Banners4Freedom,alive,channel,Banners 4 Freedom   🙏    🇺🇸,2280,,2026-03-10T18:18:46+00:00,0,0,,"Psalm 20:5 ""And in the Name of Our God we will Raise Our Banners""                                                        https://allmylinks.com/Banners4Freedom",200,2026-10-06T10:31:58+00:00
bannonswarroom,alive,channel,WarRoom,4820,,2023-10-16T09:30:37+00:00,0,0,,"Fighting for our freedom worldwide, WWG1WGA      UNOFFICIAL  War room channel                              contact:               telegramwarroom@protonmail.com                                Berlin, Germany",200,2026-10-06T10:32:01+00:00
BannonWarRoom,alive,channel,WarRoom: Official Telegram Channel,51700,,2026-10-06T06:59:17+00:00,20,20,,The only OFFICIAL WarRoom Channel on Telegram. All broadcasts from Steve Bannon will be posted here.   🇺🇸,200,2026-10-06T10:32:03+00:00
BANTIFA,empty_page,,,,,,,,,"If you have  Telegram , you can contact  @BANTIFA  right away.",200,2026-10-06T10:32:06+00:00
Based_AmyNews,alive,channel,Based Amy,361,,2026-10-02T22:46:53+00:00,1,4,,Protecting Free Speech!,200,2026-10-06T10:32:09+00:00
based_anon,alive,channel_no_preview,BASED ANON,2396,,,,,,"Here you will find the best memes, video, news from all over the world, and you can participate in important discussions about different things.",200,2026-10-06T10:32:11+00:00
based_news_1bm,alive,channel,BASED NEWS,1750,,2023-01-02T11:11:20+00:00,0,0,Goldberg_Shekelstein,If you have any questions  @Goldberg_Shekelstein,200,2026-10-06T10:32:14+00:00
based_polka,empty_page,,,,,,,,,"If you have  Telegram , you can contact  @based_polka  right away.",200,2026-10-06T10:32:17+00:00
BasedClipboard,empty_page,,,,,,,,,"If you have  Telegram , you can contact  @BasedClipboard  right away.",200,2026-10-06T10:32:19+00:00
BasedPakistan,alive,channel,Based Pakistan,29,,2022-06-17T14:23:57+00:00,0,0,,,200,2026-10-06T10:32:22+00:00
BasedPalpatine,empty_page,,,,,,,,,"If you have  Telegram , you can contact  @BasedPalpatine  right away.",200,2026-10-06T10:32:24+00:00
BaselineHorizon,empty_page,,,,,,,,,"If you have  Telegram , you can contact  @BaselineHorizon  right away.",200,2026-10-06T10:32:26+00:00
bcwyf,alive,channel,BCWYF,19,,2024-06-03T08:16:34+00:00,0,0,,This channel is dedicated to the Frauds and shells for making America look bad,200,2026-10-06T10:32:29+00:00
Beer_Parade,alive,channel,Beer at the Parade,1720,,2025-02-13T17:01:12+00:00,0,0,,Remember me from Twitter? Let's go!,200,2026-10-06T10:32:32+00:00
behizy,alive,channel,Behizy,12000,,2025-10-22T01:48:00+00:00,0,0,,UnCancellable   Rumble.com/c/Behizy   Instagram.com/thegeoge   Gab.com/Behizy  Behizy.Locals.Com,200,2026-10-06T10:32:34+00:00
beholdisraelchannel,alive,channel,Amir Tsarfati,566000,,2026-10-05T20:43:10+00:00,20,20,,Believer | Husband | Father | Bible Teacher | Four-time New York Times Bestselling Author | Conference Speaker | Middle East News Commentator | Founder and President of Behold Israel  beholdisrael.org   instagram.com/amir.tsarfati   youtube.com/@beholdisrael,200,2026-10-06T10:32:37+00:00
beInformedpage,alive,channel,Be Informed,458,,2026-10-02T05:47:17+00:00,6,20,,,200,2026-10-06T10:32:39+00:00
BellumActa,alive,channel,Bellum Acta | Archive Channel,2910,,2026-05-30T23:14:29+00:00,0,0,BellumActaNews,"This is now the Archive Channel!  Bellum Acta is a Anti-NWO which seeks to cover the ongoing Geopolitical Events, such as the Battlefields Frontlines around the   🌎    Main: —  @BellumActaNews   — BTC: bc1qs4evu03243lpukps0h24avjxfhhjy608cnztwf",200,2026-10-06T10:32:42+00:00
BellumActaNews,alive,channel,"Bellum Acta - Intel, Urgent News and Archives   ✝️   #FreeVenezuela",114000,,2026-10-06T02:51:29+00:00,19,19,KingOfKongo rainbetcom,"Bellum Acta defines itself as a Right-Wing, Pro-Economic Freedom, Crisis-focused NEWS aggregator which focuses on Current News & Geopolitics — — Sponsored by  Rainbet.com  #1 non-kyc crypto casino & sportsbook  @rainbetcom   For inquiries & ads:  @KingOfKongo",200,2026-10-06T10:32:45+00:00
Ben_Oni_Q,alive,channel,BenjaminQ,1060,,2025-09-10T20:48:49+00:00,0,0,Ben_Oni_Q,https://t.me/Ben_Oni_Q/273,200,2026-10-06T10:32:47+00:00
benjaminnorton,alive,channel_no_preview,Ben Norton - independent news,2579,,,,,GeopoliticalEconomy,"Independent journalist and analyst, editor of  @GeopoliticalEconomy",200,2026-10-06T10:32:50+00:00
BennyJohnson,alive,channel,Benny Johnson,62700,,2026-10-06T10:09:51+00:00,20,20,,"🇺🇸   Love Family, God, America   🚀   PODCAST - The Benny Show   🎥   Storyteller - TPUSA   📰   Journalist",200,2026-10-06T10:32:53+00:00
BenShapiroGang,alive,channel,Ben Shapiro Gang,52900,,2026-10-05T22:20:02+00:00,9,20,,‘Ben Shapiro Gang’ is a fan channel dedicated to conservative political commentator and media host Ben Shapiro - not associated with or managed by Ben,200,2026-10-06T10:32:55+00:00
BernardSanders,alive,channel,Bernie Sanders,44,,2026-07-09T15:18:18+00:00,0,0,,,200,2026-10-06T10:32:58+00:00
BestOf4chan,alive,channel_no_preview,4Chan,623,,,,,,Best of /pol/his/b/int/news/,200,2026-10-06T10:33:01+00:00
bestofconsphole,empty_page,,,,,,,,,"If you have  Telegram , you can contact  @bestofconsphole  right away.",200,2026-10-06T10:33:04+00:00
betsyrossdigitalflagnews,alive,channel_no_preview,Betsy Ross Digital Flag News,171,,,,,,,200,2026-10-06T10:33:07+00:00
beyondtherubicon,empty_page,,,,,,,,,"If you have  Telegram , you can contact  @beyondtherubicon  right away.",200,2026-10-06T10:33:10+00:00
biasnews,alive,channel_no_preview,Bias News,259,,,,,,"News Aggregator: Breaking News, Global News, U.S. Politics.",200,2026-10-06T10:33:12+00:00
biblicaltransition,alive,channel,MEGA Biblical Transition,19,,2022-07-11T12:52:58+00:00,0,0,Truthseekrs777,Make Earth Great Again                                            https://t.me/Truthseekrs777,200,2026-10-06T10:33:14+00:00
BidenCrimeFamily,empty_page,,,,,,,,,"If you have  Telegram , you can contact  @BidenCrimeFamily  right away.",200,2026-10-06T10:33:17+00:00
bidenhistime,alive,channel,Bidin' his time,589,,2026-08-09T02:51:05+00:00,0,0,,All Biden-related memes and serious content for the election,200,2026-10-06T10:33:19+00:00
bidenmemes2,alive,channel,❤    🤍    💙  Red Wave  💙    🤍    ❤,2,,2023-06-10T03:01:40+00:00,0,0,,❤    🇺🇸    🤍    🇺🇸    💙    🇺🇸   Pro-Trump! This group is a place to drop off comical memes as a means for laughing!  🤣,200,2026-10-06T10:33:22+00:00
BidenMoments,empty_page,,,,,,,,,"If you have  Telegram , you can contact  @BidenMoments  right away.",200,2026-10-06T10:33:25+00:00
BidenSucksBalls,alive,channel,BidenSucksBalls,2,,2022-08-05T11:38:04+00:00,0,0,,,200,2026-10-06T10:33:28+00:00
BigDaddysLightWarrior,empty_page,,,,,,,,,"If you have  Telegram , you can contact  @BigDaddysLightWarrior  right away.",200,2026-10-06T10:33:32+00:00
billmitchell,alive,channel,BILL MITCHELL'S: YourVoice  ™   Channel,689,,2024-06-09T00:40:47+00:00,0,0,,"This is the channel for Bill Mitchell from Twitter, Parler, cloutHub, Gab and the YourVoice  ™   Network.",200,2026-10-06T10:33:35+00:00
BinsTruthSeekers,alive,channel,binnyTruth,12,,2026-09-07T16:24:38+00:00,0,1,,"The Storm is Here! Post ideas, info, and theories building upon 17 areas of interest. Share digs. Dig, dig,dig, it'll all come together. The best is yet to come!",200,2026-10-06T10:33:38+00:00
bioclandestine,alive,channel,BioClandestine,138000,,2026-10-06T01:33:04+00:00,14,17,,11B Astute Observer,200,2026-10-06T10:33:41+00:00
BiowaffeSarsCov2,alive,channel_no_preview,Die Biowaffe Sars-CoV-2,6,,,,,,dieBiowaffeSars-CoV-2,200,2026-10-06T10:33:43+00:00
BirdClanMessenger,alive,channel,©️   Bird Clan Salty Distillery N Flying Magazine  ™️     🇱🇷     🇮🇪     🇨🇦     🎶    🦅    🐺    ⚡️,24,,2026-10-06T10:33:45+00:00,20,20,,Cooking  Tips.   Q1799 - USMC 4313 PacCom FEN Tokyo Vet.Home of the Bluejacket Ghostriders Code Talking Project.   https://birdclanmessenger.com/,200,2026-10-06T10:33:46+00:00
BitChute,alive,channel,BitChute,1610,,2026-04-28T13:21:23+00:00,0,0,,🛠    http://support.bitchute.com  Envelope support@bitchute.com Mobile phone APP  https://bit.ly/3aHX1bI,200,2026-10-06T10:33:49+00:00
BitchuteC,empty_page,,,,,,,,,"If you have  Telegram , you can view posts by  @BitchuteC  right away.",200,2026-10-06T10:33:52+00:00
blackballed,alive,channel,Blackballed,429,,2025-02-02T17:48:37+00:00,0,0,RWDS_bot blackballedchat,I just post thoughts and episode links.  Main channel for Blackballed Podcast.  For general BBP discussion   https://t.me/blackballedchat   For general anon discussion  @RWDS_bot,200,2026-10-06T10:33:55+00:00
BlackLivesSplatter,alive,channel,BLM Protests Mirror,36,,2020-07-23T04:29:55+00:00,0,0,BlackLivesSplatter,@BlackLivesSplatter    🤙🏻    🤙🏻    🤙🏻,200,2026-10-06T10:33:57+00:00
BlankeSuidAfrikaners,empty_page,,,,,,,,,"If you have  Telegram , you can contact  @BlankeSuidAfrikaners  right away.",200,2026-10-06T10:34:00+00:00
Blessed2Teach,alive,channel,blessed2teach,4,,2026-02-01T19:05:35+00:00,0,0,,,200,2026-10-06T10:34:03+00:00
BLMProtests,alive,channel,The Black Lives Revolution (BLM),2620,,2025-12-12T16:23:16+00:00,0,0,BLMProtests BLMProtestsBot commsdirectory,Overview updates of the BLM Protests in 2020.  Directory of Local Protest Channels:  @commsdirectory  /  https://t.me/BLMProtests/3361    You can contact  @BLMProtestsBot  with any questions/information,200,2026-10-06T10:34:07+00:00
Blue_Eyes_88,alive,channel,Abbey | Blue-Eyes,1860,,2026-08-06T06:47:52+00:00,0,0,,"▶️  Pure blood Alaskan Patriot.    ▶️  Music Composer/singer/writer/film creator. Here to assist in the Great Awakening     ▶️  Please come join the fun, the truth and the resistance.  💉    😷    🚫    🚨     https://www.logicalbrad.tv/Blue-Eyes-Links/   The Best is yet to come.",200,2026-10-06T10:34:10+00:00
bluecatthoughts,empty_page,,,,,,,,,"If you have  Telegram , you can contact  @bluecatthoughts  right away.",200,2026-10-06T10:34:13+00:00
BlueSkyReportTelegram,alive,channel,BLUESKY REPORT,1460,,2021-08-22T02:35:03+00:00,0,0,,"IT Software Engineer / Researcher: Roman Empire, Sumeria, Babalyon, Atlantis, Bloodlines/RH- Black Nobility - Esoteric",200,2026-10-06T10:34:16+00:00
bobbylawrence_1776,empty_page,,,,,,,,,"If you have  Telegram , you can contact  @bobbylawrence_1776  right away.",200,2026-10-06T10:34:18+00:00
bobbypiton,alive,channel,Bobby Piton,14200,,2024-12-12T00:14:11+00:00,0,0,,,200,2026-10-06T10:34:21+00:00
BoldSpearElmerFudd,alive,channel,Remnant Coms,2360,,2026-10-06T09:28:23+00:00,20,20,,TRUTH & NEWS!,200,2026-10-06T10:34:23+00:00
bonbiwaffen,empty_page,,,,,,,,,"If you have  Telegram , you can contact  @bonbiwaffen  right away.",200,2026-10-06T10:34:25+00:00
bonbiwaffen3,empty_page,,,,,,,,,"If you have  Telegram , you can contact  @bonbiwaffen3  right away.",200,2026-10-06T10:34:28+00:00
bonbiwaffenmusic,empty_page,,,,,,,,,"If you have  Telegram , you can contact  @bonbiwaffenmusic  right away.",200,2026-10-06T10:34:31+00:00
bondsforthewin,alive,channel,Bonds for the Win,11900,,2026-10-01T15:55:50+00:00,7,12,,it's always been about t he children,200,2026-10-06T10:34:33+00:00
Bonkore,alive,channel_no_preview,Digital Soldiers🇺🇸,4,,,,,,America First.🇺🇸,200,2026-10-06T10:34:36+00:00
BonnieNDavid,alive,channel,💕  BonnieNDavid  💕,1740,,2026-10-05T20:21:52+00:00,20,20,,"Patriots, Lovers of Jesus Christ, Two Hearts that beat as one getting truth out because without truth, none are truly free! WWG1WGA WORLDWIDE!!!   ❤️    🇺🇸    🙏🏻    🦅    ⚔️    🦅    🙏🏻    🇺🇸    ❤️   *we are NOT David&Bonnie Straight *",200,2026-10-06T10:34:39+00:00
BoomersIRL,alive,channel_no_preview,BQQMERS IRL,718,,,,,,Memes about or made by boomers.,200,2026-10-06T10:34:42+00:00
boondocksainted76,empty_page,,,,,,,,,"If you have  Telegram , you can contact  @boondocksainted76  right away.",200,2026-10-06T10:34:44+00:00
bootlegmediachat,alive,channel,Bootleg Media,1330,,2024-10-29T14:15:20+00:00,0,0,,Smuggling you information you were never suppose to know about   ✨   ASK QUESTIONS. DEMAND ANSWERS. WE DO NOT CONDONE VIOLENCE.  https://linktr.ee/bootlegmedia,200,2026-10-06T10:34:47+00:00
BORDERWARSAZ,alive,channel,𝚂𝙾𝙹𝙾𝚄𝚁𝙽𝙴𝚁 𝙽𝙴𝚆𝚂 𝙽𝙴𝚃𝚆𝙾𝚁𝙺,4860,,2026-10-01T16:45:11+00:00,2,12,,"Sojourner News Network covers the activities of Veterans On Patrol, which is a Veteran Suicide Prevention Program created by Walking for the Forgotten Ministry. Credit to our Most High God alone.  #VOP   Info.vop@protonmail.com",200,2026-10-06T10:34:49+00:00
BoycottTurkeyOrg,alive,channel,Boycott Turkey,128,,2021-10-02T09:23:35+00:00,0,0,,This channel is aimed to restrain turkey's anit-human activities and support of terrorism.,200,2026-10-06T10:34:53+00:00
BQQMROOM,alive,channel,BQQMROOM,184,,2026-10-04T23:22:12+00:00,1,4,,Current Events and Meme Dump [Patriots Only],200,2026-10-06T10:34:55+00:00
Brandenburg4MI,alive,channel,Donna Brandenburg for Michigan Governor,2680,,2026-10-06T10:15:52+00:00,20,20,,"The official channel for Donna Brandenburg, who is running for the office of Michigan Governor",200,2026-10-06T10:34:58+00:00
BraveTVChannel,alive,channel,Dr. Jason Dean,8730,,2026-03-03T00:29:04+00:00,0,0,,Your Source for Health Freedom & Knowledge,200,2026-10-06T10:35:00+00:00
Braving_The_Storm,alive,channel,Braving The Storm,15,,2022-07-07T00:53:10+00:00,0,0,,"This channel is 100% run by Constitutional Conservatives. The content is carefully considered, and vetted to the best of our capabilities. If we post something here, it's ABSOLUTELY relevant, and we truly believe you need to see it. We ARE the storm now.",200,2026-10-06T10:35:03+00:00
BrazilianInsurgencyComrades,empty_page,,,,,,,,,"If you have  Telegram , you can contact  @BrazilianInsurgencyComrades  right away.",200,2026-10-06T10:35:06+00:00
brconnection,empty_page,,,,,,,,,"If you have  Telegram , you can contact  @brconnection  right away.",200,2026-10-06T10:35:08+00:00
breadlinks,alive,channel,breadlinks,21,,2021-07-28T20:43:09+00:00,0,0,breadhistory breadmemes thedreamplaza,"links, world news, stories, videos, and articles about proletarian struggles, the environment, and related topics  memes:  @breadmemes  history:  @breadhistory  music:  @thedreamplaza",200,2026-10-06T10:35:11+00:00
breaking_news_911,alive,channel,BREAKING,1050,,2026-10-06T05:20:14+00:00,20,20,,🇺🇸  USA news   🚨  Breaking news in real time   🔥  911 Emergency news                                           🌎  World’s news,200,2026-10-06T10:35:13+00:00
Breaking_News_Uncensored,alive,channel,🚨  Breaking News Uncensored  🚨,639,,2021-09-03T06:01:48+00:00,0,0,Breaking_News_Uncensored,"@Breaking_News_Uncensored  is your source for real news from around the world. The site covers Breaking News, Viral Videos, Technology News and more.",200,2026-10-06T10:35:16+00:00
breakingUS,empty_page,,,,,,,,,"If you have  Telegram , you can contact  @breakingUS  right away.",200,2026-10-06T10:35:19+00:00
BreFuechsel,empty_page,,,,,,,,,"If you have  Telegram , you can contact  @BreFuechsel  right away.",200,2026-10-06T10:35:21+00:00
brendon_tarrant,empty_page,,,,,,,,,"If you have  Telegram , you can contact  @brendon_tarrant  right away.",200,2026-10-06T10:35:24+00:00
brendonoconnell,empty_page,,,,,,,,,"If you have  Telegram , you can contact  @brendonoconnell  right away.",200,2026-10-06T10:35:27+00:00
BrentCatesTHUNDERDOME,empty_page,,,,,,,,,"If you have  Telegram , you can contact  @BrentCatesTHUNDERDOME  right away.",200,2026-10-06T10:35:29+00:00
Brian_Skroski_AnonNews,alive,channel,Brian Skroski AnonNews,521,,2026-09-29T13:46:48+00:00,1,1,,Punisher News,200,2026-10-06T10:35:32+00:00
brienjames,alive,channel,Brien James channel,773,,2026-10-06T02:31:41+00:00,12,20,,Director of The Standard  SPLC “hate list” 25 yr alumni  Boogeyman of the left,200,2026-10-06T10:35:35+00:00
BrightEyesBrant,alive,channel,Bright Eyes Of Brant,31,,2025-04-18T20:24:45+00:00,0,0,,Honoring Truth Through Action,200,2026-10-06T10:35:38+00:00
BritainFirst,alive,channel,Britain First,14200,,2026-10-05T18:33:50+00:00,14,20,,"The official Telegram channel of Britain First.  If you see any 'Britain First' accounts on Telegram, unless they have the blue tick they are fake.",200,2026-10-06T10:35:41+00:00
BritainNow,empty_page,,,,,,,,,"If you have  Telegram , you can contact  @BritainNow  right away.",200,2026-10-06T10:35:44+00:00
BritishNationalParty,empty_page,,,,,,,,,"If you have  Telegram , you can contact  @BritishNationalParty  right away.",200,2026-10-06T10:35:47+00:00
brittanysellner,alive,channel,Brittany Sellner,4110,,2023-02-03T16:16:04+00:00,0,0,,,200,2026-10-06T10:35:50+00:00
BrittRepublican,alive,channel,BrittRepublican,4940,,2026-09-21T03:49:34+00:00,0,4,,DJT is remaking the Republican party. We are here for him.   🇺🇸,200,2026-10-06T10:35:53+00:00
bronzeagemantis,empty_page,,,,,,,,,"If you have  Telegram , you can contact  @bronzeagemantis  right away.",200,2026-10-06T10:35:55+00:00
BrotherStreetJoy,alive,channel,BrotherStreetJoy,423,,2022-04-27T17:03:49+00:00,0,0,,,200,2026-10-06T10:35:58+00:00
brunobarks,alive,channel,Brunobarking ️️️BrunoBarks,5270,,2022-10-17T17:04:23+00:00,0,0,,Digging for clues and barking out a lot of patriot stuff. God is Sovereign.,200,2026-10-06T10:36:01+00:00
Brutus_The_Insane,alive,channel_no_preview,Brutus the Insane,14,,,,,,,200,2026-10-06T10:36:03+00:00
buckleupnow,empty_page,,,,,,,,,"If you have  Telegram , you can contact  @buckleupnow  right away.",200,2026-10-06T10:36:07+00:00
BudgiePestControl,empty_page,,,,,,,,,"If you have  Telegram , you can contact  @BudgiePestControl  right away.",200,2026-10-06T10:36:10+00:00
bunintended,alive,channel_no_preview,Bun Intended,308,,,,,,Health • Religion • Current Events • Geopolitical News • Infotainment  Patreon: https://www.patreon.com/BunIntended Parler: https://parler.com/#/user/BunIntended,200,2026-10-06T10:36:13+00:00
BureauReporter,empty_page,,,,,,,,,"If you have  Telegram , you can contact  @BureauReporter  right away.",200,2026-10-06T13:14:18+00:00
Burgess4Utah,alive,channel,Burgess Owens,8570,,2023-06-26T06:31:55+00:00,0,0,,"Representing  #UT04  in Congress, Super Bowl XV Champion",200,2026-10-06T13:14:20+00:00
businessoftruth,alive,channel,MR GOODE   ⚡️   [Business of Truth],11700,,2026-10-06T08:08:44+00:00,19,19,Real_MrGoode,Please support Mr Goode:  https://paypal.me/mrgoodemusic   Patreon:  https://www.patreon.com/businessoftruth   X =  @Real_MrGoode   Warriors of The Great Spiritual War  https://truthsocial.com/@mrgoode,200,2026-10-06T13:14:22+00:00
businews,alive,channel,Businews.,4,,2019-09-19T22:04:19+00:00,0,0,,"Дорогой читатель! Этот канал про бизнес: статьи, интервью, новости, идеи, инсайды и мнения разных людей.",200,2026-10-06T13:14:25+00:00
Caesars_Legion,empty_page,,,,,,,,,"If you have  Telegram , you can contact  @Caesars_Legion  right away.",200,2026-10-06T13:14:27+00:00
CalgaryFreedomCentral,empty_page,,,,,,,,,"If you have  Telegram , you can contact  @CalgaryFreedomCentral  right away.",200,2026-10-06T13:14:29+00:00
Canada1st,empty_page,,,,,,,,,"If you have  Telegram , you can contact  @Canada1st  right away.",200,2026-10-06T13:14:32+00:00
CanadaFirstOfficial,alive,channel,Canada First (Shadowbanned),3640,,2026-09-12T18:48:16+00:00,0,1,,,200,2026-10-06T13:14:34+00:00
Canadian_Nationalist_Front,empty_page,,,,,,,,,"If you have  Telegram , you can contact  @Canadian_Nationalist_Front  right away.",200,2026-10-06T13:14:36+00:00
canadian_nationalist_party,empty_page,,,,,,,,,"If you have  Telegram , you can contact  @canadian_nationalist_party  right away.",200,2026-10-06T13:14:39+00:00
CanadianAmericanAlliance,alive,channel,Canadian/American Alliance.   🇨🇦    🇺🇸,181,,2025-07-28T03:49:44+00:00,0,0,,"Channel that connects Patriots in both Canada and the United States, to form a union against Communism and Tyranny and promote peace and unity worldwide.",200,2026-10-06T13:14:41+00:00
CanadianBeav,alive,channel,Canadian Beavers,14,,2023-07-03T21:18:45+00:00,0,0,,Blah blah blah,200,2026-10-06T13:14:43+00:00
CanaryintheCoalMine,alive,channel,⚠️  Canary in the Coal Mine   ⚠️,910,,2024-07-29T01:02:44+00:00,0,0,CanaryintheCoalMine,"https://linktr.ee/BlackGuyBigot    t.me/CanaryintheCoalMine  Instagram: BlkGuyBigot  🥷🏾   Someone who, due to sensitivity to his, her surroundings, acts as an indicator and early warning of possible dangers",200,2026-10-06T13:14:46+00:00
CandaceOnFire,alive,channel,Candace Owens On Fire  🔥,29400,,2026-10-06T02:03:32+00:00,16,20,,‘Candace On Fire’ is a fan channel dedicated to conservative political commentator and activist Candace Owens — this channel is not associated with or managed by Candace.,200,2026-10-06T13:14:49+00:00
CandaceOwensChannel,alive,channel_no_preview,Candace Owens,2085,,,,,,,200,2026-10-06T13:14:51+00:00
candidlyqurious7,alive,channel,Tiana Khalid Channel,1600,,2025-12-27T21:02:53+00:00,0,0,,Which side of history do you want to be on?,200,2026-10-06T13:14:53+00:00
CandlesInTheNight,alive,channel,MJTruth,93300,,2026-10-04T14:56:08+00:00,20,20,,Stick Together. We are CONNECTED,200,2026-10-06T13:14:56+00:00
Canis_Channel,alive,channel_no_preview,⬛️🟧Cani Lupine's Channel 🇺🇸☭⃠,54,,,,,,"Cani Lupine's haven free from Leftist censorship. Opinions, Redpills, and Truth Bombs posted here.  Neither conservative nor liberal, I support Constitutionally limited government and individual Liberty.",200,2026-10-06T13:14:58+00:00
CannCon,alive,channel,CannCon,5940,,2026-07-08T21:51:21+00:00,0,0,CannCon,Cannabis Conservative Main channel:   Rumble.com/CannCon   CannCon.Locals.com  Truth Social  @CannCon,200,2026-10-06T13:15:00+00:00
capefearproudboys,alive,channel,Official Cape Fear Proud Boys,929,,2026-10-05T23:04:25+00:00,4,17,,Southeastern NC,200,2026-10-06T13:15:03+00:00
captainflyerlog,empty_page,,,,,,,,,"If you have  Telegram , you can contact  @captainflyerlog  right away.",200,2026-10-06T13:15:06+00:00
CaptRick1974,alive,channel,Today's Posts,48,,2026-10-06T12:38:07+00:00,19,19,,CaptRick1974 Posts Each Day - Mainstream and Conservative Media and Comments   Transcripts of articles posted can be found on my MeWe account  at:  https://mewe.com/i/richardrigazio .   I also forward some of the best work of others to this channel.,200,2026-10-06T13:15:08+00:00
carolineglick,alive,channel_no_preview,Caroline Glick קרולין גליק,3065,,,,,,"Updates, commentary on issues of the day",200,2026-10-06T13:15:10+00:00
CAT_chats,alive,channel_no_preview,CAT Chats,591,,,,,,"Conscious Action for Truth, the CAT in C A T Chats. - where your voice matters. Standing for Truth and Justice in New Mexico",200,2026-10-06T13:15:13+00:00
Cat_The_Great,alive,channel,CatTheGreat,7870,,2024-08-09T02:01:54+00:00,0,0,,"News   📺  , Coups   ⚔️   and sometimes Booze   🍷",200,2026-10-06T13:15:15+00:00
catteryshare,empty_page,,,,,,,,,"If you have  Telegram , you can contact  @catteryshare  right away.",200,2026-10-06T13:15:17+00:00
CatturdFan,empty_page,,,,,,,,,"If you have  Telegram , you can contact  @CatturdFan  right away.",200,2026-10-06T13:15:19+00:00
cavetrollhaven,alive,channel,Cave Troll Vanguard Hedge Fund  🦞,179,,2026-09-23T10:02:36+00:00,0,2,,"dank memes/politics/conspiracies or just to hear the soothing sound of Beergut Bob's southern drawl, here's your haven.",200,2026-10-06T13:15:22+00:00
CBTheory,empty_page,,,,,,,,,"If you have  Telegram , you can contact  @CBTheory  right away.",200,2026-10-06T13:15:24+00:00
cdellypatriot,empty_page,,,,,,,,,"If you have  Telegram , you can contact  @cdellypatriot  right away.",200,2026-10-06T13:15:27+00:00
Central_5DN1L_HK,alive,channel,5DN1L.HK 中環移動 · 和你lunch 正式頻道,2240,,2022-01-18T10:54:31+00:00,0,0,Central_Inbox_Bot,Heads-up/suggestions/enquiries 報料/建議/查詢  @Central_Inbox_Bot     🔊  報料麻煩時地人事一句過 (最好有圖)  🔊   E.g.   #中環  1215 畢打街 2衝停泊 7防暴落地,200,2026-10-06T13:15:29+00:00
CharlieKirk,alive,channel,Charlie Kirk,151000,,2025-09-11T18:15:36+00:00,0,0,TPUSA,Founder & President:  @TPUSA  Host: The Charlie Kirk Show Author: ‘The MAGA Doctrine’ We are all sinners saved by Jesus. Opinions here are my own.,200,2026-10-06T13:15:31+00:00
CharlieWard,alive,channel,Charlie Ward & Friends,1000,,2026-10-05T19:17:19+00:00,5,5,charlieward,Welcome all to Charlie's back up Channel   Please share with your common groups and friends.   https://t.me/charlieward,200,2026-10-06T13:15:34+00:00
chasematthewschannel,empty_page,,,,,,,,,"If you have  Telegram , you can contact  @chasematthewschannel  right away.",200,2026-10-06T13:15:36+00:00
CHAZIKSTAN,alive,channel,The Land of CHAZ,29,,2025-09-06T10:35:19+00:00,0,0,,Purely Fantasy driven by Mental illness,200,2026-10-06T13:15:39+00:00
ChessMoves,alive,channel,🇬🇧   ChessMoves CueUK   🇬🇧     🕊,322,,2026-10-05T23:27:02+00:00,20,20,,"Save the Children, Truth, Justice, Freedom and  Creator We Trust....   🕊       This channel has NOTHING to do with Bitcoin/Crypto and is strictly, INFORMATION ONLY..  (This channel will NEVER offer you ANY sales or ask for ANY personal info)  WWG1WGA !!!!   🔔",200,2026-10-06T13:15:42+00:00
chicagofamily,alive,channel_no_preview,CHICAGO FAMILY,68,,,,,,This channel is made to connect people at the local level. Change starts here!,200,2026-10-06T13:15:45+00:00
chieftrumpster,alive,channel,Chief Trumpster,2120,,2026-10-03T02:33:17+00:00,4,17,,"America First Activist who exposes Con Inc. Host of the Chief Cast, a show that covers American politics with guests.   Follow this account for breaking stories, reports on Con Inc, and coverage on political topics.   Linktree.com/ChiefTrumpster",200,2026-10-06T13:15:52+00:00
ChinaNews_USRC,empty_page,,,,,,,,,"If you have  Telegram , you can contact  @ChinaNews_USRC  right away.",200,2026-10-06T13:15:56+00:00
ChineseSocialism,alive,channel,Socialism with Chinese Characteristics,2050,,2026-09-29T02:09:01+00:00,0,2,,"This channel is committed to exploring Chinese history, culture, and communism. We also keep you updated on all developments concerning Chinese society.",200,2026-10-06T13:15:58+00:00
chongaldxrump,empty_page,,,,,,,,,"If you have  Telegram , you can contact  @chongaldxrump  right away.",200,2026-10-06T13:16:02+00:00
ChrisDoyle,empty_page,,,,,,,,,"If you have  Telegram , you can contact  @ChrisDoyle  right away.",200,2026-10-06T13:16:04+00:00
chrisnelsonuncensored,empty_page,,,,,,,,,"If you have  Telegram , you can contact  @chrisnelsonuncensored  right away.",200,2026-10-06T13:16:07+00:00
ChristianPatriotNews,alive,channel,Christian Patriot News,39300,,2026-03-25T16:12:02+00:00,0,0,,"News, Stories, and Current Events From a Biblical Christian Perspective",200,2026-10-06T13:16:09+00:00
Christiantactics,alive,channel_no_preview,ChristianTactics,724,,,,,,,200,2026-10-06T13:16:13+00:00
christiantactics2,empty_page,,,,,,,,,"If you have  Telegram , you can contact  @christiantactics2  right away.",200,2026-10-06T13:16:18+00:00
CIG_telegram,alive,channel,/CIG/ Telegram | Counter Intelligence Global,115000,,2026-10-06T10:59:43+00:00,20,20,,"/CIG/ presents viewers a controversial blend of ultraright genopolitics with geopolitics. This includes an exposé on current news, history and social matters along with the public enlightenment gained from völkisch aesthetics.   Feel free to contact us",200,2026-10-06T13:16:22+00:00
cioccolanti,alive,channel,Steve Cioccolanti   🇦🇺    🇺🇸   Discover Church,9050,,2026-10-04T16:29:34+00:00,3,6,,Pastor Steve Cioccolanti’s Official Broadcast for Christian Friends & Discover Church online members & supporters. Become one or join the Inner Circle:  https://discoverchurch.online,200,2026-10-06T13:16:25+00:00
cirstenw,alive,channel,cirstenw,17800,,2021-12-05T19:53:23+00:00,0,0,,https://www.bitchute.com/channel/bAJrSIM9Az6Z/   https://rumble.com/c/CirstenW2  ​​ https://www.eurasiandesigns.com   https://www.youtube.com/c/OneTruecirstenw/videos,200,2026-10-06T13:16:28+00:00
citizenfreepress,alive,channel,Citizen Free Press,449,,2024-03-20T19:39:30+00:00,0,0,,,200,2026-10-06T13:16:30+00:00
cjtruth316,alive,channel,CJTRUTH (OFFICIAL),35600,,2023-06-25T00:15:14+00:00,0,0,,This is my channel and will strictly be a notification news feed right now. I also post on  Gab.com/truthandlife,200,2026-10-06T13:16:33+00:00
ClintonFoundation,alive,channel_no_preview,/CIG/ Counter Intelligence General,168,,,,,Qvi_vltor_est_devs,Counter intelligence general presents you the insider or independent information on current news & politics.  Message  @Qvi_vltor_est_devs  (admin) to publish your leaks to /CIG/.,200,2026-10-06T13:16:39+00:00
coded_to,empty_page,,,,,,,,,"If you have  Telegram , you can contact  @coded_to  right away.",200,2026-10-06T13:16:41+00:00
CodeMonkeyZ,alive,channel,Ron Watkins [CodeMonkeyZ],125000,,2026-08-04T04:30:18+00:00,0,0,,Ron Watkins [  gab.com/codemonkey  ],200,2026-10-06T13:16:44+00:00
codikag2021,alive,channel,𝙲𝚘𝚍i Gtz   🇺🇸    ❤️,24,,2023-06-27T19:56:22+00:00,0,0,,Latinos For America First - Texas State Director   🇺🇸    ❤️,200,2026-10-06T13:16:48+00:00
CognitiveCarbonPublic,alive,channel,CognitiveCarbon Public,11300,,2026-10-04T14:52:27+00:00,13,20,,"A publicly accessible channel for CognitiveCarbon's content. No chat or comments, I don't have the means to police it. Find me as cognitiveCarbon on Substack and cognitivecarbonspot on Wordpress; CognitiveCarbon on Truth Social,  Twitter,  Gab, Gettr.",200,2026-10-06T13:16:50+00:00
coleforsc,empty_page,,,,,,,,,"If you have  Telegram , you can contact  @coleforsc  right away.",200,2026-10-06T13:16:53+00:00
ColumbusProudBoys,alive,channel_no_preview,The Proud Boys of Columbus,423,,,,,,The official public channel of the Columbus chapter of the Ohio Proud Boys. The West is the best!,200,2026-10-06T13:16:56+00:00
combathistory,empty_page,,,,,,,,,"If you have  Telegram , you can contact  @combathistory  right away.",200,2026-10-06T13:16:58+00:00
COMEDIANDAVEMARTIN,alive,channel,COMEDIAN DAVE MARTIN,299,,2026-08-20T03:53:56+00:00,0,0,,"HEADLINER CANCER BEATER From HBO's ""Bad Boys Of Comedy""    👇   GET THE GEAR... SAVE A LIFE... SAVE THE   🍆    https://linktr.ee/comediandavemartin",200,2026-10-06T13:17:01+00:00
ComeQutBetter,alive,channel,COME QUT BETTER,3680,,2026-10-05T14:45:30+00:00,7,9,,"Comeouthealthier.com    👉  for all my favorite products    The Great Awakening is NOW! This channel is a space of information and content to help you innerstand what is and has occurred in the Q-uantum world! Discernment is key, stay patient and grounded..",200,2026-10-06T13:17:04+00:00
commonsenseUSA1,alive,channel,🇺🇸  Common Sense Patriot  🇺🇸    ✨,5,,2026-05-24T21:11:09+00:00,0,0,,"Detective, Researcher, Historian, and Patriot. Information about NWO, Politics, Events and News-I try to verify most of the articles but some information is based on theories and ideas always check facts and data for verifications.",200,2026-10-06T13:17:07+00:00
communismkills,alive,channel,Communism Kills,3050,,2025-09-15T03:10:17+00:00,0,0,,https://www.subscribestar.com/communismkills,200,2026-10-06T13:17:10+00:00
Condor_Legion,alive,channel_no_preview,Condor-Legion,147,,,,,,,200,2026-10-06T13:17:12+00:00
Confederate1861,empty_page,,,,,,,,,"If you have  Telegram , you can contact  @Confederate1861  right away.",200,2026-10-06T13:17:19+00:00
ConnectingDotsChannel,alive,channel,Connecting Dots,8930,,2022-12-29T09:38:41+00:00,0,0,,,200,2026-10-06T13:17:22+00:00
ConnectingUsALL,alive,channel_no_preview,ConnectingUsALL,111,,,,,,The Truth has to be Known.  WWG1WGA ALL.,200,2026-10-06T13:17:26+00:00
conpermiso,alive,channel,Conpermiso,17400,,2026-10-06T00:11:49+00:00,20,20,,"Análisis de la noticia y la actualidad de EUA, Cuba y el mundo",200,2026-10-06T13:17:29+00:00
ConsciousNews,alive,channel,Conscious News,36,,2024-04-16T20:01:06+00:00,0,0,,"Spreading truthfulness by exposing darkness and their deceptive practices.  We take you into journey to witness the world's revolution.  We work in the dark to serve the light.  Stories/complains, e-mail: NPfg9ogy at  niepodam.pl",200,2026-10-06T13:17:31+00:00
ConservativeBlogger,empty_page,,,,,,,,,"If you have  Telegram , you can contact  @ConservativeBlogger  right away.",200,2026-10-06T13:17:34+00:00
conservativechoicecampaign,empty_page,,,,,,,,,"If you have  Telegram , you can contact  @conservativechoicecampaign  right away.",200,2026-10-06T13:17:36+00:00
ConservativeCrackhouse,empty_page,,,,,,,,,"If you have  Telegram , you can contact  @ConservativeCrackhouse  right away.",200,2026-10-06T13:17:40+00:00
ConservativeDaily,alive,channel,Untamed Nation,728,,2026-09-14T20:39:00+00:00,0,1,,Live M-F 4PM ET   https://theuntamedtruth.com/   Follow On:   https://podcasts.apple.com/us/podcast/conservative-daily-podcast/id1475796905,200,2026-10-06T13:17:43+00:00
conservativejblQck1776,alive,channel,ConservativeJblQck1776,4019,,2026-08-12T01:16:17+00:00,0,0,,Here to help WAKE PEOPLE UP to SAVE THE CHILDREN and SAVE THE WQRLD!   🌍    🌍    🐸    🐸    💥    💥    ♥️    ♥️    🇺🇸    🇺🇸    🇺🇸    🙏    🙏    🙏    🙏,200,2026-10-06T13:17:45+00:00
conservativeunderground,alive,channel,Conservative Underground News,137,,2026-08-19T02:53:57+00:00,0,0,conservativeunderground_Jewish conservativeunderground_books conservativeunderground_privacy,"Source of uncensored news, information, and discussion  Also check out our sister channels   @conservativeunderground_privacy   @conservativeunderground_books   https://t.me/conservativeunderground_Jewish",200,2026-10-06T13:17:48+00:00
consortium_news,empty_page,,,,,,,,,"If you have  Telegram , you can contact  @consortium_news  right away.",200,2026-10-06T13:17:51+00:00
conspiracies,alive,channel,Conspiracies,354,,2026-09-28T02:03:23+00:00,0,3,conspiracychat,Lastest updates from the Conspiracies subreddit!  Join the chat group   👉    @conspiracychat,200,2026-10-06T13:17:54+00:00
conspiracy_corner_news,alive,channel,NEWS FEED - Conspiracy Corner Patriots,558,,2024-01-17T21:09:38+00:00,0,0,conspiracy_corner conspiracy_corner_news,💥   Give Me Liberty Or Give Me Death!!!   💥    Join Group  @conspiracy_corner  Join News Feed  @conspiracy_corner_news     💥   Welcome to our news feed!  💥,200,2026-10-06T13:17:57+00:00
conspnews,alive,channel,Conspiracy & Dissident News,452,,2022-02-16T20:46:14+00:00,0,0,TheBunkerGate,Automated alternative news feed  Channels:  @TheBunkerGate  XMR: 85eb8TT9C5BAJnTno4ws6LEyAN4BB26NXWcX4r4G7U6D9ZmwgCLBvnsSPqETdX4Njo2mw9m5LwBiQdTgwr32Fhq3VQhEusW,200,2026-10-06T13:18:00+00:00
constitutional_republic12,empty_page,,,,,,,,,"If you have  Telegram , you can contact  @constitutional_republic12  right away.",200,2026-10-06T13:18:06+00:00
constitutionalawakening,alive,channel_no_preview,Vault Constitutional Awakening,4760,,,,,Disclosurehive Disclosurehub,Learn the constitution and use usefull tools and resources to take back your power as a US Citizen! Part of  @Disclosurehub  &  @Disclosurehive  see also vtvault.org/foia and vtvault.org/channels,200,2026-10-06T13:18:09+00:00
contextualinsurgent,alive,channel,Contextual Insurgent Project,94,,2023-03-23T23:11:45+00:00,0,0,,,200,2026-10-06T13:18:11+00:00
ConventionOfStates,alive,channel_no_preview,Channel: Article V - Convention of States,254,,,,,,This Channel is not affiliated with any organization and operates exclusively at the discression of its owner.   All content is assimilated and dispersed under this assumption.  Please visit www.ConventionOfStates.com to sign petitions or join their team.,200,2026-10-06T13:18:14+00:00
ConvoySwitzerland,alive,channel,Convoy Switzerland   🇨🇭    🚚    🇨🇦    🚛    🇨🇭,435,,2024-04-07T08:19:24+00:00,0,0,,,200,2026-10-06T13:18:18+00:00
coontowns,empty_page,,,,,,,,,"If you have  Telegram , you can contact  @coontowns  right away.",200,2026-10-06T13:18:20+00:00
cosmic_news,alive,channel,Cosmic News,25,,2023-09-14T12:31:39+00:00,0,0,,,200,2026-10-06T13:18:23+00:00
CosmicOriginsChannel,alive,channel,Cosmic Origins,754,,2026-10-05T21:07:00+00:00,2,8,,"Remembering our Cosmic Origins, and Returning to Them   -Conscious Crypto -Awakening  -Dislcosure -Blockchain -XRP, SHX, CORE, SOLO, FLARE, XLM, VELO -Mr Pool -News Updates and Analysis  -Metaphysics  -Hidden Truth  -17 -Space Force",200,2026-10-06T13:18:25+00:00
coulterculture,alive,channel,Coulter Culture,64,,2026-01-11T20:09:00+00:00,0,0,,Free speech advocacy,200,2026-10-06T13:18:28+00:00
countersec,alive,channel,Countersectionality,64,,2026-10-05T16:22:12+00:00,1,6,,"Professor of Optics, Ph.D  Faculty of the Dissident Right",200,2026-10-06T13:18:31+00:00
COVID1984CANADA,empty_page,,,,,,,,,"If you have  Telegram , you can contact  @COVID1984CANADA  right away.",200,2026-10-06T13:18:34+00:00
covid19arizona,empty_page,,,,,,,,,"If you have  Telegram , you can contact  @covid19arizona  right away.",200,2026-10-06T13:18:38+00:00
covidfirst,empty_page,,,,,,,,,"If you have  Telegram , you can contact  @covidfirst  right away.",200,2026-10-06T13:18:40+00:00
cpagedecodes,empty_page,,,,,,,,,"If you have  Telegram , you can contact  @cpagedecodes  right away.",200,2026-10-06T13:18:44+00:00
CPNRedPill,empty_page,,,,,,,,,"If you have  Telegram , you can contact  @CPNRedPill  right away.",200,2026-10-06T13:18:49+00:00
Cpt_Redpill,alive,channel_no_preview,Captain Redpill,123,,,,,,,200,2026-10-06T13:18:51+00:00
crayonics,alive,channel,crayonics,4,,2024-10-22T09:54:26+00:00,0,0,,,200,2026-10-06T13:18:54+00:00
CreativeDestructionMedia,alive,channel,CDM.press,8840,,2026-10-06T13:09:11+00:00,20,20,,Honest.  In-Depth.  Reliable.         CDM.PRESS,200,2026-10-06T13:18:56+00:00
CredibleSource,empty_page,,,,,,,,,"If you have  Telegram , you can contact  @CredibleSource  right away.",200,2026-10-06T13:18:59+00:00
CriticalHappenstance,empty_page,,,,,,,,,"If you have  Telegram , you can contact  @CriticalHappenstance  right away.",200,2026-10-06T13:19:02+00:00
CriticalMemeTheory,empty_page,,,,,,,,,"If you have  Telegram , you can contact  @CriticalMemeTheory  right away.",200,2026-10-06T13:19:06+00:00
criticalricetheory,alive,channel,Critical RICE Theory   🧂    💡    🎣,8290,,2025-12-28T16:07:30+00:00,0,0,,Just a normal guy giving my 2 cents I simplify the news and give glory to the Good News.,200,2026-10-06T13:19:09+00:00
Crossroads_josh,alive,channel,Crossroads with JOSHUA PHILIPP,5880,,2026-10-01T14:46:25+00:00,2,6,,"Crossroads is a channel from The Epoch Times, focused on discussions about the major junctures of the world—from breaking news, to ideology, culture, and politics.  Joshua Philipp is an award-winning investigative reporter.",200,2026-10-06T13:19:11+00:00
crosstherubicon54,alive,channel_no_preview,Cross the Rubicon123,806,,,,,,"Geopolitics, globalisation, Davos man, worldwide collusion to destroy the west, Trump derangement syndrome,",200,2026-10-06T13:19:14+00:00
cttAC,alive,channel,Chronicles of Troubled Times: AIR CRASHS,112,,2026-09-06T19:05:47+00:00,0,4,boost cttevent cttevent_bot,"Plane crashes, air unusual events  Авиакатастрофы, необычные события в воздухе  Main channel | Основной канал:  @cttevent   Send news | Прислать новость:  @cttevent_bot   Invite friends | Пригласить друга:  t.me/+Vb0zONNwdsXS17N8     t.me/boost/cttevent",200,2026-10-06T13:19:17+00:00
Cue_is_Qing,empty_page,,,,,,,,,"If you have  Telegram , you can contact  @Cue_is_Qing  right away.",200,2026-10-06T13:19:20+00:00
CuetheMarines,alive,channel,🪖   Cue the Marines Channel   🪖,1970,,2026-09-18T13:12:33+00:00,0,10,,"enter.cuethemarines.com   Our movement is dedicated to all brave Patriots who are still in the fight for America and honoring their oaths. No man left behind.   We connect dots, disseminate info, and provide clarity & motivation.",200,2026-10-06T13:19:23+00:00
culttture,alive,channel,Culttture,7,,2023-04-29T00:25:59+00:00,0,0,,,200,2026-10-06T13:19:26+00:00
CultureOfCrime,alive,channel_no_preview,⚜ Culture of Crime ⚜,6,,,,,,Culture of Crime is Marxist Communism.   Eclectic mix of new and historical media regarding federal crimes against the People.   Human Rights violators,200,2026-10-06T13:19:29+00:00
Cultures_of_Resistance,alive,channel_no_preview,Global Resistance News,18463,,,,,Cultures_of_Resistance,🗂You can filter GRN's 7 main themes with these hashtags:  #GRNIntel #OneStruggle #TheNoticing #ResistanceMartyrs #GRNProductions #GRNTranslations #ResistanceVibes  🔰About us: t.me/Cultures_of_Resistance/29  👉Join us on Gab: Gab.com/GlobalResistanceNews,200,2026-10-06T13:19:31+00:00
culturewarcriminal,alive,channel,Ryan Sánchez   🏴‍☠️,4510,,2026-10-02T06:55:29+00:00,3,5,Nationalist_Network,"Blessed be the Lord my strength which teacheth my hands to war, and my fingers to fight. (Psalm 144)  Director,  @Nationalist_Network    https://linktr.ee/ryan.a.sanchez",200,2026-10-06T13:19:34+00:00
currentevents2020,empty_page,,,,,,,,,"If you have  Telegram , you can contact  @currentevents2020  right away.",200,2026-10-06T13:19:37+00:00
CVINENEWS,alive,channel,Linda Forsythe (C-VINE),11200,,2026-10-06T06:59:45+00:00,19,19,,Founder of C-VINE = Community Voices ~ Investigations ~ News ~ Education,200,2026-10-06T13:19:40+00:00
CWFarr,alive,channel,CW News Feed,27,,2023-12-04T08:56:21+00:00,0,0,,Top news stories and commentary,200,2026-10-06T13:19:45+00:00
cwillis191,empty_page,,,,,,,,,"If you have  Telegram , you can contact  @cwillis191  right away.",200,2026-10-06T13:19:48+00:00
CWonde,alive,channel,Camellia Wonder News,16,,2024-04-13T22:42:52+00:00,0,0,,,200,2026-10-06T13:19:50+00:00
D2LTogether,empty_page,,,,,,,,,"If you have  Telegram , you can contact  @D2LTogether  right away.",200,2026-10-06T13:19:54+00:00
D2NWO,alive,channel_no_preview,Death To The New World Order,556,,,,,,"Intel from leaders in the truth movement so you know what to expect in this dark time. Evil works by way of deception, join this channel for truth from someone who understands the wiles of the devil...",200,2026-10-06T13:20:01+00:00
DailyBriefing,alive,channel,DailyBriefing,4,,2024-02-28T12:58:23+00:00,0,0,,,200,2026-10-06T13:20:08+00:00
dailyjihad,alive,channel,Daily Jihad,17,,2026-04-13T04:20:48+00:00,0,0,AngrySaffron BharatIsSanatan MeghUpdates TheIslamFiles,Daily crimes as war(jihad) against kafirs(non-Muslims). Other Updates:  @AngrySaffron   @MeghUpdates  Follow  @TheIslamFiles  for HOF posts on  #Islam  Follow  @BharatIsSanatan  for Sanatan posts.,200,2026-10-06T13:20:11+00:00
dailyrealtimenews,alive,channel,RealTimeNews  ™,19600,,2026-09-24T18:50:03+00:00,0,9,RealTimeNewsDaily,Real News And Real Quick. Discussion:  @RealTimeNewsDaily,200,2026-10-06T13:20:15+00:00
DakotaProudBoys,empty_page,,,,,,,,,"If you have  Telegram , you can contact  @DakotaProudBoys  right away.",200,2026-10-06T13:20:17+00:00
DaldorenGaming,alive,channel_no_preview,Dal's Shitpost Shack,39,,,,,,The Sexual Revolution and its consequences have been a disaster for the human race.   Ran by Dal & Robert.,200,2026-10-06T13:20:20+00:00
DanCrenshaw,empty_page,,,,,,,,,"If you have  Telegram , you can contact  @DanCrenshaw  right away.",200,2026-10-06T13:20:23+00:00
DaneanHere2,alive,channel,Danean,1910,,2026-09-24T23:38:56+00:00,0,4,,A resting spot for weary Patriots. The best is yet to come.   🇺🇲     X: DaneanHere2  TruthSocial: DaneanHere,200,2026-10-06T13:20:26+00:00
dangeroustimes,alive,channel_no_preview,•Dreaming in Dangerous Times•,26,,,,,,"Ideas, poems and notes on love, theory, and the dangerous times we dream in.",200,2026-10-06T13:20:29+00:00
danielbostic,alive,channel,Daniel Bostic,1460,,2025-03-19T16:24:01+00:00,0,0,,Associate Producer of The Plot Against the President • Former Congressional Staffer • Has-Been Model •  https://linktr.ee/debostic,200,2026-10-06T13:20:33+00:00
danielle_maga23,empty_page,,,,,,,,,"If you have  Telegram , you can contact  @danielle_maga23  right away.",200,2026-10-06T13:20:36+00:00
daniellerodenroth1,alive,channel,The Great Awakening,82,,2023-10-15T10:28:35+00:00,0,0,daniellerodenroth1,"Digital Soldiers.  Underground movement of truth seekers, patriots and badasses!    We are the media now.  What an epic time to be living in.   Invite others to this channel   @daniellerodenroth1",200,2026-10-06T13:20:39+00:00
daniellestella2020,alive,channel,Danielle Stella for Congress  🦸🏻‍♀,67,,2022-08-01T23:04:17+00:00,0,0,,Running against Ilhan Omar for MN District 5- 2020  stella2020.com,200,2026-10-06T13:20:42+00:00
danijelsheran,alive,channel,Danijel_Sheran17   ✨,22600,,2026-10-06T13:16:58+00:00,20,20,,Cause no matter where you are Know where you come from Rid the earth of separation Cause this generation too strong for Babylon Together as one   💫    🙏   ~ Iya Terra   https://truthsocial.com/@DanijelSheran,200,2026-10-06T13:20:46+00:00
dannytommo,alive,channel,Danny Tommo,1810,,2022-04-11T16:01:18+00:00,0,0,,,200,2026-10-06T13:20:49+00:00
DaRealRePUBLIC2021,empty_page,,,,,,,,,"If you have  Telegram , you can contact  @DaRealRePUBLIC2021  right away.",200,2026-10-06T13:20:52+00:00
dark2light_17,alive,channel,Dark2light_17,1590,,2026-06-05T21:12:45+00:00,0,0,,Deplorable Texan   🇺🇸    QUESTION EVERYTHING,200,2026-10-06T13:20:54+00:00
darkIIlight,alive,channel,Dark II Light   💜,1260,,2026-08-28T13:55:43+00:00,0,0,,💜   UK   🇬🇧   Freedom Warriors fighting worldwide   🌍    💜,200,2026-10-06T13:20:58+00:00
DarkMatterWaffen,alive,channel_no_preview,Dark Matter Backup 2,147,,,,,,Videos/songs from your favorite Hardstyle producer,200,2026-10-06T13:21:00+00:00
darleneswaffar,alive,channel,Darlene Swaffar,317,,2026-09-21T12:51:55+00:00,0,19,,"Entrepreneur, Mom, Pro Veterans, Pro Law and Order, Pro Life, Pro School Choices, Pro 1776 Commission. Defender of our Judeo Christian Values.",200,2026-10-06T13:21:03+00:00
DarthApu,empty_page,,,,,,,,,"If you have  Telegram , you can contact  @DarthApu  right away.",200,2026-10-06T13:21:05+00:00
dasrightarchive,empty_page,,,,,,,,,"If you have  Telegram , you can contact  @dasrightarchive  right away.",200,2026-10-06T13:21:07+00:00
datadude316,alive,channel_no_preview,INTEL REPORT DAILY,1173,,,,,,Formerly TruthNinja316. Get all the REAL NEWS here for free: intelreportdaily.com,200,2026-10-06T13:21:10+00:00
daughterjudah,alive,channel,Daughter Judah,10,,2023-07-02T07:11:16+00:00,0,0,daughterjudahchat,"I discuss topics as they relate to Truth and Justice (anti-corruption, anti-human trafficking).   Chat room:  @daughterjudahchat  to join in discussion",200,2026-10-06T13:21:12+00:00
DauntlessDialogue,alive,channel,Dauntless,723,,2026-09-27T20:59:04+00:00,0,5,,"Commentary on health, politics, conspiracy, and culture",200,2026-10-06T13:21:14+00:00
DaveJanda,alive,channel,Dr Dave Janda,567,,2026-09-29T13:35:36+00:00,1,5,,The Home of Operation Freedom (  www.davejanda.com ),200,2026-10-06T13:21:17+00:00
davidknightshow,empty_page,,,,,,,,,"If you have  Telegram , you can contact  @davidknightshow  right away.",200,2026-10-06T13:21:19+00:00
DBongino,alive,channel,Dan Bongino,105000,,2026-10-04T15:49:50+00:00,2,10,,Host of The Dan Bongino Show.   bongino.com,200,2026-10-06T13:21:22+00:00
dcblm,empty_page,,,,,,,,,"If you have  Telegram , you can contact  @dcblm  right away.",200,2026-10-06T13:21:24+00:00
dcconservatives,alive,channel,D.C. Conservatives News,149,,2022-09-19T01:25:24+00:00,0,0,,"DC’s premier 5%ers, Clarence Thomasing all the things.  #Blendergate   #DCConservatives",200,2026-10-06T13:21:26+00:00
DDDJusticeIsHere,alive,channel,Data FLQQD Disclosure  ✨  Justice Is Here,47,,2026-10-04T16:18:06+00:00,3,4,,,200,2026-10-06T13:21:29+00:00
deafanddumbinstitute,empty_page,,,,,,,,,"If you have  Telegram , you can contact  @deafanddumbinstitute  right away.",200,2026-10-06T13:21:31+00:00
debasedvburra,alive,channel,Debased with Vish Burra,108,,2021-08-28T02:42:24+00:00,0,0,,Get all your latest news and updates as you debase the Establishment with Vish Burra.,200,2026-10-06T13:21:34+00:00
DeclassifyTheNation,alive,channel,Declassified Files - 10 Days Of Darkness,11700,,2022-02-15T14:50:25+00:00,0,0,,"Channel for declassified information for all to see. If you would like to add files, please let me know. I will add you to the list to post files. This channel is associated with 10 Days Of Darkness Info Group.",200,2026-10-06T13:21:36+00:00
decqded,alive,channel,DECQDED,49,,2023-01-16T03:24:09+00:00,0,0,,DECQDED News Drops,200,2026-10-06T13:21:38+00:00
defendevropa,alive,channel,DE - Geopolitics Edition,7680,,2024-08-09T20:01:34+00:00,0,0,ChannelCollection,"Defend Europa's official news channel. We post news, our own articles, memes and other relevant content.  For support: 39fEoPzUTRYPRm5tJBfCsUWAGsuRZ5VRvK (BTC)  https://www.defendevropa.com     📖    @ChannelCollection",200,2026-10-06T13:21:41+00:00
DefenseBlog,alive,channel,Defense.blog,7700,,2025-10-06T09:02:59+00:00,0,0,,Latest News and Updates on   🇩🇪   German and   🇪🇺   European Military and Defence Issues from the   🌐    -  https://x.com/GermanEUMilinfo  ✓,200,2026-10-06T13:21:43+00:00
Defundmedia,alive,channel,Defund The Media!,34,,2025-06-03T11:04:47+00:00,0,0,,"This is a news dump channel of Everything  sourced or not that Media refuses to cover. Widespread coverage will happen! Lift an eye to heaven, become the warrior God wants you to be! Become the the weapon against the darkness, sever the false light.",200,2026-10-06T13:21:45+00:00
deinfringe,alive,channel,Deinfringe,1080,,2023-04-13T00:25:22+00:00,0,0,,"Guns, Liberty, memes",200,2026-10-06T13:21:48+00:00
DelawarePatriotsUnite,empty_page,,,,,,,,,"If you have  Telegram , you can contact  @DelawarePatriotsUnite  right away.",200,2026-10-06T13:21:50+00:00
demacre,alive,channel,The End Times,38200,,2026-10-06T09:41:07+00:00,6,14,AntiTradPics BeVirtuous PepeLib TheFunnyOnes TradPics,It's only going to get worse.  Follow my other channels:   ⚜️    @BeVirtuous    🏰    @TradPics    🐸    @PepeLib    😆    @TheFunnyOnes    🏢    @AntiTradPics,200,2026-10-06T13:21:53+00:00
DemandFreeSpeech,alive,group,Demand Free Speech,,5,,,,,,200,2026-10-06T13:21:55+00:00
dennisscheerman,alive,channel,WakeupFlevoland,14,,2026-09-17T17:58:15+00:00,0,2,,,200,2026-10-06T13:21:57+00:00
deplatforming,alive,channel,Deplatforming Alerts   🚨,2390,,2022-11-24T23:07:22+00:00,0,0,,Let’s work together to reduce the effects of deplatforming by having this signal amplify alternatives and tango downs.,200,2026-10-06T13:22:00+00:00
DeportationMassTM,alive,channel_no_preview,MassDeportationTM,1985,,,,,,,200,2026-10-06T13:22:02+00:00
DerekRants,alive,channel,Derek Rants,4550,,2026-10-05T21:49:40+00:00,12,19,,Life begins at the end of your comfort zone    💀,200,2026-10-06T13:22:04+00:00
DerSchwarzeRitter,alive,user_or_bot,Marc,,,,,,,,200,2026-10-06T13:22:07+00:00
destinydelisio,empty_page,,,,,,,,,"If you have  Telegram , you can contact  @destinydelisio  right away.",200,2026-10-06T13:22:09+00:00
DestroyEvilGroup,empty_page,,,,,,,,,"If you have  Telegram , you can contact  @DestroyEvilGroup  right away.",200,2026-10-06T13:22:12+00:00
DevinDevasquez,alive,channel,Devin Devasquez,5350,,2026-09-27T10:02:04+00:00,0,1,,"Author, Actress, and Emmy winning producer  Spiritual angel warrior for humanity. Seeker of life, liberty, and freedom for all!   bit.ly/PatriotMap",200,2026-10-06T13:22:14+00:00
devonpatriotschannel,alive,channel,Devon Patriots,19,,2020-11-02T14:40:17+00:00,0,0,,,200,2026-10-06T13:22:16+00:00
DevonStack,alive,channel,Blackpilled,24500,,2026-10-05T16:20:52+00:00,6,17,,Blackpilled.com,200,2026-10-06T13:22:18+00:00
diclosure2021,alive,channel_no_preview,DISCLOSURE NOW!!!,28,,,,,,THE DISCLOSURE CHANNEL,200,2026-10-06T13:22:21+00:00
DieForIsraelGoy,empty_page,,,,,,,,,"If you have  Telegram , you can contact  @DieForIsraelGoy  right away.",200,2026-10-06T13:22:23+00:00
dieversity,empty_page,,,,,,,,,"If you have  Telegram , you can contact  @dieversity  right away.",200,2026-10-06T13:22:25+00:00
digital_army,alive,channel_no_preview,Digital Q-Army WWG1WGA,165,,,,,QCr_MEME_WARFARE,Main Goals for 2023: - Completely discredit the WEF - Vaccine genocide and bioweapons facts as common knowledge  Meme Channels:  @QCr_MEME_WARFARE   Meme Dump Group: https://t.me/+85XfKKea7bQ1YzU0,200,2026-10-06T13:22:28+00:00
Digital_Monkey_Business,alive,channel,Digital Monkey Business,263,,2026-09-23T02:43:36+00:00,0,4,,"Exposing the vitiosity of tech use, demystifying pajeetware, providing insight about developments affecting freedom.",200,2026-10-06T13:22:30+00:00
DigitalAnon1701,empty_page,,,,,,,,,"If you have  Telegram , you can contact  @DigitalAnon1701  right away.",200,2026-10-06T13:22:33+00:00
DigitalGeneral,alive,channel,Digital General,2070,,2021-04-05T18:02:56+00:00,0,0,,NCSWIC,200,2026-10-06T13:22:35+00:00
DigitalMarine,alive,channel,Digital Marine,113,,2026-08-11T17:16:56+00:00,0,0,,,200,2026-10-06T13:22:37+00:00
digitalmigration,alive,channel,#DigitalMigration & #DigitalWar   💹    💲    💀    💣    🃏,391,,2021-09-23T09:11:53+00:00,0,0,,We are in the middle of  #DigitalWar .A channel for humans seeking real digital freedom.  #Hacktivism   #DigitalMigration,200,2026-10-06T13:22:40+00:00
digitalsoldiers911,alive,channel,Digital Soldiers 911,213,,2024-11-09T12:32:32+00:00,0,0,,Only the TRUTH Will Set Us ALL Free,200,2026-10-06T13:22:42+00:00
digitalsoldiersTDR,alive,channel,Digital Soldiers,2880,,2024-03-10T14:30:42+00:00,0,0,,,200,2026-10-06T13:22:45+00:00
DigitalSwolljerOfficial,empty_page,,,,,,,,,"If you have  Telegram , you can contact  @DigitalSwolljerOfficial  right away.",200,2026-10-06T13:22:47+00:00
DIGITALWARRIORNEWS,alive,channel,What The Heck?,83,,2026-10-06T00:11:43+00:00,20,20,,NEWS UPDATES,200,2026-10-06T13:22:49+00:00
DilaraEsengilChannel,alive,channel,DILARA ESENGIL OFFICIAL CHANNEL,1160,,2026-10-06T11:19:01+00:00,19,19,,www.DilaraEsengil.blog  and  www.AFistfulOfTruth.com,200,2026-10-06T13:22:52+00:00
DineshJDSouza,alive,channel,Dinesh D’Souza,70700,,2026-10-06T12:09:39+00:00,12,20,,"I am an author, filmmaker, and host of the Dinesh D'Souza Podcast.  Subscribe here TODAY:  https://podcasts.apple.com/us/podcast/the-dinesh-dsouza-podcast/id1547827376",200,2026-10-06T13:22:54+00:00
dirt2021,alive,channel,DIRT,19,,2026-05-10T01:58:33+00:00,0,0,,A channel dedicated to the gather and sharing of DIRT on the elite scumbags who think they rule this world.,200,2026-10-06T13:22:56+00:00
discerningthetruth,empty_page,,,,,,,,,"If you have  Telegram , you can contact  @discerningthetruth  right away.",200,2026-10-06T13:22:59+00:00
disclosetvmirror,empty_page,,,,,,,,,"If you have  Telegram , you can contact  @disclosetvmirror  right away.",200,2026-10-06T13:23:01+00:00
disclosurehub,alive,channel,Disclosure HUB,74100,,2026-09-30T21:25:03+00:00,1,19,,A large neatly organized data dump with continuous updates. ONLY THE BEST and most important for the times during the censorship. Stay with us. Its all free..   Need to speak to channel owner?  www.TalkToGold.com   **We never message first!!**,200,2026-10-06T13:23:03+00:00
DisclosureLibrary,alive,channel,Disclosure Library,11300,,2026-08-28T17:19:53+00:00,0,0,,TRUTH is mighty it will ultimately set us FREE it will prevail where there is PAINS to bring it to LIGHT!,200,2026-10-06T13:23:06+00:00
DismantlingTheCabal,alive,channel_no_preview,DismantlingTheCabal,21342,,,,,,"Disclaimer: ALL THE POSTINGS/CAPTIONS/COMMENTS ARE FICTON/PARODY/SATIRE & SHOULD NOT BE CONSTRUED AS TRUTH OR FACT. Posting & forwarding are not an endorsement nor support for the content of the videos, memes and articles. Viewer discretion is advised!",200,2026-10-06T13:23:08+00:00
dissidentmama,alive,channel,Dissident Mama,180,,2026-10-01T17:13:08+00:00,2,7,,"Smashing sacred cows with a bang, not a whimper.  http://www.dissidentmama.net/",200,2026-10-06T13:23:11+00:00
DITRH1,alive,channel,DITRH,864,,2026-05-07T23:46:58+00:00,0,0,,,200,2026-10-06T13:23:13+00:00
DIU0777,empty_page,,,,,,,,,"If you have  Telegram , you can contact  @DIU0777  right away.",200,2026-10-06T13:23:15+00:00
DLoesch,alive,channel,D,380,,2022-09-14T15:57:03+00:00,0,0,,,200,2026-10-06T13:23:18+00:00
Dman72,alive,user_or_bot,DMAN4LIFE,,,,,,,,200,2026-10-06T13:23:20+00:00
DMPatriotMusic,alive,channel,DMPatriot • Music,81,,2026-08-10T05:15:00+00:00,0,0,,American by Birth  Patriot by Choice   🇺🇸     🦅,200,2026-10-06T13:23:22+00:00
DMW_3,alive,channel_no_preview,Dark Matter,110,,,,,,Pro-White Hardstyle producer originally from Washington state,200,2026-10-06T13:23:25+00:00
DNN1776,alive,channel,AGB1776,671,,2023-01-23T19:18:13+00:00,0,0,,1776,200,2026-10-06T13:23:27+00:00
doamuslims,alive,channel,DOAM - Documenting Oppression Against Muslims,27700,,2026-10-06T09:09:00+00:00,18,18,doamuslims_adminbot,"Official DOAM Telegram Channel    DOAM is your source for important news, events, and commentary from around the world.  Established 2014   www.doamuslims.com  | info@doamuslims.com  Contact:  @doamuslims_adminbot    https://youtube.com/@ZahidDoam",200,2026-10-06T13:23:29+00:00
docsalla,alive,channel,Michael Salla,14400,,2026-10-05T12:56:20+00:00,8,20,,"This is the official channel for Dr. Michael Salla, host of Exopolitics Today & author of Secret Space Programs books series.",200,2026-10-06T13:23:32+00:00
DoctorQsBoomBox,alive,channel,DoctorQ's Boom Box!,7720,,2026-10-06T01:37:13+00:00,20,20,,Just Hanging Out and Exposing the TRUTH!,200,2026-10-06T13:23:34+00:00
doggosvs,alive,channel,𝘿𝙤𝙜𝙜𝙤𝙨 𝙑𝙎 𝙄𝙨𝙡𝙖𝙢,481,,2023-06-08T14:59:55+00:00,0,0,TheHateNetwork doggos_vs_islam islamisacult,Disseminating news from the Muslim  western world and beyond that the MSM don't want to show you.   Debunking myths about ISLAM and the games Muslims play.    ⓘ  @doggos_vs_islam  on instagram  ⓘ  @islamisacult    👈    ☝️    ⓘ Frens with  @TheHateNetwork,200,2026-10-06T13:23:37+00:00
Donald_Lincoln,empty_page,,,,,,,,,"If you have  Telegram , you can contact  @Donald_Lincoln  right away.",200,2026-10-06T13:23:39+00:00
donaldJtrump_team,alive,channel,TrumpTeam News   🇺🇸,4680,,2022-04-15T15:18:38+00:00,0,0,owen_arrow,🇺🇸   Follow if you support Donald J. Trump!   🇺🇸    45th President is the most Inspirational political Leader of our time. This channel is News Aggregator focused on the activities of Donald J.Trump  Contact Us:  @owen_arrow    bit.ly/PatriotMap,200,2026-10-06T13:23:41+00:00
DonaldJTrumpSupport,alive,channel_no_preview,"Breaking News: US, World, China - 07    [ SCAM ]",374,,,,,,,200,2026-10-06T13:23:44+00:00
donaldQlincoln,alive,channel,DQL,3170,,2025-08-04T20:49:10+00:00,0,0,donaldQlincoln,✝️  Follower of Jesus    🦅  Truth Seeker    🇺🇸  American Nationalist    ⚖️  Resisting Deception   ⚔️  Anti Zionist   ⚔️  Anti Israel   https://t.me/donaldQlincoln,200,2026-10-06T13:23:46+00:00
DonaldQTrump,alive,channel,Donald J. Trump,431,,2024-03-18T18:14:17+00:00,0,0,,WE FIGHT FOR YOU!,200,2026-10-06T13:23:48+00:00
DonaldTrumpTrapHouse,alive,channel_no_preview,SAVE AMERICA WITH TRUMP,18,,,,,,,200,2026-10-06T13:23:51+00:00
DongaldTrunk,alive,channel,DONGALD TRUNK DECLAS,4700,,2026-08-30T19:36:10+00:00,0,0,,,200,2026-10-06T13:23:53+00:00
DontTreadOnMeTrump2020,alive,channel,DON'T tread on me!,18,,2020-05-06T19:46:42+00:00,0,0,,,200,2026-10-06T13:23:55+00:00
DougLassMacArthur,alive,channel_no_preview,D L MacArthur,754,,,,,,🐉 Austrum resurget iterum,200,2026-10-06T13:23:58+00:00
DownTheRabbitHoleagain,alive,channel,🐇   Down The Rabbit Hole   🐇,2009,,2026-08-22T18:12:40+00:00,0,0,joinchat,#WWG1WGA    https://linktr.ee/PatriotMap    https://t.me/joinchat/T1spq3ulhYNleHLG    🐇   Follow the white rabbit,200,2026-10-06T13:24:00+00:00
dpatriots1776,empty_page,,,,,,,,,"If you have  Telegram , you can contact  @dpatriots1776  right away.",200,2026-10-06T13:24:03+00:00
drainingtheswamp,alive,channel,Draining The Swamp,63,,2026-10-04T08:43:53+00:00,7,16,,US-News,200,2026-10-06T13:24:05+00:00
drawandstrikechannel,alive,channel,Brian Cates,38700,,2022-10-18T03:49:48+00:00,0,0,,I get paid to write stuff that annoys all the right people. It's awesome.  Speak The TRUTH Even If Your Voice SHAKES,200,2026-10-06T13:24:07+00:00
drdavidduke,alive,channel,Dr. David Duke,2520,,2025-10-13T07:06:19+00:00,0,0,,Unofficial channel for Dr. David Duke.  Official Gab:  https://gab.com/realdavidduke,200,2026-10-06T13:24:10+00:00
DreamRareChat,alive,channel,An0maly — Dream Rare Chat,26700,,2026-07-26T15:11:53+00:00,0,0,,This is where I’ll post all my videos! I’ll drop important updates only & heads up before I’m going live. God bless!,200,2026-10-06T13:24:12+00:00
DrRuthrants,alive,channel,Dr. Ruth rants,32,,2026-10-05T22:01:48+00:00,20,20,,#WeAreTheNews   #WWG1WGA,200,2026-10-06T13:24:14+00:00
DrScottYoung,empty_page,,,,,,,,,"If you have  Telegram , you can contact  @DrScottYoung  right away.",200,2026-10-06T13:24:17+00:00
Dschlopes,alive,channel,Dschlopes,19300,,2026-09-23T04:08:12+00:00,0,2,,Daniel.  Exposer of lies and corruption.  Fighter for truth and justice.  Enemy of evil.  Twitter:   https://twitter.com/dschlopesisback?s=21&t=GE345aICEb8L5bKsrNQ8Ng   GETTR:  https://www.gettr.com/user/dschlopesisback   Truth Social:  https://truthsocial.com,200,2026-10-06T13:24:19+00:00
DTwizzle,alive,channel,DTwizzle (Derrick Torres),10900,,2026-10-06T02:28:01+00:00,20,20,,Pronounced D- Twizzle.   TS Main Account - @ DTwizzle TS Personal Account -@ derricktorres Twitter - @ dtwizzle17 Facebook -  https://www.facebook.com/derrick.torres1,200,2026-10-06T13:24:21+00:00
duerstthewuerst,alive,channel,Anti Progressive Praxis,235,,2026-09-30T00:12:23+00:00,1,6,,LINKS:   https://t.co/k4nmjojGXV,200,2026-10-06T13:24:24+00:00
DUMBSandUnderground,alive,channel,D.U.M.B.S and Underground War,102000,,2026-10-05T03:17:25+00:00,5,5,,Join us on our other CHANNELS  https://linktr.ee/dumbsandunderground  Thank you for your support  https://www.buymeacoffee.com/FCKtheNWO,200,2026-10-06T13:24:26+00:00
DuncanLemp,alive,channel,Duncan Lemp,9,,2025-09-06T10:35:20+00:00,0,0,,Meme Dump to circumvent cloud account deletion.,200,2026-10-06T13:24:28+00:00
DustyBogan,empty_page,,,,,,,,,"If you have  Telegram , you can contact  @DustyBogan  right away.",200,2026-10-06T13:24:31+00:00
Dutch_Lioness,alive,channel_no_preview,🦁🇳🇱Dutch Lioness🇳🇱🦁 🚜💨,232,,,,,,"⚘Join and help spread awareness of crimes against children⚘  Dutch/English   ""Children are the world's most valuable resource and its best hope for the future."" John F. Kennedy",200,2026-10-06T13:24:33+00:00
dwtruthwarrior,alive,channel,dwtruthwarrior   🇨🇦,6240,,2024-11-30T19:28:08+00:00,0,0,,"Martial Artist, Podcaster, Freedom Advocate, Truth Warrior   ⚔️",200,2026-10-06T13:24:35+00:00
Eagle059Channel,empty_page,,,,,,,,,"If you have  Telegram , you can contact  @Eagle059Channel  right away.",200,2026-10-06T13:24:38+00:00
EARTHQLEANINGTHUNDER2Q2Q,alive,channel_no_preview,ADRENOCHROME ECT⚡️,141,,,,,,∆DREN[]CHR[]ME⚡️ SNUFF💀NIGHTM∆RE ⚡️DEW⚡️WEAPONS⚡️ D.U.M.B.S⚡️REPTILIANS⚡ALIENS⚡SHAPESHIFTING⚡GABBER⚡ E∆RTH Q UAKES⚡️ WEATHER⚡️❄️🔥☄️🌊🌪️☀️🌋🌍 CHILDABUSE⚡️ SP∆CE🤖👾👽Q🧡TRUMP SYMBOLISM CODES🐰 666 AND MORE.....🐲🦎🤡💥 S∆VE💛THE💛CHILDREN💛 ⚔️WWG1WGA⚔️,200,2026-10-06T13:24:40+00:00
eastcoast_intel,alive,channel,East Coast News & Discussion,1800,,2026-10-06T10:28:28+00:00,20,20,midwest_intel rockymountain_intel southern_intel westcoast_intel,Welcome to East Coast Regional - Intel drops for the people  ADDITIONAL REGIONAL CHANNELS  @westcoast_intel    @rockymountain_intel   @midwest_intel   @southern_intel,200,2026-10-06T13:24:42+00:00
eCareerConNext,alive,channel,e-CareerConNext,2600,,2025-12-15T23:14:21+00:00,0,0,,Find your next career - connect with individuals and businesses through discussions and job postings across a global community.  Let’s get this world working again!   #FreeSpeech,200,2026-10-06T13:24:45+00:00
EdgeofWonderOfficial,alive,channel,Edge of Wonder Official,3600,,2025-06-27T14:33:07+00:00,0,0,,This is the official channel for Edge of Wonder!,200,2026-10-06T13:24:47+00:00
edmma_2,alive,channel,ММА ДОНБАССА,10,,2024-03-15T13:30:04+00:00,0,0,,АФИШИ | ОБЪЯВЛЕНИЯ | НОВОСТИ,200,2026-10-06T13:24:49+00:00
EdsUpdates,alive,channel,Ed’s Updates,1,,2025-05-11T10:59:26+00:00,0,0,,Just some patriot notes...,200,2026-10-06T13:24:52+00:00
EdwardJeromeTaylor,empty_page,,,,,,,,,"If you have  Telegram , you can contact  @EdwardJeromeTaylor  right away.",200,2026-10-06T13:24:54+00:00
egKWw36CZQ9iYjgx,alive,channel_no_preview,Sovereign Q-Anadian,128,,,,,,"I CONVERSE WITH THE LORD VIA GEMATRIA, I DECODE GIBBERISH. SO I CAN INFORM THE MASSES OF WHAT IS TO COME... YES I GET A LOAD OF RIDICULE...",200,2026-10-06T13:24:56+00:00
ejmjensensr,alive,channel_no_preview,EJMJensen,3,,,,,,SoliDEOgloria,200,2026-10-06T13:24:59+00:00
elaineshtein121,alive,channel,Sarah Connor,3470,,2026-10-05T17:30:05+00:00,3,18,,Co-Chair @  Memetrunk.com,200,2026-10-06T13:25:01+00:00
EldersMatter,alive,channel,@EldersMatter,894,,2025-03-24T09:29:25+00:00,0,0,,"Raising awareness on all humanity’s issues, with a focus on issues affecting the wise and elderly amongst us.",200,2026-10-06T13:25:03+00:00
electiondataanalyzer,empty_page,,,,,,,,,"If you have  Telegram , you can contact  @electiondataanalyzer  right away.",200,2026-10-06T13:25:06+00:00
electionevidence,alive,channel,ElectionEvidence   🇺🇲    🇺🇲    🇺🇲,5510,,2026-04-01T00:43:27+00:00,0,0,,The Official Telegram group of  ElectionEvidence.com  and  www.UnmaskingTruth.org,200,2026-10-06T13:25:08+00:00
ElectionFraud20_org,alive,channel,ElectionFraud20.org,5410,,2026-10-06T10:40:01+00:00,16,19,ElectionFraud20_org_discussion,"News and updates regarding election integrity. For an overview, visit  https://electionfraud20.org   Discussion:  @ElectionFraud20_org_discussion   Email: electionfraud20@si.anonaddy.com",200,2026-10-06T13:25:11+00:00
ElectionFraudExposed,alive,channel_no_preview,Election Fraud Exposed 🗳🇺🇸,1122,,,,,,,200,2026-10-06T13:25:13+00:00
electionwizard,alive,channel,Election Wizard,1280,,2025-01-16T10:14:18+00:00,0,0,,"Populist news, election coverage, and wizardly takes. Use promo code WIZ at  http://MyPillow.com  to SAVE up to 66% off!",200,2026-10-06T13:25:16+00:00
ELPpizzagate,alive,channel,ELP: Pizzagate & Occult Rituals,879,,2026-07-09T15:01:23+00:00,0,0,ELPgroupchat,"Ethos Logos Pathos sub category channel dedicated to explaining what Pizzagate is, who is involved and why.  Join the discussion  @ELPgroupchat",200,2026-10-06T13:25:18+00:00
EmergencyNewsChannel,empty_page,,,,,,,,,"If you have  Telegram , you can contact  @EmergencyNewsChannel  right away.",200,2026-10-06T13:25:20+00:00
emfuleni_news,alive,channel,Emfuleni News,44,,2024-10-27T14:56:29+00:00,0,0,,"News feed with instant view, South African and International news. Be informed. Comment section on. English / Afrikaans",200,2026-10-06T13:25:23+00:00
emichaeljones,empty_page,,,,,,,,,"If you have  Telegram , you can contact  @emichaeljones  right away.",200,2026-10-06T13:25:25+00:00
EmisorBelico01Wooblie,alive,channel,Emisor Belico Wobblie,18,,2026-10-06T08:01:35+00:00,17,17,,Emisor Belico Wobblie,200,2026-10-06T13:25:28+00:00
emma_mitchem,alive,channel,Emma Mitchem,248,,2024-01-12T05:23:43+00:00,0,0,,🇧🇬  |Adopted from Bulgaria    🌲  |OR Grown    🛫  |Traveler & Meme  👸🏻,200,2026-10-06T13:25:30+00:00
emmaajimenez,empty_page,,,,,,,,,"If you have  Telegram , you can contact  @emmaajimenez  right away.",200,2026-10-06T13:25:33+00:00
emmamcqwon,alive,channel,EMMA MCQEOWN,1040,,2026-10-06T04:22:10+00:00,12,12,,Quantum SOULpreneur Reversing vaccine injuries & Raising vibrations! WWG1WGA   https://linktr.ee/emmamckeown,200,2026-10-06T13:25:35+00:00
endgame777,empty_page,,,,,,,,,"If you have  Telegram , you can contact  @endgame777  right away.",200,2026-10-06T13:25:38+00:00
ENDHUMANTRAFFICKING,alive,channel_no_preview,END HUMAN TRAFFICKING,27271,,,,,DJBoddhi EHTAdmin,"Fifty million people, including children, living in modern slavery today.  Youtube: https://www.youtube.com/@ENDHUMANTRAFFICKING-i2f  Fb: https://www.facebook.com/profile.php?id=61565656351362&mibextid=LQQJ4d  Contact  @DJBoddhi  /  @EHTAdmin",200,2026-10-06T13:25:40+00:00
endtimeheadlines,empty_page,,,,,,,,,"If you have  Telegram , you can view posts by  @endtimeheadlines  right away.",200,2026-10-06T13:25:42+00:00
endtimesnewsministry,alive,channel,🔥  End Times News  🔥,1560,,2026-10-05T21:05:55+00:00,19,19,blackredstart,"This channel is dedicated to informing & preparing Christians to be ready for HIS coming, exposing the enemies plans, and pointing out the end time signs along the way.  email me: endtimesnewsministry@hotmail.com  Telegram message me:   t.me/blackredstart",200,2026-10-06T13:25:45+00:00
enjoytheshowchannel,alive,channel,Enjoy The Show (Channel),34,,2024-12-03T03:34:50+00:00,0,0,,#MAGA   #KAG  Enjoy The Show 2021,200,2026-10-06T13:25:47+00:00
EnkiFoxFanClub,empty_page,,,,,,,,,"If you have  Telegram , you can contact  @EnkiFoxFanClub  right away.",200,2026-10-06T13:25:49+00:00
EnochsNewsBlast,alive,channel,Enoch's News Blast   📅,15000,,2026-10-05T20:13:16+00:00,20,20,,"Verified news, daily breifings. No spam, out of context comments, or using the comment section as your own billboard, Conversation encouraged.",200,2026-10-06T13:25:52+00:00
EnoughIsEnoughGBch,alive,channel,EnoughIsEnoughGB,331,,2025-05-05T10:43:39+00:00,0,0,,,200,2026-10-06T13:25:54+00:00
eotcmk,alive,channel,Mahibere Kidusan,16100,,2026-10-05T16:41:04+00:00,20,20,,The official Telegram channel of Mahibere Kidusan,200,2026-10-06T13:25:57+00:00
EOTSPODCAST,alive,channel,Q - THE EYE OF THE STORM   🇬🇧,197,,2023-08-24T08:52:24+00:00,0,0,,Official Telegram Channel for the EOTS Podcast. WWG1WGA   🇬🇧   Based  We were purged from Twitter for speaking the truth.,200,2026-10-06T13:25:59+00:00
epochtimes,alive,channel,The Epoch Times,127000,,2026-10-06T13:00:51+00:00,20,20,,Clarity for Independent Thinkers Download our app   ➡️    ept.ms/DownloadApp,200,2026-10-06T13:26:02+00:00
EpsteinArchive,empty_page,,,,,,,,,"If you have  Telegram , you can contact  @EpsteinArchive  right away.",200,2026-10-06T13:26:04+00:00
ericfmoore,alive,channel,Qtips,4190,,2025-07-17T23:37:55+00:00,0,0,,,200,2026-10-06T13:26:06+00:00
EricStrikerTRS,alive,channel_no_preview,Eric Striker,5241,,,,,,Official Telegram of Eric Striker.  Www.national-justice.com,200,2026-10-06T13:26:09+00:00
escapefromtheprisonplanet,alive,channel,🌍   Escape From the Prison Planet   🌎,299,,2025-10-07T17:19:37+00:00,0,0,,,200,2026-10-06T13:26:11+00:00
esotericarchive,alive,channel,🏛  ESOTERIC  🔮    🏛    🔮   MEMETICS  🏛,905,,2025-08-10T20:56:01+00:00,0,0,esotericcatacombs mhz432,💊  sChIzOsAnONyMoUs  🐸    MEMETICS & CONSPIRACY DATABASE    📚  The Library Catacombs  https://t.me/esotericcatacombs    🎷  Some Tunes  https://t.me/mhz432,200,2026-10-06T13:26:13+00:00
esotericorderofobrien,empty_page,,,,,,,,,"If you have  Telegram , you can contact  @esotericorderofobrien  right away.",200,2026-10-06T13:26:16+00:00
EternalMuscovite,alive,channel,Eternal Muscovite ✙ ∆,13800,,2026-10-04T19:57:31+00:00,13,13,EternalMuscovites M3M3N70,"Exposing everything from the Eurasian agenda, the Perestroika deception, Putin and Chabad, Operation Talpiot, Operation SIG and Soviet Israel.   First post:  t.me/EternalMuscovites/4   Partnership requests:  @M3M3N70",200,2026-10-06T13:26:18+00:00
EthaneNews,empty_page,,,,,,,,,"If you have  Telegram , you can contact  @EthaneNews  right away.",200,2026-10-06T13:26:21+00:00
ethioflat,empty_page,,,,,,,,,"If you have  Telegram , you can contact  @ethioflat  right away.",200,2026-10-06T13:26:23+00:00
EurasianChoice,alive,channel,Eurasia & Multipolarity,24000,,2026-10-06T11:51:29+00:00,19,19,,There's no freedom without national sovereignty.,200,2026-10-06T13:26:25+00:00
EurasianNews,empty_page,,,,,,,,,"If you have  Telegram , you can contact  @EurasianNews  right away.",200,2026-10-06T13:26:28+00:00
europeanist,empty_page,,,,,,,,,"If you have  Telegram , you can contact  @europeanist  right away.",200,2026-10-06T13:26:30+00:00
europeanresistance,alive,channel,European Resistance,178,,2024-12-25T08:19:15+00:00,0,0,,"Uniting for a future for a future for free European peoples. Against repression, for freedom.",200,2026-10-06T13:26:32+00:00
EuropeLives,empty_page,,,,,,,,,"If you have  Telegram , you can view posts by  @EuropeLives  right away.",200,2026-10-06T13:26:35+00:00
EuropeShallLive,empty_page,,,,,,,,,"If you have  Telegram , you can contact  @EuropeShallLive  right away.",200,2026-10-06T13:26:37+00:00
Evan_Troxel,alive,channel,Evan Troxel,12,,2026-10-04T20:38:02+00:00,7,20,,Uncensored Telegram channel for Official Information from Evan Troxel,200,2026-10-06T13:26:39+00:00
evans_baked_telegram,alive,channel,Evans_Baked,3040,,2026-10-06T04:01:15+00:00,19,19,,Evans_Baked_Telegram,200,2026-10-06T13:26:42+00:00
everyoneswelcome,alive,channel,Mad World UK,43,,2026-03-26T21:30:21+00:00,0,0,,Tell us what you know.,200,2026-10-06T13:26:44+00:00
everythingamerican,alive,channel,Breaking From KC,158,,2026-10-06T04:01:05+00:00,19,19,,🇺🇸    🚨  Breaking News Finance Politics Potus,200,2026-10-06T13:26:46+00:00
EverythingHomeTalkShow,alive,channel,SaveMyFreedom,26,,2023-10-05T23:17:44+00:00,0,0,,"💥  We're Exposing The Corruption To Take Back Arizona, America & Our Unconstitutional Elections!    ✅   JOIN The ""Save My Freedom Movement” & Let's Do This Together Because We Don't Have Alot Of Time Left!   🖥   LIVE TV SHOW: FRI @ 7pm ET   🇺🇸    http://SaveMyFreedom.us",200,2026-10-06T13:26:49+00:00
EverythingTechnology,alive,channel,EverythingTechnology,622,,2023-05-24T15:37:30+00:00,0,0,DigitisedRealityHub,User selected news from the world of technology   @DigitisedRealityHub,200,2026-10-06T13:26:51+00:00
EvilOwnsYou,alive,channel,Evil Owns You,1,,2025-02-21T23:47:11+00:00,0,0,,"Like it or not, Evil Owns You. So DO SOMETHING about it.",200,2026-10-06T13:26:53+00:00
exposeislamireland,alive,channel,Expose Islam in Ireland,28,,2022-06-29T04:21:49+00:00,0,0,,A channel dedicated to exposing the vile cult of Islam on the island of Ireland.,200,2026-10-06T13:26:56+00:00
exposesimonandcharlie,alive,channel,"Simon Parkes, Dr Charlie Ward: Expose the frauds and fakes",256,,2025-09-09T22:36:04+00:00,0,0,,"Exposing Dr Charlie Ward and Simon Parkes for their lies and crimes. Both these two criminals were well known in the UK for their lies, frauds leaving a string of victims behind them. It was only in the last 18 months they jumped onto the QAnon bandwagon.",200,2026-10-06T13:26:58+00:00
ExposeThePEDOSendTheCABAL,empty_page,,,,,,,,,"If you have  Telegram , you can contact  @ExposeThePEDOSendTheCABAL  right away.",200,2026-10-06T13:27:01+00:00
exposingthelies,alive,channel,Truth: Harder to Find,2000,,2026-10-01T16:08:47+00:00,3,12,ActionableTruth prepping4shtf,"Analysis and Commentary on Current Events —  4GW and Economic Collapse with a dash of Freedoms and Civil Rights. Chat:  @ActionableTruth  or  @prepping4shtf   ""Quis custodiet ipsos custodes?""  - Juvenal, Satires.   (Who watches the watchmen?).",200,2026-10-06T13:27:03+00:00
exposingthetruthchannel,empty_page,,,,,,,,,"If you have  Telegram , you can contact  @exposingthetruthchannel  right away.",200,2026-10-06T13:27:05+00:00
Extralien,alive,channel,ツ 𝘼𝙍𝙏𝙇𝙄𝙀𝙉.,14,,2025-03-26T17:24:37+00:00,0,0,,,200,2026-10-06T13:27:08+00:00
EyeOnAntisemitism,alive,channel,eyeonantisemitism,1,,2026-02-02T17:24:38+00:00,0,0,,,200,2026-10-06T13:27:10+00:00
EzraACohen,alive,channel_no_preview,Ezra A. Cohen    [ FAKE ],41632,,,,,,,200,2026-10-06T13:27:13+00:00
F_F_Away,alive,channel,tWiLiGhT,468,,2022-09-21T12:35:12+00:00,0,0,AshleyMoore33 FFA_chat alex_axe_sh,US. Patriots. All the truth.  Current policy. Insides and hot details. Real analytics of domestic and foreign issues.  Chat -  @FFA_chat   Feedback:  @AshleyMoore33   @alex_axe_sh   On|  bit.ly/PatriotMap,200,2026-10-06T13:27:15+00:00
FactsMatter_Roman,alive,channel,Facts Matter with Roman Balmakov,6690,,2026-10-02T23:28:14+00:00,2,15,,"We work to bring you honest news without spin.We are free from the influence of any government, corporation, or political party. Our goal is to bring you accurate information so that you can form your own opinion, stay informed, and stay free.",200,2026-10-06T13:27:17+00:00
FaithNewsNetwork,alive,channel_no_preview,Faith News Network,7,,,,,,Faith & Freedom,200,2026-10-06T13:27:20+00:00
Fallsac,alive,channel,[  ⚠️  Terrorist] Fully Automated Luxury Lesbian Space Anarcho Communism,5350,,2026-10-06T12:16:23+00:00,20,20,FallsacGroup,"This channel may include terroristic material according to the USA.  Silly Willy Milly Dilly Monkey-esque Anarcho-Communist content for young and old. A mix of serious news, stupid lefty memes, random animals with music! Join now!  Group:  @FallsacGroup",200,2026-10-06T13:27:22+00:00
FalseHopeEstabliShah2,empty_page,,,,,,,,,"If you have  Telegram , you can contact  @FalseHopeEstabliShah2  right away.",200,2026-10-06T13:27:24+00:00
FamiliesDestroyedByTheState,alive,channel,Children Matter. News - Families Destroyed by the State,70,,2024-02-24T08:05:48+00:00,0,0,,Testing   😊   This is a campaign for truth and justice. To give families back their voice and to fight for our kids futures   💛    💙    💜,200,2026-10-06T13:27:27+00:00
familiesmatter,alive,channel,Unity For Our Children!,23,,2022-08-01T19:01:58+00:00,0,0,,This is our open platform for truth and justice fighters! If you are fighting for the children join our fight!,200,2026-10-06T13:27:29+00:00
familyman20181,alive,channel,"Silence DoGood, MBA",15100,,2026-10-06T12:37:54+00:00,19,19,,"God. Jesus. Holy Spirit. Family. Country. Silver Standard Supporter, Truth, Freedom, Father of 5, Blessed by God   🙏🏻    🙌🏻",200,2026-10-06T13:27:31+00:00
faragebarrage,empty_page,,,,,,,,,"If you have  Telegram , you can contact  @faragebarrage  right away.",200,2026-10-06T13:27:34+00:00
FarmAttacksSouthAfrica,alive,channel,Plaas Aanvalle/Farm Attacks SA   😡,107,,2021-05-30T12:31:06+00:00,0,0,,Plaas Aanvalle deur terroriste in Suid Afika Farm Attacks By Terrorists in South Africa,200,2026-10-06T13:27:36+00:00
farmgirl17,alive,channel,Farm Girl17,66,,2023-09-29T01:23:28+00:00,0,0,,Sharing from the garden and the electric jungle,200,2026-10-06T13:27:39+00:00
fascismshmascism,alive,channel_no_preview,DEAD SUB TO BUREAU OF ANTISEMETIC REMARKS,117,,,,,Gayandjewish,https://t.me/Gayandjewish,200,2026-10-06T13:27:41+00:00
FathersFailedByTheState,alive,channel,Father's Failed by the State,12,,2022-08-01T19:01:58+00:00,0,0,,"We are a branch from Families Destroyed by the State,  please join us and help get our childrens voices heard!   💛    💙",200,2026-10-06T13:27:44+00:00
fatherwaffen,empty_page,,,,,,,,,"If you have  Telegram , you can contact  @fatherwaffen  right away.",200,2026-10-06T13:27:46+00:00
fbedrock,alive,channel,Flint Bedrock,475,,2026-09-13T10:56:35+00:00,0,1,,"Christ follower | CEO, Bedrock Impact Consulting | Build markets, align partners, prove outcomes | Geopolitics & freedom  http://www.bedrockimpact.co.uk",200,2026-10-06T13:27:48+00:00
FCB_D3CODE,alive,channel,fcb_d3code,17,,2026-02-25T06:41:43+00:00,0,0,,,200,2026-10-06T13:27:51+00:00
fedup4us,alive,channel,Fed Up Warrior,618,,2024-07-21T07:23:00+00:00,0,0,,"Pro Trump, pro America, pro freedom",200,2026-10-06T13:27:53+00:00
FedUpPatriots,empty_page,,,,,,,,,"If you have  Telegram , you can contact  @FedUpPatriots  right away.",200,2026-10-06T13:27:55+00:00
FedUpUSA,empty_page,,,,,,,,,"If you have  Telegram , you can contact  @FedUpUSA  right away.",200,2026-10-06T13:27:57+00:00
FeedChats,alive,channel,Latest News by Patriots!,384,,2026-08-10T17:16:11+00:00,0,0,,"News posts to 17 chats of 18,600+ members!",200,2026-10-06T13:28:00+00:00
FeelzGoodman,alive,channel_no_preview,🔥F. Goodman's Memory Hole🔥,88,,,,,,Perpetually poastin' into the void,200,2026-10-06T13:28:02+00:00
felixrex,alive,channel,Felix Rex,7080,,2026-10-05T15:33:53+00:00,6,12,,Felix Rex Home,200,2026-10-06T13:28:05+00:00
fightCRT,empty_page,,,,,,,,,"If you have  Telegram , you can contact  @fightCRT  right away.",200,2026-10-06T13:28:07+00:00
FightersForFreedom,alive,channel,🇺🇸  𝕱ighters 𝕱or 𝕱reedom 𝕹𝖊𝖜𝖘  🦅,1460,,2026-10-06T03:03:15+00:00,17,17,,"Fighters For Freedom, we are taking our country back! We share news that the MSM don't want you to know about.     🇺🇸  We stand for the flag, and kneel at the cross  🙏   America First! Prayer works, join us in prayer!",200,2026-10-06T13:28:09+00:00
FindPatriots,empty_page,,,,,,,,,"If you have  Telegram , you can contact  @FindPatriots  right away.",200,2026-10-06T13:28:12+00:00
findyourfriendspei,alive,channel,East Coast Kitchen Party,639,,2026-10-04T13:29:17+00:00,2,4,,,200,2026-10-06T13:28:14+00:00
FirstAmendmentPraetorian,alive,channel,1st Amendment Praetorian,3520,,2025-03-28T05:22:52+00:00,0,0,,"1AP is a group of military, law enforcement & intel community vets who protect Americans.  https://1APraetorian.com",200,2026-10-06T13:28:16+00:00
firstintel1,empty_page,,,,,,,,,"If you have  Telegram , you can contact  @firstintel1  right away.",200,2026-10-06T13:28:19+00:00
FKTVupdates,alive,channel,FORBIDDEN.NEWS,1020,,2026-09-01T18:43:38+00:00,0,0,,SUBSCRIBE FREE:  https://forbiddennews.substack.com,200,2026-10-06T13:28:21+00:00
FLYNN5ARCADE,alive,channel,FLYNN'S ARCADE,200,,2024-08-08T23:38:48+00:00,0,0,,FLYNN NEWS AND VIDS,200,2026-10-06T13:28:23+00:00
FlyoverConservatives,alive,channel,Flyover Conservatives,9890,,2026-10-03T01:48:23+00:00,1,3,FlyoverChat,"Official Telegram of Flyover Conservatives   🇺🇸   Breaking news, show alerts, clips, sources and updates you don’t want to miss.  Our mission: Help 80 million Americans Wake Up • Speak Up • Show Up    💬   Join the discussion:  @FlyoverChat",200,2026-10-06T13:28:26+00:00
fogvalley,alive,channel,The fog valley,376,,2026-07-20T08:23:08+00:00,0,0,,,200,2026-10-06T13:28:28+00:00
followchris,alive,channel_no_preview,Christopher Cantwell,1317,,,,,,Smarter than you. Better looking. Actually me. Target of hate and jealousy. Avoid imposters.,200,2026-10-06T13:28:30+00:00
followsthewhiterabbit,alive,channel,Follow The White Rabbit   ™     🐇,79400,,2026-10-05T20:27:59+00:00,16,16,,"With heavy Government, TV, & Big Tech censorship, we hope to enable a more balanced perspective through current, uncensored content.  The ultimate goal to initiate & expedite humanity’s awakening > highest conciousness.  ~Peace & Love   ❤️",200,2026-10-06T13:28:33+00:00
for_God_so_loved_the_world,alive,channel,Oganon,24,,2025-01-07T17:44:49+00:00,0,0,,"Hello, hello my family!!! Decided it was time to start up and talk again, bring your Knowledge, and words of God.",200,2026-10-06T13:28:35+00:00
fordfischer,empty_page,,,,,,,,,"If you have  Telegram , you can contact  @fordfischer  right away.",200,2026-10-06T13:28:37+00:00
Forecast432Hz,alive,channel,Forecast 432Hz,18900,,2024-11-08T05:23:28+00:00,0,0,Forecast432,I greet you in the Love and the Light of our Infinite Creator. Chat Room:  https://t.me/Forecast432,200,2026-10-06T13:28:40+00:00
foreignaffairsintelligencecounci,empty_page,,,,,,,,,"If you have  Telegram , you can contact  @foreignaffairsintelligencecounci  right away.",200,2026-10-06T13:28:42+00:00
ForUsAllSpeakYourTruth,empty_page,,,,,,,,,"If you have  Telegram , you can contact  @ForUsAllSpeakYourTruth  right away.",200,2026-10-06T13:28:44+00:00
FoundationGermanEmpireChannel,alive,channel_no_preview,#XMen - channel 🇾🇪,511,,,,,FoundationGermanEmpireChannel joinchat,https://t.me/joinchat/1WSyxmjffWUyMDli   https://gab.com/RalphderErste/posts/109547370929147356   https://t.me/FoundationGermanEmpireChannel/41197   twitter.com/RalphJo66424424   parler.com/RalphderErste,200,2026-10-06T13:28:47+00:00
FountainOfTruthMedia,alive,channel,Alan Fountain - FountainOfTruthMedia,8620,,2026-01-10T02:32:19+00:00,0,0,,Geopolitical Analysis of Pedophilia Blackmail Bribery System - Q Digital Soldier Decoding Military Stringers- (11:11 Light-Worker)  www.gf4justice.com    Donation site:   www.GiveSendGo.com/PedoGateWhistleblower,200,2026-10-06T13:28:49+00:00
FourCornersOSINT,alive,channel,FourCornersOSINT,115,,2026-09-10T13:49:49+00:00,0,1,FourCornersChat,Coverage in the Wild West Louis L’Amour made famous... for conversation see  https://t.me/FourCornersChat  this one’s all news and analysis,200,2026-10-06T13:28:52+00:00
FR33DOMF1GHTRs,alive,channel,🇦🇺  Australian FR33domF1GHTrs Channel  🇦🇺  [Digital SQLDIERs  🇦🇺    🌏    🇺🇸  ][@FR33DOMF1GHTRs  🇦🇺  ],452,,2022-04-03T22:36:56+00:00,0,0,,AWAKE LIONs   🦁    TRUTH seekers   🎯    Digital SQLDIERs   🐸   @WAR with [Australian GRUBBERMENT]  🤺   CoNvid is a HOAX! [  💉    ☠️    ⚠️  ]!!!! UNITED we will DEFEAT the MACHINE What's done in the   🖤   Will be brought to the LIGHT!  🤍   NQTHING can STQP what is CQMING!  0⃣    WWG1WGA  ❤️,200,2026-10-06T13:28:54+00:00
freaksenseworld,alive,channel,a FreakSense World - the ONLY official Charlie Freak channel,12000,,2026-07-26T15:53:16+00:00,0,0,,"ONLY Official Channel of Charlie Freak and Family. - A World where Gods ""Truth"" is the foundation that we build our family upon for all Eternity. The Shire animal sanctuary website .  Www.theshireanimalsanctuary.com   we are a donation run   🥰  sanctuary  🙏    ❤️",200,2026-10-06T13:28:57+00:00
freedom01234,alive,channel,Freedom,,,2023-09-09T04:31:40+00:00,0,0,,Freedom,200,2026-10-06T13:28:59+00:00
FREEDOM4MAandUSA,alive,channel,FREEDOM 4MA (USA & BEYOND),108,,2026-09-11T23:21:41+00:00,0,1,,"Live now at Monti's   🍕   in Lynn, Ma",200,2026-10-06T13:29:02+00:00
FreedomBelleDataDrops,empty_page,,,,,,,,,"If you have  Telegram , you can contact  @FreedomBelleDataDrops  right away.",200,2026-10-06T13:29:04+00:00
freedomcommunityuk,empty_page,,,,,,,,,"If you have  Telegram , you can contact  @freedomcommunityuk  right away.",200,2026-10-06T13:29:06+00:00
Freedomfightersww,alive,channel_no_preview,FREEDOM⚡️FIGHTERS⚔️🌎,558,,,,,,💥💥💥💥We are the news now🐸✨️🌎  WWG1WGA ✨️,200,2026-10-06T13:29:09+00:00
freedomforcebattalion,alive,channel,Melissa Redpill - Freedom Force Battalion   🇺🇸,76900,,2026-10-06T03:27:29+00:00,15,15,,"Melissa Redpill The World posts here!  Https://FreedomForce.LIVE    Https://X.com/MelissaRedpill  SHOWTIMES- Sunday 11AM, Tuesday 6PM, Saturday 10:30AM all CST",200,2026-10-06T13:29:11+00:00
FreedomLovingPatriot4life,alive,channel,Freedom Loving Patriot,190,,2026-07-22T04:45:55+00:00,0,0,,,200,2026-10-06T13:29:13+00:00
FreedomNewsNetwork,alive,channel,Freedom News,2170,,2021-04-05T18:17:18+00:00,0,0,,Real News - the truth is our freedom!,200,2026-10-06T13:29:16+00:00
Freedompeoplenow,alive,channel,Serbian patriot WWG1WGA,410,,2022-04-05T20:31:25+00:00,0,0,,Truth will set you free. WWG1WGA,200,2026-10-06T13:29:18+00:00
freedomreigns,alive,channel,Patriot News Channel,164,,2022-09-06T03:36:48+00:00,0,0,,Uncensored & Unmasked News & Events For Patriots  https://linktr.ee/FreedomFighter22  Patriot News,200,2026-10-06T13:29:21+00:00
freedomtothepeople89,empty_page,,,,,,,,,"If you have  Telegram , you can contact  @freedomtothepeople89  right away.",200,2026-10-06T13:29:23+00:00
Freeezerr,alive,channel,Freezer,6,,2024-03-03T03:44:16+00:00,0,0,,Shitposting & Naming them! All in a day’s work.,200,2026-10-06T13:29:25+00:00
FreeFlorida,alive,channel,🇨🇺    ⚡️  Florida Zoomers  ⚡    🇪🇦    🇺🇸,9,,2022-10-05T01:39:23+00:00,0,0,,"New-Right content for Latinos and Catholics in FL, plus news, leaks & current events",200,2026-10-06T13:29:28+00:00
freeJuliane,empty_page,,,,,,,,,"If you have  Telegram , you can contact  @freeJuliane  right away.",200,2026-10-06T13:29:31+00:00
freeleft,alive,channel,Free Left,4,,2025-12-02T14:32:04+00:00,0,0,communisthorizon,NEW LINK TO THE CHANNEL:  https://t.me/communisthorizon,200,2026-10-06T13:29:33+00:00
FreePalestine_48,empty_page,,,,,,,,,"If you have  Telegram , you can contact  @FreePalestine_48  right away.",200,2026-10-06T13:29:35+00:00
freespeechgreensborochannel,alive,channel,Free Speech Greensboro,46,,2022-12-11T01:39:08+00:00,0,0,freespeechgreensborotelegram,Join Our Group with Voice Chat:    https://t.me/freespeechgreensborotelegram,200,2026-10-06T13:29:37+00:00
freespeechisntfree,alive,channel,freespeechisntfree,194,,2024-09-29T15:26:52+00:00,0,0,,"I like Truth & free speech.  Prayer  🙏🏽  warrior & prophetic dreamer  🔥   Currently learning from Holy Spirit & others how to help/support MK Ultra, SRA, & Trauma Survivors.",200,2026-10-06T13:29:40+00:00
freespeechstatetelegram,alive,channel,Free Speech State,798,,2026-10-04T13:09:14+00:00,1,11,,Thoughts and feelings,200,2026-10-06T13:29:42+00:00
FreeSpeechToday,alive,channel,💠    💠  FREE SPEECH  💠    💠,1220,,2026-10-05T22:20:13+00:00,20,20,,Information for Thinking and Feeling  Donate BTC: bc1qgh5v3x9p0jqwxucpwv5k6rze3vpjctpamw6j9g,200,2026-10-06T13:29:44+00:00
freestatecolorado,alive,channel,Free State Colorado,942,,2026-10-06T01:42:44+00:00,13,20,,Official Telegram Channel for  FreeStateColorado.com,200,2026-10-06T13:29:47+00:00
FreeStateFloridaNews,empty_page,,,,,,,,,"If you have  Telegram , you can contact  @FreeStateFloridaNews  right away.",200,2026-10-06T13:29:49+00:00
FreeTheWillPatriots,alive,channel,Free The Will Patriots [FTW],15500,,2026-10-06T13:24:30+00:00,20,20,,"We Are FTW Patriots  News, Threads, Decodes, digging, Meming, All Quantum, Home of MaQaveli Decodes  Articles posted are not endorsements. Use discernment to grab the facts. Learn & Discern",200,2026-10-06T13:29:52+00:00
freethinkingproject,alive,channel,Free Thinking Project,141,,2024-07-22T19:21:36+00:00,0,0,,Q THE GREAT AWAKENING  #WWG1WGA  GESARA TRUMP  Information Repository,200,2026-10-06T13:29:54+00:00
Frenchanon1111,alive,channel,Frenchanon1111,730,,2022-09-27T15:29:03+00:00,0,0,,D5coding the show,200,2026-10-06T13:29:56+00:00
FreshMannaforTheGreatAwakening,alive,channel,Fresh Manna for the Great Awakening with Grateful Doug,19,,2023-06-08T18:41:18+00:00,0,0,,,200,2026-10-06T13:29:59+00:00
fritzthelang,empty_page,,,,,,,,,"If you have  Telegram , you can contact  @fritzthelang  right away.",200,2026-10-06T13:30:01+00:00
FrogLife_17,alive,channel,𝕱𝖗𝖔𝖌 𝕷𝖎𝖋𝖊,116,,2023-03-19T03:38:24+00:00,0,0,,"For the frogs, by the frogs",200,2026-10-06T13:30:04+00:00
frogpub,alive,channel,🐸   Frogger   🐸,3,,2023-10-30T05:20:46+00:00,0,0,,,200,2026-10-06T13:30:06+00:00
fromhknews,alive,channel,香港HK-破牆新聞與時評精選,991,,2022-12-17T10:03:11+00:00,0,0,freedomhumanrights,香港HK-破牆新聞與時評精選  http://T.me/fromhknews   感謝大家的支持，開了個群，大家有空可以自由在這裡聊天，這群的規矩是互相尊重，不能人身攻擊，言語攻擊其他人，三次提醒不改就會被請離開，我有空也會進去一齊聊聊，很高興認識大家  🙏🏻    https://t.me/freedomhumanrights,200,2026-10-06T13:30:08+00:00
FSGazette,empty_page,,,,,,,,,"If you have  Telegram , you can contact  @FSGazette  right away.",200,2026-10-06T13:30:11+00:00
FTLIan,empty_page,,,,,,,,,"If you have  Telegram , you can contact  @FTLIan  right away.",200,2026-10-06T13:30:13+00:00
FUCKtheNAZIworldORDER,empty_page,,,,,,,,,"If you have  Telegram , you can contact  @FUCKtheNAZIworldORDER  right away.",200,2026-10-06T13:30:16+00:00
FUCKtheNewWorldQrder,empty_page,,,,,,,,,"If you have  Telegram , you can contact  @FUCKtheNewWorldQrder  right away.",200,2026-10-06T13:30:18+00:00
fuehrernet,alive,channel,fuehrernet.com,3,,2026-07-11T10:09:03+00:00,0,0,,The First Nationally Social Network,200,2026-10-06T13:30:20+00:00
FullOnArmor,empty_page,,,,,,,,,"If you have  Telegram , you can contact  @FullOnArmor  right away.",200,2026-10-06T13:30:23+00:00
fullspectrumuniverse,alive,channel,Full Spectrum Universe,615,,2024-08-13T21:28:49+00:00,0,0,,"Broadcast/Podcast delving into any and all topics.. Supernatural, Paranormal, Deep Conspiracies, History, Science, Aliens, News, Politics..",200,2026-10-06T13:30:25+00:00
funsizecharlie2020,alive,channel,Charlie Kae,113,,2024-03-28T09:16:19+00:00,0,0,,Funsize Politics. Funsize opinions.,200,2026-10-06T13:30:27+00:00
g3news,alive,channel,G3 News,6130,,2026-09-08T20:55:47+00:00,0,1,,We are comprised of journalists and researchers united under the cause of free press and information access within independent media.,200,2026-10-06T13:30:30+00:00
gabbichoong,alive,channel,Gabbi Choong,10200,,2026-10-05T22:41:31+00:00,3,18,,Truth Justice Freedom for Children  Find our podcast on utube   ✅    https://www.youtube.com/@gabbichoong5076   Visit out website   https://www.truthjusticefreedomforchildren.com    ✅,200,2026-10-06T13:30:32+00:00
GabNews,empty_page,,,,,,,,,"If you have  Telegram , you can contact  @GabNews  right away.",200,2026-10-06T13:30:34+00:00
gabsocial,alive,user_or_bot,Ga,,,,,,,,200,2026-10-06T13:30:37+00:00
gabtrends,alive,channel,Gab.com,11500,,2026-10-06T04:20:25+00:00,9,16,,Try our new AI platform:  gab.ai,200,2026-10-06T13:30:39+00:00
gaiainternational,empty_page,,,,,,,,,"If you have  Telegram , you can contact  @gaiainternational  right away.",200,2026-10-06T13:30:41+00:00
GailGolec,alive,channel,Gail Golec,2410,,2026-03-21T15:27:01+00:00,0,0,,"SAVE AMERICA Constitutionalist, Influencer and American Patriot Warrior!  Patriotic American, Mother, Friend, Woman of Courage.  #GodWins   #SaveAmerica   #ElectionProtection",200,2026-10-06T13:30:44+00:00
gailofgaia,alive,channel,FREE RANGE: Host Gail of Gaia,828,,2026-05-24T23:45:37+00:00,0,0,,aka   Sha'reTahlai'ah,200,2026-10-06T13:30:46+00:00
GaleDribblesHouseofWaxPolitics,alive,channel_no_preview,DALE ɢʀɪʙʙʟᴇs ɪɴᴅᴏᴄᴛʀɪɴᴀᴛɪᴏɴ ᴄᴇɴᴛᴇʀ,1880,,,,,,"Guns don't kill people, the government does",200,2026-10-06T13:30:48+00:00
Galileo0723,alive,channel,Galileo0723,118,,2026-10-03T18:57:54+00:00,2,17,,Reporting Censored Truth,200,2026-10-06T13:30:51+00:00
GalliaDaily,alive,channel,GALLIA DAILY | Voice of France,13200,,2025-06-22T09:44:54+00:00,0,0,Gallia_Chat,"✍🏻   Sharing news from France, in English   👉🏻   100% Non-partisan, independent & free   ✉️   Contact: galliadaily@airmail.cc   💭   Group chat:  @Gallia_Chat",200,2026-10-06T13:30:53+00:00
gamersllc,alive,user_or_bot,Fdic Llc,,,,,,,,200,2026-10-06T13:30:56+00:00
GameTheoryNewsRadio,alive,channel,Game Theory News   ♟,256,,2026-10-06T00:29:58+00:00,6,19,,Current news and intelligence of the global coup d'état.,200,2026-10-06T13:30:58+00:00
GarrettMZiegler,alive,channel,Garrett Ziegler,270,,2022-10-08T22:38:41+00:00,0,0,,"Husband, father, founder of Marco Polo research group, & former Trvmp WH staff",200,2026-10-06T13:31:00+00:00
GatewayPundit,alive,channel_no_preview,Gateway Pundit🔅,391,,,,,GatewayPundit GatewayPundits,"💥💯💥💯💥💯💥💯💥💯💥💯   JOIN this FORUM  @GatewayPundit    JOIN the CHAT   @GatewayPundits   BEST NEWS is Gateway Pundit news.  Chat is Pro-Free-Speech, Chan is eclectic media.   🇺🇲⭐🇺🇲⭐🇺🇲⭐🇺🇲⭐🇺🇲⭐🇺🇲⭐🇺🇲    Not affiliated thegatewaypundit.com",200,2026-10-06T13:31:03+00:00
gatewaypunditofficial,alive,channel,Gateway Pundit,110000,,2026-10-06T13:22:32+00:00,20,20,,Official channel of Gateway Pundit where hope made a comeback.,200,2026-10-06T13:31:05+00:00
gatortime,alive,user_or_bot,Andrew Patrick,,,,,,,,200,2026-10-06T13:31:08+00:00
gavha944,empty_page,,,,,,,,,"If you have  Telegram , you can contact  @gavha944  right away.",200,2026-10-06T13:31:10+00:00
gavinwax,alive,channel,Gavin M. Wax,169,,2025-09-22T14:55:10+00:00,0,0,,www.GavinWax.com,200,2026-10-06T13:31:12+00:00
GayRightNews,alive,channel,Gay Right News - GayRightNews.com,3,,2026-01-31T17:42:07+00:00,0,0,,Gay Right News -  GayRightNews.com,200,2026-10-06T13:31:14+00:00
GBTUSAWSU,empty_page,,,,,,,,,"If you have  Telegram , you can contact  @GBTUSAWSU  right away.",200,2026-10-06T13:31:17+00:00
gdkarma2,alive,channel,Lyme Justice,420,,2025-09-16T03:17:49+00:00,0,0,,,200,2026-10-06T13:31:19+00:00
Gematria_Shmematria,empty_page,,,,,,,,,"If you have  Telegram , you can contact  @Gematria_Shmematria  right away.",200,2026-10-06T13:31:22+00:00
GeminiPatriot74,alive,channel,🇬🇧  Welsh_Patriot74  🇺🇸,13,,2026-08-19T08:19:51+00:00,0,0,,Truth & Justice   ⚖️    #Faith    ✝️   In Almighty God We Trust...   🙏🏻,200,2026-10-06T13:31:24+00:00
GeneralFlynnExposed,alive,channel,General Fully Exposed,6890,,2026-10-06T12:38:55+00:00,19,19,,"General Fully Exposed exposes child sex trafficking while leading those in darkness to the Way, Truth, and Life - Jesus Christ.  𝙒𝙚 𝙏𝙝𝙚 𝙋𝙚𝙤𝙥𝙡𝙚 of 𝙂𝙤𝙙'𝙨 𝘼𝙧𝙢𝙮",200,2026-10-06T13:31:27+00:00
GeneralMcInerney,empty_page,,,,,,,,,"If you have  Telegram , you can contact  @GeneralMcInerney  right away.",200,2026-10-06T13:31:29+00:00
GenFlynnFans,empty_page,,,,,,,,,"If you have  Telegram , you can contact  @GenFlynnFans  right away.",200,2026-10-06T13:31:32+00:00
GenflynnQ,empty_page,,,,,,,,,"If you have  Telegram , you can contact  @GenflynnQ  right away.",200,2026-10-06T13:31:34+00:00
GenWarz,alive,channel,General Warz Channel,5760,,2026-10-06T03:48:56+00:00,20,20,,"Patriot News, America First, Culture War, Liberty Network",200,2026-10-06T13:31:36+00:00
GeopoliticsAndEmpire,alive,channel,Geopolitics & Empire,12500,,2026-10-06T03:26:13+00:00,20,20,GeopoliticsAndEmpireBackChannel,Telegram Channel of the Geopolitics & Empire Podcast:  https://geopoliticsandempire.com   Geopolitics & Empire Telegram Group:  https://t.me/GeopoliticsAndEmpireBackChannel,200,2026-10-06T13:31:39+00:00
george_news,alive,channel,INFINITE PLANE SOCIETY,665,,2023-05-30T18:08:12+00:00,0,0,,"Stay Tuned, Join the Newsletter@    http://www.InfinitePlaneSociety.com",200,2026-10-06T13:31:41+00:00
georgenews,alive,channel,GEORGENEWS,143000,,2026-10-06T01:16:22+00:00,20,20,GeorgeChat,"Investigative Journalism since 2014 | Chat:  @GeorgeChat  |  https://linktr.ee/georgenews  | Repost ≠ Endorsement | based, anon, nexus",200,2026-10-06T13:31:43+00:00
GeorgeWebb,alive,channel,George Webb - Investigative Journalist (Official Osprey Fanpage),6140,,2026-10-05T02:47:24+00:00,20,20,ScreamingOspreys,"5 years in DC as an investigative journalist, still tracking pandemic viruses to Ft. Detrick roots. One dead partner, lots of death threats later, still going. (Osprey run page) Join  ➡    @ScreamingOspreys  chat for more",200,2026-10-06T13:31:46+00:00
GermanDictatorshipNews,empty_page,,,,,,,,,"If you have  Telegram , you can contact  @GermanDictatorshipNews  right away.",200,2026-10-06T13:31:48+00:00
GermaniaPost,alive,channel_no_preview,Germania Post 🇩🇪: German News in English,1544,,,,,,"Sharing news from Germany, and other German-speaking countries as well as political commentary from the West.",200,2026-10-06T13:31:50+00:00
GESARAandNESARA,alive,channel,QFS - BRICS - GESARA - CRYPTO - BLOCKCHAIN - FinancialMarkets - GeoPolitics,25900,,2026-10-04T23:54:56+00:00,5,9,,JOIN US ON RUMBLE --->>>  https://rumble.com/c/GESARAandNESARA  - NESARA - GESARA - QFS - BRICS - Financial Markets - Crypto - Blockchain - FINTec & BIGTech - Gold-„ -Silver - Securities - BONDS - JunkBonds,200,2026-10-06T13:31:53+00:00
geseranesera,alive,channel,GESARA NESARA,9920,,2026-10-05T18:10:03+00:00,20,20,Ascension_A_Memeoir,The liberation of the humankind from the meanest systems that existed for many many years. The start of the Golden Age  ♡ Work 1:1 with me -  https://linktr.ee/17Chandni    💛     @Ascension_A_Memeoir    ✨    🪬    PS : We'll never dm you to sell anything. Be Aware   🙌     🪬,200,2026-10-06T13:31:55+00:00
getinformed2,empty_page,,,,,,,,,"If you have  Telegram , you can contact  @getinformed2  right away.",200,2026-10-06T13:31:57+00:00
GFLearth,alive,channel,GFLearth,1030,,2026-10-02T00:27:45+00:00,1,1,,GFLearth is an apparel and awareness brand based in LA,200,2026-10-06T13:32:00+00:00
gh6ttr3Q,empty_page,,,,,,,,,"If you have  Telegram , you can contact  @gh6ttr3Q  right away.",200,2026-10-06T13:32:02+00:00
gholland04,alive,channel,Gary Holland (gholland04),308,,2026-10-06T11:19:29+00:00,20,20,,"#Disabled   #Veteran  USN ??  #Conservative , Background; Nuclear Eng, Computer Science, American History.  #MAGA   #Patriot   #notPC   #Q   #WWG1WGA   #1A   #2A   #KAG",200,2026-10-06T13:32:04+00:00
GhostEzra,alive,channel,GhostEzra,27800,,2026-10-06T09:38:01+00:00,20,20,,ALL CONFIDENTIAL CASES WILL BE EXPOSED.,200,2026-10-06T13:32:07+00:00
Giga_GARV,empty_page,,,,,,,,,"If you have  Telegram , you can contact  @Giga_GARV  right away.",200,2026-10-06T13:32:09+00:00
giladatzmon,alive,channel,Gilad Atzmon thoughts and music,1720,,2026-09-24T11:52:37+00:00,0,1,,To be a jazz musician is  to reinvent yourself often enough.  To be a thinker is to make others believe that you do the same..,200,2026-10-06T13:32:11+00:00
GitmoTV,alive,channel,GITMO TV,80600,,2026-10-05T04:45:43+00:00,8,8,GitmoTV,"CAMP JUSTICE - TELEGRAM  @GitmoTV  - RUMBLE  https://rumble.com/c/TRIBUNALSforJUSTICE  - ️  🔥   if our work is useful for you, we appreciate your support by buying us a coffee Thank you for your support - WWG1WGA --->>>   ☕️    🔥    https://www.buymeacoffee.com/GitmoTV",200,2026-10-06T13:32:14+00:00
GiveThatSomeThought,alive,channel,𝐆𝐈𝐕𝐄 𝐓𝐇𝐀𝐓 𝐒𝐎𝐌𝐄 𝐓𝐇𝐎𝐔𝐆𝐇𝐓   ✝️     👑,532,,2026-10-01T15:15:53+00:00,4,18,,Your brain. Use it.,200,2026-10-06T13:32:16+00:00
glennbeck,alive,channel,Glenn Beck Fans,36600,,2026-10-06T12:27:37+00:00,20,20,,Fan channel dedicated to Glenn Beck - not associated with or managed by Glenn  “Journalism is printing something that someone else does not want printed. Everything else is public relations.” —Glenn Beck   https://youtube.com/user/glennbeck,200,2026-10-06T13:32:19+00:00
GlennTeale,empty_page,,,,,,,,,"If you have  Telegram , you can contact  @GlennTeale  right away.",200,2026-10-06T13:32:21+00:00
glensaffer,empty_page,,,,,,,,,"If you have  Telegram , you can contact  @glensaffer  right away.",200,2026-10-06T13:32:23+00:00
GlenWallaby,empty_page,,,,,,,,,"If you have  Telegram , you can contact  @GlenWallaby  right away.",200,2026-10-06T13:32:26+00:00
GlobalPatriotGroup,alive,channel,Global Patriot Group,667,,2024-07-23T05:51:54+00:00,0,0,,"As the founding fathers envisioned, we believe that common law serves mankind, but our government is using civil law to enslave the people.    #ItsYourFight",200,2026-10-06T13:32:28+00:00
GlobalResearch_ca,alive,channel,Global Research,2320,,2026-04-03T21:05:45+00:00,0,0,,"Centre for Research on Globalization  The CRG is an independent research and media group of writers, scholars, journalists and activists.  The Global Research webpage publishes news articles, commentary, research and analysis on a broad range of issues.",200,2026-10-06T13:32:30+00:00
GlutenFreeGluten,alive,channel_no_preview,Gluten_Free_Gluten__,46,,,,,,,200,2026-10-06T13:32:33+00:00
GMINORITY,alive,channel,Global Minority Initiative,494,,2023-04-06T01:34:52+00:00,0,0,,,200,2026-10-06T13:32:35+00:00
Godalwayswinz,alive,channel,#GodWins,530,,2026-06-18T13:31:18+00:00,0,0,,Information for Hope!,200,2026-10-06T13:32:37+00:00
GodBlessPresidentTrump,alive,channel,"Breaking News: US, World, China - 17",331,,2024-07-29T09:33:29+00:00,0,0,GodBlessPresidentTrump,🇺🇸   45th President of the United States of America.   🇺🇸   Fight to Save America and Fight for Trump! JOIN:  https://t.me/GodBlessPresidentTrump,200,2026-10-06T13:32:40+00:00
GODblessTrump11,alive,channel,"Breaking News: US, World, China - 04",292,,2024-07-29T09:33:29+00:00,0,0,,We Love Peace,200,2026-10-06T13:32:42+00:00
GodEmperorTrumpOfficial,alive,channel_no_preview,God Emperor Trump (Official) - Tom,61,,,,,,Big Tech made me do this,200,2026-10-06T13:32:44+00:00
GodsGoodNewslink,alive,channel,Gods  ☝️  Goodnews,276,,2026-09-25T20:39:48+00:00,0,2,,Faith comes by hearing the word of God. Faith moves God. God changes things. Using our faith. Be the change. Use the past to learn for the future. Join and share your good news . Invite friends spread the good news. With God the best is yet to come!!,200,2026-10-06T13:32:47+00:00
Godstheboss,alive,channel,God’s the Boss!,44,,2025-03-27T15:59:54+00:00,0,0,,God is Our Commander in Chief!,200,2026-10-06T13:32:49+00:00
GoodDog_USA,alive,channel,GoodDog-USA.com,3950,,2026-10-04T23:11:26+00:00,5,20,,QBits  Chat Group -  https://t.me/+SRQJis7Ptg0fTErj,200,2026-10-06T13:32:51+00:00
GoReading,alive,channel,Λ-Reading ♡,15100,,2026-07-29T09:09:57+00:00,0,0,,本频道主要内容为： 1.书和读书  #书摘   #书籍推荐   #book  ； 2.科技人文资讯分享； 3. Λ-Reading 邮件通讯  #Newsletter ，订阅： https://lambda.rizi.me  4. 频道地址： https://ibox.eu.org/,200,2026-10-06T13:32:54+00:00
gothsfortrump,empty_page,,,,,,,,,"If you have  Telegram , you can contact  @gothsfortrump  right away.",200,2026-10-06T13:32:56+00:00
governmentisnotyourfriend,empty_page,,,,,,,,,"If you have  Telegram , you can contact  @governmentisnotyourfriend  right away.",200,2026-10-06T13:32:58+00:00
govioc,alive,channel,Government Is Organized Crime,12,,2022-07-30T12:09:10+00:00,0,0,,"Following the who's who in alt. Media, and sharing the latest and greatest news.",200,2026-10-06T13:33:01+00:00
GoyimDefenceLeague,empty_page,,,,,,,,,"If you have  Telegram , you can contact  @GoyimDefenceLeague  right away.",200,2026-10-06T13:33:03+00:00
GrasshopperChannel,alive,channel,Grasshopper Official Channel,18600,,2026-10-05T16:57:59+00:00,17,17,,Find me on other platforms here:  https://linktr.ee/Grasshopper_TAFKAG,200,2026-10-06T13:33:06+00:00
gratefulpatriot,alive,channel,Question Everything,1640,,2026-10-06T01:42:54+00:00,20,20,,"“Question Everything – Fast-hitting, no-BS clips that expose the stories and scandals the mainstream media won’t touch. Daily doses of politics, corruption, protests, border chaos, UAP whistleblowers, and whatever else   https://rumble.com/c/IveGotQuestion",200,2026-10-06T13:33:08+00:00
greatawakening,empty_page,,,,,,,,,"If you have  Telegram , you can contact  @greatawakening  right away.",200,2026-10-06T13:33:10+00:00
GreatAwakeningHk,alive,channel,GAHk20230809,46,,2024-08-08T14:35:01+00:00,0,0,HkGreatAwakening,你現進入這個頻道於20230809建立，並不是之前的Great Awakening Hk，頻道內有詳細資料。20230809起本頻道由  #香港大覺醒  運作，要加入的請點這連接  https://t.me/HkGreatAwakening,200,2026-10-06T13:33:13+00:00
greatawakeningworld,alive,channel,GREAT AWAKENING WORLD - Truth & Secrets Revealed!,21900,,2026-10-06T13:27:11+00:00,18,18,greatawakeningnews,Great Awakening World   💥   Awakening The World & Escape the Matrix.   💥   All Truth & Secrets Revealed.   💥   Daily Awakening Real News!   💥   Free Access to Banned/Censured Videos & Docus. Join Us FREE Now!   👉    https://awakeningmatrix.com  DM:  @greatawakeningnews,200,2026-10-06T13:33:15+00:00
greatimawakened,alive,channel,"Great, I'm Awakened.   🐸    🦆",212,,2024-09-28T09:39:07+00:00,0,0,,"Just good stuff for patriots. I try to aggregate (mostly) quality material, tho I'm not above some speculation. (I know we're getting close!)   Help each other.   (This is not an endorsement.)  GOD WINS!   🐸    🦆    👋🏼",200,2026-10-06T13:33:17+00:00
GreekBordersGeneral,alive,channel,/GBG/ - Greek Borders General,2790,,2026-09-23T04:59:58+00:00,0,2,GBG_Submission_bot GBGdiscuss,"Reporting mainly on Greek matters  Content submissions or questions:  @GBG_Submission_bot   OUR MODERATORS WILL NEVER DM PEOPLE, THOSE ARE SCAMMERS  Links (Pastebins, Documentary & Donate)  https://linktr.ee/GreekBordersGeneral   Chat:  https://t.me/GBGdiscuss",200,2026-10-06T13:33:20+00:00
Griftersandliarsexposure,empty_page,,,,,,,,,"If you have  Telegram , you can contact  @Griftersandliarsexposure  right away.",200,2026-10-06T13:33:22+00:00
GuidoAndEscanor,empty_page,,,,,,,,,"If you have  Telegram , you can contact  @GuidoAndEscanor  right away.",200,2026-10-06T13:33:25+00:00
guomingeming,empty_page,,,,,,,,,"If you have  Telegram , you can contact  @guomingeming  right away.",200,2026-10-06T13:33:27+00:00
gypsycrusader,empty_page,,,,,,,,,"If you have  Telegram , you can contact  @gypsycrusader  right away.",200,2026-10-06T13:33:29+00:00
HandleTheTruthChannel,empty_page,,,,,,,,,"If you have  Telegram , you can contact  @HandleTheTruthChannel  right away.",200,2026-10-06T13:33:32+00:00
Happycanadian,alive,channel,HAPPYCANADIAN2021,3,,2024-02-11T23:16:12+00:00,0,0,,,200,2026-10-06T13:33:34+00:00
HARDNEWSNETWORKWIRE,alive,channel_no_preview,HARD NEWS NETWORK NEWSWIRE,245,,,,,,https://linktr.ee/hardbastard  American dissident media with a focus on propaganda  This channel is NOT owned and operated by the Hard Bastard. Anything posted is shared by the Admin.Admin and HNN do not endorse extremism or violent action.Follow the law.,200,2026-10-06T13:33:37+00:00
hatemuslim,empty_page,,,,,,,,,"If you have  Telegram , you can contact  @hatemuslim  right away.",200,2026-10-06T13:33:39+00:00
HawGa,empty_page,,,,,,,,,"If you have  Telegram , you can contact  @HawGa  right away.",200,2026-10-06T13:33:41+00:00
hawga_oc,empty_page,,,,,,,,,"If you have  Telegram , you can contact  @hawga_oc  right away.",200,2026-10-06T13:33:43+00:00
hazydays5150,alive,channel,Kekistan   👻,2670,,2026-10-06T13:30:13+00:00,20,20,,GOD   🐸    FAMILY   🐸    COUNTRY,200,2026-10-06T13:33:46+00:00
HealingByIntuition,empty_page,,,,,,,,,"If you have  Telegram , you can view posts by  @HealingByIntuition  right away.",200,2026-10-06T13:33:48+00:00
healthyhealingmomma1,empty_page,,,,,,,,,"If you have  Telegram , you can contact  @healthyhealingmomma1  right away.",200,2026-10-06T13:33:50+00:00
HeartsofOak,alive,channel,Hearts of Oak,1290,,2026-10-06T10:45:23+00:00,19,20,,"Free Speech Interviews that bridge the transatlantic and cultural gap between the UK and the USA.  Common sense, conviction and courage can transcend borders  https://heartsofoak.org/connect/",200,2026-10-06T13:33:53+00:00
heidichan,alive,channel,4heidi   🇨🇭   ジークハイル,626,,2024-04-23T04:10:22+00:00,0,0,,AlpineFash - News from the Heart of Europe.,200,2026-10-06T13:33:55+00:00
helpstophate,alive,channel,StopHate,949,,2026-10-02T20:03:44+00:00,2,11,HelpStopHate MakeAmericaStopHate StopHateChat,@HelpStopHate   @MakeAmericaStopHate   @StopHateChat    StopHate.com    gab.com/StopHate   newsclapper.com/stophate   brighteon.com/channels/stophate   rumble.com/user/StopHate   facebook.com/HelpStopHate   instagram.com/MakeAmericaStopHate   twitter.com/HelpStopHate,200,2026-10-06T13:33:57+00:00
hhoppler420,alive,channel_no_preview,@hhoppler,52,,,,,,schwurbel delight,200,2026-10-06T13:34:00+00:00
HighDMary,alive,channel,HighD   🕊,6480,,2026-10-04T17:53:48+00:00,19,19,,•God Woke You Up For A Reason•  Have faith in Humanity Have faith in Yourself Have faith in God The Great Awakening Q,200,2026-10-06T13:34:02+00:00
highervibrationsunshinecoast,alive,channel,Higher Vibration Sunshine Coast -Global,485,,2026-10-02T05:13:12+00:00,4,6,,"High Vibration & Consciousness Information in harmony for Natural Health , Sustainability, The Truth , Peace, Love & Sovereignty for All Mankind to Share!   💝    💯    💪    💫    💥    🌈    ✅     ❤️",200,2026-10-06T13:34:05+00:00
Himalaya_English_Channel,alive,channel,Himalaya English Channel,125,,2022-07-27T20:11:59+00:00,0,0,,"We pledge our unwavering pursuit of freedom with wisdom and courage!! When separated, we may only be feathers; When united, we became an eagle soaring high!!",200,2026-10-06T13:34:07+00:00
HisLoveTriumphs,empty_page,,,,,,,,,"If you have  Telegram , you can contact  @HisLoveTriumphs  right away.",200,2026-10-06T13:34:09+00:00
HKDMovement,alive,channel,Hong Kong Democracy Movement,273,,2026-09-01T03:23:04+00:00,0,0,,HKDMovement aims to provide the latest updates on the democratization progress and politics in Hong Kong.  MeWe:  https://mewe.com/join/hongkongdemocracymovement  Facebook:  https://www.facebook.com/pg/hkdmovement  Twitter: hkdnow1 Gab: hkdnow,200,2026-10-06T13:34:11+00:00
hknewsEng,alive,channel,Hong Kong news updates,1960,,2026-10-06T09:17:41+00:00,20,20,,"Provide instant updates esp for English speakers (news/important notice/traffic,etc)",200,2026-10-06T13:34:14+00:00
hnaftali,alive,channel,Hananya Naftali - Israel News,120000,,2026-10-06T13:03:05+00:00,19,19,,Israel's Voice in the Media | Speaker | Middle East Expert,200,2026-10-06T13:34:16+00:00
holdthelinepatriot,empty_page,,,,,,,,,"If you have  Telegram , you can contact  @holdthelinepatriot  right away.",200,2026-10-06T13:34:18+00:00
hombrerana5326,alive,channel,👨🏽  Hombrerana  🐸  5326,140,,2023-10-21T23:38:40+00:00,0,0,,"Christian, Dad, Former SEAL",200,2026-10-06T13:34:21+00:00
hongkong_info,alive,channel_no_preview,香港綜合資訊頻道,3077,,,,,,香港綜合資訊頻道，可以訂閱接收不同的媒體消息  轉載的文章及作品若提出批評，旨在指出相關制度、政策或措施存在錯誤或缺點，目的是促使矯正或消除這些錯誤或缺點，循合法途徑予以改善，絕無意圖煽動他人對政府或其他社群產生憎恨、不滿或敵意,200,2026-10-06T13:34:23+00:00
hongkongersmovement,alive,channel,APS Hongkongers Channel,19,,2023-05-20T10:51:05+00:00,0,0,,"For all Hongkongers with different ethnic backgrounds other than the Han People such as Nepalese, Pakistanis, Indian, Vietnamese, Cantonese, Thai, Indonesian, Japanese, Taiwanese, Khmer, Mongolian, Australian, European and African etc.....",200,2026-10-06T13:34:26+00:00
honkpilled,empty_page,,,,,,,,,"If you have  Telegram , you can contact  @honkpilled  right away.",200,2026-10-06T13:34:28+00:00
HOTWisconsin,alive,channel,H.O.T. Wisconsin-Honest-Open-Transparent,2540,,2026-10-06T11:51:41+00:00,20,20,,A citizen’s movement to restore election integrity in Wisconsin. Visit  infoccc.com  for more information.,200,2026-10-06T13:34:30+00:00
HSRetoucherQ,empty_page,,,,,,,,,"If you have  Telegram , you can contact  @HSRetoucherQ  right away.",200,2026-10-06T13:34:33+00:00
humanitytranscending_w_siobhan,empty_page,,,,,,,,,"If you have  Telegram , you can contact  @humanitytranscending_w_siobhan  right away.",200,2026-10-06T13:34:35+00:00
HumanResistanceAllianceHRA,alive,channel_no_preview,HumanResistanceAlliance {ARCHIVES},5777,,,,,,"If you are ready to fight for Freedom and take down the tyranny then YOU are the resistance, join the HRA. Former military and law enforcements are creating the HRA worldwide to form a global network. Create your own local HRA and be part of that Network",200,2026-10-06T13:34:37+00:00
humansofdystopia,alive,channel,Humans Of Dystopia,3720,,2026-09-29T19:43:27+00:00,1,5,,Channel for keeping a watch on our accelerating decline into dystopia.  Channel inspirated in a page  https://www.facebook.com/HumansOfDystopia/,200,2026-10-06T13:34:39+00:00
huwhitesmemes,alive,channel,huwhite's happenings & memes,146,,2023-07-29T20:04:56+00:00,0,0,huwhitememes huwhitesmemeschat,t.me/huwhitesmemeschat   Happenings & Memes   @huwhitememes  Digital Creator/Memes   https://dlive.tv/huwhitememes   https://odysee.com/@cthulhuwhite:e    https://allmylinks.com/huwhitememes?ref=sikf     Gab.com/cthulhuwhite   truthsocial.com/@huwhitememes,200,2026-10-06T13:34:42+00:00
Hyer971,alive,channel,🍊  We  🎭  Are  🎭  Anonymous  🍊,1390,,2024-02-15T12:15:57+00:00,0,0,,If you are open minded this Channel is for you  💓  . If I am wrong on information I do circle back  😎   and correct it  🙏  .    🇯🇵    🇺🇲    🇵🇷    🏴󠁧󠁢󠁥󠁮󠁧󠁿    🇨🇦    🇪🇦    🇧🇻    🇦🇱    🇨🇰    🇫🇮    🇬🇪    🇬🇧    🇯🇲    🇲🇰    🇩🇪,200,2026-10-06T13:34:44+00:00
i70show,alive,channel,i70 & Coach Clay Show,242,,2026-10-05T21:32:14+00:00,4,19,i70show,"Q & News 24/7  www.DLive.tv/psb  M-W-eoF 9 est - 11 PM  If you would like to Boost us, click below:  https://t.me/i70show?boost",200,2026-10-06T13:34:47+00:00
iadaily,alive,channel,Israel Anderson,3720,,2026-10-05T19:48:29+00:00,7,20,IsraelAnderson,"Important information  Only DMs from  @IsraelAnderson  are real.  Founders Club members, please request access to the private CLUB via DM.",200,2026-10-06T13:34:49+00:00
Iamlatrappe2,alive,channel,I Am La Trappe 2,,,2024-10-23T11:40:18+00:00,0,0,,,200,2026-10-06T13:34:51+00:00
IamLaTrappeNews,empty_page,,,,,,,,,"If you have  Telegram , you can contact  @IamLaTrappeNews  right away.",200,2026-10-06T13:34:54+00:00
IBIZAMagicIsland2Q21QWWG1WGA,alive,channel,IBIZA Magic Island support DQNALD J TRUMP for PEACE & FREEDOM WORLDWIDE! Q WWG1WGA NCSWIC,395,,2026-08-20T03:32:09+00:00,0,0,,"""THE FUTURE IS NOW""  ""SELECTED BEST OF NEWS & INFORMATIONS ABOUT THE TRUTH BEHIND THE MATRIX""   Q WWG1WGA   NCSWIC - NOTHING!  EXPECT THE UNEXPECT!  ""THE BEST IS YET TO COME"" ! ! !",200,2026-10-06T13:34:56+00:00
IceQued,alive,channel,@IceQued,2880,,2022-09-17T04:18:45+00:00,0,0,,,200,2026-10-06T13:34:58+00:00
ICONS2021,alive,channel,ICONS(INTERNATIONAL COMMUNITY OF NATURAL SOVEREIGNS),24300,,2026-10-06T13:34:27+00:00,20,20,,WE ARE FREE SOVEREIGN PEOPLE,200,2026-10-06T13:35:01+00:00
ID1776News,empty_page,,,,,,,,,"If you have  Telegram , you can contact  @ID1776News  right away.",200,2026-10-06T13:35:03+00:00
IDCanada,empty_page,,,,,,,,,"If you have  Telegram , you can contact  @IDCanada  right away.",200,2026-10-06T13:35:05+00:00
Idealintuition17,empty_page,,,,,,,,,"If you have  Telegram , you can contact  @Idealintuition17  right away.",200,2026-10-06T13:35:08+00:00
idenglandofficial,empty_page,,,,,,,,,"If you have  Telegram , you can contact  @idenglandofficial  right away.",200,2026-10-06T13:35:10+00:00
identarist_en,empty_page,,,,,,,,,"If you have  Telegram , you can contact  @identarist_en  right away.",200,2026-10-06T13:35:12+00:00
illinoisstandingagaintstyranny,alive,channel,Illinois Standing Against Tyranny,497,,2023-02-24T12:35:18+00:00,0,0,,Illinois Standing Against Tyranny,200,2026-10-06T13:35:15+00:00
illuminatiSLAYER,alive,channel,New Testament Warrio,7,,2026-09-04T04:23:12+00:00,0,0,,,200,2026-10-06T13:35:17+00:00
imcatturdd,alive,channel,CatTurd,1110,,2024-12-06T22:23:42+00:00,0,0,,Meme Pow!  💥,200,2026-10-06T13:35:19+00:00
imglover13THGENPATRIOT,alive,channel,imglover13THGENPATRIOT   ❤️    🇺🇲  ️,4090,,2026-10-03T14:55:34+00:00,13,20,,"Dark to LIGHT The truth is learned, never told.  Move out of darkness and towards light..  Fear NOT, have FAITH... GOD WINS",200,2026-10-06T13:35:22+00:00
IMPERIALNEWSSERVICE,empty_page,,,,,,,,,"If you have  Telegram , you can contact  @IMPERIALNEWSSERVICE  right away.",200,2026-10-06T13:35:24+00:00
imtriggeredAF,alive,channel,I'm Triggered (Memes),39,,2023-06-23T02:59:24+00:00,0,0,,Triggering the Hell Out Of The Left,200,2026-10-06T13:35:27+00:00
IMYNTheGreatAwakening,empty_page,,,,,,,,,"If you have  Telegram , you can contact  @IMYNTheGreatAwakening  right away.",200,2026-10-06T13:35:29+00:00
imyourmoderator,alive,channel,Be Reasonable Podcast info stream (Chris Paul),6840,,2023-05-20T16:03:11+00:00,0,0,,"Information stream via Chris Paul, host of Be Reasonable: with Your Moderator Chris Paul  All links here:   https://linktr.ee/imyourmoderator",200,2026-10-06T13:35:31+00:00
in5d1,alive,channel,In5D,2730,,2026-10-05T14:03:15+00:00,2,5,,"Bringing TRUTH, LOVE and LIGHT to all our members!",200,2026-10-06T13:35:34+00:00
InconvenientTruths,alive,channel,InconvenientTruths,82,,2023-06-13T21:00:41+00:00,0,0,,Breaking  #MainStreamMedia  narrative & agenda with truth & fact   💡   #MedicalFreedom   #InformedConsent   #VaccineAwareness    💡,200,2026-10-06T13:35:36+00:00
Independent_informations,alive,channel,(  🇬🇧  ) @Independent information channel,20,,2026-09-30T19:16:16+00:00,1,2,,"• Welcome to the official (  🇬🇧  ) Independent information channel  Mostly, we deliver alternative informations away from mainstream media.",200,2026-10-06T13:35:39+00:00
indianaproudboys,alive,channel,Official Fort Wayne Proud Boys,354,,2026-09-29T16:58:39+00:00,1,3,,"The only legitimate northeast Indiana PB chapter. Offensive, inappropriate, gay aids content ahead. Not to be taken seriously ever! Check out our Brick City (Indianapolis) chapter as well.  Email FWPB@protonmail.com to join!",200,2026-10-06T13:35:41+00:00
indigo_kinder,alive,channel,Indigo Army Annos,3120,,2026-09-22T14:26:50+00:00,0,2,,Never ever step back  Nur durch Achtsamkeit,200,2026-10-06T13:35:44+00:00
indygram,alive,channel,📰   Indygram   🔥,555,,2024-09-26T22:24:36+00:00,0,0,MetaAnarchoMemes,"A channel dedicated to the sharing of Anarchist media, movies, news articles, culture and more.  To critic or To contribute, join  @MetaAnarchoMemes  !",200,2026-10-06T13:35:46+00:00
inessas100,empty_page,,,,,,,,,"If you have  Telegram , you can contact  @inessas100  right away.",200,2026-10-06T13:35:48+00:00
InevitableET,alive,channel,✞ Dr C ✞,38400,,2026-09-09T12:42:32+00:00,0,1,,Aka IET,200,2026-10-06T13:35:51+00:00
INFILTRATEDbyTRUTH,alive,channel,INFILTRATEDbyTRUTHPunisher,3870,,2026-10-06T02:23:19+00:00,20,20,PPTF_WAR_CORRESPONDENT_TASKFORCE,TRUTHPunisher Official  RAW TRUTH IN A WORLD FULL OF DECEPTION   WORSHIP JESUS . ALL ABOUT THE CHILDREN . RE-SEARCHING for TRUTH . LONE WARRIOR  email@infiltratedbytruth.com  TRUTH   👀    TimothyCharlesHolmseth.com    t.me/PPTF_WAR_CORRESPONDENT_TASKFORCE,200,2026-10-06T13:35:53+00:00
info_station,alive,channel_no_preview,Information Station,29,,,,,,Keeping America Informed Again 🇺🇲,200,2026-10-06T13:35:55+00:00
InformationEqualsDecisions,alive,channel,Information Equals an Informed Decision  🗣,616,,2026-10-05T11:35:42+00:00,7,15,,"Multitudes, multitudes in the valley of Decision, for the LORD is near in the Valley of Decision.  Joel 3:14  Share with others @informationequalsaninformeddecision",200,2026-10-06T13:35:58+00:00
INFOWARS_AMERICA,alive,channel,INFOWARS AMERICA,9,,2021-09-27T23:10:49+00:00,0,0,,THE ANSWER TO 1984 IS 1776,200,2026-10-06T13:36:00+00:00
infowarslive,alive,channel,INFOWARS.COM   🚫    🚫    🚫,22600,,2026-10-05T22:17:06+00:00,20,20,,Official Telegram for  #INFOWARS  - 𝘛𝘰𝘮𝘰𝘳𝘳𝘰𝘸'𝘴 𝘕𝘦𝘸𝘴 𝘛𝘰𝘥𝘢𝘺    ⭐️    ⭐️    ⭐️    ⭐️    ⭐️    ⭐️    ⭐️   SHARE THE LINKS   📺  Tune in 24/7:  https://www.infowars.com/show/    🛒  Support:  infowarsstore.com,200,2026-10-06T13:36:02+00:00
InfowarsNews,alive,channel,Infowars,964,,2023-06-19T23:44:41+00:00,0,0,,🚨    https://www.infowars.com     📡    https://banned.video/channel/the-alex-jones-show,200,2026-10-06T13:36:05+00:00
IngersollLockW_chat,alive,channel,Ingersoll Lockwood Discussions,1080,,2026-10-06T02:02:47+00:00,20,20,,"For discussing Ingersoll Lockwood Inc. website, projects, and related. May remove channel if official channel is created.",200,2026-10-06T13:36:07+00:00
inmagnaexcitatio,alive,channel,𝕀𝕟 𝕄𝕒𝕘𝕟𝕒 𝔼𝕩𝕔𝕚𝕥𝕒𝕥𝕚𝕠,19300,,2026-10-06T00:35:22+00:00,18,18,,𝕾𝖈𝖆𝖑𝖕𝕾   Reposts are not endorsements,200,2026-10-06T13:36:10+00:00
InnerSpaceMedia,alive,channel_no_preview,InnerSpaceMedia_ism_uk,1123,,,,,InnerSpaceMedia Q_Totalrecall,Quantum by Design   Real Eyes...Realise..Real lies.  Join t.me/Q_Totalrecall    All Narratives Debated   Digital Age  Beast System Demons & JINS.. Parallel universe The Unseen World. And more.   @InnerSpaceMedia   join the rapid debates.,200,2026-10-06T13:36:12+00:00
insider_amigo,alive,channel,Insider Amigo,16100,,2026-10-01T19:09:44+00:00,3,8,insider_amigo,Insider Amigo is a popular author's channel about the world behind the scenes!    ⚠  Share this Channel EVERYWHERE  ⚠    @insider_amigo,200,2026-10-06T13:36:14+00:00
intelops,alive,channel,The Awakening - ENDGAME,29500,,2022-02-26T00:45:38+00:00,0,0,,"Survival | Disclosure | Intel | Defense| Opsec | Breaking News | Prepper Resources | Intelligence | Uncensored News | The Great Awakening world war 3, state of the union  #osint   #awakening   #agenda21   #nwo   #news   #opsec   #prepper   #prepping   #endtimes",200,2026-10-06T13:36:17+00:00
intelops2,empty_page,,,,,,,,,"If you have  Telegram , you can contact  @intelops2  right away.",200,2026-10-06T13:36:19+00:00
Intelsky,alive,channel,Intelsky   🚨,20600,,2025-10-10T06:14:10+00:00,0,0,,"Intelsky provides latest updates, news, leaks and data for people who have interesting to know the truth!   🔊  We also cover protests and movements.",200,2026-10-06T13:36:21+00:00
intelslava,alive,channel,Intel Slava,389000,,2026-10-06T12:50:27+00:00,17,17,CEOofTurkey IntelSlava3,Intel slava is a Russian News aggregator who covers Conflicts/Geopolitics and urgent news from around the world.  For paid promotions and feedback contact us on  @CEOofTurkey  - Intel Slava Group discussion:  @IntelSlava3,200,2026-10-06T13:36:24+00:00
internationalfccp,alive,channel,國際文宣組 IFC,1470,,2023-03-07T08:07:20+00:00,0,0,MenSuen ifc_submit_bot internationalfuckccp,Comments/opinion/submission to   @ifc_submit_bot   ——— Instagram:  @internationalfuckccp   Twitter:  @MenSuen,200,2026-10-06T13:36:26+00:00
IntheboxWithJohnLawrence,alive,channel,National Housing Party UK,306,,2026-08-17T15:13:50+00:00,0,0,,National Housing Party United Kingdom  Website  https://www.nationalhousingparty.uk        https://twitter.com/NHPUKOfficial              https://www.facebook.com/NationalHousingPartyUK,200,2026-10-06T13:36:28+00:00
inthelightnews,alive,channel,In The Light News,811,,2026-10-06T10:47:32+00:00,15,15,,This is our REAL channel Empowerment For The People. Patriot Movement. We bring Light into a news worthy situation.  WE WILL NOT MESSAGE YOU OR SELL ANYTHING !  Beware of Bots!    God is in control. Faith is   🔑,200,2026-10-06T13:36:31+00:00
InTrumpWeTrustNow,alive,channel,In Trump We Trust,100,,2023-03-07T14:07:54+00:00,0,0,,,200,2026-10-06T13:36:33+00:00
IronMemes,alive,channel,IronMemes,58,,2022-04-28T18:27:59+00:00,0,0,,,200,2026-10-06T13:36:36+00:00
ISCResearch,alive,channel,The Awakening - ENDGAME ( crypto),1,,2026-03-09T09:11:34+00:00,0,0,,,200,2026-10-06T13:36:38+00:00
ishjay1960,alive,channel,American Patriot   🇺🇸    🇺🇸    🇺🇸,29600,,2026-10-06T10:46:46+00:00,20,20,,,200,2026-10-06T13:36:40+00:00
islamexposeduk,empty_page,,,,,,,,,"If you have  Telegram , you can contact  @islamexposeduk  right away.",200,2026-10-06T13:36:43+00:00
islamicnatsoc,empty_page,,,,,,,,,"If you have  Telegram , you can contact  @islamicnatsoc  right away.",200,2026-10-06T13:36:45+00:00
islamophobiawatch,alive,channel,Islamophobia.Watch,240,,2026-10-06T06:53:54+00:00,9,19,,"This channel is monitoring and reporting on all things ""islamophobia"". If you are a jihadi sympathizer you don't belong here!  YouTube:  https://www.youtube.com/c/islamophobiawatch  Website:  https://islamohphobia.watch",200,2026-10-06T13:36:47+00:00
Islamthetruth,empty_page,,,,,,,,,"If you have  Telegram , you can contact  @Islamthetruth  right away.",200,2026-10-06T13:36:50+00:00
israel_wc2,empty_page,,,,,,,,,"If you have  Telegram , you can contact  @israel_wc2  right away.",200,2026-10-06T13:36:52+00:00
israelwc,alive,channel,Israel is a War Criminal,1440,,2026-10-01T15:17:33+00:00,1,4,A_Israelwc,"With all the due respect to Moses and those among the Jews who are truly faithful,we consider Israel a war criminal.   🔯    🚮    facebook.com/israelwc    🚩   Send ur opinions to  @A_Israelwc    📲",200,2026-10-06T13:36:54+00:00
isralite4ever17,alive,channel,Isralite4ever17,474,,2025-11-18T14:39:34+00:00,0,0,,Chris West Backup platform. Find me @ Chris West on FB. Or  https://isralite4ever17.wixsite.com,200,2026-10-06T13:36:57+00:00
ItaliaDailyNewsTelegramChannel,alive,channel,Italia Daily   🇮🇹,18,,2022-02-24T17:44:08+00:00,0,0,WlNews,For links to your chosen National news channel please follow this link   @WlNews,200,2026-10-06T13:36:59+00:00
ItalyQanons,alive,channel,ItalyQanons,8600,,2026-10-03T00:43:09+00:00,1,4,,I'm on GAB  https://gab.com/ItalyQanons,200,2026-10-06T13:37:02+00:00
ITandTechnologies,alive,channel,MilTec - Innovations IT and Military Technologies,9110,,2026-07-29T10:19:19+00:00,0,0,,Join us on Rumble --->>>  https://rumble.com/c/INNOVATIONandTECHNOLOGIES  - MilTec --->>>  https://rumble.com/c/MilTec,200,2026-10-06T13:37:04+00:00
itfpod,alive,channel_no_preview,Into The Fight Channel,140,,,,,,Seeking to open eyes to the current state of our world. Inspiring people to get off the sidelines & get into the fight. To pursue & preserve truth.,200,2026-10-06T13:37:06+00:00
itsmajavation,alive,channel,Majavation,127,,2022-05-24T11:33:11+00:00,0,0,,Uncensored   ✨,200,2026-10-06T13:37:09+00:00
itsmefree,alive,channel,🅵🆁🅴🅴 🆉  🅾  🅽🅴,6160,,2024-01-17T01:59:17+00:00,0,0,,,200,2026-10-06T13:37:11+00:00
itsokaytoberight,empty_page,,,,,,,,,"If you have  Telegram , you can contact  @itsokaytoberight  right away.",200,2026-10-06T13:37:13+00:00
Ivanka2024,alive,channel_no_preview,Ivanka Trump    [ SCAM ],5292,,,,,,,200,2026-10-06T13:37:16+00:00
ivoryhecker,alive,channel,Ivory Hecker,12900,,2026-10-03T20:48:45+00:00,1,8,,Follow my news feed :),200,2026-10-06T13:37:18+00:00
IvysNewsAndChat,alive,channel,🌸   Ivy's News   🌸     🇺🇸     🇮🇪     🇨🇦     🇬🇧     🇦🇹     🏴,256,,2026-10-05T22:28:12+00:00,20,20,IvysNewsChat,"🌿   IvysNewsChat   🌿     News, right of center > Political News. Sarcastic Opinion. Humor.    #TRUMP     #MAGA     #WEATHER    https://t.me/IvysNewsChat   We post news.  We'll only respond to a DM if we know you.  Ivy's (Scotch-Irish) USA! USA!",200,2026-10-06T13:37:20+00:00
J6TankMan,empty_page,,,,,,,,,"If you have  Telegram , you can contact  @J6TankMan  right away.",200,2026-10-06T13:37:23+00:00
Jack_Posobiec,alive,channel,Jack Posobiec,116000,,2026-10-06T12:06:09+00:00,20,20,,🇺🇸    🇺🇸    🇺🇸    🇺🇸    🇺🇸,200,2026-10-06T13:37:25+00:00
JackDawkins,alive,channel,Jack Dawkins,19,,2024-08-19T07:37:13+00:00,0,0,,,200,2026-10-06T13:37:27+00:00
JackPosobiec,alive,channel,Jack Posobiec   🇺🇸,1550,,2023-05-23T17:13:21+00:00,0,0,,"An unofficial fan channel of Jack Posobiec. Christian, China analyst, veteran   https://www.oann.com/?s=posobiec",200,2026-10-06T13:37:30+00:00
JacobAWohl,alive,channel,JACOB WOHL,1810,,2026-09-14T14:46:05+00:00,0,2,,Creator of Predator DC | Host of The Jacob Wohl Show   Listen to The Jacob Wohl Show:  https://rss.com/podcasts/jacobwohlshow/   Watch Predator DC:  https://www.youtube.com/watch?v=6m-ExGAmclg&list=PLbjS7vOFZBuM6izJgE3d1EXHFOqit1IR-,200,2026-10-06T13:37:32+00:00
JacobNewsArticles,alive,channel,JacobNewsChannel,14,,2022-11-07T02:42:30+00:00,0,0,,Interesting News Articles,200,2026-10-06T13:37:35+00:00
jadenpmcneil,alive,channel,Jaden McNeil,3370,,2023-12-10T01:10:05+00:00,0,0,,Official channel of Jaden McNeil,200,2026-10-06T13:37:37+00:00
James_Goddard,alive,channel_no_preview,James Goddard News,1047,,,,,,,200,2026-10-06T13:37:39+00:00
jamesharveytr,alive,channel,James harvey,64,,2023-08-30T10:15:44+00:00,0,0,,"Just support for tommy, Stephen, yax, Paul, Wayne and any other name!",200,2026-10-06T13:37:42+00:00
JamesOKeefeIII,alive,channel,James O'Keefe,165000,,2026-09-18T21:36:02+00:00,0,2,okeefemedia,Guerrilla Journalist & CEO of  @okeefemedia  On the Inside? Send an encrypted Signal message at 914-315-9415.,200,2026-10-06T13:37:44+00:00
JamesWoodsReal,empty_page,,,,,,,,,"If you have  Telegram , you can contact  @JamesWoodsReal  right away.",200,2026-10-06T13:37:46+00:00
jan_woida,alive,channel,PatriotCowgirl,31,,2026-10-06T03:10:16+00:00,7,20,,,200,2026-10-06T13:37:49+00:00
JanieMarie,alive,channel,Janie,18,,2026-10-04T12:03:34+00:00,9,20,,Seeing through a clearer lense,200,2026-10-06T13:37:51+00:00
JasonLloydBourne,alive,channel,Jason Q Bourne,1100,,2022-11-29T05:45:13+00:00,0,0,JasonLloydBourne,People confuse Education with Intelligence. You can have a bachelor's degree or a PhD and still be an idiot   @JasonLloydBourne     t.me/JasonLloydBourne,200,2026-10-06T13:37:53+00:00
JaydaFransen,alive,channel,Jayda Fransen,1210,,2024-06-26T13:59:29+00:00,0,0,,"The official channel of censored activist and patriot, Jayda Fransen   🇬🇧",200,2026-10-06T13:37:56+00:00
jaydyer,empty_page,,,,,,,,,"If you have  Telegram , you can contact  @jaydyer  right away.",200,2026-10-06T13:37:58+00:00
JeBo_QArmy,alive,channel,JeBo,248,,2026-10-05T10:25:57+00:00,6,20,,Informationen zur Befreiung der Erde              paypal: bockhold@jebo-elektronik.de,200,2026-10-06T13:38:00+00:00
JefferyEpsteindidntkillhimself,alive,channel,Epstein didn't kill himself  👌,2260,,2026-10-06T12:18:09+00:00,2,6,JefferyEpsteindidntkillhimself,Never forget what they allowed him to get away with.  t.me/JefferyEpsteindidntkillhimself,200,2026-10-06T13:38:03+00:00
JellenneAZ,alive,channel_no_preview,Jellenne,302,,,,,,,200,2026-10-06T13:38:05+00:00
jessiethethinker,alive,channel,Jessie_thethinker   💭,2080,,2023-06-10T14:25:13+00:00,0,0,,,200,2026-10-06T13:38:07+00:00
JesusPerspective,alive,channel,Current Events through a Jesus lens,333,,2026-09-29T03:17:20+00:00,0,6,,"Interpretting current events through my Jesus lens.  Scouring scripture, seeking Wisdom & Discernment.   I am not perfec",200,2026-10-06T13:38:10+00:00
jews_did_911,alive,channel_no_preview,Jews did 9/11,1167,,,,,randomanonch1 randomanonchannel_bot randommeetingpoint,Channel to expose Jewish involvement in the 9/11 attacks.  Main channel: t.me/randomanonch1 Regroup channel: t.me/randommeetingpoint Admin bot: t.me/randomanonchannel_bot,200,2026-10-06T13:38:12+00:00
JFK_TV,alive,channel,JFK TV,35900,,2026-10-05T22:38:44+00:00,18,18,,✅   JFK TV   📺     We Cover The Truth /  #StandWithTrump  . .  Fan channel dedicated to John F. Kennedy Jr.  Not associated with or managed by John F. Kennedy Jr.,200,2026-10-06T13:38:15+00:00
JFKJRAlive,alive,channel,JFK JR & Kennedys R Alive,5320,,2023-08-07T16:01:16+00:00,0,0,TrueNorthPatriot,c/o TRUE   🇨🇦   NORTH  @TrueNorthPatriot,200,2026-10-06T13:38:17+00:00
JGhost_79,alive,channel,JGhost79,795,,2026-04-12T17:49:45+00:00,0,0,,"TRUTH, JUSTICE, FREEDOM!  #NoCoincidences   #Boom   #WWG1WGA",200,2026-10-06T13:38:19+00:00
jhwesten,alive,channel,John-Henry Westen,1290,,2026-10-05T15:18:35+00:00,2,4,,John-Henry interviews some of the most well-known clergy and laity in the Church while offering commentary on the most important news developments in Rome and around the world.  Find full episodes and exclusive content at  www.lifesitenews.com  !,200,2026-10-06T13:38:22+00:00
jim_watkins,alive,channel,Jim Watkins,6740,,2025-09-02T16:48:38+00:00,0,0,sharejim,Jim Watkins  @sharejim,200,2026-10-06T13:38:24+00:00
JoeBiggs,empty_page,,,,,,,,,"If you have  Telegram , you can contact  @JoeBiggs  right away.",200,2026-10-06T13:38:27+00:00
joeoltmann,alive,channel,Joe Oltmann Official,18400,,2026-09-17T20:15:18+00:00,0,3,,"Former Tech CEO in the fight for the soul of our nation. Authentic, Unapologetic Christian. Exposing truth no matter how inconvenient. Host of Untamed Nation Podcast. Father, Husband and Patriot.",200,2026-10-06T13:38:29+00:00
john_pirate,alive,user_or_bot,Moonbox,,,,,,,,200,2026-10-06T13:38:31+00:00
JohnBirchSociety,alive,channel_no_preview,John Birch Society,17,,,,,,"Less government, more  responsibility and with  God's help - a better  world",200,2026-10-06T13:38:34+00:00
JohnHumanKind,alive,channel,Living The Dream,5,,2026-09-25T12:00:55+00:00,0,2,,Trudeau the buffoon,200,2026-10-06T13:38:36+00:00
johnpilger,alive,channel,john pilger [unofficial],238,,2021-12-03T13:36:14+00:00,0,0,johnpilger,https://t.me/johnpilger,200,2026-10-06T13:38:38+00:00
Johnr777,alive,channel,Passionate Patriot,286,,2025-06-11T16:11:03+00:00,0,0,,Hold the Line,200,2026-10-06T13:38:41+00:00
johntigtiegen,alive,channel,John ‘Tig’ Tiegen,1000,,2025-10-31T04:30:30+00:00,0,0,,"John ‘Tig’ Tiegen is a Warrior of Benghazi, author, founder of Beyond the Battlefield, founder of United American Defense Force, and Host of The Modern Patriot Podcast. Follow this channel for exclusive insights and thoughts from a true American Patriot",200,2026-10-06T13:38:43+00:00
joinalmuntazir,alive,channel,Al-Muntazir Official,150,,2023-09-16T15:45:13+00:00,0,0,,"Spreading the massage of peace, unity and awakening.  FB-  fb.com/sahebuzzaman   IG-  instagram.com/saviour.en   Twitter-  https://twitter.com/EnSaviour",200,2026-10-06T13:38:45+00:00
jointheQchannel,empty_page,,,,,,,,,"If you have  Telegram , you can contact  @jointheQchannel  right away.",200,2026-10-06T13:38:48+00:00
JoleneBuntingUK,alive,channel,🇬🇧   Jolene Bunting   🇬🇧,211,,2025-01-15T23:10:48+00:00,0,0,,"Conservative-Christian, Ulster-Loyalist, Political Activist",200,2026-10-06T13:38:50+00:00
jolieyvonne,alive,channel,YvonneCourage   ✨️,157,,2026-10-05T22:36:09+00:00,20,20,CourageComms,Chat/discussion group:  https://t.me/CourageComms,200,2026-10-06T13:38:52+00:00
joonigger,alive,channel_no_preview,Just my everday jorkins,177,,,,,,,200,2026-10-06T13:38:55+00:00
jordansather,alive,channel,Jordan Sather,47400,,2026-10-05T22:56:55+00:00,2,16,,I'm just here for the Awakening.  My Private Community   👇    https://www.skool.com/appliedawareness   My Supplement Brand   👇    https://consciousstrength.store/   My Website   👇    https://www.jordansather.com/,200,2026-10-06T13:38:57+00:00
Josh_Hawley,alive,channel,Josh Hawley,25900,,2026-10-02T14:20:36+00:00,14,18,,"Fan channel dedicated to America’s Senator from Missouri, Josh Hawley!",200,2026-10-06T13:38:59+00:00
JourneyToTruthPodcast,alive,channel,journeytotruthpodcast,13,,2026-02-05T13:32:55+00:00,0,0,,,200,2026-10-06T13:39:02+00:00
JovanHuttonPulitzer,alive,channel,JovanHuttonPulitzer,26400,,2026-10-06T10:59:36+00:00,20,20,,"Cut The CRAP Radio Show JovanHuttonPulitzer.Locals.Com     Missoula, MT Google Scholar EXCLUSIVE CONTENT ON LOCALS  http://bit.ly/2RGL4vx   #KinematicArtifacts  Inventor",200,2026-10-06T13:39:04+00:00
jploubriel,empty_page,,,,,,,,,"If you have  Telegram , you can contact  @jploubriel  right away.",200,2026-10-06T13:39:06+00:00
JPSpeaks,alive,channel,JP Speaks   🇺🇸,103,,2024-09-07T01:22:46+00:00,0,0,,"The choice is yours. Do you lay down? Or do we all stand tall together. Have faith and seek Divine guidance. We each must do our part, no matter how small. Research what you hear and read. Be there for others as they wake up.  faithofpatriots.com  All Links",200,2026-10-06T13:39:09+00:00
jrpatton,alive,channel,Patton’s Sunshine Army,543,,2025-09-05T13:47:25+00:00,0,0,,,200,2026-10-06T13:39:12+00:00
JSlayUSofA,alive,channel,J Slay USA,1980,,2025-11-18T18:40:44+00:00,0,0,,"The mission of JSlay: Made in the USA is to seek objective truths about ourselves and our world, to maximize our potential, overcome struggles that tie us down, and inspire you to play offense to FIGHT and WIN the culture war for Freedom. If not you, Who?",200,2026-10-06T13:39:14+00:00
jtwildemusic,alive,channel,J.T. Wilde Music,177,,2022-10-01T00:38:56+00:00,0,0,,Videos and music by J.T. Wilde,200,2026-10-06T13:39:16+00:00
juanatalkpodcast,alive,channel,Juana Talk world wide LLC channel,128,,2024-11-11T22:57:14+00:00,0,0,,"🚨    🛑   trigger warning: this page is toward ending sex traffiking of every kind. There is zero tolerance for people to talk down to any victims on this channel, if this type of behavior is noted by anyone plz contact admin. No porn of any kind allowed.",200,2026-10-06T13:39:19+00:00
JuanOSavin,alive,channel,JUAN O SAVIN,23800,,2023-04-23T02:51:52+00:00,0,0,,Unite and Conquer in Truth Promises made Promises Kept SAVE AMERICA,200,2026-10-06T13:39:22+00:00
JuanQSeven,empty_page,,,,,,,,,"If you have  Telegram , you can contact  @JuanQSeven  right away.",200,2026-10-06T13:39:24+00:00
jubiileee,alive,channel,Jubilee!,7,,2026-06-18T09:52:21+00:00,0,0,,A New Day is on it's Way!,200,2026-10-06T13:39:26+00:00
JudicialWatch,alive,channel,Judicial Watch,7620,,2026-09-02T17:52:49+00:00,0,0,,"A conservative non-partisan educational foundation promoting transparency, accountability, & integrity in government.",200,2026-10-06T13:39:29+00:00
Julian_AssangeWikiLeaks,alive,channel_no_preview,Julian Assange    [ FAKE ],1973,,,,,,"Founder and activist of WikiLeaks, the web site internationalised for a series of leaks against the US politicians and the so called “deep state” .",200,2026-10-06T13:39:31+00:00
juliansrumchannel,alive,channel,JuliansRum,40300,,2024-07-17T02:10:06+00:00,0,0,juliansrumchat,Don’t put me down. Ever.  #MAGA   X:  twitter.com/ItsJuliansRum  Truth:  truthsocial.com/@JuliansRum  Chat:  https://t.me/juliansrumchat,200,2026-10-06T13:39:34+00:00
JusticeByLight,alive,channel,Justice By Light   🌅,3180,,2025-06-22T19:44:59+00:00,0,0,,"⚔️   We are the truth, the way, the PURE LIGHT   ⚔️   Join Our Light   💗     🌎",200,2026-10-06T13:39:36+00:00
justin_we_are_change,alive,channel,We Are Change Orlando,1850,,2026-10-06T00:37:24+00:00,16,18,,Be the change you wish to see in the world,200,2026-10-06T13:39:38+00:00
justredpillsv2,alive,channel,Justredpillsv2,1220,,2024-10-12T01:34:20+00:00,0,0,,,200,2026-10-06T13:39:41+00:00
KAGAPatriots,empty_page,,,,,,,,,"If you have  Telegram , you can contact  @KAGAPatriots  right away.",200,2026-10-06T13:39:43+00:00
kagbabe,alive,channel,KAGBABE,13400,,2023-11-04T20:05:53+00:00,0,0,kagbabe kagbabe2 kagbabe3,News you need to know   🟢   Gab:  @kagbabe    ⚫️   Instagram:  @kagbabe3    🔵   Backup Telegram  @kagbabe2,200,2026-10-06T13:39:45+00:00
kagbro,alive,channel,Kagbro 88,568,,2023-11-22T16:34:25+00:00,0,0,,,200,2026-10-06T13:39:48+00:00
kamilnagel,alive,channel,Bóg Honor i Ojczyzna,186,,2025-09-14T22:52:27+00:00,0,0,,"God, freedom, humanity, honour and patriotism - The Truth should set you free!!!",200,2026-10-06T13:39:50+00:00
KanekoaTheGreat,alive,channel,KanekoaTheGreat,116000,,2026-09-04T21:49:22+00:00,0,0,,kanekoa.id    Support my work:  kanekoa.substack.com,200,2026-10-06T13:39:52+00:00
KarenBrewerBushTelegraphNews,empty_page,,,,,,,,,"If you have  Telegram , you can contact  @KarenBrewerBushTelegraphNews  right away.",200,2026-10-06T13:39:55+00:00
karenskeks,empty_page,,,,,,,,,"If you have  Telegram , you can contact  @karenskeks  right away.",200,2026-10-06T13:39:57+00:00
KarlQ17,empty_page,,,,,,,,,"If you have  Telegram , you can contact  @KarlQ17  right away.",200,2026-10-06T13:40:00+00:00
KaryMullis,empty_page,,,,,,,,,"If you have  Telegram , you can contact  @KaryMullis  right away.",200,2026-10-06T13:40:02+00:00
keanureeveschannel,empty_page,,,,,,,,,"If you have  Telegram , you can contact  @keanureeveschannel  right away.",200,2026-10-06T13:40:04+00:00
KelamatyYT,empty_page,,,,,,,,,"If you have  Telegram , you can contact  @KelamatyYT  right away.",200,2026-10-06T13:40:06+00:00
KellyTownsend,alive,channel,Senator Kelly Townsend,4590,,2024-11-29T20:37:49+00:00,0,0,,AZ State Senator • US Navy Vet • Integrity • Honor • Duty • 2A • Pro-Life • Election Integrity • Secure Borders • Constitution • Rule of Law • Sm Gov’t,200,2026-10-06T13:40:09+00:00
KenanSonOfEnos,alive,channel,SonOfEnos,2210,,2025-06-20T04:52:33+00:00,0,0,,#DigitalSoldier,200,2026-10-06T13:40:11+00:00
KentuckyProudBoys,alive,channel,Proud Boys of Kentucky,510,,2026-03-17T15:07:15+00:00,0,0,,The official Telegram channel of The Proud Boys of Kentucky. Get all your latest PB Kentucky news and updates right here! POYB.   Contact us: ProudBoysOfKentucky@Proton.me,200,2026-10-06T13:40:14+00:00
KikisFinds,alive,channel,Kiki’s Finds,440,,2026-10-06T06:17:15+00:00,13,13,KikisFinds,"This channel will comprise of things I find all across the inter webs. Usually political related, but not always.   If you would like to Boost my channel, click below:  https://t.me/KikisFinds?boost",200,2026-10-06T13:40:16+00:00
killuminatiinpicture,alive,channel,Killuminati - in pictures..,73,,2026-09-29T18:37:15+00:00,1,1,,,200,2026-10-06T13:40:19+00:00
kindwithspineq,alive,channel,Kindwithspine,43,,2024-09-26T08:38:52+00:00,0,0,,Seek truth. Stand firm. Speak without shame.    https://linktr.ee/PatriotMap,200,2026-10-06T13:40:21+00:00
kitchensoup,alive,channel,Kitchen Soup News,184,,2026-07-20T15:05:03+00:00,0,0,,It’s good for your soul.,200,2026-10-06T13:40:24+00:00
Knownedge,empty_page,,,,,,,,,"If you have  Telegram , you can contact  @Knownedge  right away.",200,2026-10-06T13:40:26+00:00
KnowUrEnemy,alive,channel_no_preview,Know Your Enemy,121,,,,,,Currently unveiling truth and exposing thy enemy.,200,2026-10-06T13:40:29+00:00
KrakenKrew,alive,channel,KrakenKrew,556,,2022-05-09T06:01:39+00:00,0,0,,Sharing the truth! Shoving one Red Pill at a time down your throat!  bit.ly/PatriotMap,200,2026-10-06T13:40:31+00:00
krugerdunning1,alive,channel,Ghostface Krooga,16,,2022-11-03T05:28:00+00:00,0,0,,A mediocre wyte boi,200,2026-10-06T13:40:33+00:00
kushsyndicate1776,empty_page,,,,,,,,,"If you have  Telegram , you can contact  @kushsyndicate1776  right away.",200,2026-10-06T13:40:36+00:00
L1ESEXPOSED,alive,channel,L1ES EXPOSED,93,,2025-03-31T02:57:29+00:00,0,0,,This channel's Purpose is to Provide the Truth Community with an Alternative Source of Genuine Information that might be Censored by MSM.  For Truth but Against Lies.,200,2026-10-06T13:40:38+00:00
Lady_Liberty_9,empty_page,,,,,,,,,"If you have  Telegram , you can contact  @Lady_Liberty_9  right away.",200,2026-10-06T13:40:40+00:00
ladydraza,empty_page,,,,,,,,,"If you have  Telegram , you can contact  @ladydraza  right away.",200,2026-10-06T13:40:43+00:00
ladyjustice323,alive,channel_no_preview,⚖️The Justice Team ⚖️🍊,45,,,,,,LawDog323 - Twitter since 2008. #crime #truecrime #politics #law #legal #analyst #legalcontributor #currentaffairs #Behavioral #BodyLanguage #comms,200,2026-10-06T13:40:45+00:00
lakeishainspires,alive,channel,Lakeisha Inspires,59,,2026-09-10T06:53:18+00:00,0,1,,God loves you! John 3:16  🤍     👑   Jesus Christ is the ONLY way! 14:6  Join me on other platforms   👇🏽    https://linktr.ee/lakeishainspires,200,2026-10-06T13:40:47+00:00
LakeTahoeSierras,alive,channel_no_preview,🌲Lake Tahoe🌲,57,,,,,LakeTahoeSierras,🏕 JOIN this Chan 🛶  @LakeTahoeSierras   ⛵🏔🌲⛺⛵🏔🌲⛺🏔🌲⛵🏔🌲🏕  Lake Tahoe Sierra Nevada Auburn Gold Country Truckee Genoa Donner Party Virgina City Dayton Reno Sparks  🏕 🛶🏕 🛶 🏕 🛶 🏕 🛶 🏕 🛶 🏕 🛶,200,2026-10-06T13:40:50+00:00
LankampInteligence2,alive,channel,Intelligence Information Lankamp,270,,2025-01-02T17:57:54+00:00,0,0,,Channel Updated 24 Hours A Day.,200,2026-10-06T13:40:52+00:00
LarryElder,alive,channel,Larry Elder,15500,,2026-04-27T17:34:16+00:00,0,0,,Fan channel of Larry Elder,200,2026-10-06T13:40:55+00:00
lastdaysblog,alive,channel,Last Days Blog   🙊,1660,,2026-10-01T11:38:00+00:00,4,14,LastDaysBlog,@LastDaysBlog  // Things that could only make sense in these days and times.,200,2026-10-06T13:40:57+00:00
LastoftheAnalogKids,empty_page,,,,,,,,,"If you have  Telegram , you can contact  @LastoftheAnalogKids  right away.",200,2026-10-06T13:41:00+00:00
latest_uncensored,empty_page,,,,,,,,,"If you have  Telegram , you can contact  @latest_uncensored  right away.",200,2026-10-06T13:41:02+00:00
LauraLoomer,alive,channel,Laura Loomer,1300,,2026-04-22T22:09:05+00:00,0,0,,,200,2026-10-06T13:41:04+00:00
LauraLoomerFanClub,alive,channel,LauraLoomerFanClub,67,,2026-10-02T03:23:33+00:00,2,6,,We support and promote Laura Loomer,200,2026-10-06T13:41:06+00:00
LaurenWitzkeOfficial,alive,channel,Lauren Witzke   ✝️    🇺🇸,15200,,2026-10-01T13:36:06+00:00,2,13,lauren_witzke_chat25,Christian   ✝️   Christ is King. AmericaFirst.  Film Producer for Died Suddenly| I help find funding for the Right: Over $15 M in 4 years behind the scenes   🫡    NEW CHAT GROUP:  https://t.me/lauren_witzke_chat25,200,2026-10-06T13:41:09+00:00
Lawful_America,empty_page,,,,,,,,,"If you have  Telegram , you can contact  @Lawful_America  right away.",200,2026-10-06T13:41:11+00:00
lawofoneupdates,alive,channel,DestroyFear22,573,,2025-08-09T07:48:51+00:00,0,0,,🐸    🍿   Enjoy the Show,200,2026-10-06T13:41:13+00:00
leagueofextraordinarypepes,alive,channel,🐸  The League of Extraordinary Pepes  🐸,2220,,2022-07-15T15:40:07+00:00,0,0,,Haven for Digital Soldiers. New Recruits Welcome.,200,2026-10-06T13:41:16+00:00
LebUpdate,alive,channel,Lebanese News and Updates,76900,,2026-09-22T18:14:29+00:00,0,9,,"Covering Lebanon and occasionally MENA's conflicts. And currently, the war in Palestine.",200,2026-10-06T13:41:18+00:00
Lefty_Crypto,alive,channel,LeftyCrypto Chat   🌹,2130,,2026-08-10T07:21:36+00:00,0,0,,,200,2026-10-06T13:41:21+00:00
LegalBriefwithSusanDee,alive,channel,Legal Brief with Susan Dee,99,,2022-07-29T01:36:13+00:00,0,0,,,200,2026-10-06T13:41:23+00:00
LetsFixStuff,alive,channel,Let's Fix Stuff,580,,2024-06-30T23:45:14+00:00,0,0,,"Provides announcements related to Let's Fix Stuff content (e.g. policy solutions, analyses, humor).  Encourages discussion of content to improve future submittals. See  LetsFixStuff.org  for more information.",200,2026-10-06T13:41:26+00:00
letthetruthbeknown,alive,channel,Let the truth be known,2,,2022-12-22T04:45:44+00:00,0,0,,,200,2026-10-06T13:41:28+00:00
LewisCountryStore,alive,channel_no_preview,LewisCountryStore,872,,,,,,Exercising the fk out of our 1st and 2nd amendment rights!,200,2026-10-06T13:41:31+00:00
LexitMovement,alive,channel,Lexit movement,157,,2026-01-10T19:39:21+00:00,0,0,,,200,2026-10-06T13:41:33+00:00
liberalhivemind,alive,channel,Liberal Hivemind,954,,2026-10-06T05:06:16+00:00,20,20,E_G_0,Shining light on the hypocrisy. Contact  @E_G_0,200,2026-10-06T13:41:35+00:00
LiberateAmerica,empty_page,,,,,,,,,"If you have  Telegram , you can contact  @LiberateAmerica  right away.",200,2026-10-06T13:41:38+00:00
LibertarianMediaResource,alive,channel,Libertarian Media - Video/Audio/Memes/Articles,929,,2026-10-05T23:48:12+00:00,11,20,,Resource for Libertarian Media - Video - Pocasts - Memes - Articles,200,2026-10-06T13:41:40+00:00
Libertas00,alive,user_or_bot,Libertas,,,,,,,,200,2026-10-06T13:41:43+00:00
libertydude,alive,channel,Liberty Dude,23,,2022-11-04T19:07:01+00:00,0,0,,"Founder of  www.dudepac.com , former candidate--rebellion!",200,2026-10-06T13:41:45+00:00
LibertyLexiRevealingTruth,alive,channel,LibertyLexiRevealingTruth,921,,2026-09-10T03:12:51+00:00,0,5,,This is LibertyLexi’s Channel Patriots United In God And Truth  THE TRUTH SHALL SET US FREE,200,2026-10-06T13:41:47+00:00
LibertyPressHawaii,alive,channel,Liberty Press,254,,2026-06-15T20:48:45+00:00,0,0,,"Liberty Press covers and reports on events going on in Honolulu, Hawaii and around the world on topics related to liberty and tyranny.  https://www.LibertyPress.video",200,2026-10-06T13:41:50+00:00
LibertyQ17,alive,channel,Ultra MAGA LibertyRed,2120,,2024-11-17T16:56:36+00:00,0,0,,"I will NEVER cold call your inbox, asking financial or personal questions …. NEVER!",200,2026-10-06T13:41:52+00:00
LibertyShill,alive,channel,Frog Links,97,,2026-05-06T16:48:30+00:00,0,0,,News conspiracies and memes. Satire.   ✝️    🇺🇸,200,2026-10-06T13:41:54+00:00
lightfortruth,alive,channel,Light for Truth,95,,2021-10-06T03:50:44+00:00,0,0,,Various articles from around the web to shine some light for truth.  Search for the truth has no labels. Info from past and present for a better future. Scroll up to the first post and expand your knowledge.,200,2026-10-06T13:41:57+00:00
lightotruth,alive,channel,LightOTruth,18,,2026-02-24T06:45:55+00:00,0,0,,Also check out  https://gettr.com/user/lightotruth,200,2026-10-06T13:41:59+00:00
lightwarriorpatriots4444,alive,channel,✨     🇺🇸   Light Warrior Patriots   🇺🇸     ✨,45,,2025-01-06T17:03:00+00:00,0,0,,,200,2026-10-06T13:42:02+00:00
LinWoodChannel,empty_page,,,,,,,,,"If you have  Telegram , you can contact  @LinWoodChannel  right away.",200,2026-10-06T13:42:04+00:00
linwoodspeakstruth,alive,channel,Lin Wood,212000,,2026-10-06T13:41:38+00:00,20,20,,Speak TRUTH. Every lie will be revealed. Be fearless.,200,2026-10-06T13:42:06+00:00
LionsDenUncensored,empty_page,,,,,,,,,"If you have  Telegram , you can contact  @LionsDenUncensored  right away.",200,2026-10-06T13:42:09+00:00
listenhereinward,alive,channel,"Listen Here, N-word.",6,,2023-02-11T05:42:00+00:00,0,0,,Qhite Pills.,200,2026-10-06T13:42:11+00:00
littlemisstruther,alive,channel,Miss. Truther,1100,,2022-05-05T22:05:46+00:00,0,0,,EXPOSING TRUTH DAILY.  🇺🇸,200,2026-10-06T13:42:13+00:00
littllemel,empty_page,,,,,,,,,"If you have  Telegram , you can contact  @littllemel  right away.",200,2026-10-06T13:42:16+00:00
live_America,alive,channel,Save America   🇺🇸,8690,,2026-10-06T05:26:06+00:00,18,18,,,200,2026-10-06T13:42:18+00:00
LiveFromAmerica,alive,channel,LIVE FROM AMERICA,7710,,2026-10-06T11:26:06+00:00,3,20,,"This is the official LIVE FROM AMERICA with Jeremy Herrell channel! Thank you for subscribing and following daily news, opinions, shows and announcements! I'm honored to be a part of such an amazing Patriot community. Put on The Armor of God and let's go!",200,2026-10-06T13:42:21+00:00
lives2020,empty_page,,,,,,,,,"If you have  Telegram , you can contact  @lives2020  right away.",200,2026-10-06T13:42:23+00:00
Liveuptofreedom,alive,channel,Anni Cyrus  🇺🇸,310,,2026-10-05T23:10:37+00:00,14,14,,To bring hope & healing to women forced to live under Islamic rule. I lived through the nightmare.  *  liveuptofreedom.com  *  Paypal.me/lutf   *  Gab.com/LiveUpToFreedom  *  substack.com/@liveuptofreedom  *  patriot.tv/liveuptofreedom/,200,2026-10-06T13:42:25+00:00
LiveWithLorri,alive,channel,Live with Lorri Anderson,28,,2026-10-06T12:46:58+00:00,7,20,,This channel is being used to bypass Facebook censorship of News that is important to you. This group will allow you to receive almost instant updates when I post. We are the resistance of censorship tyranny.,200,2026-10-06T13:42:28+00:00
LizCrokinReport,alive,channel_no_preview,Liz Crokin Channel,57940,,,,,,Banned from Twitter since 2018. Pizzagate is real. WWG1WGA 🇺🇸🐸🙏🏻,200,2026-10-06T13:42:30+00:00
lizsfg_channel,empty_page,,,,,,,,,"If you have  Telegram , you can contact  @lizsfg_channel  right away.",200,2026-10-06T13:42:32+00:00
LJsTruthChannel,empty_page,,,,,,,,,"If you have  Telegram , you can contact  @LJsTruthChannel  right away.",200,2026-10-06T13:42:35+00:00
ljt_is_me_again,alive,channel,Lori's Place,154,,2026-04-15T11:49:50+00:00,0,0,,,200,2026-10-06T13:42:37+00:00
LKDarktoLight,alive,channel,LK Dark to Light,3310,,2025-12-10T14:25:09+00:00,0,0,,,200,2026-10-06T13:42:39+00:00
LogicalBrad,alive,channel,Where We Go 1 We Go All,16100,,2026-09-29T22:15:32+00:00,1,3,,BradCGZ WWG1WGA  https://www.subscribestar.com/brad-getz-music   Https://LogicalBrad.TV,200,2026-10-06T13:42:41+00:00
logicallikeme,alive,channel,GEMATRIATRUTH,329,,2023-01-17T15:00:34+00:00,0,0,,Truth related info.....,200,2026-10-06T13:42:44+00:00
LondonForBritain,alive,channel,London For Britain,87,,2023-04-13T11:48:18+00:00,0,0,,"The *OFFICIAL* Telegram channel of the London Branches of the For Britain Movement (North, West and Central).   ForBritain.uk",200,2026-10-06T13:42:46+00:00
longislandprotests,empty_page,,,,,,,,,"If you have  Telegram , you can contact  @longislandprotests  right away.",200,2026-10-06T13:42:49+00:00
LookingGlass1776,alive,channel,LookingGlass   ✝️,15200,,2026-10-02T22:09:44+00:00,2,2,,Not here to convince you. Just showing you the layers.,200,2026-10-06T13:42:51+00:00
loomeredofficial,alive,channel,LAURA LOOMER,19400,,2026-09-25T17:03:08+00:00,0,20,,Uncensored telegram channel for official updates from Laura Loomer   https://lauraloomerforcongress.com    Order my new book LOOMERED: How I Became The Most Banned Woman In The World   here:    https://www.amazon.com/gp/aw/d/1642935670/ref=cm_cr_arp_mb_bdcrb,200,2026-10-06T13:42:53+00:00
Lou_Bee,alive,channel,Lou Bee  ✨    💗,21,,2026-10-03T19:55:49+00:00,2,6,,My alternative to Facebook,200,2026-10-06T13:42:56+00:00
loucollinsrs,alive,channel,Liberty Tactics,588,,2025-08-04T17:32:45+00:00,0,0,,For all the shows and articles go to  www.libertytactics.co.uk,200,2026-10-06T13:42:59+00:00
louiehueyofficial,alive,channel,Louie Huey,18,,2022-05-12T17:24:01+00:00,0,0,,Anchor of Major League Liberty podcast. Colorado freedom fighter. Activist.Father.Libertarian Conservative.  Follow me on Gab -  https://gab.com/RealLouieHuey,200,2026-10-06T13:43:01+00:00
louisianadraintheswamp,alive,channel,Louisiana Drain The Swamp,1030,,2026-10-06T01:02:42+00:00,5,19,,Second channel due to original channel censored…. Louisiana is our home - not your wasteland *Saving the children = Saving humanity!  *Exposing the Masonic Illuminate that’s rampant in my state,200,2026-10-06T13:43:03+00:00
love17andyahweh,alive,channel,Love17andyahweh@gmail.com.,4580,,2026-02-27T08:57:45+00:00,0,0,,Australia Gods kingdom is the answer to all our problems,200,2026-10-06T13:43:06+00:00
LoveWinsTh3Day,empty_page,,,,,,,,,"If you have  Telegram , you can contact  @LoveWinsTh3Day  right away.",200,2026-10-06T13:43:08+00:00
LoveYanaGalanin369,alive,channel,💓   LOVE YANA GALANIN   💓,42,,2023-05-03T23:55:01+00:00,0,0,,A source of knowledge to tap into   ⚡️    💫,200,2026-10-06T13:43:11+00:00
lslsbahsbdlxpjsn,alive,channel,Hot News,2320,,2022-07-24T16:50:00+00:00,0,0,ayaxio,Buy Ads:  @ayaxio,200,2026-10-06T13:43:13+00:00
LTcommschannel,alive,channel,LT Comms Intel Channel,44,,2022-11-02T20:40:34+00:00,0,0,,"Will post and share updates, info, and alerts",200,2026-10-06T13:43:16+00:00
luciusreport,alive,channel,Lucius Report,295,,2023-03-15T19:25:19+00:00,0,0,,Politically incorrect political news.   ★ Web:   https://marketsubset.com   ★ Rumble:  https://rumble.com/c/c-1340571   ★ Twitter:  https://twitter.com/Juanbflores,200,2026-10-06T13:43:18+00:00
LUKEPATRIOTINTHEPARK,alive,channel,PATRIOT IN THE PARK,4740,,2026-08-01T16:41:34+00:00,0,0,,,200,2026-10-06T13:43:20+00:00
lukesmemes,empty_page,,,,,,,,,"If you have  Telegram , you can contact  @lukesmemes  right away.",200,2026-10-06T13:43:23+00:00
lynetteann37,alive,channel,Lynny’sCornerforTruth  😊    ❤️,22,,2026-10-06T13:27:48+00:00,20,20,,Here I want to promote truth and awareness. Please feel free to do the same. Thank you for being here with me on this journey.   ❤️    🙏,200,2026-10-06T13:43:25+00:00
m_u_n_c,alive,user_or_bot,Michael Coots,,,,,,,,200,2026-10-06T13:43:28+00:00
MackieMorris,empty_page,,,,,,,,,"If you have  Telegram , you can contact  @MackieMorris  right away.",200,2026-10-06T13:43:30+00:00
madeintheusa2,alive,channel,Made In The USA American News   🇺🇸,51,,2026-10-06T11:45:23+00:00,19,19,,"News, Products, America , Politics of the USA",200,2026-10-06T13:43:32+00:00
madhick,alive,channel,Radical Redneck,4,,2021-09-09T17:26:56+00:00,0,0,,To join together to stop the destruction of our tradition and values. Our way of life has to be protected,200,2026-10-06T13:43:35+00:00
MAGAToday,alive,channel,MAKE AMERICA GREAT AGAIN!,8470,,2023-03-25T15:41:28+00:00,0,0,MAGAdigs,"Researching & exposing the corruption embedded into every aspect of our lives by evil pedophiles hell bent on trying to destroy our country by taking down President Trump and the MAGA movement.  Knowledge is POWER, so buckel up!  Truth Social  @MAGAdigs",200,2026-10-06T13:43:37+00:00
MAINEGIR,alive,channel,MAINEGIRL1 NOT GOING TO DM AND NOT ON FB,7570,,2026-10-06T04:05:18+00:00,15,15,MAINEGIR https,@https ://t.me/MAINEGIR,200,2026-10-06T13:43:39+00:00
Majestic12Mirror,alive,channel_no_preview,Majestic 12 Hub,22498,,,,,,"This channel consolidates social media and other information specifically focused on and related to Majestic 12 and Q in order to provide the highest level of intelligence available to humanity during ""The Great Awakening"".  WHERE WE GO ONE WE GO ALL",200,2026-10-06T13:43:42+00:00
MajorPatriot,alive,channel,Major Patriot,8290,,2026-10-01T20:00:06+00:00,3,5,,"Patriotic Newsfeed.  God, family, constitution… the American patriot way.",200,2026-10-06T13:43:44+00:00
MakavellQ,alive,channel_no_preview,Makavell,1,,,,,,The Great Awakening Digital Soldier MQ  Makavell.com We All Bleed The Same,200,2026-10-06T13:43:46+00:00
MakeArizonaGreat,alive,channel_no_preview,MAKE ARIZONA GREAT AGAIN! (Former Arizona Audit Watch Channel),782,,,,,AmericaFirstChat MAGAToday,"MAGA begins with Researching, then calling out all of the CORRUPT politicians, AUDIT GRIFTERS, and RINO CANDIDATES, then exposing their CRIMES.  Join our main channel: Make America Great Again! Channel:  @MAGAToday  Chat:  @AmericaFirstChat",200,2026-10-06T13:43:49+00:00
MakingAmericaGreatAgain8,alive,channel,"Breaking News: US, World, China - 12",101,,2024-07-29T09:33:29+00:00,0,0,,"Let's Make America Great Again ! Public posting of your shared and created post , Videos, Pictures. Share, Share, to groups and pages",200,2026-10-06T13:43:51+00:00
malinka202,alive,channel,Malinka,356,,2026-10-01T10:32:46+00:00,6,12,,,200,2026-10-06T13:43:54+00:00
malta1st,empty_page,,,,,,,,,"If you have  Telegram , you can contact  @malta1st  right away.",200,2026-10-06T13:43:56+00:00
mamasavage,alive,user_or_bot,Shawn Savage,,,,,,,,200,2026-10-06T13:43:58+00:00
manifesto38tudobem,alive,channel,☠️    ⚔️    🆓  MANIFESTO38  🛒    🛡️    ☠️,201,,2026-08-30T18:12:18+00:00,0,0,manifest,⚡   MAIS QUE UMA BANDA  🥁    🎙️    🎸   MAIS QUE UMA MARCA  🔖    👕    😎   UMA IDEIA  💡   Aceitamos BTC e Criptomoedas   🤙     ☠️    #manifesto38  Inscreva-se no Facebook  https://www.facebook.com/manifesto38   Instagram   https://instagram.com/bandamanifesto38  Telegram  https://t.me/manifest,200,2026-10-06T13:44:01+00:00
maninamerica,alive,channel,Man in America   🇺🇸,29900,,2026-10-05T20:52:36+00:00,5,18,,"""Wow, A Must See!"" —President Donald Trump. Seth Holehouse is the host of Man in America and creater of the viral video ""The Plot to Steal America"" which was shared by President Trump and seen by hundreds of millions around the world.",200,2026-10-06T13:44:03+00:00
mareq16,empty_page,,,,,,,,,"If you have  Telegram , you can contact  @mareq16  right away.",200,2026-10-06T13:44:05+00:00
Mario_Presents,alive,channel,Mario Presents,62,,2024-11-15T18:47:20+00:00,0,0,,All your Mario Presents content in Telegram for your unfiltered enjoyment.,200,2026-10-06T13:44:08+00:00
MARIOBORG20,empty_page,,,,,,,,,"If you have  Telegram , you can contact  @MARIOBORG20  right away.",200,2026-10-06T13:44:10+00:00
mark19766,alive,user_or_bot,Марк 1973,,,,,,,,200,2026-10-06T13:44:13+00:00
markbutler,alive,user_or_bot,🪬,,,,,,,,200,2026-10-06T13:44:15+00:00
MarkDice,alive,channel,Mark Dice,8350,,2026-02-10T05:30:55+00:00,0,0,,"Follow me here incase I get unpersoned on Twitter or Facebook.  Check my  YouTube.com/MarkDice   channel regularly for new reports, because I don’t post links to them most of the time on my socials.",200,2026-10-06T13:44:17+00:00
MarkFinchemAZ,alive,channel,Mark Finchem,7780,,2026-09-23T23:31:17+00:00,0,2,,,200,2026-10-06T13:44:20+00:00
marxxist,alive,channel,G,2,,2026-02-15T15:40:49+00:00,0,0,,,200,2026-10-06T13:44:22+00:00
marylyntodd,alive,channel,Marylyn Todd - NHVIG,328,,2024-10-18T02:38:56+00:00,0,0,,Hi everyone! My name is Marylyn Todd from the New Hampshire Voter Integrity Group!,200,2026-10-06T13:44:25+00:00
mattbraynard,alive,channel,Matt Braynard,1490,,2025-11-05T19:33:44+00:00,0,0,,Keep up with me here.,200,2026-10-06T13:44:27+00:00
mattcouch,alive,channel,Matt Couch,4830,,2024-09-25T06:16:05+00:00,0,0,,"Christian / Patriot / Jesus Lover / Fighter for the Voiceless / Investing in pigeons, tin cans & string, and pagers. Who's with me as we Fight for God & Country to Save the Republic! You can always find me at  TheDCPatriot.com",200,2026-10-06T13:44:29+00:00
MatthewTBatey,empty_page,,,,,,,,,"If you have  Telegram , you can contact  @MatthewTBatey  right away.",200,2026-10-06T13:44:32+00:00
MattLautnerCattle,empty_page,,,,,,,,,"If you have  Telegram , you can contact  @MattLautnerCattle  right away.",200,2026-10-06T13:44:34+00:00
Maximus_4EVR_mv,empty_page,,,,,,,,,"If you have  Telegram , you can contact  @Maximus_4EVR_mv  right away.",200,2026-10-06T13:44:36+00:00
maxjmcguire,alive,channel,Max McGuire   🇺🇸,1430,,2025-07-14T20:02:58+00:00,0,0,,"Author, Podcast Host, Father, Husband. #1171853.",200,2026-10-06T13:44:39+00:00
MBNews_UK,empty_page,,,,,,,,,"If you have  Telegram , you can contact  @MBNews_UK  right away.",200,2026-10-06T13:44:41+00:00
MCJmediaAus,empty_page,,,,,,,,,"If you have  Telegram , you can contact  @MCJmediaAus  right away.",200,2026-10-06T13:44:43+00:00
mdmdaannews,alive,channel,Mmdmdaan News,52,,2024-07-07T08:51:23+00:00,0,0,,"We give people a starting point for their own research. We don't say what to believe,. But what to look into. Because everyone has his own truth and questions, and only by uniting in research, the truth will prevail.     🙏     MDMDAAN NEWS",200,2026-10-06T13:44:46+00:00
mediahubireland,alive,channel,Media Hub Ireland,77,,2026-10-06T13:22:22+00:00,20,20,,Independent media in Ireland.,200,2026-10-06T13:44:48+00:00
MediaShattered,empty_page,,,,,,,,,"If you have  Telegram , you can contact  @MediaShattered  right away.",200,2026-10-06T13:44:50+00:00
mediatricks,alive,channel,Media Tricks Exposed   ✨,5590,,2025-09-08T17:17:57+00:00,0,0,,"Alerting those you know and love to mass media deception tricks has never been easier, and has never been more important.  DISCOVER:  https://MediaTricks.org  DONATE:  https://MediaTricks.org/donate",200,2026-10-06T13:44:53+00:00
MediaWatchUSA,empty_page,,,,,,,,,"If you have  Telegram , you can contact  @MediaWatchUSA  right away.",200,2026-10-06T13:44:55+00:00
MegaPatriot65,alive,channel,*** Mega ️️️ Patriot '65 ️️️️️️️️️***,1110,,2026-06-25T15:59:29+00:00,0,0,,America loving Patriot,200,2026-10-06T13:44:57+00:00
melissaexplainsitall,empty_page,,,,,,,,,"If you have  Telegram , you can contact  @melissaexplainsitall  right away.",200,2026-10-06T13:45:00+00:00
MelTrump,alive,channel,Melania Trump,2600,,2026-10-04T13:10:23+00:00,16,20,,"🇺🇸   No more FAKE news ,deep state going down. BE READY TO HEAR THE TRUTH",200,2026-10-06T13:45:02+00:00
meltthem,alive,user_or_bot,M A,,,,,,,,200,2026-10-06T13:45:04+00:00
MemeDepot1776,alive,channel,MEME DEPOT,800,,2026-10-06T10:38:33+00:00,9,20,,One stop shop for dankest content,200,2026-10-06T13:45:07+00:00
MemeWars4Ever,empty_page,,,,,,,,,"If you have  Telegram , you can contact  @MemeWars4Ever  right away.",200,2026-10-06T13:45:09+00:00
menefrego1776,alive,channel_no_preview,☠⚡Me Ne Frego⚡☠,1628,,,,,,,200,2026-10-06T13:45:11+00:00
merica_patriot,empty_page,,,,,,,,,"If you have  Telegram , you can contact  @merica_patriot  right away.",200,2026-10-06T13:45:14+00:00
meta_sight,empty_page,,,,,,,,,"If you have  Telegram , you can contact  @meta_sight  right away.",200,2026-10-06T13:45:16+00:00
mexizzachet2077,empty_page,,,,,,,,,"If you have  Telegram , you can contact  @mexizzachet2077  right away.",200,2026-10-06T13:45:18+00:00
mgshowchannel,alive,channel,@intheMatrixxx,19300,,2026-10-05T15:36:53+00:00,6,20,MGShow,LIVE show M-F 12:05p-2p east w  https://www.mg.show/watch   @MGShow,200,2026-10-06T13:45:21+00:00
MiamiProudboys,alive,channel,Villain City Proud Boys,1160,,2026-09-20T14:23:47+00:00,0,9,,Z6/Miami Chapter,200,2026-10-06T13:45:23+00:00
MIB_MessageInABottle,alive,channel,MessageInABottle,564,,2024-11-22T15:52:27+00:00,0,0,,"News - Geopolitical in scope, some humour too",200,2026-10-06T13:45:25+00:00
MichaelAFu,alive,channel,UNDERGROUND RESISTANCE  ✨   Original Channel,6700,,2026-07-21T05:28:08+00:00,0,0,HeilerGeist MichaelAFox MichaelAFu,✨   YO CHECK THE FLOW   ✨       ✨   Join the  @MichaelAFu  Channel   ✨       ✨   Join the  @MichaelAFox  Discussion Room   ✨       ✨   Private Message to MICHAEL A. FUCHS  @HeilerGeist    ✨       ✨  Join  https://www.facebook.com/michael.fuchs.77128  ✨        ⚡️  ADVERTISING BITCOIN = SPAM LEADS to ,200,2026-10-06T13:45:28+00:00
MichaelCoudrey,alive,channel,MIKE COUDREY   🇺🇸,7580,,2025-12-21T18:49:08+00:00,0,0,,Entrepreneur. Investor.   Instagram.com/MichaelCoudrey   Facebook.com/MichaelCoudrey    Twitter.com/MichaelCoudrey,200,2026-10-06T13:45:31+00:00
michaeljburry,alive,channel,Michael Burry,19,,2026-06-13T20:07:13+00:00,0,0,,,200,2026-10-06T13:45:33+00:00
MichaelJLindell,alive,channel,Mike Lindell,78300,,2026-10-02T15:25:31+00:00,3,14,,"Inventor and CEO of MyPillow, Author of ""What Are the Odds? From Crack Addict to CEO,” Executive Producer, Creator of MyStore and Lindell Recovery Network",200,2026-10-06T13:45:35+00:00
michaelyon,alive,channel,Michael Yon SITREP Channel,4700,,2025-05-18T21:09:35+00:00,0,0,,"Americas most experienced combat correspondent, cannibal hunter, and information war analyst.",200,2026-10-06T13:45:38+00:00
michellefieldingspiritualcoach,alive,channel,Michelle Fielding Spiritual Awakener (Coach),10700,,2026-10-05T16:07:48+00:00,10,17,,"Angels, Ascension, Spiritual Law, Soul Coach",200,2026-10-06T13:45:40+00:00
MichelleMalkin,alive,channel,Michelle Malkin,11400,,2023-05-12T16:37:10+00:00,0,0,,,200,2026-10-06T13:45:43+00:00
MichiganPatriotz,empty_page,,,,,,,,,"If you have  Telegram , you can contact  @MichiganPatriotz  right away.",200,2026-10-06T13:45:45+00:00
mickeyscomedy,empty_page,,,,,,,,,"If you have  Telegram , you can contact  @mickeyscomedy  right away.",200,2026-10-06T13:45:48+00:00
micronews21,empty_page,,,,,,,,,"If you have  Telegram , you can contact  @micronews21  right away.",200,2026-10-06T13:45:50+00:00
MidCoastCircle,empty_page,,,,,,,,,"If you have  Telegram , you can contact  @MidCoastCircle  right away.",200,2026-10-06T13:45:52+00:00
midnightrider17,alive,channel,MidKnight Rider 17,10500,,2026-06-24T11:30:54+00:00,0,0,,,200,2026-10-06T13:45:54+00:00
midnightriders1776,empty_page,,,,,,,,,"If you have  Telegram , you can contact  @midnightriders1776  right away.",200,2026-10-06T13:45:57+00:00
midwest_intel,alive,channel,Mid West News & Discussion,1310,,2026-10-06T10:28:28+00:00,20,20,eastcoast_intel rockymountain_intel southern_intel westcoast_intel,Welcome to Mid-West Regional - Intel drops for the people  Regional Partner Channels  @westcoast_intel    @rockymountain_intel   @eastcoast_intel   @southern_intel,200,2026-10-06T13:45:59+00:00
mikelindellisq,empty_page,,,,,,,,,"If you have  Telegram , you can contact  @mikelindellisq  right away.",200,2026-10-06T13:46:01+00:00
MilitaerMemes,alive,channel,🔰   Military-Memes | Politik & Meme,410,,2026-04-14T17:29:43+00:00,0,0,MilitaryNewsEN militaernews,"Random stuff in German and English, often memes about current political and military events.   @militaernews    🔰  für Meldungen zu Militär- und Protestaktionen - weltweit und brandaktuell.  Join  @MilitaryNewsEN  for news about military actions  🔰",200,2026-10-06T13:46:04+00:00
millennialmillie,alive,channel,Millennial Millie,1300,,2023-08-31T19:02:50+00:00,0,0,,"Millie Weaver - Journalist, Patriot, Christian and lover of freedom!",200,2026-10-06T13:46:06+00:00
MillenniumSunOne,empty_page,,,,,,,,,"If you have  Telegram , you can contact  @MillenniumSunOne  right away.",200,2026-10-06T13:46:09+00:00
mimitrump,empty_page,,,,,,,,,"If you have  Telegram , you can contact  @mimitrump  right away.",200,2026-10-06T13:46:11+00:00
MiriamHope_News,empty_page,,,,,,,,,"If you have  Telegram , you can contact  @MiriamHope_News  right away.",200,2026-10-06T13:46:13+00:00
MissAy4mKY,alive,channel,Get Out of the Matrix,101,,2026-10-06T12:28:15+00:00,6,18,,,200,2026-10-06T13:46:15+00:00
missoulacounty,empty_page,,,,,,,,,"If you have  Telegram , you can contact  @missoulacounty  right away.",200,2026-10-06T13:46:18+00:00
MissouriAuditForce,alive,channel_no_preview,Missouri Audit Force,150,,,,,,,200,2026-10-06T13:46:20+00:00
MistyG17,alive,channel,MistyG,15600,,2025-02-21T22:41:51+00:00,0,0,,,200,2026-10-06T13:46:22+00:00
MMGinvestNEWs,alive,channel,🔊    📈    🚨    📊    🔊  NEWS MMG/WPC Financial Markets,154,,2026-10-04T15:23:52+00:00,5,20,,📣    🚨    📣   Breaking Financial Economic News on the best market moving headlines. Nothing here is financial advice consult your licensed professional financial advisor before doing anything.  No hate speech only   💏,200,2026-10-06T13:46:25+00:00
mnproudboys,alive,channel,Minnesota Proudboys Public Channel,306,,2026-04-05T20:13:41+00:00,0,0,,Best Chapter in the West. poybmn@protonmail.com,200,2026-10-06T13:46:27+00:00
ModRadOfficial,alive,channel,The Modern Radical / RO,1550,,2023-05-22T10:36:28+00:00,0,0,,≠ Western Propagandist ≠  All content found on this channel is an  original redux of preexisting footage.   DISCLAIMER: This content is not a call to action.  All content found on this profile  is for entertainment 18+     RATIONALOPINIONS.ORG,200,2026-10-06T13:46:30+00:00
momsmagnet,alive,channel,MOMS MAGNET,4280,,2026-10-01T15:00:12+00:00,3,17,,,200,2026-10-06T13:46:32+00:00
MonkeyWerx,alive,channel_no_preview,PatriotPartyTruthExposed,7113,,,,,,You need to know!  We do our best to put the best information we can un-cover out there for you to interpret.  This is not Monkey wrex we support his work and have never claimed to be him.,200,2026-10-06T13:46:34+00:00
moonifest,alive,user_or_bot,Mooni 🌚,,,,,,,,200,2026-10-06T13:46:37+00:00
mosstairway,alive,channel,❤  Mo's Stairway️,360,,2026-10-05T19:51:28+00:00,20,20,,,200,2026-10-06T13:46:39+00:00
motiv8britainnews,alive,channel_no_preview,Motiv8 Britain News,157,,,,,,The truth,200,2026-10-06T13:46:41+00:00
MotorCityCheif,empty_page,,,,,,,,,"If you have  Telegram , you can contact  @MotorCityCheif  right away.",200,2026-10-06T13:46:44+00:00
movetotexaspresidenttrump,alive,channel,Southernbelle  🍊     🇨🇱     ✝️,274,,2026-10-03T17:05:38+00:00,12,20,,WWG1WGA Magadonian,200,2026-10-06T13:46:46+00:00
mptvtruthcasts,alive,channel,Marco Pietro (MPtv),148,,2022-03-11T07:00:04+00:00,0,0,,"Seeing as big tech has taken me down time and time again, here is my telegram channel! Get ready for bombs to drop right here!",200,2026-10-06T13:46:48+00:00
Mr_tdogg,alive,channel,Mrtdogg,2700,,2026-10-06T06:00:09+00:00,17,17,mrtdoggchat,Join the chat group:  https://t.me/mrtdoggchat,200,2026-10-06T13:46:51+00:00
MRARTT2,alive,channel_no_preview,🥩 🚩Tifa Beefs 🏴🥩,763,,,,,,Formerly MRARRT,200,2026-10-06T13:46:53+00:00
Mrgunsngear,empty_page,,,,,,,,,"If you have  Telegram , you can contact  @Mrgunsngear  right away.",200,2026-10-06T13:46:56+00:00
MrHatield1776,alive,channel,MrHatfield1776   🐸,7,,2022-10-04T06:57:49+00:00,0,0,,When tyranny becomes law resistance becomes duty. STAY BRAVE AND NEVER GIVE THEM THE SATISFACTION OF SILENCING YOUR VOICE! WE MUST RESIST TYRANNICAL LAWS AT EVERY LEVEL.  #TRUMPWON2021   Stay the course frens!,200,2026-10-06T13:46:58+00:00
Mrswilkesmythvsreality,alive,channel_no_preview,MYTHVSREALITY,1862,,,,,,,200,2026-10-06T13:47:01+00:00
mrtruthbombchat,alive,channel,MrTruthBomb️️️ ️ ️ ️,16500,,2026-08-20T04:59:54+00:00,0,0,,Digital Soldier,200,2026-10-06T13:47:03+00:00
MsTigress,alive,channel_no_preview,MsTigress Channel,1111,,,,,AmericanSwitch MsTigressChat,America First... No more censorship!  @MsTigressChat  | bit.ly/PatriotMap  Join the fight -  @AmericanSwitch,200,2026-10-06T13:47:06+00:00
MTKate,alive,channel,5D MT,34,,2025-08-13T23:31:21+00:00,0,0,,,200,2026-10-06T13:47:08+00:00
MudOnWhiteCrime,alive,channel_no_preview,Mud on White Crime,779,,,,,ChannelCollection,Documenting the unending savage crimes against whites by non-whites that the MSM tries to hide  Part of the  @ChannelCollection,200,2026-10-06T13:47:10+00:00
murderbydecree,alive,channel,MurderbyDecree,5260,,2026-05-25T21:55:45+00:00,0,0,,,200,2026-10-06T13:47:12+00:00
MurderTheMedia,alive,channel,MurderTheMedia,14700,,2026-10-06T07:15:52+00:00,18,18,,https://x.com/MurderTheMedia   https://rumble.com/user/MurderTheMedia   https://youtube.com/@murderthemediaofficial,200,2026-10-06T13:47:15+00:00
mustangdebbie1,alive,channel,Mustang Debbie,7,,2026-09-04T00:43:33+00:00,0,0,,,200,2026-10-06T13:47:17+00:00
MustangMedic,alive,channel,MustangMedic,8560,,2026-10-01T17:31:49+00:00,3,19,MustangMedic,"@MustangMedic , The peoples Journalist.  Youtube   youtube.com/c/MustangMedic   Mustang Medic Digital Soldiers",200,2026-10-06T13:47:19+00:00
My_Name_Is_MarQ_1111,alive,channel,My Name Is  🇦🇺  UltraMaga MarQ  🇦🇺,182,,2026-10-06T12:41:48+00:00,20,20,,"JESUS CHRIST IS KING             ❤               ❤     👊    👊    ❤    👊    👊               ❤               ❤               ❤    Australian Patriot, Truth Seeker and Keyboard Warrior. I believe in Q only as far as 4Chan(Drops 1 - 229)",200,2026-10-06T13:47:22+00:00
mydadworksfornintendo,alive,channel,My Dad works for Nintendo,46,,2026-05-13T13:37:05+00:00,0,0,,Inside Information,200,2026-10-06T13:47:24+00:00
MyonysLibrary,alive,channel,Interesting Stuff What Myon Has Found,250,,2025-03-14T01:06:09+00:00,0,0,,Broadcast channel full of exactly what the title says. A lot of this could be useful in some situations.   Legal Disclaimer: Some of the things I post are highly illegal and should only be read for academic purposes.,200,2026-10-06T13:47:26+00:00
MyPatriotsNetwork,alive,channel,MyPatriotsNetwork,3660,,2025-12-26T21:12:17+00:00,0,0,,Welcome to the official Telegram channel for  MyPatriotsNetwork.com,200,2026-10-06T13:47:29+00:00
mysterionrises,alive,channel_no_preview,🔥Mysterion Rises🔥,87,,,,,mysterionrises,"Nobody at school knows my double life. To them, I'm just another 4th grader. t.me/mysterionrises/2107",200,2026-10-06T13:47:31+00:00
MystiQLuna88,alive,channel,MystiQ Luna   🌙,816,,2024-02-09T04:27:16+00:00,0,0,,Truth seeker  ✨   Patriot   🌎   Freedom lover   💯    🔱    *Vincit Omnia Veritas  *Nothing posted here is Truth unless you’re Awake   ⚡️,200,2026-10-06T13:47:33+00:00
n8news,empty_page,,,,,,,,,"If you have  Telegram , you can contact  @n8news  right away.",200,2026-10-06T13:47:36+00:00
NancySeekingTruthAlways,alive,channel,Seeking TRUTH Always,725,,2026-10-03T08:11:09+00:00,4,15,,"🔹  Welcome  🔹   to Nancy Ganshorn's Channel   ✝️    🦅     👉   TRUTH you can TRUST!   👉   INJUSTICES EXPOSED!    👉   PRIORITIZING God, Family, Country,        Freedom, Health & Relationships. *******  https://Rumble.com/SeekingTruthAlways",200,2026-10-06T13:47:38+00:00
narayanbeauty,alive,channel_no_preview,Narayan Beauty Alchemist,137,,,,,,"Block the Spike Duo , The Pinon Pin Gold Hydrosoul,  Peaceful Pine Tea, Forrest Bathing , TrifectaGold...all thing Pinon Pine  and Narayan Beauty  Www.narayanbeauty.com",200,2026-10-06T13:47:41+00:00
NarrativeReframes,alive,channel,Narrative Reframes,10300,,2023-08-30T01:23:23+00:00,0,0,,Cognitive Triage   🇺🇸,200,2026-10-06T13:47:43+00:00
natalismisfuture,empty_page,,,,,,,,,"If you have  Telegram , you can contact  @natalismisfuture  right away.",200,2026-10-06T13:47:45+00:00
Nate1776,alive,user_or_bot,Nathaniel Williams,,,,,,,,200,2026-10-06T13:47:48+00:00
nathan1111jugan,alive,channel,Nathan Jugan #Collectiveconsciousness ️️️,28,,2022-09-16T03:56:17+00:00,0,0,,The earth is shifting consciousness as more and more continue to wake up. Love and light will prevail as much as truth itself. Evil deceived itself  #DarkToLight,200,2026-10-06T13:47:50+00:00
NationalDreamCenter,alive,channel,NationalDreamCenter,139,,2026-10-01T12:09:55+00:00,2,8,,Heads up on collective influences!,200,2026-10-06T13:47:52+00:00
NationalistAction,alive,channel,Nationalist Action Committee,66,,2026-10-06T08:40:08+00:00,7,20,natactcom nationalistactioncommittee,"Action committee advocating for economic, social and American nationalist concerns through the fundamentals of constitutionalism  @natactcom  twitter  @nationalistactioncommittee  instagram",200,2026-10-06T13:47:55+00:00
NationalistAlliance,alive,channel_no_preview,Nationalist Alliance,202,,,,,,An outlet for William L. Pierce,200,2026-10-06T13:47:57+00:00
NationalistNews,alive,channel,Nationalist News,324,,2022-12-13T17:37:57+00:00,0,0,channelcollection nationalist_channels,News related to or of interest to The Movement. No shit posting - just news.  Kind of like if the Drudge Report was racist and not run by a Jew.   More channels:  @channelcollection   @nationalist_channels,200,2026-10-06T13:47:59+00:00
natlydenise,alive,channel,⚡️  Natly Denise  ⚡️,1660,,2025-01-24T23:32:49+00:00,0,0,,,200,2026-10-06T13:48:02+00:00
natsecjeff,alive,channel,"Natsecjeff - News, Conflicts, Militancy, Terrorism, OSINT",744,,2023-05-23T15:44:51+00:00,0,0,,News. Militancy. Terrorism. Conflicts.  #OSINT,200,2026-10-06T13:48:04+00:00
ncchristianpatriots,alive,channel_no_preview,NC Christian Patriots,97,,,,,,Christian Patriots who love Christ and Country Making NC Great Again.,200,2026-10-06T13:48:07+00:00
NCSCTruthSeekers,alive,channel,NC SCTruthSeekers,330,,2026-10-06T13:19:01+00:00,19,19,,North Carolina & South Carolina - other states welcome   🇺🇸,200,2026-10-06T13:48:09+00:00
NearEndEntropy,empty_page,,,,,,,,,"If you have  Telegram , you can contact  @NearEndEntropy  right away.",200,2026-10-06T13:48:11+00:00
neoconsarecommies,alive,channel,Neocons Exposed,8,,2020-09-24T02:38:04+00:00,0,0,,"This is a page dedicated to exposing the fact that neocons are commies. Trotskyite communists, to be more specific.",200,2026-10-06T13:48:14+00:00
NeoMikesNewsRantsMemes,empty_page,,,,,,,,,"If you have  Telegram , you can contact  @NeoMikesNewsRantsMemes  right away.",200,2026-10-06T13:48:16+00:00
NesaraNews,empty_page,,,,,,,,,"If you have  Telegram , you can contact  @NesaraNews  right away.",200,2026-10-06T13:48:18+00:00
NeueMitte,alive,channel,Neue Mitte NM. Ehrliche Politik: Wir dienen. Der Schöpfung. Direkte Demokratie.,447,,2026-03-28T14:57:35+00:00,0,0,,Die Deutsche Mitte will Ethik in der Politik. Mit einem revolutionären Parteiprogramm schaffen wir Frieden und Gerechtigkeit für alle Völker.   NeueMitte.org,200,2026-10-06T13:48:21+00:00
newageorder,alive,channel,New Age Order Channel,481,,2026-10-06T10:04:53+00:00,20,20,,"www.newageorder.com   News, data, philosophy, art, education. Follow the evidence and the scientific method. Facts. This channel is a resource for truth, creation and liberty. Investigate. Validate. Logic. Critical thinking. You are the World.",200,2026-10-06T13:48:23+00:00
newearthmedia,alive,channel,New Earth Media   🌍,765,,2025-05-12T18:23:10+00:00,0,0,newearthmediachat,https://hkpmedia.wixsite.com/hkp-media-new/nemlinks   NEM chat:  https://t.me/newearthmediachat   ✩  I’m Hanna   👸🏼   ☽  Geopolitical news ✩ Truth exposer ☽  Ex MSM Broadcaster,200,2026-10-06T13:48:25+00:00
NewHampshirePatriot,alive,channel,NHPATRIOT,68,,2026-03-10T00:44:10+00:00,0,0,,"Seeking the truth, family comes first, open discussions about any topic, I work in the  telecoms space, I like to share thoughts/ ideas.I do not give telegram or any entities associated with telegram permission to use my pictures,information or messages.",200,2026-10-06T13:48:28+00:00
NewJerseyAuditForce,alive,channel_no_preview,New Jersey Audit Force,119,,,,,,,200,2026-10-06T13:48:30+00:00
NewMexicoAuditForce,alive,channel,New Mexico Audit Force,1270,,2026-10-05T23:24:23+00:00,15,18,,,200,2026-10-06T13:48:32+00:00
NewResistance,alive,channel,Xoaquin Flores - New Resistance,28300,,2026-10-06T13:33:20+00:00,15,15,XoaquinFiores,"XF LIVESTREAM -   OSINT political technologist - veteran consultant, XF  Comedy may be exceedingly dry.  I am not a public figure.  All IP rights reserved on all mediums   patreon.com/JoaquinF  <— support the work    @XoaquinFiores  - contact",200,2026-10-06T13:48:35+00:00
newrightwing,alive,channel,Newfangled Right,572,,2024-09-06T20:10:49+00:00,0,0,the_NRN,"📣  Telegram of the New Rightwing  📣     🧬  Specializes in genetics, social science, self care, female anatomy, and making a lot of money  Essay channel:  https://t.me/the_NRN",200,2026-10-06T13:48:37+00:00
News_3Dto5D,alive,channel,3D to 5D Consciousness,39200,,2026-10-05T14:28:41+00:00,2,9,,"Receive news and updates from Nyla Nguyen, 3D to 5D Consciousness",200,2026-10-06T13:48:40+00:00
NewsAlertsNow,alive,channel,News Alerts,1770,,2026-09-28T07:44:31+00:00,0,9,,NONSTOP NONPARTISAN NEWS  Finance focused.  Occasional analysis and commentary will be posted.   Any ads placed on this page by Telegram are NOT endorsed by the page.,200,2026-10-06T13:48:42+00:00
NewSavageDawg,alive,channel,SQvQge Dawg,14400,,2026-06-13T03:58:36+00:00,0,0,,Study Patterns Connects Dots LFG,200,2026-10-06T13:48:44+00:00
newsbeast,alive,channel,ɴᴇᴡsʙᴇᴀsᴛ,212,,2023-12-05T11:52:27+00:00,0,0,,ʀɪɢʜᴛ sɪᴅᴇ ɴᴇᴡs ᴘɪᴘᴇʟɪɴᴇ   📰,200,2026-10-06T13:48:47+00:00
NewsForFreeAmerica,empty_page,,,,,,,,,"If you have  Telegram , you can contact  @NewsForFreeAmerica  right away.",200,2026-10-06T13:48:49+00:00
NewsMaximum,empty_page,,,,,,,,,"If you have  Telegram , you can contact  @NewsMaximum  right away.",200,2026-10-06T13:48:51+00:00
NewsMaxUSA,alive,channel,Newsmax Discussion   🇺🇸,3090,,2026-10-06T13:37:34+00:00,20,20,NewsMaxUSA,UNOFFICIAL. COMMENT FREELY DM ADMIN < https://t.me/NewsMaxUSA?direct >,200,2026-10-06T13:48:54+00:00
newsofehrru,empty_page,,,,,,,,,"If you have  Telegram , you can contact  @newsofehrru  right away.",200,2026-10-06T13:48:56+00:00
Newsworthtelling1,alive,channel,📢    📢  NEWS WORTHY   📢    📢,9,,2020-04-02T15:43:26+00:00,0,0,,THE REAL NEWS SNOWFLAKES MAY MELT.   👀    👂,200,2026-10-06T13:48:58+00:00
newtemplars,alive,channel,New Templars Official,2770,,2026-05-30T07:18:00+00:00,0,0,,New Templars Discussion & Announcement Board.  The Galactic Crusaders from YouTube and Rumble.,200,2026-10-06T13:49:01+00:00
newworldwarrior,empty_page,,,,,,,,,"If you have  Telegram , you can contact  @newworldwarrior  right away.",200,2026-10-06T13:49:03+00:00
NewYorkAuditForce,alive,channel,New York Audit Force,185,,2024-01-24T00:09:03+00:00,0,0,,,200,2026-10-06T13:49:06+00:00
newyorkfreedomrally,empty_page,,,,,,,,,"If you have  Telegram , you can contact  @newyorkfreedomrally  right away.",200,2026-10-06T13:49:08+00:00
nicemanhood,alive,channel_no_preview,A Nice Man’s Neighborhood,348,,,,,,Just me and my happy thoughts,200,2026-10-06T13:49:10+00:00
NicholasVeniamin,alive,channel,Nicholas Veniamin,92000,,2026-10-05T21:43:58+00:00,20,20,,Watch ‘Nick V Uncensored’ Podcast here:  https://linktr.ee/nickvuncensored,200,2026-10-06T13:49:12+00:00
nickdip,alive,channel_no_preview,Nick Di Paolo,537,,,,,,"Nick""s brutal honesty reminds us of what comedy should be: funny, socially relevant and a bit reckless. His strong opinions and razor wit make him a perfect fit for his daily podcast, which streams M-Th at 5pm ET at Nickdip.com",200,2026-10-06T13:49:15+00:00
nickfuentesfans,empty_page,,,,,,,,,"If you have  Telegram , you can contact  @nickfuentesfans  right away.",200,2026-10-06T13:49:17+00:00
nickjfuentes,alive,channel,Nicholas J. Fuentes,114000,,2026-10-06T04:56:20+00:00,16,20,,Official telegram channel for Nick Fuentes.  America First: Monday-Friday at 9pm cst   Cozy.tv/Nick   Contact Me: njfuentesblog@gmail.com,200,2026-10-06T13:49:20+00:00
nickmon1112,alive,channel,Nick Monroe,2020,,2026-10-05T20:20:05+00:00,15,20,ThePostMillennial,Also known as the Crab Man. As seen in @BBC and  @ThePostMillennial    https://gettr.com/user/nickmonroe   https://gab.com/nickmon1112    https://www.minds.com/nickmon1112,200,2026-10-06T13:49:22+00:00
NicoleNY,alive,channel,NicoleNY,111,,2026-10-06T01:13:55+00:00,9,20,NicoleNY,Stay the Course! Love   ❤️   who you are!  It is the sacred duty of all of us to protect the world. – Wonder Woman  Telegram -  https://t.me/NicoleNY,200,2026-10-06T13:49:25+00:00
NICProudBoysMain,alive,channel,NORTHERN ILLINOIS PROUD BOYS PUBLIC CHANNEL,458,,2026-10-06T11:12:42+00:00,1,1,,,200,2026-10-06T13:49:28+00:00
niggermonkey48,empty_page,,,,,,,,,"If you have  Telegram , you can contact  @niggermonkey48  right away.",200,2026-10-06T13:49:30+00:00
Nighthawk420,alive,user_or_bot,Nighthawk,,,,,,,,200,2026-10-06T13:49:32+00:00
NineEleven_911,alive,channel,What happened on 911 ? Was geschah am 11. SEPTEMBER 2001 ? - .... Nine Eleven / WTC 7 / Verschwörungstheorie ? 911 Infor,1310,,2026-09-20T12:35:48+00:00,0,17,,Don't trust the Media..do your own  #research ...  #NineEleven_911,200,2026-10-06T13:49:35+00:00
NineElevenIsrael,alive,channel_no_preview,(((9/11))),713,,,,,ChannelCollection,Documenting the Mossad/CIA attack on 9/11 to further Israel’s expansionist plans in the Middle East : Yinon Plan.  Part of the  @ChannelCollection,200,2026-10-06T13:49:37+00:00
NineMilSMG,alive,channel_no_preview,9mmsmg - Fuck the Tech Oligarchy,1865,,,,,,,200,2026-10-06T13:49:39+00:00
ninoscorner,alive,channel,DavidNinoRodriguez,79300,,2026-10-06T00:35:14+00:00,16,20,,,200,2026-10-06T13:49:42+00:00
No_BS_NewS,empty_page,,,,,,,,,"If you have  Telegram , you can contact  @No_BS_NewS  right away.",200,2026-10-06T13:49:44+00:00
NobleLeader,alive,channel,Enrique Tarrio,3330,,2026-10-03T17:51:02+00:00,2,19,,Shogun of the Notorious ProudBoys Patriot - Super-Villain - Entrepreneur American Supremacist,200,2026-10-06T13:49:46+00:00
NOCOMPLIANCECANADA,alive,channel,NO COMPLIANCE   🇨🇦,12,,2020-06-10T20:14:56+00:00,0,0,,"""NO MANDATE, NO CONSENT, NO COMPLIANCE.""  This is our motto.",200,2026-10-06T13:49:49+00:00
NoDeals17,alive,channel,MrStewart007,18,,2023-04-10T14:33:58+00:00,0,0,,"Treason, No Deals. Panic In D.C.",200,2026-10-06T13:49:51+00:00
NoEqual,empty_page,,,,,,,,,"If you have  Telegram , you can contact  @NoEqual  right away.",200,2026-10-06T13:49:54+00:00
nomaskmandates,alive,channel,No Mandates Colorado,1290,,2026-10-06T13:16:51+00:00,20,20,,X:  https://x.com/nomandatesco/   TruthSocial:   https://truthsocial.com/@NoMandates,200,2026-10-06T13:49:56+00:00
NoNmedia,alive,channel_no_preview,Irrelevant chaos,8,,,,,,,200,2026-10-06T13:49:58+00:00
Nonna2016,alive,channel,Nonna2016,617,,2026-08-25T18:00:21+00:00,0,0,,a.k.a. 50_Shades_of_Q,200,2026-10-06T13:50:01+00:00
noor_binladin,empty_page,,,,,,,,,"If you have  Telegram , you can contact  @noor_binladin  right away.",200,2026-10-06T13:50:03+00:00
NorAmIntelCollective,alive,channel,North American Intelligence Collective,377,,2026-10-06T02:49:08+00:00,5,19,,Keeping you informed on all relevant news and intel pertaining to the North American theater.,200,2026-10-06T13:50:05+00:00
northcarolinapatriots,alive,channel,North Carolina Patriots,31,,2022-08-03T03:32:37+00:00,0,0,,Sharing news and notifications,200,2026-10-06T13:50:08+00:00
NorthwestOhioPB,alive,channel,Northwest Ohio Proud Boys Official Channel,1380,,2026-09-15T09:35:52+00:00,0,5,,,200,2026-10-06T13:50:10+00:00
Noshillzone,empty_page,,,,,,,,,"If you have  Telegram , you can contact  @Noshillzone  right away.",200,2026-10-06T13:50:12+00:00
NotFound_4_04,alive,channel,404_Not_Found,13200,,2026-10-05T17:38:18+00:00,10,16,Red_Pill_Report,"Tweeter  @Red_Pill_Report   Rules — Pas d'insultes, pas de racisme, pas de violence, pas de sexe, pas de spams  Pas d'avertissement - ban direct",200,2026-10-06T13:50:15+00:00
NotGonnaTakeIt,alive,channel,Mad As Hell & Not Gonna Take It Anymore,119,,2026-07-14T23:30:08+00:00,0,0,,For Conservatives. If you wish to troll and get beat up … your call.  PODCAST CHANNELS  https://www.brighteon.com/channels/snafureport   https://www.bitchute.com/channel/snafu-report/   https://rumble.com/c/MadAsHell   https://odysee.com/@SnafuReport:d,200,2026-10-06T13:50:17+00:00
NothingButTruth_NBT,alive,channel,Nothing But Truth (NBT),124,,2023-09-23T13:44:29+00:00,0,0,,"Just a channel to post things I find important. I go back and forth with being an Anon, so some content will still be Q related and some won’t, but take it as it is.",200,2026-10-06T13:50:19+00:00
notjustpoliticsasusual,empty_page,,,,,,,,,"If you have  Telegram , you can contact  @notjustpoliticsasusual  right away.",200,2026-10-06T13:50:22+00:00
NotNeoIsNeo,empty_page,,,,,,,,,"If you have  Telegram , you can contact  @NotNeoIsNeo  right away.",200,2026-10-06T13:50:24+00:00
nowcomesthepain,alive,channel,SmartWatch,169,,2024-01-05T02:26:25+00:00,0,0,,Truth - Logic - Common Sense,200,2026-10-06T13:50:26+00:00
NPCreserves,alive,channel,NPC Reserves,1950,,2026-04-05T03:51:26+00:00,0,0,,npcdaily.com/memes   fb.com/NPCreserves,200,2026-10-06T13:50:29+00:00
NSDAPFrance,alive,channel_no_preview,NSDAP France,87,,,,,,https://gab.com/ClaireNSDAP https://vk.com/evabraun1974,200,2026-10-06T13:50:32+00:00
NSWAgainstTheExtremeLeft,empty_page,,,,,,,,,"If you have  Telegram , you can contact  @NSWAgainstTheExtremeLeft  right away.",200,2026-10-06T13:50:34+00:00
NTDNews,alive,channel,NTD,52900,,2026-06-03T19:30:08+00:00,0,0,,"Your independent voice in television news—bringing back reliable, honest news reporting. Website:  http://NTD.com  Newsletter sign up:  http://newsletter.ntd.com  YouTube:  https://youtube.com/ntdnews  Support us:  https://donorbox.org/ntdtv",200,2026-10-06T13:50:36+00:00
NukeFrogs,alive,channel_no_preview,💥 Nuke Frogs 💥,18,,,,,,,200,2026-10-06T13:50:39+00:00
Nurse_Deplorable,alive,channel_no_preview,Nurse Deplorable ⭐️ ⭐️ ⭐️,6596,,,,,,Official Nurse Deplorable Telegram   #TakeTheOath 🇺🇸,200,2026-10-06T13:50:41+00:00
Nymphonews,empty_page,,,,,,,,,"If you have  Telegram , you can contact  @Nymphonews  right away.",200,2026-10-06T13:50:44+00:00
nzruckus,empty_page,,,,,,,,,"If you have  Telegram , you can contact  @nzruckus  right away.",200,2026-10-06T13:50:46+00:00
OANNTV,alive,channel,One America News Network,143000,,2026-10-06T01:47:44+00:00,20,20,,Visit  live.oann.com  to enjoy OAN’s 24/7 LIVE streaming app today.  #OAN  *Official,200,2026-10-06T13:50:48+00:00
OEnochO_Connecting_Dots,alive,channel,OEnochO Connecting Dots,4,,2020-10-31T07:04:16+00:00,0,0,,Connecting dots ...,200,2026-10-06T13:50:50+00:00
officeofDonaldJTrump,alive,channel,Office of President Donald J. Trump,2790,,2026-10-06T12:54:12+00:00,19,19,,"Unofficial Channel, but a Patriot who loves our President, our Country and the freedoms we enjoy!",200,2026-10-06T13:50:53+00:00
officialcharliewardshow,empty_page,,,,,,,,,"If you have  Telegram , you can view posts by  @officialcharliewardshow  right away.",200,2026-10-06T13:50:55+00:00
OfficialCombatLVL,alive,channel,COMBATLVL  ™     ⚖️,5240,,2022-01-16T02:15:53+00:00,0,0,,"🕊  𝙲𝙷𝙸𝙻𝙳 𝙾𝙵 𝙶𝙾𝙳   🕊   | WWG1WGA  • Patriot source for Intel, Disclosures, and Research.   ⚖️   Support: Cashapp-  https://cash.app/$combatlvl  Venmo-  https://venmo.com/combatlvl1",200,2026-10-06T13:50:57+00:00
officialjonmiller,alive,channel,JON MILLER,7920,,2026-10-06T03:21:24+00:00,19,19,,Gamer Jon’s Dept.  Twitter:  twitter.com/millerstream,200,2026-10-06T13:51:00+00:00
officialmichiganproudboys,alive,channel_no_preview,Official Michigan Proud Boys,364,,,,,,Official Michigan Proud Boys Telegram Channel,200,2026-10-06T13:51:02+00:00
officialmorganariel,alive,channel_no_preview,Morgan Ariel,863,,,,,,Lioness for Jesus Christ & Truth Seeker 🦁✝️,200,2026-10-06T13:51:05+00:00
officialNashboys,alive,channel,Official Smashville Proud Boys,151,,2026-08-30T13:21:10+00:00,0,0,,Middle Tennessee Proud Boys,200,2026-10-06T13:51:07+00:00
officialNHPB,empty_page,,,,,,,,,"If you have  Telegram , you can contact  @officialNHPB  right away.",200,2026-10-06T13:51:09+00:00
OfficialPurePolitics,alive,group,Subgenius,,439,,,,GovGreyson,The Great Leap Forward campaign organized and implemented for the glorious people's leader  @GovGreyson,200,2026-10-06T13:51:12+00:00
OfficialRedPillNews,alive,channel,Official RedPill78 Channel,34700,,2026-10-05T19:38:37+00:00,6,20,,I'll drop links to the shows and streams here and announcements and scheduling changes. You can’t stop the truth!,200,2026-10-06T13:51:14+00:00
officialrootedwings,alive,channel,RootedWings,3010,,2025-03-12T21:41:05+00:00,0,0,,"Faithfully growing roots and fearlessly building wings.    🚨  For press inquiries only, please contact:  Synergy Communications lindsay@synergyprconsulting.com    www.WeAreRootedWings.com",200,2026-10-06T13:51:16+00:00
officialtruthsocialmedia,alive,channel,OFFICIAL TRUTH SOCIAL,5640,,2026-08-20T20:34:57+00:00,0,0,,"TRUTH Social is America’s “Big Tent” social media platform that encourages an open, free, and honest global conversation  https://truthsocial.com",200,2026-10-06T13:51:19+00:00
OfficialWestTennesseProudBoys,empty_page,,,,,,,,,"If you have  Telegram , you can contact  @OfficialWestTennesseProudBoys  right away.",200,2026-10-06T13:51:21+00:00
OfLoveNLightQ,alive,channel,OfLoveNLight,918,,2026-10-06T05:59:12+00:00,12,12,,Awakened Freedom Fighter & Light Worker For God   https://linktr.ee/4everyoungnbeautiful,200,2026-10-06T13:51:23+00:00
OhioProudBoys,alive,channel_no_preview,Proud Boys Ohio,799,,,,,,The official Telegram channel of  Proud Boys Ohio. iOS users need to use the web app and Android users need to sideload the APK directly from telegram.org  To join the Proud Boys in Ohio: ProudBoysOhio@protonmail.com  www.proudboys.club,200,2026-10-06T13:51:26+00:00
olidox,alive,user_or_bot,Oli Dox,,,,,,,,200,2026-10-06T13:51:28+00:00
OmlinNews,alive,channel,OMLIN News,164,,2026-10-05T13:14:30+00:00,18,18,OmlinNews,"Facts. Logic. Common Sense. Exposing Deep State, Government & MSM Propaganda, Corruption & Lies. Question Everything.  For more facts & fun,  follow me on Telegram.  OMLIN News   👉    https://t.me/OmlinNews",200,2026-10-06T13:51:30+00:00
oneamericanewsnetwork,alive,channel,One America News Network,914,,2024-06-13T19:47:16+00:00,0,0,,unofficial channel for OANN,200,2026-10-06T13:51:33+00:00
OneRepublicNetwork,alive,channel,One Republic Network,9390,,2026-10-06T13:16:22+00:00,20,20,,Videos/Posts/Photos/Community Chat FOR ALL,200,2026-10-06T13:51:35+00:00
OnlyWhitePeopleGoToHeaven2,empty_page,,,,,,,,,"If you have  Telegram , you can contact  @OnlyWhitePeopleGoToHeaven2  right away.",200,2026-10-06T13:51:38+00:00
OntarioFreedomForum,alive,channel_no_preview,Story Of Job,84,,,,,,"Uncomfortable truth, Christ is King!",200,2026-10-06T13:51:40+00:00
OpenMediaOne,alive,channel,openmediaone,1,,2024-10-07T20:45:46+00:00,0,0,,,200,2026-10-06T13:51:42+00:00
Operation_Moon_Tower,alive,channel_no_preview,Operation: Redpill Women /O:RW/ 💊,44,,,,,,🔳REDPILLING WOMEN IS 🔳AN OVERARCHING VICTORY CONDITION 🔳IN THE MACRO-SCALE  🔳TO THIS END - THIS ARCHIVE WILL SERVE 🔳TO DETECT/NEUTRALIZE/CURE 🔳LIBERAL MANIACAL PSYCHOSIS 🔳THAT TARGETS WOMEN  🔳MORE THAN ANY OTHER DEMOGRAPHIC,200,2026-10-06T13:51:45+00:00
OperationBlondePatriot,empty_page,,,,,,,,,"If you have  Telegram , you can contact  @OperationBlondePatriot  right away.",200,2026-10-06T13:51:47+00:00
OperationCue,alive,channel,Operation Q,4080,,2026-09-18T02:23:55+00:00,0,2,,"🔍   Coach, Consult & Counsel   📱   Connect   🔄   Share My Over   🎯   Censored RedPilling Articles   💊   Support The Mission   🙏🏽   :    💊     https://link-tube.com/OperationQ    #Q    #Anons   #GodWon   #WWG1WGA   #SaveTheChildren   #TheGreatAwakening",200,2026-10-06T13:51:49+00:00
operationdisclosure,alive,channel,🇺🇲  Truthful Disclosure  🇺🇸,3020,,2026-10-06T01:32:04+00:00,14,14,,🇺🇸    🇺🇸    🇺🇸   My journey started 20yrs ago.  I need your help.  Together we must overcome the number 1 enemy  of WE THE PEOPLE   #FAKENEWS .  Dark to light. Good vs evil.  For God for country and for the children  #saveourchildren   #Godwins,200,2026-10-06T13:51:52+00:00
OPFreedom,empty_page,,,,,,,,,"If you have  Telegram , you can contact  @OPFreedom  right away.",200,2026-10-06T13:51:54+00:00
opusaexpose,alive,channel,OpUSA ~ Expose' Dump,3,,2023-10-26T22:06:51+00:00,0,0,,B00,200,2026-10-06T13:51:56+00:00
OratorBlogInfirnationWarrior,alive,channel,@OratorBlog Information Warrior,132,,2026-03-19T07:58:14+00:00,0,0,,Hardcore Truth For Hardcore Patriots,200,2026-10-06T13:51:59+00:00
OriginalDonaldTrump,alive,channel,Donald Trump,70,,2026-10-03T03:14:42+00:00,1,8,,,200,2026-10-06T13:52:01+00:00
orioncollective,alive,channel,Orion Collective,3,,2023-05-04T21:56:43+00:00,0,0,,Unifying people through truth and awakening,200,2026-10-06T13:52:03+00:00
OrlaredChan,alive,channel,Late Stage Ireland,8039,,2026-06-08T16:55:14+00:00,0,0,channelcollection,Banned from youtube. Banned from Twitter. Bitchute:  bitchute.com/orlared  Odysee:  odysee.com/@orlared:b  Biolink:  https://bio.link/latestageireland  Donations:  https://bmc.link/LateStageIre  Channel Directory:  @channelcollection,200,2026-10-06T13:52:06+00:00
OscarMidnightRider,alive,channel_no_preview,Oscar's JEDI Q POST!,75,,,,,BiqQJedi,"Trump following, Q+ loving, Q following Patriot, Captain USN (RET) Iron Eagle. We will take our country back! TruthSocial  @BiqQJedi",200,2026-10-06T13:52:08+00:00
OSINTLive,alive,channel,OSINT,2220,,2026-10-06T13:38:59+00:00,18,18,conspiracy_feed,Feeds from prominent OSINT X/Twitter accounts. Brought to you by  @conspiracy_feed,200,2026-10-06T13:52:11+00:00
otorgomes,empty_page,,,,,,,,,"If you have  Telegram , you can contact  @otorgomes  right away.",200,2026-10-06T13:52:13+00:00
OttawaBound,alive,channel,🇨🇦  M&M  🇨🇦,43,,2024-08-28T21:10:24+00:00,0,0,,None are more hopelessly enslaved than those who falsely believe they are free.,200,2026-10-06T13:52:15+00:00
outlaw_marine1775,alive,channel,Outlaw_Marine,4660,,2021-10-25T16:08:58+00:00,0,0,USMC,Former Ki17er  @USMC   Former Fast Team 1~Europe Freelance. Support me here ~ $babyguerilla,200,2026-10-06T13:52:18+00:00
OutofShadowsChannel,alive,channel,Out of Shadows Channel,12400,,2023-12-25T16:59:02+00:00,0,0,,OFFICIAL Site :  Outofshadows.org,200,2026-10-06T13:52:20+00:00
outofthisworldnews,alive,channel,Space Force   🇬🇧    🇺🇲,50,,2020-05-17T22:40:34+00:00,0,0,,News out of this world,200,2026-10-06T13:52:23+00:00
outsider_news,empty_page,,,,,,,,,"If you have  Telegram , you can contact  @outsider_news  right away.",200,2026-10-06T13:52:25+00:00
Owen_Shroyer,alive,channel,War Room Show,4000,,2026-10-05T16:06:37+00:00,13,20,,🇺🇸    #WarRoom  LIVE M-F 3pm-6pm central at:  https://infowars.com/show,200,2026-10-06T13:52:27+00:00
OwenBenjamin,alive,channel,Owen Benjamin,476,,2025-06-21T21:39:15+00:00,0,0,,,200,2026-10-06T13:52:30+00:00
palaestina,alive,channel,اخبار فلسطين   🇵🇸,5,,2023-10-09T12:10:05+00:00,0,0,,,200,2026-10-06T13:52:32+00:00
PastorGregHooker,alive,channel,The Bible & Current Events,414,,2026-10-06T13:47:11+00:00,20,20,,This group searches the Bible to see how it relates to current world events.,200,2026-10-06T13:52:34+00:00
PATCHANQN,empty_page,,,,,,,,,"If you have  Telegram , you can contact  @PATCHANQN  right away.",200,2026-10-06T13:52:37+00:00
Patri0tsareinContr0l,alive,channel,Patri0tsareinContr0l,19800,,2026-07-31T15:41:44+00:00,0,0,,,200,2026-10-06T13:52:39+00:00
Patrick17HenryV9,empty_page,,,,,,,,,"If you have  Telegram , you can contact  @Patrick17HenryV9  right away.",200,2026-10-06T13:52:41+00:00
PatrickBouvierKennedy,alive,channel,Patrick Bouvier Kennedy 63,666,,2026-10-06T08:53:36+00:00,10,10,PatrickBouvierKennedy,"the cord was released and breathing returned to normal, purple yes, never dead. 13  @PatrickBouvierKennedy",200,2026-10-06T13:52:44+00:00
PatrickByrne,alive,channel_no_preview,Patrick Byrne    [ FAKE ],7976,,,,,,"My Clippings to be Current  https://patrickbyrne.locals.com for my commentary, explanations, and insights.  To help, join:  https://www.TheAmericaProject.com",200,2026-10-06T13:52:46+00:00
patrickcaseyusa,alive,channel,Patrick Casey,5350,,2026-10-05T14:30:01+00:00,1,4,,Writer and host of Restoring Order.  https://linktr.ee/patrickmcasey,200,2026-10-06T13:52:49+00:00
patricklancasternewstoday,alive,channel,Patrick Lancaster News Today,40100,,2026-10-05T10:47:22+00:00,3,5,,This channel will cover the journalistic activities of Independent Journalist Patrick Lancaster currently Reporting In the Donetsk People's Republic covering the Ukraine War in the English language,200,2026-10-06T13:52:51+00:00
PatrickMByrne,alive,channel,Patrick M. Byrne,43000,,2026-10-06T02:00:35+00:00,14,14,,"Advocates constitutional republicanism for government, blockchain for institutions, and educational choice for human capital   https://patrickbyrne.locals.com  for my commentary, explanations, and insights.  To help, join:   https://www.AmericaProject.com",200,2026-10-06T13:52:53+00:00
Patriot_Nation,alive,channel,🗽  Patriot Nation Channel,92,,2026-04-29T12:23:59+00:00,0,0,Patriot_Nation,"This is OUR Country & We’re Taking it Back!  Timely, Topical & Important Info  #MAGA   #Trump   #WeThePeople   #Freedom  Join the discussion!  Share  https://t.me/Patriot_Nation  with fellow Patriots!",200,2026-10-06T13:52:56+00:00
Patriot_Prayer_Force_WWG1WGA,alive,channel,PATRIOT PRAYER FORCE,30,,2026-07-11T10:34:08+00:00,0,0,,"Patriots uniting in Prayer and  Healing. On this channel, Catherine Ferrier Smith provides messages, healing and prayer from Heavenly Angels and those that have crossed over. See  CatherineHealing.com  for details about Catherine and her work/experience.",200,2026-10-06T13:52:58+00:00
PatriotAct17,alive,channel,PatriotAct1WATCHMEN,3,,2022-09-24T15:06:16+00:00,0,0,,"GOD FEARING, JESUS   💕   LOVING, FREE AND SOVEREIGN PPL AND WE WILL STAY THIS WAY, TILL THE END! We speak Truth with Grace! WE ARE AT WAR, GET SUITED UP !! GOD WINS!!!! DONT GIVE UP",200,2026-10-06T13:53:01+00:00
PatriotAds,alive,user_or_bot,Patriot Sandi,,,,,,,,200,2026-10-06T13:53:03+00:00
PatriotAlerts,alive,channel_no_preview,Patriot Alerts    [ FAKE ],11005,,,,,,Breaking news and intel sourced by Patriots!    Instagram.com/Patriot.Alerts,200,2026-10-06T13:53:06+00:00
patriotangelnews,empty_page,,,,,,,,,"If you have  Telegram , you can contact  @patriotangelnews  right away.",200,2026-10-06T13:53:08+00:00
PatriotArmy,alive,channel,Patriot Army,3240,,2025-11-01T17:41:33+00:00,0,0,PatriotArmy PookztA,Patriot News & Current Events  #MAGA    🇺🇸    Main:  @PookztA  News:  @PatriotArmy  Video:  youtube.com/pookzta,200,2026-10-06T13:53:10+00:00
patriotartsfarm,alive,channel,PATRIOT ARTS FARM,3390,,2026-01-04T19:49:11+00:00,0,0,,"JESUS LOVER, Patriot, On the Spectrum, Meme Maker & Researcher",200,2026-10-06T13:53:13+00:00
patriotbasics,empty_page,,,,,,,,,"If you have  Telegram , you can contact  @patriotbasics  right away.",200,2026-10-06T13:53:15+00:00
PATRIOTCHRISTIANNEWS,alive,channel,PATRIOT CHRISTIAN NEWS,487,,2026-10-05T13:36:01+00:00,20,20,,NEWS FOR CHRISTIAN PATRIOTS,200,2026-10-06T13:53:17+00:00
PatriotFrontline,alive,channel,Patriot Frontline News,8,,2022-11-20T08:46:59+00:00,0,0,,"REAL news and TRUTH from a trusted source.  Reporting on the Biblical Great Awakening from a Christian perspective including coverage of end-times events, ministry and information.  A nonprofit public service.   ✝️    🇺🇸",200,2026-10-06T13:53:20+00:00
PatriotGirlsUnited,empty_page,,,,,,,,,"If you have  Telegram , you can contact  @PatriotGirlsUnited  right away.",200,2026-10-06T13:53:22+00:00
PatrioticCrusader,alive,channel_no_preview,Patriotic Crusader,396,,,,,,Bringing you the latest footage as it happens at our patriotic events and to be shared amonst us all.,200,2026-10-06T13:53:25+00:00
PatrioticMetalMan,alive,channel,PatrioticMetalMan,118,,2026-05-01T15:40:30+00:00,0,0,,Welcome all Patriots!,200,2026-10-06T13:53:27+00:00
PatrioticNetwork,empty_page,,,,,,,,,"If you have  Telegram , you can contact  @PatrioticNetwork  right away.",200,2026-10-06T13:53:29+00:00
patrioticunity,empty_page,,,,,,,,,"If you have  Telegram , you can contact  @patrioticunity  right away.",200,2026-10-06T13:53:32+00:00
PatriotKentucky,empty_page,,,,,,,,,"If you have  Telegram , you can contact  @PatriotKentucky  right away.",200,2026-10-06T13:53:34+00:00
patriotmancave,alive,channel,Patriot Man Cave,66,,2026-10-06T11:56:54+00:00,19,19,,,200,2026-10-06T13:53:36+00:00
PatriotN88,empty_page,,,,,,,,,"If you have  Telegram , you can contact  @PatriotN88  right away.",200,2026-10-06T13:53:38+00:00
patriotnewsnetworkchannel,alive,channel,Patriot News Network,231,,2022-11-06T01:10:05+00:00,0,0,,,200,2026-10-06T13:53:41+00:00
PatriotNewz,empty_page,,,,,,,,,"If you have  Telegram , you can contact  @PatriotNewz  right away.",200,2026-10-06T13:53:43+00:00
PatriotOp,empty_page,,,,,,,,,"If you have  Telegram , you can contact  @PatriotOp  right away.",200,2026-10-06T13:53:45+00:00
patriotprayerusa,alive,channel,Patriot Prayer Joey Gibson,979,,2025-09-11T15:53:48+00:00,0,0,,Stay updated for events in the Pacific Northwest.    CallToActionLibertyBell.com  - enter your cell # to get text notifications for events or emergencies    ThePatriotCalendar.com  for list of events.  Donate:  https://secure.lawpay.com/pages/mbllp/trust,200,2026-10-06T13:53:48+00:00
PatriotPrincess1,alive,channel,PatriotPrincess,111,,2023-06-24T02:40:33+00:00,0,0,,WWG1WGA    🇺🇸    🇺🇸    🇺🇸    🇺🇸,200,2026-10-06T13:53:50+00:00
PatriotPunkNetwork,alive,channel,Patriot Punk Network,393,,2026-10-04T00:05:01+00:00,2,9,,This is the official Telegram Channel for the Patriot Punk Network!,200,2026-10-06T13:53:52+00:00
Patriots1776,alive,channel,Int. News,260,,2025-06-25T18:47:24+00:00,0,0,,News,200,2026-10-06T13:53:55+00:00
patriots456932,alive,channel_no_preview,🚨t.me/patriots369 New Channel Link 🚨,2990,,,,,,,200,2026-10-06T13:53:57+00:00
patriotshq,empty_page,,,,,,,,,"If you have  Telegram , you can contact  @patriotshq  right away.",200,2026-10-06T13:54:00+00:00
patriotsjoin,empty_page,,,,,,,,,"If you have  Telegram , you can contact  @patriotsjoin  right away.",200,2026-10-06T13:54:02+00:00
PatriotSocieties,alive,channel,Patriot Societies,6860,,2021-04-05T19:04:20+00:00,0,0,,Patriots dedicated to sharing the truth!,200,2026-10-06T13:54:04+00:00
PatriotsOnlyWesternConservative,alive,channel,Patriots ONLY   ☦️   Z.O.V.   🇺🇸    🇷🇺    🇩🇪     ©,6220,,2026-10-06T12:08:26+00:00,16,16,,"Warning Mature only!! Trilingual:  English language, Russian language, German Language  Freedom & Individualism & Peace  Gun Lovers & Steak Lovers  Vintage Cars! & Anti Globalism! Freedom of Speech!  Political Incorrect!",200,2026-10-06T13:54:07+00:00
patriotsquest,alive,channel_no_preview,PATRIOTS QUEST,742,,,,,,"🌟Maker of Memes🌟  Key Areas of Interest: Fighting for Freedom‼️ Exposing Corruption, Tyranny, Censorship. Promoting Self-Reliance: Tech (GNU Linux, FOSS), Food Supply  Follow me on TRUTH Social: @ patriotsquest",200,2026-10-06T13:54:09+00:00
patriotsstandstrong,alive,channel,Patriots Stand Strong!,2780,,2026-04-04T23:25:24+00:00,0,0,,,200,2026-10-06T13:54:11+00:00
patriotstreetfighter,alive,channel,Patriot Streetfighter,71200,,2026-10-06T00:02:55+00:00,3,20,,"The official channel of Scott McKay, the original Patriot Streetfighter. Links:  www.patriotstreetfighter.com",200,2026-10-06T13:54:14+00:00
patriotsunite17,alive,channel,Here For Truth,16,,2021-10-21T18:36:24+00:00,0,0,,Sticking together through the storm. Sharing info as it drops.,200,2026-10-06T13:54:16+00:00
PatriotsUS,alive,channel,Patriots U.S.A,56,,2023-12-29T00:58:15+00:00,0,0,,We fight for freedom.  We fight together Trump. WE ARE THE DIGITAL ARMY OF SOLDIERS   https://linktr.ee/PatriotMap,200,2026-10-06T13:54:19+00:00
PATRIOTSWORLDWIDE,empty_page,,,,,,,,,"If you have  Telegram , you can contact  @PATRIOTSWORLDWIDE  right away.",200,2026-10-06T13:54:21+00:00
PatriotTalk2020,alive,channel,PATRIOT TALK,38,,2023-08-09T12:39:30+00:00,0,0,,"Patriot networking-FUN-planning Vehicle Parades and maybe some Civil Disobedience - meet Every Monday and Thursday @ 6:00 THE BUNKER - Waterford, WI",200,2026-10-06T13:54:24+00:00
PatriotTechNews,empty_page,,,,,,,,,"If you have  Telegram , you can contact  @PatriotTechNews  right away.",200,2026-10-06T13:54:26+00:00
patriottide,empty_page,,,,,,,,,"If you have  Telegram , you can contact  @patriottide  right away.",200,2026-10-06T13:54:28+00:00
PatriotVoiceOfficial,alive,channel,The Patriot Voice,32200,,2026-10-06T03:31:18+00:00,20,20,,NWO Dissident. OG Truther. Watchman. Navy Vet. America First Icon. Christ is KING.  This is the ONLY OFFICIAL TPV Telegram channel.   PatriotMobile.com/TPV,200,2026-10-06T13:54:31+00:00
PatriotWarRoom,alive,channel_no_preview,Patriot War Room    [ FAKE ],1493,,,,,,When tyranny becomes law… resistance becomes duty!,200,2026-10-06T13:54:33+00:00
patriotwwg1wga,alive,channel,Patriot Wwg1WgA,14,,2021-09-27T08:34:46+00:00,0,0,,We are Not “woke”  we are AWAKE . BLESSINGS  👏🏾    ✨    👏🏾,200,2026-10-06T13:54:35+00:00
PatriziaRametta,alive,channel,Patrizia Rametta Ortigia,756,,2026-07-21T07:54:20+00:00,0,0,,Contro le censure e i ban proviamo anche il canale. Ma non si molla,200,2026-10-06T13:54:38+00:00
patton6966,alive,channel,Patton6966,26100,,2026-10-06T12:40:25+00:00,20,20,,Lt. Mark A Taylor (Ret),200,2026-10-06T13:54:40+00:00
PaulGoldingBlog,empty_page,,,,,,,,,"If you have  Telegram , you can contact  @PaulGoldingBlog  right away.",200,2026-10-06T13:54:43+00:00
PaulSerranchannel,alive,channel,Vodka Bet | Водка Казино — регистрация и удобный доступ,4,,2025-12-19T10:56:17+00:00,0,0,,"Казино Водка предлагает удобный вход, стабильный доступ и бонусы для старта. Регистрируйся, активируй фриспины и играй онлайн с безопасными условиями и быстрыми выплатами.",200,2026-10-06T13:54:45+00:00
PB_Brawler,empty_page,,,,,,,,,"If you have  Telegram , you can contact  @PB_Brawler  right away.",200,2026-10-06T13:54:47+00:00
pbfcks,alive,channel,PBF,4920,,2026-10-02T13:43:26+00:00,8,20,,Same PBF For 10+ Years,200,2026-10-06T13:54:49+00:00
PBNOR,alive,channel_no_preview,Official Proud Boys Norway,124,,,,,,Official Norwegian Chapter of the Proud Boys,200,2026-10-06T13:54:52+00:00
pbspokanecda,empty_page,,,,,,,,,"If you have  Telegram , you can contact  @pbspokanecda  right away.",200,2026-10-06T13:54:54+00:00
pcbullshit,empty_page,,,,,,,,,"If you have  Telegram , you can contact  @pcbullshit  right away.",200,2026-10-06T13:54:56+00:00
pearlswisdoms,alive,channel_no_preview,'pearls of wisdom',2,,,,,,Facts of interest reported by others & personal expertise (educ+experience) Proven truths.,200,2026-10-06T13:54:59+00:00
Pedo_Hunters_Channel,alive,channel,PEDO HUNTERS CHANNEL,4120,,2026-04-18T12:48:26+00:00,0,0,antipedo2_bot,Here we will expose all paedophilia activities on Telegram. We will expose accounts with info on IDs. If you are signing up to our channel to avoid getting removed please have a pfp and a combination of either an @ or ID.  BOT  https://t.me/antipedo2_bot,200,2026-10-06T13:55:01+00:00
PedosExposed,alive,channel_no_preview,Pedos Exposed,32,,,,,,Exposing evil.,200,2026-10-06T13:55:04+00:00
PennsylvaniaAudit,alive,channel,Pennsylvania Audit,877,,2024-11-07T19:08:31+00:00,0,0,,,200,2026-10-06T13:55:06+00:00
pepebroadcastnetwork,empty_page,,,,,,,,,"If you have  Telegram , you can contact  @pepebroadcastnetwork  right away.",200,2026-10-06T13:55:09+00:00
PepeDeluxed,alive,channel,Pepe Deluxe,56500,,2026-10-06T13:12:11+00:00,19,19,,Geo political news from a biblical view,200,2026-10-06T13:55:11+00:00
PepeMatter,alive,channel,ULTRA Pepe Lives Matter   🐸,145000,,2026-10-05T17:10:20+00:00,14,20,,,200,2026-10-06T13:55:14+00:00
peRsianbQy7777,alive,channel,peRsianbQy  7️⃣    7️⃣    7️⃣    7️⃣     ❣️    ❣️    ❣️    ❣️    ❣️    ❣️    ❣️,134,,2026-10-06T11:02:24+00:00,12,18,,R  ♾️  Q=  ❣️  NE    #MIGA    🤝    #MAGA    🤝    #QAnon    🤝    #WWG1WGA    🤝    #TrustTrump    🇺🇸     #RestartLeader    ⚡    ⚡    ⚡    ⚡    ⚡    ⚡    #Cyrus_I     ⚡️     ⚡️    ⚡️     👑  PRINCE  #SEYED_MOHAMMAD_HOSSEINI     ⚡️     ⚡️     ⚡️     ⚡️     ⚡️     ⚡️     ⚡️     ⚡️     ⚡️     ⚡️     ⚡️    ,200,2026-10-06T13:55:16+00:00
PeterSalemiLiveAuth,empty_page,,,,,,,,,"If you have  Telegram , you can contact  @PeterSalemiLiveAuth  right away.",200,2026-10-06T13:55:18+00:00
phil_godlewskii,alive,channel_no_preview,PG 3.0 ARCHIVED    [ FAKE ],86203,,,,,,"Father ❤️, Influencer, Content Creator, Patriot - Phil's channel is for sharing of truth, speculation, information, disinformation, hypothetical scenarios, and other conjecture that may or may not be accurate in either the past, present, or future.",200,2026-10-06T13:55:21+00:00
phillypb,alive,channel_no_preview,Defend Zach Rehl,446,,,,,,Channel updated and maintained by the friends and family of J6 political prisoner Zach Rehl,200,2026-10-06T13:55:23+00:00
phoenixfireredpill,empty_page,,,,,,,,,"If you have  Telegram , you can contact  @phoenixfireredpill  right away.",200,2026-10-06T13:55:25+00:00
Pi_An0n,alive,channel,"Joseph ""Pi"" Thomas",650,,2026-10-06T07:09:28+00:00,5,15,,"Christian, Preacher, Husband, Father, Veteran, Pardoned J6er, Artist  Founder of Sing4Freedom, Freedom Unchained, Slice of Pi,  PHP Network & American Rising Media Content Creator.  Links:  https://linktr.ee/Sing4Freedom   Website:  https://Sing4Freedom.us",200,2026-10-06T13:55:28+00:00
Pipeline_8kun,empty_page,,,,,,,,,"If you have  Telegram , you can contact  @Pipeline_8kun  right away.",200,2026-10-06T13:55:30+00:00
pissedoffpatriot33,alive,channel,Pissed Off Patriot,15,,2025-07-10T08:53:14+00:00,0,0,,Pissing off SJW's,200,2026-10-06T13:55:32+00:00
PissyLeaks,empty_page,,,,,,,,,"If you have  Telegram , you can contact  @PissyLeaks  right away.",200,2026-10-06T13:55:35+00:00
pizzagates,alive,channel,Pizzagate,2900,,2026-02-01T20:00:56+00:00,0,0,,An attempt to archive esoteric and bizarre behavior of our elites in the aftermath of Epstein indictment,200,2026-10-06T13:55:37+00:00
pjwnews,alive,channel,Paul Joseph Watson,37700,,2026-10-05T21:34:51+00:00,20,20,,https://modernity.news,200,2026-10-06T13:55:39+00:00
plainenglishchronicle,alive,channel,Plain English Chronicle   🇬🇧,63,,2020-06-12T10:33:19+00:00,0,0,,,200,2026-10-06T13:55:42+00:00
plasticgirlreport,empty_page,,,,,,,,,"If you have  Telegram , you can contact  @plasticgirlreport  right away.",200,2026-10-06T13:55:44+00:00
pOakley,alive,channel,(P) Oakley - Qonnected -,5160,,2026-10-06T13:16:07+00:00,18,18,,I see Myself as a Part of the Global Q Family and the Great Awakening.   Ich sehe Mich als Teil der Globalen Q Familie und des Großen Erwachens. - WWG1WGA   🇺🇲    🦅    🦁    Herzlich Willkommen!  Welcome!  Frei & Unabhängiger Künstler.  Free & Independent Artist.,200,2026-10-06T13:55:46+00:00
pol4chan,empty_page,,,,,,,,,"If you have  Telegram , you can view posts by  @pol4chan  right away.",200,2026-10-06T13:55:49+00:00
polbreaking,empty_page,,,,,,,,,"If you have  Telegram , you can contact  @polbreaking  right away.",200,2026-10-06T13:55:51+00:00
police_frequency,alive,channel,Police frequency,69800,,2026-10-06T05:05:36+00:00,17,17,PoliceFrequency_bot,"America First!   🇺🇸    US law enforcement news   🇺🇸    Los Angeles, CA   🇺🇸    X (Twitter) :  https://x.com/FrequencyPolice   Collaboration:  @PoliceFrequency_bot   For donuts: bc1qwt9ynjl2d558yldrrn4knryk5dnn3a3sg9qa5z",200,2026-10-06T13:55:53+00:00
PoliceThePolice,alive,channel,Police The Police News Channel,1120,,2026-08-02T15:23:59+00:00,0,0,,"A platform for highlighting & documenting police brutality, misconduct & abuse of authority.",200,2026-10-06T13:55:56+00:00
politically_incorrect,empty_page,,,,,,,,,"If you have  Telegram , you can contact  @politically_incorrect  right away.",200,2026-10-06T13:55:58+00:00
politically_incorrectt,empty_page,,,,,,,,,"If you have  Telegram , you can contact  @politically_incorrectt  right away.",200,2026-10-06T13:56:00+00:00
PoliticalMemes,alive,channel,Political memes,14800,,2026-10-06T13:10:43+00:00,19,19,politicalmemesbot politimelinews,Mostly political memes  Affiliated channel:  @politimelinews  For inquiries (including but not limited to uncredited contents and suggestions) PM  @politicalmemesbot    🤖,200,2026-10-06T13:56:03+00:00
politicalright,empty_page,,,,,,,,,"If you have  Telegram , you can contact  @politicalright  right away.",200,2026-10-06T13:56:05+00:00
Politicsandreligionpredictions,empty_page,,,,,,,,,"If you have  Telegram , you can contact  @Politicsandreligionpredictions  right away.",200,2026-10-06T13:56:07+00:00
politipsych,alive,channel,Politi-Psych Channel,1890,,2025-05-23T02:38:58+00:00,0,0,,Hosted by Gabby. Psychologist. Patriot. Christian Constitutionalist. All intel with condensed bites of truth and insight.,200,2026-10-06T13:56:09+00:00
polsholywar,empty_page,,,,,,,,,"If you have  Telegram , you can contact  @polsholywar  right away.",200,2026-10-06T13:56:12+00:00
POntario,empty_page,,,,,,,,,"If you have  Telegram , you can contact  @POntario  right away.",200,2026-10-06T13:56:14+00:00
pookzta,alive,channel,Escape The Matrix,4760,,2025-11-01T17:41:32+00:00,0,0,PatriotArmy PookztA,"Christian, American, physician, scientist, musician, vegan, husband, dad. I'm devoted to sharing truth, with the goal of helping all of humankind.   ✝️    🌎    🇺🇸    Main:  @PookztA  News:  @PatriotArmy  Video:  youtube.com/pookzta",200,2026-10-06T13:56:16+00:00
popcornnewstv,empty_page,,,,,,,,,"If you have  Telegram , you can contact  @popcornnewstv  right away.",200,2026-10-06T13:56:19+00:00
PortlandsLiberation,alive,channel_no_preview,Portlands Liberation,8,,,,,RealHaleyAdams1,Follow  @RealHaleyAdams1  on twitter  https://twitter.com/realhaleyadams1/status/1146652269888147456?s=21  Facebook; Haley Marie Adams  https://www.facebook.com/adamshaley39  https://www.facebook.com/events/329047044683623/?ti=icl,200,2026-10-06T13:56:21+00:00
Pouissant,alive,channel,Pouissant,137,,2026-09-30T14:27:01+00:00,1,3,,Words never dissapate. Words are important.,200,2026-10-06T13:56:23+00:00
poybs,alive,channel,Hogjohn Proud Boy,24,,2023-09-30T20:29:32+00:00,0,0,,Proud American,200,2026-10-06T13:56:26+00:00
POYMemeFarm,alive,channel,POYMemeFarm  👌🏻,1160,,2026-10-06T02:21:01+00:00,19,19,,Here you will find all the ripest for the pickin' and most controversial memes on the internet with a bit of news and other shit! ENJOY   UHURU! POYB! FAFO!,200,2026-10-06T13:56:29+00:00
POYNews,alive,channel,POYNews,549,,2026-09-10T02:25:06+00:00,0,1,,This is an aggregate news and opinion feed 4 Patriots by Patriots that seeks to be a premier source for current news information and relevant updates that relate to our organization.  #poyb,200,2026-10-06T13:56:31+00:00
praying_medic,alive,channel,Praying Medic,97000,,2026-10-05T19:15:07+00:00,9,20,,The official Telegram channel of Praying Medic.   https://prayingmedic.com/,200,2026-10-06T13:56:33+00:00
PrayingMedicOfficial,alive,channel_no_preview,Praying Medic    [ FAKE ],216,,,,,,Paramedic / Author https://prayingmedic.com/,200,2026-10-06T13:56:36+00:00
PRAYtriots,alive,channel,PrayTriots   🇺🇸,2780,,2025-06-20T03:01:00+00:00,0,0,,PRAYtriots - A forum of mindful conservatives who place their trust in God and work for positive change in our beautiful country,200,2026-10-06T13:56:38+00:00
PredatorGroomingAwareness,alive,channel_no_preview,Children's Army,61,,,,,,Creating awareness for the vile acts carried out in every city and many towns in the UK  https://www.youtube.com/channel/UC8o4gUXwmxSIYeGh35qAi8w,200,2026-10-06T13:56:40+00:00
prensadia,empty_page,,,,,,,,,"If you have  Telegram , you can contact  @prensadia  right away.",200,2026-10-06T13:56:43+00:00
presidentialelection2020,alive,channel,Donald Trump 2024-2028,198,,2026-10-06T12:47:32+00:00,20,20,,All polls for the 2028 presidential election here first,200,2026-10-06T13:56:45+00:00
pressdogg,alive,channel,PRESSdawgi'dogg,2,,2025-09-17T20:08:32+00:00,0,0,,www.pressdogg.news,200,2026-10-06T13:56:47+00:00
PressGuard,alive,channel,Press Guard News,13,,2026-04-16T19:08:58+00:00,0,0,,Press Guard was created by seasoned patriots in the PNW. We are aligned with the INDEPENDENT MEDIA to PROTECT FREE SPEECH. JOIN us!!! Always looking for Press & Guards. Let's do the SAME for YOUR TOWN!,200,2026-10-06T13:56:50+00:00
PRETTYWEIRD369,alive,channel,PRETTY WEIRD,6,,2023-01-13T17:38:36+00:00,0,0,PrettyWeird,"PRETTY WEIRD CHAT:  https://t.me/PrettyWeird   Finding our way through the darkness to the light. Do not give up your faith, do not give up your freedom; rise up and keep perspective.",200,2026-10-06T13:56:52+00:00
preventgensa,alive,channel_no_preview,Prevent Genocide in South Africa,469,,,,,,,200,2026-10-06T13:56:55+00:00
progreatbritain,empty_page,,,,,,,,,"If you have  Telegram , you can contact  @progreatbritain  right away.",200,2026-10-06T13:56:57+00:00
Project_Logos,alive,channel_no_preview,Project Logos,100,,,,,Project_Logos_Chat,Disclosure Network Aimed At Current World Events & Esoteric Knowledge.  Public Chat: t.me/Project_Logos_Chat,200,2026-10-06T13:56:59+00:00
project_veritas,alive,channel,Project Veritas,204000,,2026-03-10T14:36:18+00:00,0,0,,Journalists exposing corruption.  Project Veritas Official Channel  Donate:  www.projectveritas.com/donate    Contact us: VeritasTips@protonmail.com Signal: 914-653-3110,200,2026-10-06T13:57:02+00:00
projectcamelotKerry,alive,channel,PROJECT CAMELOT,75400,,2026-10-05T23:40:32+00:00,20,20,,,200,2026-10-06T13:57:04+00:00
ProjectNemesis6692,alive,channel,Project Nemesis,593,,2026-09-05T23:08:55+00:00,0,0,,Documenting the Networks of Zion Revealing how Zionist agents secure Israel's interests worldwide Our site:  https://projectnemesis.net/  Our Twitter:  https://twitter.com/ProjectNemesis0  Our Email: info@projectnemesis.net,200,2026-10-06T13:57:07+00:00
ProjectSurvivor,alive,channel,Project Survivor South Africa - Willie Jordaan,1010,,2026-08-12T16:21:25+00:00,0,0,,A project by the people of South Africa - 'n Projek deur die mense van Suid Afrika,200,2026-10-06T13:57:09+00:00
ProtestsSouthAfrica,alive,channel,🔥  PROTEST REPORTS  🔥  ECONOMIC TERRORISM  🔥  SOUTH AFRICA  🔥,68,,2020-10-03T10:24:24+00:00,0,0,,Daily Reports of Existing Protest Actions in South Africa on Telegram. Economic Terrorism: Violent and destructive protest actions destroying economy,200,2026-10-06T13:57:11+00:00
Proud_Goys,alive,channel_no_preview,Proud Goys,721,,,,,,Western Civilization is the physical manifestation of the White man’s mind and soul. The West lives and dies with the White man. Pro-West = Pro-White. Deus Vult ✝️,200,2026-10-06T13:57:14+00:00
ProudAmericanNews,empty_page,,,,,,,,,"If you have  Telegram , you can contact  @ProudAmericanNews  right away.",200,2026-10-06T13:57:16+00:00
ProudBoysAlaskaNorthStar,empty_page,,,,,,,,,"If you have  Telegram , you can contact  @ProudBoysAlaskaNorthStar  right away.",200,2026-10-06T13:57:18+00:00
proudboysaustralia,alive,channel_no_preview,Proud Boys Australia,526,,,,,proudboysaustralia,Official Proud Boys Australia Telegram Channel. Join the Proud Boys  https://t.me/proudboysaustralia  Visit our official website at https://proudboysau.club/,200,2026-10-06T13:57:21+00:00
proudboysbritannia,empty_page,,,,,,,,,"If you have  Telegram , you can contact  @proudboysbritannia  right away.",200,2026-10-06T13:57:23+00:00
proudboysLI,alive,channel,NEW CHAN: @ProudBoysLongIsland,865,,2024-08-25T17:56:34+00:00,0,0,,Official Channel of Proud Boys Long Island  for inquiries e-mail ProudBoys-LI@protonmail.com   https://www.nyproudboys.com   https://gab.com/proudboyslongisland,200,2026-10-06T13:57:25+00:00
ProudboysPDX,alive,channel_no_preview,🇺🇸👌🏽Portland PB👌🏽🇺🇸,580,,,,,,"Official channel of the Portland, OR (PDX) chapter of Proud Boys. To join send an email to   Vetting@pdxproudboys.com",200,2026-10-06T13:57:28+00:00
proudboyspor,empty_page,,,,,,,,,"If you have  Telegram , you can contact  @proudboyspor  right away.",200,2026-10-06T13:57:30+00:00
proudboysusa,alive,channel_no_preview,Proud Boys,7707,,,,,ProudBoysChapters,"I AM A WESTERN CHAUVINIST WHO REFUSES TO APOLOGIZE FOR CREATING THE MODERN WORLD  For a list of chapters and links to join/follow those chapters, follow us here  @ProudBoysChapters",200,2026-10-06T13:57:32+00:00
proudtilldeath,alive,channel_no_preview,Nomad PB-Iluminati,30,,,,,,Founded Nomads66 earned a 4th degree the other way,200,2026-10-06T13:57:34+00:00
prowhitefam,alive,channel_no_preview,Full Haus Classic,1272,,,,,,"Pro-white family news, advice, & entertainment. Radicalized by reality. full-haus.com  Shows: https://fullhaus.libsyn.com RSS: https://fullhaus.libsyn.com/rss Gab: https://www.gab.com/fullhaus  Donate: www.GiveSendGo.com/fullhaus",200,2026-10-06T13:57:37+00:00
prowhitefam2,alive,channel,Coach's Corner,4190,,2026-10-05T15:43:38+00:00,8,20,,,200,2026-10-06T13:57:39+00:00
PrymeMinisterOriginalDripster17,empty_page,,,,,,,,,"If you have  Telegram , you can contact  @PrymeMinisterOriginalDripster17  right away.",200,2026-10-06T13:57:41+00:00
PsychoticBreakNews,alive,channel_no_preview,ₚₛycₕₒₜᵢc Bᵣₑₐₖ ₙₑwₛ [𝔅𝔩𝔞𝔠𝔨𝔩𝔦𝔰𝔱𝔢𝔡],1245,,,,,AryanArtCozyCorner FroggiesCozyCorner PsychoticBreakNews ZoomersOnline bibleIRL schizoidgems,Information which would cause a less stable genius to have a psychotic break. But we are built different.  ⓒⓞⓩⓨ Channel Network:   @FroggiesCozyCorner    @ZoomersOnline    @schizoidgems    @PsychoticBreakNews    @bibleIRL    @AryanArtCozyCorner,200,2026-10-06T13:57:44+00:00
ptariot51,empty_page,,,,,,,,,"If you have  Telegram , you can contact  @ptariot51  right away.",200,2026-10-06T13:57:46+00:00
pTMPrh6ldaM0MTBh,alive,channel,Robyn Gritz,47,,2025-04-24T14:38:40+00:00,0,0,,Home of your favorite retired FBI Agent!   https://www.goldiis.org/unnamed-2df46715-19a3-4187-b719-dc47a0436271    https://givesendgo.com/RobynLGritz?utm_source=sharelink&utm_medium=copy_link&utm_c,200,2026-10-06T13:57:48+00:00
PunisherBriefings,alive,channel,Punisher Briefings,5510,,2026-09-02T18:48:23+00:00,0,0,,"Real History, Inspiration, Health, Exposing Evil, The Word of God, Current events, Warriors Prayer   🔥    ⚔    🔥",200,2026-10-06T13:57:51+00:00
pureart99,empty_page,,,,,,,,,"If you have  Telegram , you can contact  @pureart99  right away.",200,2026-10-06T13:57:53+00:00
PurgeOperationWarRoom,alive,channel,Operation War Room,2830,,2025-02-06T18:21:20+00:00,0,0,,,200,2026-10-06T13:57:56+00:00
PussyPass,alive,channel,sf,9,,2023-09-28T18:46:36+00:00,0,0,,,200,2026-10-06T13:57:58+00:00
pwrhz,alive,user_or_bot,Power Hz,,,,,,,,200,2026-10-06T13:58:00+00:00
Q17_Awakening,alive,channel_no_preview,The Real Great Awakening,61002,,,,,,New World = Plan A,200,2026-10-06T13:58:02+00:00
q1non2,empty_page,,,,,,,,,"If you have  Telegram , you can contact  @q1non2  right away.",200,2026-10-06T13:58:05+00:00
Q5DSpaCe,empty_page,,,,,,,,,"If you have  Telegram , you can contact  @Q5DSpaCe  right away.",200,2026-10-06T13:58:07+00:00
Q88178,empty_page,,,,,,,,,"If you have  Telegram , you can contact  @Q88178  right away.",200,2026-10-06T13:58:09+00:00
Q_Anon8,alive,channel,[QR] [Crumbs] [8Bakes] [Covfefe],21400,,2026-10-02T09:09:01+00:00,2,19,Q_Anons8chat Q_Archive,WWG1WGA Non profit research group Discernment/Logic  Common Sense/Critical Thinking -Global Current Events -Geopolitics/Economy -Q Drops/Digs/Memes/Intel -Search tool For Previous Digz  Chat  @Q_Anons8chat  PDF's  @Q_Archive   https://qalerts.pub   www.8kun.top,200,2026-10-06T13:58:11+00:00
Q_Piper,alive,channel,Q Turn of Time   🇺🇲,1,,2022-01-12T08:29:17+00:00,0,0,,,200,2026-10-06T13:58:14+00:00
q_qanon,alive,channel_no_preview,Q Qanon    [ FAKE ],9161,,,,,,"🔥🔥🔥AMERICA FIRST🔥🔥🔥  If AMERICA Falls, The World Falls.",200,2026-10-06T13:58:17+00:00
Q_Restart,alive,channel,We The people,329,,2022-09-06T10:32:08+00:00,0,0,We_the_people_voice,A tribune for we the people -- Contact Admin for sharing your Voice :  @We_the_people_voice,200,2026-10-06T13:58:19+00:00
Q_Tel411,alive,channel,Q-Tel,5900,,2026-10-06T13:51:00+00:00,20,20,,"A Forum for Digital Soldiers  Navy Veteran - 22 Years of Service (USN Retired), Follower of Jesus Christ, Enthusiastic Trump Supporter, Digital Soldier and Truth Spreader, Student of History, and Proud Resident of South Carolina.",200,2026-10-06T13:58:21+00:00
Q_xowAT4Z3VQ,empty_page,,,,,,,,,"If you have  Telegram , you can contact  @Q_xowAT4Z3VQ  right away.",200,2026-10-06T13:58:24+00:00
Qage2020,empty_page,,,,,,,,,"If you have  Telegram , you can contact  @Qage2020  right away.",200,2026-10-06T13:58:26+00:00
QAlertsApp,alive,channel,Q Alerts - Q Drop Alerts,42300,,2022-11-28T01:09:37+00:00,0,0,,QAnon drop notifications by  OperationQ.pub,200,2026-10-06T13:58:28+00:00
QandBBseventeen,alive,channel,Q Review - by bb17,86,,2025-03-29T04:50:44+00:00,0,0,,a summary of current news and how it relates to Q,200,2026-10-06T13:58:31+00:00
qanon_general,empty_page,,,,,,,,,"If you have  Telegram , you can contact  @qanon_general  right away.",200,2026-10-06T13:58:33+00:00
QanonHub,empty_page,,,,,,,,,"If you have  Telegram , you can contact  @QanonHub  right away.",200,2026-10-06T13:58:35+00:00
QAnonInternationalInfo,alive,channel,***𝐐𝐀𝐧𝐨𝐧 𝐈𝐧𝐭𝐞𝐫𝐧𝐚𝐭𝐢𝐨𝐧𝐚𝐥 #𝐏𝐀𝐓𝐑𝐈𝐎𝐓𝐒 𝐖𝐎𝐑𝐋𝐃𝐖𝐈𝐃𝐄,5070,,2026-10-06T13:52:47+00:00,20,20,QAnonPub17 qanon_international_contactBot,"WELCOME WORLD &  #PATRIOTS    🇺🇲    🇩🇪   INFORMATIONEN ABOUT & ARROUND  #Q  &  #TRUMP  & MORE IMPORTANT INFO     🌋  JOIN GROUP  #NIGHTSHIFT    @QAnonPub17   CONTACT  🤗    @qanon_international_contactBot   NOTIZ WE SHARE IMPORTANT INFO FROM ALL CHANNELS OR ""COLLECTIVES""",200,2026-10-06T13:58:37+00:00
QAnonMap,alive,channel,Q+Anon Map   🍊    🇺🇸,13500,,2026-10-05T20:36:25+00:00,18,18,,Digital Soldiers fighting against the mainstream media so the truth will prevail!,200,2026-10-06T13:58:40+00:00
QanonMemes,alive,channel,Elon Musk,16000,,2026-10-06T11:58:30+00:00,20,20,IsabelaMusk,Unofficial Elon Musk Fan Channel.  Ads:  @IsabelaMusk,200,2026-10-06T13:58:42+00:00
qanonofficial,alive,channel_no_preview,Qanon Official,3130,,,,,,There is much that you don’t know. Hidden truths that are about to be revealed on this channel! Make sure to follow it #wwg1wga,200,2026-10-06T13:58:45+00:00
QAnonOfTheRepublic,alive,channel,Anons Of Q,17,,2021-06-16T17:18:19+00:00,0,0,,The Great Awakening,200,2026-10-06T13:58:47+00:00
qanonplus,alive,channel,QAnon+   🇺🇲    🦅,28500,,2026-10-06T13:33:54+00:00,11,11,,Patriots WWG1WGA,200,2026-10-06T13:58:49+00:00
QAnons_InstaFEED,empty_page,,,,,,,,,"If you have  Telegram , you can contact  @QAnons_InstaFEED  right away.",200,2026-10-06T13:58:52+00:00
QAnons_italia_WWG1WGA,empty_page,,,,,,,,,"If you have  Telegram , you can view posts by  @QAnons_italia_WWG1WGA  right away.",200,2026-10-06T13:58:54+00:00
QAreYouAwakeChannel,alive,channel,Q?AreYouAwake? Chanel,845,,2026-10-05T21:04:38+00:00,14,18,,,200,2026-10-06T13:58:56+00:00
QArmy17,alive,channel,Q Army,650,,2026-10-06T04:44:39+00:00,20,20,,Join the truth movement to save the World!   #WWG1WGA   #NCSWIC,200,2026-10-06T13:58:59+00:00
qateamchannel,alive,channel,Q 'A' TEAM - Looking Glass Proj.,420,,2026-10-06T02:12:32+00:00,17,17,,"This channel was created to foster a conversation amongst conservatives and President Trump supporters, please do not fall for those channles disguised as Q or Trump channels supporters but created and run by agents of the left, antifa, BLM or Marxists.",200,2026-10-06T13:59:01+00:00
QballSam,alive,channel,Frank Videos ️️️— VIDEOS THAT DON'T SUCK,243,,2026-04-26T02:47:25+00:00,0,0,,VIDEOS THAT DON'T SUCK,200,2026-10-06T13:59:03+00:00
QC_automatic_tweets,alive,channel,QC Automatic Q Tweets,62,,2021-01-08T20:37:22+00:00,0,0,QC_automatic_tweets QlobalChange QlobalChangeItalia QlobalChangeUSA,https://t.me/QC_automatic_tweets   Qlobal-ChangeOfficial:  t.me/QlobalChange   USA Channel:  t.me/QlobalChangeUSA    Italy Channel:  t.me/QlobalChangeItalia   Blog: www.qlobal-change.blogspot.com   YT:  https://www.youtube.com/channel/UCX9J_T4Gif8Ir1mps14EnKA,200,2026-10-06T13:59:06+00:00
Qdropsintel,empty_page,,,,,,,,,"If you have  Telegram , you can contact  @Qdropsintel  right away.",200,2026-10-06T13:59:08+00:00
QFrogman5326,empty_page,,,,,,,,,"If you have  Telegram , you can contact  @QFrogman5326  right away.",200,2026-10-06T13:59:10+00:00
QGAPaper,empty_page,,,,,,,,,"If you have  Telegram , you can contact  @QGAPaper  right away.",200,2026-10-06T13:59:13+00:00
Qknows17,alive,channel,Sketch Danger,1810,,2025-10-25T07:12:35+00:00,0,0,Qknowschat,This is an aggregate for original content and what I feel is the most important news related to the Q movement and the great awakening. Red pills for normies.   💊   No violence. No pornography. WWG1WGA   🦅     🇺🇸     🐸     💀    @Qknowschat    bit.ly/PatriotMap,200,2026-10-06T13:59:15+00:00
qkross2,alive,channel,QKross,149,,2026-10-03T00:39:02+00:00,1,2,QAnonInternational QAnonInternationalInfo keyboardcowboys krosstalk qkross2,QKross  🙏    🐸    💊    https://t.me/qkross2   https://t.me/krosstalk    🦅    @QAnonInternationalInfo    🦅     @QAnonInternational    🦅     🤠    https://t.me/keyboardcowboys    🤠,200,2026-10-06T13:59:17+00:00
QlobalChangeUK,empty_page,,,,,,,,,"If you have  Telegram , you can contact  @QlobalChangeUK  right away.",200,2026-10-06T13:59:20+00:00
QlobalChangeUS,alive,channel,Qlobal-Change US News feed,144,,2026-10-06T12:49:01+00:00,20,20,QlobalchangeUSA,This is an automatic   🤖   RSS News Channel by  @QlobalchangeUSA   This channel is run only by bots and collects news from the best conservative news sites. A comment section is available.,200,2026-10-06T13:59:22+00:00
QlobalChangeUSA,alive,channel,Qlobal-Change USA   🇺🇸,7820,,2026-10-05T22:20:45+00:00,18,19,QlobalChange QlobalChangeBrasil QlobalChangeEspana QlobalChangeFrance QlobalChangeItalia QlobalChangeNL QlobalChangeUS,🇩🇪    @QlobalChange    🇪🇸    @QlobalChangeEspana    🇮🇹    @QlobalChangeItalia    🇫🇷    @QlobalChangeFrance    🇧🇷    @QlobalChangeBrasil    🇳🇱    @QlobalChangeNL    🤖    @QlobalChangeUS  -Newsfeed,200,2026-10-06T13:59:24+00:00
QNewsGodWinsChannel,alive,channel,GOD WINS Channel   💛    🇺🇸   144K WWG1WGA   💛    🇺🇸,230,,2026-10-06T12:07:57+00:00,20,20,,,200,2026-10-06T13:59:27+00:00
QNewsOfficialTV,alive,channel,Q NEWS OFFICIAL #WWG1WGA   💛    🇺🇸,81900,,2026-10-06T13:58:59+00:00,20,20,,Q+ 1776 - GOD WINS! - 144K - ONE NATION UNDER GOD - KING OF KINGS - JESUS IS MY SAVIOR - DARK TO LIGHT - TRUST THE PLAN - THE BEST IS YET TO COME!   🇺🇸    🇺🇸    🇺🇸,200,2026-10-06T13:59:29+00:00
QNewsWorldWide,alive,channel,PATRIOT PARTY,101,,2026-06-13T18:29:00+00:00,0,0,,#WWG1WGA   #TRUSTTHEPLAN   #GODSWINS   #Q   #144K   #STARSEEDS   #PRAYFORTRUMP,200,2026-10-06T13:59:32+00:00
QNNmemes,alive,channel,By any memes necessary   🌍    🐸    🍿,182,,2026-10-06T11:20:14+00:00,20,20,,Please be patient. I have autism (self diagnosed)   🐸    WWG1WGA,200,2026-10-06T13:59:34+00:00
qresearchnotableschannel,alive,channel,QResearch Notables,173,,2022-07-13T02:08:58+00:00,0,0,,Feed for screenshots of notables from the qresearch boards on 8kun,200,2026-10-06T13:59:36+00:00
QSCHQQL,alive,channel,Q SCHQQL,7790,,2026-09-18T22:29:34+00:00,0,20,,"Welcome to our exciting “Q SCHQQL” Channel featuring “Live” Full Screen Voice Chat for your viewing pleasure. Patriots all over the World are meeting here to view our Theater Environment and all-day streaming of Educational Videos, Documentaries & More!",200,2026-10-06T13:59:39+00:00
QSRdecodes,alive,channel,###,20100,,2026-10-06T03:46:31+00:00,8,8,,SituatıonRoom¹⁷,200,2026-10-06T13:59:41+00:00
QStormForce,alive,channel,Storm Force,129,,2021-11-15T20:42:22+00:00,0,0,,WWG1WGA- Stay informed-Resist the Communists-Stay Positive and help one another- wake up other lions-GOD WINS!,200,2026-10-06T13:59:44+00:00
QsTridentChannel,alive,channel,Q'sTrident,4,,2023-04-23T05:20:13+00:00,0,0,,,200,2026-10-06T13:59:46+00:00
Qswifearooo,empty_page,,,,,,,,,"If you have  Telegram , you can contact  @Qswifearooo  right away.",200,2026-10-06T13:59:49+00:00
Qtah_17,alive,channel,QT,47,,2023-02-23T19:34:46+00:00,0,0,,,200,2026-10-06T13:59:51+00:00
qtardnews,alive,channel,"Q Tips News ""It's All About Saving Our Children""",2870,,2026-10-06T12:22:38+00:00,20,20,,"Q Tips News, Anon, digital soldier, Patriot. ""It's all about saving our children""",200,2026-10-06T13:59:53+00:00
qthestormrider777,alive,channel,Q) The Storm Rider /Official Page,155000,,2026-10-06T11:18:33+00:00,19,19,,The TRUTH is being Revealed... Hold the line..,200,2026-10-06T13:59:55+00:00
QtimeNetwork,alive,channel,Qtime Network   🇺🇸    🇳🇱,29200,,2026-06-28T13:19:21+00:00,0,0,Qtime aQtime,Gab:  @aQtime  Truth Social:  @Qtime  Parler:  @aQtime   Twitter handles were aQtime - a17time - aTimeQ Retweeted By Donald J Trump on Twitter. I slept and dreamt that life was joy. I awoke and saw that life was service. I acted and behold service was Joy.,200,2026-10-06T13:59:58+00:00
QTimenews,alive,channel,PatriotQTime,268,,2026-09-06T16:05:56+00:00,0,1,,News chat  Q drops and discovery of the unknown ....wide awake time,200,2026-10-06T14:00:00+00:00
QtPupsMom,alive,channel,QtPupsMom,5,,2022-09-12T09:54:45+00:00,0,0,,,200,2026-10-06T14:00:03+00:00
Qtruenews,alive,channel,Q,9,,2022-06-11T13:45:05+00:00,0,0,,,200,2026-10-06T14:00:05+00:00
QTruthBombs,alive,channel_no_preview,Q TRUTH BOMBS,181,,,,,,🌎 Find drops of Truth Bombs here 🌎,200,2026-10-06T14:00:08+00:00
Quantum_ThinkTank,alive,channel,𝙌𝙪𝙖𝙣𝙩𝙪𝙢 𝙏𝙝𝙞𝙣𝙠 𝙏𝙖𝙣𝙠,237,,2021-09-03T04:26:37+00:00,0,0,QuantumThinkTank,𝙒𝙚 𝘼𝙧𝙚 𝙏𝙝𝙚 𝙎𝙩𝙤𝙧𝙢   ⛈    𝙅𝙤𝙞𝙣 𝙩𝙝𝙚 𝘾𝙤𝙣𝙫𝙚𝙧𝙨𝙖𝙩𝙞𝙤𝙣 𝙖𝙩 𝙩𝙝𝙚 𝙌𝙏𝙏 𝙂𝙧𝙤𝙪𝙥 𝘾𝙝𝙖𝙩:  https://t.me/QuantumThinkTank,200,2026-10-06T14:00:10+00:00
QuantumSquirrel,alive,channel,QuantumSQUIRREL   🐿,712,,2026-10-04T20:55:31+00:00,8,17,,Waking your ass up.,200,2026-10-06T14:00:13+00:00
QuestforTruth88,empty_page,,,,,,,,,"If you have  Telegram , you can contact  @QuestforTruth88  right away.",200,2026-10-06T14:00:15+00:00
QuietRiots,empty_page,,,,,,,,,"If you have  Telegram , you can contact  @QuietRiots  right away.",200,2026-10-06T14:00:17+00:00
quitefranklytv,alive,channel,Quite Frankly,5810,,2026-10-05T20:59:43+00:00,16,20,,"Culture, Conspiracy, Memes, Paranormal, and important updates for the nightly show... Contributions by Frank & Staff",200,2026-10-06T14:00:20+00:00
qukehighwalker,empty_page,,,,,,,,,"If you have  Telegram , you can contact  @qukehighwalker  right away.",200,2026-10-06T14:00:22+00:00
QUniversity,alive,channel,Q University,7140,,2022-11-15T12:11:50+00:00,0,0,,"Learn about the history of Q over the last 5 years... this education is free!  Do your own research, this is a starting point.",200,2026-10-06T14:00:24+00:00
QureAnonMedia,alive,channel,Qure Anon Media   💎,606,,2023-06-11T20:51:07+00:00,0,0,,Exposing the Truth for Our Country!,200,2026-10-06T14:00:27+00:00
QVINTAAETAS,alive,channel,QVINTA ÆTAS,3150,,2026-10-06T13:36:24+00:00,13,13,,FIFTH GENERATION CONFLICTS | HYBRID WARFARE REPORT HUB,200,2026-10-06T14:00:29+00:00
qvlynnqplan,empty_page,,,,,,,,,"If you have  Telegram , you can contact  @qvlynnqplan  right away.",200,2026-10-06T14:00:31+00:00
QWO17,alive,channel,###,15800,,2026-10-06T03:27:40+00:00,8,8,,,200,2026-10-06T14:00:34+00:00
r_breadtube,alive,channel,/r/breadtube,38,,2026-10-06T09:31:22+00:00,20,20,BreadTube r_channels reddit2telegram,/r/breadtube now on Telegram! Check out  @BreadTube   Also check out  @r_channels  and  @reddit2telegram !,200,2026-10-06T14:00:36+00:00
r_libertarian,alive,channel,Libertarian,58,,2026-10-06T13:10:26+00:00,20,20,afinils r_channels reddit2telegram,@reddit2telegram   @r_channels   Join  t.me/afinils  to buy affordable nootropics of the best quality you will find online.,200,2026-10-06T14:00:38+00:00
r_Sino,alive,channel,/r/Sino,135,,2026-10-06T04:35:23+00:00,20,20,r_channels reddit2telegram,"r/Sino is a subreddit for news, information, and discussion on anything China and Chinese related.  Powered by  @r_channels  and  @reddit2telegram",200,2026-10-06T14:00:41+00:00
r_WikiLeaks,empty_page,,,,,,,,,"If you have  Telegram , you can contact  @r_WikiLeaks  right away.",200,2026-10-06T14:00:43+00:00
rabbitholeadventures,alive,channel_no_preview,Rabbit Hole Adventures,39,,,,,,"In-depth (and some short) videos and documentaries exploring taboo subjects such as Pedogate, NWO, Nephilim/Giants, history and more. We Attempt to be a low post rate channel.  ""Nothing vast enters the life of mortals without a curse"" - Sophocles",200,2026-10-06T14:00:45+00:00
rabbitorah,empty_page,,,,,,,,,"If you have  Telegram , you can contact  @rabbitorah  right away.",200,2026-10-06T14:00:48+00:00
Rabbitse7enteen,alive,channel,Rabbitse7enteen,1730,,2026-10-05T23:15:37+00:00,4,19,,NCSWIC ¯\_(ツ)_/¯    HSIN?  https://lastoftheanalogkids.etsy.com   https://www.instagram.com/lastoftheanalogkids/    Lastoftheanalogkids.substack.com,200,2026-10-06T14:00:50+00:00
RadixVerum,alive,channel,Radix Verum   ☦,1890,,2026-10-05T22:07:44+00:00,7,12,,Independent journalism. Sneed + Reee.,200,2026-10-06T14:00:52+00:00
rafanidu,empty_page,,,,,,,,,"If you have  Telegram , you can contact  @rafanidu  right away.",200,2026-10-06T14:00:55+00:00
ragingdissident,empty_page,,,,,,,,,"If you have  Telegram , you can contact  @ragingdissident  right away.",200,2026-10-06T14:00:57+00:00
Rainbow1214,alive,channel,🇹🇼  台灣【真相大覺醒】,3140,,2026-10-03T15:43:47+00:00,8,13,,傳播真相、揭露谎言,200,2026-10-06T14:00:59+00:00
RainMan925,alive,channel,RainMan's Channel,685,,2026-10-02T08:10:08+00:00,5,7,,,200,2026-10-06T14:01:02+00:00
RambaldisEye,alive,channel_no_preview,Rambaldi's Eye,859,,,,,,"Exposing the lies—revealing the truths—unmasking the hoaxes & false-flags—validating the 'conspiracy' theories—making you THINK.  Donations: (BTC/XRP/HBAR/ADA) are always gratefully received, no matter the sum:  0x8cadce5cde2ed148877f4886bac0908afb75db6c",200,2026-10-06T14:01:04+00:00
Random_News_Channel,alive,channel,Random News,6,,2022-03-07T19:57:05+00:00,0,0,,"Our news , our way.   🇺🇸",200,2026-10-06T14:01:06+00:00
Random_Patriot,alive,channel,Random Patriot ️️️,139,,2026-09-17T19:42:07+00:00,0,3,,"""When revealing the truth becomes a crime, then you are ruled by criminals""  -Julian Assange",200,2026-10-06T14:01:09+00:00
RandomAnonCh2,alive,channel,Random Anon Channel Back Up,216,,2022-12-01T22:50:06+00:00,0,0,randomanonch1 randomanonchannel_bot randommeetingpoint,Back up channel for the Random Anon Channel Network.  Main channel:  t.me/randomanonch1  Regroup channel:  t.me/randommeetingpoint  Admin bot:  t.me/randomanonchannel_bot,200,2026-10-06T14:01:12+00:00
randomwaffen,alive,channel_no_preview,⚡️⚡️ Random Waffen 🇺🇦 🤝 🙏☦️🇷🇺🪆,134,,,,,,🎶  🎶,200,2026-10-06T14:01:14+00:00
rantachu,alive,channel_no_preview,Pikachu Hates You,118,,,,,,“The rights of the body supersede the rights of the tumor.”,200,2026-10-06T14:01:17+00:00
rants_raves_riots,empty_page,,,,,,,,,"If you have  Telegram , you can contact  @rants_raves_riots  right away.",200,2026-10-06T14:01:19+00:00
ravenmoonstoneart,empty_page,,,,,,,,,"If you have  Telegram , you can view posts by  @ravenmoonstoneart  right away.",200,2026-10-06T14:01:21+00:00
RAWQBoswin,alive,channel,RAW Q Boswin Musical Memes & Mind Candy,325,,2026-09-16T22:23:49+00:00,0,4,,Original Music. Baroque compostions. POTUS45,200,2026-10-06T14:01:24+00:00
RawTruthChannel,empty_page,,,,,,,,,"If you have  Telegram , you can contact  @RawTruthChannel  right away.",200,2026-10-06T14:01:26+00:00
rcnewsnetwork,alive,channel,Real Chanito Ultra-MAGA Gang News Network  🎖    🎖    🎖,181,,2025-06-23T14:49:01+00:00,0,0,,"News, Comms and Memes.",200,2026-10-06T14:01:28+00:00
Re5iGam,alive,channel,Re5igam Channel,113,,2022-08-18T20:18:18+00:00,0,0,Re5iGam_Channel,@Re5iGam_Channel,200,2026-10-06T14:01:31+00:00
reaInewstoday,empty_page,,,,,,,,,"If you have  Telegram , you can contact  @reaInewstoday  right away.",200,2026-10-06T14:01:33+00:00
real_DonaldJTrump,alive,channel,Donald J. Trump,588000,,2026-10-05T20:36:01+00:00,5,12,,Uncensored posts from the Office of Donald J. Trump   Reserved for the 45th President of the United States    https://donaldjtrump.com,200,2026-10-06T14:01:35+00:00
realAlexSheppard,alive,channel,Alex Sheppard   🇺🇸,9670,,2023-07-10T01:55:34+00:00,0,0,,"“It is not in numbers, but in unity, that our great strength lies; yet our present numbers are sufficient to repel the force of all the world.”   - Thomas Paine",200,2026-10-06T14:01:38+00:00
realalternativenews,alive,channel_no_preview,Join @yellowvest if blocked,349,,,,,,Your premier source for real news and facts without the mainstream media bias.,200,2026-10-06T14:01:40+00:00
realAmericanProphet,alive,channel,Official American Prophet Channel,4960,,2025-10-23T17:07:42+00:00,0,0,,"This is the Real American Prophet Channel. I will be posting original content, new videos, and newsworthy images to further the battle against The evil one! Jesus Christ is Lord and Savior!",200,2026-10-06T14:01:42+00:00
RealCanadianNews,alive,channel,REAL OCTA FX TRADE,85,,2023-05-19T20:34:23+00:00,0,0,KbrownFX,Account manager  🌏   FOREX TRADER  📉    📈    📊     💼  Financial advisor  🗞     📉  Seven figure Cryptocurrency  📈   Stock traders  📉   Here Is The Only Key To financial success  💰    💵    💴    💶    💸    💰    🏅    🏅    Contact Admin  📈    📉    📊    @KbrownFX,200,2026-10-06T14:01:45+00:00
realCCrump,alive,channel,Chandler Crump,507,,2024-06-19T17:57:49+00:00,0,0,,"19 Year Old Gen Z Commentator, 5x Billboard Charting Artist World's Youngest Independent artist to chart #1 on Billboard",200,2026-10-06T14:01:47+00:00
realchrissky,alive,channel_no_preview,REALCHRISSKY,32038,,,,,,The Truth and nothing but The Truth,200,2026-10-06T14:01:49+00:00
RealClearPolitics,alive,channel,All About Politics,214,,2026-10-06T08:11:27+00:00,20,20,CNNpolitics TrumpNews TrumpTrain realDonaldjTrump,This Channel is All About Politics  Keep in mind the mainstream media is  Dishonest. Look up the info yourself & determine if it's true or not   @realDonaldjTrump   @TrumpTrain   @CNNpolitics   @TrumpNews,200,2026-10-06T14:01:52+00:00
RealCombatLVL,alive,channel,ℭ𝔬𝔪𝔟𝔞𝔱𝔩𝔳𝔩  ™,6130,,2025-10-03T00:52:30+00:00,0,0,CombatLVLChat,"Independent News/Informational Source. GeoPolitics, Research, Analysis.    Discussion:  https://t.me/CombatLVLChat  Donations/Support Links:  https://cash.app/$combatlvl   https://account.venmo.com/u/combatlvl",200,2026-10-06T14:01:54+00:00
realDailyWire,alive,channel,Daily Wire Junkies,38600,,2026-10-05T22:43:07+00:00,20,20,,News junkies interested in Daily Wire content. Not associated with or managed by The Daily Wire.,200,2026-10-06T14:01:56+00:00
RealDeanCain,alive,channel_no_preview,Dean Cain    [ FAKE ],1759,,,,,,"Father. Filmmaker. Freedom. Family. Truth, justice, and the American way.",200,2026-10-06T14:01:59+00:00
RealDeplorablesLetsGoBrandon,alive,channel,Real Deplorables - Let's Go Brandon!,857,,2026-10-06T13:57:29+00:00,20,20,RealDeplorables,"Stay Informed With The Latest Breaking News. We Recommend You Turn Off Notifications For Our Channel, As We Deliver Breaking News Frequently.   Join Our Chat Discussion!    👉  t.me/RealDeplorables",200,2026-10-06T14:02:01+00:00
RealDonaldoTrumpo,alive,channel,il Donaldo Trumpo,155000,,2026-10-06T06:50:20+00:00,20,20,,THE REAL ACCOUNT OF THE ONLY IL DONALDO FRIGGIN TRUMPO!!!,200,2026-10-06T14:02:04+00:00
realDonaldTrumpTwitter,alive,channel,Real Donald Trump,213,,2022-11-21T03:01:41+00:00,0,0,NorthAmericans,https://t.me/NorthAmericans,200,2026-10-06T14:02:06+00:00
realdustinnemos,alive,channel,Dustin Nemos   ✝️   (@RealDustinNemos),5380,,2026-10-06T13:59:47+00:00,20,20,,Fīat jūstitia ruat cælum  Dustin Nemos Chatroom - Lawful political discussion they don't want you having.   www.nemosnewsnetwork.com/Sponsors    TheSerapeum.com/Chat   NemosNewsNetwork.com/Chat   TheSerapeum.com/Church   TheSerapeum.com/Exodus,200,2026-10-06T14:02:08+00:00
RealEMichaelJones,alive,channel,E. Michael Jones,8220,,2026-10-02T20:49:02+00:00,2,11,EMichaelJonesChat,Official E. Michael Jones Telegram channel.  Chat:  t.me/EMichaelJonesChat  Books:  fidelitypress.org  Magazine:  culturewars.com  Videos:  bitchute.com/emichaeljones  Twitter:  twitter.com/culturewarsmag  Gab:  gab.com/emichaeljones,200,2026-10-06T14:02:11+00:00
realevolutiontv,alive,channel,Real Evolution TV   🇬🇧     🇺🇸     🏴,758,,2026-10-06T11:42:54+00:00,20,20,,"Independent News, Common Law info, Health info, Music and comment. Join the Real Evolution of mankind! Posts do not necessarily reflect the views of the owner. RETV provides the bigger picture for your discernment. Donations to  paypal.me/jologriffiths    ❤️",200,2026-10-06T14:02:13+00:00
RealEyes_1776,alive,channel,realeyes_1776,2,,2026-02-05T19:02:03+00:00,0,0,,,200,2026-10-06T14:02:15+00:00
RealGenFlynn,alive,channel,General Flynn ️,148000,,2026-10-05T06:41:11+00:00,16,20,,Subscribe for Updates:   https://www.generalflynn.com/,200,2026-10-06T14:02:17+00:00
RealHealthRanger,alive,channel,Health Ranger,63200,,2026-10-06T06:26:31+00:00,20,20,,"Official Health Ranger breaking news, links, podcasts and videos.  Our emergency IP address, to enter into your browser, to access emergency alerts, audio alerts, etc., in case of global domain takedowns. WRITE THIS DOWN:   http://45.89.97.6/",200,2026-10-06T14:02:20+00:00
Reality_Theories,empty_page,,,,,,,,,"If you have  Telegram , you can view posts by  @Reality_Theories  right away.",200,2026-10-06T14:02:22+00:00
realjaredhowe,alive,channel,Jared Howe / So To Speak,1490,,2026-07-16T00:16:34+00:00,0,0,,Sole proprietor @  JaredHowe.net . Unabashedly pro-white and anti-communist. End white genocide worldwide.,200,2026-10-06T14:02:24+00:00
realjenloh,alive,channel,Jen Loh- American Patriot,285,,2025-09-10T20:48:53+00:00,0,0,,La Adelita Del Sur,200,2026-10-06T14:02:27+00:00
RealJeremyOliver,empty_page,,,,,,,,,"If you have  Telegram , you can contact  @RealJeremyOliver  right away.",200,2026-10-06T14:02:29+00:00
realJohnQuent,empty_page,,,,,,,,,"If you have  Telegram , you can contact  @realJohnQuent  right away.",200,2026-10-06T14:02:32+00:00
realkamvtv,alive,channel,@kamvtv,317,,2026-01-23T17:29:02+00:00,0,0,,,200,2026-10-06T14:02:34+00:00
realKarliBonne,alive,channel,Midnight Rider Channel   🇺🇸,182000,,2026-10-06T13:55:59+00:00,20,20,,Karli  Channel The Real Karli and X only KarluskaP is real everyone else is being sued for using copyright avi artwork,200,2026-10-06T14:02:36+00:00
RealKrakenWood,alive,channel,🇺🇸   Defending the Republic   🇺🇸,23,,2026-08-03T17:44:04+00:00,0,0,,,200,2026-10-06T14:02:39+00:00
RealMarjorieGreene,alive,channel,Marjorie Taylor Greene,57000,,2025-10-28T17:45:04+00:00,0,0,,✝️   Christian   🍑   Georgia 14’s Congresswoman   ♥️   Mother of 3   💼   Successful Business Woman   🇺🇸   Save America and Stop Communism   https://linktr.ee/marjorietaylorgreene,200,2026-10-06T14:02:41+00:00
RealMarniHockenberg,empty_page,,,,,,,,,"If you have  Telegram , you can contact  @RealMarniHockenberg  right away.",200,2026-10-06T14:02:43+00:00
realmflynnJR,alive,channel,Michael Flynn Jr,1600,,2025-11-18T14:01:12+00:00,0,0,RealGenFlynn,"Patriot, Father, and Proud Son of  @RealGenFlynn    https://linktr.ee/mflynnJR",200,2026-10-06T14:02:46+00:00
RealMikeNificent,alive,channel,Mike Nificent,273,,2024-12-13T03:23:49+00:00,0,0,,"I'm gonna use this like I was using Facebook. Articles, Videos, Memes, etc.",200,2026-10-06T14:02:48+00:00
realmj12,empty_page,,,,,,,,,"If you have  Telegram , you can contact  @realmj12  right away.",200,2026-10-06T14:02:50+00:00
realnewsfeed,empty_page,,,,,,,,,"If you have  Telegram , you can contact  @realnewsfeed  right away.",200,2026-10-06T14:02:53+00:00
realpatriotparty1776,alive,channel,Patriot Party,9,,2025-06-03T15:22:06+00:00,0,0,,"""Educate and inform the whole mass of the people, they are the only sure Reliance for the preservation of our Liberty""",200,2026-10-06T14:02:55+00:00
realPatriotPoliticsResearch,alive,channel,Patriot Politics Research  ☦    🇺🇸    🦅,1100,,2025-10-10T21:24:27+00:00,0,0,AWeek2Remember PepesPopcorn ResearchPatriot mile_voli_disk0,"Formerly known on Twitter:   @mile_voli_disk0 ,  @AWeek2Remember ,  @ResearchPatriot , &  @PepesPopcorn    Sharing Q drops, Decodes, Insights, Memes, Videos, & relevant/factual news articles.",200,2026-10-06T14:02:58+00:00
RealPeterBoykin,alive,channel,Peter Boykin GoRightNews.com,225,,2026-10-05T03:01:55+00:00,17,20,,Peter Boykin Constitutionalist For Liberty   🗽     PeterBoykin.com   GoRightNews.com   Rumble:  https://rumble.com/GoRightNews        Kick:  https://kick.com/peterboykin      YouTube:  https://www.youtube.com/@PeterBoykinForAmerica       Cash App $GoRightNews,200,2026-10-06T14:03:00+00:00
REALPOSEIDON,empty_page,,,,,,,,,"If you have  Telegram , you can contact  @REALPOSEIDON  right away.",200,2026-10-06T14:03:02+00:00
realprconservative,alive,channel,PR Conservative,34,,2022-10-28T12:31:08+00:00,0,0,,,200,2026-10-06T14:03:05+00:00
REALQ911,alive,channel,..  🚨    🚔  𝐐𝟗𝟏𝟏  🚔    🚨  ..,2090,,2026-10-04T13:19:17+00:00,2,2,,WE HAVE IT ALL!!!,200,2026-10-06T14:03:07+00:00
RealRebelNews,alive,channel,Rebel News,30500,,2026-10-06T08:37:18+00:00,20,20,,https://www.RebelNews.com  - Telling the other side of the story.,200,2026-10-06T14:03:09+00:00
realtommydaniels,alive,channel,RENEGADE MINDS,75,,2026-10-05T23:35:23+00:00,12,12,,"If you want to research, there is a   🐰   hole in the files. If ya wanna chat, we have a room.  Truth=Peace Deception=War Choice=You",200,2026-10-06T14:03:12+00:00
realtrumptweet,empty_page,,,,,,,,,"If you have  Telegram , you can contact  @realtrumptweet  right away.",200,2026-10-06T14:03:14+00:00
realUniversalNEWS,alive,channel,Universal NEWS,9890,,2026-10-05T21:58:23+00:00,14,20,,We have united to bundle the information!  Universal NEWS For Patriots from Patriots.,200,2026-10-06T14:03:16+00:00
realVeraPost,alive,channel,Vera Post,18,,2026-04-03T17:19:15+00:00,0,0,,"Happy wife to the best husband ever, and mom to the best kiddos. Patriot. Storm chaser",200,2026-10-06T14:03:19+00:00
RealVincentJames,alive,channel,Vincent James,28100,,2026-10-05T01:46:59+00:00,2,7,,"Father, Husband, Catholic, Conservative.   Link Tree:  https://linktr.ee/realvincentjames   Donate    ✅   Cash App: $RealVincentJames    🔵   ₿itcoin 3JQpoLyErUsFSdgB4YGhvuo4HxsEQDvywa  CONTACT: dailyveracitycontact@gmail.com",200,2026-10-06T14:03:21+00:00
realWTFnews,alive,channel,WTF news   📰,367,,2026-10-06T04:41:50+00:00,12,20,,"a carefully selected random collection of great inconvenient real news   📰  , information and funny memes.  Join & SHARE to fight the FAKE NEWS, ignorance and dis-info.      We are WORKING TOWARDS FREEDOM.  ""and the Truth shall set us free""",200,2026-10-06T14:03:24+00:00
realx22report,alive,channel,X22 Report Official,160000,,2026-10-06T11:19:26+00:00,20,20,,This Is The Official X22 Report Account ->  https://x22report.com/official-accounts/,200,2026-10-06T14:03:26+00:00
REAPERnewsandmedia,alive,channel,REAPER News & Media,113,,2022-08-14T13:00:45+00:00,0,0,,T.me/REAPERnewsandmedia    REAPER News & Media  Get all the latest news from all patriots around the uk. And from the main man himself Tommy Robinson. Aswell as news and media that most mainstream medias refuse to report on.,200,2026-10-06T14:03:28+00:00
rebelnewsrelay,alive,channel,Rebel News Relay,534,,2026-10-06T07:04:07+00:00,18,18,,"©   Rebel News Network Ltd. 2021. All Rights Reserved.  PO Box 61056, Eglinton/Dufferin RO, Toronto, ON M6E 5B2, Canada",200,2026-10-06T14:03:31+00:00
recallgavin,alive,channel,Recall Gavin Newsom and Audit California (Grassroots),224,,2025-02-28T20:51:47+00:00,0,0,,Grassroots group to get rid of the Tyrant Gavin Newsom. Not affiliated with any campaign. Strictly grassroots here.,200,2026-10-06T14:03:33+00:00
ReclaimGB,empty_page,,,,,,,,,"If you have  Telegram , you can contact  @ReclaimGB  right away.",200,2026-10-06T14:03:36+00:00
RedArrowPatriotChannel,empty_page,,,,,,,,,"If you have  Telegram , you can contact  @RedArrowPatriotChannel  right away.",200,2026-10-06T14:03:38+00:00
redcapMAGA,alive,channel,RCN   🇺🇸   (archive),107,,2023-09-20T07:36:28+00:00,0,0,,"Hi Patriots,this channel will be kept as an archive. An entire year of deltas have been uploaded, along w/ all correlating links to each post.  Redcap has moved to TRUTH SOCIAL & other SM platforms to continue to awake the normies.  We are winning!!   🇺🇸",200,2026-10-06T14:03:40+00:00
RedditTop,empty_page,,,,,,,,,"If you have  Telegram , you can contact  @RedditTop  right away.",200,2026-10-06T14:03:43+00:00
redeyedrant,alive,channel,Red Eyed Rant,64,,2026-04-07T19:36:55+00:00,0,0,,NEWS AND ENTERTAINMENT- For all your world news and rants about the current state of affairs going on with some memes thrown in for good measures -DISCLAIMER Red Eyed rant news and banter,200,2026-10-06T14:03:45+00:00
RedHatFrogs,alive,channel,Red Hat Frogs   🐸,9810,,2026-10-06T02:24:33+00:00,17,17,,MAGA | KAG | Truth | 17   http://x.com/redhatfrogs,200,2026-10-06T14:03:47+00:00
redicetv,alive,channel_no_preview,Red Ice TV,14621,,,,,RedIceGiant,"Join  @RedIceGiant , no new posts on this channel",200,2026-10-06T14:03:50+00:00
RedOctobrSupriseJusticeRuleofLaw,empty_page,,,,,,,,,"If you have  Telegram , you can contact  @RedOctobrSupriseJusticeRuleofLaw  right away.",200,2026-10-06T14:03:52+00:00
redpillbabee,alive,channel,Redpillbabe,5230,,2024-11-05T02:01:37+00:00,0,0,,Digital thought provoker  Meme connoisseur  Florida Patriot,200,2026-10-06T14:03:54+00:00
Redpillcrusade,alive,channel,🍊  RedPill Crusade  🧡,905,,2026-10-06T09:13:58+00:00,11,20,,,200,2026-10-06T14:03:57+00:00
RedPillDealer4833,alive,channel,CODE RED   🚨    ☘️    🇺🇸,11600,,2026-10-06T14:00:11+00:00,19,19,RPD4833,Q Reee-searchers Watchers   😇        Red    @RPD4833  - Twitter  @RPD4833   https://truthsocial.com/@RPD4833   Cody Granrud   @12BravoGran   https://truthsocial.com/@12BravoGran,200,2026-10-06T14:03:59+00:00
RedPilledReality,empty_page,,,,,,,,,"If you have  Telegram , you can contact  @RedPilledReality  right away.",200,2026-10-06T14:04:01+00:00
RedPillInc,alive,channel,⚖️  Red Pill Inc.  ⚖️   *WWG1WGA*,1000,,2024-03-30T02:51:16+00:00,0,0,,For everything Q related. Enjoy the show.   🍿    💥    🗽    🇺🇸    ⚖️,200,2026-10-06T14:04:04+00:00
RedPillLoungeNews,alive,channel,Red Pill Lounge News Channel,15,,2021-10-04T19:27:17+00:00,0,0,RedPillLoungeNews,We post news. You discern. Join  @RedPillLoungeNews,200,2026-10-06T14:04:06+00:00
redpillmami,empty_page,,,,,,,,,"If you have  Telegram , you can contact  @redpillmami  right away.",200,2026-10-06T14:04:09+00:00
redpillpharma,alive,channel,Red Pill Pharma,1340,,2026-10-06T05:23:11+00:00,20,20,,"Real News for Patriots of the United States of America. We share content that re-affirms our soulful connection to light, Truth, and the Constitutional God given rights of Freedom and Liberty.",200,2026-10-06T14:04:11+00:00
redpillpharmacist,alive,channel,Красивые изображения природы,76,,2025-04-11T05:17:47+00:00,0,0,,,200,2026-10-06T14:04:13+00:00
RedPillPharmacy,alive,channel,Red Pill Pharmacy,4330,,2022-03-21T03:12:33+00:00,0,0,,The truth can be a hard pill to swallow...,200,2026-10-06T14:04:16+00:00
redpillusa1,alive,channel,RedpillUSAPatriots   🇺🇸,1180,,2022-07-26T14:05:48+00:00,0,0,Harrismom23,Redpilling and sharing the truth   🇺🇸    Go to our Rumble for video content:  https://rumble.com/c/RedpillUSAPatriots   Truth Social:  @Harrismom23  - RedpillUSAPatriots,200,2026-10-06T14:04:18+00:00
regenermom,alive,channel,ミ 𝘙𝘦𝘨𝘦𝘯𝘦𝘳𝘮𝘰𝘮 彡,1840,,2026-06-27T18:09:30+00:00,0,0,libertemom,"Myers Briggs Mastermind   👩🏻‍💻   Out of the box free thinker. It's more likely I'll be your shot of whiskey, not your cuppa tea.    🍄  Always regenerate  🍄     🇺🇲    🤠    🍿   Twit/Anonup/Gab  @libertemom  IG Nooked until further notice",200,2026-10-06T14:04:20+00:00
relentlesstruth,alive,channel,Relentless Truth,3160,,2022-05-17T20:38:14+00:00,0,0,,,200,2026-10-06T14:04:23+00:00
replytolinwood,alive,channel,Reply To Lin Wood,270,,2024-08-12T15:52:24+00:00,0,0,,,200,2026-10-06T14:04:25+00:00
Resignation_Anon,alive,channel,ResignationAnon,2110,,2026-09-06T18:05:14+00:00,0,6,,OFFICIAL Channel of ResignationAnon   https://www.resignation.info   https://qresear.ch   https://qposts.in   https://deathcas.es   https://resignationanon.de,200,2026-10-06T14:04:27+00:00
ResistingThyLies,alive,channel,ResistingTheLies,590,,2025-05-13T18:19:48+00:00,0,0,,I'm a Scottish highlander who's had enough.   https://m.youtube.com/channel/UCOmyclir3U3SuLNNrXotkuw,200,2026-10-06T14:04:30+00:00
ResistMarxism,alive,channel,Resist Marxism,9,,2022-08-16T05:10:00+00:00,0,0,,"Resist Marxism was founded by Kyle Chapman, AKA Based Stickman. Our mission is to raise awareness to the dangers of Marxism and physically stand against this satanic ideology wherever it exists. Compromise is not an option. Live free or die.",200,2026-10-06T14:04:32+00:00
ResisttheMainstream,alive,channel,Resist the Mainstream,129000,,2026-10-06T13:40:01+00:00,20,20,,Reporting the news the mainstream media won’t.  Contact for business inquiries: contact@resistthemainstream.com  All Links  https://linktr.ee/ResisttheMainstream,200,2026-10-06T14:04:35+00:00
restoredrepublic,alive,group,RRnewdaily,,259,,,,,Restored Republic : https://rrnewdaily.com/,200,2026-10-06T14:04:37+00:00
restoreusa,alive,channel,Restore USA,845,,2022-05-23T04:22:42+00:00,0,0,,,200,2026-10-06T14:04:39+00:00
RestoringLiberty,alive,channel,KEYBOARD NINJA,26,,2026-01-30T04:41:37+00:00,0,0,KEYBOARDNINJA,I prefer dangerous freedom over peaceful slavery! Truth Social  @KEYBOARDNINJA,200,2026-10-06T14:04:42+00:00
Restricted1900,alive,channel_no_preview,RESTRICTED DAILY,2434,,,,,,,200,2026-10-06T14:04:44+00:00
returnofthemark,alive,channel,Mark  🇬🇧    👊🏻,601,,2024-08-22T17:52:09+00:00,0,0,,"Relevant,  Factual Content!!",200,2026-10-06T14:04:47+00:00
Revolution000017760000,alive,channel,🇺🇸  Revolution 2.0  🇺🇸,409,,2024-07-14T00:22:01+00:00,0,0,,,200,2026-10-06T14:04:49+00:00
ReWritingHistory2Q2Q,alive,channel,Re-WritingHistory2Q2Q,430,,2026-10-02T23:58:57+00:00,3,7,,This group is to find truth between all the lies a BS and to wake up and save the children from the evil satanic demons  https://truthsocial.com/@Commonsense17,200,2026-10-06T14:04:51+00:00
richardcitizenjournalist,alive,channel,🇺🇸    👊🏻    🇺🇸   Richard Citizen Journalist   🇺🇸    👊🏻    🇺🇸,353,,2023-06-22T15:50:36+00:00,0,0,dpotcner,Support & help keep RCJ going    🇺🇸    👊🏻   thank you so much!   @dpotcner   dpotcnerjournalists@gmail.com,200,2026-10-06T14:04:54+00:00
RichardsonPost,empty_page,,,,,,,,,"If you have  Telegram , you can contact  @RichardsonPost  right away.",200,2026-10-06T14:04:56+00:00
RightSideBroadcastingNetwork,alive,channel,RSBNetwork • RSBN • Right Side Broadcasting Network,3840,,2026-10-02T17:55:36+00:00,6,20,,"RSBN, RSBNetwork, Right Side Broadcasting Network, Auburn AL. #1 source for DonaldJTrump rallies and events.",200,2026-10-06T14:04:58+00:00
RightWingGuerillaMeditations,alive,channel,4th gen warfare meditations,6,,2023-09-05T03:11:10+00:00,0,0,,"I do not violate Brandenburg vs Ohio, these are not orders, just thoughts, meditations, and opinions.",200,2026-10-06T14:05:01+00:00
RileyMoses,alive,channel_no_preview,Riley Q. Moses,1038,,,,,,,200,2026-10-06T14:05:03+00:00
riotarchive,empty_page,,,,,,,,,"If you have  Telegram , you can contact  @riotarchive  right away.",200,2026-10-06T14:05:06+00:00
riseupmassachusetts,empty_page,,,,,,,,,"If you have  Telegram , you can contact  @riseupmassachusetts  right away.",200,2026-10-06T14:05:08+00:00
ritual_murder1,alive,channel_no_preview,Jewish Ritual Murder Abortion Satanism Pizzagate,1285,,,,,joinchat randomanonch1 randomanonchannel_bot randommeetingpoint,Exposing the historical and current  faces of jewish child sacrifice and it's relation with satanism.  Old: t.me/joinchat/TdzFsl-UCnVIKTZP  Main channel: t.me/randomanonch1 Regroup channel: t.me/randommeetingpoint Admin bot: t.me/randomanonchannel_bot,200,2026-10-06T14:05:10+00:00
RivingtonsGazette,alive,channel,Rivington’s Gazette,184,,2025-09-15T12:17:04+00:00,0,0,,Culper Support,200,2026-10-06T14:05:12+00:00
RivrTStoptheMadness,empty_page,,,,,,,,,"If you have  Telegram , you can contact  @RivrTStoptheMadness  right away.",200,2026-10-06T14:05:15+00:00
RJZoom,alive,channel_no_preview,RJZoomer,1,,,,,,,200,2026-10-06T14:05:17+00:00
RobbyStarbuck,alive,channel,RobbyStarbuck,1410,,2023-03-20T14:48:56+00:00,0,0,,www.Starbuck2022.com  — Help Elect Robby To Congress By Donating Today!,200,2026-10-06T14:05:19+00:00
robonewsnetwork,empty_page,,,,,,,,,"If you have  Telegram , you can contact  @robonewsnetwork  right away.",200,2026-10-06T14:05:22+00:00
RobTheAntiNarrative,alive,channel,Rob The Anti-Narrative,155,,2022-11-27T21:14:06+00:00,0,0,,"Videos,  Articles, Memes. Enjoy!!!",200,2026-10-06T14:05:24+00:00
rockymountain_intel,alive,channel,Rocky Mountain News & Discussion,837,,2026-10-06T10:28:28+00:00,20,20,eastcoast_intel midwest_intel southern_intel westcoast_intel,Welcome to Rocky Mountain Regional - Intel drops for the people  Regional Partner Channels  @westcoast_intel    @midwest_intel   @eastcoast_intel   @southern_intel,200,2026-10-06T14:05:26+00:00
rockynews,alive,channel,Rocky News,6560,,2025-03-25T18:43:15+00:00,0,0,,Gut Punching News,200,2026-10-06T14:05:29+00:00
RogerStoneJr,alive,channel,Roger Stone,9880,,2026-10-06T12:29:55+00:00,20,20,,"Official Telegram of Roger Stone -  https://StoneZONE.com    Political Icon, NY Times Best Selling Author, and Trump-loyalist. The StoneZONE  https://Rumble.com/RogerStone  Mon-Fri 5 PM ET &  http://WABCRadio.com  Sundays 4 PM ET.",200,2026-10-06T14:05:32+00:00
RoguePatriots,alive,channel,J Patriot.,821,,2026-10-02T23:40:59+00:00,6,19,,Let’s go!,200,2026-10-06T14:05:34+00:00
romanadidulo,empty_page,,,,,,,,,"If you have  Telegram , you can contact  @romanadidulo  right away.",200,2026-10-06T14:05:36+00:00
rottensmadhouse,empty_page,,,,,,,,,"If you have  Telegram , you can contact  @rottensmadhouse  right away.",200,2026-10-06T14:05:39+00:00
RPGTVU,empty_page,,,,,,,,,"If you have  Telegram , you can contact  @RPGTVU  right away.",200,2026-10-06T14:05:41+00:00
rsbnetwork,alive,channel,Right Side Broadcasting Network (RSBN),102000,,2026-04-16T23:55:45+00:00,0,0,,🔴   #1 source for LIVE event coverage   📺   2M+ subs across YT and Rumble   🎥   We show the CROWDS  Subscribe   👇🏼    https://youtube.com/@RSBN   https://rumble.com/c/RSBN   News   🗞️     https://www.rsbnetwork.com/,200,2026-10-06T14:05:43+00:00
RSBNetwork_mv,alive,channel,RSBN Updates & Extras,3300,,2024-11-18T10:39:49+00:00,0,0,RSBNChat RSBNetwork moderator_daisy_bot,This RSBN channel is an unofficial fan page and broadcasts Tweets and youtube videos from the official RSBN. Join  @RSBNetwork !!   The unofficial chat  @RSBNChat  is powered by  @moderator_daisy_bot,200,2026-10-06T14:05:46+00:00
RubberDuckFreedomForum,alive,channel_no_preview,The Rubber Duck™️,166,,,,,,"I may be wrong, but I'm not lying.",200,2026-10-06T14:05:48+00:00
Rubidon,alive,user_or_bot,Дмитрий RubidoN,,,,,,,,200,2026-10-06T14:05:51+00:00
RudysFreedomNetwork,alive,channel,Rudy’s Freedom Network,1570,,2025-06-28T08:39:28+00:00,0,0,,www.RudysCommonSense.com  Join the  #SaveAmericaMovement  (SAM),200,2026-10-06T14:05:53+00:00
ruldophwest17,alive,channel,西行小宝,15400,,2026-10-06T00:32:46+00:00,19,19,,本群是保守主义挺上帝挺美国挺川挺Q群。本群新闻及群友讨论内容归西行小宝频道所有。未经授权进行系统性转发，本频道保持追究法律责任的权利。,200,2026-10-06T14:05:55+00:00
Russ_Ayers,alive,channel,Russ Ayers channel,170,,2026-08-17T18:51:17+00:00,0,0,,"Q related news and information, links to Anon news sources, and new news media links etc...Follow me on TRUTH  ➡️                                              https://truthsocial.com/@RussAyers  Or Follow me on Twitter  https://twitter.com/RussAyers17?t=jLvfdNZZ",200,2026-10-06T14:05:58+00:00
russelljaygould,alive,channel,: Russell-Jay: Gould's-CHANNEL.,12100,,2026-10-05T22:57:47+00:00,5,20,,FOR THE MESSAGE-SHARE OF THE NOW-SPACE-NEWS AND POSTMASTER-GENERAL: Russell-Jay: Gould-SOLUTIONS IS WITH THIS CHANNEL'S-GOAL BY THE POSTMASTER-GENERAL'S-MEDIA-TEAM'S-PERFORMANCE.  FortheClaimoftheLife.com  :  LastFlagStanding.com .,200,2026-10-06T14:06:00+00:00
Russian_Insider,alive,channel,Russia Insider,41,,2024-02-02T14:00:44+00:00,0,0,,Fake news fighters,200,2026-10-06T14:06:03+00:00
russiaworldlinks,empty_page,,,,,,,,,"If you have  Telegram , you can contact  @russiaworldlinks  right away.",200,2026-10-06T14:06:05+00:00
RWBBQS,empty_page,,,,,,,,,"If you have  Telegram , you can contact  @RWBBQS  right away.",200,2026-10-06T14:06:07+00:00
RyanAFournier,alive,channel,Ryan Fournier,20200,,2025-06-18T16:49:48+00:00,0,0,,The official broadcast channel for exclusive content from Ryan Fournier - Founder of Students for Trump / Political Commentator.,200,2026-10-06T14:06:09+00:00
ryanmacpherson,empty_page,,,,,,,,,"If you have  Telegram , you can contact  @ryanmacpherson  right away.",200,2026-10-06T14:06:12+00:00
sacproudboy,alive,channel_no_preview,https://t.me/sacproudboys1,164,,,,,,www.sacproudboys.com,200,2026-10-06T14:06:14+00:00
saddlebags_club,alive,channel,Saddlebags,33,,2026-05-04T13:03:39+00:00,0,0,,Saddlebags.club  official Group,200,2026-10-06T14:06:16+00:00
saltycrackernews,alive,channel,Salty Cracker News  🧂,5360,,2026-10-06T00:47:23+00:00,20,20,,Salty Cracker's posts from around the interzones & posts from frenly places.  (owned & operated by Salty's Mods),200,2026-10-06T14:06:19+00:00
SaltySnickerpie,alive,channel,Red Pilling The Masses,267,,2023-09-23T00:12:15+00:00,0,0,,,200,2026-10-06T14:06:21+00:00
SamAdamZTN,alive,channel,Sam Adamz,90,,2025-07-24T03:33:40+00:00,0,0,,"""I Am The Remnant of Warriors & Patriots - Who Are You?""  Founding Father - Second Sons of Liberty  #2SOL     🇺🇸     🇺🇸     🇺🇸",200,2026-10-06T14:06:24+00:00
SAMajorities4Trump,alive,channel,SAMajorities4Trump,1280,,2026-10-06T13:32:10+00:00,8,20,,,200,2026-10-06T14:06:26+00:00
samanthamorlote,alive,channel,Samantha Morlote,8160,,2023-11-28T19:06:01+00:00,0,0,,samanthamorlote.com,200,2026-10-06T14:06:29+00:00
SamParkerSenate,alive,channel,SamParkerSenate,2120,,2026-09-11T04:19:05+00:00,0,1,,Former US Senate Candidate in Utah. I ran against Mitt Romney in 2018.  Backups & donations:  https://cointr.ee/samparkersenate,200,2026-10-06T14:06:31+00:00
sandmanproject,alive,channel,THE SANDMAN PROJECT,180,,2026-03-18T23:54:44+00:00,0,0,,THE SANDMAN PROJECT,200,2026-10-06T14:06:33+00:00
sandniggerhate,empty_page,,,,,,,,,"If you have  Telegram , you can contact  @sandniggerhate  right away.",200,2026-10-06T14:06:36+00:00
santasurfing,alive,channel,SantaSurfing,123000,,2026-09-30T15:01:27+00:00,1,12,,Podcaster. Unique way of reporting the News.  Sammy  is our Buddy! Opinions only - Not any kind of advice!  VIDEOS:  https://www.youtube.com/@SantaSurfingBeachBroadcast   WEBSITE:  www.BeachBroadcastNews.com,200,2026-10-06T14:06:38+00:00
Sardonischer,empty_page,,,,,,,,,"If you have  Telegram , you can contact  @Sardonischer  right away.",200,2026-10-06T14:06:41+00:00
saschagerecht,alive,channel,Sascha Gerecht,8600,,2026-10-06T04:31:15+00:00,7,20,,,200,2026-10-06T14:06:43+00:00
saveAssange,alive,channel,#Wikileaks,226,,2026-09-18T04:30:54+00:00,0,1,WikiLeaksTwitterbot ifttt,"This channel was created to collect posts from Twitter, linking to news about Julian Assange - once powered by  nitter.net   @ifttt . additional info:  @WikiLeaksTwitterbot",200,2026-10-06T14:06:45+00:00
savechildrennow,alive,channel_no_preview,Human Trafficking + Elite Pedos Exposed,13647,,,,,,"Details on infamous #pizzagate along with other important information exposing high level pedophiles, as well as Isaac Kappy archives",200,2026-10-06T14:06:48+00:00
scifiworld0,alive,channel_no_preview,SciFi World,16882,,,,,,Discussion of movements of Planet Earth into SciFi World,200,2026-10-06T14:06:50+00:00
scottbrunswick,alive,channel,Watchman on the Wall,3100,,2023-09-26T11:19:41+00:00,0,0,,Here you can find the latest intel and important information as to what is happening in our great country and our world.   NCSWC. we are in this together.,200,2026-10-06T14:06:53+00:00
ScottMcKay,alive,channel,Scott McKay | Patriot Streetfighter,23600,,2026-10-06T00:04:39+00:00,7,20,,Patriot StreetFighter.  Backup channel of Scott McKay. reks,200,2026-10-06T14:06:55+00:00
ScrewBigGov,alive,channel,ScrewBigGov.com - Lewis Herms,18500,,2026-10-04T15:02:16+00:00,6,17,,"It only takes 1 in 1,000 to make a difference... Be the ONE to help eliminate the Globalist Agenda. I Lewis Herms pledge to do my best to get the truth out without Hopium or Fear Porn. God Bless Us All.",200,2026-10-06T14:06:57+00:00
SeanWilsonUKNews,alive,channel_no_preview,Sean Wilson UK,73,,,,,,"Official Telegram Channel for 18 year old Patriotic British Nationalist, Sean Wilson.  Subscribe To My YouTube Channel!: https://www.youtube.com/channel/UCCEQmG3ge3xorSLNhfxNL_A  Follow Me On Twitter: https://www.twitter.com/SeanDailyTweets/",200,2026-10-06T14:07:00+00:00
SeaOfMudApparel,alive,channel,SeaOfMud,22,,2024-01-27T19:03:02+00:00,0,0,,http://linktr.ee/seaofmud,200,2026-10-06T14:07:02+00:00
seattleproudboys,alive,channel,Seattle Proud Boys,627,,2026-05-27T16:32:01+00:00,0,0,,The West is the Best.   Join the Seattle Chapter Proud Boys TODAY!  Uhuru   👌🏼    🇺🇸    Email: SeattleProudBoys@protonmail.com,200,2026-10-06T14:07:04+00:00
seccomms,alive,channel,SECURE COMMS,6520,,2025-10-03T17:30:11+00:00,0,0,,"BEWARE: WE NEVER MESSAGE PRIVATELY - and such messages are fakes and scams.  To contribute to my work, please visit here:  https://www.givesendgo.com/djnicke",200,2026-10-06T14:07:07+00:00
secoastaldefence,alive,channel,SE Coastal Defence,163,,2025-07-10T08:53:14+00:00,0,0,,Raising awareness about the illegals hitting the SE Kent coast,200,2026-10-06T14:07:09+00:00
SecretPapers,alive,channel,Secret Papers,125,,2022-01-24T15:01:20+00:00,0,0,,Independent investigative journalism community which supports whistle-blowers and freedom of speech. We reveal corruption and international crimes. Our reports are based on documents from official and/or unofficial sources.,200,2026-10-06T14:07:12+00:00
SecretSauceDocs,empty_page,,,,,,,,,"If you have  Telegram , you can contact  @SecretSauceDocs  right away.",200,2026-10-06T14:07:14+00:00
SeditionistMaterials,alive,group,Minnesota geese Community,,86,,,,,This is a public supergroup,200,2026-10-06T14:07:16+00:00
seektruth1,alive,channel,seektruth,91,,2024-03-16T18:07:06+00:00,0,0,,,200,2026-10-06T14:07:19+00:00
SeniorChaplain,alive,channel,Jim - Chaplain,541,,2026-10-06T13:52:46+00:00,17,20,,"Addiction, Prison and Men's Ministries Bond Servant of Jesus Christ",200,2026-10-06T14:07:21+00:00
sephbee,alive,channel,Q Alliance,194,,2025-10-21T21:56:31+00:00,0,0,,RealSephB,200,2026-10-06T14:07:23+00:00
SerFerranteMemes,alive,channel,"Ser Ferrante,'s Meme Library",69,,2025-01-23T21:50:19+00:00,0,0,,Meme Hub,200,2026-10-06T14:07:26+00:00
SergeantRobertHorton,alive,channel,Sergeant Robert Horton,314,,2026-03-31T20:46:40+00:00,0,0,,Freedom of Speech is Essential to Human Right,200,2026-10-06T14:07:28+00:00
SETexasProudBoys,empty_page,,,,,,,,,"If you have  Telegram , you can contact  @SETexasProudBoys  right away.",200,2026-10-06T14:07:31+00:00
Seventeen767777,alive,channel_no_preview,Trump Vs Illuminati,1968,,,,,Seventeen76777CHAT,📽️🤡👸🤡🟩  🌲👸🌲 MARY IS PLAYING EVERYONE ✅  MILITARY IN CONTROL ✅  IF YOU KNOW YOU KNOW ✅  📽️🦁👸🦁🟩  🍊ORANGE MAN DEEPFAKED🍊  https://www.snapchat.com/add/mickem  https://twitter.com/SEVENTEEN76777?t=s  CHAT 👍 t.me/Seventeen76777CHAT ✅,200,2026-10-06T14:07:33+00:00
seventeenseventysixpointtwo,alive,channel_no_preview,1776.2,1036,,,,,,A place for Intel and Freedom.,200,2026-10-06T14:07:35+00:00
seventeenthbattalion,alive,channel_no_preview,Digital Army 17 (God Wins!),771,,,,,,"Digital Army 17: Open forum for Truthers, Patriots, Freedom Fighters,  Digital Soldiers, Critical Thinkers and Awakened Souls.  Welcome!  This Channel belongs to all.  God Bless! 💫🔥❤🙏❤🔥💫",200,2026-10-06T14:07:37+00:00
sgmeme,alive,channel_no_preview,Syria (is over) Maymay Base 🛢 Endtimes EDITION,3118,,,,,bantchan happeningwatch ragchat,/sg/public chat:  @ragchat  /bant/ chat:  @bantchan  News:  @happeningwatch  4chan: http://orph.link/sg Map: http://globaleventmap.org,200,2026-10-06T14:07:40+00:00
SGTnewsNetwork,alive,channel,Sergeant News Network   🇺🇸,111000,,2026-10-06T13:50:09+00:00,19,19,MattHorton,For inquiries or submissions please reach out to the administrator   👉    @MattHorton    https://x.com/SGTnewsNetwork     🇺🇸  Go Beyond the News and See the TRUTH Closer Freedom of Speech is Essential to Human Right  Find us on social media:   👇    👇    linktr.ee/SGTnews,200,2026-10-06T14:07:42+00:00
shadowman2020,alive,channel,THE SHADOW MAN !   ✌️    ✌️    👌    👌    🇬🇧    🇺🇸    🏴     🏴     🇦🇺    🇨🇦,5990,,2026-10-06T12:23:35+00:00,20,20,,WE ARE ALLWAYS WATCHING ! WE ARE IN YOUR DREAMS AND YOUR NIGHTMARES ! WE ARE PATRIOTS OF THE SHADOWS !!JOIN US !,200,2026-10-06T14:07:44+00:00
shadowman_311,alive,channel_no_preview,Shadowman311's Schizophrenic Ramblings,1904,,,,,,"LAPD Detective, Boomer Obliterator, Pureblood, Brutal American, As Seen on the ADL",200,2026-10-06T14:07:47+00:00
ShawnQ4u,empty_page,,,,,,,,,"If you have  Telegram , you can contact  @ShawnQ4u  right away.",200,2026-10-06T14:07:49+00:00
sheeplebin,alive,channel_no_preview,SHEEPLE BIN,161,,,,,Covidbin,This is an extension of  @Covidbin . Sharing archived content that needs to be shared. Content that's uploaded here remains unbaised and no promotion with the exception of free content.,200,2026-10-06T14:07:51+00:00
SheeQ17,empty_page,,,,,,,,,"If you have  Telegram , you can contact  @SheeQ17  right away.",200,2026-10-06T14:07:54+00:00
sheeq1776,alive,channel,sheeq1776,4,,2026-05-31T18:57:30+00:00,0,0,,,200,2026-10-06T14:07:56+00:00
ShellShQck,alive,channel,SHELLSHQCK,11200,,2024-07-23T05:58:41+00:00,0,0,,Here to help Semper Fi,200,2026-10-06T14:07:58+00:00
sherigirlspatriotupdates,empty_page,,,,,,,,,"If you have  Telegram , you can contact  @sherigirlspatriotupdates  right away.",200,2026-10-06T14:08:01+00:00
SheriLibertyAndFriends,alive,channel,Friends of Liberty,71,,2026-07-10T03:00:04+00:00,0,0,,"Find the truth, meet with friends have discussions!  All Patriots Are Welcome!",200,2026-10-06T14:08:03+00:00
shewokeup,alive,user_or_bot,getpaidsoon,,,,,,,,200,2026-10-06T14:08:05+00:00
shieldmaiden17_Q,alive,channel,ShieldMaiden17 Q,839,,2026-09-21T01:57:35+00:00,0,1,,Have courage. Be kind.  Speak out. Stand up. Walk boldly.  Live irrepressibly.   ✨    💃🏻    🎙    🔥    🇺🇸   Psalm 86:11,200,2026-10-06T14:08:08+00:00
shinesfresh,empty_page,,,,,,,,,"If you have  Telegram , you can contact  @shinesfresh  right away.",200,2026-10-06T14:08:10+00:00
ShroodAwakening,alive,channel,Trump2024,1400,,2022-03-26T00:45:09+00:00,0,0,ShroodAwakening_Chat,"Awakening news, trending stories, funny memes & everything else the mainstream media won't report on... like the truth!   Join Our Discussion Channel  https://t.me/ShroodAwakening_Chat",200,2026-10-06T14:08:12+00:00
SicillianGorillian,empty_page,,,,,,,,,"If you have  Telegram , you can contact  @SicillianGorillian  right away.",200,2026-10-06T14:08:15+00:00
sidestreammedia,alive,channel,Sidestream Media,15,,2022-11-16T23:18:02+00:00,0,0,joinchat sidestreammedia,Media for the Redpilled.   Sidestream Media  https://t.me/sidestreammedia   Join the chat:  https://t.me/joinchat/VbrWPinDm8BvQZ5T,200,2026-10-06T14:08:17+00:00
SidneyPowell,alive,channel,⚡️     🇺🇸   Sidney Powell   🇺🇸     🗽,125000,,2026-07-08T13:50:48+00:00,0,0,GenFlynn,Official channel of Sidney Powell - Attorney/ Author of LICENSED TO LIE: Exposing Corruption in the Department of Justice/ Made history to free   @GenFlynn    #Truth     🇺🇸     DefendingTheRepublic.org    🇺🇸     DefendingTheRepublicPAC.com    🇺🇸     SidneyPowell.com,200,2026-10-06T14:08:19+00:00
sight2020,empty_page,,,,,,,,,"If you have  Telegram , you can contact  @sight2020  right away.",200,2026-10-06T14:08:22+00:00
SilentAsThunderQ,alive,channel,The Underground Patriot,297,,2025-07-09T21:18:27+00:00,0,0,,"Releasing crucial Info, news, memes, & important crumbs to remember in 17’s drops. It’s time to revolt against tyranny.",200,2026-10-06T14:08:24+00:00
SilentNo_More,alive,channel,📢   Silent No More   🇺🇸   PUBLIC Channel,153,,2026-10-04T14:53:10+00:00,6,20,Gia_Q,"Fearless truth-speakers that refuse to stand down or give to Caesar what belongs to God. We live life fully as Jesus came to give us. John 10:10   bit.ly/PatriotMap  DM me  @Gia_Q  with any comments, questions or suggestions.",200,2026-10-06T14:08:27+00:00
SJCPatriotLuncheons,empty_page,,,,,,,,,"If you have  Telegram , you can contact  @SJCPatriotLuncheons  right away.",200,2026-10-06T14:08:29+00:00
slenderchan,alive,channel,Slendie's 8 Pages   📜,22,,2022-10-15T16:33:42+00:00,0,0,,,200,2026-10-06T14:08:31+00:00
Smiley369,alive,channel,"OUR ROARING LION OF JUDAH, MAN AFTER GOD'S OWN HEART, PRESIDENT TRUMP   🍊",567,,2026-09-07T06:23:03+00:00,0,1,,Gail Louise Michael,200,2026-10-06T14:08:34+00:00
SNAFUradio,empty_page,,,,,,,,,"If you have  Telegram , you can contact  @SNAFUradio  right away.",200,2026-10-06T14:08:36+00:00
SNLSnetwork,empty_page,,,,,,,,,"If you have  Telegram , you can contact  @SNLSnetwork  right away.",200,2026-10-06T14:08:39+00:00
SocialGorillaHub,alive,channel,Social Gorilla,318,,2021-04-05T17:55:15+00:00,0,0,,,200,2026-10-06T14:08:41+00:00
sohusatoday,alive,channel,今日美國國際局勢,692,,2023-10-21T09:54:08+00:00,0,0,sohusatoday,希望之声—今日美國。第一時間报道美國的最新动态。疫情、大选、中美關係等等。欢迎立刻訂阅： 訂阅链接  https://t.me/sohusatoday   Safechat： https://safechat.com/channel/2786264074679267625,200,2026-10-06T14:08:43+00:00
SokratesXVII,alive,channel,Sokrates XVII,4780,,2023-09-18T11:14:11+00:00,0,0,,Sokrates_17 from Twitter  The first philosopher in the history of the world to integrate memes with the ancient and mysterious art of spreading wisdom.  W W G 1 W G A,200,2026-10-06T14:08:46+00:00
somebitchiknow,alive,channel,SomeBitchIKnow,12100,,2026-02-25T01:48:04+00:00,0,0,,Index:  bigdigenergy.info,200,2026-10-06T14:08:48+00:00
SonnyThomasShow,alive,channel_no_preview,🔥The Sonny Thomas Show™🔥🎙️,15,,,,,,"Telegram link to the Sonny Thomas Show - www.SonnyThomas.org 7p ET Thor's Day Nights On: Gab, GETTR, Twitter, Truth, WimKin,",200,2026-10-06T14:08:50+00:00
SOSAmerica,alive,channel,SOS   🆘,319,,2024-03-05T00:34:37+00:00,0,0,,National   🆘   Broadcast,200,2026-10-06T14:08:53+00:00
sotten,alive,channel,SOTT English,554,,2026-10-05T21:15:05+00:00,20,20,,Sott.net  Official Telegram Channel,200,2026-10-06T14:08:55+00:00
SouthAfricanForeignCorp,alive,channel,South African Foreign Corps,635,,2026-01-13T07:17:03+00:00,0,0,,Forging a future for South Africa  together with brother's of the world. News and information on whites in South Africa.,200,2026-10-06T14:08:58+00:00
SouthAfricaReports,alive,channel,South Africa Reports,15900,,2026-10-06T09:19:39+00:00,7,12,ChannelCollection,● Detailing attacks on whites in South Africa. ● Historical context posts. ● Squatter camp updates. ● Demographic info. ● Land Expropriation updates & more.  Part of  @ChannelCollection,200,2026-10-06T14:09:00+00:00
southern_intel,alive,channel,Southern News & Discussion,1300,,2026-10-06T10:28:28+00:00,20,20,eastcoast_intel midwest_intel rockymountain_intel westcoast_intel,Southern Regional - Intel drops for the people  PARTNER REGIONAL CHANNELS  @westcoast_intel    @rockymountain_intel   @midwest_intel   @eastcoast_intel,200,2026-10-06T14:09:03+00:00
SouthernDigestChannel,alive,channel,Southern Digest,182,,2025-01-26T20:51:20+00:00,0,0,,"News, information, stories and humor of enduring value, condensed for easy digestion.",200,2026-10-06T14:09:05+00:00
southernstars,alive,channel,Southern Stars,1160,,2022-12-04T05:08:38+00:00,0,0,,Sharing information on current event’s.,200,2026-10-06T14:09:08+00:00
SOVEREIGNCOLLECTIVE,alive,channel,🆃🅲🅽 𝐆𝐄𝐎𝐑𝐆𝐄 𝐀𝐫𝐜𝐡𝐢𝐯𝐞𝐝,1780,,2024-07-01T22:59:23+00:00,0,0,,This channel Collects and Archives the chats from GEORGEnews Livestreams. They are all neatly organized into a post towards the top of the channel. Feel free to come express your opinions or just hangout. ₁₇⌁Q̟⌁¹⁷⦓ŞØV€Ř€ƗǤŇ⦔¹⁷⌁Q̟⌁₁₇,200,2026-10-06T14:09:10+00:00
SOVEREIGNCOLLECTIVE2,empty_page,,,,,,,,,"If you have  Telegram , you can contact  @SOVEREIGNCOLLECTIVE2  right away.",200,2026-10-06T14:09:13+00:00
SovereignFarmsteader,empty_page,,,,,,,,,"If you have  Telegram , you can contact  @SovereignFarmsteader  right away.",200,2026-10-06T14:09:15+00:00
spacecouch,alive,channel,SpaceCouch,12,,2023-03-12T20:40:39+00:00,0,0,,"Welcome to my codex.  Im a medicine man Apolitically breaking down western civilizations programming in laymans terms=Astrotheological roots and contexts of religion and society programming. well aware deception fills the air 360•degrees, tpocalypse etc.",200,2026-10-06T14:09:17+00:00
SpaceForceGalacticFederation,alive,channel,Intergalactic SpaceForce - Galactic Federation –Special Command,57000,,2026-10-04T23:16:44+00:00,20,20,,History of the Extraterrestrial Agenda & the Coming Global Revolution  https://rumble.com/v2lpylq-history-of-the-extraterrestrial-agenda-and-the-coming-global-revolution.html,200,2026-10-06T14:09:20+00:00
SpaceNigger,alive,channel_no_preview,🚀 Space Nigger,2,,,,,,🛸 NOT ELON MUSK 🛰,200,2026-10-06T14:09:22+00:00
SPEAKPROJECT,empty_page,,,,,,,,,"If you have  Telegram , you can contact  @SPEAKPROJECT  right away.",200,2026-10-06T14:09:25+00:00
SpeakTruthWithoutFear,alive,channel,Jordan Sarmo,664,,2023-10-10T10:13:49+00:00,0,0,,www.JordanSarmo.com   www.speaktruthwithoutfear.com,200,2026-10-06T14:09:27+00:00
SpecialQForces,alive,channel_no_preview,SpecialQForces,37698,,,,,,WARNING - WE SHOW THE TRUTH. THE TRUTH IS HARDCORE BUT ONLY THE TRUTH CAN SET YOU FREE  MISSION: WAKE UP THE PEOPLE BY SHARING TRUTHBOMBS  ⚡️Email: SpecialQForces@proton.me  join us on RUMBLE https://rumble.com/c/QspecialForces,200,2026-10-06T14:09:30+00:00
SpecOperator17,alive,channel,SpecOperator17,16300,,2022-03-13T19:59:04+00:00,0,0,,ZERO,200,2026-10-06T14:09:32+00:00
spequlo,alive,channel,Spequlo Podcast,768,,2023-08-18T13:06:25+00:00,0,0,,Looking forward for the Quality future.   ⭐️     ⭐️     ⭐️   TS-  https://truthsocial.com/@Spequlo,200,2026-10-06T14:09:34+00:00
SpiffForceLive,empty_page,,,,,,,,,"If you have  Telegram , you can contact  @SpiffForceLive  right away.",200,2026-10-06T14:09:37+00:00
spoonguard1,alive,channel_no_preview,Goygirl,1117,,,,,DanceoftheLittleSwans GoyGirl_bot,Contact me  http://t.me/GoyGirl_bot  Other  channels  https://t.me/DanceoftheLittleSwans  Discussion  Freeland https://gab.com/BoycottArmy Remember VPN   Bitchute https://www.bitchute.com/channel/SNcNQsc1EOJr/,200,2026-10-06T14:09:39+00:00
spornts,alive,channel,🏄‍♂  Surf Dad Intel - OHSHIT  🏄‍♂,4130,,2026-10-06T13:20:57+00:00,20,20,,"Spornts are dead, only waves now.",200,2026-10-06T14:09:41+00:00
spydernetlive,alive,channel_no_preview,SPYDER NET (https://spydernet.live),20,,,,,,SpyderNET LIVE - Live and Pre-Recorded Truth Streams Daily (Powered by MentalWakeup.com),200,2026-10-06T14:09:44+00:00
SpyGateDown,alive,channel,SpyGate Down   🇺🇸     🇷🇺     🇮🇱     🇧🇷     🇫🇷,8200,,2026-10-06T13:24:10+00:00,20,20,,We're gonna need more rope. もっとロープが必要になります。 Wir brauchen noch mehr Seil.,200,2026-10-06T14:09:46+00:00
squadsquadsquad5w,alive,channel_no_preview,Pie n Mash Squad,705,,,,,,Right wing image and news sharing channel. Do not shoot the messenger. Aiming to bring you a wide range of different news sources 5w 14w,200,2026-10-06T14:09:48+00:00
SSG_Cue,alive,user_or_bot,The Parasite Guy,,,,,,,,200,2026-10-06T14:09:51+00:00
SSG_PAIN,empty_page,,,,,,,,,"If you have  Telegram , you can contact  @SSG_PAIN  right away.",200,2026-10-06T14:09:53+00:00
stalkerzoneTG,alive,channel_no_preview,Stalker Zone,779,,,,,,Official Telegram channel of stalkerzone.org,200,2026-10-06T14:09:55+00:00
standbysurvivors,alive,channel,Stand By Survivors (SXS),2210,,2026-10-05T21:14:56+00:00,14,20,,🗝   Dismantling The Matrix by exposing sex trafficking and corruption of every kind…  “The Imagination Podcast”  https://youtube.com/c/theimaginationpodcastofficial   “Save Our Children Podcast”  https://youtube.com/channel/UCgEc81TRw9bz7RAyI4o25xw,200,2026-10-06T14:09:57+00:00
standforhealthfreedom,alive,channel,STAND FOR HEALTH FREEDOM,4210,,2026-09-25T22:25:36+00:00,0,8,,Taking America from Aware to Activated,200,2026-10-06T14:10:00+00:00
starseedsunited,alive,channel,Patriots United For Freedom,6,,2025-07-10T19:52:36+00:00,0,0,,A group for patriots to unite to fight for truth & freedom.,200,2026-10-06T14:10:02+00:00
starshiptruther,alive,channel_no_preview,Starship Truther,1280,,,,,,We are here to question the official story.,200,2026-10-06T14:10:05+00:00
SteelTruthChannel,empty_page,,,,,,,,,"If you have  Telegram , you can contact  @SteelTruthChannel  right away.",200,2026-10-06T14:10:07+00:00
steve_bannon,empty_page,,,,,,,,,"If you have  Telegram , you can contact  @steve_bannon  right away.",200,2026-10-06T14:10:09+00:00
Steve_Cortes,alive,channel,Steve Cortes,4160,,2023-06-25T08:03:13+00:00,0,0,NewsmaxTV,@NewsmaxTV  9pm ET host. Happy warrior. Voice of the Deplorables. Hispanic. Born for a storm.   —————————————————————   Unofficial,200,2026-10-06T14:10:11+00:00
stevel_tt,alive,channel,Steve L-TT’s Thoughts,71,,2025-07-26T01:54:14+00:00,0,0,,Where my videos end up cause well cancel culture!,200,2026-10-06T14:10:14+00:00
SteveLaws19,alive,channel,Steve Laws,4920,,2026-09-16T11:02:34+00:00,0,1,,Stevelawsreport.co.uk,200,2026-10-06T14:10:16+00:00
StevenCrowder,alive,channel,Steven Crowder Fans,50100,,2025-12-09T00:17:35+00:00,0,0,,Fan channel dedicated to Steven Crowder!!!  Watch on Rumble:  https://rumble.com/c/stevencrowder    Not associated with or managed by Steven,200,2026-10-06T14:10:19+00:00
stevenfranssen,alive,channel,Franssen,5520,,2026-10-06T14:00:53+00:00,20,20,,Living in the heart of the dream.  Work with me:  stevenfranssen.com/coaching   Join my community:  franssen.locals.com,200,2026-10-06T14:10:21+00:00
stewpeters,alive,channel,Stew Peters   ✝️    🇺🇸,135000,,2026-10-05T03:46:41+00:00,14,20,ZeroSpamTelegram,"The People’s Bullhorn - Serving God, Seeking Truth, Exposing Corruption, Asking REAL Questions, Demanding ACCOUNTABILITY.                  Powered by:  @ZeroSpamTelegram",200,2026-10-06T14:10:24+00:00
stillnessinthestorm,alive,channel,stillnessinthestorm,4,,2026-02-28T21:34:25+00:00,0,0,,,200,2026-10-06T14:10:26+00:00
STIPPLE78,empty_page,,,,,,,,,"If you have  Telegram , you can contact  @STIPPLE78  right away.",200,2026-10-06T14:10:28+00:00
StopandThinkNews,alive,channel,📰   the Joe Alexander Show,843,,2025-10-28T19:02:18+00:00,0,0,,Your one stop channel for news and information from all over Telegram and elsewhere.  Home of the Joe Alexander Show,200,2026-10-06T14:10:31+00:00
StopMediaBiasNw,alive,channel,StopMediaBiasNow,95,,2025-12-31T23:40:52+00:00,0,0,,"Join  StopMediaBiasNow.com  and fight the corrupt and biased media... Easy, fast, and effective.  #WWG1WGA",200,2026-10-06T14:10:33+00:00
StopSexTrafficking,alive,channel,Stop Sex Trafficking,5060,,2026-08-10T23:09:56+00:00,0,0,,Our mission is to expose and help eradicate modern-day slavery. Human trafficking inflicts untold suffering on all its victims.  It takes all of us coming together because this evil can’t be defeated alone.   #BeInTheWay   #YouAreNotForgotten,200,2026-10-06T14:10:36+00:00
stopthebias,alive,channel,Stop The Bias,59,,2025-09-06T10:35:20+00:00,0,0,,#stopthebias  is a Laura Loomer conceived movement.  #LauraLoomerforCongress,200,2026-10-06T14:10:38+00:00
stopthestea,empty_page,,,,,,,,,"If you have  Telegram , you can contact  @stopthestea  right away.",200,2026-10-06T14:10:40+00:00
StopWhiteSAGenocide,empty_page,,,,,,,,,"If you have  Telegram , you can contact  @StopWhiteSAGenocide  right away.",200,2026-10-06T14:10:43+00:00
StormIsUponUs_Channel,alive,channel,The Storm Has Arrived,3950,,2022-04-16T05:45:42+00:00,0,0,StormIsUponUs_Chat,Joe M. - The Storm Has Arrived  Join the Chat Here:  https://t.me/StormIsUponUs_Chat,200,2026-10-06T14:10:45+00:00
StormIsUponUsJM,alive,channel,Joe M Storm Is Upon Us,22900,,2026-10-05T18:50:10+00:00,16,16,DavidBrownUSA joinchat,"Backup channel  Q ""Plan To Save The World""  https://t.me/joinchat/EfVt8R5YFGz5BrcQ  - chat  Moderated by  @DavidBrownUSA",200,2026-10-06T14:10:47+00:00
StormWarningMom,alive,channel,Storm Warning Channel,183,,2023-02-11T11:44:23+00:00,0,0,,"Updates on happenings around the world, such as earthquakes, solar or cosmic happenings, storms, weather, etc.",200,2026-10-06T14:10:50+00:00
stormweatherchannel,alive,channel_no_preview,Storm Weather Info Channel 🇺🇸🇩🇪🇭🇺,158,,,,,joinchat,Everything about the current weather. Alles über das aktuelle Wetter. Minden az aktuális időjárásról.    Link: https://t.me/joinchat/AAAAAEENln-oSLNR6_uq_A,200,2026-10-06T14:10:52+00:00
stormypatriotjoe21,alive,channel,StormyPatriotJoe Channel,72900,,2026-10-06T13:55:20+00:00,18,18,stormypatriotjoe,Been on this ride since 10/28/17 Let’s do this!!!!! Can’t wait to celebrate with every one of you!!!!! God Bless   ⚡️    🇺🇸    😎   Gab  @stormypatriotjoe,200,2026-10-06T14:10:54+00:00
strategic_culture,alive,channel,Strategic Culture Foundation,13700,,2026-10-06T06:02:14+00:00,20,20,,"The Strategic Culture Foundation provides a platform for exclusive analysis, research and policy comment on Eurasian and global affairs.  Official Telegram channel   ✅",200,2026-10-06T14:10:57+00:00
straynews,alive,channel_no_preview,Opsec matters,965,,,,,,,200,2026-10-06T14:10:59+00:00
strikeforce2021,alive,channel,Strike Force Worldwide (Backup Edition),91,,2022-03-03T03:41:47+00:00,0,0,,,200,2026-10-06T14:11:02+00:00
Styxhexenhammer666Channel,alive,channel,Classic Liberal Channel,455,,2022-08-06T07:04:09+00:00,0,0,,I post things i like,200,2026-10-06T14:11:04+00:00
su4yr,alive,user_or_bot,العمدة|١٤٢٧ه‍,,,,,,,,200,2026-10-06T14:11:07+00:00
supercaramelo,empty_page,,,,,,,,,"If you have  Telegram , you can contact  @supercaramelo  right away.",200,2026-10-06T14:11:09+00:00
Surensohn,empty_page,,,,,,,,,"If you have  Telegram , you can contact  @Surensohn  right away.",200,2026-10-06T14:11:12+00:00
SURFERLOVE,alive,channel,#The Great Awakening,6,,2025-03-31T00:46:02+00:00,0,0,,#PATRIOTSTIME   #SAVETHECHILDREN   #WWGOWGA,200,2026-10-06T14:11:14+00:00
SusLightWorker777,empty_page,,,,,,,,,"If you have  Telegram , you can contact  @SusLightWorker777  right away.",200,2026-10-06T14:11:17+00:00
swallowthepill,empty_page,,,,,,,,,"If you have  Telegram , you can contact  @swallowthepill  right away.",200,2026-10-06T14:11:19+00:00
syriaalternativesnews,alive,channel,🇸🇾   Syria - Mena - News,277,,2025-03-09T17:06:48+00:00,0,0,,"Actualités concernant la Syrie, news en Français et Anglais. News about Syria, news in French and English.     ✅    https://vk.com/newsfromsyria",200,2026-10-06T14:11:21+00:00
syriageneral,alive,channel,/SG/ Syria General,499,,2026-05-03T23:05:27+00:00,0,0,,,200,2026-10-06T14:11:24+00:00
SyrianaAnalysis,alive,channel,Syriana Analysis,5450,,2026-10-05T14:45:04+00:00,4,14,,Official account of Syriana Analysis   www.youtube.com/c/syrianaanalysis,200,2026-10-06T14:11:26+00:00
syrianbaatheurope,alive,channel,Syrian Baath Europe,111,,2023-05-06T12:02:09+00:00,0,0,,Information and News about Syria and its people   🇸🇾     🇵🇸   For official contact to the Syrian Arab Socialist Ba'ath Party visit  baathparty.sy,200,2026-10-06T14:11:29+00:00
syriangirlpartisan,alive,channel,Syrian Girl,12100,,2026-07-11T03:06:52+00:00,0,0,,News you won’t find on the mainstream media.,200,2026-10-06T14:11:31+00:00
syrianrebels,empty_page,,,,,,,,,"If you have  Telegram , you can contact  @syrianrebels  right away.",200,2026-10-06T14:11:34+00:00
systemsecrets,alive,channel,systemsecrets,5,,2023-08-14T19:11:14+00:00,0,0,,,200,2026-10-06T14:11:36+00:00
t_21Wire,alive,channel,21st Century Wire,369,,2026-10-05T14:05:06+00:00,12,20,,News for Waking Generation (non official),200,2026-10-06T14:11:38+00:00
TacMediaNews,empty_page,,,,,,,,,"If you have  Telegram , you can contact  @TacMediaNews  right away.",200,2026-10-06T14:11:40+00:00
TakeTheOath,alive,channel,Take The Oath,7830,,2021-08-28T18:08:56+00:00,0,0,,Take the oath.  Mission forward.   #4510,200,2026-10-06T14:11:43+00:00
TamaraHaskin,alive,channel,Tamara Haskin,25,,2021-03-14T05:21:20+00:00,0,0,,Political & Geopolitical Intel,200,2026-10-06T14:11:45+00:00
tankversusfaggots,alive,channel,Barney Fife's Mayberry Report.  ⚡,27,,2022-02-28T00:53:16+00:00,0,0,,"Just another bullshit POLITICAL SATIRE, Weed, and some sports ball channel for you to follow then mute!",200,2026-10-06T14:11:47+00:00
TAPQLD,alive,channel,TAP QLD,17,,2022-02-27T23:39:44+00:00,0,0,,,200,2026-10-06T14:11:50+00:00
TariqRamadan,empty_page,,,,,,,,,"If you have  Telegram , you can contact  @TariqRamadan  right away.",200,2026-10-06T14:11:53+00:00
tavern_dice,alive,channel,Taverndice,3,,2021-11-07T15:25:12+00:00,0,0,taverndice,Looking to discuss what's going on with people who have the spirit of 1776!! Gab  @taverndice,200,2026-10-06T14:11:57+00:00
tcnewsnetwork,empty_page,,,,,,,,,"If you have  Telegram , you can contact  @tcnewsnetwork  right away.",200,2026-10-06T14:12:00+00:00
team1anons,empty_page,,,,,,,,,"If you have  Telegram , you can contact  @team1anons  right away.",200,2026-10-06T14:12:02+00:00
TeamCollective,alive,channel,Team Community,627,,2024-08-25T23:14:39+00:00,0,0,,Its about the collective and not the individual,200,2026-10-06T14:12:04+00:00
teaparty2,empty_page,,,,,,,,,"If you have  Telegram , you can contact  @teaparty2  right away.",200,2026-10-06T14:12:07+00:00
TedCruzTX,alive,channel,Ted Cruz,27900,,2026-10-05T23:46:59+00:00,20,20,,Fan channel of U.S. Senator from Texas and former Presidential candidate Ted Cruz   —   Not associated with or managed by Ted,200,2026-10-06T14:12:11+00:00
TekilaMokinBurd,empty_page,,,,,,,,,"If you have  Telegram , you can contact  @TekilaMokinBurd  right away.",200,2026-10-06T14:12:14+00:00
teknein2,alive,channel_no_preview,TEKNEIN,1010,,,,,,https://www.86dresden.com,200,2026-10-06T14:12:16+00:00
tennesseeneighborsforliberty,alive,channel,Tennessee Neighbors for Liberty,583,,2026-09-30T00:52:47+00:00,3,11,,"Grassroots group meeting in person, providing the tools to assist Patriots as we take our stand against Tyranny. We are uniting all conservative groups to speak as one voice to promote freedom and liberty across our nation.",200,2026-10-06T14:12:19+00:00
Teoanon17,alive,channel,TeoAnon17,2660,,2026-10-05T21:47:15+00:00,19,19,,GAB:  https://gab.com/TeoAnon17                          Rumble:  https://rumble.com/user/TeoAnon17          Twitter:  https://twitter.com/TeoAnon17                      Paypal:  https://www.paypal.com/paypalme/teopaypal1,200,2026-10-06T14:12:22+00:00
TerriDahl05,empty_page,,,,,,,,,"If you have  Telegram , you can contact  @TerriDahl05  right away.",200,2026-10-06T14:12:24+00:00
TexasConstitionalistsWilCo,alive,channel,Texas Constitutionalists,171,,2026-07-19T14:24:57+00:00,0,0,,Citizen journalists and auditors focused on learning about the power of the Texas County Commissioners Court and restoring integrity and confidence in our election system.,200,2026-10-06T14:12:26+00:00
texasnatmov,alive,channel,Texas Nationalist Movement,638,,2025-09-25T03:17:33+00:00,0,0,,The official Telegram channel for the TNM.  https://tnm.me,200,2026-10-06T14:12:29+00:00
texasristretto_news,alive,channel,The Right Wire,591,,2021-02-04T05:24:01+00:00,0,0,,"News, commentary and information focused on conservative views both in the USA and world.  https://www.reddit.com/r/TheRightWire/",200,2026-10-06T14:12:31+00:00
TEXIT2021,empty_page,,,,,,,,,"If you have  Telegram , you can contact  @TEXIT2021  right away.",200,2026-10-06T14:12:34+00:00
TFTPofficial,alive,channel,The Free Thought Project,9440,,2026-10-05T19:50:41+00:00,17,20,,Free Minds. Free People.  Welcome to the Free Thought Project     🔥   Fuel Our Work:  https://bit.ly/TFTPSub    👕   TFTP T-Shirts:  https://bit.ly/TFTPStore    🎙   TFTP Podcast:  https://bit.ly/TFTPPodcast    📥   TFTP Newsletter:  https://bit.ly/TFTPNews,200,2026-10-06T14:12:36+00:00
TGAGlobal1,empty_page,,,,,,,,,"If you have  Telegram , you can contact  @TGAGlobal1  right away.",200,2026-10-06T14:12:38+00:00
ThaDragonsDen,alive,channel,🐉  #PEDOHUNTER The Dragons Den #SAVETHECHILDREN,177,,2025-06-14T02:07:25+00:00,0,0,,Welcome - Info Channel about our  #PEDOHUNTER   #SAVETHECHILDREN   Join  #THEDRAGONSDEN    🐲    WEBSITE :  www.thadragonsden.com,200,2026-10-06T14:12:41+00:00
the_chosen_channel,alive,channel,The Chosen Channel,64,,2018-02-02T13:53:30+00:00,0,0,jewsplaining,"Basically just a channel consisting of memes, and occasionally random cool shit, to do with Jews and Israel.  Please note these memes are JOKES and do not represent my (or anyone else's) opinions.  Join  @jewsplaining  if you don't understand anything!",200,2026-10-06T14:12:43+00:00
The_Deplorable,alive,channel,Deplorables,884,,2022-12-13T11:15:03+00:00,0,0,,,200,2026-10-06T14:12:46+00:00
The_Duran,alive,channel,The Duran,1960,,2026-10-05T22:22:11+00:00,20,20,,,200,2026-10-06T14:12:48+00:00
the_globalist_agenda,alive,channel_no_preview,The_Globalist_Agenda,214,,,,,,Most content is archived with key searchwords,200,2026-10-06T14:12:50+00:00
the_good_people,alive,channel_no_preview,The Good People,7,,,,,,Eyes on the good news...from THE GOOD PEOPLE,200,2026-10-06T14:12:53+00:00
The_Great_Reset_Info,alive,channel,THE SLEEPING GIANT IS AWAKE!,462,,2023-11-28T11:50:15+00:00,0,0,,COMING out of the COMA,200,2026-10-06T14:12:55+00:00
The_Khazarian_Effect,empty_page,,,,,,,,,"If you have  Telegram , you can contact  @The_Khazarian_Effect  right away.",200,2026-10-06T14:12:58+00:00
The_Library_II,alive,channel,The Library,18800,,2026-10-06T06:06:16+00:00,20,20,,Harold Finch’s Library,200,2026-10-06T14:13:00+00:00
the_outposter,empty_page,,,,,,,,,"If you have  Telegram , you can contact  @the_outposter  right away.",200,2026-10-06T14:13:02+00:00
The_Roar_Rises,alive,channel,The Roar Rises. (Ernie Plumley),5200,,2026-10-06T03:03:01+00:00,19,19,RoarRisesChat,President Trump Won!  Chat-  https://t.me/RoarRisesChat,200,2026-10-06T14:13:05+00:00
The_Saker,alive,channel,The Saker,2240,,2023-05-25T14:45:34+00:00,0,0,,"A bird""s eye view of the Vineyard  Official Telegram Channel of  TheSaker.is",200,2026-10-06T14:13:07+00:00
The_StormQ17,alive,channel,Q Storm 17,363,,2025-12-05T15:21:18+00:00,0,0,,Q Storm has arrived!,200,2026-10-06T14:13:09+00:00
TheAmericanByzantine,empty_page,,,,,,,,,"If you have  Telegram , you can contact  @TheAmericanByzantine  right away.",200,2026-10-06T14:13:12+00:00
TheAmericanJournal,alive,channel,The American Journal,1350,,2026-10-05T16:06:37+00:00,13,20,,LIVE Weekdays 8am - 11am @  https://infowars.com/show  &  https://Banned.Video/channel/the-american-journal   Explore:  https://flow.page/americanjournal,200,2026-10-06T14:13:14+00:00
TheAmericanWoman,alive,channel,TheAmericanWoman,181,,2023-04-10T12:56:06+00:00,0,0,,STOP CENSORSHIP! TRUMP 2021!!!,200,2026-10-06T14:13:16+00:00
TheAngryAlbertan,alive,channel,The Angry Albertan,3340,,2026-10-05T16:37:10+00:00,2,9,,"A place for Angry Albertans!  Fighting for liberty, one mind at a time.",200,2026-10-06T14:13:19+00:00
TheBlazeTV,alive,channel,Blaze Media,53000,,2024-06-13T22:15:14+00:00,0,0,,News and entertainment for people who love America    https://www.theblaze.com/,200,2026-10-06T14:13:22+00:00
thebrebroom,alive,channel,🍞  The Breb Room   🍞,12900,,2025-04-22T22:47:36+00:00,0,0,antihive brebshiesty down_zulu,John 6:35 KJV Let’s get this breb  X account:  @down_zulu  IG:  @brebshiesty  Truth Social:  @antihive,200,2026-10-06T14:13:24+00:00
thebriefsbroadcast,empty_page,,,,,,,,,"If you have  Telegram , you can contact  @thebriefsbroadcast  right away.",200,2026-10-06T14:13:27+00:00
TheBugabooNews,alive,channel,The Bugaboo,112,,2026-10-05T12:06:38+00:00,8,20,,Proud Boy News From Suncoast FL PBs. Watching the watchers watching us watching them...,200,2026-10-06T14:13:29+00:00
thecelestialchannel,alive,channel_no_preview,The Celestial Channel,45,,,,,,You are a Celestial Being on assigenment on Earth with limited time,200,2026-10-06T14:13:32+00:00
TheCollectiveNetwork2,alive,channel,🆃🅲🅽 𝙺𝚗𝚘𝚠 𝚈𝚘𝚞𝚛 𝙴𝚗𝚎𝚖𝚢,92,,2022-04-25T02:10:22+00:00,0,0,,This channel is a part of SOVEREIGNS COLLECTIVE. I Post info here about enemies in the shadows. It's time to shine the light of GOD on them.,200,2026-10-06T14:13:34+00:00
TheCollectiveNetworkArchive,empty_page,,,,,,,,,"If you have  Telegram , you can contact  @TheCollectiveNetworkArchive  right away.",200,2026-10-06T14:13:37+00:00
TheColumbiaBugle,empty_page,,,,,,,,,"If you have  Telegram , you can contact  @TheColumbiaBugle  right away.",200,2026-10-06T14:13:39+00:00
TheConservativeArsenal,alive,channel,The Conservative Arsenal,3,,2023-02-04T20:03:37+00:00,0,0,,Trump 2020! No sharia law!,200,2026-10-06T14:13:41+00:00
TheConstitutionIsFun,alive,channel,The Constitution Is Fun,38,,2022-12-27T23:18:21+00:00,0,0,,We have to laugh or we'll all cry.  God bless this land and our freedoms.,200,2026-10-06T14:13:44+00:00
thecsconservative,alive,channel,The Common Sense Conservative,707,,2026-07-08T16:46:24+00:00,0,0,,"All Posts From CSC - Videos From The Streets, Memes, And Evangelizing Freedom Every Chance We Get!",200,2026-10-06T14:13:47+00:00
TheDeanzList,alive,channel,10x Dads,683,,2024-06-02T21:29:30+00:00,0,0,,"Formerly “The Dean’z List”.  I decided to pivot & change course. I love a good conspiracy, but Nothing here is financial advice.  Everything can be debated.  I have the 10xDads Channel on Instagram.  I plan to discuss how I attempt to trade.",200,2026-10-06T14:13:49+00:00
thedigitalpatriot,alive,channel,The Digital Patriot,29,,2023-08-16T12:49:08+00:00,0,0,DigitalPa7riot,"Our goal is to collectively share news updates, historic events, and information that otherwise gets little or no coverage by the mainstream media. If you are interested in becoming a contributor please message  @DigitalPa7riot",200,2026-10-06T14:13:51+00:00
TheDigitalRevolution,alive,channel,The Digital Revolution   ✝️    🇺🇲    🐸    ⚖️,3,,2026-10-01T14:47:30+00:00,1,1,JLaw1986,"If you see what I see, and you feel as I feel, share the channel! I am  @JLaw1986  on Gab, MeWe & Parler! Call me JLaw and remember, Patriots Never Fail, Because Patriots Never Quit!",200,2026-10-06T14:13:54+00:00
TheDollarVigilante,alive,channel,The Dollar Vigilante (Official Channel),17200,,2023-11-10T13:30:17+00:00,0,0,,The Dollar Vigilante (TDV) is a joint-venture publication founded by two respected free-market speakers and analysts.,200,2026-10-06T14:13:56+00:00
thedonaldwin1,empty_page,,,,,,,,,"If you have  Telegram , you can contact  @thedonaldwin1  right away.",200,2026-10-06T14:13:59+00:00
thedurancom,alive,channel_no_preview,The Duran,51769,,,,,,The official The Duran channel on Telegram.,200,2026-10-06T14:14:01+00:00
TheDutchOven,alive,channel,The Dutch Oven   🇳🇱,3240,,2023-01-29T11:55:33+00:00,0,0,,"For timely updates from the Netherlands surrounding politics, news and current events.  Also some bottom text memes from time to time.",200,2026-10-06T14:14:03+00:00
TheEpochTimes,alive,channel,The Epoch Times,4580,,2026-08-22T10:14:41+00:00,0,0,,"An independent, award-winning voice in print & online. Integrity & truthfulness in reporting.   https://www.theepochtimes.com/",200,2026-10-06T14:14:06+00:00
theFallofCabal_Asia,alive,channel_no_preview,The Fall of Cabal 中文頻道,3462,,,,,,,200,2026-10-06T14:14:08+00:00
thefalseflagnews,empty_page,,,,,,,,,"If you have  Telegram , you can contact  @thefalseflagnews  right away.",200,2026-10-06T14:14:11+00:00
theferrymanstoll,alive,channel_no_preview,🪙   THE FERRYMAN'S TOLL   🪙,15400,,,,,,,200,2026-10-06T14:14:13+00:00
TheForBritainMovement,empty_page,,,,,,,,,"If you have  Telegram , you can contact  @TheForBritainMovement  right away.",200,2026-10-06T14:14:15+00:00
TheFutureOfBritain,alive,channel,🇬🇧    🔥  The Future of Britain  🔥    🇬🇧,166,,2020-08-12T21:51:02+00:00,0,0,,This channel is dedicated to sharing news and information relating to the struggle Britain faces both in the present and the future.,200,2026-10-06T14:14:17+00:00
thegatewaypundit_news,alive,channel,The Gateway Pundit Media,6790,,2026-10-06T00:00:00+00:00,18,20,,The Gateway Pundit was originally founded in 2004 by Jim Hoft who is the Editor of TGP.  The site was established for readers tired of limited options and a politicized establishment media.,200,2026-10-06T14:14:20+00:00
thegaywhostrayed,empty_page,,,,,,,,,"If you have  Telegram , you can contact  @thegaywhostrayed  right away.",200,2026-10-06T14:14:22+00:00
TheGoodRebel17,alive,channel,The Good Rebel,93,,2024-09-17T00:48:23+00:00,0,0,,This is a channel for followers of Jesus Christ and those who are awake.,200,2026-10-06T14:14:24+00:00
THEGR8GLOBALAWAKENING,empty_page,,,,,,,,,"If you have  Telegram , you can contact  @THEGR8GLOBALAWAKENING  right away.",200,2026-10-06T14:14:27+00:00
TheGrantReport,alive,channel,The Grant Report,8,,2022-12-30T09:13:54+00:00,0,0,,My author page on Telegram in case my page on Facebook gets deleted by New World Order agents in Silicon Valley.,200,2026-10-06T14:14:29+00:00
TheGreatAmerica20,alive,channel,"Breaking News: US, World, China - 14",59,,2024-07-29T09:33:29+00:00,0,0,,,200,2026-10-06T14:14:32+00:00
thegreatawakecoach,alive,channel,AWAKE 101 | The Awake Coach,4200,,2026-10-02T20:46:35+00:00,3,19,,theawakecoach.com  |  alcoholfreedomprocess.com  Coaching Inquiries:  https://calendly.com/theawakecoach,200,2026-10-06T14:14:34+00:00
TheGreatAwakening777,alive,channel_no_preview,ArtistandPatriot,4,,,,,,,200,2026-10-06T14:14:36+00:00
TheGreenSmurfs,empty_page,,,,,,,,,"If you have  Telegram , you can contact  @TheGreenSmurfs  right away.",200,2026-10-06T14:14:39+00:00
thehakereport,alive,channel,Hake,83,,2026-09-10T03:37:22+00:00,0,2,JLPtalk,Expert + Hake News for  @JLPtalk  M-F 6-9 AM PT // Host: The Hake Report M-F 9-11 AM PT,200,2026-10-06T14:14:41+00:00
thehallsofjusticewatchtower,alive,channel,The Halls Of Justice Watch Tower,1140,,2026-10-06T14:05:23+00:00,14,14,,Main Channel Chat Room  https://t.me/+Ue1mU3Ccgta2SMO_,200,2026-10-06T14:14:44+00:00
TheHardTruthToSwollow,alive,channel,The Hard Truth To Swollow,1030,,2026-10-06T12:56:50+00:00,20,20,,"If you are looking for the truth, then let's all go together to learn the truth!",200,2026-10-06T14:14:46+00:00
thehealthyamericanwithpeggyhall,empty_page,,,,,,,,,"If you have  Telegram , you can contact  @thehealthyamericanwithpeggyhall  right away.",200,2026-10-06T14:14:49+00:00
TheHelenLee3,alive,channel,TheHelenLee,2330,,2026-10-06T09:00:27+00:00,20,20,,Get Involved Locally  We the People are in Charge   🇺🇸,200,2026-10-06T14:14:51+00:00
theinformedmama209,alive,channel,The Informed Mama,5230,,2025-11-05T04:14:35+00:00,0,0,,"Official telegram for The Informed Mama.  Welcome to my channel where I discuss all the things Freedom, community organizing & sometimes funny shit. Click on our group chat.",200,2026-10-06T14:14:53+00:00
TheInsurrection,empty_page,,,,,,,,,"If you have  Telegram , you can contact  @TheInsurrection  right away.",200,2026-10-06T14:14:56+00:00
TheIntercessor,alive,channel,THE INTERCESSORS BELIEVER LIFE WORLD,57,,2026-10-05T04:56:16+00:00,12,20,,INTERCEDING FOR THE BODY OF CHRIST AND HELPING TO DISCOVER PURPOSE FOR IMPLIMENTATION,200,2026-10-06T14:14:58+00:00
thekateawakening,alive,channel,The Kate Awakening Channel,21000,,2026-10-01T17:48:01+00:00,1,12,Kate_Awakening tkachat,"X:  @Kate_Awakening    https://t.me/tkachat    This channel includes posts from multiple contributors. Views expressed are their own and don’t necessarily reflect mine. I aim to maintain respectful discussion, but inclusion of content is not an endorsement.",200,2026-10-06T14:15:00+00:00
TheKirbyQ,alive,channel,TheKirbyQ,158,,2026-10-03T02:29:06+00:00,1,1,,Baa!,200,2026-10-06T14:15:03+00:00
TheKrakenReport,alive,channel,🐙   The Kraken Report   🐙     🇺🇸     🇺🇸     🇺🇸   TKR Official.   ❤,108,,2023-02-03T11:22:25+00:00,0,0,,"🇺🇸   Official channel:   🐙   THE KRAKEN REPORT   🐙   ( Analyzation of information, investigative review, speculative reporting, critical thinking concepts, constructive theorizing, and gathering of reports.  Private Independent News Source)   🐙",200,2026-10-06T14:15:05+00:00
Thelibertyobserver,alive,channel,The Liberty Observer,116,,2021-03-04T21:48:55+00:00,0,0,,This channel posts news and memes and my blogs during my browse of the internet.,200,2026-10-06T14:15:08+00:00
TheLineMovement,alive,channel,The Line Canada,1310,,2022-05-19T21:54:31+00:00,0,0,,Freedom Fighters - Resist Tyranny and Oppression,200,2026-10-06T14:15:10+00:00
themeitryx,alive,channel_no_preview,The Meitryx 🇺🇸,13366,,,,,,"It's me, Lisa Mei Crowley. I post newsworthy items I come across on this channel. I have comments off to keep shills, bots, etc. from spamming this channel w/BS. Thanks for dropping by!",200,2026-10-06T14:15:13+00:00
TheMemeArsenal,alive,channel,The Meme Arsenal,318,,2026-09-26T15:09:17+00:00,0,2,TheMemeArsenalChat,Need one take one... And join the chat here:    https://t.me/TheMemeArsenalChat,200,2026-10-06T14:15:15+00:00
TheMichaelSisco,empty_page,,,,,,,,,"If you have  Telegram , you can contact  @TheMichaelSisco  right away.",200,2026-10-06T14:15:17+00:00
TheMindFarmer,empty_page,,,,,,,,,"If you have  Telegram , you can contact  @TheMindFarmer  right away.",200,2026-10-06T14:15:20+00:00
themonicamatthews,alive,channel,The Monica Matthews   🩵,11900,,2024-04-29T21:34:09+00:00,0,0,,Advisor. Author. Host.    #HUMINT,200,2026-10-06T14:15:22+00:00
thenewnormal1488,alive,channel_no_preview,The New Normal,185,,,,,,News and Propaganda that your family warned you about,200,2026-10-06T14:15:24+00:00
theofficeofDonaldJTrump,alive,channel,THE OFFICE OF DONALD J. TRUMP,694,,2024-12-31T04:17:40+00:00,0,0,,SAVE AMERICA   🇺🇸     This channel has no affiliation with Donald J. Trump or the official office of Donald J. Trump.,200,2026-10-06T14:15:27+00:00
TheOfficialE,alive,channel,TheOfficialE,6,,2026-04-25T23:05:48+00:00,0,0,,,200,2026-10-06T14:15:29+00:00
TheOfficialSantino,alive,channel_no_preview,SANTINO,8871,,,,,TheOfficialSantino,My Channel  https://t.me/TheOfficialSantino,200,2026-10-06T14:15:32+00:00
TheOpenBookChannel,alive,channel,The Open Book,36,,2022-02-09T14:41:15+00:00,0,0,,A difference in opinion should be explored not silenced. Civil Discourse Encouraged,200,2026-10-06T14:15:34+00:00
ThePartyofTrump,empty_page,,,,,,,,,"If you have  Telegram , you can contact  @ThePartyofTrump  right away.",200,2026-10-06T14:15:37+00:00
ThePatriot17,alive,channel,thepatriot17,33,,2026-10-05T10:15:38+00:00,3,3,,,200,2026-10-06T14:15:39+00:00
ThePatriotAU,alive,channel,PatriotAU️️️,14000,,2026-10-06T12:58:56+00:00,19,19,ThePatriotAU,"Fighting propaganda, media lies and swamp rats with pithy comments and a few dank memes on the daily. Come join me! AU = Auburn University. War Eagle!   🦅     👇   Channel:  https://t.me/ThePatriotAU",200,2026-10-06T14:15:41+00:00
ThePatriotCoallition,empty_page,,,,,,,,,"If you have  Telegram , you can contact  @ThePatriotCoallition  right away.",200,2026-10-06T14:15:44+00:00
ThePatrioticTeacherChannel,empty_page,,,,,,,,,"If you have  Telegram , you can contact  @ThePatrioticTeacherChannel  right away.",200,2026-10-06T14:15:46+00:00
ThePatriotsBridge,empty_page,,,,,,,,,"If you have  Telegram , you can contact  @ThePatriotsBridge  right away.",200,2026-10-06T14:15:48+00:00
ThePatriotsParty,alive,channel_no_preview,The Patriots Party🦁🇺🇸,599,,,,,,Patriot Party 🦁🇺🇸🥓🙏🏻,200,2026-10-06T14:15:51+00:00
ThePatriotZonw,alive,channel_no_preview,The Patriot Zone,120,,,,,,"You are now entering a real news world.  This channel tracks, shares, discusses current events. All inclusive. Keep it clean. Trolls will be blocked or removed. Including friends. This is my “dominion” (Pun intended) 🇺🇸  We are the news now🇺🇸 Filtered",200,2026-10-06T14:15:53+00:00
ThePeoplesBridge,alive,channel,The Peoples Bridge,5460,,2022-03-03T15:12:35+00:00,0,0,,If Media Told The Truth.  I Wouldn't Have To.,200,2026-10-06T14:15:55+00:00
thepetesantillishow,alive,channel,The Pete Santilli Show,3060,,2025-10-11T12:57:59+00:00,0,0,,"🚫    🚫    🚫  The Official Pete Santilli Show Channel  🚫    🚫    🚫   Official channel for the real, raw Pete Santilli & uncensored Pete Santilli Show content + promotions!!!! -   ⭐️    ⭐️    ⭐️    ⭐️    ⭐️    ⭐️    ⭐️  SHARE THE LINKS -   📺   24/7:  http://petelive.tv  -   📰  Link Tree:  http://petes",200,2026-10-06T14:15:58+00:00
theplangermany,alive,channel,"Veleno Q. B. Germany Channel ""World Reboot""",40,,2025-02-24T07:39:25+00:00,0,0,,Materialien und Nachrichten im Zusammenhang mit Q und dem Plan,200,2026-10-06T14:16:00+00:00
Thepotus45,alive,channel,Donald J Trump,801,,2024-11-06T10:46:12+00:00,0,0,,45th President of the United States of America   🇺🇸,200,2026-10-06T14:16:03+00:00
ThePrisonersRecord,alive,channel,The Prisoner's Record,8830,,2026-10-06T06:17:45+00:00,2,20,,Support Group for Families persecuted by a tyrannical government.  - Prayers Nightly at 9:20 PM ET   - Updates as news breaks,200,2026-10-06T14:16:05+00:00
theprofessorsrecord,alive,channel,David Clements,50400,,2026-10-05T06:13:44+00:00,2,16,theprofessorsrecord theprofessorsrecordchat,Official telegram channel for x- Professor David K. Clements  You can support the Professor here:  https://www.givesendgo.com/ProfessorDavidClements   Main:  t.me/theprofessorsrecord  Chat:  t.me/theprofessorsrecordchat   Arbitration room to reenter chat: https,200,2026-10-06T14:16:08+00:00
ThePrudentPatriot,alive,channel,Unapologeticallywhite,197,,2026-01-24T03:07:08+00:00,0,0,,"I am just a man, who wants to make this country a safe place for children to grow up in.",200,2026-10-06T14:16:10+00:00
ThePunisher_Q17,empty_page,,,,,,,,,"If you have  Telegram , you can contact  @ThePunisher_Q17  right away.",200,2026-10-06T14:16:13+00:00
theqfileschannel,empty_page,,,,,,,,,"If you have  Telegram , you can contact  @theqfileschannel  right away.",200,2026-10-06T14:16:15+00:00
theralphretort,alive,channel,Ethan Ralph,2930,,2026-08-14T12:16:12+00:00,0,0,,Infamous. Host of the Killstream.,200,2026-10-06T14:16:17+00:00
THEREALDIANAPRINCE,alive,channel,Princess Diana   👑,13,,2025-12-05T15:21:18+00:00,0,0,,The truth about Princess Diana   👁‍🗨,200,2026-10-06T14:16:19+00:00
TheRealHouse,alive,channel,The House,1620,,2026-09-17T14:27:07+00:00,0,1,TheKittyHouse,The forbiddenwarded House.  May (perhaps{from unknown sources[supposedly(allegedly)]}) contain rustic salt shakers.  The channel is basically a meme dump  ™     @TheKittyHouse,200,2026-10-06T14:16:22+00:00
theREALIh8uJACK,alive,channel,therealih8ujack,3,,2024-10-09T15:58:18+00:00,0,0,,,200,2026-10-06T14:16:24+00:00
TheRealKimShady,alive,channel,The Real Kim Shady  ™️,534,,2023-08-05T01:00:20+00:00,0,0,,The Fake Kim Shady Delighted American    🇺🇸    🇺🇸    🇺🇸    Thank you for your contributions to the channel.   ❤️    ❤️    ❤️    GiveSendGo:  https://www.givesendgo.com/Team17,200,2026-10-06T14:16:27+00:00
therealroseanne,empty_page,,,,,,,,,"If you have  Telegram , you can contact  @therealroseanne  right away.",200,2026-10-06T14:16:29+00:00
theredpilledwife2,alive,channel,The Red Pilled/1776 Wife,1480,,2026-06-23T18:35:54+00:00,0,0,,Follow here for all things TRUTH!!,200,2026-10-06T14:16:31+00:00
TheResistance1776,alive,channel,The Resistance 1776 - News/Feed,62,,2026-10-05T10:15:55+00:00,20,20,TR76News TheResistance1776,◄ This channel feeds news/truth for you to react/comment/share.  Please share! ►    📡   ◄ Follow Me ►   📡      🔗    https://lnk.bio/TheResistance1776   News/Comments - Feed   🔗    t.me/TheResistance1776   Share links and chat with other Patriots in this group   🔗    t.me/TR76News,200,2026-10-06T14:16:34+00:00
therevealreport,alive,channel,The Reveal Report,5620,,2026-09-09T19:36:31+00:00,0,1,,Reporting on world events and the Occult & Paranormal!,200,2026-10-06T14:16:36+00:00
THERIGHTOUSWAY,alive,channel,THE RIGHTOUS WAY,734,,2023-09-25T21:26:44+00:00,0,0,,I JUST WANT TO POST *TRUTH NEWS*....THE WORLD OF MATRIX IS OVER...,200,2026-10-06T14:16:39+00:00
therightsidenews,empty_page,,,,,,,,,"If you have  Telegram , you can contact  @therightsidenews  right away.",200,2026-10-06T14:16:41+00:00
therightsidewithdougbillings,alive,channel,The Right Side with Doug Billings,10000,,2026-10-03T17:16:58+00:00,9,20,,Host of The Right Side | Determined Patriotism | America First | Faith. Freedom. Truth. | Calling out nonsense with facts & context | For the Republic!,200,2026-10-06T14:16:43+00:00
TheRightWing,empty_page,,,,,,,,,"If you have  Telegram , you can contact  @TheRightWing  right away.",200,2026-10-06T14:16:46+00:00
TheSacredBlueTentChannel,alive,channel,Вся красота мира,139,,2025-04-10T19:29:07+00:00,0,0,,,200,2026-10-06T14:16:48+00:00
thesearchforTRUTH,alive,channel,The search for TRUTH,27,,2021-02-21T20:43:46+00:00,0,0,,"Warrior for the truth. Don’t believe anything that’s said here, do your own research.",200,2026-10-06T14:16:50+00:00
TheShoah,empty_page,,,,,,,,,"If you have  Telegram , you can contact  @TheShoah  right away.",200,2026-10-06T14:16:53+00:00
thesignsofthetimes,alive,channel,The Signs of the Times,32,,2022-01-01T13:24:01+00:00,0,0,,"Essential information brought into focus  ""The Signs of the Times"" is a news channel bringing essential information to help us see the truth beyond the deceiving propaganda of the subservient mass media",200,2026-10-06T14:16:55+00:00
TheSouthWolf,alive,channel,The Wolf of the South   🇺🇦     🏳️‍🌈,46,,2026-10-01T07:05:18+00:00,3,4,,"A place where I, Southern Wolf, can speak freely without any fear of censorship, deplatforming, or shadow banning.  I am a fanatical individualist, a radical capitalist, an objectivist, and a transhumanist. Business Grad, Web Dev, Coder, Gamer!",200,2026-10-06T14:16:58+00:00
thestellar1,alive,user_or_bot,Ŧคгzคภєђ ✨️,,,,,,,,200,2026-10-06T14:17:00+00:00
TheStormHasArrived17,alive,channel,TheStormHasArrived17,91500,,2026-07-17T15:29:07+00:00,0,0,TheStormRedux,Find me on X:  @TheStormRedux   Truth Social:  https://truthsocial.com/@TheStormHasArrived17,200,2026-10-06T14:17:02+00:00
TheSturmisUponUs,alive,channel_no_preview,The Storm is Upon Us ️🇺🇸🇺🇸🇺🇸🇱🇷️🇱🇷️🇱🇷️,368,,,,,,🇺🇸Storm Weather Channel. 🇩🇪 🇨🇭Sturm🇦🇹Wetter Kanal🇱🇮. 🇭🇺,200,2026-10-06T14:17:05+00:00
TheTraveler_spreads_truth,alive,channel,The Traveler spreads truth,2290,,2026-10-02T03:59:55+00:00,8,20,,Patriot - God's warrior - truth giver,200,2026-10-06T14:17:07+00:00
TheTrumpist,alive,channel,The Trumpist,60000,,2026-10-05T02:31:09+00:00,3,7,,🇺🇸   Conservative News Network   🇺🇸   We Cover The Truth /  #Trump   #MAGA     ❗️   The Trumpist neither does evaluate nor endorse the advertised products.,200,2026-10-06T14:17:09+00:00
TheTruthAboutCancer_Vaccines,alive,channel,The TRUTH About Cancer | Vaccines,28700,,2026-08-01T05:16:35+00:00,0,0,,"The Truth | Ty & Charlene Bollinger  Founders ""The Truth About Cancer""  ""The Truth About Vaccines""  FB  https://www.facebook.com/thetruthaboutcancer   IG  https://www.instagram.com/thetruthaboutcancerttac/   FREE NEWSLETTER  https://www.thetruthaboutcancer.com",200,2026-10-06T14:17:12+00:00
TheTruthBeachTold,alive,channel,The Truth Beach Told,1,,2024-10-15T19:26:43+00:00,0,0,,,200,2026-10-06T14:17:14+00:00
TheTruthPost,empty_page,,,,,,,,,"If you have  Telegram , you can contact  @TheTruthPost  right away.",200,2026-10-06T14:17:17+00:00
TheUnbearableGravyTrain,alive,channel,The UnBEARable Gravy Train  🐻,397,,2024-07-05T18:53:16+00:00,0,0,,Everything I Can Find Of The Big Bear & The UnBEARables Content Will Be Posted Here.  Welcome To The Gravy Train Bears!  Powered By M1Bear  🐻    👊,200,2026-10-06T14:17:19+00:00
theverifieddigitalwarrior,alive,channel,TheVerifiedDigitalWarrior,75,,2023-07-12T16:58:47+00:00,0,0,,"PLEASE FOLLOW AND INVITE  This channel tries its best to provide VERIFIED drops and INTEL. If it’s here, It’s verified!",200,2026-10-06T14:17:21+00:00
TheVoiceOfEarth,alive,channel,The Voice of Earth,4,,2024-07-09T22:50:21+00:00,0,0,,Let the world know what is happening to YOU!,200,2026-10-06T14:17:24+00:00
TheVoiceofReason4ya,empty_page,,,,,,,,,"If you have  Telegram , you can contact  @TheVoiceofReason4ya  right away.",200,2026-10-06T14:17:26+00:00
TheWashingtonPundit,alive,channel,The Washington Pundit,5850,,2026-10-06T03:10:59+00:00,3,3,,Speak Truth To Power   Linktr.ee/TheWashingtonPundit     Rumble.com/c/TheWashingtonPundit,200,2026-10-06T14:17:29+00:00
TheWesternChauvinist,empty_page,,,,,,,,,"If you have  Telegram , you can contact  @TheWesternChauvinist  right away.",200,2026-10-06T14:17:31+00:00
thewesterncollapse,empty_page,,,,,,,,,"If you have  Telegram , you can contact  @thewesterncollapse  right away.",200,2026-10-06T14:17:33+00:00
TheWhite_Rabbit,empty_page,,,,,,,,,"If you have  Telegram , you can contact  @TheWhite_Rabbit  right away.",200,2026-10-06T14:17:36+00:00
TheWhiteGhost4,empty_page,,,,,,,,,"If you have  Telegram , you can contact  @TheWhiteGhost4  right away.",200,2026-10-06T14:17:38+00:00
thewillwitt,empty_page,,,,,,,,,"If you have  Telegram , you can contact  @thewillwitt  right away.",200,2026-10-06T14:17:40+00:00
TheWorldView,alive,channel,The World View,625,,2022-04-06T09:26:42+00:00,0,0,,Timeline of the Syrian war and world events from 23/08/2017,200,2026-10-06T14:17:43+00:00
thewrongberet,empty_page,,,,,,,,,"If you have  Telegram , you can contact  @thewrongberet  right away.",200,2026-10-06T14:17:45+00:00
TheyVote,empty_page,,,,,,,,,"If you have  Telegram , you can contact  @TheyVote  right away.",200,2026-10-06T14:17:47+00:00
theywillnotreplaceus,alive,channel_no_preview,They Will Not Replace Us,60,,,,,,,200,2026-10-06T14:17:50+00:00
thezblog,empty_page,,,,,,,,,"If you have  Telegram , you can contact  @thezblog  right away.",200,2026-10-06T14:17:52+00:00
ThinMint2,alive,channel,ThinMint,5400,,2026-10-05T03:59:52+00:00,11,20,,"A little bit of this and that, with a heavy sprinkling of humor along with gentle reminders of the good in life",200,2026-10-06T14:17:54+00:00
thiswelldefend,alive,channel,This We'll Defend,1690,,2026-07-06T06:26:16+00:00,0,0,ThisWellDefendChat ThisWellDefendThreads,"The John Durham of decoding.  Defending America from mindless zombies using logic, math, and sourcing.  Delta pioneer.  Not another news channel, only original content.  Sub to  @ThisWellDefendThreads  for notifications;  @ThisWellDefendChat  for discussion.",200,2026-10-06T14:17:57+00:00
ThomasForOhio,alive,channel_no_preview,ThomasForOhio.org,3,,,,,,Sonny Thomas / former GOP Warren County Central Committee in the 71st precinct  Proud Nordic/Germanic Heathen; music promoter and radio show host  I am committed to bringing the REPUBLIC Back To Its Roots and returning Ohio to FULL SOVEREIGNTY as a STATE!,200,2026-10-06T14:17:59+00:00
THOTF,alive,channel_no_preview,The History Of The Future,837,,,,,,Current politics,200,2026-10-06T14:18:01+00:00
threepn,empty_page,,,,,,,,,"If you have  Telegram , you can contact  @threepn  right away.",200,2026-10-06T14:18:04+00:00
ThreeSpoons,alive,channel,-: ✧ :-゜・．Info RPNaruto-: ✧ :-゜・．,5,,2024-01-04T21:35:19+00:00,0,0,,"Канал с информацией о рп, флуде и персонажах. ♡´･ᴗ･`♡",200,2026-10-06T14:18:06+00:00
TierneyRealNews,alive,channel,tierneyrealnews,14,,2026-02-24T21:21:24+00:00,0,0,,,200,2026-10-06T14:18:08+00:00
tietolouhos,alive,channel,Tietolouhos MAGA   🐸    🍿,487,,2022-04-09T13:20:25+00:00,0,0,,Central mine for information diggers   🐸,200,2026-10-06T14:18:11+00:00
TifaniesweT,alive,channel,TifaniesweT   🇨🇭,4480,,2026-10-06T14:18:03+00:00,18,18,,#StepDowns   #Resigns   #Arrests   #MilitaryNews   #Indictments   #Corporate   #FinancialNews    #CentralBanks   #Banks   #Stellar   #DigitalAssets    Open your eyes and see what is happening around you,200,2026-10-06T14:18:13+00:00
TimeMatters,alive,channel,Time Matters,2350,,2026-10-06T11:42:35+00:00,20,20,,"What is happening now has happened before, and what will happen in the future has happened before, because God makes the same things happen over and over again. Ecclesiastes 3:15 New Living Translation",200,2026-10-06T14:18:16+00:00
timetravel2111,empty_page,,,,,,,,,"If you have  Telegram , you can contact  @timetravel2111  right away.",200,2026-10-06T14:18:18+00:00
Timmy17SeventySix,alive,channel,Timmy17SeventySix,4880,,2026-10-06T12:30:57+00:00,20,20,TimmyD1776,U.S. AF   👊🏻    🇺🇸     @TimmyD1776  on Truth Social,200,2026-10-06T14:18:21+00:00
Tirefist,alive,channel,Tiresumcash,60,,2026-10-06T13:20:25+00:00,6,16,tiresum,(chatroom  https://t.me/tiresum ) Be careful who you follow. Think for yourself. other links  https://linktr.ee/tiresumcash,200,2026-10-06T14:18:23+00:00
Tironianae,alive,channel,Tironianae   🍊     🍊   Z. - Ultra Verbum Vincet,52600,,2026-10-06T14:13:25+00:00,20,20,,In God We Trust - The Great Awakening  VIncit Omnia Veritas Semper Fidelis,200,2026-10-06T14:18:25+00:00
titansoftruth,alive,channel,Titans of Truth,527,,2025-07-25T20:14:55+00:00,0,0,,https://www.dropbox.com/sh/49g7mo4v51g5c0q/AAAzzc1mD1-UxDJFQHybTUcTa?dl=0,200,2026-10-06T14:18:28+00:00
TJPchannel,empty_page,,,,,,,,,"If you have  Telegram , you can contact  @TJPchannel  right away.",200,2026-10-06T14:18:30+00:00
tlshaw1997public,empty_page,,,,,,,,,"If you have  Telegram , you can contact  @tlshaw1997public  right away.",200,2026-10-06T14:18:33+00:00
tmcslive,empty_page,,,,,,,,,"If you have  Telegram , you can contact  @tmcslive  right away.",200,2026-10-06T14:18:35+00:00
tmufeed,alive,channel_no_preview,The Mind Unleashed,675,,,,,,A news and media dissemination organization that seeks to inspire out-of-the-box thinking.,200,2026-10-06T14:18:37+00:00
toalibertarian,empty_page,,,,,,,,,"If you have  Telegram , you can view posts by  @toalibertarian  right away.",200,2026-10-06T14:18:40+00:00
todayfreedom,alive,channel,Free網絡信息自由門 （纯事件为主的翻墙free公益网友闲极无聊自媒体）,6830,,2023-07-06T03:52:00+00:00,0,0,todayfreedom,網絡信息自由門  https://t.me/todayfreedom  纯事件报道，举烛火烧天，让墙内看到墙外，让墙外知道墙内。选取原则； 1.报纯事件.2.墙内抗争及抗争者没人报的或其他媒体刻意忽视矮化的.  3.墙内新闻从来不关注的但属于世界通用应知的.  4.墙内大把可见的不报.制造的新闻不报.,200,2026-10-06T14:18:42+00:00
TomEnglish1,alive,channel,Tom English,1,,2024-11-18T18:16:24+00:00,0,0,,,200,2026-10-06T14:18:44+00:00
tomfittonjw,alive,channel_no_preview,Tom Fitton   ✔,4516,,,,,,"Tom Fitton, President, Judicial Watch",200,2026-10-06T14:18:47+00:00
TommyRobinsonNews,alive,channel,Tommy Robinson News,75200,,2026-10-06T13:52:16+00:00,20,20,,Support our work here -  https://urbanscoop.news/supportus/     Buy my best selling books here -  https://www.trsilenced.com/,200,2026-10-06T14:18:49+00:00
TomWhoKnows,alive,channel,💠   Tom WhoKnows ?!   💠,1230,,2025-12-11T14:20:03+00:00,0,0,,https://linktr.ee/Tomwhoknows,200,2026-10-06T14:18:51+00:00
Tony_Hovater,empty_page,,,,,,,,,"If you have  Telegram , you can contact  @Tony_Hovater  right away.",200,2026-10-06T14:18:54+00:00
tonybalogna,alive,channel,Tony Hrvatska   🌴    🕊,50,,2026-01-01T05:33:27+00:00,0,0,,As seen on Twitter blocklists,200,2026-10-06T14:18:56+00:00
ToreIsTheOG,alive,channel,ElonTron,65,,2022-11-15T13:54:56+00:00,0,0,,,200,2026-10-06T14:18:58+00:00
toresaysPlus,alive,channel,ToreSays  ®  +,44600,,2026-10-06T10:15:01+00:00,19,19,toresaysplusCHAT,Underreported. Documented. Not for the algorithm. The record lives here. The argument lives in the chat.  @toresaysplusCHAT,200,2026-10-06T14:19:01+00:00
toutiaoqushi,empty_page,,,,,,,,,"If you have  Telegram , you can contact  @toutiaoqushi  right away.",200,2026-10-06T14:19:03+00:00
tpnup,alive,channel,"The Prophetic, Politics & NWO",258,,2026-10-04T00:39:55+00:00,7,20,tpnup,"Looking at Politics and New World Order from a Prophetic Perspective  Join the channel, by clicking this link  https://t.me/tpnup",200,2026-10-06T14:19:05+00:00
TPUSA,alive,channel,Turning Point USA,46600,,2026-09-10T12:02:27+00:00,0,1,,Official account of Turning Point USA.  Founded by Charlie Kirk   linktr.ee/TurningPointUSA,200,2026-10-06T14:19:08+00:00
TPVoverflowQDS,empty_page,,,,,,,,,"If you have  Telegram , you can contact  @TPVoverflowQDS  right away.",200,2026-10-06T14:19:10+00:00
TPwaffenSS,empty_page,,,,,,,,,"If you have  Telegram , you can contact  @TPwaffenSS  right away.",200,2026-10-06T14:19:13+00:00
TracybeanzOfficial,alive,channel,Tracy Beanz,26300,,2026-01-12T19:31:08+00:00,0,0,,"Investigative Journalist and Editor in Chief at  http://UncoverDC.com . Host of the Dark to Light Podcast, every M-W-F at 2:30 ET on all major podcasting platforms. Opinions shared here are mine alone and do not necessarily represent those of my company.",200,2026-10-06T14:19:15+00:00
TraditionalBritainGroup,alive,channel,Traditional Britain Group,15600,,2026-10-06T13:20:21+00:00,17,17,,TBG online:  https://linktr.ee/Traditional   For British people and the interests of Britain,200,2026-10-06T14:19:17+00:00
TraffickingCoverUps,alive,channel,Trafficking Coverups,217,,2024-02-25T06:07:48+00:00,0,0,,"You know what they're up to. If not, get in here and find out.",200,2026-10-06T14:19:20+00:00
tramp,alive,channel,Donald Trump,607,,2025-12-15T13:19:53+00:00,0,0,,47th president of the United States   🇺🇸    Make America Great Again   💪🏻,200,2026-10-06T14:19:22+00:00
transam0202,alive,channel,Transam0202,102,,2026-10-06T04:08:06+00:00,10,10,,,200,2026-10-06T14:19:24+00:00
TribeOnQuest,alive,channel,TribeOnQuest,77,,2024-05-23T14:38:11+00:00,0,0,,We are Tribe. We are not done.,200,2026-10-06T14:19:27+00:00
TRIBUNALSforJUSTICE,alive,channel_no_preview,TRIBUNALS for JUSTICE,14391,,,,,GitmoTV,JOIN US https://t.me/GitmoTV https://rumble.com/c/TRIBUNALSforJUSTICE,200,2026-10-06T14:19:29+00:00
TribunalWatch,alive,channel,Tribunal Watch,730,,2025-05-15T02:50:27+00:00,0,0,,,200,2026-10-06T14:19:31+00:00
TrippySauce,empty_page,,,,,,,,,"If you have  Telegram , you can contact  @TrippySauce  right away.",200,2026-10-06T14:19:34+00:00
triumphnews,alive,channel,Triumph News Network,2960,,2024-11-14T17:44:54+00:00,0,0,,Bringing the truth and triumphing in it,200,2026-10-06T14:19:36+00:00
TRRMEDIA,alive,channel,Vault,306,,2024-08-15T08:08:37+00:00,0,0,,,200,2026-10-06T14:19:39+00:00
truecanadianpatriots,alive,channel,🇨🇦   True Canadian Patriots   🇨🇦,521,,2022-03-13T16:36:40+00:00,0,0,truecanadianpatriotschat,🇨🇦   Welcome to the home of the strong and free!   🇨🇦    Also Join our Live Chat  @truecanadianpatriotschat   Canadian narrative to the situations facing Canada and the world!   ALL WELCOME!,200,2026-10-06T14:19:41+00:00
TrueTVFactsoftheGlobe,empty_page,,,,,,,,,"If you have  Telegram , you can contact  @TrueTVFactsoftheGlobe  right away.",200,2026-10-06T14:19:43+00:00
trump,empty_page,,,,,,,,,"If you have  Telegram , you can contact  @trump  right away.",200,2026-10-06T14:19:46+00:00
TRUMP19CO,alive,channel,Trump19CO,18,,2024-11-06T08:07:35+00:00,0,0,,,200,2026-10-06T14:19:48+00:00
trump88719,alive,channel,trump88719,6,,2024-12-05T22:05:37+00:00,0,0,,,200,2026-10-06T14:19:51+00:00
trump_maga_supporter,alive,channel_no_preview,MAGA🇺🇸🦅,313,,,,,,,200,2026-10-06T14:19:53+00:00
Trump_UNCENSORED_NEWS,alive,channel_no_preview,Trump PATRIOTS INFO,1685,,,,,TRUMP_UNCENSORED_NEWS_DISCUSSION,PATRIOTS info around Donald J Trump ❤️❤️❤️  This channel is created to inform you about most positive news and information about Trump!  This channel is exceptionally for PATRIOTS❤️  And here is our discussion/chat room   @TRUMP_UNCENSORED_NEWS_DISCUSSION,200,2026-10-06T14:19:55+00:00
TRUMP_WARRIORS,empty_page,,,,,,,,,"If you have  Telegram , you can contact  @TRUMP_WARRIORS  right away.",200,2026-10-06T14:19:58+00:00
TrumpChannel,alive,channel,Trump Supporters Channel   🇺🇸,133000,,2026-05-18T18:43:24+00:00,0,0,real_DonaldJTrump,"Supporters of the greatest President of our lifetimes,  @real_DonaldJTrump !",200,2026-10-06T14:20:00+00:00
Trumpcomesback1,alive,channel,"Breaking News: US, World, China - 20",492,,2024-07-29T09:33:29+00:00,0,0,,,200,2026-10-06T14:20:02+00:00
trumpetnews1,alive,channel,🔴   Blazing Press   🔴   BP NEWS,19300,,2026-10-06T01:20:19+00:00,19,19,,Website  http://www.blazingpress.com,200,2026-10-06T14:20:05+00:00
TrumpFacts4Peace,alive,channel,"Breaking News: US, World, China - 19",174,,2024-07-29T09:33:29+00:00,0,0,Alliance_Telegram_Admin,All True Trump Supporters hold on together! The Comeback is on The Way.  🇺🇸    @Alliance_Telegram_Admin    #election2020   #CCPvirus   #CCP   #Hope   #ChinaNoCCP,200,2026-10-06T14:20:07+00:00
TrumpFans111,alive,channel_no_preview,"Breaking News: US, World, China - 09    [ SCAM ]",86,,,,,,"The Great America Will Come Back ❤️ peace, freedom, love and smiles",200,2026-10-06T14:20:09+00:00
TrumpHub,alive,channel,Trump 2024,1690,,2026-08-10T16:45:15+00:00,0,0,,Sometimes by losing a battle you find a new way to win the war. - Donald J. Trump,200,2026-10-06T14:20:12+00:00
TrumpIsRight,empty_page,,,,,,,,,"If you have  Telegram , you can contact  @TrumpIsRight  right away.",200,2026-10-06T14:20:14+00:00
TrumpJr,alive,channel,Donald Trump Jr,353000,,2026-10-01T21:39:34+00:00,1,7,,"EVP of Development & Acquisitions The Trump Organization, Father, Outdoorsman, In a past life Boardroom Advisor on The Apprentice  Son of Former President of the United States Donald J. Trump.   DonJr.com",200,2026-10-06T14:20:16+00:00
TrumpKingQFS,empty_page,,,,,,,,,"If you have  Telegram , you can contact  @TrumpKingQFS  right away.",200,2026-10-06T14:20:19+00:00
TrumplovesAmerica1,alive,channel,"Breaking News: US, World, China - 05",343,,2024-07-29T09:33:29+00:00,0,0,TrumplovesAmerica1Chat,Join Group  https://t.me/TrumplovesAmerica1Chat,200,2026-10-06T14:20:21+00:00
TrumpNewsLive,empty_page,,,,,,,,,"If you have  Telegram , you can contact  @TrumpNewsLive  right away.",200,2026-10-06T14:20:23+00:00
TrumpRealNews,alive,channel,💢  Fightback News  💢,77,,2023-10-07T22:49:16+00:00,0,0,,They Fear Those With Knowledge And Control Those Without,200,2026-10-06T14:20:26+00:00
TrumpSource,alive,channel,Trump Source   ⚡️     🇺🇸,7540,,2026-10-06T00:21:01+00:00,20,20,TrumpSource TrumpsElection2024 real_DonaldJTrump,"🇺🇸   Follow if you support Donald J. Trump!   🇺🇸    Welcome to  @TrumpSource  — a USA, relevance-focused community, supportive of the greatest President of our lifetimes,  @real_DonaldJTrump !    🇺🇸  SAVE AMERICA  🇺🇸   Chat:  @TrumpsElection2024",200,2026-10-06T14:20:28+00:00
TrumpStudents,alive,channel,Students For Trump,28200,,2024-08-14T20:10:31+00:00,0,0,CharlieKirk RyanAFournier,Student Movement Fueled By Freedom.  Chairman  @CharlieKirk  & Co-Chair  @RyanAFournier,200,2026-10-06T14:20:31+00:00
TrumpsWarrior1776,empty_page,,,,,,,,,"If you have  Telegram , you can contact  @TrumpsWarrior1776  right away.",200,2026-10-06T14:20:33+00:00
TrumpTime,alive,channel,Trump Tweets Channel,14,,2026-02-28T21:32:32+00:00,0,0,,Donald Trump's Tweets Channel,200,2026-10-06T14:20:35+00:00
TrumpTrain123,alive,channel,"Breaking News: US, World, China - 15",602,,2024-07-29T09:33:29+00:00,0,0,,,200,2026-10-06T14:20:38+00:00
TrumpTrains,alive,channel,Trump Trains,2050,,2021-03-22T18:02:05+00:00,0,0,,All aboard... Trump 2024,200,2026-10-06T14:20:40+00:00
trumptweets,alive,channel,trumptweets,3,,2022-10-31T15:34:26+00:00,0,0,,,200,2026-10-06T14:20:42+00:00
TRUMPWON45,empty_page,,,,,,,,,"If you have  Telegram , you can contact  @TRUMPWON45  right away.",200,2026-10-06T14:20:45+00:00
trunewsofficial,alive,channel,TruNews,4340,,2026-10-06T12:46:16+00:00,5,20,,"OFFICIAL Telegam TruNews Account:  The Real News, Uncensored. Global News, Analysis & Trends from a Christian, Conservative Worldview.",200,2026-10-06T14:20:47+00:00
TRUreportingPosts,alive,channel,TRU REPORTING POSTS,4070,,2026-09-29T10:07:10+00:00,0,14,,Dropping News and Podcasts For Your Viewing Pleasure.   🇺🇸,200,2026-10-06T14:20:49+00:00
trustedsourceus,empty_page,,,,,,,,,"If you have  Telegram , you can contact  @trustedsourceus  right away.",200,2026-10-06T14:20:52+00:00
truthavengers,alive,channel,TruthLivesHere,2220,,2026-09-29T13:35:47+00:00,0,10,truthliveshere,"Investigative Minds Unite. Think Wire Service/Community| Subjects: vaccine safety, Rona Regime, Great Reset & WTF is really going on in current events. Medical Freedom||Free Speech. Digital Warriors With Heart. Discussion group  https://t.me/truthliveshere",200,2026-10-06T14:20:54+00:00
truthbetold4U,alive,channel,Truthbetold4U,38,,2022-03-23T18:44:51+00:00,0,0,,"Retired 1993 HMC USN 20+ years Active Duty /Retired IT Director/VP 2014 Married 42 years. Living in Virginia Beach. I don't condone, hate, violence, insurrections or RHINO's. Had 20K Parler followers prior to shutdown.  Post Conservative News and Memes",200,2026-10-06T14:20:56+00:00
truthbybasya,alive,channel,🌄  Truth By Basya  🌄,4920,,2026-07-14T22:20:53+00:00,0,0,,Truthbybasya,200,2026-10-06T14:20:59+00:00
truthdoctor,alive,channel,TRUTH DOCTOR,5270,,2025-09-22T15:56:31+00:00,0,0,,The Truth Is Out There!,200,2026-10-06T14:21:01+00:00
TruthForHope,alive,channel,Truth for Hope Channel,59,,2024-07-17T16:51:37+00:00,0,0,,Knowing the truth will set you free and bring you hope!,200,2026-10-06T14:21:03+00:00
TruthFromTheFront,alive,channel,Jim Richards Truth from the front,178,,2025-06-25T15:29:27+00:00,0,0,,"Jim tells the truth as he see its and does not give a damn about your feelings. We look at politics, sex, and America as a whole and we do not pull punches. We review products and give an honest opinon on it all.",200,2026-10-06T14:21:06+00:00
truthful_hunden,alive,channel,Truthful-hunden,,,2024-12-21T22:25:35+00:00,0,0,,Former Jarhead red-pill distributor,200,2026-10-06T14:21:09+00:00
TruthHammer,alive,channel,TruthHammer   🙏    🇺🇸   (DM's & Channel Spam are FAKERS.),45700,,2026-10-05T15:39:51+00:00,7,17,,"Eric Wold. Child of God, husband, father, tech guy. We are the NWOs apocalypse. Their ideas & agenda thrive when the truth is suppressed. Expose it all.",200,2026-10-06T14:21:11+00:00
TruthHub,alive,channel,Truth Hub,6960,,2022-03-05T21:12:40+00:00,0,0,,Be sure to help guide those waking up during the flood of Truth…   http://dailytruth.news,200,2026-10-06T14:21:14+00:00
TruthIsOurFriendUSA,alive,channel,TruthIsOurFriend,37,,2023-10-22T14:26:09+00:00,0,0,,"Every truth passes through three stages before it is recognized. In the first it is ridiculed, in the second it is opposed, in the third it is regarded as self evident. – Arthur Schopenhauer",200,2026-10-06T14:21:16+00:00
TruthLightLove4,alive,channel,4TruthLightLove,25,,2026-08-12T22:47:14+00:00,0,0,,truth seeker - memeist,200,2026-10-06T14:21:19+00:00
TruthLoveFreedom,alive,channel,Organic Heaven,69,,2024-10-03T21:06:11+00:00,0,0,,Only the Truth will survive. Only Love will expand our Soul.   ❤️   Take Care of your temple.= 954=18=9 The Most High   ❤️    🙏              Toxic Free Lifestyle   🥰    👌,200,2026-10-06T14:21:21+00:00
truthmoves,alive,channel,Higher Self News,787,,2026-03-09T13:01:09+00:00,0,0,,Welcome to my Diary. SHOP |  https://www.redbubble.com/people/HIGHER-SELF/shop?asc=u,200,2026-10-06T14:21:24+00:00
TruthNet,alive,channel,TruthNetwork,48,,2026-02-11T19:47:21+00:00,0,0,TruthNet TruthProof,Network of TRUTH - Red Pilling the World.        Videos & Information of previously hidden realities Channel  t.me/TruthNet     Group  t.me/TruthProof,200,2026-10-06T14:21:26+00:00
TRUTHREVEALEDCHANNEL,alive,channel,Truth Revealed,7130,,2025-10-21T23:49:43+00:00,0,0,,Truth guaranteed and nothing more or less than that.,200,2026-10-06T14:21:28+00:00
TRUTHSEEKlNG,alive,channel,𝗧𝗥𝗨𝗧𝗛 𝗦𝗘𝗘𝗞𝗹𝗡𝗚,256,,2024-01-05T18:11:25+00:00,0,0,,"Truth Seeking and important World News  It is easy to deceive people, but difficult to convince them that they have been deceived.",200,2026-10-06T14:21:31+00:00
TruthSkrilla,alive,channel,Skrilla   🇺🇸,2670,,2026-03-10T19:14:18+00:00,0,0,SkrillaOSINT Skrilla_F,"Keep God First!! Love Trumps All!  #WWG1WGA   #Q   #USMC  Trump IS our President!   🇺🇸   “I will fear no evil, for YOU are with me!”  Skrilla   🇺🇸   Open Source Intelligence Channel  https://t.me/SkrillaOSINT   Skrilla Flight Tracking Channel:  https://t.me/Skrilla_F",200,2026-10-06T14:21:33+00:00
truthsocial17,alive,channel,TRUTHSOCIAL,2290,,2025-09-10T17:14:01+00:00,0,0,,,200,2026-10-06T14:21:35+00:00
TruthSparklesNow,alive,channel,TruthSparkles  🙏    ✨️    🌎    ☀️,7600,,2026-03-12T01:55:40+00:00,0,0,,"Victory of GOD's Will for Morality over corruption & evil...Truth over lies And YES, Victory for GOD'S People & His given lands!",200,2026-10-06T14:21:38+00:00
truthspringseternal,alive,channel_no_preview,Truth Springs Eternal,52,,,,,,,200,2026-10-06T14:21:40+00:00
TruthToPowerNews,empty_page,,,,,,,,,"If you have  Telegram , you can contact  @TruthToPowerNews  right away.",200,2026-10-06T14:21:43+00:00
tscig,empty_page,,,,,,,,,"If you have  Telegram , you can contact  @tscig  right away.",200,2026-10-06T14:21:45+00:00
Tsubame_no_Paradise,empty_page,,,,,,,,,"If you have  Telegram , you can contact  @Tsubame_no_Paradise  right away.",200,2026-10-06T14:21:47+00:00
ttruthseekersnews,alive,channel,TRUTHSEEKERS NEWS,114,,2022-05-05T20:57:47+00:00,0,0,,,200,2026-10-06T14:21:49+00:00
TulsaProudBoys,empty_page,,,,,,,,,"If you have  Telegram , you can contact  @TulsaProudBoys  right away.",200,2026-10-06T14:21:52+00:00
TwilightLastGleaming,alive,channel,Twilight’s Last Gleaming,2660,,2026-10-01T16:08:47+00:00,3,8,,Our founders used “Committees of Correspondence” to effect change and guide our republic in its escape from tyranny.  This is a modern day Committee of Correspondence.  Speak truth to power.  Walk the path of our Founders,200,2026-10-06T14:21:54+00:00
TwiliteConspiracies84,alive,channel,🐰  Twilite Conspiracies  🕳,14,,2026-06-14T20:54:39+00:00,0,0,,"Truth Through Synth Wave Music. And many other things. I post the things that I know logically makes sense. Use your own discernment and keep an open mind people!  Occams Razor<--- most of the time, the simplest answer is.      >>>the truth.<<<",200,2026-10-06T14:21:57+00:00
TWIO2020,empty_page,,,,,,,,,"If you have  Telegram , you can contact  @TWIO2020  right away.",200,2026-10-06T14:21:59+00:00
TX4MF,empty_page,,,,,,,,,"If you have  Telegram , you can contact  @TX4MF  right away.",200,2026-10-06T14:22:01+00:00
tylertimelord,alive,channel,TylerTimelord’s Memes,1180,,2022-12-06T22:34:32+00:00,0,0,,"♟    🟢    ♟    🟢    ♟    🟢    Welcome to the Sanctum, Anon!   Catch up on the latest News, Memes, Commentary, Helpful resources & open forum philosophical discussion.   Please, enjoy your stay.    ♟    🟢    ♟    🟢    ♟    🟢",200,2026-10-06T14:22:04+00:00
UC4NA,alive,channel,United Conservatives For North America,52,,2023-02-09T00:55:13+00:00,0,0,joinchat,https://t.me/joinchat/AAAAAE5qf95kr6192Dhtow,200,2026-10-06T14:22:06+00:00
UKAWAKE,alive,channel,UK Awake,750,,2026-10-01T19:55:54+00:00,1,1,,Just sharing the truth  Nothing can stop what is coming   Nothing is a coincidence   WWG1WGA,200,2026-10-06T14:22:09+00:00
UkPatriotsForFreedom,alive,channel,Uk patriots,3460,,2026-09-17T19:38:14+00:00,0,3,,Nothing can stop what is coming  https://linktr.ee/PatriotMap,200,2026-10-06T14:22:11+00:00
UKSTREETCRIME,alive,channel,UK Street Crime,5060,,2026-10-03T20:24:29+00:00,1,5,,⚠️    🔞  Warning: Violence  🔞    ⚠️,200,2026-10-06T14:22:13+00:00
ukstreetsoldier,alive,channel_no_preview,Street Soldier UK,1366,,,,,,,200,2026-10-06T14:22:16+00:00
UltimateMediaArchive,alive,channel_no_preview,RESOURCES: Media Archive,405,,,,,,,200,2026-10-06T14:22:18+00:00
UnapologeticallyAmerican81,alive,channel,Unapologetically American,817,,2025-02-20T17:02:05+00:00,0,0,,"Truthful News, fighting for the 1st Amendment , following Christ.",200,2026-10-06T14:22:20+00:00
UncensoredAbe,alive,channel,🙏    🇺🇸  Uncensored_Abe  🇺🇸    🙏,1130,,2025-08-23T02:14:39+00:00,0,0,,"Forget the Mainstream, TRUTH the LIVESTREAM  https://uncensoredabe.com/",200,2026-10-06T14:22:23+00:00
uncensoredtruth2,empty_page,,,,,,,,,"If you have  Telegram , you can contact  @uncensoredtruth2  right away.",200,2026-10-06T14:22:25+00:00
UncoverDCOfficial,alive,channel,UncoverDC Channel,4650,,2026-01-12T19:31:02+00:00,0,0,,,200,2026-10-06T14:22:27+00:00
unframedminds,alive,channel,Unframe of Mind,27,,2024-12-24T18:51:47+00:00,0,0,,Uncomfortable Conversations without a Condom  https://unframeofmind.com,200,2026-10-06T14:22:30+00:00
UnitedFreePatriots,alive,channel,United Free Patriots,94,,2025-09-06T10:35:19+00:00,0,0,,Devoted to Uniting the Right for 2020 Being divided is being conquered.,200,2026-10-06T14:22:32+00:00
UniteTheRightUK,empty_page,,,,,,,,,"If you have  Telegram , you can contact  @UniteTheRightUK  right away.",200,2026-10-06T14:22:35+00:00
UniversesOfLightWhoAreYou,alive,channel,*,14,,2026-10-01T20:25:15+00:00,4,20,,,200,2026-10-06T14:22:37+00:00
unlimitedhangout,alive,channel,Unlimited Hangout,13700,,2026-10-05T15:11:18+00:00,1,2,wwebb_tweets,Investigative Journalist Whitney Webb  https://linktr.ee/whitneywebb   This is the only Unlimited Hangout channel.  We will never message you and any messages from Unlimited Hangout are impersonators.  Tweet repost channel:  https://t.me/wwebb_tweets,200,2026-10-06T14:22:39+00:00
UnMaskOurKidsChicago,empty_page,,,,,,,,,"If you have  Telegram , you can contact  @UnMaskOurKidsChicago  right away.",200,2026-10-06T14:22:42+00:00
UnprecedentedNewsNet,empty_page,,,,,,,,,"If you have  Telegram , you can contact  @UnprecedentedNewsNet  right away.",200,2026-10-06T14:22:44+00:00
UnviversalKnowledge,alive,channel,UniversalKnowledge,2,,2023-07-06T14:02:00+00:00,0,0,BobWest,Welcome to the Channel of  @BobWest . Here you find answers to many of your questions.    #History   #Geopolitics   #Wisdom   #Science   #Areology   #ForbiddenKnowledge,200,2026-10-06T14:22:46+00:00
UNZ_Com,alive,channel,Unz.com,237,,2022-05-07T07:13:19+00:00,0,0,,Unz.com,200,2026-10-06T14:22:49+00:00
UpFrontNews,alive,channel,Up Front In The Prophetic,4720,,2026-04-05T10:37:28+00:00,0,0,,"Our mission was, and still is today, to inform, expose and educate on all realms of media to include Government, Business, Education, Supernatural, Family, Wellness and so much more.",200,2026-10-06T14:22:51+00:00
UpMyVibeOG,empty_page,,,,,,,,,"If you have  Telegram , you can contact  @UpMyVibeOG  right away.",200,2026-10-06T14:22:54+00:00
uprisingtoday,empty_page,,,,,,,,,"If you have  Telegram , you can contact  @uprisingtoday  right away.",200,2026-10-06T14:22:56+00:00
UpsideDownClownWorld,alive,channel,Upside Down Clown World,1590,,2026-10-07T02:33:52+00:00,20,20,,"The current state of this worlds society: women are men, men are women, the schools indoctrinate instead of educate, left is right and right is left so basically, the reverse-world on crack.",200,2026-10-07T07:17:14+00:00
USA_2020_election_fraud_channel,alive,channel,USA 2020 Election Fraud Channel,335,,2022-10-08T06:01:01+00:00,0,0,,This channel will post photos & videos which suggest examples of election fraud taking place,200,2026-10-07T07:17:16+00:00
USAHappenings,alive,channel,"Red, White and Blue",6440,,2026-03-07T13:46:39+00:00,0,0,,USA Happenings,200,2026-10-07T07:17:18+00:00
uspatriotchannel,alive,channel,Uspatriot Channel,11,,2026-09-13T12:39:55+00:00,0,2,,,200,2026-10-07T07:17:21+00:00
usvoterfraud,alive,channel,US Voter Fraud & Coup-Ops Intel 2020 - 2022,3790,,2026-10-06T01:42:06+00:00,1,7,smonkey2,"This is a Dedicated-Curated Archive of Savage_Marxist_Election_Fraud_Criminality  Testing bots for spam if your kicked by mistake message  @smonkey2   Presented to both the audience, and Archived for the Public, Legal and Historic Record.  Drop voter fraud",200,2026-10-07T07:17:24+00:00
utahrevival,alive,channel_no_preview,Utah Revival,544,,,,,,God. Family. Country.,200,2026-10-07T07:17:26+00:00
vdare,alive,channel,VDARE.com,3770,,2026-10-03T17:31:10+00:00,6,20,,Channel for  VDARE.com,200,2026-10-07T07:17:28+00:00
veritaso,alive,channel,VERITAS (Parabellum),268,,2022-11-05T18:08:02+00:00,0,0,veritaschat,"Reporting from the  #OccupiedUS  This land will not kneel before a Communists and a Chinese spy as president  damnant quod non intellegunt (They condemn what they do not understand) De Institutione Oratoria, Book 10, Chapter 1, 26   https://t.me/veritaschat",200,2026-10-07T07:17:31+00:00
VernonJones,alive,channel,Vernon Jones,3810,,2023-06-08T18:55:26+00:00,0,0,,Fan channel dedicated to Vernon Jones   https://JonesForGeorgia.com,200,2026-10-07T07:17:33+00:00
veteranlivesmatter,alive,channel,VETERAN LIVES MATTER,2,,2025-11-11T00:04:08+00:00,0,0,,"VETERAN LIVES MATTER, God bless the military they give so much and get so little.",200,2026-10-07T07:17:35+00:00
VeteranPatriots,alive,channel,Veteran Patriots Brigade   🇺🇸,4019,,2026-10-06T22:59:34+00:00,20,20,,"God, Family, Duty, Honor, America.",200,2026-10-07T07:17:38+00:00
VickiMcKennaShow,alive,channel,VickiMcKenna,365,,2023-09-05T16:07:16+00:00,0,0,,Vicki McKenna Show channel,200,2026-10-07T07:17:40+00:00
VickyTheRedSparrow,alive,channel,Vicky_Richter_Journalist  🇩🇪    🇺🇸    🇧🇷,2300,,2025-02-23T09:48:10+00:00,0,0,,♟  Analysen des globalen Schachbretts   ♟     ♟  Analyses of the global chessboard   ♟     💥  Vi Veri Veniversum Vivus Vici  💥,200,2026-10-07T07:17:43+00:00
VideoFeeds,alive,channel,WesternMan Video Lounge,8,,2022-03-20T14:10:55+00:00,0,0,WesternRebirth,The  WesternMan.org  Video Aggregator - 140+ video channels auto mega feed.  FEATURED PLAYLISTS:  westernman.org/videos   DOCUMENTARY COLLECTION:  westernman.org/documentaries   WESTERN REBIRTH main channel:  @WesternRebirth,200,2026-10-07T07:17:45+00:00
vigilante1,alive,channel,🇺🇸   EL GRAN DESPERTAR   🇺🇸,474,,2026-10-05T17:32:03+00:00,2,6,,Canal dedicado a todos los patriotas en todo el mundo.  Noticias y eventos de actualidad a nivel mundial que despiertan la conciencia con el poder de la verdad.,200,2026-10-07T07:17:48+00:00
vigilantpatriQt,alive,channel,VigilantPatriQts,107,,2026-10-07T00:25:46+00:00,20,20,,"We're the News now, archive everything offline.!   kick.com/vigilantpatriQt    ⭐      Dlive.tv/vigilantpatriQt  (RIP)   Truthsocial.com/user/megaMAGAmoveman    Rumble.com/user/megaMAGAmoveman    https://youtube.com/playlist?list=PLxYq91ghT2SMdL4D1MTlXgEHA6UhZ-6jx",200,2026-10-07T07:17:50+00:00
VinceDao,alive,channel_no_preview,Vince Dao,468,,,,,,,200,2026-10-07T07:17:52+00:00
vincentjamesfans,alive,channel,Vincent James Discussion Page,126,,2024-02-07T04:57:04+00:00,0,0,,This is a Telegram channel dedicated to American patriot and free speech advocate Vincent James.,200,2026-10-07T07:17:54+00:00
virtueascending,alive,user_or_bot,Jared,,,,,,,,200,2026-10-07T07:17:57+00:00
visegradtv,alive,channel,Intermarium TV   🇵🇱    🇨🇿    🇸🇰    🇫🇮    🇸🇪    🇧🇻    🇫🇴    🇩🇰    🇮🇸    🇱🇹    🇱🇻    🇪🇪    🇸🇮    🇷🇴    🇲🇩    🇺🇦    🇭🇷    🇭,6260,,2024-07-17T13:33:29+00:00,0,0,goldenroadofficial,"Intermarium Battlegroup Main allies   🇬🇧    🇺🇸    🇦🇺    🇯🇵    🇰🇷    🇻🇳    Other allies   🇹🇷    🇹🇲    🇦🇿    🇰🇿    🇦🇷    🇦🇽    Non-unicode flag: Belarusian white-red-white  Infrastructure project of ours:  https://t.me/goldenroadofficial   Geopolitics, Strategy, Free-speech, Memes.",200,2026-10-07T07:18:00+00:00
voiceofeurope,alive,channel,Voice of Europe,385,,2024-05-30T06:13:24+00:00,0,0,V_of_Europe directoriocachorrovolador voiceofeurope voiceofeuropebot,NEWS UNCENSORED OF EUROPE AND THE WORLD  CHANNEL:   @voiceofeurope    @voiceofeuropebot   GRUPO:  @V_of_Europe    @directoriocachorrovolador,200,2026-10-07T07:18:02+00:00
VoiceOfWales,alive,channel,Voice Of Wales Official,2320,,2025-09-02T17:26:57+00:00,0,0,,All latest news and updates from Voice Of Wales.  Note that we will never reach out to you personally. Be aware of scammers.,200,2026-10-07T07:18:05+00:00
Voltron4444,alive,channel,VOLTRON4444   🇺🇸    🦅,11500,,2026-10-07T01:15:35+00:00,20,20,,"Just here to laugh! Proverbs 17:22 // A joyful heart is good medicine, but a crushed spirit dries up the bones.  You can find me on Truth, Twitter, TikTok, Instagram :  https://allmylinks.com/voltron4444     🇺🇸    🦅",200,2026-10-07T07:18:07+00:00
VoteLizHarris,alive,channel,Vote Liz Harris,6130,,2026-10-06T15:18:18+00:00,7,20,,,200,2026-10-07T07:18:09+00:00
VoterApathyParty01,empty_page,,,,,,,,,"If you have  Telegram , you can contact  @VoterApathyParty01  right away.",200,2026-10-07T07:18:12+00:00
VPJFKJR,empty_page,,,,,,,,,"If you have  Telegram , you can contact  @VPJFKJR  right away.",200,2026-10-07T07:18:14+00:00
Vyctoria1,alive,channel,Vyctoria,25,,2026-09-18T18:54:30+00:00,0,5,Vyctoria1,@Vyctoria1,200,2026-10-07T07:18:16+00:00
W_IN_FIRE,empty_page,,,,,,,,,"If you have  Telegram , you can contact  @W_IN_FIRE  right away.",200,2026-10-07T07:18:19+00:00
WA3Percent,alive,channel,Washington 3%,353,,2026-10-01T12:14:42+00:00,1,3,,HTTPS://wa3percent.org  News and Information about the Washington 3% and the State of Washington.,200,2026-10-07T07:18:21+00:00
WahingtonPR,empty_page,,,,,,,,,"If you have  Telegram , you can contact  @WahingtonPR  right away.",200,2026-10-07T07:18:24+00:00
waifunationalism,alive,channel_no_preview,Waifu Nationalism 🇺🇦,24,,,,,,"Reject modernity, return to moe  [Marichka Supremacy arc, Slava Ukraini 🇺🇦]  The entirety of this channel is a satirical take on the modern alt right.  Parody is protected by law and nothing said here is to be taken seriously in or out of context.  🙂",200,2026-10-07T07:18:26+00:00
wakepeopleupchannel,alive,channel,WAKE PEOPLE UP CHANNEL,175,,2022-10-06T21:06:58+00:00,0,0,wakepeopleup,WAKE PEOPLE UP OFFICIAL CHANNEL   WAKE PEOPLE UP GROUP -   https://t.me/wakepeopleup,200,2026-10-07T07:18:28+00:00
wakeprayriseup,alive,channel,Wakeupprayupriseup,2210,,2025-02-12T03:04:53+00:00,0,0,,Wake Up! Pray Up! Rise Up! For The truth and freedom,200,2026-10-07T07:18:31+00:00
wakeupuk,alive,channel,www.wakeupuk.net (channel),122,,2025-06-01T05:48:48+00:00,0,0,,https://www.wakeupuk.net  - the  social network that won't give you a 30 day ban.,200,2026-10-07T07:18:33+00:00
WakingWorld,alive,channel,Waking World,71,,2024-08-14T18:48:21+00:00,0,0,,,200,2026-10-07T07:18:35+00:00
walrus_fren,alive,channel_no_preview,Walrus Fren,172,,,,,,I POAST WHATEVER I WANT YOU CAN'T TELL ME WHAT TO POAST YOU'RE NOT THE BOSS OF ME YOU'RE NOT EVEN MY REAL DAD!,200,2026-10-07T07:18:38+00:00
war_and_media1,alive,channel_no_preview,Jews own USA (Wars Media Banks),406,,,,,joinchat randomanonch1 randomanonchannel_bot randommeetingpoint,A channel to expose how Jews control the US  and use it as a golem for world domination.  Old: t.me/joinchat/Uxpa_YVZf8qOVQMT  Main channel: t.me/randomanonch1 Regroup channel: t.me/randommeetingpoint Admin bot: t.me/randomanonchannel_bot,200,2026-10-07T07:18:40+00:00
warbleedinghearts,alive,channel,AnGeLiC AhMeS   🌺    🧚‍♀️,8,,2023-12-02T16:35:14+00:00,0,0,,"“There was truth and there was untruth, and if you clung to the truth even against the whole world, you were not mad.” – George Orwell",200,2026-10-07T07:18:42+00:00
warhorsescanada,alive,channel,Warhorses,26,,2022-04-06T20:21:47+00:00,0,0,,Warhorses is dedicated to supporting all freedom groups and advocates.   www.warhorses.ca,200,2026-10-07T07:18:45+00:00
WarOnWhites1,alive,channel_no_preview,The War on Whites,2290,,,,,,,200,2026-10-07T07:18:47+00:00
WARPIGmemes,empty_page,,,,,,,,,"If you have  Telegram , you can contact  @WARPIGmemes  right away.",200,2026-10-07T07:18:50+00:00
WarRoomCCPVirus,empty_page,,,,,,,,,"If you have  Telegram , you can contact  @WarRoomCCPVirus  right away.",200,2026-10-07T07:18:52+00:00
watchmennational,empty_page,,,,,,,,,"If you have  Telegram , you can contact  @watchmennational  right away.",200,2026-10-07T07:18:54+00:00
waterqooler,alive,channel,Meetings at the Water Qooler,24,,2026-01-04T02:41:51+00:00,0,0,,A place for Patriots to shoot the shit…,200,2026-10-07T07:18:56+00:00
WCAI_Canada,alive,channel,WCAI Canada channel,9,,2026-05-12T20:19:09+00:00,0,0,,www.TheWCAI.com,200,2026-10-07T07:18:59+00:00
we_are_the_news_now,alive,channel,We are the news now,8,,2021-09-23T18:22:42+00:00,0,0,,"This channel is for sharing news articles, videos, etc.",200,2026-10-07T07:19:01+00:00
WeaponizedOpinions,alive,channel,Weaponized Opinions Podcast,653,,2025-01-28T00:01:07+00:00,0,0,,👑   Right Wing Podcast Kangz   👑     Link To Every Thing    🔗    https://wlo.link/@Weaponized_Opnions,200,2026-10-07T07:19:04+00:00
weareallunited,alive,channel_no_preview,WeAreAllUnited1776,4,,,,,,I LOVE GOD!!❤️❤️ I LOVE ALL OF HUMANITY!!❤️❤️ THE BEST IS YET TO COME!!!🇺🇸🇺🇸,200,2026-10-07T07:19:06+00:00
WeAreAwake,alive,channel,𝚆𝚎 𝙰𝚛𝚎 𝙰𝚠𝚊𝚔𝚎   💯,4570,,2025-06-02T00:43:24+00:00,0,0,RTNews21_bot,"T.me/Plandemic21    T.me/WeAreAwake2    Chat & 𝐑𝐓.𝐍𝐞𝐰𝐬  @RTNews21_bot    GlobalResearch.org   StopTheCrime.net   GeoEngineeringWatch.org   We are not a news outlet. We share awareness, Mind opening, Truthful, & sourced content,    💯      T.me/WeAreAwake/5098",200,2026-10-07T07:19:08+00:00
wearenewjersey,alive,channel,WE ARE NEW JERSEY,156,,2024-05-10T14:50:58+00:00,0,0,,People from around NJ sharing the news you need to know now.   Check out our Substack:  https://wearenewjersey.substack.com/   NJ residents: submit your videos and photos for consideration to WeAreNewJersey@criptext.com,200,2026-10-07T07:19:11+00:00
wearethecure1,alive,channel,🇺🇸  We Are The Cure   🇺🇸,11100,,2025-10-21T23:49:47+00:00,0,0,,Let's be the future   ☝️    ☝️    ☝️,200,2026-10-07T07:19:13+00:00
WeAreTheMediia,alive,channel,wearethemediia,2,,2024-10-07T18:46:59+00:00,0,0,,,200,2026-10-07T07:19:16+00:00
WeAreTheNewsDelaware,alive,channel,We Are The News Delaware,37,,2026-10-06T23:24:56+00:00,7,19,,We The People are the News,200,2026-10-07T07:19:18+00:00
wearethenewsnow2020,empty_page,,,,,,,,,"If you have  Telegram , you can contact  @wearethenewsnow2020  right away.",200,2026-10-07T07:19:20+00:00
WeAreTheNewsNQW,alive,channel,We are the news NQW,325,,2022-12-10T15:16:58+00:00,0,0,WeAreTheNewsNQW,"Open minded Patriot news channel. If I state anything it's solely MY opinion. MY opinion doesn't matter! What matters is your OWN conclusion based on the facts, evidence, or reports provided!  DISCLAIMER & CHAT LINK  👇    https://t.me/WeAreTheNewsNQW/15175",200,2026-10-07T07:19:23+00:00
WeimarWorld,alive,channel_no_preview,🌲#WeimarWorld🌲,912,,,,,,"""Humanity would sink into eternal darkness, it would fall into a dull and primitive state, were the Jews to win this war"".",200,2026-10-07T07:19:25+00:00
Weimerica,empty_page,,,,,,,,,"If you have  Telegram , you can contact  @Weimerica  right away.",200,2026-10-07T07:19:28+00:00
weirdshitthatshouldntexist,alive,channel,weird shit that shouldn't exist,6,,2022-02-10T19:08:00+00:00,0,0,,the death of information,200,2026-10-07T07:19:30+00:00
WeLoveTrumpNoah,alive,channel,WeLoveTrump,14100,,2026-10-07T05:34:02+00:00,20,20,joinchat,"Home of  WeLoveTrump.com ,  DailyTruthReport.com  and  NoahReport.com !    👉   Join our SuperGroup chat where everyone can post:  https://t.me/joinchat/FqM3eyHvtsO58smI",200,2026-10-07T07:19:33+00:00
WendiStrauchMahoneyUDC,alive,channel,🇺🇸  Wendi  🇺🇸,335,,2023-07-29T14:59:29+00:00,0,0,,Opinions here are my own,200,2026-10-07T07:19:35+00:00
westcoast_intel,alive,channel,West Coast News & Discussion,7700,,2026-10-07T03:45:44+00:00,19,19,eastcoast_intel midwest_intel rockymountain_intel southern_intel,Welcome to West Coast Regional - Intel drops for the people  Regional Partner Channels  @rockymountain_intel   @midwest_intel   @eastcoast_intel   @southern_intel,200,2026-10-07T07:19:38+00:00
westerncivilizationRenaissance,empty_page,,,,,,,,,"If you have  Telegram , you can contact  @westerncivilizationRenaissance  right away.",200,2026-10-07T07:19:40+00:00
westernmediacompany,empty_page,,,,,,,,,"If you have  Telegram , you can contact  @westernmediacompany  right away.",200,2026-10-07T07:19:42+00:00
WesternRestoration1,alive,channel,Western Restoration,1120,,2022-01-26T07:17:04+00:00,0,0,,"""The tree of liberty must be refreshed from time to time with the blood of patriots and tyrants."" - Thomas Jefferson   REFRESH.THE.TREE",200,2026-10-07T07:19:45+00:00
WeTheMedia,alive,channel,We The Media,142000,,2026-10-07T02:31:02+00:00,20,20,,"https://linktr.ee/wethemedia   Real News: For The People, By The People.",200,2026-10-07T07:19:47+00:00
WeTheNews,alive,channel_no_preview,We The News    [ FAKE ],5026,,,,,,News by Patriots… not the fake news!,200,2026-10-07T07:19:50+00:00
WETHENEWZTV,empty_page,,,,,,,,,"If you have  Telegram , you can contact  @WETHENEWZTV  right away.",200,2026-10-07T07:19:52+00:00
WeThePatriotic,alive,channel_no_preview,We The Patriotic    [ FAKE ],2508,,,,,,News and information for Patriots by Patriots!,200,2026-10-07T07:19:55+00:00
WeThePeople_News,alive,channel,电报频道&分享,1,,2026-09-16T03:41:25+00:00,0,3,optecool_group,OPTE.COOL  | 流量玩家俱乐部 -  https://t.me/optecool_group,200,2026-10-07T07:19:57+00:00
WeThePeopleAreSovereign,empty_page,,,,,,,,,"If you have  Telegram , you can contact  @WeThePeopleAreSovereign  right away.",200,2026-10-07T07:19:59+00:00
wethepeoplenc,alive,channel_no_preview,We the People USA United,5,,,,,,"Fighting ✊for our FREEDOM 🇺🇸Against Tyranny, Treason, Fraud within our own Government and Politicians. OUR VOICES MATTER! #NC #USA #WeThePEOPLE #SaveTheChildren #EndHumanTrafficking",200,2026-10-07T07:20:02+00:00
wethepeoplenews,alive,channel_no_preview,🇺🇸 WE THE PEOPLE NEWS,2139,,,,,,🇺🇸 The United States of America,200,2026-10-07T07:20:04+00:00
wethepeopleworldwide,empty_page,,,,,,,,,"If you have  Telegram , you can contact  @wethepeopleworldwide  right away.",200,2026-10-07T07:20:06+00:00
wethevoice,empty_page,,,,,,,,,"If you have  Telegram , you can contact  @wethevoice  right away.",200,2026-10-07T07:20:08+00:00
WEWILLNOTBEND,alive,channel,WETHEPEOPLE,915,,2026-09-25T16:20:51+00:00,0,2,,THE WILL OF THE PEOPLE IS THE VOICE OF GOD.,200,2026-10-07T07:20:11+00:00
whatchadoinjews,empty_page,,,,,,,,,"If you have  Telegram , you can contact  @whatchadoinjews  right away.",200,2026-10-07T07:20:13+00:00
WhenWeGo1WeGoAll,empty_page,,,,,,,,,"If you have  Telegram , you can contact  @WhenWeGo1WeGoAll  right away.",200,2026-10-07T07:20:15+00:00
Whiplash347,alive,channel,WhipLash347,123000,,2026-10-07T06:58:13+00:00,9,9,,Website   whiplash347-official.com   youtube.com/@whiplash347official   ORIGINAL -  youtu.be/jWQx2f-CErU?si=jx5AeUtWGh7-LevC   REMIX -  youtu.be/I8Y0wK4yYII?si=RBW_Iktpw0Szqkrj,200,2026-10-07T07:20:18+00:00
WhiteHatsQ,alive,channel_no_preview,White Hats,48841,,,,,WhiteHatsAdmin,Storm is coming...  Digital soldiers unite:  @WhiteHatsAdmin,200,2026-10-07T07:20:20+00:00
WhiteIsRight,alive,channel_no_preview,Racism Inc.,2669,,,,,ChannelCollection,for all your pure-blooded American shitposting needs  More channels:  @ChannelCollection,200,2026-10-07T07:20:22+00:00
WhiteManNews,alive,channel_no_preview,White Man News,400,,,,,,,200,2026-10-07T07:20:25+00:00
whitenewz,empty_page,,,,,,,,,"If you have  Telegram , you can contact  @whitenewz  right away.",200,2026-10-07T07:20:27+00:00
whitepride2020,alive,channel_no_preview,Clown World,31,,,,,,Covid1984 News Anything to do with world news and politics Fascism is the solution to the jew world order.,200,2026-10-07T07:20:29+00:00
WhiteRabbitMedia,alive,channel_no_preview,White Rabbit Media 🐇,14,,,,,,,200,2026-10-07T07:20:32+00:00
whiterabbitradio,alive,channel,White Rabbit Radio Live,2310,,2026-10-06T10:13:30+00:00,1,18,ChannelCollection,whiterabbitradio.net    Twitter.com/eurorabbit    dlive.tv/WhiteRabbitRadio    https://www.youtube.com/user/WhiteRabbitRadioTV    @ChannelCollection,200,2026-10-07T07:20:34+00:00
whiteresistance,empty_page,,,,,,,,,"If you have  Telegram , you can contact  @whiteresistance  right away.",200,2026-10-07T07:20:36+00:00
wideAwakeQ17,alive,channel,WIDEAWAKEQ17,7,,2026-02-09T05:36:21+00:00,0,0,,🇺🇸  ENDLESSPATRIOT  🇺🇸    🇺🇸    🇺🇸  FREEDOM  🇺🇸    🇺🇸  AMERICA  🇺🇸    🇺🇸  WWG1WGA   🇺🇸    🇺🇸    🇺🇸,200,2026-10-07T07:20:39+00:00
wildworldofcontrol,empty_page,,,,,,,,,"If you have  Telegram , you can contact  @wildworldofcontrol  right away.",200,2026-10-07T07:20:41+00:00
WILFMoseder,alive,channel,Nick Moseder,7370,,2025-12-16T16:33:42+00:00,0,0,,All of my links can be found here  👇🏻    https://instabio.cc/NickMoseder,200,2026-10-07T07:20:44+00:00
Willempetzer,alive,channel,Willem Petzer  📊    📈,2,,2026-10-05T15:42:26+00:00,13,13,,,200,2026-10-07T07:20:46+00:00
willsharesinfo,alive,channel,will shares info,54,,2024-01-11T14:46:13+00:00,0,0,,"founder of Love Unity Initiative, demonstration for free expression.    https://www.instagram.com/loveunityinitiative    researcher, creator, former entertainment executive.  developing and empowering loving and united communities.",200,2026-10-07T07:20:49+00:00
winkysknowledge,alive,channel,Winky’s knowledge,25,,2022-12-08T04:40:04+00:00,0,0,,Forwarded messages/news articles from trump supporters and patriots with some humor mixed in.   🇺🇸    ⚔️    🇺🇸,200,2026-10-07T07:20:51+00:00
WisconsinProud,alive,channel,Official Wisconsin Proud Boys Racism Club,614,,2026-10-06T01:02:24+00:00,12,20,,Wisconsin Chapter of the Proud Boys.... racism club.,200,2026-10-07T07:20:53+00:00
WiseEnough,alive,channel,@WiseEnough,11,,2026-04-16T23:42:34+00:00,0,0,,WiseEnough News,200,2026-10-07T07:20:56+00:00
wissenmachtfrei,empty_page,,,,,,,,,"If you have  Telegram , you can contact  @wissenmachtfrei  right away.",200,2026-10-07T07:20:58+00:00
WLM_UNITY,alive,channel,W.L.M.U,12,,2021-10-02T17:56:48+00:00,0,0,,White Lives Matter Unit,200,2026-10-07T07:21:01+00:00
WokeIntelDrops,alive,channel,W_Intelligence (OSINT/COINTEL & Disclosure),2770,,2023-03-03T16:33:16+00:00,0,0,WokeIntelDrops wokeintelchat,OSINT & “W_keism” / VectorMiB COINTELPRO  #OSINTforGood   #antiMarxist   #DisclosureResearch   (Unlock Comments by becoming a member of the chat  @wokeintelchat  and by agreeing to our ROE)  ROE:  https://t.me/WokeIntelDrops/9332,200,2026-10-07T07:21:03+00:00
wokewestindian,empty_page,,,,,,,,,"If you have  Telegram , you can contact  @wokewestindian  right away.",200,2026-10-07T07:21:06+00:00
WomenLifeFreedom,empty_page,,,,,,,,,"If you have  Telegram , you can contact  @WomenLifeFreedom  right away.",200,2026-10-07T07:21:08+00:00
wooblieIWW,alive,channel,Wobblie,17,,2026-10-07T05:20:29+00:00,18,18,,,200,2026-10-07T07:21:10+00:00
WorldAwakeningTrueNews,empty_page,,,,,,,,,"If you have  Telegram , you can contact  @WorldAwakeningTrueNews  right away.",200,2026-10-07T07:21:13+00:00
WorldLineZero,alive,channel,World Line Zero Report,1880,,2024-07-15T15:53:31+00:00,0,0,,News and theories to bring forth the best outcome possible  Collapsing all negative timelines,200,2026-10-07T07:21:16+00:00
WorldRevolutionary,alive,channel,The World Revolutionary   🕊,419,,2026-09-28T10:40:23+00:00,0,2,CommunistPact,🌾    🚩   ☭   🌏   ☭   🚩    🌾    Member of  @CommunistPact,200,2026-10-07T07:21:18+00:00
worldtsar,empty_page,,,,,,,,,"If you have  Telegram , you can view posts by  @worldtsar  right away.",200,2026-10-07T07:21:21+00:00
worldwire,alive,channel,W͟o͟r͟l͟d͟ W͟i͟r͟e͟ N͟e͟w͟s͟   🚨     🌎,5570,,2026-07-14T22:21:11+00:00,0,0,,"Real reporting, fast & accurate news source for all things that the mainstream media & big tech don't want you to see.  NOTE: WE DO NOT ADVOCATE VIOLENCE. ANY MEMBERS THAT VIOLATE THIS CHANNEL’S POLICY WILL BE PERMANENTLY BANNED PERIOD",200,2026-10-07T07:21:23+00:00
WrennSpencer,empty_page,,,,,,,,,"If you have  Telegram , you can contact  @WrennSpencer  right away.",200,2026-10-07T07:21:25+00:00
writesideblondeontelegram,alive,channel,RACHEL - WRITESIDE BLONDE   ®,6210,,2026-10-07T02:07:32+00:00,10,19,,Patriot   🇺🇸   Truth finder   🕵️‍♀️   Writer   ✍️    Tik Tok: Rachel_writesideblonde Instagram: writesideblonde  James 4:17  Isaiah 6:8   www.writesideblonde.com,200,2026-10-07T07:21:28+00:00
wtfup115,alive,channel_no_preview,Exposing The Lies,28,,,,,,Wake The Fuck Up People,200,2026-10-07T07:21:30+00:00
WV_Mountaineers,alive,channel,West Virginia Mountaineers,29,,2025-05-02T02:38:02+00:00,0,0,,All topics from We The People of West Virginia,200,2026-10-07T07:21:32+00:00
WW3INFO,alive,channel,Новости игр,67,,2026-02-17T11:17:57+00:00,0,0,,,200,2026-10-07T07:21:35+00:00
wwg1wga_love_news,alive,channel,WWG1WGA.love.News,153,,2026-10-03T01:54:28+00:00,18,18,,,200,2026-10-07T07:21:37+00:00
wwg1wgauk2020,alive,channel,WWG1WGA,12,,2025-07-23T19:22:56+00:00,0,0,,Energy flows where attention goes,200,2026-10-07T07:21:39+00:00
WWJDWWG1WGA,alive,channel_no_preview,WWG1WGA IN JESUS NAME,187,,,,,,Christian Patriots,200,2026-10-07T07:21:42+00:00
WWWWJusticeIsHere,alive,channel,World Wide Weather Manipulation,112,,2026-10-04T16:18:38+00:00,8,20,,,200,2026-10-07T07:21:44+00:00
xpatriotsalliancex,alive,channel_no_preview,🇬🇧Pᴀᴛʀɪᴏᴛs Aʟʟɪᴀɴᴄᴇ 𝑮𝒆𝒐𝒑𝒐𝒍𝒊𝒕𝒊𝒄𝒂𝒍 & 𝒑𝒐𝒍𝒊𝒕𝒊𝒄𝒂𝒍 𝑵𝒆𝒘𝒔,204,,,,,,Time to Fight against corruption,200,2026-10-07T07:21:47+00:00
xRebelxRebelx,alive,channel,The New Rebellion,69,,2025-09-22T23:28:23+00:00,0,0,,"Anti-woke politics calling out the corruption in media, government, and liberal institutions.  It's time to take back our freedom and fundamental God given rights. Liberalism is a mental disorder.",200,2026-10-07T07:21:49+00:00
xrrssfeed,alive,channel,Bot Colapsista,8,,2023-10-30T23:12:16+00:00,0,0,,"Esto es un bot automático, un robot. El canal gestionado por humanos es otro",200,2026-10-07T07:21:51+00:00
XxPLWxXChannel,empty_page,,,,,,,,,"If you have  Telegram , you can contact  @XxPLWxXChannel  right away.",200,2026-10-07T07:21:54+00:00
yeetpeepsdaily,empty_page,,,,,,,,,"If you have  Telegram , you can contact  @yeetpeepsdaily  right away.",200,2026-10-07T07:21:56+00:00
yellowvestcanada,empty_page,,,,,,,,,"If you have  Telegram , you can contact  @yellowvestcanada  right away.",200,2026-10-07T07:21:59+00:00
YerevanLights,empty_page,,,,,,,,,"If you have  Telegram , you can contact  @YerevanLights  right away.",200,2026-10-07T07:22:01+00:00
YidTel,alive,channel,Le'Hodia; All Happy Joyful News Links & Opinions!,384,,2026-10-07T02:25:21+00:00,20,20,,Like us:  https://telegram.me/tchannelsbot?start=JewishTelegram  Share us with your family & friends:  https://telegram.me/JewishTelegram,200,2026-10-07T07:22:03+00:00
Yorkshirepatriots,alive,channel,Yorkshire patriots,18,,2021-05-14T19:57:02+00:00,0,0,,We won't stand for the mass influx of the rapist Muslims and peadophile gangs. Fuck Islam.NFSE,200,2026-10-07T07:22:06+00:00
youllfindout,alive,channel,youllfindout,543,,2026-06-14T02:13:09+00:00,0,0,,,200,2026-10-07T07:22:08+00:00
youshuigongming,alive,channel,夜空中最亮的星  🦅,2170,,2025-06-01T10:20:05+00:00,0,0,,🙏    🙏    🙏  一切都是刚刚开始，一切都已经开始,200,2026-10-07T07:22:10+00:00
YouTubeTerminatedChannel,alive,channel,YouTubeTerminated,192,,2026-08-14T10:55:04+00:00,0,0,YouTubeTerminatedChannel,MSM & big tech has deceived many and we have been slaves to the evil system. The best is yet to come! Welcome to  @YouTubeTerminatedChannel,200,2026-10-07T07:22:13+00:00
youtubewrongthink,alive,channel_no_preview,YouTube Wrongthink,14,,,,,,This channel has been created in order to preserve YouTube channels that will one day be nuked by Google that are deemed 'wrongthink'. As if an idea should exist in this day in age. Fuck YouTube and Fuck Google.,200,2026-10-07T07:22:15+00:00
ytraptoirtapeht,alive,channel_no_preview,The Patriot Party,180,,,,,,"""The very word ""secrecy"" is repugnant in a free and open society;",200,2026-10-07T07:22:17+00:00
yurismediaroom,empty_page,,,,,,,,,"If you have  Telegram , you can contact  @yurismediaroom  right away.",200,2026-10-07T07:22:20+00:00
yuriwarnedus,alive,channel,☦️   Yuri Bezmenov Warned Us   🇺🇸,5800,,2026-10-07T03:14:56+00:00,18,18,YurisOrthopostingFrens,🇺🇸   Unashamed American   💭   Professional pattern recognizer   🌿   Son of Rome and Byzantium   🕑   Long game enthusiast   ☦️   IC XC NIKA  Join my Orthodox chat   ☦️    https://t.me/YurisOrthopostingFrens   Follow my Gab   🐸    https://gab.com/Yuri_Bezmenov_Warned_Us,200,2026-10-07T07:22:22+00:00
ZA_future_of_the_West,alive,channel,"South Africa, future of the West   🇿🇦",5890,,2026-10-07T05:29:00+00:00,20,20,channelcollection,"*Warning*  May contain upsetting imagery.  Reports about South Africa. Riots, farm attacks, attacks on civilians. News articles on the economic situation, etc.   Forwards are not endorsements. Part of the  @channelcollection",200,2026-10-07T07:22:25+00:00
ZeFunhouse,alive,channel_no_preview,The Funhouse,45,,,,,,A place for free thought and based individuals. Fight the rising tide of ignorance,200,2026-10-07T07:22:27+00:00
zerohedge,alive,channel_no_preview,ZeroHedge    [ FAKE ],14659,,,,,,,200,2026-10-07T07:22:30+00:00
Zoomer_Waffen,alive,channel_no_preview,🌳 𝐙𝖔𝖔𝖒𝖊𝖗𝐖𝖆𝖋𝖋𝖊𝖓 🌳,2825,,,,,,Homesick for a place I’m not even sure exists.,200,2026-10-07T07:22:32+00:00
Zoomerwaffen5,alive,channel_no_preview,𝐙𝖔𝖔𝖒𝖊𝖗𝐖𝖆𝖋𝖋𝖊𝖓,10309,,,,,,Homesick for a place I’m not even sure exists.,200,2026-10-07T07:22:34+00:00
zuccmems,alive,channel,Can't Cucc Teh Zucc,60,,2025-05-15T00:19:46+00:00,0,0,NolanSmalls,Poking fun at our Supreme Overlord while we still can. Always searching for fresh memes. Please feel free to contact me  @NolanSmalls  for submissions and general banter.,200,2026-10-07T07:22:37+00:00
Account_Bin,alive,channel_no_preview,ACCOUNT BIN 🤑,212,,,,,Account_Bin_Bot,👉Free And Real Bins Available Here 👉Contact us:-  @Account_Bin_Bot  👉my blogger:- bit.ly/hunter11821-blog,200,2026-10-07T07:22:39+00:00
affixhacks,empty_page,,,,,,,,,"If you have  Telegram , you can contact  @affixhacks  right away.",200,2026-10-07T07:22:41+00:00
ARABCR3W,empty_page,,,,,,,,,"If you have  Telegram , you can contact  @ARABCR3W  right away.",200,2026-10-07T07:22:44+00:00
bakchodiiii,empty_page,,,,,,,,,"If you have  Telegram , you can view posts by  @bakchodiiii  right away.",200,2026-10-07T07:22:46+00:00
BINNERS_GEY,empty_page,,,,,,,,,"If you have  Telegram , you can contact  @BINNERS_GEY  right away.",200,2026-10-07T07:22:48+00:00
BINSPREMIUMHQ,empty_page,,,,,,,,,"If you have  Telegram , you can contact  @BINSPREMIUMHQ  right away.",200,2026-10-07T07:22:51+00:00
Dragonsconvenant,alive,channel,dragonsconvenant,1,,2024-12-16T20:51:13+00:00,0,0,,,200,2026-10-07T07:22:53+00:00
evilbin,empty_page,,,,,,,,,"If you have  Telegram , you can contact  @evilbin  right away.",200,2026-10-07T07:22:55+00:00
freehere,empty_page,,,,,,,,,"If you have  Telegram , you can contact  @freehere  right away.",200,2026-10-07T07:22:57+00:00
giveaway8728,alive,channel_no_preview,Giveaway and promotion tricks,49,,,,,,,200,2026-10-07T07:23:00+00:00
hackingcource12,empty_page,,,,,,,,,"If you have  Telegram , you can contact  @hackingcource12  right away.",200,2026-10-07T07:23:02+00:00
HackWiz,empty_page,,,,,,,,,"If you have  Telegram , you can view posts by  @HackWiz  right away.",200,2026-10-07T07:23:04+00:00
heaven_officially,alive,channel,Hackerz Network,1320,,2026-08-13T03:05:06+00:00,0,0,,Download our Apps BinManager  https://bit.ly/2TeUmMV   Don't try be a carder else heaven not sure for you,200,2026-10-07T07:23:07+00:00
Hunter11821,alive,channel,Hunter11821  ™,439,,2025-05-26T13:01:46+00:00,0,0,,If U Want To Earn Money   😍   Follow My Tricks    📞  ... Bhai ka youtube channel:  https://youtube.com/channel/UC2glKMcGFqDnnzqDj8ijUSg     😍   Unlimited Refer Bypass Trick    😱   New App And Website    ❤   आपकी मुस्कान से भरी जो सूरत है बस मुझे उसी की जरूरत है,200,2026-10-07T07:23:09+00:00
HutterGiveaways,empty_page,,,,,,,,,"If you have  Telegram , you can view posts by  @HutterGiveaways  right away.",200,2026-10-07T07:23:12+00:00
kingjayvpn,empty_page,,,,,,,,,"If you have  Telegram , you can view posts by  @kingjayvpn  right away.",200,2026-10-07T07:23:14+00:00
KurdishAccounts,empty_page,,,,,,,,,"If you have  Telegram , you can contact  @KurdishAccounts  right away.",200,2026-10-07T07:23:17+00:00
MasterOwl_RSS,empty_page,,,,,,,,,"If you have  Telegram , you can contact  @MasterOwl_RSS  right away.",200,2026-10-07T07:23:19+00:00
MASTERS_UNITED,alive,channel,Masters united,63,,2025-08-15T16:48:24+00:00,0,0,,,200,2026-10-07T07:23:21+00:00
netflixpremiumgiveaways,alive,channel_no_preview,X- Stream Giveaways,830,,,,,,"╔╦╦╦═╦╗╔═╦═╦══╦═╗ ║║║║╩╣╚╣═╣║║║║║╩╣ ╚══╩═╩═╩═╩═╩╩╩╩═╝ We provide —Netflix ——Amazon Acc ——— Vypr Vpn acc ———— Mod apks —————premium accounts  Channel created on :- 23 November, 2019",200,2026-10-07T07:23:24+00:00
PaidUdemyCoursesForFree1,alive,channel_no_preview,STRANGER GIVEAWAY,35,,,,,,,200,2026-10-07T07:23:26+00:00
plethoraupdates,empty_page,,,,,,,,,"If you have  Telegram , you can contact  @plethoraupdates  right away.",200,2026-10-07T07:23:28+00:00
premium_collection_in,empty_page,,,,,,,,,"If you have  Telegram , you can view posts by  @premium_collection_in  right away.",200,2026-10-07T07:23:31+00:00
prenium_bins,empty_page,,,,,,,,,"If you have  Telegram , you can contact  @prenium_bins  right away.",200,2026-10-07T07:23:33+00:00
SoulBinnerz,empty_page,,,,,,,,,"If you have  Telegram , you can contact  @SoulBinnerz  right away.",200,2026-10-07T07:23:35+00:00
Tamilprobinner,empty_page,,,,,,,,,"If you have  Telegram , you can contact  @Tamilprobinner  right away.",200,2026-10-07T07:23:38+00:00
TECH_HU8,empty_page,,,,,,,,,"If you have  Telegram , you can contact  @TECH_HU8  right away.",200,2026-10-07T07:23:40+00:00
tricksofficialchannel,alive,channel,TRICKS OFFICIAL,13,,2025-04-10T13:59:06+00:00,0,0,CrackPremiumAccounts,WELCOME TO Tricks Official Channel  ✌️    🙂    here you can get following accounts and tricks    Our team is:  @CrackPremiumAccounts,200,2026-10-07T07:23:42+00:00
unknownlegendz,empty_page,,,,,,,,,"If you have  Telegram , you can contact  @unknownlegendz  right away.",200,2026-10-07T07:23:44+00:00
AshWSB,alive,channel,ASH WSB,4,,2022-10-12T17:53:15+00:00,0,0,,,200,2026-10-07T07:23:47+00:00
avestagroupuz,alive,channel,Avesta Investment Group - Uzbekistan,1450,,2026-10-06T11:30:24+00:00,13,13,avestainvestbot,"Avesta Investment Group - a leading investment banking firm in Uzbekistan and Turkmenistan.    https://www.avestagroup.com   With inquiries, please contact   @avestainvestbot",200,2026-10-07T07:23:49+00:00
BankerX,alive,channel,BankerX Broadcast,4710,,2026-09-12T08:54:05+00:00,0,1,,,200,2026-10-07T07:23:51+00:00
bannedbearcalls,empty_page,,,,,,,,,"If you have  Telegram , you can contact  @bannedbearcalls  right away.",200,2026-10-07T07:23:54+00:00
basedbiztelegram,alive,channel_no_preview,Go to @slashbizchannel,238,,,,,slashbiz slashbizchannel,Deprecated due to telegram censorship for app stores users Chat -  @slashbiz  Current channel -  @slashbizchannel,200,2026-10-07T07:23:56+00:00
bearmageddon,empty_page,,,,,,,,,"If you have  Telegram , you can contact  @bearmageddon  right away.",200,2026-10-07T07:23:58+00:00
bitcoin,alive,channel,Bitcoin,184000,,2026-10-06T23:44:59+00:00,20,20,,This is the top Telegram channel for  #Bitcoin  news and information. Inject the orange coin directly into your mind!   🍊,200,2026-10-07T07:24:01+00:00
Bitcoin_Ethereum_Trading,alive,channel,Bitcoin_Ethereum_Trading,20,,2026-02-24T12:41:06+00:00,0,0,,Bitcoin_Ethereum_Trading,200,2026-10-07T07:24:03+00:00
bitcoinchannel,alive,channel,Bitcoin channel,3230,,2026-10-07T02:45:34+00:00,20,20,altcoin bitchannelsbot bitcoinsignals btcjp cryptocurrency emergingcrypto ethereumdapps,Contact / proposals   👉🏼    @bitchannelsbot    Crypto news:  @cryptocurrency    📢   Trading:  @bitcoinsignals    ⏰   Altcoins:  @altcoin    📣   Mixed news feed:  @emergingcrypto    📡   DAPPs:  @ethereumdapps    🔹   Japanese:  @btcjp    🇯🇵,200,2026-10-07T07:24:05+00:00
BitcoinKarl,alive,channel_no_preview,Karl T's Bitcoin Channel,509,,,,,,An educational channel for nationalists who are interested in the latest Bitcoin info. Hosted by Karl Thorburn.,200,2026-10-07T07:24:08+00:00
bitcoinmemes,alive,channel,Bitcoin Memes,6340,,2026-09-25T12:16:22+00:00,0,8,PepeTheFrog bitcoin_memes_chat,send memes:  @PepeTheFrog   chat:  @bitcoin_memes_chat,200,2026-10-07T07:24:10+00:00
bitcoinsignals,alive,channel,Bitcoin Trading Signals,847,,2026-06-03T17:45:43+00:00,0,0,bitchannelsbot bitcoinchannel cryptocurrency,"Channel for Bitcoin Trading signals. Contact / proposals, message   👉🏼    @bitchannelsbot    BTC news and updates on  @bitcoinchannel  Cryptocurrency news on  @cryptocurrency",200,2026-10-07T07:24:12+00:00
BitcoinSniper,alive,channel,Bitcoin Sniper,13500,,2026-10-07T02:08:06+00:00,10,20,XypherIO,"Tracks important information about the king, including unusual activities, news and other metrics.  Another bot by  @XypherIO",200,2026-10-07T07:24:15+00:00
blockchain_lobsters,alive,channel,Crab Notes [OLD],130,,2022-06-05T10:15:51+00:00,0,0,,,200,2026-10-07T07:24:17+00:00
blocktroll,alive,channel,₿ootleg Ⓐnalysis,329,,2026-09-25T18:03:29+00:00,0,10,,"Gonzoblogging decentralization, crypto-anarchy, and synthetic intelligence.",200,2026-10-07T07:24:19+00:00
boxminingChannel,alive,channel,Boxmining Announcements,2020,,2024-12-02T07:53:16+00:00,0,0,,Latest Videos and Announcments from Boxmining. Get the latest groundbreaking news and information!,200,2026-10-07T07:24:22+00:00
BrieflyCrypto,alive,channel,Briefly Crypto,5150,,2025-10-30T10:47:36+00:00,0,0,danclarkie imBagsy,"Screening  #Crypto  &  #NFT  news in real-time, AI-driven.    🚨   Articles are not endorsements   🚨    Created by  @danclarkie  in collaboration with  @imBagsy    twitter.com/BrieflyCrypto",200,2026-10-07T07:24:24+00:00
bullionbitcoinbs,alive,channel,"₿ullion, ₿itcoin & ₿eyond w/ GMONEY",11300,,2026-10-07T04:06:12+00:00,20,20,bullionbitcoinbs,We discuss everything Bitcoin related to teach individuals how to become self sovereign and acess true freedom in cyberspace. Bitcoin is Digital 1776  Rugpull Radio  https://t.me/bullionbitcoinbs,200,2026-10-07T07:24:27+00:00
bullionstacking,alive,channel,Bullion Stacking,2,,2022-02-06T01:58:55+00:00,0,0,,"News, tips and resources for anyone wanting to buy gold and silver.",200,2026-10-07T07:24:29+00:00
canalexrp,alive,channel,Ripple XRP | Breaking News,2520,,2026-10-06T07:04:56+00:00,3,12,,Useful News & Updates about Ripple and XRP,200,2026-10-07T07:24:31+00:00
cbinsider,alive,channel,Coin Bureau Telegram (Old),220,,2025-12-02T11:12:51+00:00,0,0,CoinBureau,Old Coin Bureau Telegram  Please follow  @CoinBureau  for the link to the main Coin Bureau telegram account,200,2026-10-07T07:24:33+00:00
cointified,empty_page,,,,,,,,,"If you have  Telegram , you can contact  @cointified  right away.",200,2026-10-07T07:24:36+00:00
cotichannel,alive,channel,COTI FOUNDATION CHANNEL,3990,,2026-10-06T18:31:09+00:00,2,18,COTInetwork,Welcome to the COTI Foundation Official Telegram Channel! Here you will find all the news and updates from the COTI team. Got any questions? Chat with us in our official group  https://t.me/COTInetwork,200,2026-10-07T07:24:38+00:00
Crypto_Binance_Trading,empty_page,,,,,,,,,"If you have  Telegram , you can contact  @Crypto_Binance_Trading  right away.",200,2026-10-07T07:24:40+00:00
crypto_meme,alive,channel,#meme,323,,2021-11-08T08:53:39+00:00,0,0,nakamotocat,Best crypto memes in one place. Get one of your five-a-day!   contact -  @nakamotocat,200,2026-10-07T07:24:43+00:00
crypto_nats,empty_page,,,,,,,,,"If you have  Telegram , you can contact  @crypto_nats  right away.",200,2026-10-07T07:24:45+00:00
Crypto_Trading_Bitcoinf,alive,channel,Crypto Trading Bitcoin,13900,,2025-06-21T05:45:16+00:00,0,0,CTBSupport,#crypto   #trading   #bitcoin   #signals   #pumps   We are a team that consist of sophisticated and experienced traders that delivers daily crypto spot & margin signals with low risk and good profit.    ➡️   Contact:  @CTBSupport,200,2026-10-07T07:24:47+00:00
CryptoAlerts,alive,channel,Crypto Alerts,9240,,2026-10-01T21:48:11+00:00,1,2,listmebot,This channel is for major Crypto Alerts ONLY.  To list an item please use  @listmebot,200,2026-10-07T07:24:50+00:00
CryptoArnieANN,empty_page,,,,,,,,,"If you have  Telegram , you can contact  @CryptoArnieANN  right away.",200,2026-10-07T07:24:52+00:00
cryptobullet,alive,channel,CryptoBullet,67600,,2026-10-06T13:38:23+00:00,12,20,likeniss,Let the CryptoBullet hit you!  🔫    Business Inquiries  @likeniss   Premium/VIP subscription  @likeniss   Not Financial Advice,200,2026-10-07T07:24:54+00:00
cryptobuyit,alive,channel,Crypto buys,177,,2022-07-27T18:26:06+00:00,0,0,,Just your one stop crypto news shop.  For up-to-date news on crypto coins.  Read fast   So you can be  Crypt.to.buy.it,200,2026-10-07T07:24:56+00:00
CryptoCoinsCoach,alive,channel,Coach,23100,,2026-10-06T22:24:57+00:00,5,16,verify_coach,CRYPTO COIN NEWS TRADING ALPHA & PORTFOLIO RESEARCH    ✅   Pvt Memberships: [Non-Refundable]  DM   ➡️    @verify_coach    Educational Content - Not A Financial Advice! DYOR  BITCOIN TRUMP WLFI BYBIT ETHEREUM AI SOLANA DOGE XRP ADA TRADE CHARTS INF,200,2026-10-07T07:24:59+00:00
cryptodakuofficial,alive,channel,Crypto Daku,49500,,2026-06-02T12:49:22+00:00,0,0,cryptodakuofficial cryptodakurobinhooders,For discussing everything about crypto. Cryptodaku is primary news channel to know latest happening in crypto. always DYOR. and plan your entry and exit  https://t.me/cryptodakuofficial   https://t.me/cryptodakurobinhooders   https://twitter.com/CryptoDaku_,200,2026-10-07T07:25:01+00:00
cryptokings25,alive,channel,Crypto Kings  ™,1990,,2025-11-15T07:55:51+00:00,0,0,cryptokingsboss,"Crypto Kings  ™   Make Your Crypto Work for You!  Everyone should earn with us!  Trade, Investment, Strategies.  Administrators  @cryptokingsboss",200,2026-10-07T07:25:04+00:00
CryptoMarketUpdates,alive,group,Crypto Market Updates💯,,38,,,,,Best Community for Crypto Market Updates and Crypto Analysis✅️,200,2026-10-07T07:25:06+00:00
cryptomaymay,alive,channel,/biz/ Crypto MayMay Shithole - Bogdanof Down! I repeat both Bogdanof down!,2530,,2026-04-26T12:21:41+00:00,0,0,,Your favorite /biz/'s /biz/,200,2026-10-07T07:25:08+00:00
CryptoNewsNowGAB,alive,channel,CRYPTO NEWS NOW,177,,2022-01-22T08:20:43+00:00,0,0,,,200,2026-10-07T07:25:11+00:00
CryptoRankNews,alive,channel,CryptoRank Analytics,658000,,2026-10-06T17:30:30+00:00,20,20,CryptoRankEn CryptoRank_BDtm cryptorank_io_sup cryptorank_ru,The official channel of  CryptoRank.io  platform  Business request:  @CryptoRank_BDtm   Community chat -  @CryptoRankEn   Support -  @cryptorank_io_sup   СНГ чат -  @cryptorank_ru   Twitter  x.com/CryptoRank_io,200,2026-10-07T07:25:13+00:00
cryptorhythmsofficial,alive,channel,Cryptorhythms Official,129,,2021-11-18T15:31:39+00:00,0,0,,"This will be the Announcement, News and Info Channel for CryptoRhythms Group. Welcome!  Maintained by: ILoveBitmex",200,2026-10-07T07:25:16+00:00
CryptoSurge_ANN,alive,channel,Crypto Surge Announcements,533,,2026-06-17T17:00:18+00:00,0,0,CryptoSurge_EN,Research & publication about Blockchain technology  Join the chat:  @CryptoSurge_EN   (The chat is now private),200,2026-10-07T07:25:18+00:00
cryptotafree,alive,channel_no_preview,Tradingview Crypto Technical Analysis,137,,,,,cryptonewsEN cryptotafree forextafree stockstafree,"Technical Analysis Channels:  -Crypto:  @cryptotafree   -Stocks:  @stockstafree   -Forex, Index, Commodities:  @forextafree   -Crypto News:  @cryptonewsEN",200,2026-10-07T07:25:20+00:00
CryptoTrades,alive,channel,Crypto Trades,13000,,2026-10-05T16:50:44+00:00,4,20,ataladmin,This is Earn&Learn channel. We are here to enjoy the ride while learning how to do it. Swing trading without pumps&dumps.  Contact  @ataladmin  for Enquiries   https://forms.gle/Jv9V9Ea6cmkuC8GA7,200,2026-10-07T07:25:23+00:00
CryptoTree07,empty_page,,,,,,,,,"If you have  Telegram , you can view posts by  @CryptoTree07  right away.",200,2026-10-07T07:25:25+00:00
cryptovigilante,empty_page,,,,,,,,,"If you have  Telegram , you can contact  @cryptovigilante  right away.",200,2026-10-07T07:25:27+00:00
CryptoVigilanteANN,alive,channel,CryptoVigilante,4150,,2025-04-17T01:18:32+00:00,0,0,CryptoVigilanteNetwork RealCryptoV,Website: CryptoVigilante.News  Contact:  @RealCryptoV  Chat:  @CryptoVigilanteNetwork   Not affiliated with The Dollar Vigilante,200,2026-10-07T07:25:29+00:00
CryptoVigilanteNews,alive,channel,CryptoVigilante News,2170,,2025-07-18T12:21:41+00:00,0,0,CryptoVigilanteANN CryptoVigilanteNetwork RealCryptoV,News & Evidence will be shared in this channel. Main Channel  @CryptoVigilanteANN .   Contact:  @RealCryptoV  Chatroom:  @CryptoVigilanteNetwork,200,2026-10-07T07:25:32+00:00
CryptoWorldICOs,alive,channel,Crypto World ICOs,25,,2026-09-06T14:41:04+00:00,0,0,,,200,2026-10-07T07:25:34+00:00
DeCenterOrg,alive,channel,DeCenter – Blockchain and Bitcoin,17300,,2026-10-07T06:06:36+00:00,20,20,DCTeam,DeCenter is the #1 blockchain community in Russia with over 75 000 experts. And this is our channel for English-speaking members.    🔥   Buy ads:  @DCTeam,200,2026-10-07T07:25:37+00:00
defi_nft21,alive,channel,Dex   💎  GEM  💎   DeFi,6750,,2026-08-22T18:12:55+00:00,0,0,Pentoska mar_defi,"maybe I know something  Nothing posted here constitutes financial advice, so always  #DYOR  (Do Your Own Research)  donations for content:TON UQBCTBs3Zz9-HQUv5j7MDrZW6c1MEwRc5cZ-Dmnt3CaSaHr-  admin:  @Pentoska  promo/pay:  @mar_defi",200,2026-10-07T07:25:39+00:00
defiprime,alive,channel,defiprime,13300,,2026-10-06T20:53:17+00:00,7,20,,All things DeFi - trustless and transparent financial products built on top of the blockchain.  Brought to you by  defiprime.com   x.com/defiprime,200,2026-10-07T07:25:41+00:00
Dollarvigilante1,empty_page,,,,,,,,,"If you have  Telegram , you can contact  @Dollarvigilante1  right away.",200,2026-10-07T07:25:44+00:00
elisascharts,alive,channel,Elisa's Charts,1000,,2026-09-19T09:52:30+00:00,0,2,elisasFXanalysis elisasFXchat elisasTAchat,ELISA'S CHARTS technical analysis. Join chat too  t.me/elisasTAchat  and for FX  t.me/elisasFXanalysis  and  t.me/elisasFXchat,200,2026-10-07T07:25:46+00:00
elon_musk,alive,channel,Elon Musk,72800,,2026-10-07T05:40:34+00:00,16,16,,Elon Musk | Tesla | SpaceX | Latest news & innovations   Youtube channel:   https://youtube.com/@elon-musk-today?si=ub8TCtiLQWAoF3b6   Unofficial fan & news channel. Not affiliated with or endorsed by Elon Musk.,200,2026-10-07T07:25:49+00:00
financialright,empty_page,,,,,,,,,"If you have  Telegram , you can contact  @financialright  right away.",200,2026-10-07T07:25:51+00:00
GeishaFeed,alive,channel,@iykyk,3530,,2026-10-05T14:34:37+00:00,1,7,ahimsafeed chartfeed photonfeed sidahimsa,"Markets, crypto, memes, since '17  More feeds:  @ahimsafeed  -  @chartfeed  -  @photonfeed  - by  @sidahimsa",200,2026-10-07T07:25:53+00:00
globalcryptoinvestment,alive,channel,ICA Updates,21,,2019-12-12T12:18:40+00:00,0,0,Tugito cryptosupprt,Welcome to International Crypto Association!We know we improve ourselves with our customers.For any questions or informations about our premium services: Membership/Paid Promotion:  @cryptosupprt   Cross:  @Tugito  Email: cryptoassociationchannel@gmail.com,200,2026-10-07T07:25:56+00:00
Goldaktien,alive,channel,1000 Bagger Report,123,,2026-10-03T17:13:21+00:00,10,20,,REICH MIT GOLDAKTIEN  https://gebert-trade.weebly.com/report.html,200,2026-10-07T07:25:58+00:00
HEXnews,alive,channel,HEXnews,9000,,2018-05-15T16:45:37+00:00,0,0,,"Richard only communicates in person. He doesn't use twitter, telegram, social media, email, msgs, youtube, newspapers, magazines, mail, tv, or radio. Humble  ❤️    🙏",200,2026-10-07T07:26:00+00:00
iCrypto,alive,channel,iCrypto,508,,2024-08-02T23:05:13+00:00,0,0,,Latest crypto news & market insights,200,2026-10-07T07:26:02+00:00
infocryptosignals,alive,channel,INFOCRYPTO - Since 2018,2620,,2026-08-21T12:48:01+00:00,0,0,,,200,2026-10-07T07:26:05+00:00
internationalcryptoassociation,alive,channel,International Crypto Association,61,,2019-12-12T12:31:03+00:00,0,0,Tugito cryptosupprt,Welcome to International Crypto Association!We know we improve ourselves with our customers.For any questions or informations about our premium services: Membership/Paid Promotion:  @cryptosupprt   Cross:  @Tugito  Email: cryptoassociationchannel@gmail.com,200,2026-10-07T07:26:07+00:00
investkaki,alive,channel,InvestKaki,5030,,2026-10-05T03:44:55+00:00,4,13,,📊   Invest for the Better!,200,2026-10-07T07:26:10+00:00
itubernews,alive,channel,iTuber Crypto News,1790,,2023-12-31T07:02:40+00:00,0,0,batv1 itubernews,✅   YouTube channel:  https://goo.gl/prpjNR    ✅   Telegram news:  https://t.me/itubernews                  ✅   Contact  @batv1,200,2026-10-07T07:26:12+00:00
joescrypt,alive,channel,JoesCrypt,9460,,2026-10-07T04:24:29+00:00,19,19,,Nothing posted or shared in this channel should be considered financial advice.  Disclaimer:  bit.ly/asymm-disclaimer,200,2026-10-07T07:26:14+00:00
kryptsu,alive,channel,Kryptsu,369,,2021-12-14T11:20:37+00:00,0,0,,Emerging tech for the innovative investor,200,2026-10-07T07:26:17+00:00
missnatoshisvikings,empty_page,,,,,,,,,"If you have  Telegram , you can contact  @missnatoshisvikings  right away.",200,2026-10-07T07:26:20+00:00
MoneroEconomicForum,alive,channel,Monero Economic Forum,1750,,2026-08-22T18:16:00+00:00,0,0,,Monero: The Greater Reset  moneroeconomicforum@protonmail.com,200,2026-10-07T07:26:22+00:00
MoneroOrangePills,alive,channel,Monero Orange Pills   🟠,1280,,2021-12-24T06:26:36+00:00,0,0,,Monero is King   👑     88xWAazQqXn9FAtDc1QZCkLdXdXnYHkTf7uFoWNhUtiRNLh6pJmGPc15nHNFMR3mhEcBJvWKy3L4PZaN2tjPfrpAEMraCJs,200,2026-10-07T07:26:24+00:00
News_4CTrading,alive,channel,4C Trading News,3090,,2023-02-27T19:41:05+00:00,0,0,Julien_4C butler_4c_bot testimonials4C,"The #1 Cryptocurrency Community   Admin:  @Julien_4C  Joins us:  @butler_4c_bot  Reviews:  https://t.me/testimonials4C  Website:  www.4c-trading.com  Sign up for SMART Bots FREE trial:  https://4c-trading.com/trial-2/   Research only, no financial advise!",200,2026-10-07T07:26:27+00:00
OccupyWallStreet2,empty_page,,,,,,,,,"If you have  Telegram , you can contact  @OccupyWallStreet2  right away.",200,2026-10-07T07:26:29+00:00
OhHeyMattyAnnouncement,alive,channel_no_preview,OhHeyMatty Announcement Channel    [ SCAM ],88,,,,,,A place for general announcements for my Youtube followers.,200,2026-10-07T07:26:31+00:00
OhHeyMattyOfficialANN,alive,channel,DeFi Crypto Ann,1150,,2018-11-05T06:17:14+00:00,0,0,,"Channel where we discuss crypto related news/topics, Bitcoin/Altcoin TA, and Crypto startups.  The content on this channel is not meant to be financial advice and should not be used as such. Please do your own due dilligence.   #Crypto",200,2026-10-07T07:26:33+00:00
patronsofthemoon,alive,channel,patronsofthemoon,14,,2026-10-05T09:54:56+00:00,1,2,,,200,2026-10-07T07:26:36+00:00
presearchnews,alive,channel,Presearch News,5110,,2026-07-29T00:20:36+00:00,0,0,,The Official Presearch Telegram Channel,200,2026-10-07T07:26:38+00:00
Pro_Crypto_Signals,alive,channel,PRO CRYPTO SIGNALS  ™,3180,,2026-05-23T03:42:41+00:00,0,0,ProCryptoSignals_Support ProCryptoSignals_Support_bot,Professional Cryptocurrency Trading News & Analysis. Do your own research before following any Idea.   (Spot trading Only).   @ProCryptoSignals_Support_bot   https://procryptosignals.com/   Live Support Contact:  @ProCryptoSignals_Support,200,2026-10-07T07:26:40+00:00
ProAnalysisTrader,alive,channel,Pro Analysis,10900,,2026-09-20T04:27:36+00:00,0,1,markhenry01,"Contact us  @markhenry01   We ProAnalysis, we aim to provide a conducive learning environment so you can learn and make profit .Not financial Advise .We are not responsible for any of your bad trades.",200,2026-10-07T07:26:43+00:00
ProjectSeraphim,alive,channel,BearBangerz,2110,,2026-09-03T23:28:20+00:00,0,0,,,200,2026-10-07T07:26:45+00:00
pSquare_Channel,alive,channel,PSquare Daily Alpha,1010,,2025-02-24T03:56:41+00:00,0,0,stack2deep,Website :  https://pSquare.capital   contact  @stack2deep,200,2026-10-07T07:26:47+00:00
QSINEWSCA,alive,channel,QSI Northern California   🇺🇸   (DO NOT USE),573,,2025-12-31T18:11:28+00:00,0,0,,Welcome to QSI Northern California News! We are the Official News and Resources channel to support the Northern California  ✨   Stellar Quorum Ecosystem.  Disclaimer: Not Financial Advice. For Educational Purposes only.,200,2026-10-07T07:26:50+00:00
QuantumStellarInitiative,alive,channel,✨  Quantum Stellar Initiative (QSI)  ✨,31800,,2026-10-07T06:44:19+00:00,20,20,,"QSI is the world's leading community on Stellar education, ecosystem, and adoption. Not a Financial Advisor. Please DYOR  “𝓑𝔂 𝓽𝓱𝓮 𝓟𝓮𝓸𝓹𝓵𝓮, 𝓕𝓸𝓻 𝓽𝓱𝓮 𝓟𝓮𝓸𝓹𝓵𝓮!”  ❤️    Est. 8/27/2021",200,2026-10-07T07:26:53+00:00
r_Bitcoin,alive,channel,r/Bitcoin,1280,,2026-10-07T06:37:17+00:00,19,19,,r/Bitcoin,200,2026-10-07T07:26:55+00:00
rektplebs,alive,channel,Rekt Plebs,10900,,2026-10-01T15:10:50+00:00,1,20,addstickers noplebs rektplebssubmission shitplebssay,We're collecting messages of rekt plebs   @shitplebssay  Listed in  @noplebs  Listed in  cryptogroups.com  Official sticker pack  https://t.me/addstickers/RektPlebs    Submit rekt plebs at  @rektplebssubmission,200,2026-10-07T07:26:57+00:00
RichardsCalls,alive,channel,Richard's Calls,10900,,2018-03-18T21:41:07+00:00,0,0,,"Richard only communicates in person. He doesn't use twitter, telegram, social media, email, msgs, youtube, newspapers, magazines, mail, tv, or radio. Humble  ❤️    🙏",200,2026-10-07T07:27:00+00:00
rssfeed4chanbiz,empty_page,,,,,,,,,"If you have  Telegram , you can contact  @rssfeed4chanbiz  right away.",200,2026-10-07T07:27:02+00:00
saylorsays,empty_page,,,,,,,,,"If you have  Telegram , you can contact  @saylorsays  right away.",200,2026-10-07T07:27:04+00:00
signals_binance_trading,alive,channel,Binance Trading Signals,20600,,2025-06-21T05:45:16+00:00,0,0,CrypticTradingBot,"#binance    We are a team experienced in trading that provides high accuracy signals for major exchanges, mainly Binance. We also provide crypto news and TA of coins!  #DYOR  Not Financial Advice    🤖   Promotion / VIP:  @CrypticTradingBot",200,2026-10-07T07:27:07+00:00
slashbizchannel,alive,channel_no_preview,"/slashbiz/ dictatorship~ Optimal scarce content, Sneed, Crypto, Business and Finance, AI, memes, news, and being poor in",3433,,,,,slashbiz,"We value uniformity, inequity, and exclusivity.  Join  @slashbiz  chat",200,2026-10-07T07:27:09+00:00
spaceport,alive,channel,Space Port,47,,2021-08-25T17:46:25+00:00,0,0,,A Wretched Hive of Scum and Villainy,200,2026-10-07T07:27:11+00:00
StreetTraderFx,alive,channel,StreetTraderFx  🫆,3860,,2026-09-29T18:04:25+00:00,0,19,,Author of “High Probability Demand & Supply Trading Strategy” Malaysian SNR Trader,200,2026-10-07T07:27:14+00:00
synergygolubyev,empty_page,,,,,,,,,"If you have  Telegram , you can contact  @synergygolubyev  right away.",200,2026-10-07T07:27:16+00:00
TechCryptoAnalyst,alive,channel,Technical CRYPTO Analyst,321000,,2026-10-06T16:11:13+00:00,19,20,,We provide only technical based charts here for alts coins as well as btc   We believe in charts and TA.  Not an Investment Advice Do your Own RESEARCH always,200,2026-10-07T07:27:18+00:00
tehmoonwalkin,alive,channel,tehMoonwalkeR Calls and Bullish News,4150,,2026-09-24T19:53:24+00:00,0,6,tehmoonwalker,longterm crypto investing  @tehmoonwalker,200,2026-10-07T07:27:21+00:00
TheBabylonians,alive,channel,TheBabylonians,3950,,2026-07-16T02:01:32+00:00,0,0,,Twitter:  https://x.com/The_Babylonians   YouTube:  https://www.youtube.com/c/TheBabyloniansCrypto   Substack (Biotech):  https://syntopia23.substack.com/,200,2026-10-07T07:27:23+00:00
thebull_crypto,alive,channel,The Bull,174000,,2026-10-07T06:36:08+00:00,20,20,TBE_SUPPORTER thebullowner,None of my posts are financial advice. Its my observation and opinion. Do your own research.  Business:  @thebullowner   Exclusive Group:  @TBE_SUPPORTER   Tweets:  x.com/thebull_crypto   Channel link:  https://t.me/+X0yIZqu2BQxlZTBl,200,2026-10-07T07:27:25+00:00
thedailyape,alive,channel,The Daily Ape (On Break),28900,,2026-04-20T07:40:29+00:00,0,0,Darrenlautf,"Posting stuff I find interesting here, feel free to share around! Frens share alpha.   @Darrenlautf     https://twitter.com/Darrenlautf    Disclaimer : Not financial advice, DYOR, Projects mentioned are not an endorsement/shill. Views are my own.",200,2026-10-07T07:27:28+00:00
TheTradeLog,alive,channel,TradeLog,57,,2023-01-15T01:51:59+00:00,0,0,,,200,2026-10-07T07:27:30+00:00
TMGChannel,alive,channel,Crypto Saving Expert,2590,,2026-10-07T06:02:33+00:00,9,20,,"Official Crypto Saving Expert Announcements Channel, Trading, Videos, News - Feel Free to share this content",200,2026-10-07T07:27:32+00:00
TradeLogIN,alive,group,KİMSESİZLER YER ALTI 2,,448,,,,kimsesizleryeralti,https://t.me/kimsesizleryeralti gruba davetlisiniz,200,2026-10-07T07:27:35+00:00
traderanalysis,alive,channel_no_preview,‏Trader Analysis Spx 🇸🇦,837,,,,,,"القناه العامة      - التحليل الفني ( لـ  الاوبشن , الاسهم , الشركات ). * بنـاء على النظره الفنيه والماليه يتم النشر في هذا القناة  لغرض التعليم والفائدة وننصح بالتداول بالمحفظه التجريبيه وقرار البيع والشراء مسؤوليتك 📝",200,2026-10-07T07:27:37+00:00
unfolded,alive,channel,unfolded.,117000,,2026-10-07T03:55:25+00:00,20,20,nakamotocat unfolded_defi,Hand-curated crypto market insights  DeFi:  @unfolded_defi  | X:  x.com/cryptounfolded  | DM  @nakamotocat,200,2026-10-07T07:27:39+00:00
voluntarily_e,alive,channel,Voluntarily,27,,2024-12-13T19:06:32+00:00,0,0,,About how you can work voluntarily and still exist through donations.,200,2026-10-07T07:27:42+00:00
WallStreetBetsReddit,alive,channel,WallStreet Bets,9030,,2026-10-07T06:46:25+00:00,20,20,,"A clone of WallStreetBets subreddit.  No more, no less",200,2026-10-07T07:27:44+00:00
WallStreetSilver,empty_page,,,,,,,,,"If you have  Telegram , you can view posts by  @WallStreetSilver  right away.",200,2026-10-07T07:27:46+00:00
WolfCryptoAnnounce,alive,channel,Wolf Crypto ANN,29,,2021-03-17T02:56:02+00:00,0,0,,,200,2026-10-07T07:27:49+00:00
xrpnewsuk,alive,channel,XRP.ARMY www.xrp.army   ❤️    🇺🇲    🇬🇧,4970,,2026-10-06T21:44:33+00:00,1,5,,This is purely for information purposes and not financial advice,200,2026-10-07T07:27:51+00:00
zettt_trading,alive,channel,Zettt's Trading Journal,82,,2026-07-01T11:59:12+00:00,0,0,,"Optimizing code, trading strategies, and trail splits.",200,2026-10-07T07:27:53+00:00
Aaronart,alive,channel_no_preview,Aaron Art,423,,,,,,"The work of Aaron Art, artist, musician and writer  For serious inquiries  Email: jonathonhudson1939@protonmail.com",200,2026-10-07T07:27:56+00:00
abluesoul,alive,user_or_bot,᥉𝗁ɾ,,,,,,,,200,2026-10-07T07:27:58+00:00
ACanadianPerspective,empty_page,,,,,,,,,"If you have  Telegram , you can contact  @ACanadianPerspective  right away.",200,2026-10-07T07:28:00+00:00
accelerateyourbreath,empty_page,,,,,,,,,"If you have  Telegram , you can contact  @accelerateyourbreath  right away.",200,2026-10-07T07:28:02+00:00
acts17apologetics,alive,channel_no_preview,David Wood (Acts17Apologetics) Video Mirror,1192,,,,,,This is NOT David Wood! Not affiliated with David Wood. Please don't ask for David Wood here. Only archiving debates and selected commentaries from David Wood for those hard to access his videos. Reach david here: http://www.acts17.net,200,2026-10-07T07:28:05+00:00
AdamicAwakening,alive,channel_no_preview,Adamic Awakening @HeirsofPromise,830,,,,,heirsofpromise,Christian Identity Telegram ✝️ moved to  @heirsofpromise  Christogenea.org,200,2026-10-07T07:28:07+00:00
AdamicBoojahideen,alive,channel,Christian Boojahideen,75,,2022-08-08T13:28:29+00:00,0,0,,"Isaiah 54:17 KJV [17] No weapon that is formed against thee shall prosper; and every tongue that shall rise against thee in judgment thou shalt condemn. This is the heritage of the servants of the Lord, and their righteousness is of me, saith the Lord.",200,2026-10-07T07:28:10+00:00
adamicbranch,empty_page,,,,,,,,,"If you have  Telegram , you can contact  @adamicbranch  right away.",200,2026-10-07T07:28:12+00:00
AdamicChristianStudies,alive,channel_no_preview,𝐀𝐝𝐚𝐦𝐢𝐜 𝐂𝐡𝐫𝐢𝐬𝐭𝐢𝐚𝐧𝐢𝐭𝐲: 𝐭𝐡𝐞 𝐑𝐞𝐭𝐮𝐫𝐧 𝐭𝐨 𝐭𝐡𝐞 𝐆𝐚𝐫𝐝𝐞𝐧,153,,,,,,"""I am the voice of one crying in the wilderness, Make straight the way of the Lord.""",200,2026-10-07T07:28:15+00:00
AEHTEMEN,empty_page,,,,,,,,,"If you have  Telegram , you can contact  @AEHTEMEN  right away.",200,2026-10-07T07:28:17+00:00
afposts,alive,channel,America First Gang Posts,45,,2024-05-28T13:38:03+00:00,0,0,,"Cool posts and stuff from the epic chat known as ""America first gang"" also can someone please tell me who these ""groupers"" are",200,2026-10-07T07:28:19+00:00
afterlife_HT,alive,channel,The Artist Formerly Known as Joachim,211,,2021-11-20T01:01:50+00:00,0,0,,,200,2026-10-07T07:28:22+00:00
AGentlemensClub,alive,channel,A Gentlemen's Club,156,,2022-07-23T16:13:14+00:00,0,0,,"Folkism, science, linguistics, history, archeology, philosophy, news & insight.   We aim for original, and lesser discussed ideas.  This page, or ""channel"" is for educational purposes only. Forwarded posts are not endorsements.",200,2026-10-07T07:28:24+00:00
aggychannel,alive,channel,THE AGERIAN CHANNEL,106,,2026-04-19T10:33:44+00:00,0,0,aggychat the_voidwalker,Previously THE SOCKGERIUS CHANNEL  Socks departed for personal reasons so now you just got me.  Sorry about that  Owners:  @the_voidwalker   ( @aggychat ),200,2026-10-07T07:28:26+00:00
agoristcentral,alive,channel,Agorist Central   🏴‍☠️,497,,2026-10-02T23:46:43+00:00,1,1,,"Channel for posting all things agorism, in the vein of SEK3",200,2026-10-07T07:28:29+00:00
ahimsaFEED,alive,channel,ahimsaFEED,598,,2026-10-04T16:15:20+00:00,1,3,sidahimsa,"Quotes, words, and ideas that inspire and guide the gentle deconditioning of the mind…  By  @sidahimsa",200,2026-10-07T07:28:31+00:00
AhnenerbeSteinhaus,alive,channel_no_preview,Ahnenerbe,2194,,,,,,"Historic, archæological & magical ancestral origins",200,2026-10-07T07:28:33+00:00
albertalockdown,empty_page,,,,,,,,,"If you have  Telegram , you can contact  @albertalockdown  right away.",200,2026-10-07T07:28:36+00:00
alexanderquinn1,alive,channel,Alexander Quinn - Ascension Channel,20300,,2026-10-05T12:07:37+00:00,1,8,,Starseed - Navigating The Light,200,2026-10-07T07:28:38+00:00
AlienResistance,alive,channel_no_preview,Alien Resistance,13,,,,,,www.AlienResistance.org,200,2026-10-07T07:28:40+00:00
AliZeck,alive,channel,Ali Zeck,4220,,2024-09-08T17:57:29+00:00,0,0,,The Official Telegram Channel of Ali Zeck,200,2026-10-07T07:28:43+00:00
Alt_Skull,empty_page,,,,,,,,,"If you have  Telegram , you can contact  @Alt_Skull  right away.",200,2026-10-07T07:28:45+00:00
AltSkullMirror,empty_page,,,,,,,,,"If you have  Telegram , you can contact  @AltSkullMirror  right away.",200,2026-10-07T07:28:48+00:00
alwayschanging,alive,channel,AlwaysChanging,24,,2024-03-27T22:33:36+00:00,0,0,,GODSPEED,200,2026-10-07T07:28:50+00:00
alwaysthehorizon,alive,channel_no_preview,Kerchooo,7,,,,,,,200,2026-10-07T07:28:52+00:00
ameribrit,alive,channel,Jules the daniphile,39,,2026-09-08T15:03:42+00:00,0,1,,"A shitpost collection of things about and by a meme named Jules   Ich bin nicht lesbisch aber 10$ sind 10$  Det lyder, så'n, ik så godt  Eat your vegetables kids! And learn Danish!!   Fuck Emily in Paris  Seven whole years of memes   ❤️    🙏🏼    (27/6/16)",200,2026-10-07T07:28:55+00:00
American_Dissident,empty_page,,,,,,,,,"If you have  Telegram , you can contact  @American_Dissident  right away.",200,2026-10-07T07:28:57+00:00
americanzarathustra,empty_page,,,,,,,,,"If you have  Telegram , you can contact  @americanzarathustra  right away.",200,2026-10-07T07:28:59+00:00
amrenpeter,empty_page,,,,,,,,,"If you have  Telegram , you can contact  @amrenpeter  right away.",200,2026-10-07T07:29:02+00:00
analysisalliance,empty_page,,,,,,,,,"If you have  Telegram , you can contact  @analysisalliance  right away.",200,2026-10-07T07:29:04+00:00
ancapism,alive,channel,the garbage pit,725,,2026-09-10T07:13:09+00:00,0,5,,expropriated,200,2026-10-07T07:29:06+00:00
ancapistantm,empty_page,,,,,,,,,"If you have  Telegram , you can contact  @ancapistantm  right away.",200,2026-10-07T07:29:09+00:00
andrewgenovesehealing,alive,channel,Andrew Genovese,1100,,2026-09-22T02:23:13+00:00,0,1,,"TRUTH, The Soul, Breathwork",200,2026-10-07T07:29:11+00:00
anew_earth,alive,channel,✧  ♥  ༻𝐀 𝐍𝐞𝐰 𝐄𝐚𝐫𝐭𝐡 ༺  ♥  ✧   🌎     🕊,1830,,2023-06-19T03:36:28+00:00,0,0,anew_earthchat,"Helping humanity awaken to its full potential, for a New earth to come   ✨   Group Chat:   https://t.me/anew_earthchat    🌎   Cashapp: $gabbyv88   ✨    Join my Facebook Group:  The Sassy Spiritualist   💁🏻‍♀️      https://www.facebook.com/groups/277650661073009/",200,2026-10-07T07:29:14+00:00
angelspraying,alive,channel,Praying for You,226,,2026-06-19T06:33:34+00:00,0,0,daintydaisy scarletheidi,"Behold, I am the handmaid of the Lord. May it be done to me according to your word.  To personal message us:  @daintydaisy  and  @scarletheidi",200,2026-10-07T07:29:16+00:00
AngelWaffen2,alive,channel_no_preview,😇AngelWaffen😇CREW2👻😈☠️,212,,,,,,Home of the shit posting Redneck Southern Angel !,200,2026-10-07T07:29:18+00:00
AngelWaffen88,empty_page,,,,,,,,,"If you have  Telegram , you can contact  @AngelWaffen88  right away.",200,2026-10-07T07:29:21+00:00
AnimalsChannelMP4s,alive,channel,Boop,79,,2024-08-08T10:30:37+00:00,0,0,,Mostly soundless MP4s of animals which is treated by telegram like GIFS,200,2026-10-07T07:29:23+00:00
animeostorg,alive,channel_no_preview,"Animeost.org 8/08/03 Gilman St, Brekley, CA - FULL SET",102,,,,,,We live in a period,200,2026-10-07T07:29:25+00:00
AnonAware,alive,channel,Anon-Aware,11,,2021-12-26T04:01:05+00:00,0,0,,"To spread awareness in spirituality, expand one consciousness to higher levels, high thinking plain living, create a wiser, richer spirituality life with greater happiness, live to the fullest and find true happiness!!!",200,2026-10-07T07:29:28+00:00
anonstt,empty_page,,,,,,,,,"If you have  Telegram , you can contact  @anonstt  right away.",200,2026-10-07T07:29:30+00:00
AnonymousMusicWorld,alive,channel,Anonymous Music World,440,,2026-10-06T19:13:23+00:00,14,14,,www.mixcloud.com/Anonymous-Music/   https://www.house-mixes.com/profile/Anonymous%20Music   https://twitter.com/ArtofAnonymous   https://www.youtube.com/@AnonymousMusicWorld   https://www.tiktok.com/@anonymousmusicworld,200,2026-10-07T07:29:32+00:00
answering_atheists,alive,channel,move to https://t.me/answering_atheist,255,,2026-08-26T11:43:22+00:00,0,0,,Answering Atheists Creation is rational based on scientific facts and things that we can observe and explore. Science is always changing and it cannot disprove God directly or at all,200,2026-10-07T07:29:35+00:00
AntarcticaRightHQ,empty_page,,,,,,,,,"If you have  Telegram , you can contact  @AntarcticaRightHQ  right away.",200,2026-10-07T07:29:37+00:00
antiquitecharchive,alive,channel,Andrew's Research Channel,13100,,2026-09-29T15:49:33+00:00,0,3,,,200,2026-10-07T07:29:40+00:00
AnvilOfCrom,alive,channel_no_preview,Anvil of Crom,46,,,,,,Heavy Metal never dies!,200,2026-10-07T07:29:42+00:00
anxiouspresso,empty_page,,,,,,,,,"If you have  Telegram , you can contact  @anxiouspresso  right away.",200,2026-10-07T07:29:44+00:00
appleikloart,alive,channel,🍊   Appleiklo's Art-Studio   🍊,772,,2026-10-07T03:15:58+00:00,19,19,Appleiklo applefreaklo,"Always check my pinned messages!  My DM is  @Appleiklo  !   NSFW art-  @applefreaklo   Mature Audiences May contain: Alcohol, Adult Themes, Weed, Cute fluff, and Artistic Nudity, or Vore. I only sensor gore, bright images, nudity, or vore!",200,2026-10-07T07:29:47+00:00
architectsovharassment,alive,channel,Allegory of the Gorilla,68,,2026-01-23T09:59:30+00:00,0,0,,"""Rule 561, No woman shall ever know about the Allegory of the Gorilla.""  - Plotinus",200,2026-10-07T07:29:49+00:00
ArchiveAnon,alive,channel,archiveanon,6,,2026-08-12T17:41:09+00:00,0,0,,,200,2026-10-07T07:29:52+00:00
arktosmedia,alive,channel,Arktos,5960,,2026-10-06T16:41:54+00:00,11,20,ChannelCollection,Arktos -  https://arktos.com    @ChannelCollection   X:  https://x.com/ArktosJournal  Gab:  https://gab.com/arktos  Instagram:  https://instagram.com/arktosmedia  Facebook:  https://facebook.com/Arktos,200,2026-10-07T07:29:54+00:00
Armanenschaft18,alive,channel,𝔄𝔯𝔪𝔞𝔫𝔢𝔫𝔰𝔠𝔥𝔞𝔣𝔱,1870,,2022-06-05T12:31:35+00:00,0,0,,"Ario-Germanic Runic studies as well as history, mythology and National Socialism. Posts in both English and German. Beiträge sind auf beides Englisch und Deutsch.",200,2026-10-07T07:29:56+00:00
Army_of_the_Lord,alive,channel,🔥  𝑨𝒓𝒎𝒚 𝒐𝒇 𝒕𝒉𝒆 𝑳𝒐𝒓𝒅   🔥,660,,2026-08-03T22:52:04+00:00,0,0,Yidedyaa,👑   Put God first and you will never be the last.   ✝  Jesus is my Salvation   ✝     @Yidedyaa,200,2026-10-07T07:29:59+00:00
ArtemisTruth,alive,channel,Artemis Truth   🏹    💭,341,,2024-08-28T08:25:37+00:00,0,0,,"Artemis is the Greek goddess of the hunt, the wilderness, wild animals, the Moon, and chastity.",200,2026-10-07T07:30:01+00:00
artofchristendom,alive,channel,Art of Christendom,922,,2025-04-21T00:04:31+00:00,0,0,,Channel for dumping artwork of Christian faith and worship,200,2026-10-07T07:30:03+00:00
AryanPathway,empty_page,,,,,,,,,"If you have  Telegram , you can contact  @AryanPathway  right away.",200,2026-10-07T07:30:06+00:00
AryaObsidiana,empty_page,,,,,,,,,"If you have  Telegram , you can contact  @AryaObsidiana  right away.",200,2026-10-07T07:30:08+00:00
ascension_initiation_55,empty_page,,,,,,,,,"If you have  Telegram , you can contact  @ascension_initiation_55  right away.",200,2026-10-07T07:30:10+00:00
ascensiondiarieschannel,alive,channel,Ascension Diaries Channel,691,,2026-10-06T00:01:36+00:00,4,10,ascensiondiarieschat,Space Weather & Content Updates (find our chat  @ascensiondiarieschat ),200,2026-10-07T07:30:13+00:00
ascensionworkstv,alive,channel,SBA - Ascension Works TV,6740,,2026-10-06T22:49:54+00:00,7,20,,This is the official channel of Corey Goode.  https://coreygoode.com/,200,2026-10-07T07:30:15+00:00
asexualityonreddit,alive,channel,Asexuality and Aromanticism on Reddit,605,,2026-10-07T04:20:40+00:00,19,19,r_channels reddit2telegram,"Mirror of /r/asexuality, /r/asexual, /r/aaaaaaacccccccce and /r/aromanticism.  Run by  @reddit2telegram .   @r_channels",200,2026-10-07T07:30:18+00:00
ASSAULTDIVISION,alive,channel,Assault Division,22,,2021-08-29T15:51:13+00:00,0,0,,Green light!,200,2026-10-07T07:30:20+00:00
Astralworld_Om,alive,channel,Astral world   🙏🏻,78,,2026-03-30T14:34:17+00:00,0,0,,Welcome to the channel where energy and finding inner balance are conceived as the most important raison d'être of the great journey.,200,2026-10-07T07:30:23+00:00
astrologicat,alive,channel,AstrologiCat,721,,2026-09-05T22:41:29+00:00,0,0,astrologicat_groupchat,PhilosophiCat's astrology channel! For teaching and discussion of Hellenistic astrology.  Discussion group:  @astrologicat_groupchat  Book a reading with me or join our monthly study group:  astrologicat.com,200,2026-10-07T07:30:25+00:00
astrologyguide,alive,channel,Astrology  ✨,68,,2026-10-06T22:17:24+00:00,1,9,,"""Astra inclinatum, non dictatum""  (The stars illuminate but you decide)",200,2026-10-07T07:30:28+00:00
Athena_Promachos,alive,user_or_bot,:rene,,,,,,,,200,2026-10-07T07:30:30+00:00
aureus_press,empty_page,,,,,,,,,"If you have  Telegram , you can contact  @aureus_press  right away.",200,2026-10-07T07:30:32+00:00
AustralianGentryOfficial,alive,channel,Australian Gentry,12,,2022-11-22T09:56:44+00:00,0,0,,"Australian third positionist fraternity. Zero income tax, zero debt, cheap electricity, full independence.",200,2026-10-07T07:30:34+00:00
authenticdiscovery,alive,channel,Authentic Discovery,127,,2026-10-04T05:00:02+00:00,4,9,,"Facilitating space for healing and growth. Passionate about being well - mind, body and soul. Love is at the core of all I do. Supporting and challenging you to be.  Website:  https://www.authenticdiscovery.co.uk",200,2026-10-07T07:30:37+00:00
AutismOutlet2,alive,channel_no_preview,🕌 Autism Outlet 2: The Sneedening 🕌,2763,,,,,,Sneedissy,200,2026-10-07T07:30:39+00:00
awakened_144000,alive,channel,Awakened_144,15000,,2026-09-30T05:22:21+00:00,0,20,,See through the deception   👁   I stand with humanity NOT PSYOPS! Deprogram  👁    Be the change you want to see in the world!   🌟  Awakened  🌟   Check out my online store for non toxic products at  https://mysticalgaiastore.com/    ‼️  BEWARE OF SCAMMERS   ‼️  IMPERSONATING ME I,200,2026-10-07T07:30:42+00:00
awakenedwriteraus,empty_page,,,,,,,,,"If you have  Telegram , you can contact  @awakenedwriteraus  right away.",200,2026-10-07T07:30:44+00:00
awakengoyim,alive,channel_no_preview,Redpill Dump,1077,,,,,,"Just a dump of my redpill vids etc, please forward and share, wake up as many as we can.",200,2026-10-07T07:30:47+00:00
awakening4u,empty_page,,,,,,,,,"If you have  Telegram , you can contact  @awakening4u  right away.",200,2026-10-07T07:30:49+00:00
awakeningmassmeditations,alive,channel,Awakening Mass Meditations Channel,412,,2026-09-04T22:53:08+00:00,0,0,,"Join Regular Mass Meditations, Connecting with Soul Family, Activate  DNA by Triggering Light Codes through Positive Enlightening Messages and Inspirational Information. Upgrading the Matrix and Connect in Unity, as Oneness  ❤     https://linktr.ee/NicoleGibbs",200,2026-10-07T07:30:51+00:00
awakenthemasses,alive,channel_no_preview,Awaken the Masses: Born Again,299,,,,,,"Yahshua said to them, Come after me, and I will make you to become fishers of men.  #fotW follower of the Way  John 15:19",200,2026-10-07T07:30:54+00:00
awekening1111,alive,channel,Extraterristrial Evidence!,287,,2026-07-17T12:55:00+00:00,0,0,BethelT Troll_master69 kalesh21,"To Explore   🎇  your consciousness through a day of evidential exercises such as documents ,  👀   amazing discovery's . Discover the hidden source unravel the truth and go beyond with us.  👽    @kalesh21   @Troll_master69   @BethelT",200,2026-10-07T07:30:56+00:00
awesummm,alive,channel,Awesome,,,2022-04-28T19:48:00+00:00,0,0,,,200,2026-10-07T07:30:59+00:00
axialage,empty_page,,,,,,,,,"If you have  Telegram , you can contact  @axialage  right away.",200,2026-10-07T07:31:01+00:00
BabylonCrumbling,empty_page,,,,,,,,,"If you have  Telegram , you can contact  @BabylonCrumbling  right away.",200,2026-10-07T07:31:04+00:00
bakekujiraghost,alive,channel,bake-kujira,5,,2021-12-13T03:48:06+00:00,0,0,,#alternativenews   #news   #interesting   #article   #video   #posts   #covid   #plandemic   #hoax   #topic   #war   #world   #happenings   #www   #science   #history   #culture   #conspiracy   #newschannel,200,2026-10-07T07:31:06+00:00
BaraPiedoni,empty_page,,,,,,,,,"If you have  Telegram , you can contact  @BaraPiedoni  right away.",200,2026-10-07T07:31:09+00:00
barkleykwalsh,empty_page,,,,,,,,,"If you have  Telegram , you can contact  @barkleykwalsh  right away.",200,2026-10-07T07:31:11+00:00
BasedDepot,alive,channel_no_preview,Based Depot,1229,,,,,,New owners,200,2026-10-07T07:31:13+00:00
BASEDSPANIARDESP,empty_page,,,,,,,,,"If you have  Telegram , you can contact  @BASEDSPANIARDESP  right away.",200,2026-10-07T07:31:16+00:00
BeastWatch,alive,channel,Beast Watch,1020,,2026-09-30T17:33:14+00:00,1,18,,All eyes on Rome The Papacy is the Antichrist,200,2026-10-07T07:31:18+00:00
BeauchampArtChat,alive,channel,beauchampart,33,,2023-11-30T04:38:52+00:00,0,0,,My Beauchamp = Beautiful Field Art                           by Patricia Beauchamp Pol,200,2026-10-07T07:31:20+00:00
beautyofthecrossmusic,empty_page,,,,,,,,,"If you have  Telegram , you can contact  @beautyofthecrossmusic  right away.",200,2026-10-07T07:31:23+00:00
beaverkiller,alive,channel,🦫  BEAVER_ϟCALPER69  🦫,188,,2022-01-01T05:01:08+00:00,0,0,,Extremely Online,200,2026-10-07T07:31:25+00:00
BeingBiblical,alive,channel,Being Biblical,34,,2026-04-15T01:19:44+00:00,0,0,NLMBot PhiladelphiaChurchJamnagar,New Life Begins   Invite your Friends:  https://t.me/PhiladelphiaChurchJamnagar    For More:  @NLMBot,200,2026-10-07T07:31:28+00:00
BENDEDKNEE,alive,channel,#BENDEDKNEE PRAYERWARFARE FOR UNITE #SOPT17,181,,2022-10-02T10:50:05+00:00,0,0,PrayerGroup_BendedKnee,#PODCAST  WELCOME TO THE GLOBAL PRAYER WAR  #BENDEDKNEE   #SOPT17   GROUP  @PrayerGroup_BendedKnee,200,2026-10-07T07:31:30+00:00
Bergschafe,alive,channel_no_preview,Bergschafe,12,,,,,,🇨🇭✝️ 🙋🏻‍♂️,200,2026-10-07T07:31:32+00:00
bevirtuous,alive,channel,Wholesome & Virtuous,17900,,2026-10-06T04:30:37+00:00,4,7,Demacre PepeLib TheFunnyOnes TradPics VirtuousMailBot,Strong men create good times.  Send wholesome content to  @VirtuousMailBot . Thanks!   Check out my other channels:   🏛️    @TradPics    🐸    @PepeLib    🤡    @Demacre    🤣    @TheFunnyOnes,200,2026-10-07T07:31:35+00:00
BeyondTheGrail,alive,channel,beyondthegrail,11,,2024-12-11T20:14:05+00:00,0,0,,,200,2026-10-07T07:31:37+00:00
BiblicalTruth,empty_page,,,,,,,,,"If you have  Telegram , you can contact  @BiblicalTruth  right away.",200,2026-10-07T07:31:39+00:00
BIFchannel,empty_page,,,,,,,,,"If you have  Telegram , you can contact  @BIFchannel  right away.",200,2026-10-07T07:31:42+00:00
BigEnergyShitposting,empty_page,,,,,,,,,"If you have  Telegram , you can view posts by  @BigEnergyShitposting  right away.",200,2026-10-07T07:31:44+00:00
Blackfellas,empty_page,,,,,,,,,"If you have  Telegram , you can contact  @Blackfellas  right away.",200,2026-10-07T07:31:46+00:00
blackgayspacecommunism,alive,channel,Black Gay Space Communism,789,,2023-03-10T16:53:26+00:00,0,0,blackgayspacenews,bread book memers stay in your lane the case for an-cap stalinism  I do not send things to this channel that I have not read myself  My RSS feed (work in progress):  https://t.me/blackgayspacenews,200,2026-10-07T07:31:50+00:00
blacksuntribe,empty_page,,,,,,,,,"If you have  Telegram , you can contact  @blacksuntribe  right away.",200,2026-10-07T07:31:52+00:00
blehautism2,empty_page,,,,,,,,,"If you have  Telegram , you can contact  @blehautism2  right away.",200,2026-10-07T07:31:54+00:00
blitzbear,empty_page,,,,,,,,,"If you have  Telegram , you can contact  @blitzbear  right away.",200,2026-10-07T07:31:57+00:00
bloodsatelliteshow,alive,channel,Blood $atellite,1900,,2026-10-06T20:16:04+00:00,14,17,,Channel for Blood $atellite show. Main Site:  bloodsatellite.ca  Content Archive:  t.me/+zwQ8xqXV0itiNTMx,200,2026-10-07T07:31:59+00:00
blueflamecollective,alive,channel_no_preview,The School of Multidimensional Intuition,123,,,,,,"I am a professional psychic and Multidimensional intuitive healer specializing in energy clearing and psychic development. This group is a depository for music I’m listening to and other weirdness, so don’t take it too seriously!! Rememberyourmission.com",200,2026-10-07T07:32:02+00:00
bluesbullshit,alive,channel,🔞   Blue's Bullshit   🔞,246,,2026-09-28T17:26:51+00:00,0,18,Bluesartnshit blueanathema,"This channel is NSFW, if you're younger than 18 get your ass outta here. • check out my mediocre at best art  https://t.me/Bluesartnshit  • If you want/need to message me you can  @blueanathema .",200,2026-10-07T07:32:04+00:00
BombadilsAthenaeum,alive,channel_no_preview,Bombadil’s Athenaeum,426,,,,,,"None has ever caught him yet, for Tom, he is the master: His songs are stronger songs, and his feet are faster.",200,2026-10-07T07:32:06+00:00
boogaloointel,empty_page,,,,,,,,,"If you have  Telegram , you can contact  @boogaloointel  right away.",200,2026-10-07T07:32:09+00:00
books2dump,alive,channel,Lion’s Library,4540,,2021-10-12T03:48:17+00:00,0,0,killemwithpassion,"""People are slaves of this world. Religion is just what they say. They use it as long as it provides them with their living. When they are tested, there remain only a few true religious ones"".  -Imam Hussain Ibne Ali(swt)   PM  @killemwithpassion  for sugg",200,2026-10-07T07:32:11+00:00
BornAgainSunday,alive,channel_no_preview,Born Again Sunday,1073,,,,,,"Born Again Sunday, every Sunday, noon eastern standard.   All Glory to God and Praise Jesus!",200,2026-10-07T07:32:13+00:00
BQQMS,alive,channel,DARK TO LIGHT   💡,96,,2026-09-15T07:15:45+00:00,0,5,,,200,2026-10-07T07:32:16+00:00
brainwashed444,alive,channel,Brainwashed444,2600,,2026-10-07T02:17:07+00:00,20,20,,I SPY SEER OF SEDONA  #GODSARMY  I am a Medicine Mother Futurist MKULTRA Survivor + Deprogrammer  Venmo Brainwashed444  Cashapp Brainwashed4441417  Paypal.me/HeatherBlessington,200,2026-10-07T07:32:18+00:00
briantcollins,alive,channel,Brian T Collins   🎹,120,,2025-12-24T20:42:21+00:00,0,0,,"I do innovative music, content creation & farming...     https://briantcollins.com",200,2026-10-07T07:32:20+00:00
BridgeBuildersPastoraCate,alive,channel,Bridge Builders,35,,2026-10-04T02:14:48+00:00,13,20,BBPastoraCateChat,"Christian Bible teaching, fellowship and worship. Whole counsel of God.   CHAT:  https://t.me/BBPastoraCateChat   (BBCMI is unaffiliated with other Bridge Builder groups or denominations)",200,2026-10-07T07:32:23+00:00
british_national_vanguard,empty_page,,,,,,,,,"If you have  Telegram , you can contact  @british_national_vanguard  right away.",200,2026-10-07T07:32:25+00:00
BrookeFederline,alive,channel,Brooke,2740,,2026-10-06T20:29:03+00:00,15,19,,I have shared since 2014 the  #MkDELTAasassin  programming. I survived H1llary at Montauk.  ***Trigger warning for this channel!! *I take NO RESPONSIBILITY for other people's beliefs or opinions posted on my page.  Alert by PM if need to.,200,2026-10-07T07:32:27+00:00
brwmstr,empty_page,,,,,,,,,"If you have  Telegram , you can contact  @brwmstr  right away.",200,2026-10-07T07:32:30+00:00
bryanbacon,empty_page,,,,,,,,,"If you have  Telegram , you can contact  @bryanbacon  right away.",200,2026-10-07T07:32:32+00:00
buildingautonomy,alive,channel,Building Autonomy Ⓐ,1180,,2024-04-30T06:05:22+00:00,0,0,,"blueprints for anarchic self suffiency, freedom, opportunity and possibility",200,2026-10-07T07:32:34+00:00
BWQQD,empty_page,,,,,,,,,"If you have  Telegram , you can contact  @BWQQD  right away.",200,2026-10-07T07:32:37+00:00
campfireintel,empty_page,,,,,,,,,"If you have  Telegram , you can contact  @campfireintel  right away.",200,2026-10-07T07:32:39+00:00
candlesinthedark,alive,channel,Candle's in the Dark,11,,2026-10-07T07:22:34+00:00,20,20,,"Candles in the Dark is your beacon in volatile markets. High-conviction crypto LONG signals, hand-picked from the chaos. One light. One direction. Relentless upside.    🟢   No noise — only precision.   🔒   For traders who follow the glow.",200,2026-10-07T07:32:41+00:00
carboncode,alive,channel,carboncode,150,,2023-04-09T07:59:53+00:00,0,0,,,200,2026-10-07T07:32:44+00:00
CAS333CC,empty_page,,,,,,,,,"If you have  Telegram , you can contact  @CAS333CC  right away.",200,2026-10-07T07:32:46+00:00
cascade1984,alive,channel_no_preview,ALL UNITED AGAINST CORRUPTION!,2,,,,,,"Just looking to reintegrate some logic, reasoning and common sense back in to British society!",200,2026-10-07T07:32:48+00:00
CascadiaRising,alive,channel,🌿  𝕮𝖆𝖘𝖈𝖆𝖉𝖎𝖆 𝕽𝖎𝖘𝖎𝖓𝖌  🌿,124,,2022-10-17T18:52:41+00:00,0,0,,Ästhetik über allem    ⚔   Based in the PNW  Onward to Glory   🌿,200,2026-10-07T07:32:50+00:00
castleralf,alive,channel,Castle Ralf,5,,2023-11-27T03:48:24+00:00,0,0,,my domain,200,2026-10-07T07:32:53+00:00
catacombsaints,alive,channel,Catacomb Church History,341,,2023-05-21T12:55:19+00:00,0,0,,Writings and lives of the New Martyrs and Confessors of Holy Russia & the Russian Church Abroad (prior to the merge with the MP).,200,2026-10-07T07:32:56+00:00
Catholicaesthetic,alive,channel,𝘊𝘢𝘵𝘩𝘰𝘭𝘪𝘤 𝘈𝘦𝘴𝘵𝘩𝘦𝘵𝘪𝘤,5360,,2026-06-11T03:27:46+00:00,0,0,,"""So strong is tradition that later generations will dream of what they have never seen.""   - G.K. Chesterton",200,2026-10-07T07:32:58+00:00
Catholicarena,alive,channel,Catholic Arena,6990,,2026-10-06T21:19:21+00:00,12,20,,Catholic News,200,2026-10-07T07:33:00+00:00
CatholicAryanism,empty_page,,,,,,,,,"If you have  Telegram , you can contact  @CatholicAryanism  right away.",200,2026-10-07T07:33:03+00:00
CatholicFemininity,empty_page,,,,,,,,,"If you have  Telegram , you can contact  @CatholicFemininity  right away.",200,2026-10-07T07:33:05+00:00
Catholicismus,alive,channel,BELLUM CONTRA HÆRÉTICOS,886,,2026-09-26T07:29:59+00:00,0,1,,Fighting Against the False Modernist Church of Vatican II and other evils for the glory of God and the salvation of souls.  Being a Real Catholic while the Church is in Eclipse:  novusordowatch.org/now-what/,200,2026-10-07T07:33:07+00:00
catholicsamongtheruins,alive,channel,Men Among the Ruins,1290,,2026-08-10T01:25:53+00:00,0,0,,,200,2026-10-07T07:33:10+00:00
catholicwigger,empty_page,,,,,,,,,"If you have  Telegram , you can contact  @catholicwigger  right away.",200,2026-10-07T07:33:12+00:00
CatloafNews,empty_page,,,,,,,,,"If you have  Telegram , you can contact  @CatloafNews  right away.",200,2026-10-07T07:33:15+00:00
CelticArt,alive,channel,Celtic art.,68,,2023-12-03T16:51:34+00:00,0,0,,,200,2026-10-07T07:33:17+00:00
Celticmyths,alive,channel,Celtic Folk and Culture,1700,,2025-02-07T20:30:16+00:00,0,0,CelticPhotos,"A Channel devoted to mainly  Celtic Paganism, Culture, Nationalism and Celtic Independence. Art and photos. Sometimes other European cultures. Views expressed may not reflect views of every subscriber.  @CelticPhotos   Also see",200,2026-10-07T07:33:19+00:00
censormedaddy,empty_page,,,,,,,,,"If you have  Telegram , you can contact  @censormedaddy  right away.",200,2026-10-07T07:33:22+00:00
centralofislamicmedicine,alive,channel,islamic medicine,1160,,2023-04-20T17:17:43+00:00,0,0,,"🌏  Welcome, this channel is designed to inform the world about Islamic Medicine.    👩‍⚕️  Our goal is that everyone from all around the world is healthy and happy.",200,2026-10-07T07:33:24+00:00
CentralSPQR,alive,channel,🏛   S.P.Q.R Central   🏛,620,,2024-01-20T20:51:13+00:00,0,0,ChannelCollection,🏛   This Channel is About Everything from the rise and fall and History of the Roman Republic/Empire S.P.Q.R. (753BCE~476CE)   🏛    “I found Rome a city of bricks and left it a city of marble....” ~Emperor Augustus Caesar  (64BCE ~14CE)    @ChannelCollection,200,2026-10-07T07:33:26+00:00
Chadistan,alive,channel,Chadistan,3140,,2026-08-24T13:56:41+00:00,0,0,,"Home of the Brave, Land of the Chads",200,2026-10-07T07:33:29+00:00
chan4x,alive,channel,/x/ 4chan,120,,2025-03-15T17:36:43+00:00,0,0,,I forgot to take my meds,200,2026-10-07T07:33:31+00:00
ChaoticMemes,empty_page,,,,,,,,,"If you have  Telegram , you can contact  @ChaoticMemes  right away.",200,2026-10-07T07:33:34+00:00
ChaoticReformGroup,alive,channel_no_preview,CRGs ᴄᴀʙɪɴᴇᴛ ᴏꜰ ᴄᴜʀɪᴏsɪᴛɪᴇs💯🔥,16,,,,,ChannelCollection,"The Chaotic Reform Groups gathering of takes, articles, readings, memes, spoopy posts  and anything else we find worth collecting here!   @ChannelCollection  for a great directory of interesting Channels on telegram.",200,2026-10-07T07:33:36+00:00
Cheshire1776,empty_page,,,,,,,,,"If you have  Telegram , you can contact  @Cheshire1776  right away.",200,2026-10-07T07:33:38+00:00
CHRISPOHLHAUS,empty_page,,,,,,,,,"If you have  Telegram , you can contact  @CHRISPOHLHAUS  right away.",200,2026-10-07T07:33:41+00:00
Christ_First,alive,channel,Deo et Patria   ✝️     🇻🇦,24,,2021-08-20T22:36:04+00:00,0,0,,"Christianity based content: Iconography, Bible verses, history (of the faith and biblical history), memes, music etc. Discussion is encouraged We are all Christians *First*. Any and all other so-called identities are secondary. Unity in the church.",200,2026-10-07T07:33:43+00:00
ChristAlone83,alive,channel,christalone83,3,,2024-10-09T17:24:01+00:00,0,0,,,200,2026-10-07T07:33:45+00:00
ChristCore,alive,channel,ChristCore,46,,2022-11-07T10:43:42+00:00,0,0,,God. Metal. Nationalism. 14/88.  This channel is for CHRISTian metal and right wing podcast/streams.,200,2026-10-07T07:33:48+00:00
ChristFirstOfficial,alive,channel_no_preview,Christ First,101,,,,,,Proudly united as Brothers in Christ! We are all God's children,200,2026-10-07T07:33:50+00:00
Christian_Archive,alive,channel,Christian archive°,96,,2026-09-25T10:02:23+00:00,0,1,,Music of Kingdom  📯    ✨,200,2026-10-07T07:33:52+00:00
ChristianApologetic,alive,channel,Christian Apologetics,5570,,2026-10-06T20:03:49+00:00,20,20,AnbuOpS lwchristianchat,"Channel about Christian Apologetics and posts related to that. Join the chat group  @lwchristianchat  Contact:  @AnbuOpS  Note: We never dm any of our followers,  if you get any msgs from accounts which are similar to the channel, please report and block them",200,2026-10-07T07:33:55+00:00
christianfundamentalist,empty_page,,,,,,,,,"If you have  Telegram , you can contact  @christianfundamentalist  right away.",200,2026-10-07T07:33:57+00:00
ChristianFurriesOnly,empty_page,,,,,,,,,"If you have  Telegram , you can view posts by  @ChristianFurriesOnly  right away.",200,2026-10-07T07:33:59+00:00
christianity2jesus,empty_page,,,,,,,,,"If you have  Telegram , you can contact  @christianity2jesus  right away.",200,2026-10-07T07:34:01+00:00
christianityhotlineofficial,alive,channel,Traditional Catholic Apologetics (Christianity Hotline),651,,2024-07-29T19:33:46+00:00,0,0,,Traditional Catholic Apologetics:  vaticancatholic1830.blogspot.com    Francis is not the Pope. Visit  mostholyfamilymonastery.com,200,2026-10-07T07:34:04+00:00
ChristianityUncucked,alive,channel_no_preview,Christianity Uncucked,63,,,,,,To win back our lands we must first uncuck Christianity.,200,2026-10-07T07:34:06+00:00
ChristianMemes,alive,channel,Christian Memes,912,,2023-01-14T02:50:07+00:00,0,0,,A merry heart doeth good like a medicine -Proverbs 17,200,2026-10-07T07:34:09+00:00
ChristianNationalism,alive,channel,Christian Nationalism,494,,2025-01-12T09:17:10+00:00,0,0,,All Christian and Christian-minded Nationals and Nationalists are invited. No infighting between Confessions allowed!,200,2026-10-07T07:34:11+00:00
ChristianReactionary,empty_page,,,,,,,,,"If you have  Telegram , you can contact  @ChristianReactionary  right away.",200,2026-10-07T07:34:14+00:00
ChristianSupreanSpeaksTruth,alive,channel,"Christian Suprean Speaks Truth, Be The Light!!!",485,,2026-10-06T20:19:16+00:00,19,20,,"I will be dropping my daily videos on this channel.  Youtube, Facebook, Twitter and more has taken me down.  Please join this telegram for daily Truth Videos.   #GodBlessUsAll   #GodWins   #BeTheLight",200,2026-10-07T07:34:16+00:00
ChristIS,alive,channel,Christ is Life - Seeds to Sow,284,,2026-10-06T19:20:12+00:00,14,14,,"Born Again Christian ready to defend the Lord, using His Word to worship His Glory.  My channel is a platform & showcase evidence of ‘who He is’ to ‘what He did. Anything posted that is not Christ Centered will be deleted.",200,2026-10-07T07:34:18+00:00
ChristIsLifeTestimonials,alive,channel,Christ is Life - Personal Testimonials.,18,,2022-07-28T07:55:13+00:00,0,0,,This channel is a platform for all Born Again Christians to upload your own personal testimonial.,200,2026-10-07T07:34:21+00:00
christvictorius,empty_page,,,,,,,,,"If you have  Telegram , you can contact  @christvictorius  right away.",200,2026-10-07T07:34:23+00:00
christwave,alive,channel,✝️   Ｃ Ｈ Ｒ Ｉ Ｓ Ｔ Ｗ Λ Ｖ Ξ （聖なる心）  ✝️,889,,2026-04-18T11:50:57+00:00,0,0,,Lets all love Christ <3,200,2026-10-07T07:34:25+00:00
ChristWhite,alive,channel,The Based WASP Corner,30,,2025-01-17T19:17:37+00:00,0,0,,REAL HUMAN BEING REFUGEE CAMP,200,2026-10-07T07:34:28+00:00
chupacabra_kennel,alive,channel,Chupacabra Kennel,5840,,2026-10-06T11:07:26+00:00,18,18,,"Art, music, photos, and memes I like.  #patterns  = photos I took",200,2026-10-07T07:34:30+00:00
Churchofpatriarchy,alive,channel_no_preview,Church of Patriarchy,411,,,,,,Thought symbolically represented in the material world over technological substrate.  This is my ministry and the Church is open to your tithes. Confess your sin.,200,2026-10-07T07:34:33+00:00
CILChristianMovieSeasons,alive,channel,Christ is Life - Movies and Seasons,29,,2022-03-31T17:33:41+00:00,0,0,,Family orientated Christian movies/series to uplift and glorify God with His Spirit of Truth. Please feel to upload others but in English please or at least subtitles.,200,2026-10-07T07:34:35+00:00
CILChristianMusic,alive,channel,Christ is Life - Christian Music,24,,2022-08-13T15:19:01+00:00,0,0,,A place to renew your Spirit by immersing your very being in the world of Christian Music.,200,2026-10-07T07:34:37+00:00
CiMoneyMethods,empty_page,,,,,,,,,"If you have  Telegram , you can contact  @CiMoneyMethods  right away.",200,2026-10-07T07:34:40+00:00
CIOffensive,empty_page,,,,,,,,,"If you have  Telegram , you can contact  @CIOffensive  right away.",200,2026-10-07T07:34:42+00:00
civilwarII,empty_page,,,,,,,,,"If you have  Telegram , you can contact  @civilwarII  right away.",200,2026-10-07T07:34:44+00:00
ClarionWakefieldNationalist,empty_page,,,,,,,,,"If you have  Telegram , you can contact  @ClarionWakefieldNationalist  right away.",200,2026-10-07T07:34:46+00:00
clerical_fascist_kingdom,empty_page,,,,,,,,,"If you have  Telegram , you can contact  @clerical_fascist_kingdom  right away.",200,2026-10-07T07:34:49+00:00
ColeWolfsson,alive,channel,COLE WOLFSSON,4620,,2026-10-07T06:56:46+00:00,9,16,,Wæs þū hāl! Polytheistic Animism & History. Pagan Æsthetics & Pro-Nature posting.  https://linktr.ee/ColeWolfsson   Reject Human Domestication.,200,2026-10-07T07:34:51+00:00
combatgardeningchannel,alive,channel,Combat Gardening and Self Reliance,181,,2024-09-20T12:48:06+00:00,0,0,,"Aggressive survival gardening, preparedness, homesteading skills, alternative energy/construction and diy",200,2026-10-07T07:34:53+00:00
Cometothelight,empty_page,,,,,,,,,"If you have  Telegram , you can contact  @Cometothelight  right away.",200,2026-10-07T07:34:56+00:00
CommonSense61,alive,channel,"SAY NO MORE.. Tax, Council Tax, Mortgage, Bills..",1750,,2026-10-06T19:34:31+00:00,19,19,,Common Law = Perverting The Course Of Justice = Conspire = Making False Allegations. Just Doing You Job Isn't Above The Law. Law = Land Air Water. No Victim No Crime. Legal = Paper = Fiction = Job = Actor.  https://truthsocial.com/@Commonsense17,200,2026-10-07T07:34:58+00:00
CommonwealthOfToil,alive,channel,Leftism in the Commonwealth of Toil,422,,2023-07-05T12:55:54+00:00,0,0,joinchat,"This is a union of associated channels and groups.   It composes of discussions of current events, music, and memes.  Join the  http://iww.org   Our chat:  https://t.me/joinchat/G4EPkhQ0t6cLCxLA2KyZtw",200,2026-10-07T07:35:01+00:00
ConfederateRenaissance,alive,channel,Confederate Renaissance,74,,2021-06-29T12:40:16+00:00,0,0,,"From the ashes of the new world order, a new Western Renaissance will rise out of the American South. Preppers, rednecks, and rebels unite.",200,2026-10-07T07:35:03+00:00
confederationofplanets,alive,channel,The Confederation of Planets,310,,2022-07-18T02:38:50+00:00,0,0,,We are humble messengers and facilitators in the service of The One Infinite Creator,200,2026-10-07T07:35:05+00:00
Confessional_Lutheran,alive,channel,Confessional Lutheran Theology,1800,,2026-09-02T16:57:23+00:00,0,0,,"Christianity from a Lutheran perspective. Art, memes, quotes, music, and videos.",200,2026-10-07T07:35:08+00:00
ConsciousParentingOLTWP,alive,channel_no_preview,Highly Conscious Parenting OLTWP,47,,,,,OurLovetheWorldProject,https://t.me/OurLovetheWorldProject,200,2026-10-07T07:35:11+00:00
conservativebeauty,alive,channel,Conservative Beauty  💄,164,,2021-09-19T14:00:43+00:00,0,0,,For an industry that shouts “inclusivity” they have officially ignored a 75 million population. Now we will start our own industry  💄,200,2026-10-07T07:35:13+00:00
ConstitutionCowboy,alive,channel,JamesCharles for Truth,11000,,2026-10-06T18:31:10+00:00,1,3,,"Combat Marine, Former State Trooper & Rodeo Cowboy…Seeker of Truth",200,2026-10-07T07:35:15+00:00
conthemnation,empty_page,,,,,,,,,"If you have  Telegram , you can contact  @conthemnation  right away.",200,2026-10-07T07:35:17+00:00
contyteens,alive,channel,Lacan's Whore House,11500,,2026-10-07T01:13:02+00:00,13,20,notanaltankism,Rules: 1. Desire is desire of big Other. 2. Play around big Other. 3. Enjoy your sinthome   @notanaltankism,200,2026-10-07T07:35:20+00:00
coontown,empty_page,,,,,,,,,"If you have  Telegram , you can contact  @coontown  right away.",200,2026-10-07T07:35:22+00:00
CorpusChristi,alive,channel_no_preview,Heathens Begone,2531,,,,,ChannelCollection Despertarferro,Catholic rejuvenation.  Make Heathens Afraid Again  General Admin.  @Despertarferro   Community:  @ChannelCollection,200,2026-10-07T07:35:25+00:00
CosmicGaia,alive,channel,Laura Eisenhower - Cosmic Gaia,13900,,2026-10-04T18:04:54+00:00,1,5,,"Laura Eisenhower is a Global Alchemist, Researcher and Medical & Intuitive Astrologist. The great-granddaughter of President Dwight David Eisenhower, Laura integrates knowledge of Health, Exopolitics, Alchemy, Metaphysics, and Galactic History.",200,2026-10-07T07:35:27+00:00
CosmicGenes,alive,channel_no_preview,Aliens and UFOs in the Universe 🔭📡,145,,,,,AliensGroupChat,"All about UFO Conspiracy theories, Alien Abductions, Flying Saucers and truth about the Extraterrestrials (ETs) in Universe esp about Real History of our Earth.   www.cosmicgenes.blogspot.com  Chat room:  @AliensGroupChat",200,2026-10-07T07:35:29+00:00
CoucheTard,alive,channel,My Chamber of Secrets  🦉,174,,2026-10-06T04:40:12+00:00,5,18,,"Secret chamber of the one, the only Owl   🦉   living on telegram.  Language, Photography, Computer, Technology My daily life  And most importantly  #Memes",200,2026-10-07T07:35:31+00:00
cpohlhaus,empty_page,,,,,,,,,"If you have  Telegram , you can contact  @cpohlhaus  right away.",200,2026-10-07T07:35:34+00:00
criticalhappenstance4,empty_page,,,,,,,,,"If you have  Telegram , you can contact  @criticalhappenstance4  right away.",200,2026-10-07T07:35:36+00:00
crystaline_being,alive,channel_no_preview,Crystaline Being 🌞,127,,,,,,Nutritional Guidance &  Quantum Ascension Support to InJoying A Wholistic Lifestyle 🌹,200,2026-10-07T07:35:39+00:00
ctwcPp,empty_page,,,,,,,,,"If you have  Telegram , you can contact  @ctwcPp  right away.",200,2026-10-07T07:35:41+00:00
CultOfUltimateEvil,alive,channel,Cult of Ultimate Evil by Mark Passio,28,,2021-07-24T14:21:14+00:00,0,0,,Watch:  https://www.youtube.com/watch?v=ZSqBNGxLiAs,200,2026-10-07T07:35:43+00:00
curiositypub,alive,channel,[PUB ARCHIVED],573,,2024-12-13T20:52:26+00:00,0,0,,This channel is no longer active.,200,2026-10-07T07:35:46+00:00
curtdoolittleslaw,alive,channel,Curt Doolittle's Law,135,,2023-05-22T21:58:37+00:00,0,0,,Curt Doolittle's Law (Twitter Feed),200,2026-10-07T07:35:48+00:00
cyberdadafterdark,alive,channel_no_preview,Cyberdad Afterdark; Uncensored,752,,,,,,"Yesterday’s memes, Today!",200,2026-10-07T07:35:50+00:00
d1sp4tching,alive,channel_no_preview,folk dispatch,32,,,,,,"find the spirit of your ancestors, they cry out for your discovery. Found a kindred, then chart your present. Or not.",200,2026-10-07T07:35:52+00:00
dailygrind,alive,channel,Daily Grind,43,,2026-10-07T00:23:15+00:00,6,16,,"Church bells ring, sirens sing And I am moved by everything that ever was",200,2026-10-07T07:35:55+00:00
dailyshit,alive,channel,Daily Shit,134,,2026-10-07T05:48:35+00:00,19,20,,Get your daily shit portion here.  P.S. it's called daily shit cus I post here usually when I shit and I usually shit every day  P.P.S. This channel is 99% unoriginal stolen content.,200,2026-10-07T07:35:58+00:00
DaleHolmes1985,alive,channel,Dale Holmes,12200,,2026-09-27T20:45:37+00:00,0,6,,https://www.beyonddark2light.com,200,2026-10-07T07:36:00+00:00
dankmemesgang,alive,channel,Dank Memes Gang ️️,11600,,2026-10-06T22:52:39+00:00,17,20,,"Been here since 2014 with the best Daily Dank Deals, no ads, no compromise. Completely free! :))",200,2026-10-07T07:36:02+00:00
DarkMatterMemo,alive,channel,🔊   @DarkMatterMemo • Memos Make Matter • Dark Matter (All-Beings) Sisterhood • RPI •••,5,,2026-06-10T03:37:10+00:00,0,0,,,200,2026-10-07T07:36:05+00:00
DasVolkDesNordens,empty_page,,,,,,,,,"If you have  Telegram , you can contact  @DasVolkDesNordens  right away.",200,2026-10-07T07:36:07+00:00
daughterofalbion,alive,channel,Daughter of Albion Official,3280,,2026-09-11T20:27:05+00:00,0,1,,Official Telegram for the bunny 'tuber,200,2026-10-07T07:36:09+00:00
davidebergeseQ,empty_page,,,,,,,,,"If you have  Telegram , you can view posts by  @davidebergeseQ  right away.",200,2026-10-07T07:36:12+00:00
DavidsWelt,empty_page,,,,,,,,,"If you have  Telegram , you can contact  @DavidsWelt  right away.",200,2026-10-07T07:36:14+00:00
DCPerspective,alive,channel,DC Perspective,34,,2022-12-30T19:33:21+00:00,0,0,,Official Telegram for DC Perspective,200,2026-10-07T07:36:16+00:00
DDay1978,alive,channel,Daniëlle,17200,,2026-09-22T10:46:55+00:00,0,5,,The Art of Mastery,200,2026-10-07T07:36:19+00:00
deathtonwo,alive,channel_no_preview,Anti-nwo,513,,,,,,Us against them.. The final frontier,200,2026-10-07T07:36:21+00:00
DebunkingAtheistsSB,alive,channel_no_preview,Debunking Atheists,441,,,,,DebunkingAtheist,Blog: Debunkingatheists.blogspot.com    @DebunkingAtheist  chat  DebunkingAtheists@gmail.com EMAIL,200,2026-10-07T07:36:23+00:00
declassifyall,alive,channel,Declassify all! It's the only way!,11,,2021-10-20T11:04:28+00:00,0,0,,"Pro America, Pro 1A, Pro 2A.",200,2026-10-07T07:36:26+00:00
DerLegionCondor,empty_page,,,,,,,,,"If you have  Telegram , you can contact  @DerLegionCondor  right away.",200,2026-10-07T07:36:28+00:00
deterrence_dispensed_fans,empty_page,,,,,,,,,"If you have  Telegram , you can contact  @deterrence_dispensed_fans  right away.",200,2026-10-07T07:36:31+00:00
devadevdarshan,alive,channel,The Grand Spiritual Voyage,218,,2026-08-13T17:24:48+00:00,0,0,,,200,2026-10-07T07:36:33+00:00
DharmaAction,alive,channel,Sanatana Dharma Action,383,,2022-11-06T11:23:54+00:00,0,0,,Sanatana Dharma is the natural law and order.  It can save our civilization. This channel will cover topics like Vedic Spirituality and Krishna Consciousness.,200,2026-10-07T07:36:35+00:00
DidntReal,alive,channel,Chief's Livestock Emporium,3490,,2026-10-07T05:58:51+00:00,20,20,,"Militaria, race realism and shitposting. Christ is King.",200,2026-10-07T07:36:38+00:00
Die_Deutsche_Wochenschau,alive,channel_no_preview,Die Deutsche Wochenschau,108,,,,,,"✠▬-⊰{𝖂𝖎𝖑𝖑𝖐𝖔𝖒𝖒𝖊𝖓, 𝕶𝖆𝖒𝖊𝖗𝖆𝖉𝖊𝖓}⊱-▬✠  ✠ ─────────⊰{【✠】}⊱───────── ✠ We post and share contents relevant to National Socialism. Love your folk, embrace culture and tradition, and respect nature! Reject modernity! ✠ ─────────⊰{【✠】}⊱───────── ✠",200,2026-10-07T07:36:40+00:00
DigitalSoldiers1,alive,channel_no_preview,DigitalSoldiers OpenYourEyes,6294,,,,,,"‘Those who are able to see beyond the shadows and lies of their culture will never be understood, let alone believed, by the masses.’ ""Plato""  Help us achieve our mission! Thank you",200,2026-10-07T07:36:42+00:00
DisdainForShills0,empty_page,,,,,,,,,"If you have  Telegram , you can contact  @DisdainForShills0  right away.",200,2026-10-07T07:36:45+00:00
DissidentAesthetics,empty_page,,,,,,,,,"If you have  Telegram , you can contact  @DissidentAesthetics  right away.",200,2026-10-07T07:36:47+00:00
distributist,alive,channel,Distributist Public,1440,,2023-08-16T04:12:44+00:00,0,0,,messaging system for the Distributist,200,2026-10-07T07:36:50+00:00
divinefeminineawakening,empty_page,,,,,,,,,"If you have  Telegram , you can contact  @divinefeminineawakening  right away.",200,2026-10-07T07:36:52+00:00
DIXIEFOREVER,empty_page,,,,,,,,,"If you have  Telegram , you can contact  @DIXIEFOREVER  right away.",200,2026-10-07T07:36:54+00:00
doggoch,alive,channel,Doggo,958,,2026-07-28T18:58:24+00:00,0,0,doggochchat,FB:  fb.com/doggoch   send your dog pics here:  https://t.me/doggochchat,200,2026-10-07T07:36:57+00:00
DoomMentoMori,alive,channel_no_preview,DoomMentoMori,36,,,,,,"A true crime podcast dedicated to Apocalypticism, Occultic Crime, and understanding the darker nature of humanity.   Tune in as Doctor Inferno unfold the hellscape that is humanity and foretells the destiny before us!",200,2026-10-07T07:36:59+00:00
dragon_energy,alive,channel_no_preview,Dragon Energy,3,,,,,,🐉⚡,200,2026-10-07T07:37:01+00:00
DRIIIVERSVFM,empty_page,,,,,,,,,"If you have  Telegram , you can contact  @DRIIIVERSVFM  right away.",200,2026-10-07T07:37:04+00:00
drmelissasell,alive,channel,Dr. Melissa Sell,4990,,2026-10-06T14:04:32+00:00,2,10,,https://www.drmelissasell.com/store,200,2026-10-07T07:37:06+00:00
DudeShow,alive,channel,The Dude Show,78,,2025-12-22T02:15:31+00:00,0,0,,Random stuff I say.,200,2026-10-07T07:37:08+00:00
DulcisChannel,alive,channel,Dulcis Official | Kyoko,49,,2025-12-18T05:36:53+00:00,0,0,KyokoHub,https://t.me/KyokoHub,200,2026-10-07T07:37:11+00:00
earthsongsawakening,alive,channel,🍄  Earthsongs Awakening,3540,,2026-03-25T00:45:13+00:00,0,0,,"This channel is for the spiritual warriors. All who are willing to look within to their own shadows,and to that of humanity.  It’s for those who see things differently, the change makers, the rebels and the misfits.",200,2026-10-07T07:37:13+00:00
eastanglianiceni,empty_page,,,,,,,,,"If you have  Telegram , you can contact  @eastanglianiceni  right away.",200,2026-10-07T07:37:16+00:00
EasternOrthodoxChannel,alive,channel,Orthodox Central   ☦,3410,,2024-11-23T10:57:47+00:00,0,0,IlXKlI Orthodox_Directory Orthodox_Resources,Latest news from the Orthodox World.  Subscribe to our other channels: —  @IlXKlI  —  @Orthodox_Directory  —  @Orthodox_Resources,200,2026-10-07T07:37:18+00:00
EasterTidings,empty_page,,,,,,,,,"If you have  Telegram , you can contact  @EasterTidings  right away.",200,2026-10-07T07:37:20+00:00
Ecowave1589,empty_page,,,,,,,,,"If you have  Telegram , you can contact  @Ecowave1589  right away.",200,2026-10-07T07:37:23+00:00
edwardrszall,alive,channel,Edward R. Szall   ✝️    🇺🇸,728,,2025-02-11T14:27:01+00:00,0,0,CrossTalkNews,"Host  @CrossTalkNews , Christian Futurist",200,2026-10-07T07:37:25+00:00
eldorasiman,alive,channel,Eldora & Siman : Shift into 5D,3580,,2025-10-07T19:18:43+00:00,0,0,,🌟   Galactic Updates   🌟   5D Blueprints   🌟   Ascension & Abundance Teachings by EldoRa & Siman   💕,200,2026-10-07T07:37:27+00:00
ElenaDanaan,alive,channel,ElenaDanaan,549,,2024-01-20T22:11:55+00:00,0,0,,,200,2026-10-07T07:37:30+00:00
ElysianParadise,empty_page,,,,,,,,,"If you have  Telegram , you can contact  @ElysianParadise  right away.",200,2026-10-07T07:37:32+00:00
EndForcedAdoption,empty_page,,,,,,,,,"If you have  Telegram , you can contact  @EndForcedAdoption  right away.",200,2026-10-07T07:37:34+00:00
EndoftheWorldasWeKnowIt,empty_page,,,,,,,,,"If you have  Telegram , you can contact  @EndoftheWorldasWeKnowIt  right away.",200,2026-10-07T07:37:37+00:00
EndTimesApocalypse,empty_page,,,,,,,,,"If you have  Telegram , you can contact  @EndTimesApocalypse  right away.",200,2026-10-07T07:37:39+00:00
EnergyMagic,alive,channel,Энергия исцеления   ✨️,19,,2023-12-14T16:46:43+00:00,0,0,elizamugi,С помощью исцеляющей энергии поможем создать здоровое состояние тела и духа.  @elizamugi  По всем вопросам можно писать лично   🙏🏻,200,2026-10-07T07:37:41+00:00
England1st,empty_page,,,,,,,,,"If you have  Telegram , you can contact  @England1st  right away.",200,2026-10-07T07:37:44+00:00
EnjoyTheD,alive,channel,Enjoy the Decline,27400,,2026-08-04T23:03:01+00:00,0,0,DeclineEnjoyers,"It's inevitable, might as well enjoy the ride.  Join the group:  t.me/DeclineEnjoyers",200,2026-10-07T07:37:46+00:00
enlightenedones11,alive,channel,Age of Enlightenment  💡,30,,2022-12-12T16:39:49+00:00,0,0,enlightenedones11 joinchat,A place where people of similar ideas can discuss the truth of the past and present of humanity and all of it's secrets.  Channel:  https://t.me/enlightenedones11  Chat:  https://t.me/joinchat/056g_rZhHM5lMjU8,200,2026-10-07T07:37:48+00:00
EOCandPapism,alive,channel,Orthodoxy and Catholicism,45,,2021-12-18T22:16:34+00:00,0,0,,Material related to sharing the true Gospel with orthodox and catholics.,200,2026-10-07T07:37:51+00:00
ErbFans,empty_page,,,,,,,,,"If you have  Telegram , you can contact  @ErbFans  right away.",200,2026-10-07T07:37:53+00:00
ericmoutsos,alive,channel,Eric Moutsos,7130,,2026-10-07T03:30:07+00:00,7,19,,Eric Moutsos Public Channel,200,2026-10-07T07:37:56+00:00
esoteric_exposal,empty_page,,,,,,,,,"If you have  Telegram , you can contact  @esoteric_exposal  right away.",200,2026-10-07T07:37:58+00:00
EsotericTeachings,alive,channel,Esoteric Knowledge and Philosophy,680,,2022-11-06T11:23:54+00:00,0,0,,"A channel to explore, learn and research esoteric works such as Alchemy and Manly P. Hall. This channel is meant to provide knowledge, this channel does not endorse Abrahamism or Freemasonry.",200,2026-10-07T07:38:01+00:00
esotericteleniggerism,alive,channel,Teleniggerism 3.0,197,,2025-11-30T05:02:13+00:00,0,0,teleniggerism wiggerism,We won't give up because of Cuckrov  RIP  @teleniggerism  (2020-2024) and  @wiggerism  (1 week),200,2026-10-07T07:38:03+00:00
esotericvibes,alive,channel,esoteric vibrations theory   🌻    ✝️,9380,,2026-10-07T03:46:47+00:00,20,20,,mockingbird never ended.   🗿    current list of charges: possession of memes with intent to distribute conspiracy to distribute memes possession of meme paraphernalia  legal notice:  https://skipper.blue/tgnotice.txt  IM NOT BRAZILIAN,200,2026-10-07T07:38:05+00:00
EtaStolenMemes,alive,channel,Eta's stolen memes 'n' queer stuff (personal art not included),5560,,2026-10-07T05:59:03+00:00,20,20,Etashub,"Just stolen memes and more   Channel hub:  @Etashub   Channel picture by me, main admin   In memoriam Murphy, 2002 - 2022",200,2026-10-07T07:38:08+00:00
ethnic_europa,empty_page,,,,,,,,,"If you have  Telegram , you can contact  @ethnic_europa  right away.",200,2026-10-07T07:38:10+00:00
EuphonicIntuitive,alive,channel,🔊   @EuphonicIntuitive • Euphonic Intuitive Broadcast • IPR ••,7,,2023-07-20T01:45:00+00:00,0,0,,,200,2026-10-07T07:38:12+00:00
europe14,alive,channel,@cewos,1,,2023-04-01T13:13:49+00:00,0,0,,,200,2026-10-07T07:38:15+00:00
europeanart,alive,channel,Old and New European Art and Aesthetics,6650,,2025-10-17T11:08:53+00:00,0,0,ChannelCollection,"Dedicated to our beauty and aesthetics, in all its forms.   Check out  @ChannelCollection  for more channels.",200,2026-10-07T07:38:17+00:00
europeanslivesmatter,alive,channel_no_preview,Europeanlivesmatter,591,,,,,,,200,2026-10-07T07:38:19+00:00
EuropeanTribalism,alive,channel,"European Tribalism - Mythology, European culture, survival",4950,,2026-08-19T16:53:15+00:00,0,0,,This channel is dedicated to promote a natural European lifestyle.  Topics:  - tribalism - nutrition - metaphysics - survival - history  Blood & soil!   #tribalism   #dharma   #mythology   #survival,200,2026-10-07T07:38:22+00:00
exposingRH,empty_page,,,,,,,,,"If you have  Telegram , you can contact  @exposingRH  right away.",200,2026-10-07T07:38:24+00:00
extraterrestrial,empty_page,,,,,,,,,"If you have  Telegram , you can contact  @extraterrestrial  right away.",200,2026-10-07T07:38:26+00:00
fact5d,alive,channel,FACT,587,,2026-06-19T03:47:48+00:00,0,0,,UFOlogist. discover truth for yourself. Welcome To Great 5D Shift.   💫   Great Awakening  ✨    حقیقت را برای خود کشف کنید.  YouTube   https://youtube.com/c/fact5d   Instagram    https://Instagram.com/fact.5d    Twitter   http://twitter.com/discovertruth00,200,2026-10-07T07:38:29+00:00
fakingspace,alive,channel,Faking Space,13800,,2026-08-03T20:41:33+00:00,0,0,,"Researcher Earth is Not A Globe Space is Fake Scripted Reality Selected NOT Elected  Immune to Bullshit Freemasons are Fags   ♾️     Mundus vult decipi, ergo decipiatur.  Twitter -  twitter.com/faking_space  Youtube -  youtube.com/c/fakingspace",200,2026-10-07T07:38:31+00:00
family_of_light,alive,channel,Spirituality,1650,,2026-09-28T21:50:22+00:00,0,6,ParanormalNetwork starseeds_lightworkers,"Spirituality is not about a religion, gods and rituals. Spirituality is a principled way of life; it's an attitude. True spirituality is something that is found deep within oneself.  Groups:  @starseeds_lightworkers   @ParanormalNetwork",200,2026-10-07T07:38:34+00:00
FamilyValues,alive,channel,Family Matters,8310,,2026-09-24T21:43:52+00:00,0,1,,Family Matters.,200,2026-10-07T07:38:36+00:00
Fandom_Hell,alive,channel_no_preview,Fandom Hell [NSFL]: The Furred Reich,328,,,,,,"general furfag/mascot/brony/anti-furry meme garbage dump  Yiff In Hell, FurFags 😺⃠   Channel Ingredients: 100% lab-tested, Grade A shitposts, some original content.  18+",200,2026-10-07T07:38:39+00:00
far_westism,empty_page,,,,,,,,,"If you have  Telegram , you can contact  @far_westism  right away.",200,2026-10-07T07:38:41+00:00
FashChat,alive,channel_no_preview,The Eagle's Nest,843,,,,,,A comfy chat for the Fash Fam.,200,2026-10-07T07:38:43+00:00
fashtrology,empty_page,,,,,,,,,"If you have  Telegram , you can contact  @fashtrology  right away.",200,2026-10-07T07:38:46+00:00
fathersheartministries,alive,channel,Father's Heart International Ministry,347,,2026-09-29T16:44:27+00:00,0,6,,"Father's Heart International Ministries broadcast Channel We will post all ministry updates, prophetic words here.  Visit our website  https://fatherslove.co.za   Join us on WhatsApp  https://chat.whatsapp.com/Fzn3QpsVzUQLvHAp70LSVj   Our Telegram link below",200,2026-10-07T07:38:48+00:00
feddpost3,empty_page,,,,,,,,,"If you have  Telegram , you can contact  @feddpost3  right away.",200,2026-10-07T07:38:51+00:00
fencingbearatprayer,alive,channel,𝕱𝖊𝖓𝖈𝖎𝖓𝖌 𝕭𝖊𝖆𝖗 𝖆𝖙 𝕻𝖗𝖆𝖞𝖊𝖗,807,,2026-10-06T12:36:16+00:00,20,20,,"A prayerful bear who loves living on the edge between the medieval and modern. Academic and mischief maker. Servant of Mary. Blog:  https://fencingbearatprayer.blogspot.com  To join the 𝕯𝖗𝖆𝖌𝖔𝖓 𝕮𝖔𝖒𝖒𝖔𝖓 𝕽𝖔𝖔𝖒, request link in comment",200,2026-10-07T07:38:53+00:00
FightForYourLandIreland,empty_page,,,,,,,,,"If you have  Telegram , you can contact  @FightForYourLandIreland  right away.",200,2026-10-07T07:38:55+00:00
fightingforchristendom1,empty_page,,,,,,,,,"If you have  Telegram , you can contact  @fightingforchristendom1  right away.",200,2026-10-07T07:38:58+00:00
FindingTruth7,empty_page,,,,,,,,,"If you have  Telegram , you can contact  @FindingTruth7  right away.",200,2026-10-07T07:39:00+00:00
FionaAedgar,alive,channel,Fiona Aedgar ️ᛉ,1670,,2026-10-01T14:43:00+00:00,2,11,,Astrologer and Odinist    www.FionaAedgar.com,200,2026-10-07T07:39:02+00:00
fiveDcodebreaker,empty_page,,,,,,,,,"If you have  Telegram , you can contact  @fiveDcodebreaker  right away.",200,2026-10-07T07:39:05+00:00
flatearth,alive,channel,𝕱𝖑𝖆𝖙 𝕰𝖆𝖗𝖙𝖍 𝕾𝖔𝖈𝖎𝖊𝖙𝖞,44600,,2026-09-24T00:06:52+00:00,0,1,,Est. 2016 | only on Telegram.  We aim to share the truth of our Lord and savior Jesus Christ and everything Flat Earth. If you have any questions we'd love to hear from you in our discussions   👍🏻,200,2026-10-07T07:39:07+00:00
flatearth108,alive,channel,🇺🇸   Flat Earth   🇷🇺   Плоская земля   🇩🇪   Flache Erde,9960,,2026-09-02T03:29:55+00:00,0,0,,Flat Earth Truth Channel,200,2026-10-07T07:39:10+00:00
FlatEarthAndMore,alive,channel_no_preview,𝙁𝙡𝙖𝙩 𝙚𝙖𝙧𝙩𝙝 𝙖𝙣𝙙 𝙢𝙤𝙧𝙚,30261,,,,,FEIAM1,This channel is censorsed please Join  @FEIAM1,200,2026-10-07T07:39:12+00:00
flatearthbible,alive,channel,Flat Earth Bible,1990,,2026-10-06T05:45:57+00:00,1,4,,"flat earth, biblical truth.",200,2026-10-07T07:39:14+00:00
flatearthericdubay,alive,channel,Eric Dubay's International Flat Earth Research Society,11200,,2026-09-28T12:45:36+00:00,0,4,,http://www.EricDubay.com   http://www.IFERS.123.st,200,2026-10-07T07:39:17+00:00
flatearthtruth,empty_page,,,,,,,,,"If you have  Telegram , you can contact  @flatearthtruth  right away.",200,2026-10-07T07:39:19+00:00
folk_vibes_visions,alive,channel,Folk Vibes & Visions Worldwide,171,,2025-01-07T01:08:54+00:00,0,0,,A channel for music and video excerpts related to folkish worldviews.,200,2026-10-07T07:39:22+00:00
FolkCinema,alive,channel,ᚪOLK CINEᛗA,1910,,2025-10-11T04:03:11+00:00,0,0,,"European traditions, myth, lore and customs in film.  (All content on this channel belong to their respective owners, i don't own the rights to them nor do I receive any monetary gain from them.)",200,2026-10-07T07:39:24+00:00
FolkRight,empty_page,,,,,,,,,"If you have  Telegram , you can contact  @FolkRight  right away.",200,2026-10-07T07:39:27+00:00
FolkSchoolPermaculture2,alive,channel,🌲  FolkSchool Permaculture  🌲,358,,2021-09-18T02:56:50+00:00,0,0,,Farmsteading and Ecological Restoration.,200,2026-10-07T07:39:29+00:00
folkwisdom,alive,channel,Folk Wisdom & Ways,3340,,2026-06-22T15:19:54+00:00,0,0,,"A channel sharing wisdom, lore and more.  🌲  Focusing on Northern European animistic polytheism and folk ways.",200,2026-10-07T07:39:31+00:00
FollowTheHolySpirit,alive,channel,Christian Nationalism,561,,2026-09-05T17:15:48+00:00,0,0,OurKingIsJesusChrist,Christian Nationalists who are against the Jew World Order.  Look at the chat rules for what's allowed in the comments @  https://t.me/OurKingIsJesusChrist,200,2026-10-07T07:39:34+00:00
fornull,alive,channel,ForNull,5,,2025-05-27T06:09:15+00:00,0,0,,,200,2026-10-07T07:39:36+00:00
FourChanTelegraphicNews,empty_page,,,,,,,,,"If you have  Telegram , you can contact  @FourChanTelegraphicNews  right away.",200,2026-10-07T07:39:39+00:00
foxgrams,alive,user_or_bot,Linda Clark,,,,,,,,200,2026-10-07T07:39:41+00:00
frchadtalks,alive,channel,Fr Chad Talks,119,,2025-02-23T09:06:27+00:00,0,0,,"This channel shares links to lectures, sermons, interviews etc. with Fr Chad Ripperger.",200,2026-10-07T07:39:43+00:00
freedomainradio,alive,channel,Freedomain,3040,,2026-10-06T16:04:26+00:00,20,20,,Channel for the largest and most popular philosophy show in the world - Freedomain!  Free audiobook novel:  www.fdrurl.com/almost   Please support philosophy:   www.freedomain.com/donate,200,2026-10-07T07:39:46+00:00
FreedomsGladiator,empty_page,,,,,,,,,"If you have  Telegram , you can contact  @FreedomsGladiator  right away.",200,2026-10-07T07:39:48+00:00
freedomspeach,alive,channel,Direct Action Predator Hunters,33,,2021-10-10T07:24:30+00:00,0,0,,"DIRECT ACTION PREDATOR HUNTERS, WE HUNT NONCES AND OTHER PREDATORS!!!",200,2026-10-07T07:39:50+00:00
FrenTalk,alive,channel_no_preview,FREN TALK (BC Van Dwelling Groyper) App Banned,85,,,,,,For All Things Fren Related,200,2026-10-07T07:39:53+00:00
frequency_high,alive,channel,DIVINE FREQUENCY   ✨    🌏,4330,,2026-10-02T18:05:26+00:00,8,20,,"Resonating with the DIVINE, creating and manifesting our new HEAVEN ON EARTH  ✨",200,2026-10-07T07:39:56+00:00
Frequency_of_Love_channel,alive,channel,⚡️  Frequency of Love-Portal -  1️⃣    🅾️    1️⃣  +  ⚡️    ♾    💞   Gerardus C 04-04-1968  ♋️    ♾    ☯️,4360,,2026-10-06T23:57:32+00:00,20,20,,"✨   DUTCH/English CHANNEL voor iedereen die zijn gedachten wil delen en de WAARHEID wil laten resoneren! Voel en denk met je   💕  RESPECTEER ELKAAR, WANT WE ZIJN ALLEN VERBONDEN EN KOMEN UIT DEZELFDE ENE BRON   👁️     🎭   Laat de frequentie van liefde resoneren in je  💓",200,2026-10-07T07:39:58+00:00
FriendsofRedJenny,alive,channel,Friends of Red Jenny Main,3,,2020-07-27T21:06:52+00:00,0,0,,"Tactics, Strategy, Necessity, Inevitability",200,2026-10-07T07:40:01+00:00
frogsofrenown,alive,channel,FrensonaireOfRenown - ⒾⓃⓉⒺⓇⓃⒶⓉⒾⓄⓃⒶⓁ ⒻⓇⒺⓃⓈⒽⒾⓅ,597,,2026-09-23T20:40:23+00:00,0,3,frensagain,Chat TG  👉🏻   https://t.me/frensagain   https://cytu.be/r/frogsofreknown   https://www.facebook.com/groups/frensagain,200,2026-10-07T07:40:03+00:00
fuckfest_rar,alive,channel,🍂   Artfest   🍂,3470,,2026-10-07T06:10:11+00:00,20,20,HoloRoar K0TEYK4 LaPhilozof0 SamPeach fuckfest_chat,"Аниме арты и не-аниме музыка, разбавленные водой от админов.  Чатик(там обсуждают ф1) -  @fuckfest_chat   Админы -  @SamPeach ,  @HoloRoar ,  @LaPhilozof0  По ВП -  @K0TEYK4",200,2026-10-07T07:40:06+00:00
fucksareinshortsupply,empty_page,,,,,,,,,"If you have  Telegram , you can contact  @fucksareinshortsupply  right away.",200,2026-10-07T07:40:08+00:00
fuggingshid,alive,channel,Bears Bullshit-Bingo,85,,2026-08-05T04:33:32+00:00,0,0,,Images that go hard,200,2026-10-07T07:40:10+00:00
FundamentalChristianity,alive,channel,Fundamental Christianity,9460,,2026-10-06T21:33:44+00:00,12,19,sola_fide,"Christianity with balls, the way God intended. All brothers in Christ are welcome, mainly Protestant channel.  Fresh spicy memes daily.   Group chat:  @sola_fide",200,2026-10-07T07:40:13+00:00
futuristclub,empty_page,,,,,,,,,"If you have  Telegram , you can contact  @futuristclub  right away.",200,2026-10-07T07:40:15+00:00
GadoligNadzee,empty_page,,,,,,,,,"If you have  Telegram , you can contact  @GadoligNadzee  right away.",200,2026-10-07T07:40:17+00:00
gaia_en,alive,channel,GAIA english   🌍    🌏    🌎,3180,,2026-10-04T16:33:03+00:00,14,20,,"GAIA - where conciousness begins.  GAIA offers the largest resource of conciousness expanding videos. Watch anytime, anywhere.  Want to join Gaia yourself?  https://www.gaia.com/invite/join?rfd=30EqDl",200,2026-10-07T07:40:20+00:00
galacticgreg1111,empty_page,,,,,,,,,"If you have  Telegram , you can contact  @galacticgreg1111  right away.",200,2026-10-07T07:40:22+00:00
galaxymemewar,alive,channel_no_preview,Galaxy Meme Warfare,6,,,,,,A picture is worth a thousand deepfakes.,200,2026-10-07T07:40:25+00:00
galaxyverge,alive,channel,Galaxy Verge,304,,2026-10-07T04:39:51+00:00,10,20,galaxy_fire,The Empire of Galactic Vergence  galaxyverge.com   Owner:  @galaxy_fire,200,2026-10-07T07:40:27+00:00
gardentxts,empty_page,,,,,,,,,"If you have  Telegram , you can contact  @gardentxts  right away.",200,2026-10-07T07:40:29+00:00
GATORWAVE,empty_page,,,,,,,,,"If you have  Telegram , you can contact  @GATORWAVE  right away.",200,2026-10-07T07:40:31+00:00
GayNiggaL,alive,channel_no_preview,GNL: Reveille,13,,,,,,,200,2026-10-07T07:40:34+00:00
GazingIntoTheAbyss,alive,channel_no_preview,𝔾𝕒𝕫𝕚𝕟𝕘 𝕀𝕟𝕥𝕠 𝕋𝕙𝕖 𝔸𝕓𝕪𝕤𝕤,735,,,,,,"Promoting God's Natural Order, Tradition, and Self-Determination  ""Healthy living is the antithesis of everything (((modernity))) promotes.""",200,2026-10-07T07:40:36+00:00
geniereb0rn,empty_page,,,,,,,,,"If you have  Telegram , you can contact  @geniereb0rn  right away.",200,2026-10-07T07:40:38+00:00
GermNation,empty_page,,,,,,,,,"If you have  Telegram , you can contact  @GermNation  right away.",200,2026-10-07T07:40:40+00:00
gethighfoundation,alive,channel_no_preview,GET HIGH FOUNDATION,32,,,,,,* THE SCIENCE OF GETTING HIGH *,200,2026-10-07T07:40:43+00:00
getsoued,empty_page,,,,,,,,,"If you have  Telegram , you can contact  @getsoued  right away.",200,2026-10-07T07:40:45+00:00
ghostofphoenix,empty_page,,,,,,,,,"If you have  Telegram , you can contact  @ghostofphoenix  right away.",200,2026-10-07T07:40:47+00:00
Giampiero1488,empty_page,,,,,,,,,"If you have  Telegram , you can contact  @Giampiero1488  right away.",200,2026-10-07T07:40:50+00:00
GiftofGoddess,alive,channel,C beyond.,320,,2026-10-06T18:22:32+00:00,4,19,,I live for this shift!,200,2026-10-07T07:40:52+00:00
gingersrant,alive,channel_no_preview,No Racism in Patriotism!,222,,,,,,We have all become complicit in helping this 'man from Luton' by listening and watching what he says and realising it is not bigotry but pure and simple fact. We are complicit by being able to think for ourselves and not being brainwashed by media-elites,200,2026-10-07T07:40:54+00:00
GiveTendies,alive,channel_no_preview,Give Tendies - Go Off The Deep End,639,,,,,,"Welcome to the funny side...... Hope you're ready to laugh..  the opinions expressed here reflect the values of any and all organizations i have, am or will be part of in the future. this includes every single person who's ever subscribed to the channel.",200,2026-10-07T07:40:57+00:00
GlobalistWatchers,alive,channel_no_preview,Globalist Watchers,8,,,,,,A channel for  collating various bits of global news and degeneracy. Often times regarding Globalists and their wicked plans.    Sharing ≠ Agreement,200,2026-10-07T07:40:59+00:00
gnosistakingover,alive,channel,The Gnostic Takeover Channel,636,,2024-04-23T12:30:49+00:00,0,0,,«The Gnostic Takeover» is about Activation of Natural Intelligence and Transcending the Matrix Control System.  E-Mail Contact: steven.whybrow@protonmail.com,200,2026-10-07T07:41:01+00:00
god_given_universal_rights,alive,channel,God Given Inalienable Universal Rights,219,,2023-04-04T20:01:49+00:00,0,0,,"God helps those who help themselves, that’s why our mission is all about empowering wo/man in defence of our God given inalienable. As “He who fails to assert his rights has none.” Topics: Law, philosophy, government.",200,2026-10-07T07:41:04+00:00
God_loves_the_youth,alive,channel_no_preview,THE CHRISTIC SOCIETY,1159,,,,,,Projecting Jesus to people and every field of the world,200,2026-10-07T07:41:06+00:00
Godisnotdeadddddddd,alive,channel,God's Not Dead,198,,2023-10-07T15:45:11+00:00,0,0,,,200,2026-10-07T07:41:09+00:00
godistheonlywayandanswer,empty_page,,,,,,,,,"If you have  Telegram , you can contact  @godistheonlywayandanswer  right away.",200,2026-10-07T07:41:11+00:00
GodLovesYouNoMatterWhat,alive,channel,Get Back With God,388,,2021-04-19T19:18:19+00:00,0,0,,No matter what God loves you  ❤️    ❤️,200,2026-10-07T07:41:13+00:00
Godsupremacy,empty_page,,,,,,,,,"If you have  Telegram , you can contact  @Godsupremacy  right away.",200,2026-10-07T07:41:16+00:00
godswrath,alive,channel_no_preview,Fair Use (use Telegram.org .apk)✝️🇫🇮🇩🇪🇬🇧🇺🇸,129,,,,,,"Minister of God's Wrath. For best viewing on Android, download and install the .apk from Telegram.org rather than the Google Play store.",200,2026-10-07T07:41:18+00:00
goldendays369,alive,channel_no_preview,Golden Days 369,19,,,,,,Victory of the Light,200,2026-10-07T07:41:21+00:00
goodpics4badkids,alive,channel,Queer Worms Against Norms,393,,2026-09-25T23:58:37+00:00,0,6,Alembic,~Wormy dealies~  I'm your girl boy friend's girl boy friend  The Alembic Collective ( @Alembic    ⚗️  ) Wow mom look I'm a real telegram admin now,200,2026-10-07T07:41:23+00:00
goofydoofes,alive,channel,TECENDA  ✨,127,,2024-01-27T11:52:40+00:00,0,0,GoofyDoofes_bot,🔥  We All Have To Thank Corona For Forcing Me To  Create This Dope Ass Channel  😎    🔥      ✨  |For everything and anything can u pls join    ✨  |  📍  April 6 2020     ✨  |Comments & Cross   @GoofyDoofes_bot,200,2026-10-07T07:41:25+00:00
GraceNewsQ117,alive,channel,Justice Is Here,1940,,2026-10-05T23:03:29+00:00,18,18,,Grace News,200,2026-10-07T07:41:28+00:00
grapesofthorns,empty_page,,,,,,,,,"If you have  Telegram , you can contact  @grapesofthorns  right away.",200,2026-10-07T07:41:30+00:00
Grayimperfection,empty_page,,,,,,,,,"If you have  Telegram , you can contact  @Grayimperfection  right away.",200,2026-10-07T07:41:32+00:00
GreaterTartaria,alive,channel,Greater Tartaria Global Resets and Mud Floods,1120,,2024-10-06T21:53:37+00:00,0,0,,,200,2026-10-07T07:41:35+00:00
GreaterTeutonia,empty_page,,,,,,,,,"If you have  Telegram , you can contact  @GreaterTeutonia  right away.",200,2026-10-07T07:41:37+00:00
Greatexpectations11,alive,channel_no_preview,Great Expectations ✍🏽,279,,,,,,"Here lays the thoughts and burdens of rebellious children.  We are the worst fear of our parents.  Come join us, lurk in our deepest darkest thoughts and gather your friends🖤",200,2026-10-07T07:41:40+00:00
greenbeard117,alive,channel,Greenbeard,325,,2025-10-09T15:38:29+00:00,0,0,,Greenbeard,200,2026-10-07T07:41:42+00:00
GypsySoul1111,alive,user_or_bot,T Daniel,,,,,,,,200,2026-10-07T07:41:44+00:00
h88ers,alive,channel_no_preview,HeMan Women H88ers Club,43,,,,,,Hot takes and women h88ing,200,2026-10-07T07:41:46+00:00
HabeshaGroy,empty_page,,,,,,,,,"If you have  Telegram , you can contact  @HabeshaGroy  right away.",200,2026-10-07T07:41:49+00:00
haqiqatjou,alive,channel,Daniel Haqiqatjou Official,25100,,2026-10-07T05:55:33+00:00,20,20,,This is where I share the good stuff.,200,2026-10-07T07:41:51+00:00
hardrightaesthetics,empty_page,,,,,,,,,"If you have  Telegram , you can contact  @hardrightaesthetics  right away.",200,2026-10-07T07:41:53+00:00
HateKvlt,alive,channel_no_preview,Placeholder,527,,,,,,,200,2026-10-07T07:41:56+00:00
Healing417HzMusicLinks,alive,channel,417Hz 432Hz Music Audio Links,328,,2025-09-07T03:47:57+00:00,0,0,Healing417Hz Healing417HzMusicLinks SolfeggioFrequency,417-432Hz links+chat:  @Healing417HzMusicLinks   4-300GHz channel+chat:  @Healing417Hz   Topic specific. English. No marketing.  See also  https://t.me/SolfeggioFrequency,200,2026-10-07T07:41:58+00:00
healingthroughfrequency,alive,channel,Healing Through Frequency,410,,2026-10-01T05:02:50+00:00,1,2,,Looking into all of the ways that frequencies can heal the body 144000,200,2026-10-07T07:42:00+00:00
Hearth_and_Helm,alive,channel,Hearth & Helm,757,,2026-10-07T00:38:46+00:00,2,13,,Reviving Folk Vitality in the Modern World  Podcast & Blog   https://x.com/HearthHelm   buymeacoffee.com/hearthandhelm   https://rumble.com/user/Hearth_and_Helm   https://www.instagram.com/hearth_and_helm,200,2026-10-07T07:42:03+00:00
HearthEuropa,alive,channel,Hearth of Europa,118,,2023-02-02T16:52:48+00:00,0,0,,Sit down by the hearth and learn about our roots through our old stories and myths. Dlive:  https://dlive.tv/HearthOfEuropa  Odysee:  https://odysee.com/@hearthofeuropa:e?r=2A9T9  YT:  https://www.youtube.com/c/HearthofEuropa,200,2026-10-07T07:42:05+00:00
heartsongs8,alive,channel,Heart Songs,32,,2026-03-30T01:22:46+00:00,0,0,,"Christ centered, God honoring, Holy Spirit directed personal Recordings and photo arts, scripture and natural science. May it be a blessing to you as you walk in God's way.  TELEGRAM DOES NOT HAVE MY PERMISSION TO SHARE THESE MEDIA OR MESSAGES.",200,2026-10-07T07:42:08+00:00
heavenonearthcologne,alive,channel,Heaven On Earth Experience,1460,,2022-07-10T08:10:06+00:00,0,0,PariSattva,Psychospiritual inspiration & modern mysticism     ▫️  Spirituality ~ Mystic ~ Astrology ~ Wisdom ~ Shamanism ~ Guidance ~ Exploration of Consciousness ~ White Magic ~ Law of Attraction  ▫️     ✨    https://gofund.me/8303601c    https://t.me/PariSattva,200,2026-10-07T07:42:10+00:00
hegenguyen7,empty_page,,,,,,,,,"If you have  Telegram , you can contact  @hegenguyen7  right away.",200,2026-10-07T07:42:12+00:00
HelferinFSSquad,alive,channel_no_preview,Helferin: Female Support Squad (FSS),34,,,,,,"This Channel is geared toward all females of the red pill variety;  addressing femininity, grace, true and respectful gender roles, inner and outer strength and all the tools necessary to be a wholesome help mate and asset to our men as God intended.",200,2026-10-07T07:42:15+00:00
HellenicMyth,empty_page,,,,,,,,,"If you have  Telegram , you can contact  @HellenicMyth  right away.",200,2026-10-07T07:42:17+00:00
hellstorm1,alive,user_or_bot,Storm,,,,,,,,200,2026-10-07T07:42:19+00:00
herosjourneyreturn,alive,channel,Hero'sJourneyReturn [Aarongorn],1890,,2026-10-02T22:18:46+00:00,2,18,,Hero's Journey Return is a channel dedicated to the uplifting of Human consciousness.  An esoteric and symbolic exploration of Reality.   Www.herosjourneyreturn.com  Site password: MANNA144,200,2026-10-07T07:42:22+00:00
hilltophomestead,empty_page,,,,,,,,,"If you have  Telegram , you can contact  @hilltophomestead  right away.",200,2026-10-07T07:42:24+00:00
His_Panic_Room,alive,channel_no_preview,His Panic Room,293,,,,,,Welcome to the activist/politigram channel! Here we will discuss everything from religion to politics and (((expose))).  What else can you ask from your people? We will unite the empire once again!,200,2026-10-07T07:42:26+00:00
hisglorytv,alive,channel,HisGloryTv,4120,,2023-02-10T22:10:25+00:00,0,0,,"Welcome to the His Glory Family! From East to West, North to South, His Glory is spreading the Word of God to the nations, and restoring freedom to We the People.  Please keep comments/chat Family Friendly G)rated .",200,2026-10-07T07:42:29+00:00
hn_best_comments,alive,channel,HN Best Comments,4160,,2026-10-07T06:05:00+00:00,20,20,,Comments from  https://news.ycombinator.com/bestcomments   Source code:  https://github.com/border-radius/hn-best-comments,200,2026-10-07T07:42:31+00:00
Holly_Good,alive,channel,HollyGood,123,,2022-09-25T11:50:36+00:00,0,0,,A place for different forms of media that won't make your eyes roll. Any form of non-zog media... mostly movies.,200,2026-10-07T07:42:33+00:00
Holodomor2Point0,alive,channel_no_preview,Holodomor 2.0,1003,,,,,,,200,2026-10-07T07:42:36+00:00
Holy_League_Official,alive,channel,The Holy League   🇻🇦,854,,2025-10-31T21:14:53+00:00,0,0,,,200,2026-10-07T07:42:38+00:00
hometermia,alive,channel,Hometermia,349,,2026-09-23T06:48:08+00:00,0,3,,"Welcome to the Principality of Hometermia  This channel consists of Articles, Quotes, Essays and Pieces for Red Pill, Political and Philosophical purposes.   Live by the Way of the Phoenix",200,2026-10-07T07:42:41+00:00
HonkTheKaliYuga,empty_page,,,,,,,,,"If you have  Telegram , you can contact  @HonkTheKaliYuga  right away.",200,2026-10-07T07:42:43+00:00
hopemusiclight,alive,channel,Hope Music Light,1,,2025-09-06T10:35:19+00:00,0,0,,KJB Memes Bible believer interaction,200,2026-10-07T07:42:45+00:00
HorrendousTrannies,alive,channel_no_preview,Horrendous Trannies: Pharmageddon,3570,,,,,,"The most putrid & diseased trannies the internet has to offer  Owner/admins assume no responsibility for the misuse of the educational information posted herein  Do not eat before, during, or after visiting this channel",200,2026-10-07T07:42:48+00:00
HOTCHOCQ,alive,channel,HOT CHOC Q,13,,2026-10-06T02:51:05+00:00,17,20,,"🤔  THE PONDER CHANNEL~ WHERE ONE COMES TO PONDER ALL THINGS....ESPECIALLY, YOU-SELF   😎     #Q   #FREQUENCY",200,2026-10-07T07:42:50+00:00
hotel3chat,alive,channel,HOTEL3,396,,2026-07-04T02:11:54+00:00,0,0,,Jesus is the answer what is your question?,200,2026-10-07T07:42:52+00:00
hoursdumbmemeshit,alive,channel,hours' dumb meme shit,4570,,2026-10-07T01:38:13+00:00,17,20,,- i post shit here so i can laugh at it later  - almost none of this is oc  - don't be fucking stupid in the comments please,200,2026-10-07T07:42:55+00:00
HRCtel,alive,user_or_bot,Horacio Saldaña Márquez,,,,,,,,200,2026-10-07T07:42:57+00:00
httYhwZ8HPplT8wNjkx,alive,channel,👑   Authentic - Aesthetics   👑,557,,2026-04-06T02:14:15+00:00,0,0,,Welcome!  This page was Inspired by the climate of times enjoy ~ authentic aesthetics ~    🕊,200,2026-10-07T07:43:00+00:00
hueas,empty_page,,,,,,,,,"If you have  Telegram , you can contact  @hueas  right away.",200,2026-10-07T07:43:02+00:00
humanAkash,empty_page,,,,,,,,,"If you have  Telegram , you can contact  @humanAkash  right away.",200,2026-10-07T07:43:04+00:00
HuwhitePride,empty_page,,,,,,,,,"If you have  Telegram , you can contact  @HuwhitePride  right away.",200,2026-10-07T07:43:07+00:00
HuxDeluxe,alive,channel,Hux’s Deluxe Channel,4880,,2026-10-06T19:32:14+00:00,20,20,,“We got a situation”,200,2026-10-07T07:43:09+00:00
hvitgardr,empty_page,,,,,,,,,"If you have  Telegram , you can contact  @hvitgardr  right away.",200,2026-10-07T07:43:11+00:00
hydration,alive,channel,Hydration Appreciation Station,108,,2026-10-05T13:16:50+00:00,1,1,,Stay Hydrated!,200,2026-10-07T07:43:14+00:00
hyperboreanradio,alive,channel,Hyperborean Radio (The Final Episodes),2730,,2026-06-23T20:03:24+00:00,0,0,,"369 kHz Jeff and Ike in The Morning. Your Roughneck Pagan Uncles, You Wish You Had and are Glad You Don’t! Speaking the truths we all know, but others fear to whisper.   https://www.hyperboreanradio.com    https://linktr.ee/Hyperborean_Radio",200,2026-10-07T07:43:16+00:00
HyperboreanReflections,empty_page,,,,,,,,,"If you have  Telegram , you can contact  @HyperboreanReflections  right away.",200,2026-10-07T07:43:18+00:00
HyperboreanSpearShaman,alive,channel,HyperboreanSpear,149,,2022-07-08T15:33:47+00:00,0,0,,,200,2026-10-07T07:43:21+00:00
I_HateEveryone,alive,channel_no_preview,I Hate Everyone,28,,,,,,I rant here. And no one can respond.,200,2026-10-07T07:43:23+00:00
iamauroraray,alive,channel,Aurora Ray -Galactic Federation,9250,,2026-10-06T21:01:33+00:00,17,19,,I help awakened souls ascend from 3D struggle to 5D mastery & manifest their dream life through strategic frequency training   🎯  Ready for upgrade?  https://linktr.ee/iamauroraray   YOUTUBE:  https://youtube.com/@auroraray,200,2026-10-07T07:43:25+00:00
IAMFutureProvesPast,alive,channel,✨  Welcome to Renaissance Revival  ✨,87,,2025-05-29T02:30:00+00:00,0,0,,✨  Renaissance REVIVAL  ✨           SUN 7PM WED 1:30 EST               ISAIAH 61 Ministries We are Receiving Testimonies of Miracles  ✨  Healings  ✨  Visions  ✨   Baptism in Holy Spirit  ✨  God Encounters   ✨    ✨  Glory to Jesus Christ   ✨    ✨     People connected to God & Truth,200,2026-10-07T07:43:28+00:00
IAMKATZDURDEN,alive,channel,KATZ DURDEN,5,,2022-10-02T20:25:02+00:00,0,0,,,200,2026-10-07T07:43:30+00:00
IAMPowerofwords,alive,channel,Words Have Power!,379,,2026-10-06T11:12:54+00:00,4,20,,"#LawOfAttraction  Speak the things you want into existence. (Words have power. That's why they call it ""spelling."") Manifest the power of ""I AM.""",200,2026-10-07T07:43:33+00:00
iberianfertilizer,alive,channel,Memetics Distribution Channel,67,,2023-11-15T03:13:28+00:00,0,0,,Reposting any and all memes I find from scowering from the deepest entrails of the internet,200,2026-10-07T07:43:35+00:00
Identity_Revolutionn,alive,channel,Identity_Revolutionn,4,,2021-09-17T02:12:34+00:00,0,0,,,200,2026-10-07T07:43:37+00:00
IFBKJV,alive,channel,IFB Independent Fundamental Baptists,1410,,2026-10-06T21:23:53+00:00,20,20,,Jesus Christ is the only way   💪  . We believe that the KJV is the word of God! We love hard preaching and soul winners!,200,2026-10-07T07:43:40+00:00
ifyouarebored,alive,group,FreeEnglishChat,,3,,,,,,200,2026-10-07T07:43:42+00:00
IlXKlI,alive,channel,Become Orthodox   ☦,225,,2020-09-23T15:31:10+00:00,0,0,Orthodox_Church_Chat,"The purpose of this channel is to introduce Eastern Orthodoxy to Westerners and provide apologetic material in defence of the True Faith. Please take your time, read the resources on this channel and consider converting.  Group chat:  @Orthodox_Church_Chat",200,2026-10-07T07:43:44+00:00
imperiumofaryans,empty_page,,,,,,,,,"If you have  Telegram , you can contact  @imperiumofaryans  right away.",200,2026-10-07T07:43:46+00:00
ImperiumPressOfficial,alive,channel,Imperium Press,8860,,2026-10-06T09:31:02+00:00,9,20,,imperiumpress.org   The classics department of the future,200,2026-10-07T07:43:49+00:00
ImperiumSolaris,empty_page,,,,,,,,,"If you have  Telegram , you can contact  @ImperiumSolaris  right away.",200,2026-10-07T07:43:51+00:00
IndoEuropean,empty_page,,,,,,,,,"If you have  Telegram , you can contact  @IndoEuropean  right away.",200,2026-10-07T07:43:53+00:00
Indoeuropean1488,empty_page,,,,,,,,,"If you have  Telegram , you can contact  @Indoeuropean1488  right away.",200,2026-10-07T07:43:56+00:00
infodumpstation,alive,channel,k,2,,2022-09-20T22:35:06+00:00,0,0,,,200,2026-10-07T07:43:58+00:00
inluxchrist,alive,channel,✝️   𝐈𝐧𝐋𝐮𝐱  🔥,1700,,2026-07-03T16:15:54+00:00,0,0,ChannelCollection,Christendom   ✝️   Philosophy   📜   Growth   💪    Part of  @ChannelCollection,200,2026-10-07T07:44:00+00:00
IntentionallyMinded,alive,channel,Intentionally Minded,3,,2026-07-31T03:52:58+00:00,0,0,,Encouraging others daily in the word of the Lord,200,2026-10-07T07:44:03+00:00
InternetHateMachine,alive,channel_no_preview,Internet S Machine 3.0,3077,,,,,InternetBasedMachine iqica0 joinchat susiety,Sic transit gloria mundi  sus channel:   @susiety  Amalek: https://t.me/joinchat/El_DP7y6d_liMDVh Backup:  @InternetBasedMachine    Part of IQICA  @iqica0,200,2026-10-07T07:44:05+00:00
IntuitiveBridge,alive,channel,🔊   @IntuitiveBridge • Intuitive Community Bridge • Intuitive Public Radio • IPR •••,8,,2026-07-21T02:44:01+00:00,0,0,,,200,2026-10-07T07:44:07+00:00
IntuitiveEarth,alive,channel,🔊   @IntuitiveEarth • Live Collaborative Media • Intuitive Public Radio Earth • IPR •••,22,,2026-06-10T06:42:08+00:00,0,0,IntuitiveEarth,Welcome to this Intuitive Earth.   @IntuitiveEarth  • Live Collaborative Media • Intuitive Public Radio Earth • IPR •••  Intuitive.pub/Earth   This social space supports oxytocin pathway repair and individualized creative healing.,200,2026-10-07T07:44:10+00:00
IntuitiveFlow,alive,channel_no_preview,🔊 @IntuitiveFlow • Relationship Resonance • Collaborative Public Social Community Flow • IPR •••,8,,,,,,Intuitive.pub/Flow,200,2026-10-07T07:44:12+00:00
IntuitiveSocialCalendar,alive,channel,🔊   @IntuitiveSocialCalendar • Keep Sacred Time • Intuitive Social Calendaring • Intuitive Public Radio • IPR •••,7,,2026-07-21T00:20:54+00:00,0,0,,,200,2026-10-07T07:44:14+00:00
IntuitiveSocialHorror,alive,channel,🔊   @IntuitiveSocialHorror • Intuitive Social Gamer • Self-Healing Horror • IPR •••,13,,2026-06-02T03:46:29+00:00,0,0,,,200,2026-10-07T07:44:17+00:00
IntuitiveSocialIntimacy,alive,channel_no_preview,🔊 @IntuitiveSocialIntimacy • Live Collaborative Media Re: Social Needs + Intimacy • IPR •••,9,,,,,,,200,2026-10-07T07:44:19+00:00
IntuitiveSocialPop,alive,channel,🔊   @IntuitiveSocialPop • Intuitive Social Pop • Intuitive Public Radio • IPR •••,9,,2025-09-17T21:17:01+00:00,0,0,,,200,2026-10-07T07:44:22+00:00
IntuitiveStory,alive,channel,🔊   @IntuitiveStory • Story & Spontaneous Cosmology • Intuitive Public Radio • IPR •••,6,,2026-04-01T04:53:31+00:00,0,0,,,200,2026-10-07T07:44:24+00:00
IntuitiveStrength,alive,channel,"🔊   @IntuitiveStrength • Embodied, Integrated Strength • Intuitive Public Radio • IPR •••",7,,2025-08-16T14:53:58+00:00,0,0,IntuitiveStrength joinchat,Welcome to  @IntuitiveStrength .   🌿    Practice & Share:  https://t.me/joinchat/J8dfcU68Bec1f6w9VUGzZg,200,2026-10-07T07:44:26+00:00
InvestigateEarth,alive,channel,Investigate Earth,10,,2021-10-26T18:26:36+00:00,0,0,,"Ancient Titan Tree Stumps, Giants Petrified in Mountains, Giant Petrified Mushroom Homes. Mummified Tree Dwelling Bats found in the Grand Canyon Rock Caves? What is happening to Earth? What is the Mother Plant telling us? Time will tell.   ❤️",200,2026-10-07T07:44:29+00:00
invokevision,empty_page,,,,,,,,,"If you have  Telegram , you can contact  @invokevision  right away.",200,2026-10-07T07:44:31+00:00
IOTBIOMEDIA,alive,channel_no_preview,Vault 1,5,,,,,,"Links, Videos, Audio, Pictures and media from the IOTBIO group.   Ancient history, Indo European migrations and DNA, genetics, Ancient cvilisations, Subverted and Suppressed history, Aryan Invasion theory, White mummies, pyramids, Atlantis, all sorts",200,2026-10-07T07:44:33+00:00
ironfaith,empty_page,,,,,,,,,"If you have  Telegram , you can contact  @ironfaith  right away.",200,2026-10-07T07:44:36+00:00
ironfaith88,empty_page,,,,,,,,,"If you have  Telegram , you can contact  @ironfaith88  right away.",200,2026-10-07T07:44:38+00:00
IronFaithRevived,empty_page,,,,,,,,,"If you have  Telegram , you can contact  @IronFaithRevived  right away.",200,2026-10-07T07:44:40+00:00
islam_answers,alive,channel,Move to https://t.me/answering_islam_latest,640,,2026-08-26T11:43:35+00:00,0,0,Christian_Muslim_Dialog,A critical evaluation of Islam from a Christian perspective  Christian-Muslim dialog group:  https://t.me/Christian_Muslim_Dialog,200,2026-10-07T07:44:43+00:00
islamIsEvil,empty_page,,,,,,,,,"If you have  Telegram , you can contact  @islamIsEvil  right away.",200,2026-10-07T07:44:45+00:00
itsbattlefortruth,alive,channel,BattleForTruth ☩,1220,,2026-08-18T18:43:05+00:00,0,0,battlefortruth itsbattlefortruth,"⚔️   “Therefore fear them not. For nothing is covered that shall not be revealed: nor hid, that shall not be known.” Matthew 10,6   •  Telegram Channel:  t.me/itsbattlefortruth  YouTube:  https://youtube.com/channel/UC3qw55W0rH3RX9Ty9oaXVRA  IG:  @battlefortruth",200,2026-10-07T07:44:47+00:00
itsdoge,alive,channel,The dreams memes the seams,39,,2023-08-31T00:10:44+00:00,0,0,,The memes are my dreams of a new world with no seams gleams beyond the horizon of sheen,200,2026-10-07T07:44:50+00:00
ItsTheNutshack,empty_page,,,,,,,,,"If you have  Telegram , you can contact  @ItsTheNutshack  right away.",200,2026-10-07T07:44:52+00:00
IURadio,empty_page,,,,,,,,,"If you have  Telegram , you can contact  @IURadio  right away.",200,2026-10-07T07:44:55+00:00
JackoBatBear,empty_page,,,,,,,,,"If you have  Telegram , you can contact  @JackoBatBear  right away.",200,2026-10-07T07:44:57+00:00
JacksINTERNalShitposts,empty_page,,,,,,,,,"If you have  Telegram , you can contact  @JacksINTERNalShitposts  right away.",200,2026-10-07T07:44:59+00:00
JacobIsraelYoutube,alive,channel,Jacob Israel,2000,,2026-10-06T15:33:23+00:00,3,8,,"There is more to you than you know! If you have ever wondered if there is more to life, then you are in the right place. Join Author, Speaker, and award-winning television writer and producer Jacob Israel on the greatest of adventures called your life!",200,2026-10-07T07:45:02+00:00
JarrinJackson,alive,channel_no_preview,Jarrin Jackson 👑📖🇺🇸,16,,,,,,"Christian |Husband |Father |Teacher | Vet| Self-Govern Saturdays on X  @7amCT  | ""There's never a right time to do wrong nor a wrong time to do right. -Dad",200,2026-10-07T07:45:04+00:00
jasonchristoff11,alive,channel,Jason Christoff - Freedom From Self Sabotage,1880,,2026-10-06T11:54:36+00:00,15,18,,,200,2026-10-07T07:45:06+00:00
jasonyosefshurka,alive,channel,Jason Shurka,30900,,2026-10-06T19:03:01+00:00,20,20,,This telegram channel is for daily updates that I share constantly in a simple way! JOIN THE COMMUNITY   💜,200,2026-10-07T07:45:09+00:00
Jaydafransensupporters,alive,channel,Jayda Fransen Supporters,159,,2021-09-27T18:52:49+00:00,0,0,,Not the official  Channel,200,2026-10-07T07:45:11+00:00
JazSearbyHardKnocks,empty_page,,,,,,,,,"If you have  Telegram , you can contact  @JazSearbyHardKnocks  right away.",200,2026-10-07T07:45:13+00:00
jennguthrie,alive,channel,Jennifer Guthrie,95,,2022-06-12T11:12:23+00:00,0,0,,"Titus 3:4-7 ~ Child of God, Wife, Mother and Lover of the Word!",200,2026-10-07T07:45:16+00:00
JesusAtTheCente,alive,channel,JESUS AT THE CENTER- STREAM UPDATES,132,,2026-09-29T04:30:51+00:00,0,2,HenryGravesV JesusAtCenterLIbrary,God Bless You Family! Our Goal is to help you the best way we can. Join our other Channels. Our updates inform you of live streams events online. Stay plugged in!   https://t.me/+ciFVACAIP95iMGE5   https://t.me/JesusAtCenterLIbrary   https://t.me/HenryGravesV,200,2026-10-07T07:45:18+00:00
JesusChristIsKing,alive,user_or_bot,JESUS CHRIST IS LORD,,,,,,,,200,2026-10-07T07:45:21+00:00
JesusJirehJJ,alive,channel_no_preview,J.E.S.U.S,185,,,,,,I am the light of the world: he that followeth me shall not walk in darkness but shall have the light of life . SPREAD THE GOSPEL.  So they see the light It’s all about Jesus,200,2026-10-07T07:45:23+00:00
JianaSD,empty_page,,,,,,,,,"If you have  Telegram , you can contact  @JianaSD  right away.",200,2026-10-07T07:45:25+00:00
jmcorda,alive,channel,Jean-Marie CORDA,5820,,2026-10-06T22:12:36+00:00,6,11,,,200,2026-10-07T07:45:28+00:00
JMJAMDG,alive,channel_no_preview,✝️JMJ✝️⚜AMDG⚜,22,,,,,,AMDG|PromoteJesus&OurBlessedMother|Pray theRosaryEveryDay🙏🏼BeAFoolForChrist❤,200,2026-10-07T07:45:30+00:00
joeturnerchannel,empty_page,,,,,,,,,"If you have  Telegram , you can contact  @joeturnerchannel  right away.",200,2026-10-07T07:45:32+00:00
JohnDoesThoughts,empty_page,,,,,,,,,"If you have  Telegram , you can contact  @JohnDoesThoughts  right away.",200,2026-10-07T07:45:35+00:00
JohnMatzeJr,alive,channel,John Matze,323,,2025-03-12T03:42:20+00:00,0,0,,Engineer. Product Manager. Flutter Dev. Founder of Parler (No longer affiliated),200,2026-10-07T07:45:37+00:00
josexadriano,empty_page,,,,,,,,,"If you have  Telegram , you can contact  @josexadriano  right away.",200,2026-10-07T07:45:39+00:00
Journey5D,alive,user_or_bot,Ananda_serina369,,,,,,,,200,2026-10-07T07:45:42+00:00
Jparle,alive,channel_no_preview,JParle🔥,367,,,,,Jparle03,"Bringing the world to Jesus with everything we are and have. A good place to be edified and to grow. Don't be ashamed of being a Christian; enjoy being one!  Jesus Speaks, Lives Change.  Groupchat:  @Jparle03",200,2026-10-07T07:45:44+00:00
justicebellucci144,alive,channel,JUSTICE BELLUCCI,3350,,2025-02-18T16:57:17+00:00,0,0,,"“If the News is Fake, Imagine how bad History is”",200,2026-10-07T07:45:46+00:00
JustinCarpenter33,alive,channel,Justin Carpenter,5070,,2026-09-27T01:10:15+00:00,0,4,,A calming presence through life’s transitions. Guiding you through the 8 storms to find your anchor and true purpose.   👇   Begin the conversation:   https://www.justincarpenter.org/,200,2026-10-07T07:45:49+00:00
justuniverses,alive,channel,UniVerses,67,,2026-10-07T04:10:56+00:00,20,20,,GOD IS GOOD   💙,200,2026-10-07T07:45:51+00:00
KabamurTaygeta,alive,channel,Kab,24000,,2026-10-06T18:14:03+00:00,8,18,,"Messages and Information from Pleiadians of Taygeta. Telepathically received by Judith Lynn, shared by her son, Kab  Kab Chat:  https://t.me/+g7WmqVN7LLQ4OTNh   Web:  familyoftaygeta.com  TW:  x.com/Kabamur   Order:  buymeacoffee.com/FamilyofTaygeta",200,2026-10-07T07:45:54+00:00
KaizenReport,empty_page,,,,,,,,,"If you have  Telegram , you can contact  @KaizenReport  right away.",200,2026-10-07T07:45:56+00:00
KarenRenePryor,alive,channel,@KarenRenePryor,233,,2026-09-23T01:37:11+00:00,0,2,,Patriot Poet writing for The KING of Glory our Savior Jesus Christ   🙏🏻    ❤️    🇺🇸,200,2026-10-07T07:45:59+00:00
KatieJayne,alive,user_or_bot,Jayne Kate,,,,,,,,200,2026-10-07T07:46:01+00:00
KhulWorld,alive,channel,Khul World - ክሁል,4670,,2026-10-07T00:21:02+00:00,11,15,khulservice,"Awaken your body, mind, and heart with Khul World   🌏    ✨  . Yoga, meditation, breathwork, and nurtuting gatherings to help you live fully and consciously. Khul World; Human Possibilities!! For more reach us on our service line  @khulservice",200,2026-10-07T07:46:03+00:00
Killshot2020,alive,channel,The Globe Is DEAD!!!!  🐻,3870,,2026-10-03T16:01:30+00:00,2,4,,Welcome To Flat Earth!!!!!! The Very Best Content On FE & Natural Science  Powered By M1Bear  🐻,200,2026-10-07T07:46:06+00:00
KingKat_Infobar,alive,channel_no_preview,KingKat Info Bar 🇺🇸🗣,1745,,,,,,"Hey Welcome to King Kats info bar where you get the ice cold tea on current events, global news and top it off with daily encouragements from Gods word! Include prophetic utterance from scripture shaken not stirred, just in time for Jesus’ return!",200,2026-10-07T07:46:08+00:00
KingShiit,alive,user_or_bot,Key,,,,,,,,200,2026-10-07T07:46:11+00:00
kinolodge,alive,channel_no_preview,The Kino Lodge,7,,,,,,"Welcome to The Kino Lodge.  We are the highest order of shitposters from the deepest corners of the cyberspace, our shitposts defy the very laws of reality and shape the world as it is today.  Pavel Durov is the Antichrist.",200,2026-10-07T07:46:13+00:00
kloeylovesyou,empty_page,,,,,,,,,"If you have  Telegram , you can view posts by  @kloeylovesyou  right away.",200,2026-10-07T07:46:15+00:00
KnightsTemplarOfficial,alive,channel,Knights Templar Official,765,,2026-10-01T08:22:35+00:00,2,2,,,200,2026-10-07T07:46:17+00:00
knklairofthelord,empty_page,,,,,,,,,"If you have  Telegram , you can contact  @knklairofthelord  right away.",200,2026-10-07T07:46:20+00:00
kornbredscorner,alive,channel,Dixie Polis,691,,2026-10-05T20:41:37+00:00,3,17,,Market place of southern ideals,200,2026-10-07T07:46:22+00:00
krugergroyper,empty_page,,,,,,,,,"If you have  Telegram , you can contact  @krugergroyper  right away.",200,2026-10-07T07:46:24+00:00
kryptocentral,empty_page,,,,,,,,,"If you have  Telegram , you can contact  @kryptocentral  right away.",200,2026-10-07T07:46:27+00:00
Kudzus,alive,channel_no_preview,Kudzu's Deez Mama (inc. forwards: description),41,,,,,RefractionPoint SoLongSmallFry,"Original posts & uploads, updates, and #OC go here as of 21.08.03. Oðer channels wið forwards I have created or admin:  @SoLongSmallFry .  inc. forwards:  @RefractionPoint   #words #occultsymbolism #conditioning #coolsite #art  ""Become unstoppable like kudzu""",200,2026-10-07T07:46:29+00:00
lady_of_peace2,alive,channel,Lady of Peace   🕊     ✝️,786,,2023-05-16T12:07:15+00:00,0,0,,"Roman Catholic channel that spreads the word of the Lord through Logos   ☺️    Holiness, piety and humility is held in high regard by the Lord, strive for that   ✝️   I hope you become Peacepilled   💓",200,2026-10-07T07:46:31+00:00
ladyTT22,alive,channel,LadyTT,103,,2026-09-06T08:15:34+00:00,0,0,,Gardening positivity inspiration building our communities up from the scam raise your frequency kings and queens no links please they will be deleted !,200,2026-10-07T07:46:33+00:00
LamaZense,alive,channel,The Daily Lama,347,,2025-07-15T14:49:13+00:00,0,0,,The Meming of Zense,200,2026-10-07T07:46:36+00:00
lambdadotlog,empty_page,,,,,,,,,"If you have  Telegram , you can contact  @lambdadotlog  right away.",200,2026-10-07T07:46:38+00:00
lanceslegion,alive,channel,Lance's Legion,2830,,2026-10-07T01:46:39+00:00,20,20,,"Military History, Studies, and Leadership. 必勝   DVXPublishingCompany.com",200,2026-10-07T07:46:41+00:00
landofcotton,empty_page,,,,,,,,,"If you have  Telegram , you can contact  @landofcotton  right away.",200,2026-10-07T07:46:43+00:00
LandsLandianLand,alive,channel,Nick Land's Land of Landian things,2220,,2026-09-25T15:43:20+00:00,0,2,ChannelCollection LandsLandianLand Outsideness badliam gnonisright liamshole neonwasteland,Only proto-capitalism has ever been critiqued.  @LandsLandianLand  Official Twitter:  @gnonisright  Aesthetics Channel:  @neonwasteland  Random Channel:  @liamshole  Channel collection:  @ChannelCollection  Nick Land's Twitter:  @Outsideness  Whizkid owner:  @badliam,200,2026-10-07T07:46:45+00:00
LarzsoliceEagle,alive,channel,The Larzsolice Eagle,32,,2024-06-03T21:36:27+00:00,0,0,,"The game of Life requires us to constantly seek experience so that we can level up.  You are either an active participant in Life, or Life happens to you... It's your choice.  Make way for the new Renaissance!",200,2026-10-07T07:46:48+00:00
laurajanebolton,alive,channel,Laura Jane Bolton,1310,,2023-02-28T19:31:10+00:00,0,0,,"Im here to serve those who value truth, freedom and sovereignty  My website   👉   https://www.laurajanebolton.com   Contact me   👉   hello@laurajanebolton.com",200,2026-10-07T07:46:50+00:00
Lebensraum5150,alive,channel_no_preview,Lebensraum,286,,,,,,Break the bullshit & secure the existence! Its all that matters. ..I said its all that  f&%$ing MATTERS!! Mighty Whitey ..Rise up in the love of ur own already!  KAPITULIEREN?  NEIN!!,200,2026-10-07T07:46:52+00:00
LegioChristi,alive,channel,Legio Christi,777,,2026-04-24T22:59:20+00:00,0,0,,We are a traditional Christian organisation that aims to preserve knowledge and traditions and maintain pockets of Christian society in the face of total moral and civil collapse.  Nos Iam Vicimus / We have already won   https://legiochristi.com/links/,200,2026-10-07T07:46:55+00:00
LegionaryGuard,empty_page,,,,,,,,,"If you have  Telegram , you can contact  @LegionaryGuard  right away.",200,2026-10-07T07:46:57+00:00
legionaryresistance,alive,channel,Legionary Resistance,148,,2020-07-16T15:43:48+00:00,0,0,,Revolutionary Christian Fascist Network | Zero Tolerance for all those who deviate from the Truth!,200,2026-10-07T07:46:59+00:00
lerights,empty_page,,,,,,,,,"If you have  Telegram , you can contact  @lerights  right away.",200,2026-10-07T07:47:02+00:00
libraryofmagi,alive,channel_no_preview,Library of Magi 🎃,15274,,,,,,"⚜️ 𝔐𝔞𝔤𝔦𝔞 𝔢𝔰𝔱 𝔫𝔞𝔱𝔲𝔯𝔞 𝔳𝔢𝔯𝔦 𝔳𝔬𝔩𝔲𝔫𝔱𝔞𝔱𝔦𝔰 ⚜️ 𝕻𝖗𝖔𝖙𝖊𝖈𝖙 𝖙𝖍𝖊 𝕬𝖓𝖈𝖎𝖊𝖓𝖙 𝕾𝖊𝖈𝖗𝖊𝖙𝖘, 𝖘𝖔 𝖙𝖍𝖊𝖞 𝖜𝖎𝖑𝖑 𝕻𝖗𝖔𝖙𝖊𝖈𝖙 𝖄𝖔𝖚. 🔱 BhairavKalike Namostute 🌺",200,2026-10-07T07:47:04+00:00
light_body,alive,channel,Health and high vibration  🙌    💚  Know Thy Self  👁  All what you are searching is within you  ♾    💜    🕉    💜    ♾,3520,,2026-10-06T22:38:00+00:00,20,20,,,200,2026-10-07T07:47:06+00:00
light_love_energy,alive,channel_no_preview,"Источник Света, Любви и Энергии 🧡",39,,,,,,"ТАРО | ПСИХОЛОГИЯ | ЛИЧНОСТНЫЙ и ДУХОВНЫЙ РОСТ - отношения с собой и с другими, любовь, работа и дело жизни, деньги, творчество, энергия🗝🗝🗝",200,2026-10-07T07:47:09+00:00
liknpatriotwarriors,empty_page,,,,,,,,,"If you have  Telegram , you can contact  @liknpatriotwarriors  right away.",200,2026-10-07T07:47:11+00:00
LinaLovesJesus_Channel,empty_page,,,,,,,,,"If you have  Telegram , you can view posts by  @LinaLovesJesus_Channel  right away.",200,2026-10-07T07:47:13+00:00
linefortradition,empty_page,,,,,,,,,"If you have  Telegram , you can contact  @linefortradition  right away.",200,2026-10-07T07:47:16+00:00
LinesOfGrift,empty_page,,,,,,,,,"If you have  Telegram , you can contact  @LinesOfGrift  right away.",200,2026-10-07T07:47:18+00:00
LionheartsVideoArchive,empty_page,,,,,,,,,"If you have  Telegram , you can contact  @LionheartsVideoArchive  right away.",200,2026-10-07T07:47:20+00:00
lkgrace,empty_page,,,,,,,,,"If you have  Telegram , you can contact  @lkgrace  right away.",200,2026-10-07T07:47:22+00:00
loavesandfish,alive,channel,LoavesAndFish(es)  🥖    🐟,921,,2026-04-08T01:50:02+00:00,0,0,,Listen. Visualize. Upload.,200,2026-10-07T07:47:25+00:00
locodark,alive,channel,Lonely Corner of Darkness   🌌,10,,2026-10-05T08:21:49+00:00,8,20,,"Benvenuto/a nel mio angolo di solitudine. Qui espongo la mia mente, ciò che esplicitando nel mondo a me tangibile può scatenare guerre civili oppure mi condannano a pene peggiori oppure non hanno alcun effetto utile. Con aggiunte di musica.",200,2026-10-07T07:47:27+00:00
LoganSpalding,alive,channel,LOAGZIE  👌,13,,2024-04-11T11:17:45+00:00,0,0,,N***ERS,200,2026-10-07T07:47:29+00:00
logosconspiracychannel,alive,channel,Aryavarta ︻╦╤─ JWO,128,,2026-10-03T23:34:27+00:00,5,11,,JWO red pills from hardcore Flat Earthers  We don't live on a Spinning Ball !! Time to wake up !,200,2026-10-07T07:47:32+00:00
loki_team_7,empty_page,,,,,,,,,"If you have  Telegram , you can contact  @loki_team_7  right away.",200,2026-10-07T07:47:34+00:00
LoveBoosterActivation,empty_page,,,,,,,,,"If you have  Telegram , you can contact  @LoveBoosterActivation  right away.",200,2026-10-07T07:47:37+00:00
Lovecraftiancat,alive,channel_no_preview,🐙Lovecraft's Cat🐙,6933,,,,,lovecraftiancat3 mikesdayofthepillow,Forbidden memes and madness  Come join the chat! https://t.me/mikesdayofthepillow  Unbanned Appstore mirror:  https://t.me/lovecraftiancat3,200,2026-10-07T07:47:39+00:00
lovegulag,alive,channel,"Today-OK is A-OK: ""New"" Year",196,,2026-09-23T16:38:58+00:00,0,8,stirnermonth,Shitposting is like being temporarily in another world where everything's OK. Technically left-wing. Address all administrative questions to  @stirnermonth   Miguel was here but he's dum,200,2026-10-07T07:47:41+00:00
LoveLightFaith5D,alive,channel,🌸  ℒℴ𝓋ℯℒ𝒾ℊ𝒽𝓉ℱ𝒶𝒾𝓉𝒽  🌸,1850,,2026-01-03T19:11:55+00:00,0,0,LoveLightFaith1111,"✨    ✨    ✨    ✨    ✨    ✨    ✨    ✨    ✨   In a time of increasing darkness, we must respond with an increasing of the light   🌞    ✨    🕊    👑     Join our chat:  @LoveLightFaith1111   Tip jar   💖    💫    🙏🏻     https://www.paypal.me/lovelightfaith      https://www.buymeacoffee.com/LoveLightFaith",200,2026-10-07T07:47:44+00:00
