channel_id,username,title,description,scam,verified,n_subscribers_2022,n_text_messages,last_message_date,n_tme_links,tme_links,topic,source,archive,archive_member
1196988334,MoneroEconomicForum,Monero Economic Forum,Monero: The Greater Reset  https://twitter.com/xmref,False,False,954,381,2022-07-26,31,bankruncanada chatsandcoffeechat covidredpills/499 crypto_schizo crypto_schizo/3051 hunterbideniphonefromhell joinchat/5ovd8zrxouzintqx localmonero monero monerobrasil moneroczsk moneroeconomicforum moneroesp moneroexchangerun monerofrance moneroger monerokings moneroorangepills moneroorangepills/1780 moneropilled moneropilled/287 moneropilled/404 monerouncensored nickjfuentes/5290 rachblevins rachblevinsgroup volmemes xmr_ru xmr_ru_news xmrgif xmrmine,Crypto,tgdataset,2,public_db/folder_1/file_66_from_mojnews_com_to_moveistv.json
1355176989,MoneroOrangePills,Monero Orange Pills 🟠,Monero is King 👑   88xWAazQqXn9FAtDc1QZCkLdXdXnYHkTf7uFoWNhUtiRNLh6pJmGPc15nHNFMR3mhEcBJvWKy3L4PZaN2tjPfrpAEMraCJs,False,False,3186,1903,2021-06-29,108,alohafreedomcoalition australiafreedomrally bellumactanews/60839 caribjusticealliance codcomedytj/1818 davidavocadowolfe/25737 davidicke/7096 ecuatorianosporlaverdad eestivabaks havenprotocolking joinchat/7oupm3lvyoe5ntq0 joinchat/97pdv0ddu0o4mja0 joinchat/dew1lmrqlt85ndvh joinchat/dnon8uihlwthndgx joinchat/fdncftk-j8dinwjk joinchat/odackkoz0su0mmy0 joinchat/rduo_uoq6bpimdm5 joinchat/sehpzhslktgkk6za joinchat/uih3ro-qx9rsbfjx justdudechannel loomeredofficial/13249 may15thworldwiderally monero moneroeconomicforum moneroorangepills monerouncensored newyorkfreedomrally phillyworldpeacerallymay15 rallyforfreedom rooshofficial/1214 scotlandunite sharefacts/1323 sharefacts/1326 standupbalkan suchwowmemes theconspiracyhole/18041 thomassewell/963 worlddemoph worldwidealabama worldwidearizona worldwidearkansas worldwidebelgium worldwidecalifornia worldwidecalifornia/42 worldwidecalifornia/46 worldwidecalifornia/47 worldwidecanada worldwidechicago worldwidecleveland worldwidecolorado worldwidecolorado_chat worldwideconcordnh worldwidecroatia worldwidedelaware worldwidedemocapecod worldwidedemoisrael worldwidedemonstration worldwidedemonstration/305 worldwidedemonstration/334 worldwidedemonstration/350 worldwidedemonstrationchat worldwidedemonstrationidaho worldwidedemonstrationindonesia worldwidedemonstrationmaui032021 worldwidedemonstrationmexico worldwidedemonstrationsa worldwidedenmark worldwideengland worldwidefinland worldwideflorida worldwidegeorgia worldwidegreece worldwideiceland worldwideillinois worldwideindia worldwideireland worldwideitaly worldwidekentucky worldwidelatvia worldwideluxemburgorig worldwidemaryland worldwidemichigan worldwidemontana worldwidenetherlands worldwidenewjersey worldwidenorway worldwideoh worldwideoregon worldwidepa worldwideperu worldwidepoland worldwiderallybrasil worldwiderhodeisland worldwideromania worldwideserbia worldwidesouthcarolina worldwidespain worldwidesweden worldwidetennessee worldwidetexas worldwideukraine worldwideuruguay worldwideusa worldwidewashington wwdportugal wwrwausau xmrgif xmrmine,Crypto,tgdataset,2,public_db/folder_1/file_66_from_mojnews_com_to_moveistv.json
1402529553,moneyhesitfreesignals,MONEY HEIST FREE SIGNALS,"IN GOD WE TRUST👑 📊 Forex Made us💯 Gold,Nas and Indecies Signals",False,False,1353,73,2021-03-16,3,joinchat/ih2b-jenxmyc_qy9 joinchat/u5jnevyqx5xwhfu5 moneyhesitfreesignals,Crypto,tgdataset,2,public_db/folder_1/file_66_from_mojnews_com_to_moveistv.json
1216750826,moon_shot_calls,💎Naruto's Gem Calls💎,"📌Trading channel run by team with insider connections to devs, influencers and whales ✅Owner of moon shot :- @ToTheMoonshot ✅MANAGER LIST: @THEMOONSHOTGEMS @moonshotmate @Dragonmate11 @Marry_Asuna02 @expertluke",False,False,7538,425,2022-04-22,336,+ekzgjppnpgc3ndbi +wuayqrvr5be1mmy5 abbyinu acceldefi adaboytoken adadasofficial aetheriustoken_eng akamaruinuofficial akatsuchieth akemashiinu alieninupreverify alphabrainentryportal angelinutoken anonsnetwork apebankofficial apeboysnft apecoinisshit apegene apenation1 arcadeeth arcaneverse arshafinances asukainu axiomspace_eth babelfish_official babyboris_eth babyculttoken babyfegchina babyfegen babymetatoken babyvultureentry bagswap baltoinu bankofryoshi beastinunewentry beavisandbuttheadeth bedtoken belon_io berlinrockselontweet betdaoentryportal bigmacdaoportal bigmactoken binanzilla bingdwendweneth boomshiba borgarnft brunoinueth bulldogerentry bullinuentry bullmatic bunnyfarm bunscakebsc butterfacetoken c/1660565873 cappucinuportal catanacoin catarm catopiatoken cheemsbotcoin cheesejerrytoken cheeseportal chiaotoken chowtamaportal cliffordinuofficial coldbank convoycoin_join coolportal coolupdates corsacofficiallaunch crowdfieth cryptohelptheworld cryptomatchofficial cryptotwittertoke cryptotwittertoken cultryoshitoken cultureportal defireflections docodoinu dracuzilla driptotoken drydoge dumbledao earthtokenerc ecc_capital elonnutbsc elontweetseth enefticenter ethereal_token exadarketh fantomchadcap fewunderstand_eth firstfloki firstminidoge flappyflokibsc flogeinuofficial floki22moon flokizillabnb fluffyeth footy_inu_erc foster_token fredthefishtoken freebeerbsc fudtokenofficial g2_gaming gasc_coin_en gaspumpinu gdcoerc gengatama geniusinuportal geraldgerrycottenentry gintokiinutoken goatcheesetoken gokuinuerc goldenshibaeth goodlvcktoken gorillaglueportal grandtheftinuofficial greenlyghtcoinofficial grimace_reaper grimacecoinerc grimacecoinofficialerc grimreapercoin grogutama_join guarddoge gzlrofficial hbginu hellsinginu helpukraineportal heroinucoin hikoinu holdenomics homerinutokem indyjournal inuyashaofficial islandbabies jigglypuffinutoken kaneki_inu katapulteth kazumaethportal keikoportal kerincyofficialportal kingnobierc kinja_eth kishimoto_inu kitsuneinutoken kleetama kombatchatroom konginueth kongoose kongtamajoin koriinuofficial kugisakitoken letsfuckinggooseportal levelupptoken levi_inu_eth levitokenerc20 lildogeflokibscofficial lockertoken_chat luffyjoyboyy lunainueth madara_inu_eth mamasaitamaportal marshallroganinuofficialchat marvininuether marvininuofficial matrixinunet maxrevive mcshiba megacosmofficial megaweaponofficial memenftcom metadmofficial metadrivebsc metafanswhitelistbot metaforcebsc metagoat metagunbsc metalnd metapetsofficial metapoolin metapussyeth metaspacegaming metaverseexchange metaversustoken mihawkinu mikasainueth minikabosuinuofficial minimongoose minishiberc20 minishintamaportal mintstarter moneycapital_official monstererc20 moon_shot_calls moonkittyofficialtoken muffyinueth muskcult mxsrbxsamuraiportal narutokyuubiinu nezukotama nicorobininu njoybsc obamatama officialminetoken officialmiyazaki_inu officialtegridyfarms olympusinudao omniaportal ozn_ozone_official papadogeinu parmatoken pawscrypto pdxtoken peakydoge peakydogeprivatesale perfectblueinu phoenix_unity piggybankportal pikatama pokethmon prisonerofwareth pulsefegfinance pump_kin_bsc pupperportal puppiestoken rabidmong1 rabidmongooseentry rafflemaniabsc razorsharkportal rbxtoken redditchungus reflectooor reimaginedfi return_to_space_eth revolverpreverify riddlertoken roboshib rocketshibtoken roninutoken rtgnuniverse s3fusmnvw5c1oty0 saintinuofficial saitokiinu samoyedcoin samuraijackerc20 scarymovieinuoffici scaryprivatesale_bot screameth shazam_entry shermanmongoosecoin shiba_inu_z shibadoge_portal shibadoxentry shibafia shibahubofficial shibanatorinu shibaronin shibconvoy shibokieth shiboostercommunity shibowl shibsensei shibtoro shiburai shidokinu shieldprotocol1 shifton_token shinataofficial shinjeko shinjiinuofficiall shinjiinutokenerc_entry shinjitsufamily shintama_join shiryoinu shokkyerc shoraiinu shunainu skyinu smartbusdofficial smhdoge snowmancapital sokkaeth solariumx solidshiba sonofmidas spanielinu sphynxswap spiderinutoken spookyshibaofficial spyritcoin squirtleinuu squoge streamerinueth studentinuofficial sunshib tamainutoken teddytama tethysprint the2022millymaker thestartamagotoken thunderverse tiktokerinu titano_finance tokenomics_x trexcoinbsc trustnoonetoken tsst_dog tsukiverse u_token unimoonshitcoinkilla universebsc vanpelt_tokenhunter vasel_inu veldorabsc vibeserc viktamaofficialportal vitamaentrance voltinuofficial vulture_erc20 warlocketh watertigereth wearetsuru willsmithtoken wolverinu woodcoin_token wordldefi xaeaxiitoken xaeaxiitokenpreverify xlshiba xmostar xwingtokenofficial zen_doge zillanomicsofficial zillapumpofficial zizoinuportal zombieinueth,Crypto,tgdataset,2,public_db/folder_1/file_66_from_mojnews_com_to_moveistv.json
1238685520,hashbon_com,Hashbon FiRe,,False,False,7096,318,2022-07-19,74,hashbon_chat hashbon_chat/47859 hashbon_chat/47917 hashbon_chat/47936 hashbon_chat/47952 hashbon_chat/48014 hashbon_chat/48044 hashbon_chat/48061 hashbon_chat/48078 hashbon_chat/48145 hashbon_chat/48187 hashbon_chat/48200 hashbon_chat/48213 hashbon_chat/48249 hashbon_chat/48326 hashbon_chat/48358 hashbon_chat/48524 hashbon_chat/48581 hashbon_chat/48639 hashbon_chat/48691 hashbon_chat/48710 hashbon_chat/48721 hashbon_chat/54154 hashbon_chat/54181 hashbon_chat/54223 hashbon_chat/54280 hashbon_chat/54308 hashbon_chat/54336 hashbon_chat/54377 hashbon_chat/54436 hashbon_chat/54453 hashbon_chat_ru hashbon_com hashbon_com/227 hashbon_com/228 hashbon_com/231 hashbon_com/235 hashbon_com/244 hashbon_com/245 hashbon_com/247 hashbon_com/250 hashbon_com/255 hashbon_com/256 hashbon_com/258 hashbon_com/262 hashbon_com/264 hashbon_com/266 hashbon_com/269 hashbon_com/271 hashbon_com/273 hashbon_com/274 hashbon_com/275 hashbon_com/277 hashbon_com/278 hashbon_com/279 hashbon_com/280 hashbon_com/284 hashbon_com/289 hashbon_com/290 hashbon_com/291 hashbon_com/293 hashbon_com/294 hashbon_com/296 hashbon_com/297 hashbon_com/298 hashbon_com/299 hashbon_com/301 hashbon_com/302 hashbon_com/304 hashbon_kr ontowallet spaceswap unifarm xinfin,Crypto,tgdataset,2,public_db/folder_1/file_41_from_harkatensani_org_to_hfrissara.json
1338001402,HavenProtocolKing,Haven Protocol King 👑,Haven is a #DeFi ecosystem of private assets with Monero privacy features.  $xUSD $xBTC $xAU $xAG $xEUR $xCNY $xAUD $xCHF $xGBP $xJPY now live.,False,False,138,93,2021-06-28,1,xhvhavenprotocol,Crypto,tgdataset,2,public_db/folder_1/file_41_from_harkatensani_org_to_hfrissara.json
1285957865,HEXnews,HEXnews,,False,False,16388,3417,2022-07-30,48,bitcoinhex bitcoinhexmemes bitcoinhexnews cryptogov hexaa hexads hexasia hexasia/3291 hexbear hexbulgaria hexcharts hexchina hexclaims hexcrypto hexcrypto/1526888 hexdesign hexdreams hexfan hexfrance hexfud hexindia hexkor hexmemes hexnetherlands hexnews hexotc hexphi hexplay hexpolish hexpro hexrussia hexsecurity hexsp hexsweden hextrading hexvideos hexviral hexwin hexwinbot kryptosparbuch pulsechaincom pulsetwitterstorm pulsexcom richardheart scivive scivive/59516 strape strapecharts,Crypto,tgdataset,2,public_db/folder_1/file_41_from_harkatensani_org_to_hfrissara.json
1129260515,MagicEats,MagicEats,Doordash service brought to you by yours truly @magicgifts,False,False,67,4,2021-01-23,1,magiceats,Crypto,tgdataset,2,public_db/folder_1/file_60_from_MagazinesArchive_to_MaQaweli.json
1364757235,MAJORROSHFOREX,,FREE  PURE FUNDAMENTAL SIGNALS & TECHNICAL SIGNALS   ALL IN MRF,False,False,29,109,2020-07-16,4,joinchat/aaaaafuvgulemk44-edzpq majorroshfor3x majorroshforex panthersatrading,Crypto,tgdataset,2,public_db/folder_1/file_60_from_MagazinesArchive_to_MaQaweli.json
1001142211,LovelyFork,The Same Photo of a Fork Everyday,"**No Instagram, Facebook, or any other accounts**",False,False,4996,2,2015-11-12,0,,Crypto,tgdataset,2,public_db/folder_1/file_59_from_LotteryBotChannel_to_MAGAZINES123.json
1244979725,ltoinfo,LTO Network Announcements,LTOnetwork.com is Europe’s leading hybrid blockchain platform: the new standard for data security and collaboration. GDPR compliant & easy to integrate!  Chat 🗣️ @LTOnetwork Docs: docs.ltonetwork.com Blog: blog.ltonetwork.com  Staking 🍖 bit.ly/35xv5AU,False,False,5016,690,2022-07-26,62,binancechinese binancerussian bitmaxioenglishofficial/52302 blackwhaleee/406 blackwhaleee/407 blackwhaleee/412 cryptocoinscoach cryptodakuofficial/407 cryptodiffer/565 cryptovipsignalta ico_analytic/893 ivangbi_diary/321 joinchat/brbs51k5cworbktsgmb6ew kryptosherlock/255 kucoin_exchange legalthingsone/18488 lto_spanish ltobusiness/822 ltoinfo/108 ltoinfo/231 ltoinfo/232 ltoinfo/238 ltoinfo/25 ltoinfo/265 ltoinfo/313 ltoinfo/323 ltoinfo/328 ltoinfo/334 ltoinfo/336 ltoinfo/339 ltoinfo/341 ltoinfo/413 ltoinfo/585 ltoinfo/613 ltonetwork ltonetwork/152445 ltonetwork/157017 ltonetwork/188590 ltonetwork/206509 ltonetwork/208623 ltonetwork/215669 ltonetwork/223830 ltonetwork/32633 ltonetwork/42096 ltonetwork/45157 ltonetwork/64161 ltonetwork/64780 ltonetwork/69737 ltonetwork/89745 ltonetwork/96507 ltonetworkru ltotech ltotech/17242 ltotech/21118 luntik_invest/188 luntik_reports/36 stealthex_io top7ico/211 troll_bridge trustwallet/229019 vidtoken/21308 wolfcryptoannounce/2560,Crypto,tgdataset,2,public_db/folder_1/file_59_from_LotteryBotChannel_to_MAGAZINES123.json
1394136379,luaswapANN,LuaSwap Official Announcement,"A place to get the latest updates on LuaSwap & LUA! Happy farming, everyone!  Main discussion group: https://t.me/LuaSwap",False,False,3389,542,2022-07-30,34,animverseofficial azcoinvest bscstation bscstation_media/1909 cryptochallengersd cryptolibrarydiscussion cryptolibrarydiscussion/240271 cryptolibrarysairdrop/205 cryptolibrarysairdrop3/33 cryptolibrarysairdrops/88 cryptotitans0 daolaunchcommunity galaxyblitz howlcity_en imcommunityit imcommunityitw infinityarenaofficial kdg_ann/844 kdg_ann/846 kdg_en luapricechat luaswap luaswapann luaswapann/476 luaventuresann luawaterfall maticlaunch mollectorann mollectorgame prot_ann/629 prot_ann/641 starbotschat starbotsofficial vqandfriends,Crypto,tgdataset,2,public_db/folder_1/file_59_from_LotteryBotChannel_to_MAGAZINES123.json
1139867850,lumigroup,Lumi Wallet Group,"Official channel of lumiwallet.com Here you can find Lumi news, useful posts and links No support in telegram! All support queries here: https://support.lumiwallet.com/",False,False,339,664,2021-12-01,8,cartesiannouncements coin98analytics coingeckonews cryptodep frontierdotxyz keepnetworkofficial lumigroup/324 lumigroup/565,Crypto,tgdataset,2,public_db/folder_1/file_59_from_LotteryBotChannel_to_MAGAZINES123.json
1409651882,MacroCRG1,MacroCRG,This is my only official TG channel where I post financial markets content.   Anything specific you want covered? Comment on one of my Twitter posts or DM me (I try to read my DMs periodically)   Cheers :),False,False,2805,5254,2022-02-24,6,bitpowerunofficial enreachtelegram fearcoin firestarter_finance firestarterofficialannouncements goldfevergame,Crypto,tgdataset,2,public_db/folder_1/file_59_from_LotteryBotChannel_to_MAGAZINES123.json
1238127849,MadRange,· MadRange － 黑暗的,Introducing MadRange. A revolutionary e-commerce Service. Providing the most demanded products worldwide.,False,False,244,7,2022-04-30,0,,Crypto,tgdataset,2,public_db/folder_1/file_59_from_LotteryBotChannel_to_MAGAZINES123.json
1267247632,joescrypt,JoesCrypt,Crypto. NFTs. Trading. Analysis. Commentary.,False,False,8501,9367,2022-07-21,3,sendit_finance wallstreetbets wiseukraine,Crypto,tgdataset,2,public_db/folder_1/file_49_from_jarchy0273_to_JSlayUSofA.json
1416712208,Mpireforex_telegram,MPIRE FOREX📊💸💰,MPIRE FX📈💵📉  - MT4 REGISTERED SYSTEM INSTRUCTIONS / PLUG N’PLAY👨🏼‍💻👩🏽‍💻💵💵 - FREE SIGNALS WEEKLY (Once/Twice a Week)📉 - MPIRE FX STUDENT RESULTS🐺📈 - NO INVESTMENTS❌  • IF YOU WISH TO JOIN THE WOLF TEAM FULL TIME OR MONTHLY - 081 851 7229,False,False,15630,111,2022-06-10,0,,Crypto,tgdataset,2,public_db/folder_1/file_67_from_movementhistory_to_musaffo_uzb.json
1128223499,MultiVACMTV,MultiVAC Channel,The official channel of MultiVAC,False,False,7425,498,2022-07-31,14,bullcrypto_team/421788 joinchat/i-io_bt_czjznbgo90vdra kucoin_exchange mtvart mtvbountybot mtvcommunity multivac2020 multivac_spanish multivacmtv multivacmtv/143 multivacmtv/172 multivacmtv/276 xwalletgroup xwalletgroup/2257,Crypto,tgdataset,2,public_db/folder_1/file_67_from_movementhistory_to_musaffo_uzb.json
1401134167,marketslive2,,Watching the crash in real time,False,False,1014,9633,2020-06-15,5,ftavreaders ftavv2 marketslive2 marketslive2/110 marketslive2/279,Crypto,tgdataset,2,public_db/folder_1/file_61_from_maqivossanla_to_maukeb.json
1066036307,markets_signal,Forex Swing Trade,Crypto Forex CFD  گزیده سیگنال‌های کانال‌های معتبر Selected VIP Group Signals,False,False,554,69,2022-07-21,23,airdrop_irangold_bot airdrop_ton_guys_fa_bot aveairdropbot binancechain09bot binancesmartchain6bot cobsocialbot cyberballerairdropbot forttwitteractivitybot fotanewairdropbot ingressairbot iron_coin_airdrop_v2_bot knightspeasantsbot kobocoinkoboairdropbot metatradefinance_bot monkeyempireairdropbot odinfinancialairdropbot oryxairdropbot pnairdropbot runnectnftairdrop_bot spacepi_airdrop_bot toncoin_airdrop_eng_bot wynnairdrop_bot yeehagamesairdrop_bot,Crypto,tgdataset,2,public_db/folder_1/file_61_from_maqivossanla_to_maukeb.json
1337988011,kryptoleaks,,"Welcome to the channel that is designed to fight back against scammers, abusive VCs and pool founders.  twitter.com/kryptoleaks",False,False,3760,867,2020-07-28,32,benn_godenzi bitmaxioenglishofficial/272273 bitsdaqexchangeofficial checkico chromapolisbychromaway chromawayofficialgroup cryptodakuofficial cryptodakuofficial/511 cryptodakurobinhooders cryptovigilante dbcryptochat eloncity flexacoin iconinjasnews icopoolworld iv kryptoleaks/290 merkletrader mricochannel/346 originxcapitalleaked palmvenicebeach rektplebs saltlendingdiscussion saltunofficial shitcoinoffering thecryptoadviser theotcroom timfacts veraprotocol whalebotalerts/29635 wolfcryptoannounce/2532 wolfcryptoannounce/2568,Crypto,tgdataset,2,public_db/folder_1/file_55_from_krololo_girls_to_laguaridadezano.json
1382553448,kryptsu,Kryptsu,Emerging tech for the innovative investor,False,False,658,7590,2021-12-14,41,binanceresearch/195 binanceresearch/207 binanceresearch/226 binanceresearch/231 binanceresearch/241 bitmaxofficialannouncement/1280 blog/researches btcpayserver cardanoannouncements/1424 cardanoannouncements/1588 chromawaychromapolis/124 chromawaychromapolis/145 chromia_announcements/455 chromia_announcements/501 chromia_announcements/529 chromia_announcements/537 chromia_announcements/542 durov/116 durov/77 durov/80 durov_russia/22 edenchainannouncements/413 glassnode/25 hellochromia/149352 kryptoleaks/1018 metalpaysme/119 moneypartywaitlist ohheymattyofficialann/556 rebaseofficial rektplebs sparksterfinancialrecovery tokenmetricsalerts/1056 tokenmetricsalerts/1211 unfolded/8739 uniwhales videocoin videocoin/156419 videocoinannouncements/257 web3journal whale_alert wolfcryptopub,Crypto,tgdataset,2,public_db/folder_1/file_55_from_krololo_girls_to_laguaridadezano.json
1128134602,Kucoin_News,KuCoin News,Official English Telegram news channel of KuCoin – a global cryptocurrency exchange.  For discussion & general questions: https://t.me/Kucoin_Exchange Help Center: https://kucoin.zendesk.com Sign up: https://www.kucoin.com/ucenter/signup?utm_source=en0g91,False,False,91781,12097,2022-07-31,882,aavegotchi aavesome abbcfoundation acalaofficial acentchannel acentofficialchat achainofficial addstickers/kucointurns3 adexnetworkofficial aergoofficial afkdao afkdaoann aion_blockchain aioznetwork akashnw akropolis_official alchemy_official alephim algorand algorandfoundation alienworldsoffical alkimi_exchange allianceblock alpacafinance alphadexio alphafinancelab amino_official ampleforth anchor_official animalgo89 ankrnetwork antimatterchat apenften api3dao apollocommunity aragonproject arcs_arx_en arenum_community arkercommunity arpa_community ascendexenglish aurigami_ply auroraisnear aurory_project avalancheavax avalaunch_app axiacoinofficial axieinfinity b0xnet babelbank badger_dao bakeryswap banano_official bancor bandprotocol barnbridge_official batproject benqifinance betafinanceprotocol betprotocol biconomy bifrost_finance bifrost_global binamon binaryxglobal biswap bitbns bitgertbrise bithotelcommunity bitstore_official bituniverse blockchainlife blockcloudteam blockstackchat blockstackupdate bloktopia bloktopiachat bobanetwork boltglobal bondlyfinance bonfidatg bosagora_eng bosonprotocol bpf_eng bridge_oracle bullieverse burencycommunity burgerswap buxcommunity c/1168540534 cardano cardanogeneral cardstack carnomaly carnomaly_announcements/163 cartesiproject cartesiprojecthttps cashaaltd casinobettingcoin casperblockchain cebg_official ceekmetaverse ceekvrtokensale celernetwork celoplatform celt_game centrifuge_chat cerenetwork_official chain chainguardians chainhttps chainlinkofficial chainx_org chiaglobal chiliz_io chromapolisbychromaway chroniclecommunity chumbivalley chumbivalley02 cirusfoundation cleardao clearpoolofficial clintexcti clover_en cocosbcxen coin98_wallet coinburp coinh3ro3s coinpaymentsinc coinweb combo6688 concordium_official conflux_english constantp2p constellationcommunity convexethchat coolmining cosmosproject cotinetwork covalenthq crazy2casino credefi creditcoinctc creditscom crustnetwork cryowar crypto_revolution1 cryptoanymore cryptochallengersd cryptocomofficial cryptonear cryptoolala cryptoplayers cryptoplayers/658508 cryptoprophecies cryptoverseofficialchat cryptovipsignalta cudostelegram cultdaothemany curate curvefi cviofficial daomaker dapp_com darwinianetwork dash_chat/125392 decentralgames decred deeponioncoin deesse2021 defiblockchain defineplatform dego_finance deltatheta deroprojectgroup dexe_network dfinity dfyn_hq diadata_org digibytecoin digitalbits digitexfutureschat dimitraofficialgroup dinoswapofficial dinoswapofficialhttps discussionca diviproject dmmofficial dodoex_official dogelonmars don_key_finance dorafactory dose_community dotmoovs dreamsquesttavern dtravelcommunity dusknetwork dypfinance earthfund effectai elastosgroup ellipsisfinance elrondnetwork emoney_com enecuum_en energicrypto energyweb enjin enzymefinance eosforce_en eosproject epikprime epikprotocol epnsproject eqifi equalizerflash ergoplatform erthagame erthium ether_1 ethernitychain everscale exeedme falconsofficial fantom_english fantomgochat fearcoin feiprotocol ferrum_network fetch_ai findoraen firestarter_finance flokiinutoken flow_blockchain fly_global formationfi fortknoxster forwardprotocolofficial fractal_protocol fractonprotocol fraxfinance freshcutdiamond frontierdotxyz_chat frrfinancechat ftx_official functionx fusionfoundation galaxyblitz gameetoken gamefi_official gamerhashofficial gamiumcorp garitokenofficial geeqofficial genshiro_official gensometamain geojamofficial getaurox getrevuto getwombat glitchprotocol gogalagames goldfevergame gom2xmswap goodgamesguildchat gosiennanetwork gramgold_coin graphlinq graphprotocol h2ohomes hackenclub hapihf harmony_one hathorofficial hawksight hederahashgraph hegicoptions helium_network hellochromia hellotelos heyedgeware hord_app horizencommunity hotcross hpbglobal hubbleprotocol humansdotai huobiglobalofficial hurricaneswap hydrachain hyprrcommunity hyveworks icospeaks ideaologyio idexchat idlestoneage iexec_rlc_official ihcglobalcommunity illuvium immutablex indexcrypto infinitelaunch infstones insolar ioigame iotexgroup irisnetwork ispolink itam_en ixswapofficial jarvisplus joinchat/bforr3ecldzimtqx joinchat/grcyja8rpgd8coaiehruba joinchat/lem0elklmo1koddh joinchat/ooc5clbrditw1tbxgmvu4q joinchat/rruizbuhla8-6kjk joinchat/u0itnxrhhmueztxukcfnbw joininjective jupiterproject just_defi kadena_io kanaria_official karastar_gamefi kardiachain kavalabs kccofficialenglishcommunity kcs_officialcommunity keepnetworkofficial keepnetworkofficial/https klever_io koinfoxofficial kokworld kollect_official_community komodoplatform_official konominetwork kryll_io kuchainofficialenglishcommunity kucoin2ndtelegramcompetition kucoin_ama kucoin_api kucoin_cryptmas_bot kucoin_de kucoin_dutch kucoin_earn kucoin_exchange kucoin_exchange/1840675 kucoin_exchange/1900168 kucoin_exchange/1946310 kucoin_exchange/1987419 kucoin_exchange/1999659 kucoin_exchange/2021329 kucoin_exchange/2160446 kucoin_exchange/2206357 kucoin_exchange/2534229 kucoin_exchange/2587570 kucoin_exchange/2842732 kucoin_exchange/3110009 kucoin_exchange/6538656 kucoin_exchange_india kucoin_exchange_italy kucoin_exchange_new kucoin_exchange_russia kucoin_exchange_vietnam kucoin_fr kucoin_futures_tg kucoin_futures_tg/77127 kucoin_indonesian kucoin_jp kucoin_kr kucoin_learning kucoin_margin_tg kucoin_margin_tg/21979 kucoin_margin_tg____ kucoin_memecoins kucoin_memecoins/263118 kucoin_metaverse kucoin_news kucoin_news/10174 kucoin_news/10240 kucoin_news/10242 kucoin_news/10271 kucoin_news/10602 kucoin_news/11960 kucoin_news/12588 kucoin_news/2449 kucoin_news/2987 kucoin_news/3197 kucoin_news/3289 kucoin_news/3418 kucoin_news/3477 kucoin_news/3485 kucoin_news/3518 kucoin_news/3535 kucoin_news/3551 kucoin_news/3564 kucoin_news/3620 kucoin_news/3655 kucoin_news/3674 kucoin_news/3684 kucoin_news/3710 kucoin_news/3731 kucoin_news/3772 kucoin_news/3843 kucoin_news/3864 kucoin_news/3884 kucoin_news/3899 kucoin_news/3935 kucoin_news/4173 kucoin_news/4262 kucoin_news/4263 kucoin_news/4285 kucoin_news/4293 kucoin_news/4313 kucoin_news/4328 kucoin_news/4365 kucoin_news/4401 kucoin_news/4405 kucoin_news/4406 kucoin_news/4412 kucoin_news/4435 kucoin_news/4438 kucoin_news/4444 kucoin_news/4451 kucoin_news/4453 kucoin_news/4477 kucoin_news/4478 kucoin_news/4524 kucoin_news/4565 kucoin_news/4617 kucoin_news/4652 kucoin_news/4664 kucoin_news/4789 kucoin_news/4815 kucoin_news/4822 kucoin_news/4828 kucoin_news/4839 kucoin_news/4860 kucoin_news/4871 kucoin_news/4878 kucoin_news/4897 kucoin_news/4939 kucoin_news/4983 kucoin_news/5004 kucoin_news/5033 kucoin_news/5073 kucoin_news/5112 kucoin_news/5147 kucoin_news/5159 kucoin_news/5204 kucoin_news/5207 kucoin_news/5226 kucoin_news/5246 kucoin_news/5250 kucoin_news/5272 kucoin_news/5289 kucoin_news/5301 kucoin_news/5327 kucoin_news/5349 kucoin_news/5380 kucoin_news/5420 kucoin_news/5468 kucoin_news/5496 kucoin_news/5511 kucoin_news/5547 kucoin_news/5548 kucoin_news/5593 kucoin_news/5600 kucoin_news/5628 kucoin_news/5717 kucoin_news/5739 kucoin_news/5771 kucoin_news/5784 kucoin_news/5814 kucoin_news/5854 kucoin_news/5864 kucoin_news/5878 kucoin_news/5915 kucoin_news/5968 kucoin_news/6005 kucoin_news/6056 kucoin_news/6085 kucoin_news/6115 kucoin_news/6170 kucoin_news/6867 kucoin_news/7032 kucoin_news/7150 kucoin_news/7646 kucoin_news/7815 kucoin_news/7853 kucoin_news/7972 kucoin_news/8142 kucoin_news/9111 kucoin_news/9120 kucoin_nft kucoin_quiz kucoinar kucoinbangladesh kucoingolden_no1 kucoingoldengroupno1 kucoinindonesiannews/2192 kucoinnigeria kucoinpak kucoinpool_cloudhashrate_en kucoinpool_en kucoinportuguese kucoinrussianofficial kucoinspanish kucoinssocialtrading kucointradingbotgroup kucointreasureland kucointreasureland/15242 kucointreasureland/33 kucointurkiye kucointurkiye/1468060 kucoinwin kumex_tg_official kusamanetworkofficial kuwallet kylinofficial labsgroupio lattice_exchange launchblock launchpoolxyz leveragedtokenkucoin lidofinance linearexchangecommunity litecoin litentry lithiumfinanceofficial livepeerorg loc_game locgame_io lok_global lokicommunity loomnetwork loopring_en losslesscash lovelace_official lovelaceofficial ltonetwork lukso luksokucoin lumerinofficial mahadao mahadaoannouncements makerdaoofficial makiswap mantanetworkofficial mantradao marcopolomap marlinprotocol mars4me_official maskbook_group maticnetwork mbdfinancials melosstudiodao memeexplorers menzy_official metahero_io metalpaycommunity metashooter_gg metastrike metastrikechat meter_io metisdao milkallianceeng milkplay mine_blockchain minesofdalarnia mirror_protocol moblandhq mobox_io modefi_official mojitofinance monstainfinite moonbeam_official moonstarterchat moonwellfichat morpheuslabs mousebeltlabs moviebloc mtvcommunity multivac2020 multiverselabs mxcfoundation mxwofficial mydefipet myneighboralice myneighboralicehttps nagaofficialchat nakamotogames ndau_community neblio_official nemred nervosnetwork netvrk_official netvrkofficial neutralproject neutrino_group neutrino_protocol_group nftbcommunity nimiq nknorg nmr_official noianetwork nordfinance nucypher nulsio numbersprotocol nwc_publicchat nymchan oasisprotocolcommunity oceanprotocol_community octopusprotocol oddz_finance official_pochi_inu_portal officialelectroneum officialios officialjasmyuniverse oneinchexchange only1nft onstonofficial ontologynetwork oofinance opacitystorage openleverage opulousapp opulousapphttps oraichain orbitauglobal orbitchainglobal orbsnetwork orchidofficial originprotocol origoofficialgroup orionprotocol ovrthereality pancakeswap paribus_io parsiq_group pastelofficial pazzi_en peartoken_ann persistenceonechat phalanetwork phantasma_io phnxdao pikasterofficialchat piratechain pivxchat plasmofficial platofarm pledgerfinance plutoniansgame plutus_group plutusdefi pmgoldtoken pnetworkdefi polkabridgegroup polkacity polkadex polkadotofficial polkafoundry polkamarkets polkastarter polychainmonsters polygonofficial polylastic polytrade_finance poolxnews poolxofficial positionexchange presearch presearchnews projectgalaxyhq projectseed projectserum projecttxa promnetwork_ann propelchat propsproject protonxpr pstakefinancechat qredonetwork qtumofficial quantoverledger quickswapdex racefi_io radiocaca radix_dlt rankerdao reapchainofficialenglish redfoxlabs_announcements reefdefi rendertokenofficial renproject reservecurrency rev3altechnology revainofficial revuto revvcommunity rif_os_community riodefiofficial rmrkapp roadpro_official robonomics roobee_chat roseon routerprotocol safehavenio safepalwallet sandboxgame sayofficial scallop_official scrtcommunity seascapenetwork seedifyfund selfkeyfoundation sensoriumgalaxy sensotoken_chat sentinel_co sentivate seroofficial sharering shibainuthedogecoinkiller shoppingio shueyrhoninu shyftnetwork silentnotary singularitydao skaleofficial smartkeychat solana solanium_io solcial solice_io_chat solrazr_app solrazr_community solvecare souniio_group sovrynbitcoin spacefalconio sparkpointofficial speraxusd spheriumcommunity splinterlands stacktical stafi_protocol standard_protocol starly_chat starlynft steliafinance_cm stellarlumens stepappchat stepnofficial stormxapp streamrdata strongblock_io strongholdxchg studentcoin sukuecosystem sunmarket_defi superfarmdao survivalgameonline2022 suterusu_en swashapp_group swftswap_cn swingbyofficial swipewallet swordartonline_bsc sylo_io syntropynet syscoin_official taraxa_project techdoge_ann tellor terra_announcements terralunachat terravirtua tezosplatform thebasic thekinchannel themorpheusnetwork thesinverse thetanetwork thewastedlands thorchain_org threshold_unofficial thresholdnetwork tidalglobal titansventuresgroup titanswap tkogroupofficial tokenlondex tokoinglobal tomochain towertoken travala triaslab tribeone tronnetworken trustwallet ufotokenofficial ultra_io umbrellanet umbrellanethttps unboundfinance unfedres_staking unicly_community unifi_protocol unifty unilayer unizen_io unoreinsure upbots uponlyofficial uquidcoinofficial usddio vaiot_community vechain_official_english vegacommunity velascommunity veloprotocol vempirediscussion venusprotocol verasity_official verasitychat veriarti victoriavrgroup victoriavrnews vid_app videocoin vidtoken vimworld visiongame_official volumenetworkio vozblockchain vozblockchaindotcom/5497 vsysofficialgroup wanchainchat wavescommunity wavesenterprise wavesenterprisegroup wavesnews wazirx welaunchx welavaxlabs wemix_announcement wemix_eng wemix_global wgreenpay whale_community wilder_world wink_org_official wirexchat wolfonairepremiumchannel wolfonairepremiumchannel/3779 womprotocolchat woonetwork woonklyen worldmobileteam xcademy xdefi_io xensor_global xhashtagio xhvhavenprotocol xinfintalk xrushofficial xworldgames yearnfinance yfdaifinance yieldapp yopfi zcashco zebecprotocol zelhub zeroswap zeroswap_ann zilliqachat zktubeprotocol zoroinuworld zortlobby,Crypto,tgdataset,2,public_db/folder_1/file_55_from_krololo_girls_to_laguaridadezano.json
1131292124,Kuroodo_D,Kuroodo'D Art,,False,False,327,552,2022-07-29,1,kuroodo_d,Crypto,tgdataset,2,public_db/folder_1/file_55_from_krololo_girls_to_laguaridadezano.json
1320263101,labormanaged,Самоконтроль,Можно по-другому,False,False,20,70,2021-01-30,0,,Crypto,tgdataset,2,public_db/folder_1/file_55_from_krololo_girls_to_laguaridadezano.json
1127148043,metalpaysme,Metal - MTL Announcements,The official Metal announcements channel www.metalpay.com,False,False,1892,225,2022-07-30,3,binanceexchange metalpaycommunity metalpaysme,Crypto,tgdataset,2,public_db/folder_1/file_63_from_Mehr_o_baran_to_metro_architecture.json
1723058370,MetaverseAccount,Metaverse Account,,False,False,39,721,2022-07-31,66,agesabmyk besttokennews binancedailynews bitcoininventors blockchainreport brunopuno capitolnews cardanoreport chicagoreporter cnnunmasked coinbasereport coinbasereport/545 cryptoartmuseum cryptopunksclub cryptosignalsmust ctbch daoautonomous elonmuskinfo ethereumdaily foxnewsfeed goldtradenews govron greatawakeningchannel greatawakeningofficial inchnews jeffbridgemaker jerusalemtribune johnfkennedyjr metaverseaccount nftcollectorgroup nftfair nftreport nicolateslanews noahsprophecy officialsatoshi officialsatoshi/4489 officialsatoshi/4837 people4freedom s/sbmkcoin sabmyk sabmyk/42 sabmyk/75 sbmkchat sbmkcoin sbmkcoin/13 sbmkme sbmkme/132 sbmkme/134 sbmkme/16 sbmkme/172 sbmkme/185 sbmkme/187 sbmkme/192 sbmkme/197 sbmkme/68 sebastianbieniek shawunawaz shibainuinfo solanainfo stablecoinnews supernarrativ thecryptomeme theeconomynews theeuropenews therevolutionnow tuckercarlsonnews,Crypto,tgdataset,2,public_db/folder_1/file_63_from_Mehr_o_baran_to_metro_architecture.json
1112752777,Generation_Crypto,Generation Crypto #StandWithUkraine🇺🇦,"Home to All Things Crypto. We cover the crypto world in a simple, but ingenious way.  👉 t.me/gcryptochat 👉 twitter.com/GCryptoBen Contact: @Alex_GCrypto @Ben_GCrypto",False,False,12117,5427,2022-07-29,313,aergoannouncements aergoannouncements/194 aergoannouncements/213 aergoannouncements/218 aergoannouncements/334 aergoannouncements/423 airblocannouncements airfoxico akropolisannouncements alchemintchanel algorand_announcements alza_announcements ancientannouncement/121 ancientannouncement/214 announcements4nns anrknetworkann antexchat antexofficial/451 arcblock atonomi_io beetoken bemil_chat bemil_official_channel/279 bemil_official_channel/295 bfxtelegram biconomy bifrostnotice/247 bigwig_bot binanceexchange bitparadise_official blockchainspace_official blockcloudannc blockmason bluzelle bluzelleann/861 bluzelleann/865 bluzelleann/869 boltglobalannouncements brickblocknews bscstation_media/188 bscstation_media/202 c1s0r/16 c1s0r/19 c1s0r/22 c1s0r/24 c1s0r/26 c1s0r/31 c1s0r/32 cardstack carryprotocol_announcement cartesiproject celernetworkann certikorg_channel cfxquantumgroup chainx_news/32 chiliznews/130 cognidaann coinfantasy1 coinspaid_chat coinvesthq colexion_io comsaio cotichannel/926 cryptocurveann cryptodiffer cryptodiffer/1380 cryptomeda cubiexesports daomaker_ann/741 daomaker_ann/998 daostackcommunity deepcloudai_ann depocket depocket/122126 depocketchannel/153 depocketchannel/404 dexe_airdrop_bot dexe_network/327 dexe_network/331 dexe_network/332 dexe_network/333 dexe_network/338 dfinity doc_ai doomherogame drep_foundation_announcements dxchainbot dxchainchannel ecomi edenchainannouncements effectai elfinkdm emotiq_official essentiaone eterbaseexchange eterbasenews/272 etherparty experty_io fantomgochat finnexusofficial finom_community fintrux foamprotocol furukuru_ann/62 galaxywarann/185 galaxywarnft gambproject gamestarternews/286 gbxcommunity gcryptochat gcryptochat/2519 generation_crypto generation_crypto/1076 generation_crypto/1080 generation_crypto/1176 generation_crypto/1186 generation_crypto/1361 generation_crypto/1469 generation_crypto/2793 generation_crypto/4535 generation_crypto/607 generation_crypto/620 generation_crypto/659 generation_crypto/690 generation_crypto/695 generation_crypto/716 generation_crypto/779 genshardsann/95 genshardschat gochain_updates gonau gonetworkann greenbeli/263 hedgetchat heliconnftchats helisnetworkann/11 holdhq_ann huobifutures_en huobiglobalofficial ico_report ico_reports ico_reports/117 ico_reports/127 infinitelaunchnews/149 infinitelaunchnews/180 infinitelaunchnews/196 insightsnetwork ioexnetwork_news_en iv jet8_ecosystem joinchat/aaaaaejtqolazu4xofkibq joinchat/aaaaaeoso2oupvnqutkhag joinchat/aaaaaeqg1-tgvn_jirxtoq joinchat/cv8tculrq_vj2xzu9iopqg joinchat/f_38d0nlvp_oqfb0s5u1fg joinchat/fa3bpxbrllw7z2g4qgaalw joinchat/fdnbh0m079p5fnfohfejaw joinchat/fdnbh0m079pqr8e2turq3w joinchat/flhosul5pvo_4fbk6vhtmg joinchat/fpwiphczrdl2zdnavsm8ug joinchat/g47gca8f5eyffesilw7h2w joinchat/geu7va2lfddv5rqxfyqctw joinchat/ghtzgqwsy9mzk0kfeejgtg joinchat/gjaz6vegciyxmna3pd32hg joinchat/gt6mbxjb-2xukwga_atljg joinchat/guyxra7iv_iefm5ijdhabg joinchat/h-dktax1r8a0hvy6vns5xw joinchat/hxpwabggdxs3ciicgi0-kq juranetworkann kdg_ann/584 kdg_ann/602 kdg_ann/604 kingspeed_airdropbot kingspeedglobal leverj lightstreamschannel liquiditynetworkmegaphone ltoinfo/621 mantradao marconiprotocol_announcements/4 maticnetwork_announcements maticnetwork_announcements/1088 media_protocol_community meli_games melosstudiodao metahash metaracersbsc_global metaracersbsc_official/156 metastrikechat meter_io metronometoken moniwarannouncements/261 moniwarannouncements/308 moniwarannouncements/339 monkeyball_game monstergalaxyp2e monsterragame_chat mp_announcements multivacmtv naos_finance noia_network/123 nucleusvision nucypher nuggetsblockchain oddz_fi_announcements/384 oddz_finance officiallitionann/189 officialolysportnews/302 olysportofficialgroup oraclesnetwork orca_news orecommunity origoofficial paywithink perlinnetwork phantasma_announcements platofarm plutosnetwork polkacipher polkapetworld polkarare polkarareann/103 primei_co_ann primei_co_ann/56 primei_co_ann/73 primei_co_ann/74 privatix project_hive_chat quadrantprotocolannouncements quarkchain_news racefi_ann/128 racefi_ann/333 rainmakergames razornetwork rcnchat realrealmannouncement/46 refereumtalk remme republicprotocol requestnetwork review_ico rightmesh rikkeifinance_official/254 rikkeifinance_official/323 rivexofficial rmplann rmplann/12 rmpltg roobee_chat roobee_invest safehavenio_ann saloplayers saloplayersann scaleswapann/414 seeletech selfkeyfoundation snapex_announcement/136 solchicksnft solrazr_community sovrin spatium_news sperax spoolfichat springrole_announcements stegos4privacy swaps_network tenzorum_ann theabyssnews thekeyofficial thesavageappofficial thinkcoin_announcements timnewschannel torum_official/168 torum_official/269 torum_official_group_en tracetoannouncements trava_finance trava_finance_official/154 trava_finance_official/279 troytrade_channel tryhards_io_official two_key/344 two_key/475 two_key/500 twokey_official uchainann ultra_ann/174 unibright unilendannouncement/29 unilendannouncement/511 unilendannouncement/611 unrealfinance uppsalafoundation uranusann utrustofficial vault12official vite_ann wagglenetwork wanchainchat waxtoken wepowernetwork whitepaperdebunked/41 widiland widiland/49660 wonderhero_io worldcore xtradecommunity zeroxcertann zombieworldz zombieworldz/246 zombieworldz/247 zombieworldz/248 zombieworldz/251,Crypto,tgdataset,2,public_db/folder_1/file_37_from_gemeinsamgegenNWO_to_GiveThatSomeThought.json
1410881393,GenkoChamber,Genko (CryptoChibi) - GC,Most Educated CryptoCurrency Channel,False,False,267,1108,2022-03-26,5,bitcoinleverage cyclonereversal genkochamber thewhiskyguyjournal tradingonhigh,Crypto,tgdataset,2,public_db/folder_1/file_37_from_gemeinsamgegenNWO_to_GiveThatSomeThought.json
1250202107,GetGoodTA,GetGood! Full-Time Trading,"Client results: @jakovmentoringtestimonials  No bullshit, straight to the point TA, psychology and TRUTH.  Contact for Mentoring: @jakovtradingmentor  Public Chat: @getgoodnew  - Not investment advice, always DYOR.",False,False,861,4522,2022-07-31,23,alchemybotchannel blockion coinnewschannel crncref_bot cryptodakuofficial cryptodreamers cryptovigilante getgoodchat getgoodta getgoodtaresults hrbeairdropbot joinchat/aaaaae7bedvfackkfoh6qg joinchat/aaaaae7bedxjezbctvjeeg joinchat/aaaaae9j3m8ahgwyigzeca joinchat/aaaaaexwrmr_8kx8y5mpua joinchat/gx7caa7q9kil4sdzbsh2dg leverj/43740 midasprotocolglobal playsafewithuspublicchanel prevue_bot solidsignals thekryptofactor vote,Crypto,tgdataset,2,public_db/folder_1/file_37_from_gemeinsamgegenNWO_to_GiveThatSomeThought.json
1385264045,live_tradings,💵♛DREAMS ACHIEVERS♛💵,😈EARN MONEY ONLINE WITHOUT EXPERIENCE 😈  ❤️BingX Register & Get Reward 120$❤️ 💥 https://bingx.com/invite/YXHU9Y💥 💥 https://bingx.com/invite/RBJYRK 💥  Whatsapp Group Link👇 https://chat.whatsapp.com/9MNxnfen2qh3ySfEAzZFk8   💢 Patience Make Profit 💢,False,False,7513,6,2022-01-14,1,proxy,Crypto,tgdataset,2,public_db/folder_1/file_58_from_Limit_sk_to_lotterybillz.json
1429010485,lodgenews,El Lodge,Unofficial community ran group for Reserve Protocol. Chat group: https://t.me/reservelodge  Official Reserve group: https://t.me/reservecurrency,False,False,1169,575,2022-07-15,44,chromapolisbychromaway collablandbot cryptoarniepublic cryptodakurobinhooders cryptoprojectsfa cryptosmartph dbcryptochat dudesignalschat getrichwithmandygroupchat harmony_one huobingn ico_analytic joinchat/e9zeck-1cblpcho32nb8-g joinchat/en3qhlk5cwpmgvdxducwkw joinchat/fgnclw8sko3w_nrlvmpeua joinchat/tzyzgtigtt2sgmox koreanjewtrading offdevcon reserveafrica reservealert reservecurrency reservelodge reservelodge/136399 reservelodge/136407 reservelodge/136409 reservelodge/136413 reservelodge/136414 reserveprotocolchineseofficial reserveprotocolturkey reservesudamericaoficial reservetrading reservetrading/102444 reservetrading/1278 reservetradingann reservetradingann/313 reservetradingann/365 reservetradingann/394 reservetradingann/395 reservetradingann/434 reservetradingann/490 shinchaneg_ieo shitpool upbots wolfcryptopub,Crypto,tgdataset,2,public_db/folder_1/file_58_from_Limit_sk_to_lotterybillz.json
1393210905,lorancrypyto,Crypto Trading Signals Free / cryptopasta,"Bitcoin, Altcoins Signals, Fundamentals and Technical Analytics @CryptoPasta_VIP_bot Aggregator. List of sources: CryptoPasta.win Admin: @CryptoPasta_Support_bot  @PABSVIP_bot - best crypto signals @PABS_News - crypto news",False,False,707,11005,2022-07-31,8354,acrypto_ru/11696 acrypto_ru/11697 acrypto_ru/11698 acrypto_ru/11700 acrypto_ru/11701 acrypto_ru/11703 acrypto_ru/11704 acrypto_ru/11706 acrypto_ru/11707 acrypto_ru/11709 acrypto_ru/11710 acrypto_ru/11712 acrypto_ru/11713 acrypto_ru/11715 acrypto_ru/11716 acrypto_ru/11717 acrypto_ru/11719 acrypto_ru/11721 acrypto_ru/11722 acrypto_ru/11723 acrypto_ru/11726 acrypto_ru/11727 acrypto_ru/11728 acrypto_ru/11729 acrypto_ru/11730 acrypto_ru/11731 acrypto_ru/11732 acrypto_ru/11734 acrypto_ru/11735 acrypto_ru/11737 acrypto_ru/11739 acrypto_ru/11742 acrypto_ru/11743 acrypto_ru/11744 acrypto_ru/11748 acrypto_ru/11751 acrypto_ru/11752 acrypto_ru/11753 acrypto_ru/11755 acrypto_ru/11756 acrypto_ru/11758 acrypto_ru/11759 acrypto_ru/11760 acrypto_ru/11761 acrypto_ru/11762 acrypto_ru/11764 acrypto_ru/11766 acrypto_ru/11768 acrypto_ru/11769 acrypto_ru/11770 acrypto_ru/11771 acrypto_ru/11772 acrypto_ru/11773 acrypto_ru/11775 acrypto_ru/11776 acrypto_ru/11779 acrypto_ru/11780 acrypto_ru/11782 acrypto_ru/11783 acrypto_ru/11784 acrypto_ru/11787 acrypto_ru/11789 acrypto_ru/11790 acrypto_ru/11792 acrypto_ru/11793 acrypto_ru/11795 acrypto_ru/11796 acrypto_ru/11797 acrypto_ru/11798 acrypto_ru/11799 acrypto_ru/11801 acrypto_ru/11802 acrypto_ru/11803 acrypto_ru/11804 acrypto_ru/11805 acrypto_ru/11806 acrypto_ru/11807 acrypto_ru/11808 acrypto_ru/11811 acrypto_ru/11812 acrypto_ru/11813 acrypto_ru/11814 acrypto_ru/11816 acrypto_ru/11817 acrypto_ru/11818 acrypto_ru/11821 acrypto_ru/11822 acrypto_ru/11823 acrypto_ru/11824 acrypto_ru/11826 acrypto_ru/11827 acrypto_ru/11828 acrypto_ru/11831 acrypto_ru/11832 acrypto_ru/11833 acrypto_ru/11834 acrypto_ru/11835 acrypto_ru/11836 acrypto_ru/11837 acrypto_ru/11841 acrypto_ru/11844 acrypto_ru/11845 acrypto_ru/11846 acrypto_ru/11848 acrypto_ru/11849 acrypto_ru/11850 acrypto_ru/11851 acrypto_ru/11853 acrypto_ru/11854 acrypto_ru/11856 acrypto_ru/11857 acrypto_ru/11858 acrypto_ru/11859 acrypto_ru/11860 acrypto_ru/11862 acrypto_ru/11863 acrypto_ru/11864 acrypto_ru/11865 acrypto_ru/11866 acrypto_ru/11867 acrypto_ru/11868 acrypto_ru/11869 acrypto_ru/11888 acrypto_ru/11893 acrypto_ru/11895 acrypto_ru/11896 acrypto_ru/11897 acrypto_ru/11898 acrypto_ru/11899 acrypto_ru/11902 acrypto_ru/11907 acrypto_ru/11908 acrypto_ru/11915 acrypto_ru/11916 acrypto_ru/11920 acrypto_ru/11921 acrypto_ru/11925 acrypto_ru/11927 acrypto_ru/11928 acrypto_ru/11932 acrypto_ru/11935 acrypto_ru/11936 acrypto_ru/11943 acrypto_ru/11944 acrypto_ru/11946 acrypto_ru/11947 acrypto_ru/11948 acrypto_ru/11949 acrypto_ru/11950 acrypto_ru/11952 acrypto_ru/11953 acrypto_ru/11954 acrypto_ru/11956 acrypto_ru/11957 acrypto_ru/11958 acrypto_ru/11959 acrypto_ru/11960 acrypto_ru/11961 acrypto_ru/11962 acrypto_ru/11965 acrypto_ru/11966 acrypto_ru/11967 acrypto_ru/11968 acrypto_ru/11969 acrypto_ru/11971 acrypto_ru/11973 acrypto_ru/11974 acrypto_ru/11981 acrypto_ru/11983 acrypto_ru/11984 acrypto_ru/11985 acrypto_ru/11986 acrypto_ru/11992 acrypto_ru/11993 acrypto_ru/11994 acrypto_ru/11995 acrypto_ru/11996 acrypto_ru/11997 acrypto_ru/11998 acrypto_ru/12002 acrypto_ru/12004 acrypto_ru/12005 acrypto_ru/12006 acrypto_ru/12008 acrypto_ru/12009 acrypto_ru/12011 acrypto_ru/12012 acrypto_ru/12013 acrypto_ru/12014 acrypto_ru/12015 acrypto_ru/12016 acrypto_ru/12017 acrypto_ru/12018 acrypto_ru/12020 acrypto_ru/12022 acrypto_ru/12023 acrypto_ru/12025 acrypto_ru/12026 acrypto_ru/12027 acrypto_ru/12028 acrypto_ru/12029 acrypto_ru/12030 acrypto_ru/12031 acrypto_ru/12032 acrypto_ru/12034 acrypto_ru/12035 acrypto_ru/12036 acrypto_ru/12037 acrypto_ru/12038 acrypto_ru/12040 acrypto_ru/12041 acrypto_ru/12042 acrypto_ru/12044 acrypto_ru/12045 acrypto_ru/12046 acrypto_ru/12047 acrypto_ru/12049 acrypto_ru/12051 acrypto_ru/12052 acrypto_ru/12053 acrypto_ru/12055 acrypto_ru/12056 acrypto_ru/12057 acrypto_ru/12058 acrypto_ru/12059 acrypto_ru/12060 acrypto_ru/12061 acrypto_ru/12062 acrypto_ru/12064 acrypto_ru/12065 acrypto_ru/12066 acrypto_ru/12067 acrypto_ru/12068 acrypto_ru/12070 acrypto_ru/12071 acrypto_ru/12073 acrypto_ru/12074 acrypto_ru/12076 acrypto_ru/12077 acrypto_ru/12079 acrypto_ru/12080 acrypto_ru/12081 acrypto_ru/12082 acrypto_ru/12083 acrypto_ru/12084 acrypto_ru/12085 acrypto_ru/12086 acrypto_ru/12088 acrypto_ru/12089 acrypto_ru/12090 acrypto_ru/12091 acrypto_ru/12092 acrypto_ru/12093 acrypto_ru/12094 acrypto_ru/12095 acrypto_ru/12097 acrypto_ru/12098 acrypto_ru/12099 acrypto_ru/12100 acrypto_ru/12101 acrypto_ru/12103 acrypto_ru/12104 acrypto_ru/12105 acrypto_ru/12107 acrypto_ru/12109 acrypto_ru/12110 acrypto_ru/12111 acrypto_ru/12112 acrypto_ru/12113 acrypto_ru/12114 acrypto_ru/12115 acrypto_ru/12117 acrypto_ru/12118 acrypto_ru/12119 acrypto_ru/12120 acrypto_ru/12121 acrypto_ru/12122 acrypto_ru/12123 acrypto_ru/12124 acrypto_ru/12128 acrypto_ru/12130 acrypto_ru/12132 acrypto_ru/12133 acrypto_ru/12134 acrypto_ru/12135 acrypto_ru/12136 acrypto_ru/12137 acrypto_ru/12138 acrypto_ru/12139 acrypto_ru/12141 acrypto_ru/12142 acrypto_ru/12143 acrypto_ru/12144 acrypto_ru/12145 acrypto_ru/12146 acrypto_ru/12147 acrypto_ru/12148 acrypto_ru/12150 acrypto_ru/12151 acrypto_ru/12152 acrypto_ru/12153 acrypto_ru/12154 acrypto_ru/12156 acrypto_ru/12157 acrypto_ru/12158 acrypto_ru/12160 acrypto_ru/12169 acrypto_ru/12171 acrypto_ru/12172 acrypto_ru/12173 acrypto_ru/12174 acrypto_ru/12175 acrypto_ru/12176 acrypto_ru/12178 acrypto_ru/12179 acrypto_ru/12181 acrypto_ru/12183 acrypto_ru/12184 acrypto_ru/12185 acrypto_ru/12186 acrypto_ru/12187 acrypto_ru/12188 acrypto_ru/12190 acrypto_ru/12191 acrypto_ru/12193 acrypto_ru/12194 acrypto_ru/12195 acrypto_ru/12196 acrypto_ru/12197 acrypto_ru/12200 acrypto_ru/12202 acrypto_ru/12203 acrypto_ru/12205 acrypto_ru/12206 acrypto_ru/12207 acrypto_ru/12210 acrypto_ru/12211 acrypto_ru/12212 acrypto_ru/12213 acrypto_ru/12214 acrypto_ru/12215 acrypto_ru/12216 acrypto_ru/12217 acrypto_ru/12219 acrypto_ru/12220 acrypto_ru/12221 acrypto_ru/12222 acrypto_ru/12223 acrypto_ru/12224 acrypto_ru/12225 acrypto_ru/12226 acrypto_ru/12228 acrypto_ru/12229 acrypto_ru/12231 acrypto_ru/12233 acrypto_ru/12234 acrypto_ru/12235 acrypto_ru/12236 acrypto_ru/12237 acrypto_ru/12238 acrypto_ru/12239 acrypto_ru/12241 acrypto_ru/12247 acrypto_ru/12248 acrypto_ru/12249 acrypto_ru/12254 acrypto_ru/12255 acrypto_ru/12256 acrypto_ru/12257 acrypto_ru/12258 acrypto_ru/12259 acrypto_ru/12260 acrypto_ru/12262 acrypto_ru/12263 acrypto_ru/12264 acrypto_ru/12265 acrypto_ru/12266 acrypto_ru/12268 acrypto_ru/12269 acrypto_ru/12271 acrypto_ru/12272 acrypto_ru/12273 acrypto_ru/12274 acrypto_ru/12275 acrypto_ru/12276 acrypto_ru/12277 acrypto_ru/12278 acrypto_ru/12280 acrypto_ru/12281 acrypto_ru/12286 acrypto_ru/12300 acrypto_ru/12301 acryptoru/15659 acryptoru/17366 acryptoru/17941 agusmology/10239 agusmology/10263 agusmology/10877 agusmology/10974 agusmology/11556 agusmology/11580 agusmology/13041 agusmology/13458 agusmology/14028 agusmology/14035 agusmology/14823 agusmology/18160 agusmology/19096 agusmology/21645 agusmology/8141 agusmology/8344 agusmology/8444 agusmology/8564 agusmology/8580 agusmology/9104 agusmology/9318 agusmology/9438 agusmology/9526 agusmology/9689 agusmology/9712 agusmology/9739 agusmology/9794 agusmology1/3687 agusmology1/4255 ai_cst/10199 ai_cst/10244 ai_cst/10318 ai_cst/10327 ai_cst/10343 ai_cst/10668 ai_cst/10834 aicst/11561 aicst/11645 aicst/11699 aicst/11866 aicst/11869 aicst/11873 aicst/11879 aicst/11908 aicst/12019 aicst/12158 aicstofficial/12564 albertcryptos/1041 albertcryptos/1047 albertcryptos/1095 albertcryptos/1098 albertcryptos/1263 albertcryptos/1287 albertcryptos/1308 albertcryptos/1354 albertcryptos/1382 albertcryptos/1442 albertcryptos/1450 albertcryptos/1480 albertcryptos/1490 albertcryptos/1499 albertcryptos/1508 albertcryptos/1529 albertcryptos/1594 albertcryptos/1658 albertcryptos/1784 albertcryptos/1879 albertcryptos/1919 albertcryptos/1968 albertcryptos/2028 albertcryptos/2153 albertcryptos/2322 albertcryptos/2453 albertcryptos/2642 albertcryptos/2713 albertcryptos/2836 albertcryptos/2865 albertcryptos/2998 albertcryptos/537 albertcryptos/561 albertcryptos/584 albertcryptos/670 albertcryptos/684 albertcryptos/726 albertcryptos/777 albertcryptos/792 albertcryptos/826 albertcryptos/831 albertcryptos/966 alexcryptosignals/2600 alexcryptosignals/2623 alfablock/231 alfablock/232 alfablock/234 alfablock/235 alfablock/236 alfablock/238 alfablock/241 alfablock/242 alfablock/243 alfablock/244 alfablock/245 alfablock/247 alfablock/248 alfablock/249 alfablock/250 alfablock/251 alfablock/252 alfablock/253 alfablock/254 alfablock/255 alfablock/256 alfablock/258 alfablock/371 alfablock/392 alphatradezone/1274 alphatradezone/1286 alphatradezone/1298 alphatradezone/1303 alphatradezone/1331 alphatradezone/1342 alphatradezone/1366 alphatradezone/1372 alphatradezone/1464 alphatradezone/1466 alphatradezone/1549 alphatradezone/1572 alphatradezone/1635 alphatradezone/1655 alphatradezone/1691 alphatradezone/1724 alphatradezone/1762 alphatradezone/1785 alphatradezone/1790 alphatradezone/1798 alphatradezone/1806 alphatradezone/1870 alphatradezone/1893 alphatradezone/1898 alphatradezone/1934 alphatradezone/1948 alphatradezone/1971 alphatradezone/1975 alphatradezone/1992 alphatradezone/2004 alphatradezone/2011 alphatradezone/2022 alphatradezone/2027 alphatradezone/2031 alphatradezone/2062 alphatradezone/2070 alphatradezone/2131 alphatradezone/2137 alphatradezone/2138 alphatradezone/2141 alphatradezone/2167 alphatradezone/2200 alphatradezone/2206 alphatradezone/2225 alphatradezone/2259 alphatradezone/2287 alphatradezone/2301 alphatradezone/2336 alphatradezone/2362 alphatradezone/2382 alphatradezone/2408 alphatradezone/2510 alphatradezone/2525 alphatradezone/2591 alphatradezone/2599 alphatradezone/2603 alphatradezone/2651 alphatradezone/2738 alphatradezone/2755 alphatradezone/2783 alphatradezone/2797 alphatradezone/2801 alphatradezone/2829 alphatradezone/2832 alphatradezone/2856 alphatradezone/2874 alphatradezone/2878 alphatradezone/2881 alphatradezone/2893 alphatradezone/2899 alphatradezone/2907 alphatradezone/2917 alphatradezone/2922 alphatradezone/2934 alphatradezone/2944 alphatradezone/2994 alphatradezone/3004 alphatradezone/3015 alphatradezone/3130 alphatradezone/3208 alphatradezone/3290 altchica/1598 altchica/1640 altchica/1663 altchica/1681 altchica/1725 altchica/1728 altchica/1757 altchica/1792 altcoinbtcbesttasignals/57754 altcoinbtcbesttasignals/60839 altcoinbtcbesttasignals/62990 altcoinbtcbesttasignals/63732 altcoinbtcbesttasignals/65023 altcoinbtcbesttasignals/65478 altcoins_signal/32021 altcoins_signal/35334 altcoins_signal/37112 altcoins_signal/37266 altcoins_signal/39059 altcoins_signal/39425 altcoins_signal/40329 altcoins_signal/43085 altcoins_signal/48299 altcoins_signal/48351 altcoins_signal/49091 altcoins_signal/49549 altcoins_signal/50442 altcoins_signal/50920 altcoins_signal/50949 altcoins_signal/51971 altcoins_signal/52768 altcoins_signals/36132 altcoins_signals/36238 altcoins_signals/37956 altcoins_signals/39717 altcoins_signals/39865 altcoins_signals/41687 altcoins_signals/42098 altcoins_signals/42374 altcoins_signals/42667 altcoins_signals/43145 altcoins_signals/43767 altcoins_signals/44379 altcoins_signals/44978 altcoins_signals/44980 altcoins_signals/45173 altcoins_signals/45709 altcoins_signals/45791 altcoins_signals/46290 altcoins_signals/46493 altcoins_signals/46500 altcoins_signals/46589 altcoins_signals/46601 altcoins_signals/46677 altcoins_signals/46718 altcoins_signals/46973 altcoins_signals/47034 altcoins_signals/47098 altcoins_signals/47171 altcoins_signals/47176 altcoins_signals/47250 altcoins_signals/47554 altcoins_signals/47744 altcoins_signals/48135 altcoins_signals/48155 altcoins_signals/48211 altcoins_signals/48261 altcoins_signals/48306 altcoins_signals/48429 altcoinwolves/3954 altcoinwolves/3961 altcoinwolves/3973 altcoinwolves/4606 altscenter/7801 altsignals/3058 altsignals/3059 altsignals/3075 altsignals/3077 altsignals/3084 altsignals/3250 altsignals/3276 altsignals/4339 altsignals/5157 altsignals/5977 altsignals/6097 altsignals/6695 altsignals/6899 altsignals/7005 altsignalsta/182 altsignalsta/305 altsignalsta/334 altsignalsta/351 altsignalsta/376 altsignalsta/393 altsignalsta/396 altsignalsta/405 altsignalsta/431 altsignalsta/497 altsway/4835 altsway/5290 altsway/5500 altzsignalz/14144 altzsignalz/14152 altzsignalz/14185 altzsignalz/14189 altzsignalz/14267 altzsignalz/14327 altzsignalz/14731 altzsignalz/14770 altzsignalz/14878 altzsignalz/14954 altzsignalz/15004 altzsignalz/15253 altzsignalz/15351 altzsignalz/15600 altzsignalz/15727 altzsignalz/15883 altzsignalz/15959 altzsignalz/15982 altzsignalz/15997 altzsignalz/16089 altzsignalz/16200 altzsignalz/16365 altzsignalz/16435 altzsignalz/16481 altzsignalz/16525 altzsignalz/16886 altzsignalz/16913 altzsignalz/17176 altzsignalz/17179 altzsignalz/17357 altzsignalz/17632 altzsignalz/17758 altzsignalz/17985 altzsignalz/17997 altzsignalz/18025 altzsignalz/18351 altzsignalz/18385 altzsignalz/18604 altzsignalz/18630 altzsignalz/18711 altzsignalz/18811 altzsignalz/18902 altzsignalz/19024 altzsignalz/19044 altzsignalz/19152 altzsignalz/19386 altzsignalz/19387 altzsignalz/19663 altzsignalz/19703 altzsignalz/19888 altzsignalz/20014 altzsignalz/20055 altzsignalz/20092 altzsignalz/20368 altzsignalz/20420 altzsignalz/20523 altzsignalz/20566 altzsignalz/20609 altzsignalz/20619 altzsignalz/20786 altzsignalz/20833 altzsignalz/20859 altzsignalz/20957 altzsignalz/20981 altzsignalz/21083 altzsignalz/21118 altzsignalz/21190 altzsignalz/21274 altzsignalz/21322 altzsignalz/21348 altzsignalz/21417 altzsignalz/21477 altzsignalz/21494 altzsignalz/21538 altzsignalz/21664 altzsignalz/21689 altzsignalz/21717 altzsignalz/21734 altzsignalz/21803 altzsignalz/22080 altzsignalz/22091 altzsignalz/22137 altzsignalz/22163 altzsignalz/22336 altzsignalz/22449 altzsignalz/22517 americanwhales/14718 americanwhales/14720 americanwhales/14803 americanwhales/14847 americanwhales/14885 americanwhales/14997 americanwhales/15210 americanwhales/16046 americanwhales/16084 analyt_chart/10528 angelovcrypto/1454 arabpump2024/1118 arabpump2024/1475 arabpump2024/1584 arabpump2024/633 arabpump2024/663 arabpump2024/664 arabpump2024/757 arabpump2024/865 arabpump2024/948 arscryptocall/8688 arscryptocall/8724 arscryptocall/8801 artemcrypto/2437 artemcrypto/2482 artemcrypto/2496 artemcrypto/2554 artemcrypto/2578 artemcrypto/2590 artemcrypto/2610 artemcrypto/2616 artemcrypto/2620 artemcrypto/2624 artemcrypto/2629 artemcrypto/2712 artemcrypto/2756 artemcrypto/2835 artemcrypto/2858 artemcrypto/2935 artemcrypto/2944 artemcrypto/3013 artemcrypto/3018 artemcrypto/3050 artemcrypto/3078 artemcrypto/3095 artemcrypto/3105 artemcrypto/3154 artemcrypto/3258 artemcrypto/3371 artemcrypto/3408 artemcrypto/3460 artemcrypto/3464 artemcrypto/3484 artemcrypto/3648 artemcrypto/3652 artemcrypto/3706 artemcrypto/3709 artemcrypto/3732 artemcrypto/3745 artemcrypto/3808 artemcrypto/3825 artemcrypto/3862 artemcrypto/3904 artemcrypto/4150 arti_trade/1314 arti_trade/1325 arti_trade/1326 arti_trade/1332 arti_trade/1346 asacrypto/1979 asacrypto/1992 asacrypto/2007 asacrypto/2047 asacrypto/2114 asacrypto/2164 asacrypto/2187 asacrypto/2260 asacrypto/2857 ashwsb/1060 ashwsb/1226 ashwsb/1261 ashwsb/1287 ashwsb/1288 ashwsb/1328 ashwsb/1618 ashwsb/1619 ashwsb/1647 ashwsb/1666 ashwsb/1948 ashwsb/1986 ashwsb/2025 ashwsb/2144 ashwsb/2419 ashwsb/3106 ashwsb/3133 ashwsb/3297 ashwsb/3633 ashwsb/3812 ashwsb/3829 ashwsb/3878 ashwsb/3969 ashwsb/3971 ashwsb/4084 ashwsb/4128 ashwsb/4222 ashwsb/4232 ashwsb/4254 ashwsb/4339 ashwsb/4517 ashwsb/4548 ashwsb/4550 ashwsb/4561 ashwsb/4624 ashwsb/4645 ashwsb/4698 ashwsb/4723 ashwsb/4856 ashwsb/4875 ashwsb/4886 ashwsb/4975 ashwsb/5036 ashwsb/5091 ashwsb/5106 ashwsb/5118 ashwsb/5130 ashwsb/5157 ashwsb/5172 ashwsb/5189 ashwsb/5192 ashwsb/5211 ashwsb/5213 ashwsb/5310 ashwsb/596 ashwsb/659 ashwsb/901 association_bitcoin_russia/1140 association_bitcoin_russia/1157 association_bitcoin_russia/1172 association_bitcoin_russia/1243 association_bitcoin_russia/1262 bbbinvestrussian/855 bbbinvestrussian/856 bctof/7741 benjaminanderson/1180 benjaminanderson/1208 benjaminanderson/1214 benjaminanderson/1249 benjaminanderson/1275 benjaminanderson/1463 benjaminanderson/1486 benjaminanderson/1515 benjaminanderson/1733 benjaminanderson/1953 benjaminanderson/2010 benjaminanderson/2036 benjaminanderson/2067 benjaminanderson/960 best_traders_1/31404 bikotrading/2700 bikotrading/2735 bikotrading/3127 bikotrading/3135 bikotrading/3140 bikotrading/3187 bikotrading/3238 bikotrading/3263 bikotrading/3270 bikotrading/3558 bikotrading/3637 bikotrading/3745 bikotrading/3852 bikotrading/3871 bikotrading/3948 bikotrading/3960 bikotrading/4054 bikotrading/4180 bikotrading/4197 bikotrading/4203 bikotrading/4281 bikotrading/4305 bikotrading/4357 bikotrading/4402 bikotrading/4414 bikotrading/4448 bikotrading/4523 bikotrading/4679 bikotrading/5204 bikotrading/5219 bikotrading/5352 bikotrading/5385 binance_360/9508 binance_360/9530 binance_360/9817 binance_futuressignal/50171 binance_futuressignal/50193 binance_futuressignal/50440 binance_futuressignal/50746 binance_futuressignal/51174 binance_futuressignal/51236 binance_futuressignal/51286 binance_futuressignal/51809 binance_futuressignal/52386 binance_futuressignal/53441 binance_futuressignal/53477 binance_premium_signall/1629 binance_premium_signall/1711 binance_premium_signals/10373 binance_premium_signals/11015 binance_premium_signals/11158 binance_premium_signals/5568 binance_premium_signals/6788 binance_premium_signals/9727 binance_premium_signals/9774 binance_premium_signals/9926 binancefuturemafia/3021 binancefuturemafia/4255 binancekillers/2921 binancemafia/322 binancemegapump1/3146 binancemegapump360/11534 binancemegapump360/11783 binancemegapump360/11865 binancemegapump360/11866 binancemegapump360/11867 binancemegapump360/11942 binancemegapump360/11956 binancemegapump360/12017 binancemegapump360/12348 binancemegapump360/12357 binancemegapump360/12523 binancepumpsigmals/453 binancesignalsturkey/10990 binancesignalsturkey/11401 binancesignalsturkey/11439 binancesignalsturkey/11815 binancesignalsturkey/11954 binancesignalsturkey/11973 binancesignalsturkey/11978 binancesignalsturkey/11988 binancesignalsturkey/12040 binancesignalsturkey/12200 binancesignalsturkey/12211 binancesignalsturkey/12309 binancesignalsturkey/12538 binancesignalsturkey/12906 binancesignalsturkey/12957 binancesignalsturkey/13020 binancesignalsturkey/13022 binancesignalsturkey/13030 binancesignalsturkey/13032 binancesignalsturkey/13578 binancesignalsturkey/13702 binancesignalsturkey/13828 binancesignalsturkey/13934 binancesignalsturkey/13990 binancesignalsturkey/13996 binancesignalsturkey/14060 binancesignalsturkey/14127 binancesignalsturkey/14498 binancesignalsturkey/14552 binancesignalsturkey/14605 binancesignalsturkey/14650 binancesignalsturkey/14668 binancesignalsturkey/14716 binancesignalsturkey/14744 binancesignalsturkey/14775 binancesignalsturkey/14821 binancesignalsturkey/14867 binancesignalsturkey/14898 binancesignalsturkey/14901 binancesignalsturkey/14915 binancesignalsturkey/14923 binancesignalsturkey/14963 binancesignalsturkey/14998 binancesignalsturkey/15103 binancesignalsturkey/15309 binancesignalsturkey/15380 binancesignalsturkey/15386 binancesignalsturkey/15390 binancesignalsturkey/15412 binancesignalsturkey/15675 binancesignalsturkey/15677 binancesignalsturkey/15747 binancesignalsturkey/15859 binancesignalsturkey/15897 binancesignalsturkey/16000 binancesignalsturkey/16042 binancesignalsturkey/16069 binancesignalsturkey/16082 binancesignalsturkey/16161 binancesignalsturkey/16164 binancesignalsturkey/16170 binancesignalsturkey/16214 binancesignalsturkey/16334 binancesignalsturkey/16413 binancesignalsturkey/16545 binancesignalsturkey/16578 binancesignalsturkey/16640 binancesignalsturkey/16991 binancesignalsturkey/17053 binancesignalsturkey/17192 binancesignalsturkey/17277 binancesignalsturkey/17467 binancesignalsturkey/17531 binancesignalsturkey/17782 binancesignalsturkey/18009 binancesignalsturkey/18076 binancesignalsturkey/18210 binancesignalsturkey/18232 binancesignalsturkey/18291 binancesignalsturkey/18765 binancesignalsturkey/18941 binancesignalsturkey/18964 binancesignalsturkey/19240 binancesignalsturkey/19331 binancesignalsturkey/19514 binancesignalsturkey/19699 binancesignalsturkey/19915 binancesignalsturkey/19944 binancesignalsturkey/19979 binancesignalsturkey/20004 binancesignalsturkey/20204 binancesignalsturkey/20279 binancesignalsturkey/20448 binancesignalsturkey/20591 binancesignalsturkey/20800 binancesignalsturkey/20925 binancesignalsturkey/20992 binancesignalsturkey/21188 binancesignalsturkey/21208 binancesignalsturkey/21562 binancesignalsturkey/21630 binancesignalsturkey/21651 binancesignalsturkey/21652 binancesignalsturkey/21712 binancesignalsturkey/21724 binancesignalsturkey/21726 binancesignalsturkey/21742 binancesignalsturkey/21838 binancesignalsturkey/21868 binancesignalsturkey/21946 binancesignalsturkey/22001 binancesignalsturkey/22238 binancesignalsturkey/22262 binancesignalsturkey/22268 binancesignalsturkey/22397 binancesignalsturkey/22453 binancesignalsturkey/22518 binancesignalsturkey/22549 binancesignalsturkey/22613 binancesignalsturkey/22674 binancesignalsturkey/22735 binancesignalsturkey/22746 binancesignalsturkey/22882 binancesignalsturkey/23022 binancesignalsturkey/23306 binancesignalsturkey/23331 binancesignalsturkey/23560 binancesignalsturkey/23676 binancetacall/1356 binancetacall/1359 binancetrading360/12603 binancetradingfutures/5487 binancewhalepumps/86 bitco_novosti/1062 bitco_novosti/1077 bitco_novosti/1085 bitco_novosti/1094 bitco_novosti/1147 bitco_novosti/1171 bitco_novosti/1275 bitco_novosti/1437 bitco_novosti/1460 bitco_novosti/1470 bitco_novosti/1478 bitco_novosti/1492 bitco_novosti/1556 bitco_novosti/1633 bitco_novosti/1664 bitco_novosti/1668 bitco_novosti/1764 bitco_novosti/1814 bitco_novosti/1860 bitco_novosti/1865 bitco_novosti/1873 bitco_novosti/1875 bitco_novosti/2168 bitco_novosti/2177 bitco_novosti/2221 bitco_novosti/2226 bitco_novosti/2296 bitco_novosti/2330 bitco_novosti/2355 bitco_novosti/2366 bitco_novosti/2421 bitco_novosti/809 bitco_novosti/817 bitco_novosti/821 bitco_novosti/851 bitco_novosti/863 bitco_novosti/875 bitco_novosti/880 bitco_novosti/888 bitco_novosti/901 bitco_novosti/904 bitco_novosti/907 bitco_novosti/910 bitco_novosti/913 bitco_novosti/921 bitco_novosti/924 bitco_novosti/927 bitcoin_crypto_signals/1031 bitcoin_crypto_signals/838 bitcoin_crypto_signals/857 bitcoin_group_one/2509 bitcoinbravado/1322 bitcoinbravado/1323 bitcoinbravado/1324 bitcoinbravado/1325 bitcoinbravado/1326 bitcoinbravado/1327 bitcoinbravado/1328 bitcoinbravado/1329 bitcoinbravado/1330 bitcoinbravado/1331 bitcoinbravado/1332 bitcoinbravado/1333 bitcoinbravado/1334 bitcoinbravado/1335 bitcoinbravado/1336 bitcoinbravado/1337 bitcoinbravado/1338 bitcoinbravado/1339 bitcoinbravado/1340 bitcoinbravado/1341 bitcoinbravado/1342 bitcoinbravado/1343 bitcoinbravado/1344 bitcoinbravado/1346 bitcoinbravado/1348 bitcoinbravado/1349 bitcoinbravado/1353 bitcoinbravado/1354 bitcoinbravado/1357 bitcoinbravado/1358 bitcoinbravado/1359 bitcoinbravado/1361 bitcoinbravado/1363 bitcoinbravado/1365 bitcoinbravado/1366 bitcoinbravado/1367 bitcoinbravado/1368 bitcoinbravado/1369 bitcoinbravado/1370 bitcoinbravado/1371 bitcoinbravado/1372 bitcoinbravado/1373 bitcoinbravado/1374 bitcoinbravado/1380 bitcoinbravado/1392 bitcoinbravado/1399 bitcoinbravado/1412 bitcoinbravado/1423 bitcoinbravado/1432 bitcoinbravado/1433 bitcoinbravado/1440 bitcoinbravado/1441 bitcoinfather/2380 bitcoinfather/2381 bitcoinfather/2384 bitcoinfather/2385 bitcoinfather/2387 bitcoinfather/2391 bitcoinfather/2393 bitcoinwizard1/3973 bitcoinwizard1/3982 bitcoinwizard1/3995 bitcoinwizard1/4007 bitcoinwizard1/4015 bitcoinwizard1/4021 bitcoinwizard1/4030 bitcoinwizard1/4036 bitcoinwizard1/4039 bitcoinwizard1/4044 bitcoinwizard1/4045 bitcoinwizard1/4054 bitcoinwizard1/4085 bitcoinwizard1/4091 bitcoinwizard1/4624 bitmex_binance_bitmex/37818 bitmexbinancewhalessignals/2418 bitmexbinancewhalessignals/2446 bitmexbinancewhalessignals/2484 bitmexbinancewhalessignals/2497 bitmexbinancewhalessignals/2879 bitmexbinancewhalessignals/3423 bitmexbinancewhalessignals/3506 bitmexbinancewhalessignals/3532 bitmexbinancewhalessignals/3543 bitmexbinancewhalessignals/3828 bitmexbinancewhalessignals/3870 bitmexbinancewhalessignals/3926 bitmexbull1/12311 bitmexbull1/12357 bitmexbull1/12728 bitmexbull1/13870 bitmexbull1/15528 bitmexbull1/16539 bitmexbull1/17925 bitmexbull1/19196 bitmexbull1/19807 bitmexbull1/19925 bitmexbull1/20378 bitmexbull1/21095 bitmexbull1/2253 bitmexbull1/6497 bitmexbull1/6675 bitmexbull1/6744 bitmexbull1/6760 bitmexbull1/7658 bitmexbull1/7682 bitmexcourses/1016 bitmexcourses/1043 bitmexcourses/1070 bitmexcourses/1094 bitmexcourses/1417 bitmexcourses/1422 bitmexcourses/1525 bitmexcourses/1567 bitmexcourses/1575 bitmexcourses/1595 bitmexcourses/1633 bitmexcourses/1672 bitmexcourses/1682 bitmexcourses/1772 bitmexcourses/1829 bitmexcourses/1882 bitmexcourses/1989 bitmexcourses/2061 bitmexcourses/2114 bitmexcourses/2123 bitmexcourses/2127 bitmexcourses/2185 bitmexcourses/2325 bitmexcourses/2449 bitmexcourses/2599 bitmexcourses/2722 bitmexcourses/2758 bitmexcourses/3066 bitmexcourses/3129 bitmexcourses/3171 bitmexcourses/3237 bitmexcourses/3276 bitmexcourses/3419 bitmexcourses/3470 bitmexcourses/3540 bitmexcourses/3548 bitmexcourses/3582 bitmexcourses/3663 bitmexcourses/3702 bitmexcourses/3714 bitmexcourses/3718 bitmexcourses/3778 bitmexcourses/3874 bitmexcourses/4003 bitmexcourses/4020 bitmexcourses/4273 bitmexcourses/4482 bitmexcourses/4483 bitmexcourses/4501 bitmexcourses/4551 bitmexcourses/4617 bitmexcourses/4618 bitmexcourses/4719 bitmexcourses/4725 bitmexcourses/4826 bitmexcourses/4845 bitmexcourses/4889 bitmexcourses/5044 bitmexcourses/5079 bitmexcourses/5101 bitmexcourses/5136 bitmexcourses/5150 bitmexcourses/5156 bitmexcourses/5194 bitmexcourses/5196 bitmexcourses/5239 bitmexcourses/999 bitmexxtrader/1465 bitmexxtrader/882 bittmextradingsignals/11561 bittmextradingsignals/13328 bittmextradingsignals/23361 bittmextradingsignals/24960 bittmextradingsignals/7533 bittrexsignals/16292 bittrexsignals/16587 bittrexsignals/17449 bittrexsignals/17503 bittrexxnews/20088 bittrexxnews/20090 bittrexxnews/20761 bittrexxnews/20848 bittrexxnews/21049 bittrexxnews/21066 bittrexxnews/21100 bittrexxnews/21128 bittrexxnews/21146 bittrexxnews/21162 bittrexxnews/21182 bittrexxnews/21286 bittrexxnews/21690 bittrexxnews/24348 bittrexxnews/25377 bittrexxnews/25743 bittrexxnews/25880 blackstonesignals/1758 blackstonesignals/1761 blackstonesignals/1763 blackstonesignals/1765 blackstonesignals/1778 blackstonesignals/1779 blackstonesignals/1780 blackstonesignals/1784 blackstonesignals/1796 blackstonesignals/1797 blackstonesignals/1798 blackstonesignals/1808 blackstonesignals/1809 blackstonesignals/1810 blackstonesignals/1813 blackstonesignals/1814 blackstonesignals/1816 blackstonesignals/1818 blackstonesignals/1819 blackstonesignals/1822 blackstonesignals/1823 blackstonesignals/1824 blackstonesignals/1825 blackstonesignals/1829 blackstonesignals/1834 blackstonesignals/1835 blackstonesignals/1836 blackstonesignals/1848 blackstonesignals/1855 blackstonesignals/1861 blackstonesignals/2250 blackstonesignals/2267 blackstonesignals/2316 blackstonesignals/2397 blockbitnews/793 blockbitnews/796 blockchaingerman/3043 blockchaingerman/3046 blockchaingerman/3048 blockchaingerman/3081 blockchaingerman/3085 blockchaingerman/3110 blockchaingerman/3223 blockchaingerman/3249 blockchaingerman/3338 blockchaingerman/3365 blockchaingerman/3366 blockchaingerman/3415 blockchaingerman/3425 blockchaingerman/3501 blockchaingerman/3543 blockchaingerman/3584 blockchaingerman/3595 blockchaingerman/3596 blockchaingerman/3597 blockchaingerman/3601 blockchainlife_official/17315 blockchainlife_official/17327 blockchainlife_official/17336 blockchainlife_official/17337 blockchainlife_official/17340 blockchainlifeofficial blockchainlifeofficial/17302 blockchainusa_real/3037 blockchainusa_real/3346 blockchainusa_real/3570 blockchainusa_real/3590 blockchainusaofficial/4757 bootrade/1208 bootrade/1216 bootrade/1218 bootrade/1224 bootrade/1228 bootrade/1242 bootrade/1247 bootrade/1260 bootrade/1262 bootrade/1269 bootrade/1275 bootrade/1281 bootrade/1282 bootrade/1288 bootrade/1306 bootrade/1309 bootrader/1316 bootrader/1322 bootrader/1339 bootrader/1340 bootrader/1350 bootrader/1355 bosscrypto0/2451 bosscrypto0/2482 bosscrypto0/2567 bosscrypto0/3172 bosscrypto0/3733 bosscrypto0/4332 bosscrypto0/5705 bosscrypto0/6112 bosscrypto0/8102 botje11/2766 botje11/2814 botje11/2822 botje11/2839 botje11/2911 botje11/2924 botje11/2949 botje11/2957 botje11/2974 botje11/3015 botje11/3020 botje11/3021 botje11/3045 botje11/3049 botje11/3061 botje11/3088 botje11/3113 botje11/3125 botje11/3131 botje11/3132 botje11/3135 botje11/3150 botje11/3168 botje11/3228 botje11/3315 botje11/3392 botje11/3396 botje11/3412 botje11/3459 botje11/3461 botje11/3477 botje11/3499 botje11/3613 botje11/3634 botje11/3795 botje11/3807 botje11/3841 botje11/3860 botje11/3902 botje11/3919 botje11/3971 botje11/3989 botje11/4149 botje11/4158 botje11/4159 botje11/4210 botje11/4221 botje11/4281 botje11/4331 botje11/4334 botje11/4347 botje11/4351 botje11/4360 botje11/4479 botje11/4499 botje11/4506 botje11/4541 botje11/4569 botje11/4580 botje11/4595 botje11/4652 botje11/4707 botje11/4712 botje11/4744 break_impossible/9524 break_impossible/9598 bt_322/1457 btc2themoon/1313 btc2themoon/1333 btc2themoon/1349 btc2themoon/1351 btc2themoon/1382 btc_analytic/1000 btc_analytic/1006 btc_analytic/1022 btc_analytic/1023 btc_analytic/1026 btc_analytic/1028 btc_analytic/1033 btc_analytic/1035 btc_analytic/1043 btc_analytic/1052 btc_analytic/1090 btc_analytic/1098 btc_analytic/1101 btc_analytic/1111 btc_analytic/1132 btc_analytic/1134 btc_analytic/1138 btc_analytic/1144 btc_analytic/1164 btc_analytic/1167 btc_analytic/1180 btc_analytic/1184 btc_analytic/1186 btc_analytic/1187 btc_analytic/1195 btc_analytic/1206 btc_analytic/1241 btc_analytic/1272 btc_analytic/1319 btc_analytic/1323 btc_analytic/1332 btc_analytic/1334 btc_analytic/1339 btc_analytic/1342 btc_analytic/1354 btc_analytic/1355 btc_analytic/1359 btc_analytic/1379 btc_analytic/1391 btc_analytic/1404 btc_analytic/1406 btc_analytic/1414 btc_analytic/1415 btc_analytic/1416 btc_analytic/1419 btc_analytic/1420 btc_analytic/200 btc_analytic/205 btc_analytic/225 btc_analytic/232 btc_analytic/248 btc_analytic/257 btc_analytic/268 btc_analytic/271 btc_analytic/275 btc_analytic/282 btc_analytic/297 btc_analytic/322 btc_analytic/329 btc_analytic/331 btc_analytic/333 btc_analytic/338 btc_analytic/342 btc_analytic/343 btc_analytic/348 btc_analytic/357 btc_analytic/364 btc_analytic/381 btc_analytic/383 btc_analytic/386 btc_analytic/387 btc_analytic/397 btc_analytic/402 btc_analytic/428 btc_analytic/430 btc_analytic/432 btc_analytic/438 btc_analytic/441 btc_analytic/457 btc_analytic/465 btc_analytic/473 btc_analytic/476 btc_analytic/482 btc_analytic/491 btc_analytic/504 btc_analytic/515 btc_analytic/535 btc_analytic/537 btc_analytic/552 btc_analytic/579 btc_analytic/613 btc_analytic/618 btc_analytic/622 btc_analytic/632 btc_analytic/651 btc_analytic/655 btc_analytic/662 btc_analytic/671 btc_analytic/686 btc_analytic/687 btc_analytic/690 btc_analytic/695 btc_analytic/701 btc_analytic/708 btc_analytic/720 btc_analytic/723 btc_analytic/732 btc_analytic/733 btc_analytic/740 btc_analytic/741 btc_analytic/742 btc_analytic/758 btc_analytic/759 btc_analytic/781 btc_analytic/786 btc_analytic/792 btc_analytic/806 btc_analytic/824 btc_analytic/838 btc_analytic/850 btc_analytic/853 btc_analytic/855 btc_analytic/871 btc_analytic/873 btc_analytic/890 btc_analytic/892 btc_analytic/894 btc_analytic/896 btc_analytic/906 btc_analytic/917 btc_analytic/919 btc_analytic/936 btc_analytic/939 btc_analytic/941 btc_analytic/953 btc_analytic/959 btc_analytic/969 btc_analytic/999 btcevo/1514 btcevo/1519 btcevo/1590 btcevo/1632 btcevo/1649 btcevo/1675 btcevo/1697 btcevo/1711 btcevo/1883 btcevo/1893 btcevo/1904 btcevo/1986 btcevo/2381 btcevo/2505 btcevo/2524 btcevo/2551 btcevo/3134 btcevo/3146 btcevo/3186 btcevo/3600 btcevo/3653 btcevo/3751 btcevo/4180 btcevo/4850 btcevo/4988 btcevo/5045 btcevo/5491 btcevo/5679 btcevo/5934 btcmacd/2353 bullup/6680 bullup/6688 bullup/6728 bullup/6777 bullup/6793 bullup/6856 bullup/6930 bullup/6959 bullup/7050 bullup/7079 bullup/7102 bullup/7248 bullup/7294 bullup/7304 bullup/7360 bullup/7473 bvsbsignals/6697 bvsbsignals/6710 chartssignalstrading/1011 chartssignalstrading/1022 chartssignalstrading/1025 chartssignalstrading/1088 chartssignalstrading/1156 chartssignalstrading/1163 chartssignalstrading/1176 chartssignalstrading/1184 claytrading/1021 claytrading/1058 claytrading/1121 claytrading/1137 claytrading/1138 claytrading/1193 claytrading/1198 claytrading/1227 claytrading/1286 claytrading/1321 claytrading/1370 claytrading/1389 claytrading/1657 claytrading/1708 claytrading/1716 claytrading/1936 claytrading/2031 claytrading/2141 claytrading/2267 claytrading/2278 claytrading/2478 claytrading/2531 claytrading/2745 claytrading/2767 claytrading/2808 claytrading/2850 claytrading/2892 claytrading/2943 claytrading/2994 claytrading/3314 claytrading/3387 claytrading/3408 claytrading/3410 claytrading/3679 claytrading/3683 claytrading/3699 claytrading/3704 claytrading/3765 claytrading/3779 claytrading/3863 claytrading/3896 claytrading/3924 claytrading/3954 claytrading/3961 claytrading/3962 claytrading/4116 claytrading/4133 claytrading/4465 claytrading/4542 claytrading/4564 claytrading/4653 claytrading/4716 claytrading/496 claytrading/5014 claytrading/506 claytrading/509 claytrading/5192 claytrading/5330 claytrading/536 claytrading/5382 claytrading/5461 claytrading/553 claytrading/5556 claytrading/582 claytrading/586 claytrading/619 claytrading/654 claytrading/659 claytrading/661 claytrading/672 claytrading/673 claytrading/681 claytrading/694 claytrading/700 claytrading/729 claytrading/760 claytrading/799 claytrading/803 claytrading/823 claytrading/836 claytrading/838 claytrading/853 claytrading/880 claytrading/884 cmfree/1191 cmfree/538 cmfree/561 cmfree/569 cmfree/587 cmfree/590 cmfree/597 cnbtcag/151 cnbtcag/163 cnbtcag/175 cnbtcag/91 coin_signals/11719 coin_signals/12457 coin_trade/1520 coin_trade/1524 coin_trade/1527 coin_trade/1533 coin_trade/1534 coin_trade/1535 coin_trade/1542 coin_trade/1545 coin_trade/1548 coin_trade/1552 coin_trade/1562 coin_trade/1565 coin_trade/1570 coin_trade/1572 coin_trade/1574 coin_trade/1576 coincoachsignals/20988 coincoachsignals/21772 coincoachsignals/22345 coincoachsignals/22759 coincoachsignals/22783 coincoachsignals/23248 coincoachsignals/23819 coincoachsignals/23834 coincoachsignals/24315 coincoachsignals/24568 coincoachsignals/24633 coincoachsignals/24770 coincoachsignals/24774 coincoachsignals/24979 coincoachsignals/25008 coincoachsignals/25222 coincoachsignals/25255 coincoachsignals/25279 coincoachsignals/25402 coincoachsignals/25599 coincoachsignals/25611 coincoachsignals/25617 coincoachsignals/25621 coincoachsignals/25692 coincoachsignals/25777 coincoachsignals/25839 coincoachsignals/26116 coincoachsignals/26379 coincoachsignals/26446 coincoachsignals/27174 coincoachsignals/27259 coincoachsignals/27273 coincoachsignals/27568 coincoachsignals/27604 coincoachsignals/27736 coincoachsignals/27782 coincoachsignals/27851 coincoachsignals/27870 coincoachsignals/27971 coincoachsignals/28007 coincoachsignals/28044 coincoachsignals/28235 coincoachsignals/28459 coincoachsignals/28631 coincoachsignals/28808 coincoachsignals/28860 coincoachsignals/29471 coincoachsignals/29528 coincoachsignals/29548 coincoachsignals/29573 coincoachsignals/29878 coinguru1113/8193 coinguru1113/8269 coinguru1113/8419 coinguru1113/8421 coinguru1113/8432 coinguru1113/8457 coinguru1113/8476 coinguru1113/8482 coinguru1113/8546 coinguru1113/8769 coinguru1113/9322 coinguru1113/9460 coinguru1113/9588 coinmatics_signals/21 cointrad/17289 cointrad/17309 cointrad/17328 cointrad/17366 cointrad/17370 cointrad/17375 cointrad/17380 cointrad/17413 cointrad/17418 cointrad/17419 cointrad/17461 cointrad/17467 cointrad/17472 cointrad/17476 cointrad/17483 cointrad/17493 cointrad/17501 cointrad/17709 cointrad/17713 cointrad/17717 cointrad/17720 cointrad/17727 cointrad/17730 cointrad/17749 cointrad/17753 cointrad/17757 cointrad/17765 cointrad/17770 cointrad/17771 cointrad/17795 cointrad/17797 cointrad/17804 cointrad/17832 cointrad/17844 cointrad/17856 cointrad/17863 cointrad/17892 cointrad/17896 cointrad/17901 cointradeingplatform/16558 cointradeingplatform/17024 cointradeingplatform/17358 cointradeingplatform/20736 cointradeingplatform/22572 cointradeingplatform/31489 cointradeingplatform/31689 cointradeingplatform/35107 cointrads/10840 cointrads/11001 cointrads/11182 cointrads/11221 cointreding/15912 cointreding/15936 cointreding/15961 cointreding/16015 coinwhisperers/6500 coinwhisperers/6510 coinwhisperers/6533 coinwhisperers/6546 coinwhisperers/6650 coinwhisperers/6847 coinwhisperers/6902 coinwhisperers/6921 coinwhisperers/6947 coinwhisperers/7436 coinwhisperers/7620 coinwhisperers/8269 coinwhisperers/8384 coinwhisperers/8489 coinwhisperers/8509 coinwhisperers/8521 coinwhisperers/8697 coinwhisperers/9058 coinwhisperers/9121 coinwhisperers/9292 coinwhisperers/9457 coinwhisperers/9606 coinwhisperers/9612 coinwhisperers/9750 coinwhisperers/9790 coinwhisperers/9794 coinwhisperers/9817 comparecrypto/14707 comparecrypto/15165 cornixsignalstop1/5888 cornixsignalstop1/6238 craftcrypto/654 craftcrypto/745 craftcrypto/899 craftcrypto/901 craftcrypto/906 craftcrypto/907 craftcrypto/909 craftcrypto/911 craftcrypto/913 craftcrypto/914 craftcrypto/917 craftcrypto/918 craftcrypto/919 craftcrypto/921 craftcrypto/922 craftcrypto/923 craftcrypto/924 craftcrypto/926 craftcrypto/927 craftcrypto/928 craftcrypto/932 craftcrypto/933 craftcrypto/937 craftcrypto/940 creativesignals/15486 creativesignals/17679 creativesignals/18029 creativesignals/19219 creativesignals/19645 crypt0_trading_signals/4896 crypt0_trading_signals/5605 crypt0_trading_signals/6096 crypt0_trading_signals/6376 crypt0_trading_signals/6966 crypt0pasta crypto_alfa_signal/27288 crypto_alfa_signal/27481 crypto_alfa_signal/29155 crypto_an/573 crypto_an/575 crypto_an/580 crypto_an/581 crypto_an/585 crypto_an/586 crypto_an/590 crypto_an/592 crypto_an/593 crypto_an/594 crypto_an/596 crypto_an/597 crypto_an/598 crypto_an/602 crypto_an/603 crypto_an/605 crypto_an/610 crypto_an/613 crypto_an/614 crypto_an/615 crypto_an/619 crypto_an/620 crypto_an/621 crypto_an/622 crypto_an/623 crypto_an/625 crypto_an/634 crypto_analysis_news/21877 crypto_bull_signal/3495 crypto_bull_signal/3565 crypto_bull_signal/3566 crypto_bull_signal/3578 crypto_bull_signal/3610 crypto_busy/1416 crypto_busy/1418 crypto_busy/1473 crypto_busy/1551 crypto_busy/1584 crypto_busy/1708 crypto_busy/1787 crypto_busy/1847 crypto_busy/1857 crypto_busy/1947 crypto_busy/1982 crypto_busy/1985 crypto_busy/1990 crypto_busy/1999 crypto_busy/2052 crypto_busy/2055 crypto_busy/2107 crypto_busy/2116 crypto_busy/2144 crypto_busy/2162 crypto_busy/2195 crypto_busy/2267 crypto_busy/2567 crypto_busy/2611 crypto_busy/2624 crypto_busy/2662 crypto_busy/2827 crypto_busy/3018 crypto_busy/3074 crypto_busy/3101 crypto_busy/3128 crypto_busy/3129 crypto_busy/3163 crypto_busy/3188 crypto_busy/3243 crypto_busy/3274 crypto_busy/3430 crypto_busy/3458 crypto_busy/3544 crypto_carpool/3092 crypto_experti/2415 crypto_experti/2418 crypto_experti/2420 crypto_experti/2424 crypto_experti/2426 crypto_experti/2432 crypto_futur_vip/13139 crypto_futur_vip/13253 crypto_futur_vip/13385 crypto_futur_vip/13553 crypto_futur_vip/13649 crypto_futur_vip/13741 crypto_futur_vip/13832 crypto_futures_trading/256 crypto_futures_trading/384 crypto_futures_trading/439 crypto_god_father/1081 crypto_god_father/1304 crypto_god_father/1362 crypto_god_father/1736 crypto_god_father/2584 crypto_god_father/3188 crypto_god_father/972 crypto_hedger/296 crypto_hedger/319 crypto_hedger/321 crypto_hedger/342 crypto_hedger/349 crypto_hedger/359 crypto_hedger/388 crypto_hedger/394 crypto_hedger/419 crypto_hedger/430 crypto_hedger/470 crypto_intl/4257 crypto_lexdam/15945 crypto_lexdam/15969 crypto_lexdam/16210 crypto_lexdam/16783 crypto_lexdam/16787 crypto_lexdam/16930 crypto_lexdam/17638 crypto_lexdam/17837 crypto_lexdam/17839 crypto_lexdam/18001 crypto_lexdam/18048 crypto_lions/33495 crypto_lis/115 crypto_mozart/2261 crypto_mozart/2262 crypto_mozart/2266 crypto_mozart/2267 crypto_mozart/2272 crypto_mozart/2274 crypto_mozart/2277 crypto_mozart/2279 crypto_mozart/2281 crypto_mozart/2295 crypto_mozart/2303 crypto_mozart/2343 crypto_mozart/2351 crypto_mozart/2366 crypto_nomad/12965 crypto_nomad/13000 crypto_nomad/13060 crypto_nomad/13208 crypto_nomad/13235 crypto_nomad/13253 crypto_obsession/1603 crypto_obsession/1665 crypto_obsession/1743 crypto_obsession/1841 crypto_obsession/1941 crypto_obsession/1974 crypto_obsession/2050 crypto_panthers/3540 crypto_panthers/3684 crypto_panthers/3719 crypto_panthers/3806 crypto_panthers/3822 crypto_panthers/3827 crypto_panthers/3837 crypto_panthers/4238 crypto_powersignals/3217 crypto_sunrise/4308 crypto_swings/10636 crypto_t_a/1574 crypto_t_a/1684 crypto_t_a/1697 crypto_t_a/1799 crypto_t_a/2031 crypto_t_a/2101 crypto_t_a/2128 crypto_t_a/2187 crypto_t_a/2219 crypto_t_a/2403 crypto_t_a/2425 crypto_t_a/2443 crypto_t_a/2495 crypto_t_a/2672 crypto_t_a/2780 crypto_t_a/2841 crypto_t_a/2896 crypto_t_a/2928 crypto_t_a/3031 crypto_t_a/3039 crypto_t_a/3051 crypto_t_a/3428 crypto_t_a/3560 crypto_t_a/678 crypto_tigers/26676 crypto_tigers/28397 crypto_tigers1/33303 crypto_tigers1/33480 crypto_tigers1/33494 crypto_tigers1/33641 crypto_tigers1/34348 crypto_tigers1/34601 crypto_tigers1/34697 crypto_tigers1/34701 crypto_tigers1/34750 crypto_tigers1/35169 crypto_tigers1/35367 crypto_tigers1/35521 crypto_tigers1/36317 crypto_tigers1/36414 crypto_tigers1/36569 crypto_tigers1/37285 crypto_tigers1/37350 crypto_tigers1/37362 crypto_tigers1/37376 crypto_tigers1/37462 crypto_tigers1/37489 crypto_tigers1/37631 crypto_tigers1/37632 crypto_tigers1/37744 crypto_tigers1/37751 crypto_tigers1/38320 crypto_tigers1/38566 crypto_tigers1/38881 crypto_tigers1/39279 crypto_tigers1/39559 crypto_tigers1/39613 crypto_tigers1/39702 crypto_tigers1/39786 crypto_tigers1/39848 crypto_tigers1/39859 crypto_tigers1/39901 crypto_tigers1/40673 crypto_tigers1/40759 crypto_tigers1/40973 crypto_tigers1/40991 crypto_tigers1/41049 crypto_tigers1/41075 crypto_tigers1/41232 crypto_tigers1/41239 crypto_tigers1/41266 crypto_tigers1/41590 crypto_tigers21/30104 crypto_trader_official/6413 crypto_traderr/4414 crypto_traderr/4533 crypto_traderr/4825 crypto_tradersss/21154 crypto_tradersss/21180 crypto_tradersss/21283 crypto_tradersss/21343 crypto_tradersss/21487 crypto_tradersss/21552 crypto_tradersss/21599 crypto_tradersss/21642 crypto_tradersss/21686 crypto_tradersss/21806 crypto_tradersss/21811 crypto_tradersss/22263 crypto_tradersss/22508 crypto_tradersss/22547 crypto_tradersss/22778 crypto_tradersss/22835 crypto_tradersss/22892 crypto_tradersss/23000 crypto_tradersss/23003 crypto_tradersss/23035 crypto_tradersss/23101 crypto_tradersss/23149 crypto_tradersss/23173 crypto_tradersss/23241 crypto_tradersss/23289 crypto_tradersss/23298 crypto_tradersss/23299 crypto_tradingsignal/16711 crypto_tradingsignal/16793 crypto_tradingsignal/16840 crypto_tradingsignal/16866 crypto_tradingsignal/16884 crypto_tradingsignal/16932 crypto_tradingsignal/16934 crypto_tradingsignal/17047 crypto_whales_signals/13512 crypto_whales_signals/9216 crypto_world_signalss/18417 crypto_world_signalss/18478 crypto_world_signalss/18489 crypto_world_signalss/18508 crypto_world_signalss/18528 crypto_world_signalss/18670 cryptoadviser/1185 cryptoadviser/1206 cryptoadviser/1209 cryptoadviser/1210 cryptoadviser/1211 cryptoadviser/1218 cryptoadviser/1225 cryptoadviser/1227 cryptoaimschannel/1323 cryptoaimschannel/1422 cryptoaimschannel/1552 cryptoaimschannel/1577 cryptoaimschannel/714 cryptoaimschannel/819 cryptoangelsuk/1226 cryptoangelsuk/1234 cryptoangelsuk/1328 cryptoangelsuk/1411 cryptoangelsuk/1414 cryptoangelsuk/1430 cryptoangelsuk/1484 cryptoangelsuk/1497 cryptoangelsuk/1508 cryptoangelsuk/1521 cryptoangelsuk/1641 cryptoangelsuk/1687 cryptoangelsuk/1698 cryptoangelsuk/1764 cryptoangelsuk/1879 cryptoangelsuk/1884 cryptoangelsuk/1919 cryptoangelsuk/1980 cryptoangelsuk/2020 cryptoangelsuk/2039 cryptoangelsuk/2049 cryptoangelsuk/2105 cryptoangelsuk/2108 cryptoangelsuk/2147 cryptoangelsuk/2174 cryptoangelsuk/2258 cryptoangelsuk/2328 cryptoangelsuk/2405 cryptoangelsuk/2433 cryptoangelsuk/2466 cryptoangelsuk/2502 cryptoangelsuk/2548 cryptoangelsuk/2707 cryptoangelsuk/2716 cryptoangelsuk/2726 cryptoangelsuk/2764 cryptoangelsuk/2791 cryptoangelsuk/2794 cryptoangelsuk/2837 cryptoangelsuk/2851 cryptoangelsuk/2858 cryptoangelsuk/2871 cryptoangelsuk/2887 cryptoangelsuk/2902 cryptoangelsuk/3108 cryptoangelsuk/3192 cryptoangelsuk/3318 cryptoangelsuk/3547 cryptoangelsuk/3550 cryptoangelsuk/3565 cryptoangelsuk/3584 cryptoangelsuk/3595 cryptoangelsuk/3601 cryptoangelsuk/3637 cryptoangelsuk/3638 cryptoangelsuk/3660 cryptoarchiv/1485 cryptoarchiv/1658 cryptoarchiv/1678 cryptoarchiv/1745 cryptoarchiv/1946 cryptoarchiv/4286 cryptoarchiv/608 cryptobkingdom/539 cryptobullet/6009 cryptobullet/6010 cryptobullet/6017 cryptobullet/6018 cryptobullet/6023 cryptobullet/6026 cryptobullet/6027 cryptobullet/6028 cryptobullet/6029 cryptobullet/6030 cryptobullet/6034 cryptobullet/6043 cryptobullet/6051 cryptobullet/6067 cryptobullet/6068 cryptobullet/6086 cryptobullet/6101 cryptobullet/6113 cryptobullet/6117 cryptobullet/6124 cryptobullet/6150 cryptobullet/6216 cryptobullet/6258 cryptobullet/6286 cryptobullet/6308 cryptobullet/6323 cryptobullet/6339 cryptobullet/6349 cryptobullet/6399 cryptobullet/6418 cryptobullet/6464 cryptobullet/6481 cryptobullet/6496 cryptobullet/6497 cryptobullet/6559 cryptobullet/6576 cryptobullet/6826 cryptobullet/6909 cryptobullet/6914 cryptobullet/6952 cryptobullet/7016 cryptobullet/7026 cryptobullet/7100 cryptobullet/7102 cryptobullet/7122 cryptobullet/7326 cryptobullet/7336 cryptobullet/7406 cryptobullet/7449 cryptobullet/7462 cryptobullet/7529 cryptobullet/7551 cryptobullet/7569 cryptobullet/7590 cryptobullet/7712 cryptobullet/7854 cryptobullet/7874 cryptobullet/7900 cryptobullet/7950 cryptobullet/7953 cryptobullet/8025 cryptobullet/8026 cryptobullet/8044 cryptobullet/8057 cryptobullet/8077 cryptobullet/8200 cryptobullet/8224 cryptobullet/8297 cryptobullet/8313 cryptobullet/8353 cryptobullet/8358 cryptobullet/8389 cryptobullet/8409 cryptobullet/8418 cryptobullet/8499 cryptobullet/8507 cryptobullet/8550 cryptobullet/8626 cryptobullet/8627 cryptobullet/8642 cryptobullet/8694 cryptobullet/8735 cryptobullet/8818 cryptobullet/8882 cryptobullet/8987 cryptobullet/9198 cryptobullet/9206 cryptobullet/9221 cryptobullet/9249 cryptobullet/9254 cryptobullet/9281 cryptocaptain1/5545 cryptocaptain1/5784 cryptocaptain1/5928 cryptocaptain1/5998 cryptocaptain1/6076 cryptocaptain1/6107 cryptocaptain1/6283 cryptocaptain1/6443 cryptocaptain1/7028 cryptocaptain1/7376 cryptocaptain1/8057 cryptocatreal/1985 cryptochanel029e/5139 cryptochanel029e/5919 cryptoclasssssics/2091 cryptocoincoach/12731 cryptocoincoach/15364 cryptocoincoach/15789 cryptocoincoach/15941 cryptocoincoach/16186 cryptocoinscoach/16258 cryptocoinscoach/16319 cryptocoinscoach/16356 cryptocoinscoach/16531 cryptocoinscoach/16712 cryptocoinscoach/16887 cryptocoinscoach/17063 cryptocoinscoach/17331 cryptocoinscoach/17683 cryptocoinscoach/17691 cryptocoinscoach/17751 cryptocoinscoach/18523 cryptocoinscoach/18664 cryptocoinscoach/18731 cryptocoinscoach/19075 cryptocoinscoach/19251 cryptocoinscoach/19472 cryptocoinscoach/19576 cryptocoinscoach/19608 cryptocoinscoach/19674 cryptocoinscoach/19791 cryptocoinscoach/19809 cryptocoinscoach/19908 cryptocoinscoach/19925 cryptocoinscoach/19999 cryptocoinscoach/21051 cryptocoinscoach/21315 cryptocoinscoach/21463 cryptocoinscoach/21540 cryptocoinscoach/22490 cryptocoinscoach/22587 cryptocoinscoach/23202 cryptocoinscoach/23285 cryptocoinscoach/23624 cryptocoinscoach/25405 cryptocoinscoach/25781 cryptocoinscoach/29381 cryptocoinscoach/30455 cryptoconsulting/1012 cryptoconsulting/1018 cryptoconsulting/906 cryptoconsulting/911 cryptoconsulting/912 cryptoconsulting/919 cryptocove/2182 cryptocove/2225 cryptocove/2327 cryptocove/2328 cryptocove/2364 cryptocove/2379 cryptocove/2439 cryptocove/2491 cryptocove/2493 cryptocove/2576 cryptocove/2588 cryptocove/2609 cryptocove/2623 cryptocove/2643 cryptocove/2666 cryptocove/2669 cryptocove/2678 cryptocove/2720 cryptocove/2733 cryptocove/2780 cryptocove/2820 cryptocove/2821 cryptocove/2832 cryptocove/2888 cryptocove/2892 cryptocove/2916 cryptocove/2921 cryptocove/2927 cryptocove/2934 cryptocove/2935 cryptocove/3032 cryptocove/3071 cryptocove/3118 cryptocove/3125 cryptocove/3175 cryptocove/3190 cryptocove/3264 cryptocove/3328 cryptocove/3352 cryptocove/3354 cryptocove/3359 cryptocove/3378 cryptocove/3405 cryptocove/3443 cryptocove/3444 cryptocove/3483 cryptocove/3488 cryptocove/3502 cryptocove/3510 cryptocove/3515 cryptocove/3527 cryptocove/3554 cryptocove/3557 cryptocove/3592 cryptocove/3595 cryptocove/3616 cryptocove/3642 cryptocove/3659 cryptocove/3696 cryptocove/3775 cryptocove/3839 cryptocove/3845 cryptocove/3855 cryptocove/3963 cryptocove/4033 cryptocove/4083 cryptocove/4088 cryptocove/4150 cryptocove/4244 cryptocove/4298 cryptocove/4320 cryptocove/4346 cryptocove/4364 cryptocove/4377 cryptocove/4404 cryptocove/4417 cryptocove/4431 cryptocove/4442 cryptocove/4480 cryptocove/4484 cryptocove/4492 cryptocove/4500 cryptocove/4520 cryptocove/4528 cryptocove/4541 cryptocove/4547 cryptocove/4566 cryptocove/4575 cryptocove/4590 cryptocove/4596 cryptocove/4600 cryptocove/4611 cryptocove/4620 cryptocove/4645 cryptocove/4676 cryptocove/4711 cryptocove/4741 cryptocove/4744 cryptocove/4758 cryptocove/4848 cryptocove/4872 cryptocove/4881 cryptocove/4938 cryptocove/4939 cryptocove/4955 cryptocove/4961 cryptocove/4973 cryptocove/4997 cryptocove/5039 cryptocove/5048 cryptocove/5074 cryptocove/5079 cryptocove/5087 cryptocove/5101 cryptocove/5104 cryptocove/5142 cryptocove/5196 cryptocove/5225 cryptocove/5260 cryptocove/5283 cryptocove/5306 cryptocove/5315 cryptocove/5375 cryptocove/5406 cryptocove/5431 cryptocove/5437 cryptocove/5455 cryptocove/5470 cryptocove/5472 cryptocove/5486 cryptocove/5488 cryptocove/5513 cryptocove/5521 cryptocove/5532 cryptocove/5540 cryptocove/5582 cryptocove/5583 cryptocove/5591 cryptocove/5617 cryptocove/5635 cryptocove/5702 cryptocove/5743 cryptocove/5745 cryptocove/5748 cryptocove/5783 cryptocove/5867 cryptocove/5875 cryptocove/5910 cryptocove/5973 cryptocove/5983 cryptocove/5998 cryptocove/6022 cryptocove/6028 cryptocove/6032 cryptocove/6050 cryptocove/6083 cryptocove/6200 cryptocrowntm/4691 cryptocrowntm/4730 cryptocrowntm/5214 cryptocrowntm/5294 cryptocrowntm/5326 cryptocrowntm/5347 cryptocrowntm/5392 cryptodaytrading2/2170 cryptodaytrading2/2560 cryptodaytrading3/1307 cryptodaytrading3/1468 cryptodaytrading3/1480 cryptodaytrading3/1489 cryptodaytrading3/1617 cryptodaytrading3/1690 cryptodaytrading3/1747 cryptodaytrading3/1762 cryptodiverssignals/3934 cryptodiverssignals/3956 cryptodiverssignals/4091 cryptodiverssignals/4116 cryptodiverssignals/4234 cryptodiverssignals/4236 cryptodiverssignals/4326 cryptodiverssignals/4349 cryptodiverssignals/4354 cryptodiverssignals/4375 cryptodiverssignals/4408 cryptodiverssignals/4440 cryptodiverssignals/4442 cryptodiverssignals/4447 cryptodiverssignals/4495 cryptodiverssignals/4514 cryptodiverssignals/4533 cryptodiverssignals/4536 cryptodiverssignals/4638 cryptodiverssignals/4650 cryptodiverssignals/4673 cryptodiverssignals/4703 cryptodiverssignals/4744 cryptodiverssignals/4786 cryptodiverssignals/4904 cryptodiverssignals/4989 cryptodiverssignals/5017 cryptodiverssignals/5024 cryptodiverssignals/5038 cryptodiverssignals/5044 cryptoeaglee/4557 cryptoeaglee/5686 cryptoeaglee/5907 cryptoeaglee/6094 cryptoeaglee/6097 cryptoeaglee/6205 cryptoeaglee/6208 cryptoeaglee/6222 cryptoeaglee/6342 cryptoeaglee/6379 cryptoeaglee/6515 cryptoeaglee/6520 cryptoeaglee/6522 cryptoeaglee/6524 cryptoeaglee/6544 cryptoeaglee/6604 cryptoeaglee/6606 cryptoeaglee/6643 cryptoeaglee/6651 cryptoeaglee/6685 cryptoeaglee/6695 cryptoeaglee/6794 cryptoeaglee/6806 cryptoeaglee/6829 cryptoeaglee/6846 cryptoeaglee/6867 cryptoeaglee/6903 cryptoeaglee/6911 cryptoeaglee/6912 cryptoeaglee/6949 cryptoeaglee/6954 cryptoeaglee/6963 cryptoeaglee/6989 cryptoeaglee/6990 cryptoeaglee/7055 cryptoeaglee/7064 cryptoeaglee/7081 cryptoeaglee/7083 cryptoeaglee/7113 cryptoeaglee/7118 cryptoeaglee/7126 cryptoeaglee/7147 cryptoeaglee/7165 cryptoeaglee/7188 cryptoeaglee/7223 cryptoeaglee/7224 cryptoeaglee/7244 cryptoeaglee/7309 cryptoeaglee/7345 cryptoeaglee/7393 cryptoeaglee/7421 cryptoease/10001 cryptoease/10127 cryptoease/11211 cryptoease/11924 cryptoease/13441 cryptoease/13499 cryptoease/4976 cryptoease/5149 cryptoease/5179 cryptoease/5410 cryptoease/5442 cryptoease/5461 cryptoease/5528 cryptoease/5665 cryptoease/5812 cryptoease/6153 cryptoease/6351 cryptoease/6728 cryptoease/7158 cryptoease/7196 cryptoease/7211 cryptoease/7320 cryptoease/7403 cryptoease/7540 cryptoease/7570 cryptoease/7666 cryptoease/7675 cryptoease/7758 cryptoease/8177 cryptoease/8644 cryptoease/8650 cryptoease/9668 cryptoease/9703 cryptoease/9774 cryptoease/9797 cryptoease/9902 cryptoease/9956 cryptoempire_signal/28788 cryptoempire_signal/28813 cryptoempire_signal/28853 cryptoempire_signal/28873 cryptoempire_signal/29110 cryptoempire_signal/29160 cryptoempire_signal/29165 cryptoempire_signal/29420 cryptoempire_signal/29547 cryptoempire_signal/29549 cryptoempire_signal/29901 cryptoempire_signal/30293 cryptoempire_signal/30344 cryptoempire_signal/31103 cryptoempire_signal/31146 cryptoempire_signal/31547 cryptoempire_signal/32937 cryptoempire_signal/33011 cryptoempire_signal/33041 cryptoempire_signal/33153 cryptoempire_signal/33757 cryptoempire_signal/33934 cryptoempire_signal/34357 cryptoempire_signal/34573 cryptoempire_signal/34730 cryptoempire_signal/34731 cryptoempire_signal/34747 cryptoempire_signal/34967 cryptoempire_signal/34974 cryptoexpertsignals/4465 cryptoexpertsignals/4466 cryptoexpertsignals/4468 cryptoexpertsignals/4470 cryptoexpertsignals/4472 cryptoexpertsignals/4478 cryptoexpertsignals/4479 cryptoexpertsignals/4483 cryptoexpertsignals/4497 cryptoexpertsignals/4499 cryptoexpertsignals/4509 cryptoexpertsignals/4510 cryptoexpertsignals/4511 cryptoexpertsignals/4512 cryptoexpertsignals/4513 cryptoexpertsignals/4514 cryptoexpertsignals/4519 cryptoexpertsignals/4522 cryptoexpertsignals/4525 cryptoexpertsignals/4529 cryptoexpertsignals/4531 cryptoexpertsignals/4532 cryptoexpertsignals/4533 cryptoexpertsignals/4536 cryptoexpertsignals/4543 cryptoexpertsignals/4546 cryptoexpertsignals/4556 cryptoexpertsignals/4576 cryptoexpertsignals/4581 cryptoexpertsignals/4604 cryptoexpertsignals/4605 cryptoexpertsignals/4609 cryptoexpertsignals/4680 cryptoexpertsignals/4684 cryptoexpertsignals/4685 cryptoexpertsignals/4687 cryptoexpertsignals/4688 cryptoexpertsignals/4738 cryptoexpertsignals/4754 cryptoexpertsignals/4761 cryptoexpertsignals/4799 cryptoexpertsignals/4811 cryptoexpertsignals/4823 cryptoexpertsignals/4833 cryptoexpertsignals/4873 cryptoexpertsignals/4951 cryptoexpertsignals/4953 cryptoexpertsignals/4960 cryptoexpertsignals/4970 cryptoexpertsignals/4981 cryptoexpertsignals/4989 cryptoexpertsignals/5007 cryptoexpertsignals/5033 cryptoexpertsignals/5057 cryptoexpertsignals/5065 cryptoexpertsignals/5070 cryptoexpertsignals/5094 cryptoexpertsignals/5095 cryptoexpertsignals/5106 cryptoexpertsignals/5122 cryptoexpertsignals/5125 cryptoexpertsignals/5126 cryptoexpertsignals/5162 cryptoexpertsignals/5223 cryptoexpertsignals/5253 cryptoexpertsignals/5283 cryptoexpertsignals/5383 cryptoexpertsignals/5397 cryptoexpertsignals/5404 cryptoexpertsignals/5553 cryptoexpertsignals/5554 cryptoexpertsignals/5684 cryptoexpertsignals/5792 cryptoexpertsignals/5864 cryptoexpertsignals/5895 cryptoexpertsignals/5900 cryptoexpertsignals/6162 cryptoexpertsignals/6216 cryptoexpertsignals/6233 cryptoexpertsignals/6441 cryptoexpertsignals/6487 cryptoexpertsignals/6498 cryptoexpertsignals/6513 cryptoexpertsignals/6520 cryptoexpertstradings/1945 cryptoexpertstradings/1974 cryptoexpertstradings/1976 cryptofreesignal/10100 cryptofreesignal/10196 cryptofreesignal/10239 cryptofreesignal/10285 cryptofreesignal/7925 cryptofreesignal/8577 cryptofreesignal/8633 cryptofreesignal/8727 cryptofreesignal/9024 cryptofreesignal/9565 cryptofreesignal/9889 cryptogurusignal/8168 cryptogurusignal/8604 cryptogurusignals1/28588 cryptohacks/1747 cryptohacks/1748 cryptohacks/1749 cryptohacks/1751 cryptohacks/1752 cryptohacks/1754 cryptohacks/1756 cryptohacks/1757 cryptohacks/1760 cryptohacks/1763 cryptohacks/1764 cryptohacks/1770 cryptohacks/1772 cryptohacks/1777 cryptohacks/1783 cryptohacks/1790 cryptohacks/1795 cryptohedgerio/6281 cryptohedgerio/6389 cryptoherota/7373 cryptoherota/8298 cryptoherota/9452 cryptohub_bitcoin/6245 cryptohusky/1059 cryptohusky/130 cryptohusky/1360 cryptohusky/1367 cryptohusky/1418 cryptohusky/1423 cryptohusky/1450 cryptohusky/1451 cryptohusky/1691 cryptohusky/1825 cryptohusky/1843 cryptohusky/185 cryptohusky/1888 cryptohusky/1922 cryptohusky/1972 cryptohusky/2003 cryptohusky/2083 cryptohusky/2360 cryptohusky/2546 cryptohusky/260 cryptohusky/2610 cryptohusky/2653 cryptohusky/293 cryptohusky/3099 cryptohusky/3178 cryptohusky/3195 cryptohusky/3537 cryptohusky/3554 cryptohusky/3560 cryptohusky/3757 cryptohusky/3768 cryptohusky/3771 cryptohusky/3802 cryptohusky/3815 cryptohusky/3821 cryptohusky/3862 cryptohusky/459 cryptohusky/544 cryptohusky/673 cryptohusky/866 cryptohusky/889 cryptohusky/914 cryptohusky/938 cryptohusky/962 cryptohusky/999 cryptoinversionistas/15837 cryptokach/1001 cryptokach/1005 cryptokach/1009 cryptokach/1011 cryptokach/1018 cryptokach/1020 cryptokach/1029 cryptokach/1030 cryptokach/1036 cryptokach/1039 cryptokach/1043 cryptokach/1046 cryptokach/1050 cryptokach/1053 cryptokach/1057 cryptokach/1059 cryptokach/1066 cryptokach/1068 cryptokach/1069 cryptokach/1071 cryptokach/1072 cryptokach/1077 cryptokach/1079 cryptokach/1081 cryptokach/1082 cryptokach/1090 cryptokach/1092 cryptokach/1096 cryptokach/1122 cryptokach/1123 cryptokach/1128 cryptokach/1136 cryptokach/1138 cryptokach/1141 cryptokach/1143 cryptokach/1144 cryptokach/1147 cryptokach/1154 cryptokach/1156 cryptokach/1164 cryptokach/1165 cryptokach/1175 cryptokach/1176 cryptokach/1178 cryptokach/1180 cryptokach/1189 cryptokach/1192 cryptokach/1193 cryptokach/1205 cryptokach/1207 cryptokach/1209 cryptokach/1214 cryptokach/1222 cryptokings25/15841 cryptokings25/15854 cryptoklondike/1816 cryptoklondike/1817 cryptoklondike/1829 cryptoklondike/1833 cryptoklondike/1835 cryptoklondike/1843 cryptoklondike/1867 cryptoklondike/1870 cryptoklondike/1874 cryptoklondike/1876 cryptoklondike/1880 cryptoklondike/1886 cryptoklondike/1889 cryptoklondike/1897 cryptoklondike/1909 cryptoklondike/1916 cryptoklondike/1929 cryptoklondike/1935 cryptoklondike/1941 cryptoklondike/1978 cryptoklondike/1996 cryptoklondike/2007 cryptoklondike/2029 cryptoklondike/2035 cryptoklondike/2038 cryptoklondike/2041 cryptoklondike/2042 cryptoklondike/2046 cryptoklondike/2052 cryptoklondike/2060 cryptoklondike/2062 cryptoklondike/2065 cryptoklondike/2083 cryptoklondike/2114 cryptoklondike/2120 cryptoklondike/2128 cryptoklondike/2138 cryptoklondike/2139 cryptoklondike/2151 cryptoklondike/2157 cryptoklondike/2169 cryptoklondike/2170 cryptoklondike/2175 cryptoklondike/2177 cryptoklondike/2191 cryptoklondike/2216 cryptoklondike/2323 cryptoklondike/2365 cryptoklondike/2425 cryptoklondike/2431 cryptoklondike/2588 cryptoklondike/2594 cryptoklondike/2604 cryptoklondike/2661 cryptoklondike/2664 cryptoklondike/2682 cryptoklondike/2683 cryptoklondike/2763 cryptoklondike/2781 cryptoklondike/2783 cryptoklondike/2785 cryptoklondike/2802 cryptoklondike/2825 cryptoklondike/2840 cryptoklondike/2905 cryptoklondike/2958 cryptoklondike/2959 cryptoklondike/2989 cryptoklondike/3002 cryptoklondike/3024 cryptoklondike/3107 cryptoklondike/3136 cryptoklondike/3146 cryptoklondike/3181 cryptoklondike/3222 cryptoklondike/3236 cryptoklondike/3338 cryptoklondike/3343 cryptoklondike/3344 cryptoklondike/3367 cryptoklondike/3463 cryptoklondike/3464 cryptoklondike/3598 cryptoklondike/3645 cryptoklondike/3650 cryptoklondike/3684 cryptoklondike/3689 cryptoklondike/3793 cryptoklondike/3801 cryptoklondike/3826 cryptoklondike/3855 cryptoklondike/3983 cryptoklondike/4000 cryptoklondike/4002 cryptoklondike/4068 cryptoklondike/4071 cryptoklondike/4113 cryptoklondike/4145 cryptoklondike/4155 cryptoklondike/4227 cryptoklondike/4244 cryptoklondike/4297 cryptoklondike/4324 cryptoklondike/4453 cryptoklondike/4478 cryptoklondike/4491 cryptoklondike/4554 cryptoklondike/4562 cryptoklondike/4640 cryptoklondike/4685 cryptoklondike/4690 cryptoklondike/4885 cryptoklondike/5195 cryptoklondike/5238 cryptoklondike/5269 cryptoklondike/5297 cryptoklondike/5339 cryptoklondike/5818 cryptoklondike/5921 cryptoklondike/6004 cryptoklondike/6005 cryptoklondike/6133 cryptoklondike/6595 cryptoklondike/6791 cryptoklondike/6959 cryptoklondike/7116 cryptoklondike/7235 cryptoklondike/7274 cryptoklondike/7397 cryptoklondike/7555 cryptoklondike/7678 cryptoklondike/7801 cryptoklondike/7837 cryptoklondike/7859 cryptoklondike/7882 cryptoklondike/7922 cryptoklondike/7930 cryptoleaksdrvkich/3744 cryptoleakss/4587 cryptoleakss/4913 cryptoleakss/4954 cryptoleakss/5152 cryptoleakss/5643 cryptoleakss/6021 cryptoleakss/6040 cryptoleakss/6500 cryptoleakss/7112 cryptoleakss/7338 cryptoleakss/7450 cryptoleakss/7539 cryptoleakss/7611 cryptoleakss/7803 cryptoleakss/7948 cryptoleakss/8168 cryptoleakss/8302 cryptoleakss/8364 cryptoleakss/8410 cryptoleakss/8453 cryptoleakss/8530 cryptoleakss/8723 cryptoleakss/8798 cryptoleakss/8950 cryptoleakss/8961 cryptoleakss/9019 cryptoleakss/9030 cryptoleakss/9032 cryptoleakss/9147 cryptoleakss/9196 cryptoleakss/9316 cryptoleakss/9401 cryptoleakss/9425 cryptoleakss/9434 cryptoleakss/9532 cryptoleakss/9706 cryptoleakss/9715 cryptoleakss/9725 cryptoleakss/9785 cryptolenivec/482 cryptomarkettime/435 cryptomarkettime/489 cryptomarkettime/718 cryptomarketwizardsofficial/1376 cryptomax001/19592 cryptomax001/19718 cryptomax001/19734 cryptomax001/19870 cryptomax001/20083 cryptomax001/20328 cryptomax001/20648 cryptomaximumalts/2311 cryptomaximumalts/2322 cryptomedics/2437 cryptomedics/2458 cryptomedics/2489 cryptomedics/2498 cryptomedics/2565 cryptomedics/2592 cryptomedics/2597 cryptomedics/2601 cryptomedics/2605 cryptomedics/2609 cryptomedics/2614 cryptomedics/2623 cryptomedics/2625 cryptomedics/2627 cryptomedics/2631 cryptomedics/2634 cryptomedics/2643 cryptomedics/2650 cryptomedics/2659 cryptomedics/2676 cryptomedics/2677 cryptomoneymakerss/1139 cryptomoneymakerss/1183 cryptomoneymakerss/1433 cryptomoneymakerss/1657 cryptomoonvip/6247 cryptonchannel/693 cryptonicfreesignals/3224 cryptonicfreesignals/3246 cryptonicfreesignals/3269 cryptonicfreesignals/3289 cryptonicfreesignals/3337 cryptonotes/3144 cryptonotes/3146 cryptonotes/3147 cryptonotes/3148 cryptonotes/3149 cryptonotes/3150 cryptonotes/3151 cryptonotes/3152 cryptonotes/3153 cryptonotes/3154 cryptonotes/3155 cryptonotes/3157 cryptonotes/3158 cryptonotes/3160 cryptonotes/3161 cryptonotes/3162 cryptonotes/3165 cryptonotes/3178 cryptonotes/3180 cryptonotes/3181 cryptonotes/3182 cryptonotes/3183 cryptonotes/3188 cryptonotes/3189 cryptonotes/3193 cryptonotes/3195 cryptonotes/3197 cryptonotes/3198 cryptonotes/3199 cryptonotes/3201 cryptonotes/3202 cryptonotes/3203 cryptonotes/3204 cryptonotes/3205 cryptonotes/3206 cryptonotes/3207 cryptonotes/3208 cryptonotes/3210 cryptonotes/3213 cryptonotes/3214 cryptonotes/3215 cryptonotes/3217 cryptonotes/3219 cryptonotes/3226 cryptonotes/3227 cryptonotes/3233 cryptonotes/3235 cryptonotes/3240 cryptonotesmohsin/10733 cryptonotesmohsin/10775 cryptonotesmohsin/11217 cryptonotesmohsin/11594 cryptonotesmohsin/12278 cryptoownersunite/7737 cryptoownersunite/7748 cryptoownersunite/7752 cryptoownersunite/7759 cryptoownersunite/7761 cryptoownersunite/7768 cryptoownersunite/7776 cryptoownersunite/7803 cryptoownersunite/7819 cryptoownersunite/7850 cryptopanik/2067 cryptopanik/2068 cryptopanik/2072 cryptopanik/2073 cryptopanik/2079 cryptopasta cryptopasta_vip_bot cryptopluscoin/7703 cryptopluscoin/7788 cryptopluscoin/7829 cryptoprimewhales/15610 cryptoprimewhales/15639 cryptoprimewhales/15685 cryptoprimewhales/15688 cryptoprimewhales/15710 cryptoprimewhales/15737 cryptoprimewhales/15759 cryptoprimewhales/15865 cryptoprofitcoach/3036 cryptoprofitcoach/3404 cryptoprofitcoach/3616 cryptoprofitcoach/5530 cryptoprofitcoach/5608 cryptoprofitcoach/5613 cryptoprofitcoach/5790 cryptoprofitcoach/6001 cryptoprofitcoach/6146 cryptoprofitcoach/6319 cryptoprofitcoach/6430 cryptoprofitcoach/6439 cryptoprofitcoach/6672 cryptoprofitcoach/6757 cryptoprofitcoach/6815 cryptoprofitcoach/6871 cryptoprofitcoach/6920 cryptoprofitcoach/6950 cryptoprofitcoach/7011 cryptoprofitcoach/7013 cryptoprofitcoach/7210 cryptoprofitcoach/7234 cryptoprofitcoach/7279 cryptoprofitcoach/7530 cryptoprofitcoach/7670 cryptoprofitcoach/7690 cryptoprofitcoach/7738 cryptoprofitcoach/7838 cryptoprofitcoach/7947 cryptoquant_official/1007 cryptoquant_official/1092 cryptoquant_official/1181 cryptoquant_official/123 cryptoquant_official/440 cryptoquant_official/449 cryptoquant_official/466 cryptoquant_official/472 cryptoquant_official/526 cryptoquant_official/538 cryptoquant_official/560 cryptorevola/5469 cryptorevola/5605 cryptorevola/5673 cryptorichard/2532 cryptorichard/2727 cryptorichard/2828 cryptorobotics/443 cryptorobotics/451 cryptorrofficail/23474 cryptorrofficail/23478 cryptorrofficail/23553 cryptorrofficail/23591 cryptorrofficail/23683 cryptorrofficail/23806 cryptorrofficail/23817 cryptorrofficail/23882 cryptorrofficail/23919 cryptorrofficail/23928 cryptorrofficail/23960 cryptorrofficail/23961 cryptorrofficail/23963 cryptorrofficail/23967 cryptorrofficail/23980 cryptorrofficail/23994 cryptorrofficail/24026 cryptorrofficail/24126 cryptorrofficail/24205 cryptorrofficail/24224 cryptorrofficail/24255 cryptorrofficail/24308 cryptorrofficail/24337 cryptorrofficail/24396 cryptorrofficail/24445 cryptorrofficail/24448 cryptorrofficail/24484 cryptorrofficail/24485 cryptorrofficail/24553 cryptorrofficail/24556 cryptorrofficail/24577 cryptorrofficail/24610 cryptorrofficail/24626 cryptorrofficail/24924 cryptorrofficail/24925 cryptorrofficail/24932 cryptorrofficail/24934 cryptorrofficail/24951 cryptorrofficail/25114 cryptorrofficail/25142 cryptorrofficail/25173 cryptorrofficail/25174 cryptorrofficail/25186 cryptorrofficail/25337 cryptorrofficail/25366 cryptorrofficail/25399 cryptorrofficail/25406 cryptorrofficail/25491 cryptorrofficail/25492 cryptorrofficail/25542 cryptorrofficail/25572 cryptorrofficail/25637 cryptorrofficail/25712 cryptorrofficail/25737 cryptorrofficail/25866 cryptorrofficail/25907 cryptorrofficail/25965 cryptorrofficail/25970 cryptorrofficail/25982 cryptorrofficail/26002 cryptorrofficail/26244 cryptorrofficail/26419 cryptorrofficail/26441 cryptorrofficail/26486 cryptorrofficail/26647 cryptorrofficail/26684 cryptorrofficail/26828 cryptorrofficail/26955 cryptorrofficail/26956 cryptorrofficail/27025 cryptorrofficail/27107 cryptorrofficail/27122 cryptorrofficail/27267 cryptorrofficail/27276 cryptorrofficail/27325 cryptorrofficail/27438 cryptorrofficail/27468 cryptorrofficail/27558 cryptorrofficail/27619 cryptorrofficail/27702 cryptorrofficail/27705 cryptorrofficail/27730 cryptorrofficail/27871 cryptorrofficail/27885 cryptorrofficail/27988 cryptorrofficail/28006 cryptorrofficail/28012 cryptorrofficail/28055 cryptorrofficail/28060 cryptorrofficail/28105 cryptorrofficail/28135 cryptorrofficail/28218 cryptorrofficail/28246 cryptorrofficail/28286 cryptorrofficail/28296 cryptorrofficail/28298 cryptorrofficail/28377 cryptorrofficail/28436 cryptorrofficail/28438 cryptorrofficail/28487 cryptorrofficail/28522 cryptorrofficail/28559 cryptorrofficail/28632 cryptorrofficail/28641 cryptorrofficail/28659 cryptorrofficail/28695 cryptorrofficail/28784 cryptorrofficail/28820 cryptorrofficail/28823 cryptorrofficail/28828 cryptorrofficail/28893 cryptorrofficail/28967 cryptorrofficail/29031 cryptorrofficail/29053 cryptorrofficail/29081 cryptorrofficail/29127 cryptorrofficail/29190 cryptorrofficail/29263 cryptorrofficail/29311 cryptorrofficail/29331 cryptorrofficail/29340 cryptorrofficail/29344 cryptorrofficail/29374 cryptorrofficail/29378 cryptorrofficail/29394 cryptorrofficail/29408 cryptorrofficail/29429 cryptorrofficail/29466 cryptorrofficail/29490 cryptorrofficail/29491 cryptorrofficail/29502 cryptorrofficail/29504 cryptorrofficail/29531 cryptorrofficail/29610 cryptorrofficail/29679 cryptorrofficail/29714 cryptorrofficail/29830 cryptorrofficail/29833 cryptorrofficail/29861 cryptorrofficail/29880 cryptorrofficail/29941 cryptorrofficail/29971 cryptorrofficail/30026 cryptorrofficail/30063 cryptorrofficail/30065 cryptorrofficail/30081 cryptorrofficail/30119 cryptorrofficail/30159 cryptorrofficail/30182 cryptorrofficail/30214 cryptorrofficail/30259 cryptorrofficail/30292 cryptorrofficail/30330 cryptorrofficail/30384 cryptorrofficail/30494 cryptorrofficail/30514 cryptorrofficail/30570 cryptorrofficail/30586 cryptorrofficail/30626 cryptorrofficail/30878 cryptorrofficail/31017 cryptorrofficail/31044 cryptorrofficail/31053 cryptorrofficail/31097 cryptorrofficail/31262 cryptorrofficail/31267 cryptorrofficail/31335 cryptorrofficail/31645 cryptorrofficail/31737 cryptorrofficail/31877 cryptorrofficail/31994 cryptorrofficail/32022 cryptorrofficail/32076 cryptorrofficail/32199 cryptorrofficail/32213 cryptorrofficail/32260 cryptoscanner100eyes/4119 cryptoscanner100eyes/4265 cryptoscanner100eyes/4302 cryptoscanner100eyes/4322 cryptoscanner100eyes/4341 cryptoscanner100eyes/4370 cryptoscanner100eyes/4382 cryptoscanner100eyes/4406 cryptoscanner100eyes/4430 cryptoscanner100eyes/4436 cryptoscanner100eyes/4453 cryptoscanner100eyes/4468 cryptoscanner100eyes/4520 cryptoscanner100eyes/4523 cryptoscanner100eyes/4533 cryptoscanner100eyes/4541 cryptoscanner100eyes/4570 cryptoscanner100eyes/4591 cryptoscanner100eyes/4615 cryptoscanner100eyes/4639 cryptoscanner100eyes/4648 cryptoscanner100eyes/4694 cryptoscanner100eyes/4793 cryptoscanner100eyes/4851 cryptoscanner100eyes/4858 cryptoscanner100eyes/4899 cryptoscanner100eyes/4915 cryptoscanner100eyes/4952 cryptoscanner100eyes/4980 cryptoscanner100eyes/4986 cryptoscanner100eyes/5043 cryptoscanner100eyes/5050 cryptoscanner100eyes/5067 cryptoscanner100eyes/5149 cryptoscanner100eyes/5267 cryptoscanner100eyes/5304 cryptoscanner100eyes/5313 cryptoscanner100eyes/5314 cryptoscanner100eyes/5337 cryptoscanner100eyes/5373 cryptoscanner100eyes/5389 cryptoscanner100eyes/5436 cryptoscanner100eyes/5439 cryptoscanner100eyes/5556 cryptoscanner100eyes/5598 cryptoscanner100eyes/5611 cryptoscanner100eyes/5655 cryptoscanner100eyes/5700 cryptoscanner100eyes/5719 cryptoscanner100eyes/5722 cryptoscanner100eyes/5726 cryptoscanner100eyes/5766 cryptoscanner100eyes/5774 cryptoscanner100eyes/5777 cryptoscanner100eyes/5783 cryptoscanner100eyes/5814 cryptoscanner100eyes/5832 cryptoscanner100eyes/5844 cryptoscanner100eyes/5863 cryptoscanner100eyes/5869 cryptoscanner100eyes/5884 cryptoscanner100eyes/5902 cryptoscanner100eyes/5969 cryptoscanner100eyes/6080 cryptoscanner100eyes/6091 cryptoscanner100eyes/6104 cryptoscanner100eyes/6113 cryptoscanner100eyes/6139 cryptoscanner100eyes/6140 cryptosignalalert/10530 cryptosignalalert/10775 cryptosignalalert/10956 cryptosignalalert/10961 cryptosignalalert/13459 cryptosignalalert/13975 cryptosignalalert/16037 cryptosignalalert/16067 cryptosignalalert/16106 cryptosignalalert/6485 cryptosignalalert/7001 cryptosignalalert/7086 cryptosignalalert/7203 cryptosignalalert/7251 cryptosignalalert/7276 cryptosignalalert/7371 cryptosignalalert/9634 cryptosignalalert/9665 cryptosignalalert/9881 cryptosignalgroup/2370 cryptosignalgroup/2481 cryptosignalgroup/2508 cryptosignalgroup/2529 cryptosignalgroup/2533 cryptosignalgroup/2629 cryptosignalgroup/2650 cryptosignalgroup/2678 cryptosignalgroup/2701 cryptosignalgroup/5091 cryptosignalgroup/5272 cryptosignalsandanalyse/1317 cryptosignalsandanalyse/1334 cryptosignalsandanalyse/1357 cryptosignalsandanalyse/1459 cryptosignalsandanalyse/1502 cryptosignalsandanalyse/1504 cryptosignalsandanalyse/1507 cryptosignalsandanalyse/1508 cryptosignalsandanalyse/1559 cryptosignalsandanalyse/1622 cryptosignalsandanalyse/1672 cryptosignalsandanalyse/1833 cryptosignalsandanalyse/1863 cryptosignalsandanalyse/1980 cryptosignalsandanalyse/2008 cryptosignalsandanalyse/2015 cryptosignalsandanalyse/2048 cryptosignalsandanalyse/2087 cryptosignalsandanalyse/2137 cryptosignalsandanalyse/2141 cryptosignalsmg/10166 cryptosignalsmg/10181 cryptosignalsmg/2218 cryptosignalsmg/5391 cryptosignalsmg/5619 cryptosignalst/11004 cryptosignalst/14242 cryptosignalst/17115 cryptosignalst/17311 cryptosignalst/18320 cryptosignalst/18852 cryptosignalst/19106 cryptosignalst/19425 cryptosignalst/19595 cryptosignalst/19596 cryptosignalst/19667 cryptosignalst/24598 cryptosignalst/25950 cryptosignalst/27101 cryptosignalst/27832 cryptosignalst/27833 cryptosignalst/7374 cryptosignalst/7624 cryptosignalst/8801 cryptosignalst/9338 cryptosignalst/9613 cryptosignalst/9622 cryptosignalst/9671 cryptosignalst/9956 cryptosignalsusa/1328 cryptosignalsusa/1649 cryptosignalsusa/1652 cryptosignalsusa/1717 cryptosignalsusa/1835 cryptosignalsusa/1961 cryptosignalsusa/1993 cryptosignalsusa/2028 cryptosignalsusa/2039 cryptosignalsusa/2084 cryptosignalsusa/2242 cryptosignalsusa/2281 cryptosignalsusa/2422 cryptosignalsusa/2458 cryptosignalsusa/2473 cryptosignalsusa/2603 cryptosignalus/10219 cryptosignalus/10231 cryptosignalus/10301 cryptosignalus/10360 cryptosignalus/10373 cryptosignalus/6658 cryptosignalus/6671 cryptosignalus/6673 cryptosignalus/6843 cryptosignalus/6947 cryptosignalus/6983 cryptosignalus/6989 cryptosignalus/7003 cryptosignalus/7124 cryptosignalus/7243 cryptosignalus/7416 cryptosignalus/7702 cryptosignalus/7708 cryptosignalus/8235 cryptosignalus/8424 cryptosignalus/8439 cryptosignalus/8454 cryptosignalus/8474 cryptosignalus/8477 cryptosignalus/8489 cryptosignalus/8492 cryptosignalus/8547 cryptosignalus/8583 cryptosignalus/8642 cryptosignalus/8657 cryptosignalus/8692 cryptosignalus/8712 cryptosignalus/8733 cryptosignalus/9029 cryptosignalus/9038 cryptosignalus/9040 cryptosignalus/9061 cryptosignalus/9316 cryptosignalus/9334 cryptosignalus/9355 cryptosignalus/9383 cryptosignfree/1740 cryptosignfree/1758 cryptosignfree/1762 cryptosignfree/1779 cryptosignfree/1811 cryptosignfree/1831 cryptosignfree/1859 cryptosignfree/1860 cryptosignfree/1864 cryptosignfree/1899 cryptosignfree/1947 cryptosignfree/1950 cryptosocietytrade/16170 cryptosocietytrade/16180 cryptosocietytrade/16206 cryptospecialsignal/1419 cryptospecialsignal/1557 cryptospecialsignal/1622 cryptospecialsignal/1636 cryptospecialsignal/1739 cryptospecialsignal/1758 cryptospecialsignal/1801 cryptospecialsignal/1873 cryptospecialsignal/1896 cryptospecialsignal/2223 cryptospecialsignal/2302 cryptospecialsignal/2399 cryptospecialsignal/2465 cryptospecialsignal/2882 cryptospecialsignal/2931 cryptospecialsignal/2935 cryptospecialsignal/2984 cryptospecialsignal/3079 cryptospecialsignal/3132 cryptospecialsignal/3189 cryptospecialsignals1/10146 cryptospecialsignals1/9710 cryptospecialsignals1/9754 cryptoster/451 cryptoster/490 cryptotipstrick/2469 cryptotipstrick/2498 cryptotipstrick/2611 cryptotrades/10111 cryptotrades/10198 cryptotrades/1047 cryptotrades/10682 cryptotrades/10967 cryptotrades/1158 cryptotrades/11666 cryptotrades/12107 cryptotrades/1216 cryptotrades/12168 cryptotrades/12227 cryptotrades/1224 cryptotrades/12356 cryptotrades/12366 cryptotrades/12525 cryptotrades/12549 cryptotrades/12655 cryptotrades/1271 cryptotrades/1282 cryptotrades/12913 cryptotrades/12960 cryptotrades/1308 cryptotrades/1313 cryptotrades/1323 cryptotrades/13295 cryptotrades/1333 cryptotrades/1334 cryptotrades/1335 cryptotrades/1337 cryptotrades/1345 cryptotrades/1353 cryptotrades/1379 cryptotrades/1389 cryptotrades/1393 cryptotrades/13936 cryptotrades/1395 cryptotrades/14049 cryptotrades/1409 cryptotrades/1412 cryptotrades/1423 cryptotrades/1429 cryptotrades/1434 cryptotrades/1435 cryptotrades/1438 cryptotrades/1448 cryptotrades/1593 cryptotrades/1629 cryptotrades/1640 cryptotrades/1706 cryptotrades/1720 cryptotrades/1721 cryptotrades/1801 cryptotrades/1827 cryptotrades/1848 cryptotrades/1920 cryptotrades/1955 cryptotrades/2026 cryptotrades/2053 cryptotrades/2069 cryptotrades/2096 cryptotrades/2166 cryptotrades/2173 cryptotrades/2183 cryptotrades/2218 cryptotrades/2220 cryptotrades/2277 cryptotrades/2353 cryptotrades/2360 cryptotrades/2388 cryptotrades/2635 cryptotrades/2650 cryptotrades/2721 cryptotrades/2763 cryptotrades/2777 cryptotrades/2825 cryptotrades/3010 cryptotrades/3028 cryptotrades/3154 cryptotrades/3193 cryptotrades/3196 cryptotrades/3291 cryptotrades/3319 cryptotrades/3382 cryptotrades/3405 cryptotrades/3559 cryptotrades/3671 cryptotrades/3724 cryptotrades/3756 cryptotrades/3800 cryptotrades/4461 cryptotrades/4512 cryptotrades/4812 cryptotrades/4822 cryptotrades/4940 cryptotrades/5870 cryptotrades/5928 cryptotrades/6450 cryptotrades/6717 cryptotrades/7127 cryptotrades/7236 cryptotrades/7987 cryptotrades/8334 cryptotrades/8963 cryptotrades/9069 cryptotrades/9524 cryptotrades/9655 cryptotrades/9698 cryptotradingsignalsasia/10180 cryptotradingsignalsasia/10614 cryptotradingsignalsasia/11062 cryptotradingsignalsasia/11320 cryptotradingsignalsasia/11424 cryptotradingsignalsasia/12037 cryptotradingsignalsasia/12116 cryptotradingsignalsasia/12234 cryptotradingsignalsasia/12394 cryptotradingsignalsasia/12498 cryptotradingsignalsasia/12567 cryptotradingsignalsasia/12765 cryptotradingsignalsasia/12910 cryptotradingsignalsasia/12926 cryptotradingsignalsasia/12986 cryptotradingsignalsasia/13076 cryptotradingsignalsasia/13098 cryptotradingsignalsasia/7580 cryptotradingsignalsasia/7591 cryptotradingsignalsasia/7686 cryptotradingsignalsasia/7886 cryptotradingsignalsasia/8343 cryptotradingsignalsasia/8402 cryptotradingsignalsasia/8439 cryptotradingsignalsasia/8574 cryptotradingsignalsasia/8578 cryptotradingsignalsasia/8765 cryptotradingsignalsasia/8785 cryptotradingsignalsasia/9188 cryptotradingsignalsasia/9660 cryptotraider/1858 cryptotraider/1903 cryptotraider/1998 cryptotraider/2684 cryptotraider/3012 cryptotraider/3040 cryptotraider/3067 cryptotraider/3255 cryptotraider/3347 cryptotraider/3371 cryptotraider/3553 cryptotraider/3554 cryptotraider/3558 cryptotraider/4017 cryptotraider/4045 cryptotraider/4263 cryptotraider/4345 cryptotraider/4587 cryptotraider/4733 cryptotraider/4738 cryptotraider/4741 cryptotraider/4799 cryptotraider/4817 cryptotraider/4847 cryptotraider/4858 cryptotraider/4876 cryptotraider/4877 cryptotraider/4929 cryptotraider/4952 cryptotraider/4989 cryptotraider/4992 cryptotraider/5068 cryptotraider/5122 cryptotraider/5148 cryptotraider/5241 cryptotraider/5243 cryptotraider/5268 cryptotree07/47216 cryptotree07/47702 cryptotree07/48150 cryptotree07/48931 cryptotree07/49166 cryptotree07/49346 cryptotree07/49379 cryptotree07/49611 cryptotree07/49689 cryptotree07/49901 cryptotree07/49921 cryptotree07/49960 cryptotree08/46990 cryptotree7/44233 cryptotree7/44299 cryptotree7/44333 cryptotree7/44367 cryptovinceoriginal/22498 cryptovinceoriginal/22560 cryptovipsignalta/10069 cryptovipsignalta/10104 cryptovipsignalta/10119 cryptovipsignalta/10131 cryptovipsignalta/10319 cryptovipsignalta/10420 cryptovipsignalta/10603 cryptovipsignalta/10703 cryptovipsignalta/10728 cryptovipsignalta/10747 cryptovipsignalta/10808 cryptovipsignalta/10876 cryptovipsignalta/10914 cryptovipsignalta/11002 cryptovipsignalta/11081 cryptovipsignalta/11378 cryptovipsignalta/11463 cryptovipsignalta/11562 cryptovipsignalta/11580 cryptovipsignalta/11676 cryptovipsignalta/11759 cryptovipsignalta/11819 cryptovipsignalta/11852 cryptovipsignalta/11882 cryptovipsignalta/11905 cryptovipsignalta/11909 cryptovipsignalta/12010 cryptovipsignalta/12076 cryptovipsignalta/12112 cryptovipsignalta/12239 cryptovipsignalta/12248 cryptovipsignalta/12357 cryptovipsignalta/12379 cryptovipsignalta/12414 cryptovipsignalta/12445 cryptovipsignalta/12463 cryptovipsignalta/12469 cryptovipsignalta/12481 cryptovipsignalta/12482 cryptovipsignalta/12564 cryptovipsignalta/12632 cryptovipsignalta/12642 cryptovipsignalta/12662 cryptovipsignalta/12698 cryptovipsignalta/12894 cryptovipsignalta/12933 cryptovipsignalta/13094 cryptovipsignalta/13123 cryptovipsignalta/13153 cryptovipsignalta/13176 cryptovipsignalta/13206 cryptovipsignalta/13279 cryptovipsignalta/13333 cryptovipsignalta/13341 cryptovipsignalta/13394 cryptovipsignalta/13414 cryptovipsignalta/13421 cryptovipsignalta/13545 cryptovipsignalta/13790 cryptovipsignalta/13887 cryptovipsignalta/14084 cryptovipsignalta/14131 cryptovipsignalta/14420 cryptovipsignalta/14562 cryptovipsignalta/14565 cryptovipsignalta/14733 cryptovipsignalta/14747 cryptovipsignalta/6396 cryptovipsignalta/6413 cryptovipsignalta/6449 cryptovipsignalta/6546 cryptovipsignalta/6687 cryptovipsignalta/7055 cryptovipsignalta/7872 cryptovipsignalta/8019 cryptovipsignalta/8246 cryptovipsignalta/8284 cryptovipsignalta/8512 cryptovipsignalta/8529 cryptovipsignalta/8538 cryptovipsignalta/8623 cryptovipsignalta/8637 cryptovipsignalta/8682 cryptovipsignalta/9096 cryptovipsignalta/9175 cryptovipsignalta/9270 cryptovipsignalta/9585 cryptovipsignalta/9647 cryptowaspta/320 cryptowaveanalytics/411 cryptowaveanalytics/414 cryptowaveanalytics/415 cryptowaveanalytics/417 cryptowaveanalytics/420 cryptowaveanalytics/421 cryptowaveanalytics/423 cryptowaveanalytics/425 cryptowaveanalytics/427 cryptowaveanalytics/429 cryptowaveanalytics/435 cryptowaveanalytics/437 cryptowaveanalytics/439 cryptowaveanalytics/442 cryptowaveanalytics/445 cryptowhalesclubz/1143 cryptowhalesclubz/1460 cryptowhalesclubz/1486 cryptowolfsignal/5554 cryptowolfsignal/5555 cryptowolfsignal/5558 cryptowolfsignal/5561 cryptowolfsignal/5564 cryptowolfsignal/5566 cryptowolfsignal/5568 cryptowolfsignal/5573 cryptowolfsignal/5579 cryptowolfsignal/5580 cryptowolfsignal/5582 cryptowolfsignal/5585 cryptowolfsignal/5601 cryptowolfsignal/5604 cryptowolfsignal/5610 cryptowolfsignal/5626 cryptowolfsignal/5635 cryptowolfsignal/5648 cryptowolfsignal/5666 cryptowolfsignal/5683 cryptowolfsignal/5700 cryptowolfsignal/5716 cryptowolfstrust/6443 cryptoz_trader/7195 cryptoz_trader/7922 cryptoz_trader/8133 cryptoz_trader/8260 cryptoz_trader/8448 cryptoz_trader/8537 cryptoz_trader/8628 cryptoz_trader/9098 cryptoz_trader/9223 cryptoz_trader/9371 cryptoz_trader/9386 cryptoz_trader/9455 cryptoztrader/12295 cryptoztrader/12306 cryptoztrader/12714 cryptoztrader/12754 cryptrad/3985 cryptrad/4086 cryptrad/4087 cryptrad/4089 cryptrad/4090 cryptrad/4124 cryptrad/4137 cryptrad/4203 cryptrad/4208 cryptrad/4271 cryptrad/4300 cryptrad/4309 cryptriq/1847 cryptriq/2175 cryptriq/2637 cryptriq/3084 cwhalesroom/2608 cyberdavid/3249 cyberdavid/3267 cyberdavid/3302 cyberdavid/3742 cyberdavid/3870 cyberdavid/3979 daniel_trading/1320 daniel_trading/1331 daniel_trading/1343 daniel_trading/1352 daniel_trading/2060 daniel_trading/2211 daniel_trading/2272 daniel_trading/2363 daniel_trading/2453 daniel_trading/2463 daniel_trading/2512 daniel_trading/2595 daniel_trading/2627 daniel_trading/2630 daniel_trading/2795 daniel_trading/2919 daniel_trading/435 daniel_trading/512 dashatrade/269 dashatrade/279 daytrader_signals/10012 daytrader_signals/10045 daytrader_signals/10053 daytrader_signals/10126 daytrader_signals/10263 daytrader_signals/10293 daytrader_signals/10374 daytrader_signals/10412 daytrader_signals/10456 daytrader_signals/10569 daytrader_signals/10664 daytrader_signals/10728 daytrader_signals/10762 daytrader_signals/10829 daytrader_signals/10991 daytrader_signals/11114 daytrader_signals/11148 daytrader_signals/11266 daytrader_signals/11441 daytrader_signals/11507 daytrader_signals/11585 daytrader_signals/11604 daytrader_signals/11689 daytrader_signals/11810 daytrader_signals/12096 daytrader_signals/13028 daytrader_signals/13375 daytrader_signals/13732 daytrader_signals/1676 daytrader_signals/16880 daytrader_signals/1798 daytrader_signals/18247 daytrader_signals/18304 daytrader_signals/1891 daytrader_signals/2020 daytrader_signals/2108 daytrader_signals/21397 daytrader_signals/2141 daytrader_signals/2325 daytrader_signals/2876 daytrader_signals/3315 daytrader_signals/3398 daytrader_signals/3461 daytrader_signals/3566 daytrader_signals/3579 daytrader_signals/3611 daytrader_signals/3642 daytrader_signals/3664 daytrader_signals/3700 daytrader_signals/3740 daytrader_signals/3767 daytrader_signals/3775 daytrader_signals/3780 daytrader_signals/3797 daytrader_signals/3885 daytrader_signals/3945 daytrader_signals/3976 daytrader_signals/4047 daytrader_signals/4072 daytrader_signals/4074 daytrader_signals/4119 daytrader_signals/4334 daytrader_signals/4388 daytrader_signals/4397 daytrader_signals/4437 daytrader_signals/4502 daytrader_signals/4522 daytrader_signals/4587 daytrader_signals/4621 daytrader_signals/4659 daytrader_signals/4804 daytrader_signals/4820 daytrader_signals/4913 daytrader_signals/4915 daytrader_signals/4995 daytrader_signals/5027 daytrader_signals/5112 daytrader_signals/5130 daytrader_signals/5158 daytrader_signals/5162 daytrader_signals/5237 daytrader_signals/5247 daytrader_signals/5263 daytrader_signals/5456 daytrader_signals/5615 daytrader_signals/5800 daytrader_signals/5854 daytrader_signals/5892 daytrader_signals/5945 daytrader_signals/5984 daytrader_signals/5987 daytrader_signals/6047 daytrader_signals/6358 daytrader_signals/6392 daytrader_signals/6428 daytrader_signals/6483 daytrader_signals/6557 daytrader_signals/6669 daytrader_signals/6711 daytrader_signals/6828 daytrader_signals/6835 daytrader_signals/6858 daytrader_signals/6898 daytrader_signals/7007 daytrader_signals/7023 daytrader_signals/7026 daytrader_signals/7043 daytrader_signals/7092 daytrader_signals/7102 daytrader_signals/7135 daytrader_signals/7150 daytrader_signals/7206 daytrader_signals/7247 daytrader_signals/7290 daytrader_signals/7339 daytrader_signals/7394 daytrader_signals/7404 daytrader_signals/7422 daytrader_signals/7454 daytrader_signals/7464 daytrader_signals/7508 daytrader_signals/7559 daytrader_signals/7575 daytrader_signals/7580 daytrader_signals/7595 daytrader_signals/7635 daytrader_signals/7650 daytrader_signals/7660 daytrader_signals/7769 daytrader_signals/7794 daytrader_signals/7800 daytrader_signals/7884 daytrader_signals/7967 daytrader_signals/8020 daytrader_signals/8087 daytrader_signals/8091 daytrader_signals/8121 daytrader_signals/8140 daytrader_signals/8223 daytrader_signals/8249 daytrader_signals/8254 daytrader_signals/8258 daytrader_signals/8351 daytrader_signals/8377 daytrader_signals/8423 daytrader_signals/8504 daytrader_signals/8520 daytrader_signals/8537 daytrader_signals/8745 daytrader_signals/8792 daytrader_signals/8793 daytrader_signals/8879 daytrader_signals/8890 daytrader_signals/8891 daytrader_signals/8907 daytrader_signals/8987 daytrader_signals/9007 daytrader_signals/9078 daytrader_signals/9094 daytrader_signals/9096 daytrader_signals/9099 daytrader_signals/9101 daytrader_signals/9130 daytrader_signals/9176 daytrader_signals/9186 daytrader_signals/9198 daytrader_signals/9328 daytrader_signals/9337 daytrader_signals/9393 daytrader_signals/9400 daytrader_signals/9443 daytrader_signals/9514 daytrader_signals/9634 daytrader_signals/9669 daytrader_signals/9764 daytrader_signals/9888 daytrader_signals/9918 daytrader_signals/9989 desertangelo/1029 desertangelo/1037 desertangelo/1049 desertangelo/1086 desertangelo/1092 desertangelo/1111 desertangelo/1169 desertangelo/1211 desertangelo/1278 desertangelo/1388 desertangelo/1491 desertangelo/1535 desertangelo/1543 desertangelo/1584 desertangelo/1590 desertangelo/1684 desertangelo/1750 desertangelo/1758 desertangelo/1785 desertangelo/1827 desertangelo/1868 desertangelo/1902 desertangelo/1972 desertangelo/1974 desertangelo/1987 desertangelo/1992 desertangelo/2013 desertangelo/2128 desertangelo/2149 desertangelo/2152 desertangelo/2159 desertangelo/2162 desertangelo/2166 desertangelo/2245 desertangelo/2336 desertangelo/2424 desertangelo/2570 desertangelo/2657 desertangelo/2874 desertangelo/2889 desertangelo/2921 desertangelo/2925 desertangelo/294 desertangelo/2942 desertangelo/313 desertangelo/328 desertangelo/331 desertangelo/607 desertangelo/727 desertangelo/795 desertangelo/798 desertangelo/847 desertangelo/873 desertangelo/890 desertangelo/906 desertangelo/920 desertangelo/931 despaceinvest/235 despaceinvest/240 despaceinvest/243 despaceinvest/249 dex_crypto/1987 dex_crypto/1990 dex_crypto/2006 dex_crypto/2009 dlavrov_tch/1430 dlavrov_tch/1440 dlavrov_tch/1455 dlavrov_tch/1469 dlavrov_tch/1478 dlavrov_tch/1542 dlavrov_tch/1545 dlavrov_tch/1549 dlavrov_tch/1550 dlavrov_tch/1554 dlavrov_tch/1562 dlavrov_tch/1563 dlavrov_tch/1568 dlavrov_tch/1576 dlavrov_tch/1580 dlavrov_tch/1581 dlavrov_tch/1582 dlavrov_tch/1583 dlavrov_tch/1594 dlavrov_tch/1654 dlavrov_tch/1657 dlavrov_tch/1658 dlavrov_tch/1857 dlavrov_tch/1878 dlavrov_tch/1967 dlavrov_tch/2001 dlavrov_tch/2120 dlavrov_tch/2152 dlavrov_tch/2178 dlavrov_tch/2246 dlavrov_tch/2249 dlavrov_tch/2271 dlavrov_tch/2291 dlavrov_tch/2349 dlavrov_tch/2394 dlavrov_tch/2409 dlavrov_tch/2430 dlavrov_tch/2457 dlavrov_tch/2460 dlavrov_tch/2487 dlavrov_tch/2491 dlavrov_tch/2536 dlavrov_tch/2557 dlavrov_tch/2588 dlavrov_tch/2624 dlavrov_tch/2634 dlavrov_tch/2753 dlavrov_tch/2841 dlavrov_tch/2871 dlavrov_tch/2907 dlavrov_tch/2992 dlavrov_tch/3021 dlavrov_tch/3081 dlavrov_tch/3123 dlavrov_tch/3162 dlavrov_tch/3190 dlavrov_tch/3230 dlavrov_tch/3253 dlavrov_tch/3273 dlavrov_tch/3300 dlavrov_tch/3380 dlavrov_tch/3394 dlavrov_tch/3409 dlavrov_tch/3524 dlavrov_tch/3535 dlavrov_tch/3597 dlavrov_tch/3600 dlavrov_tch/3634 dlavrov_tch/3719 dlavrov_tch/3732 dlavrov_tch/3761 dlavrov_tch/3764 dlavrov_tch/3795 dlavrov_tch/3801 dlavrov_tch/3817 dlavrov_tch/3927 dlavrov_tch/3935 dlavrov_tch/4124 dlavrov_tch/4133 dlavrov_tch/4163 dlavrov_tch/4172 dlavrov_tch/4194 dlavrov_tch/4219 dlavrov_tch/4301 dlavrov_tch/4381 dlavrov_tch/4558 dlavrov_tch/4975 dragoncryptos/2855 dragoncryptos/2861 dragoncryptos/3011 dragoncryptos/3026 dragoncryptos/3102 dragoncryptos/3108 dragoncryptos/3137 dragoncryptos/3168 dragoncryptos/3221 dragoncryptos/3233 dragoncryptos/3253 dragoncryptos/3262 dragoncryptos/3272 dragoncryptos/3303 dragoncryptos/3348 dragoncryptos/3513 dragoncryptos/3633 dragoncryptos/3634 dragoncryptos/3666 dragoncryptos/3673 dragoncryptos/3692 dragoncryptos/3701 dragoncryptos/3712 dragoncryptos/3716 dragoncryptos/3736 dragoncryptos/3804 dudesignals/10031 dudesignals/6609 dudesignals/6610 dudesignals/6622 dudesignals/6642 dudesignals/6671 dudesignals/6678 dudesignals/6718 dudesignals/6719 dudesignals/6728 dudesignals/6741 dudesignals/6832 dudesignals/6872 dudesignals/6915 dudesignals/6919 dudesignals/6926 dudesignals/7065 dudesignals/7082 dudesignals/7146 dudesignals/7148 dudesignals/7187 dudesignals/7190 dudesignals/7201 dudesignals/7211 dudesignals/7216 dudesignals/7230 dudesignals/7256 dudesignals/7305 dudesignals/7361 dudesignals/7374 dudesignals/7375 dudesignals/7377 dudesignals/7383 dudesignals/7394 dudesignals/7400 dudesignals/7406 dudesignals/7407 dudesignals/7423 dudesignals/7757 dudesignals/7878 dudesignals/7885 dudesignals/7898 dudesignals/7902 dudesignals/7934 dudesignals/7935 dudesignals/8086 dudesignals/8098 dudesignals/8643 dudesignals/8731 dudesignals/8809 dudesignals/8874 dudesignals/8951 dudesignals/8994 dudesignals/9001 dudesignals/9002 dudesignals/9038 dudesignals/9094 dudesignals/9109 dudesignals/9227 dudesignals/9289 dudesignals/9463 dudesignals/9480 dudesignals/9600 dudesignals/9653 dudesignals/9673 dudesignals/9695 dudesignals/9711 dudesignals/9736 dynastysignal/10003 dynastysignal/10023 dynastysignal/10211 dynastysignal/10254 dynastysignal/10330 dynastysignal/10579 dynastysignal/10661 dynastysignal/10679 dynastysignal/10708 dynastysignal/10720 dynastysignal/10723 dynastysignal/11202 dynastysignal/11280 dynastysignal/12079 dynastysignal/6508 dynastysignal/6566 dynastysignal/6715 dynastysignal/7293 dynastysignal/7394 dynastysignal/7437 dynastysignal/7475 dynastysignal/7515 dynastysignal/7519 dynastysignal/7601 dynastysignal/7783 dynastysignal/8108 dynastysignal/9043 dynastysignal/9233 dynastysignal/9631 dynastysignal/9729 dynastysignal/9797 eagle123445/3246 eagle123445/3279 eagle123445/3325 eagle123445/3372 eagle123445/3407 eagle123445/3598 eagle123445/4264 earnwithsapna/5456 eatrading1/1827 eatrading1/2243 eberotrader/20007 eberotrader/20071 eberotrader/20116 eberotrader/20127 eberotrader/20184 eberotrader/21062 eberotrader/21355 eberotrader/21493 eberotrader/21709 eberotrader/22201 eberotrader/22208 eberotrader/22425 eberotrader/22575 eberotrader/22587 eccbykimnitro/6492 eccbykimnitro/6513 eccbykimnitro/6603 eccbykimnitro/6705 eccbykimnitro/6823 eccbykimnitro/6827 edwardmorra_btc/1445 edwardmorra_btc/1446 edwardmorra_btc/1447 edwardmorra_btc/1448 edwardmorra_btc/1449 elisascharts/2111 elisascharts/2115 elisascharts/2125 elisascharts/2149 elisascharts/2151 elisascharts/2152 elisascharts/2155 elisascharts/2164 elisascharts/2182 elisascharts/2186 elisascharts/2203 elisascharts/2204 elisascharts/2223 elisascharts/2227 elisascharts/2266 elisascharts/2268 elisascharts/2283 elisascharts/2292 elisascharts/2293 elisascharts/2299 elisascharts/2364 elisascharts/2371 elisascharts/2372 elisascharts/2374 elisascharts/2436 elisascharts/2440 elisascharts/2442 elisascharts/2443 elisascharts/2629 elisascharts/2658 elisascharts/2756 elisascharts/2865 elisascharts/3108 elisascharts/3253 elisascharts/3415 elisascharts/3611 elisascharts/3999 elisascharts/4231 elisascharts/4333 elisascharts/4558 elisascharts/4573 elisascharts/4591 elisascharts/4606 elisascharts/4861 elisascharts/5213 elisascharts/5307 elisascharts/5354 elisascharts/5430 elisascharts/5433 excavo_chat excavochannel/1001 excavochannel/1003 excavochannel/1004 excavochannel/1009 excavochannel/1019 excavochannel/1069 excavochannel/1084 excavochannel/1092 excavochannel/1093 excavochannel/1096 excavochannel/1098 excavochannel/1101 excavochannel/1102 excavochannel/1103 excavochannel/1104 excavochannel/1106 excavochannel/1108 excavochannel/1111 excavochannel/1114 excavochannel/1115 excavochannel/1118 excavochannel/1119 excavochannel/1120 excavochannel/1121 excavochannel/1122 excavochannel/1123 excavochannel/1124 excavochannel/1127 excavochannel/1130 excavochannel/1136 excavochannel/1139 excavochannel/1140 excavochannel/1141 excavochannel/1254 excavochannel/1276 excavochannel/1280 excavochannel/1309 excavochannel/1350 excavochannel/1509 excavochannel/1523 excavochannel/1689 excavochannel/1707 excavochannel/1765 excavochannel/1794 excavochannel/1810 excavochannel/1861 excavochannel/1875 excavochannel/1909 excavochannel/1966 excavochannel/2052 excavochannel/2069 excavochannel/2088 excavochannel/2099 excavochannel/2122 excavochannel/2184 excavochannel/2247 excavochannel/2289 excavochannel/970 excavochannel/971 excavochannel/973 excavochannel/976 excavochannel/977 excavochannel/978 excavochannel/979 excavochannel/980 excavochannel/983 excavochannel/991 excavochannel/994 excavochannel/997 excavochannel/999 exclusivecalls/2090 exclusivecalls/2107 exclusivecalls/2142 exclusivecalls/2149 exclusivecalls/2150 exclusivecalls/2155 exclusivecalls/2350 exclusivecalls/2409 exclusivecalls/2410 exclusivecalls/2467 exclusivecalls/2534 exclusivecalls/2588 exclusivecalls/2596 exclusivecalls/2679 exclusivecalls/2748 exclusivecalls/2757 exclusivecalls/2772 exclusivecalls/2908 exclusivecalls/2928 exclusivecalls/3013 exclusivecalls/3016 exclusivecalls/3084 exclusivecalls/3154 exclusivecalls/3220 exclusivecalls/3224 exclusivecallzzzz/1794 exclusivecallzzzz/1832 exclusivecallzzzz/1834 exclusivecallzzzz/2027 expertoptradinggroup/34246 fatpigsignals/2933 fatpigsignals/3456 fatpigsignals/4422 fierytradingchannel/1062 fierytradingchannel/1145 fierytradingchannel/1164 fierytradingchannel/1172 fierytradingchannel/1452 fierytradingchannel/1491 fierytradingchannel/1594 fierytradingchannel/1596 fierytradingchannel/1611 fierytradingchannel/1646 fierytradingchannel/1746 fierytradingchannel/1765 fierytradingchannel/1813 fierytradingchannel/1849 fierytradingchannel/1859 fierytradingchannel/2093 fierytradingchannel/2100 fierytradingchannel/2120 fierytradingchannel/944 fierytradingchannel/976 flybit/300 flybit/301 flybit/302 flybit/303 flybit/305 flybit/306 forex_tradings/10092 forex_tradings/10185 forex_tradings/10186 forex_tradings/10367 forex_tradings/10514 forex_tradings/11004 forex_tradings/11041 forex_tradings/11842 forex_tradings/6352 forex_tradings/7326 forex_tradings/7329 forex_tradings/7358 forex_tradings/7443 forex_tradings/7583 forex_tradings/7598 forex_tradings/7702 forex_tradings/7714 forex_tradings/7903 forex_tradings/7911 forex_tradings/8297 forex_tradings/8325 forex_tradings/8529 forex_tradings/8585 forex_tradings/8918 forex_tradings/9287 forex_tradings/9288 forex_tradings/9311 forex_tradings/9534 forex_tradings/9616 forex_tradings/9679 freebeetrader/1817 freebeetrader/1853 freebeetrader/2084 freebeetrader/2160 freebeetrader/3120 freebeetrader/3188 freebeetrader/3190 freebeetrader/3345 freevipsignal/2126 freevipsignal/2152 freevipsignal/2274 freevipsignal/2283 freevipsignal/2394 freevipsignal/2417 freevipsignal/2454 freevipsignal/2466 freevipsignal/2479 freevipsignal/2545 freevipsignal/2620 freevipsignal/2631 freevipsignal/2752 freevipsignal/2756 freevipsignal/2799 freevipsignal/2819 freevipsignal/2837 freevipsignal/2879 freevipsignal/2967 freevipsignal/3021 freevipsignal/3056 freevipsignal/3072 freevipsignal/362 freevipsignal/451 georgejankowski/506 georgejankowski/562 georgejankowski/605 godcrypt/1466 godcrypt/1592 godcrypt/1616 goldensignalz/21989 goldensignalz/22187 goldensignalz/22888 goldensignalz/22997 goldensignalz/23085 goldensignalz/23238 guruholda/2678 handleranalytics/719 hccapital_channel/5296 hccapital_channel/5445 hccapital_channel/5524 hccapital_channel/6029 hccapital_channel/6328 hccapital_channel/7293 hccapital_channel/7487 hccapital_channel/7705 hccapital_channel/7775 hccapital_channel/8002 hccapital_channel/8110 hccapital_channel/9177 high_orbit_trading/10168 high_orbit_trading/10198 high_orbit_trading/10332 high_orbit_trading/10352 high_orbit_trading/10370 high_orbit_trading/10779 high_orbit_trading/10945 high_orbit_trading/10950 high_orbit_trading/10954 high_orbit_trading/10958 high_orbit_trading/10975 high_orbit_trading/11350 high_orbit_trading/11372 high_orbit_trading/11388 high_orbit_trading/11428 high_orbit_trading/11441 high_orbit_trading/11501 high_orbit_trading/11513 high_orbit_trading/11528 high_orbit_trading/11536 high_orbit_trading/11541 high_orbit_trading/11577 high_orbit_trading/11630 high_orbit_trading/11651 high_orbit_trading/11676 high_orbit_trading/11715 high_orbit_trading/11728 high_orbit_trading/11732 high_orbit_trading/11754 high_orbit_trading/11756 high_orbit_trading/11860 high_orbit_trading/11908 high_orbit_trading/11911 high_orbit_trading/11937 high_orbit_trading/11971 high_orbit_trading/11999 high_orbit_trading/12048 high_orbit_trading/12050 high_orbit_trading/12055 high_orbit_trading/12075 high_orbit_trading/12076 high_orbit_trading/12082 high_orbit_trading/12088 high_orbit_trading/12094 high_orbit_trading/12107 high_orbit_trading/12135 high_orbit_trading/12188 high_orbit_trading/12197 high_orbit_trading/12202 high_orbit_trading/12212 high_orbit_trading/12253 high_orbit_trading/12256 high_orbit_trading/12307 highestsignals/5683 highestsignals/5792 highestsignals/5970 hivecryptopublic/2415 hivecryptopublic/2478 hivecryptopublic/2508 hivecryptopublic/2548 hivecryptopublic/2610 hivecryptopublic/2646 hivecryptopublic/2881 hivecryptopublic/2943 hundredbtcviabitmex/10012 hundredbtcviabitmex/10046 hundredbtcviabitmex/10134 hundredbtcviabitmex/10186 hundredbtcviabitmex/10262 hundredbtcviabitmex/10294 hundredbtcviabitmex/10343 hundredbtcviabitmex/10424 hundredbtcviabitmex/10507 hundredbtcviabitmex/10524 hundredbtcviabitmex/10834 hundredbtcviabitmex/11150 hundredbtcviabitmex/11208 hundredbtcviabitmex/11229 hundredbtcviabitmex/11310 hundredbtcviabitmex/11612 hundredbtcviabitmex/12219 hundredbtcviabitmex/8543 hundredbtcviabitmex/8690 hundredbtcviabitmex/8715 hundredbtcviabitmex/8776 hundredbtcviabitmex/8836 hundredbtcviabitmex/8878 hundredbtcviabitmex/8976 hundredbtcviabitmex/9662 hundredbtcviabitmex/9762 hupchaocapital/1871 hupchaocapital/1936 hupchaocapital/2172 hupchaocapital/2301 hupchaocapital/3802 hupchaocapital/3830 hupchaocapital/3833 hupchaocapital/3925 hupchaocapital/4155 hupchaocapital/4757 hupchaocapital/5008 imcryptohero/3578 infocryptosignals/10293 infocryptosignals/10473 insider_leak_of_the_day/10000 insider_leak_of_the_day/10037 insider_leak_of_the_day/10121 insider_leak_of_the_day/10137 insider_leak_of_the_day/10150 insider_leak_of_the_day/10175 insider_leak_of_the_day/10196 insider_leak_of_the_day/10274 insider_leak_of_the_day/10377 insider_leak_of_the_day/10501 insider_leak_of_the_day/10505 insider_leak_of_the_day/10695 insider_leak_of_the_day/10749 insider_leak_of_the_day/10768 insider_leak_of_the_day/10793 insider_leak_of_the_day/10811 insider_leak_of_the_day/10818 insider_leak_of_the_day/10822 insider_leak_of_the_day/10837 insider_leak_of_the_day/10838 insider_leak_of_the_day/10884 insider_leak_of_the_day/10897 insider_leak_of_the_day/11112 insider_leak_of_the_day/11143 insider_leak_of_the_day/11211 insider_leak_of_the_day/11248 insider_leak_of_the_day/11370 insider_leak_of_the_day/11430 insider_leak_of_the_day/11434 insider_leak_of_the_day/11469 insider_leak_of_the_day/11484 insider_leak_of_the_day/11508 insider_leak_of_the_day/11647 insider_leak_of_the_day/11666 insider_leak_of_the_day/11788 insider_leak_of_the_day/11814 insider_leak_of_the_day/11886 insider_leak_of_the_day/11888 insider_leak_of_the_day/11897 insider_leak_of_the_day/11958 insider_leak_of_the_day/12083 insider_leak_of_the_day/12143 insider_leak_of_the_day/12179 insider_leak_of_the_day/12242 insider_leak_of_the_day/12280 insider_leak_of_the_day/12316 insider_leak_of_the_day/12390 insider_leak_of_the_day/12423 insider_leak_of_the_day/12491 insider_leak_of_the_day/12499 insider_leak_of_the_day/12543 insider_leak_of_the_day/12753 insider_leak_of_the_day/12761 insider_leak_of_the_day/12780 insider_leak_of_the_day/12783 insider_leak_of_the_day/12786 insider_leak_of_the_day/12827 insider_leak_of_the_day/12872 insider_leak_of_the_day/12885 insider_leak_of_the_day/12945 insider_leak_of_the_day/12960 insider_leak_of_the_day/12964 insider_leak_of_the_day/13131 insider_leak_of_the_day/13154 insider_leak_of_the_day/13219 insider_leak_of_the_day/13270 insider_leak_of_the_day/13309 insider_leak_of_the_day/13311 insider_leak_of_the_day/13334 insider_leak_of_the_day/13342 insider_leak_of_the_day/13399 insider_leak_of_the_day/13440 insider_leak_of_the_day/13448 insider_leak_of_the_day/13475 insider_leak_of_the_day/13492 insider_leak_of_the_day/13493 insider_leak_of_the_day/13524 insider_leak_of_the_day/13554 insider_leak_of_the_day/13562 insider_leak_of_the_day/13734 insider_leak_of_the_day/13741 insider_leak_of_the_day/13761 insider_leak_of_the_day/13780 insider_leak_of_the_day/13946 insider_leak_of_the_day/13978 insider_leak_of_the_day/14027 insider_leak_of_the_day/14031 insider_leak_of_the_day/14043 insider_leak_of_the_day/14055 insider_leak_of_the_day/14076 insider_leak_of_the_day/14141 insider_leak_of_the_day/14191 insider_leak_of_the_day/14229 insider_leak_of_the_day/14262 insider_leak_of_the_day/14266 insider_leak_of_the_day/14459 insider_leak_of_the_day/14468 insider_leak_of_the_day/14604 insider_leak_of_the_day/14631 insider_leak_of_the_day/14702 insider_leak_of_the_day/14737 insider_leak_of_the_day/14779 insider_leak_of_the_day/14780 insider_leak_of_the_day/14861 insider_leak_of_the_day/14868 insider_leak_of_the_day/14887 insider_leak_of_the_day/14902 insider_leak_of_the_day/14915 insider_leak_of_the_day/14924 insider_leak_of_the_day/14986 insider_leak_of_the_day/15020 insider_leak_of_the_day/15034 insider_leak_of_the_day/15096 insider_leak_of_the_day/15127 insider_leak_of_the_day/15179 insider_leak_of_the_day/15185 insider_leak_of_the_day/15226 insider_leak_of_the_day/15235 insider_leak_of_the_day/15405 insider_leak_of_the_day/15437 insider_leak_of_the_day/15443 insider_leak_of_the_day/15496 insider_leak_of_the_day/15512 insider_leak_of_the_day/15563 insider_leak_of_the_day/15786 insider_leak_of_the_day/15799 insider_leak_of_the_day/15861 insider_leak_of_the_day/15933 insider_leak_of_the_day/15980 insider_leak_of_the_day/16042 insider_leak_of_the_day/16053 insider_leak_of_the_day/16061 insider_leak_of_the_day/16132 insider_leak_of_the_day/16191 insider_leak_of_the_day/16242 insider_leak_of_the_day/16267 insider_leak_of_the_day/16313 insider_leak_of_the_day/16331 insider_leak_of_the_day/16358 insider_leak_of_the_day/16509 insider_leak_of_the_day/16528 insider_leak_of_the_day/16587 insider_leak_of_the_day/16769 insider_leak_of_the_day/16846 insider_leak_of_the_day/16869 insider_leak_of_the_day/16881 insider_leak_of_the_day/16905 insider_leak_of_the_day/16941 insider_leak_of_the_day/16992 insider_leak_of_the_day/17086 insider_leak_of_the_day/17092 insider_leak_of_the_day/17100 insider_leak_of_the_day/17139 insider_leak_of_the_day/17908 insider_leak_of_the_day/18075 insider_leak_of_the_day/18080 insider_leak_of_the_day/18175 insider_leak_of_the_day/18221 insider_leak_of_the_day/18222 insider_leak_of_the_day/18259 insider_leak_of_the_day/18370 insider_leak_of_the_day/18435 insider_leak_of_the_day/18479 insider_leak_of_the_day/18492 insider_leak_of_the_day/18583 insider_leak_of_the_day/18590 insider_leak_of_the_day/18741 insider_leak_of_the_day/18744 insider_leak_of_the_day/18752 insider_leak_of_the_day/18771 insider_leak_of_the_day/18812 insider_leak_of_the_day/18830 insider_leak_of_the_day/18835 insider_leak_of_the_day/18907 insider_leak_of_the_day/18999 insider_leak_of_the_day/19029 insider_leak_of_the_day/19066 insider_leak_of_the_day/19087 insider_leak_of_the_day/19117 insider_leak_of_the_day/19183 insider_leak_of_the_day/19190 insider_leak_of_the_day/19240 insider_leak_of_the_day/19491 insider_leak_of_the_day/19532 insider_leak_of_the_day/19577 insider_leak_of_the_day/19592 insider_leak_of_the_day/19711 insider_leak_of_the_day/19744 insider_leak_of_the_day/19789 insider_leak_of_the_day/19832 insider_leak_of_the_day/19854 insider_leak_of_the_day/19856 insider_leak_of_the_day/19976 insider_leak_of_the_day/20099 insider_leak_of_the_day/20112 insider_leak_of_the_day/20138 insider_leak_of_the_day/20174 insider_leak_of_the_day/20175 insider_leak_of_the_day/20308 insider_leak_of_the_day/20344 insider_leak_of_the_day/3814 insider_leak_of_the_day/3815 insider_leak_of_the_day/3837 insider_leak_of_the_day/3857 insider_leak_of_the_day/3920 insider_leak_of_the_day/3941 insider_leak_of_the_day/3961 insider_leak_of_the_day/4058 insider_leak_of_the_day/4090 insider_leak_of_the_day/4131 insider_leak_of_the_day/4144 insider_leak_of_the_day/4211 insider_leak_of_the_day/4255 insider_leak_of_the_day/4265 insider_leak_of_the_day/4268 insider_leak_of_the_day/4283 insider_leak_of_the_day/4288 insider_leak_of_the_day/4314 insider_leak_of_the_day/4353 insider_leak_of_the_day/4382 insider_leak_of_the_day/4491 insider_leak_of_the_day/4529 insider_leak_of_the_day/4531 insider_leak_of_the_day/4586 insider_leak_of_the_day/4669 insider_leak_of_the_day/4691 insider_leak_of_the_day/4692 insider_leak_of_the_day/4693 insider_leak_of_the_day/4708 insider_leak_of_the_day/4759 insider_leak_of_the_day/4785 insider_leak_of_the_day/4803 insider_leak_of_the_day/4915 insider_leak_of_the_day/5130 insider_leak_of_the_day/5217 insider_leak_of_the_day/5218 insider_leak_of_the_day/5300 insider_leak_of_the_day/5302 insider_leak_of_the_day/5315 insider_leak_of_the_day/5360 insider_leak_of_the_day/5436 insider_leak_of_the_day/5453 insider_leak_of_the_day/5466 insider_leak_of_the_day/5603 insider_leak_of_the_day/5660 insider_leak_of_the_day/5681 insider_leak_of_the_day/5710 insider_leak_of_the_day/5747 insider_leak_of_the_day/5883 insider_leak_of_the_day/6053 insider_leak_of_the_day/6088 insider_leak_of_the_day/6101 insider_leak_of_the_day/8439 insider_leak_of_the_day/8465 insider_leak_of_the_day/8501 insider_leak_of_the_day/8547 insider_leak_of_the_day/8590 insider_leak_of_the_day/8593 insider_leak_of_the_day/8630 insider_leak_of_the_day/8718 insider_leak_of_the_day/8793 insider_leak_of_the_day/8803 insider_leak_of_the_day/8819 insider_leak_of_the_day/8856 insider_leak_of_the_day/8892 insider_leak_of_the_day/8990 insider_leak_of_the_day/8996 insider_leak_of_the_day/9031 insider_leak_of_the_day/9076 insider_leak_of_the_day/9138 insider_leak_of_the_day/9207 insider_leak_of_the_day/9208 insider_leak_of_the_day/9213 insider_leak_of_the_day/9374 insider_leak_of_the_day/9400 insider_leak_of_the_day/9415 insider_leak_of_the_day/9417 insider_leak_of_the_day/9466 insider_leak_of_the_day/9649 insider_leak_of_the_day/9773 insider_leak_of_the_day/9822 insider_leak_of_the_day/9832 insider_leak_of_the_day/9879 insider_leak_of_the_day/9905 insider_leak_of_the_day/9965 insiderleaks/3606 insiderleaks/4539 insiderleaks/4644 insiderleaks/5425 insiderleaks/5659 insiderleaks/5787 insiderleaks/5919 insiderleaks/6038 insiderleaks/6420 insiderleaks/6987 insiderleaks/7147 iranianwhales/217 iranianwhales/233 iranianwhales/255 iranianwhales/272 ircryptoclub/7213 jamesrichcrypto/1000 jamesrichcrypto/1001 jamesrichcrypto/962 jamesrichcrypto/969 jamesrichcrypto/971 jamesrichcrypto/972 jamesrichcrypto/977 jamesrichcrypto/978 jamesrichcrypto/980 jamesrichcrypto/985 jamesrichcrypto/987 jamesrichcrypto/991 jamesrichcrypto/993 jamesrichcrypto/997 jamesrichcrypto/999 jameswarwickcrypto/6620 jameswarwickcrypto/6642 jameswarwickcrypto/6660 joinchat/aaaaaearfpb67tzov_5xsw khaled_analysis/3902 khaled_analysis/3977 khaled_analysis/4369 khaled_analysis/4370 khaled_analysis/4446 khaled_analysis/4620 khaled_analysis/4635 khaled_analysis/4734 khaled_analysis/4869 khaled_analysis/4927 khaled_analysis/5029 khaled_analysis/5035 khaled_analysis/5074 khaled_analysis/5102 khaled_analysis/5158 khaled_analysis/5216 khaled_analysis/5404 khaled_analysis/5455 khaled_analysis/5572 khaled_analysis/5707 khaled_analysis/5941 khaled_analysis/6538 khaled_analysis/6672 khaled_analysis/7095 khaled_analysis/7145 khaled_analysis/7275 khaled_analysis/7436 khaled_analysis/7566 khaled_analysis/7838 khaled_analysis/8037 khaled_analysis/8097 khaled_analysis/8135 kimoncrypto/2350 kimoncrypto/2384 kimoncrypto/2477 kimoncrypto/2615 kimoncrypto/2661 kimoncrypto/2668 kimoncrypto/2721 kimoncrypto/2765 kimoncrypto/2815 kimoncrypto/3120 kimoncrypto/3159 kimoncrypto/3481 kimoncrypto/3535 kimoncrypto/3707 kimoncrypto/3830 koreasigna/6126 koreasigna/6170 koreasigna/6211 koreasigna/6215 koreasigna/6275 koreasigna/6370 koreasigna/6530 koreasigna/6613 koreasigna/6628 koreasigna/6768 koreasigna/6951 koreasigna/7199 koreasigna/7373 koreasigna/7730 koreasigna/8021 koreasigna/8158 koreasigna/8200 koreasigna/8208 koreasigna/8460 koreasigna/8477 koreasigna/8534 koreasigna/8680 koreasigna/8696 koreasigna/8756 koreasigna/8946 koreasigna/9989 kriptamoney/3330 kriptamoney/3596 kriptamoney/3611 kriptamoney/3709 kriptamoney/3722 kriptamoney/3827 kriptamoney/3833 krssignals/13192 krssignals/13215 krssignals/13298 krssignals/13375 krssignals/13823 krssignals/13832 krssignals/13867 krssignals/14078 krssignals/14557 krssignals/14598 krssignals/15836 krssignals/16836 krssignals/18727 krssignals/20269 krssignals/20358 learn2tradectypto/1809 learn2tradectypto/1835 learn2tradectypto/1866 learn2tradectypto/1933 learn2tradectypto/1971 learn2tradectypto/2146 learn2tradectypto/2567 learn2tradectypto/2811 learn2tradectypto/2883 learn2tradectypto/2930 learn2tradectypto/3140 learn2tradectypto/3262 learn2tradectypto/3458 learn2tradectypto/3467 learn2tradectypto/3556 learn2tradectypto/3577 learn2tradectypto/3612 learn2tradectypto/3615 learn2tradectypto/3632 learn2tradectypto/3785 learn2tradectypto/3787 learn2tradectypto/3816 leo_rogers/326 leo_rogers/434 letstradecoins/18941 letstradecoins/24133 letstradecoins/24313 letstradecoins/24438 letstradecoins/24444 letstradecoins/24470 letstradecoins/24475 letstradecoins/24527 letstradecoins/24530 letstradecoins/24594 letstradecoins/24614 letstradecoins/24674 letstradecoins/24962 letstradecoins/24986 letstradecoins/25333 letstradecoins/25430 letstradecoins/25435 letstradecoins/25497 letstradecoins/25781 letstradecoins/25944 letstradecoins/25988 letstradecoins/26129 letstradecoins/26165 letstradecoins/26401 letstradecoins/26551 letstradecoins/26609 letstradecoins/26674 letstradecoins/27805 letstradecoins/27860 letstradecoins/28340 letstradecoins/28584 lexcryptoofficial/18171 lexcryptoofficial/18179 lexcryptoofficial/18195 lexcryptoofficial/18196 lexcryptoofficial/18277 lexcryptoofficial/18314 lexcryptoofficial/18404 lexcryptoofficial/18456 lioncryptotrades/2663 lioncryptotrades/2860 lioncryptotrades/2870 lioncryptotrades/2912 lioncryptotrades/2936 lioncryptotrades/3142 lioncryptotrades/3239 lioncryptotrades/3796 lioncryptotrades/4068 lioncryptotrades/4122 lioncryptotrades/4189 lioncryptotrades/4190 lioncryptotrades/4299 lioncryptotrades/4306 lioncryptotrades/4308 lioncryptotrades/4333 lioncryptotrades/4334 lioncryptotrades/4350 lioncryptotrades/4375 lioncryptotrades/4450 lioncryptotrades/4452 lioncryptotrades/4484 lioncryptotrades/4496 lioncryptotrades/4497 lioncryptotrades/4510 lioncryptotrades/4517 lioncryptotrades/4518 lioncryptotrades/4520 lioncryptotrades/4524 lioncryptotrades/4568 lioncryptotrades/4569 lioncryptotrades/4974 lioncryptotrades/5047 lioncryptotrades/5146 lioncryptotrades/5309 lioncryptotrades/5337 lioncryptotrades/5582 lioncryptotrades/5667 lioncryptotrades/5670 lioncryptotrades/5675 lioncryptotrades/5703 lioncryptotrades/5723 lioncryptotrades/5728 lioncryptotrades/5843 lioncryptotrades/5933 lizardofthestreet/1014 lizardofthestreet/1081 lizardofthestreet/1149 lizardofthestreet/1300 lizardofthestreet/1302 lizardofthestreet/1354 lizardofthestreet/1429 lizardofthestreet/1554 lizardofthestreet/210 lizardofthestreet/229 lizardofthestreet/291 lizardofthestreet/344 lizardofthestreet/348 lizardofthestreet/372 lizardofthestreet/413 lizardofthestreet/451 lizardofthestreet/461 lizardofthestreet/477 lizardofthestreet/510 lizardofthestreet/708 lizardofthestreet/709 lizardofthestreet/846 lizardofthestreet/873 lizardofthestreet/947 lizardofthestreet/983 lizardofthestreet/986 mamkincs/423 manuscryptum/483 manuscryptum/484 manuscryptum/508 manuscryptum/515 marcuscryptogroup/2057 marcuscryptogroup/2067 marcuscryptogroup/2240 marcuscryptogroup/2244 marcuscryptogroup/2331 marcuscryptogroup/2608 marcuscryptogroup/2736 marcuscryptogroup/2885 marcuscryptogroup/2924 marcuscryptogroup/2931 marcuscryptogroup/2939 marcuscryptogroup/3015 marcuscryptogroup/3077 marcuscryptogroup/3196 marcuscryptogroup/3446 marcuscryptogroup/3540 marcuscryptogroup/3562 marcuscryptogroup/3648 marcuscryptogroup/3651 marcuscryptogroup/3719 marcuscryptogroup/3751 marcuscryptogroup/3857 marcuscryptogroup/3900 marcuscryptogroup/3980 marcuscryptogroup/3988 marcuscryptogroup/4185 marcuscryptogroup/4256 marginhcchannel/12580 marginhcchannel/12804 marginhcchannel/12886 marginhcchannel/12898 marginhcchannel/12909 marginhcchannel/12910 marginhcchannel/13013 marginhcchannel/13098 marginhcchannel/13159 marginhcchannel/13162 marginhcchannel/13243 marginhcchannel/13267 marginhcchannel/13351 marginhcchannel/13419 marginhcchannel/13554 marginhcchannel/13877 marginhcchannel/13885 marginhcchannel/13908 marginhcchannel/14033 marginhcchannel/14122 marginhcchannel/14135 marginhcchannel/14198 marginhcchannel/14252 marginhcchannel/14295 marginhcchannel/14465 marginhcchannel/14538 marginhcchannel/14543 marginhcchannel/14603 marginhcchannel/14606 marginhcchannel/14672 marginhcchannel/14706 marginhcchannel/14739 marginhcchannel/14841 marginhcchannel/14855 marginhcchannel/14927 marginhcchannel/14968 marginhcchannel/14978 marginhcchannel/14992 marginhcchannel/15023 marginhcchannel/15040 marginhcchannel/15137 marginhcchannel/15166 marginhcchannel/15272 marginhcchannel/15293 marginhcchannel/15370 marginhcchannel/15375 marginhcchannel/15379 marginhcchannel/15385 marginhcchannel/15427 marginhcchannel/15440 marginhcchannel/15537 marginhcchannel/15542 marginhcchannel/15592 marginhcchannel/15599 marginhcchannel/15622 marginhcchannel/15661 marginhcchannel/15826 marginhcchannel/15954 marginhcchannel/16012 marginhcchannel/16239 marginhcchannel/16351 marginhcchannel/16457 marginhcchannel/16843 marginhcchannel/16861 marginhcchannel/17013 marginhcchannel/17167 marginhcchannel/17561 marginhcchannel/17653 marginhcchannel/17656 marginhcchannel/17664 marginhcchannel/17678 margintradingtcvn/6524 margintradingtcvn/6749 margintradingtcvn/6786 margintradingtcvn/6841 margintradingtcvn/6890 margintradingtcvn/6969 marginwhales/3855 mario_dark_margin/2241 mario_dark_margin/2568 mario_dark_margin/2740 mario_dark_margin/2946 mario_dark_margin/2993 mario_dark_margin/3136 mario_dark_margin/3157 mario_dark_margin/3387 mario_dark_margin/3467 mario_dark_margin/3867 mario_dark_margin/3980 mario_dark_margin/4224 mario_dark_margin/4417 maxfundltd/553 maxfundltd/593 maxfundltd/621 maxfundltd/622 maxfundltd/662 maxfundltd/673 mcgcapital/4853 mcgcapital/5101 mcgcapital/5373 mcgcapital/5893 mcgcapital/6336 mcgcapital/6476 mcgcapital/6543 mcgcapital/6682 mcgcapital/6706 mcgcapitalchannel/4627 mcgcapitalchannel/4684 megasignalsgroup/258 megasignalsgroup/315 midascalpingapi midascalpingapi/93 miketopcryptosignals/3046 miketopcryptosignals/3182 murdockcrypt/1568 mycryptopedia/2858 mycryptopedia/2945 mycryptopedia/2975 mycryptopedia/3119 mywaytowallst/1097 mywaytowallst/1098 mywaytowallst/1099 mywaytowallst/1100 mywaytowallst/1102 mywaytowallst/1104 mywaytowallst/1105 mywaytowallst/1107 mywaytowallst/1108 mywaytowallst/1109 mywaytowallst/1111 mywaytowallst/1112 mywaytowallst/1113 mywaytowallst/1114 mywaytowallst/1115 mywaytowallst/1116 mywaytowallst/1117 mywaytowallst/1118 mywaytowallst/1119 mywaytowallst/1120 mywaytowallst/1121 mywaytowallst/1122 mywaytowallst/1123 mywaytowallst/1124 mywaytowallst/1126 mywaytowallst/1127 mywaytowallst/1129 mywaytowallst/1130 mywaytowallst/1133 nabz_crypto/4273 nabz_crypto/4304 nabz_crypto/4312 nabz_crypto/4474 nabz_crypto/4564 nabz_crypto/4570 news_4ctrading/2813 news_4ctrading/2868 news_4ctrading/2872 news_4ctrading/2998 news_4ctrading/3014 news_4ctrading/3181 news_4ctrading/3283 news_4ctrading/3440 news_4ctrading/3502 news_4ctrading/3573 news_4ctrading/3624 news_4ctrading/3682 news_4ctrading/3753 news_4ctrading/3755 news_4ctrading/3782 news_4ctrading/3805 news_4ctrading/3857 news_4ctrading/3858 news_4ctrading/3874 news_4ctrading/3880 news_4ctrading/3882 news_4ctrading/3943 news_4ctrading/3984 news_4ctrading/4059 news_4ctrading/4078 news_4ctrading/4140 news_4ctrading/4257 news_4ctrading/4463 news_4ctrading/4537 news_4ctrading/4624 news_4ctrading/4626 news_4ctrading/4633 news_4ctrading/4658 news_4ctrading/4661 news_4ctrading/4684 news_4ctrading/4702 news_4ctrading/4756 news_4ctrading/4916 news_4ctrading/4943 news_4ctrading/4958 news_4ctrading/5012 news_4ctrading/5065 news_4ctrading/5157 news_4ctrading/5173 news_4ctrading/5359 news_4ctrading/5389 news_4ctrading/5401 news_4ctrading/5446 news_4ctrading/5471 news_4ctrading/5482 news_4ctrading/5486 news_4ctrading/5490 news_4ctrading/5494 news_4ctrading/5528 news_4ctrading/5534 news_4ctrading/5559 news_4ctrading/5595 next10xgem1/11987 next10xgem1/12231 next10xgem1/13019 next10xgem1/13462 next10xgem1/13559 next10xgem1/13723 next10xgem1/13785 next10xgem1/14018 next10xgem1/14122 next10xgem1/14264 next10xgem1/14379 next10xgem1/14434 next10xgem1/14481 next10xgem1/14518 next10xgem1/15014 next10xgem1/15182 next10xgem1/15196 next10xgem1/15229 next10xgem1/15360 next10xgem1/15380 next10xgem1/15466 next10xgem1/15531 next10xgem1/15583 next10xgem1/15600 next10xgem1/15765 next10xgem1/16915 noahlutz/1117 noahlutz/1401 noahlutz/1431 noahlutz/1438 noahlutz/1725 noahlutz/1918 noahlutz/1932 noahlutz/1947 noahlutz/2065 noahlutz/2074 noahlutz/2188 noahlutz/2190 noahlutz/2320 noahlutz/2704 noahlutz/2884 noahlutz/2889 noahlutz/2956 noahlutz/2987 noahlutz/3002 noahlutz/3020 noahlutz/3024 noahlutz/3044 noahlutz/3075 noahlutz/567 noahlutz/572 noahlutz/638 noahlutz/697 noahlutz/819 noahlutz/855 noahlutz/866 noahlutz/912 officialcryptoindia/10542 officialcryptoindia/8329 officialcryptoindia/8562 officialcryptoindia/9106 officialcryptoindia/9114 officialcryptoindia/9217 officialcryptoindia/9835 officialcryptoindia/9940 officialtradingcryptocoach/1374 officialtradingcryptocoach/1779 officialtradingcryptocoach/1808 officialtradingcryptocoach/3067 officialtradingcryptocoach/714 officialtradingcryptocoach/937 oliverstrade/1130 oliverstrade/1184 oliverstrade/1448 oliverstrade/1525 oliverstrade/1568 oliverstrade/1585 oliverstrade/1647 oliverstrade/1684 oliverstrade/1719 oliverstrade/1800 oliverstrade/1860 oliverstrade/2001 oliverstrade/228 oliverstrade/2380 oliverstrade/523 oliverstrade/609 oliverstrade/611 oliverstrade/622 oliverstrade/772 oliverstrade/941 oliverstrade/969 onemillionchallenge/1192 onemillionchallenge/1238 onemillionchallenge/1243 onemillionchallenge/1280 onemillionchallenge/1284 onemillionchallenge/1322 onemillionchallenge/1345 onemillionchallenge/1447 onemillionchallenge/1492 onemillionchallenge/1529 onemillionchallenge/1572 onemillionchallenge/1604 onemillionchallenge/1613 onemillionchallenge/1618 onemillionchallenge/1641 onemillionchallenge/1662 onemillionchallenge/1670 onemillionchallenge/1724 onemillionchallenge/1728 onemillionchallenge/1738 onemillionchallenge/1793 onemillionchallenge/1849 onemillionchallenge/1852 onemillionchallenge/1937 onemillionchallenge/1971 onemillionchallenge/2008 onemillionchallenge/2114 onemillionchallenge/2155 onemillionchallenge/2178 onemillionchallenge/2231 onemillionchallenge/2306 onemillionchallenge/2352 onemillionchallenge/2361 onemillionchallenge/2377 onemillionchallenge/2379 onemillionchallenge/2398 onemillionchallenge/2405 onemillionchallenge/2548 onemillionchallenge/2601 onemillionchallenge/2603 onemillionchallenge/2627 onemillionchallenge/2699 onemillionchallenge/2819 onemillionchallenge/2877 onemillionchallenge/3010 onemillionchallenge/3046 onemillionchallenge/3072 onemillionchallenge/3118 onemillionchallenge/3124 onemillionchallenge/3153 onemillionchallenge/3195 onemillionchallenge/3196 onemillionchallenge/3208 onemillionchallenge/3213 onemillionchallenge/3237 onemillionchallenge/3245 onemillionchallenge/3394 onemillionchallenge/3454 onemillionchallenge/3491 onemillionchallenge/3498 onemillionchallenge/3519 onemillionchallenge/3633 onemillionchallenge/3663 onemillionchallenge/3695 onemillionchallenge/3729 onemillionchallenge/3858 onemillionchallenge/3864 onemillionchallenge/3967 onemillionchallenge/3987 onemillionchallenge/4031 onemillionchallenge/4239 onemillionchallenge/4339 onemillionchallenge/4354 onemillionchallenge/4383 onemillionchallenge/4396 onemillionchallenge/4398 onemillionchallenge/4461 onemillionchallenge/4479 onemillionchallenge/474 onemillionchallenge/4846 onemillionchallenge/490 onemillionchallenge/4958 onemillionchallenge/496 onemillionchallenge/5011 onemillionchallenge/5014 onemillionchallenge/5029 onemillionchallenge/5151 onemillionchallenge/5167 onemillionchallenge/5189 onemillionchallenge/5208 onemillionchallenge/5419 onemillionchallenge/5463 onemillionchallenge/5538 onemillionchallenge/5659 onemillionchallenge/577 onemillionchallenge/5823 onemillionchallenge/595 onemillionchallenge/600 onemillionchallenge/6143 onemillionchallenge/6144 onemillionchallenge/6149 onemillionchallenge/6154 onemillionchallenge/6158 onemillionchallenge/6161 onemillionchallenge/6168 onemillionchallenge/6169 onemillionchallenge/6206 onemillionchallenge/6250 onemillionchallenge/6334 onemillionchallenge/6373 onemillionchallenge/6410 onemillionchallenge/651 onemillionchallenge/708 onemillionchallenge/750 onemillionchallenge/992 orphan_block/2825 pabs_signals pabsvip_bot paid_signals/1216 paid_signals/1289 paid_signals/1332 paid_signals/1342 paid_signals/1497 paid_signals/1544 peacefulgram/603 perfectsignals143/2843 perfectsignals143/2946 perfectsignals143/3190 perfectsignals143/3617 perfectsignals143/3724 persian_cryptoir/3174 persian_cryptoir/3385 phoenixtradersbtc/6741 phoenixtrading/5601 phoenixtrading/5610 phoenixtrading/5619 phoenixtrading/5621 phoenixtrading/5623 phoenixtrading/5626 phoenixtrading/5628 phoenixtrading/5642 phoenixtrading/5648 phoenixtrading/5652 phoenixtrading/5657 phoenixtrading/5659 phoenixtrading/5662 phoenixtrading/5665 phoenixtrading/5668 phoenixtrading/5671 phoenixtrading/5674 phoenixtrading/5680 phoenixtrading/5683 phoenixtrading/5685 phoenixtrading/5718 phoenixtrading/5748 phoenixtrading/6272 phoenixtrading/6277 phoenixtrading/6335 pierre_crypt0_public/1973 pierre_crypt0_public/2060 pierre_crypt0_public/2062 pierre_crypt0_public/2068 pierre_crypt0_public/2391 pierre_crypt0_public/3010 pierre_crypt0_public/3011 pierre_crypt0_public/3180 pierre_crypt0_public/3418 pierre_crypt0_public/3456 pierre_crypt0_public/3504 pimentechnical/6742 pimentechnical/6743 pimentechnical/6745 pimentechnical/6746 pimentechnical/6747 pimentechnical/6748 pimentechnical/6749 pimentechnical/6750 pimentechnical/6751 pimentechnical/6753 pimentechnical/6754 pimentechnical/6755 pimentechnical/6756 pimentechnical/6757 pimentechnical/6758 pimentechnical/6759 pimentechnical/6760 pimentechnical/6762 pimentechnical/6763 pimentechnical/6764 pimentechnical/6765 pimentechnical/6766 pimentechnical/6767 pimentechnical/6768 pimentechnical/6769 pimentechnical/6770 pimentechnical/6772 pimentechnical/6773 pimentechnical/6774 pimentechnical/6775 pimentechnical/6777 pimentechnical/6778 pimentechnical/6779 pimentechnical/6780 pimentechnical/6781 pimentechnical/6782 pimentechnical/6783 pimentechnical/6784 pimentechnical/6785 pimentechnical/6786 pimentechnical/6787 pimentechnical/6790 pimentechnical/6791 pimentechnical/6792 pimentechnical/6793 pimentechnical/6794 pimentechnical/6795 pimentechnical/6796 pimentechnical/6797 pimentechnical/6798 pimentechnical/6799 pimentechnical/6801 pimentechnical/6802 pimentechnical/6803 pimentechnical/6804 pimentechnical/6805 pimentechnical/6806 pimentechnical/6807 pimentechnical/6808 pimentechnical/6809 pimentechnical/6810 pimentechnical/6811 pimentechnical/6812 pimentechnical/6813 pimentechnical/6814 pimentechnical/6815 pimentechnical/6816 pimentechnical/6818 pimentechnical/6819 pimentechnical/6820 pimentechnical/6821 pimentechnical/6822 pimentechnical/6823 pimentechnical/6824 pimentechnical/6825 pimentechnical/6826 pimentechnical/6827 pimentechnical/6829 pimentechnical/6830 pimentechnical/6832 pimentechnical/6834 pimentechnical/6837 pimentechnical/6841 pimentechnical/6842 pimentechnical/6844 pimentechnical/6845 pimentechnical/6846 pimentechnical/6847 pimentechnical/6848 pimentechnical/6849 pimentechnical/6850 pimentechnical/6851 pimentechnical/6852 pimentechnical/6853 pimentechnical/6854 pimentechnical/6856 pimentechnical/6858 pimentechnical/6859 pimentechnical/6861 pimentechnical/6863 pimentechnical/6864 pimentechnical/6865 pimentechnical/6866 pimentechnical/6867 pimentechnical/6868 pimentechnical/6869 pimentechnical/6870 pimentechnical/6871 pimentechnical/6872 pimentechnical/6873 pimentechnical/6874 pimentechnical/6875 pimentechnical/6876 pimentechnical/6878 pimentechnical/6880 pimentechnical/6881 pimentechnical/6889 pimentechnical/6892 pimentechnical/6894 pimentechnical/6896 pimentechnical/6897 pimentechnical/6898 pimentechnical/6899 pimentechnical/6900 pimentechnical/6901 pimentechnical/6909 pimentechnical/6911 pimentechnical/6912 pimentechnical/6913 pimentechnical/6917 pimentechnical/6918 pimentechnical/6923 pimentechnical/6924 pimentechnical/6925 pimentechnical/6929 pimentechnical/6930 pimentechnical/6931 pimentechnical/6932 pimentechnical/6933 pimentechnical/6935 pimentechnical/6936 pimentechnical/6937 pimentechnical/6938 pimentechnical/6939 pimentechnical/6940 pimentechnical/6941 pimentechnical/6949 pimentechnical/6950 pimentechnical/6951 pimentechnical/6952 pimentechnical/6953 pimentechnical/6958 pimentechnical/6959 pimentechnical/6960 pimentechnical/6961 pimentechnical/6962 pimentechnical/6963 pimentechnical/6964 pimentechnical/6965 pimentechnical/6966 pimentechnical/6968 pimentechnical/6969 pimentechnical/6970 pimentechnical/6971 pimentechnical/6972 pimentechnical/6973 pimentechnical/6974 pimentechnical/6975 pimentechnical/6976 pimentechnical/6977 pimentechnical/6978 pimentechnical/6979 pimentechnical/6980 pimentechnical/6981 pimentechnical/6982 pimentechnical/6983 pimentechnical/6984 pimentechnical/6985 pimentechnical/6986 pimentechnical/6987 pimentechnical/6988 pimentechnical/6989 pimentechnical/6991 pimentechnical/6992 pimentechnical/6993 pimentechnical/6994 pimentechnical/6995 pimentechnical/6999 pimentechnical/7000 pimentechnical/7001 pimentechnical/7002 pimentechnical/7003 pimentechnical/7005 pimentechnical/7006 pimentechnical/7007 pimentechnical/7008 pimentechnical/7009 pimentechnical/7010 pimentechnical/7011 pimentechnical/7012 pimentechnical/7013 pimentechnical/7014 pimentechnical/7015 pimentechnical/7016 pimentechnical/7017 pimentechnical/7018 pimentechnical/7021 pimentechnical/7022 pimentechnical/7023 pimentechnical/7024 pimentechnical/7025 pimentechnical/7027 pimentechnical/7028 pimentechnical/7029 pimentechnical/7030 pimentechnical/7032 pimentechnical/7033 pimentechnical/7034 pimentechnical/7035 pimentechnical/7036 pimentechnical/7037 pimentechnical/7038 pimentechnical/7039 pimentechnical/7040 pimentechnical/7041 pimentechnical/7042 pimentechnical/7043 pimentechnical/7044 pimentechnical/7045 pimentechnical/7046 pimentechnical/7047 pimentechnical/7048 pimentechnical/7049 pimentechnical/7050 pimentechnical/7051 pimentechnical/7052 pimentechnical/7054 pimentechnical/7055 pimentechnical/7057 pimentechnical/7058 pimentechnical/7059 pimentechnical/7063 pimentechnical/7064 pimentechnical/7065 pimentechnical/7066 pimentechnical/7067 pimentechnical/7071 pimentechnical/7072 pimentechnical/7073 pimentechnical/7074 pimentechnical/7075 pimentechnical/7076 pimentechnical/7077 pimentechnical/7078 pimentechnical/7079 pimentechnical/7080 pimentechnical/7081 pimentechnical/7082 pimentechnical/7083 pimentechnical/7084 pimentechnical/7085 pimentechnical/7086 pimentechnical/7087 pimentechnical/7088 pimentechnical/7089 pimentechnical/7090 pimentechnical/7091 pimentechnical/7092 pimentechnical/7093 pimentechnical/7095 pimentechnical/7097 pimentechnical/7098 pimentechnical/7101 pimentechnical/7102 pimentechnical/7103 pimentechnical/7104 pimentechnical/7105 pimentechnical/7111 pimentechnical/7112 pimentechnical/7113 pimentechnical/7116 pimentechnical/7117 pimentechnical/7118 pimentechnical/7119 pimentechnical/7121 pimentechnical/7122 pimentechnical/7124 pimentechnical/7125 pimentechnical/7126 pimentechnical/7130 pimentechnical/7131 pimentechnical/7132 pimentechnical/7133 pimentechnical/7134 pimentechnical/7135 pimentechnical/7136 pimentechnical/7137 pimentechnical/7138 pimentechnical/7139 pimentechnical/7140 pimentechnical/7141 pimentechnical/7142 pimentechnical/7143 pimentechnical/7144 pimentechnical/7146 pimentechnical/7147 pimentechnical/7148 pimentechnical/7266 pimentechnical/7274 pimentechnical/7325 pimentechnical/7681 pimentechnical/7691 pimentechnical/7714 pimentechnical/7839 piratesignal/10382 piratesignal/10525 piratesignal/10526 piratesignal/10591 piratesignal/10660 piratesignal/10713 piratesignal/10770 piratesignal/10793 piratesignal/10886 piratesignal/10992 piratesignal/11070 piratesignal/11420 piratesignal/11641 piratesignal/11694 piratesignal/11753 piratesignal/11766 piratesignal/11925 piratesignal/11986 piratesignal/12088 piratesignal/12194 piratesignal/12646 piratesignal/13034 piratesignal/13052 piratesignal/13270 piratesignal/13394 piratesignal/13893 piratesignal/14318 piratesignal/14363 piratesignal/14473 piratesignal/14489 piratesignal/14523 piratesignal/14607 piratesignal/14617 piratesignal/14653 piratesignal/14895 piratesignal/14951 powerofcreed/1406 powerofcreed/1635 powerofcreed/1637 powerofcreed/1660 powerofcreed/1976 powerofcreed/2005 powerofcreed/2096 powerofcreed/2125 powerofcreed/2240 powerofcreed/2249 powerofcreed/2469 powerofcreed/2633 powerofcreed/2641 powerofcreed/2757 powerofcreed/3299 powerofcreed/4633 powerofcreed/4742 powerofcreed/5055 powerofcreeds/230 powerofcreeds/300 premiumbinancefutures/2449 premiumbinancefutures/3607 premiumbinancefutures/3610 premiumbinancefutures/3621 premiumbinancefutures/3640 premiumbinancefutures/3642 premiumbinancefutures/3666 premiumbinancefutures/3667 premiumbinancefutures/3672 premiumbinancefutures/3706 premiumbinancefutures/3707 premiumbinancefutures/3718 premiumbinancefutures/3720 premiumbinancefutures/3728 premiumbinancefutures/3735 premiumbinancefutures/3778 premiumbinancefutures/3827 premiumbinancefutures/3902 premiumbinancefutures/3978 premiumbinancefutures/4018 premiumbinancefutures/4190 premiumbinancefutures/4214 premiumbinancefutures/4245 premiumbinancefutures/4780 premiumbinancesignalsturkey/17906 premiumbinancesignalsturkey/43321 premiumbinancesignalsturkeyy/18728 premiumbinancesignalsturkeyy/18807 premiumcryptptrading/12222 premiumcryptptrading/12385 premiumcryptptrading/12540 premiumcryptptrading/13890 premiumsignalsforward/1176 premiumsignalsforward/1192 premiumsignalsforward/1212 premiumsignalsforward/1305 premiumsignalsforward/1342 premiumsignalsforward/1532 premiumsignalsforward/1591 premiumsignalsforward/1602 premiumsignalsforward/1628 premiumsignalsforward/1629 premiumsignalsforward/1691 premiumsignalsforward/1756 premiumsignalsforward/1765 premiumsignalsforward/1803 premiumsignalsforward/1822 premiumsignalsforward/1860 premiumsignalsforward/1876 premiumsignalsforward/1935 premiumsignalsforward/1940 premiumsignalsforward/1981 premiumsignalsforward/2010 premiumsignalsforward/2013 premiumsignalsforward/2041 premiumsignalsforward/2048 premiumsignalsforward/2057 premiumsignalsforward/2092 premiumsignalsforward/2106 premiumsignalsforward/2155 premiumsignalsforward/2164 premiumsignalsforward/2256 premiumsignalsforward/2307 premiumsignalsforward/2361 premiumsignalsforward/2379 premiumsignalsforward/2406 premiumsignalsforward/2469 premiumsignalsforward/2502 premiumsignalsforward/2585 premiumsignalsforward/2608 premiumsignalsforward/612 princelmcrypto/4421 pro_crypto_signals/4903 pro_crypto_signals/4995 proanalysistrader/22749 proanalysistrader/23123 proanalysistrader/23148 proanalysistrader/23178 proanalysistrader/23220 proanalysistrader/23406 proanalysistrader/23483 proanalysistrader/23559 proanalysistrader/23715 proanalysistrader/23739 proanalysistrader/23755 proanalysistrader/23789 proanalysistrader/23791 proanalysistrader/24039 proanalysistrader/24148 proanalysistrader/24182 proanalysistrader/24198 proanalysistrader/24203 proanalysistrader/24250 proanalysistrader/24270 proanalysistrader/24276 proanalysistrader/24358 proanalysistrader/24379 proanalysistrader/24547 proanalysistrader/24555 proanalysistrader/24622 proanalysistrader/24775 proanalysistrader/24779 proanalysistrader/24878 proanalysistrader/24896 proanalysistrader/24957 proanalysistrader/24967 proanalysistrader/25165 proanalysistrader/25237 proanalysistrader/25281 procloudtrading/1022 procloudtrading/1044 procloudtrading/1074 procloudtrading/1080 procloudtrading/1167 procloudtrading/1329 procloudtrading/1332 procloudtrading/1366 procloudtrading/1385 procloudtrading/1399 procloudtrading/1427 procloudtrading/1429 procloudtrading/1430 procloudtrading/1439 procloudtrading/1479 procloudtrading/1482 procloudtrading/1497 procloudtrading/897 procloudtrading/918 procloudtrading/928 procloudtrading/967 procrypto_signals/3133 procrypto_signals/3175 procrypto_signals/3176 procrypto_signals/3229 procrypto_signals/3607 procrypto_signals/3633 procrypto_signals/3672 procrypto_signals/3675 procrypto_signals/3706 procrypto_signals/3715 procrypto_signals/3727 procrypto_signals/3731 procrypto_signals/4047 procrypto_signals/4120 procrypto_signals/4260 procrypto_signals/4266 profitexecutor/1036 profitexecutor/1081 profitexecutor/1146 profitexecutor/1182 profitexecutor/1265 profitexecutor/1272 profitexecutor/1286 profitexecutor/1320 profitexecutor/1335 profitexecutor/1384 profitexecutor/1439 profitexecutor/1621 profitexecutor/1733 profitexecutor/1799 profitexecutor/1828 profitexecutor/1872 profitexecutor/1901 profitexecutor/1993 profitexecutor/2005 profitexecutor/2052 profitexecutor/2112 profitexecutor/2220 profitexecutor/2884 profitexecutor/290 profitexecutor/2994 profitexecutor/2999 profitexecutor/362 profitexecutor/429 profitexecutor/489 profitexecutor/501 profitexecutor/591 profitexecutor/606 profitexecutor/685 profitexecutor/735 profitexecutor/739 profitexecutor/742 profitexecutor/940 profitexecutor/952 proviptrader_real/2263 proviptrader_real/2334 pursuit4million/2075 pursuit4million/2281 pursuit4million/2356 pursuit4million/2445 pursuit4million/2458 pursuit4million/2459 pursuit4million/2460 pursuit4million/2462 pursuit4million/2464 pursuit4million/2468 pursuit4million/2473 pursuit4million/2474 pursuit4million/2476 pursuit4million/2479 pursuit4million/2480 pursuit4million/2483 pursuit4million/2484 pursuit4million/2485 pursuit4million/2486 pursuit4million/2489 pursuit4million/2490 pursuit4million/2491 pursuit4million/2493 pursuit4million/2497 pursuit4million/2498 pursuit4million/2502 pursuit4million/2504 pursuit4million/2536 pursuit4million/2538 pursuit4million/2548 pursuit4million/2549 pursuit4million/2550 pursuit4million/2553 pursuit4million/2556 pursuit4million/2565 pursuit4million/2577 pursuit4million/2578 pursuit4million/2586 pursuit4million/2605 pursuit4million/2639 pursuit4million/3042 pursuitformillion/3333 pushcrypto/789 pushcrypto/812 pushcrypto/842 pushcrypto/844 pushcrypto/904 pushcrypto/913 pushcrypto/920 ramseycrypto/3003 ramseycrypto/3204 ramseycrypto/3210 ramseycrypto/3250 ramseycrypto/3284 ramseycrypto/3303 ramseycrypto/3309 real_profit/2230 real_profit/2363 real_profit/2399 real_profit/2421 real_profit/2578 real_profit/2630 real_profit/2635 real_profit/2747 real_profit/2785 real_profit/2877 realtradings/7940 rmnvtrade/1859 rmnvtrade/1865 rmnvtrade/1879 rmnvtrade/1894 rmnvtrade/1935 rmnvtrade/1961 rmnvtrade/1964 rmnvtrade/1967 rmnvtrade/1985 rmnvtrade/2001 rmnvtrade/2008 rmnvtrade/2016 rmnvtrade/2024 rosecryptochannel/4901 rosecryptochannel/5168 rosecryptochannel/5194 rosecryptochannel/5599 rosecryptochannel/5653 rosecryptochannel/6105 rosecryptochannel/6345 rosecryptochannel/8462 rosecryptochannel/8629 rosepremiumm/3412 rosepremiumm/3537 rosepremiumm/3574 rosepremiumm/3629 rosepremiumm/3649 rosepremiumm/3961 rosepremiumm/4088 rosepremiumm/4190 rosepremiumm/4252 rosepremiumm/4439 rosepremiumm/4489 rosepremiumm/4518 rosepremiumm/4748 rosepremiumm/4901 rosepremiumm/4911 rosepremiumm/5039 rosepremiumm/5134 rosepremiumm/5159 rosepremiumm/5335 rosesignalspremium/10081 rosesignalspremium/10589 rosesignalspremium/3785 rosesignalspremium/3813 rosesignalspremium/3897 rosesignalspremium/3960 rosesignalspremium/3976 rosesignalspremium/4097 rosesignalspremium/4301 rosesignalspremium/4315 rosesignalspremium/4415 rosesignalspremium/6627 rosesignalspremium/6688 rosesignalspremium/6844 rosesignalspremium/7036 rosesignalspremium/8567 rosesignalspremium/9087 rosesignalspremium/9089 rosesignalspremium/9456 rosycuteechannel/4140 rubikavinsider/1244 rubikavinsider/1276 russiantradersvip/3598 safebunker/8821 sharkcryptotrading/1108 sharkcryptotrading/1116 sharkcryptotrading/1127 sharkcryptotrading/1180 sharkcryptotrading/1246 sharkcryptotrading/1247 sharkcryptotrading/1258 sharkcryptotrading/1654 sharkcryptotrading/2509 sharkcryptotrading/2572 sharkcryptotrading/2608 sharkcryptotrading/2625 sharkcryptotrading/648 sharkcryptotrading/719 sharkcryptotrading/726 sharkcryptotrading/727 sharkcryptotrading/760 sharkcryptotrading/767 sharkcryptotrading/775 sharkcryptotrading/815 sharkcryptotrading/913 sharkcryptotrading/919 sharkcryptotrading/920 sharkcryptotrading/926 sharkcryptotrading/946 sharkcryptotrading/978 signal_profits/3125 signal_profits/3134 signal_profits/3174 signal_profits/3178 signal_profits/3219 signal_profits/3237 signal_profits/3253 signal_profits/3280 signal_profits/3286 signal_profits/3303 signal_profits/3339 signal_profits/3340 signal_profits/3363 signal_profits/3392 signal_profits/3411 signal_profits/3440 signal_profits/3461 signal_profits/3482 signal_profits/3517 signal_profits/3528 signal_profits/3537 signal_profits/3588 signal_profits/3621 signal_profits/3622 signal_profits/3631 signal_profits/3644 signal_profits/3650 signal_profits/3662 signal_profits/3679 signal_profits/3682 signal_profits/3703 signal_profits/3713 signal_profits/3722 signalexpresss/10046 signalexpresss/10656 signalexpresss/10688 signalexpresss/10878 signalexpresss/10911 signalexpresss/10943 signalexpresss/11090 signalexpresss/11216 signalexpresss/11223 signalexpresss/11268 signalexpresss/11300 signalexpresss/11301 signalexpresss/11305 signalexpresss/11585 signalexpresss/12056 signalexpresss/12127 signalexpresss/12179 signalexpresss/12363 signalexpresss/12482 signalexpresss/12510 signalexpresss/12514 signalexpresss/12541 signalexpresss/12650 signalexpresss/12789 signalexpresss/12856 signalexpresss/12872 signalexpresss/12882 signalexpresss/5367 signalexpresss/5368 signalexpresss/5369 signalexpresss/5373 signalexpresss/5440 signalexpresss/5447 signalexpresss/5768 signalexpresss/5869 signalexpresss/5990 signalexpresss/5996 signalexpresss/6154 signalexpresss/6524 signalexpresss/7999 signalexpresss/8059 signalexpresss/8123 signalexpresss/8330 signalexpresss/8843 signalexpresss/8875 signalexpresss/9399 signalexpresss/9964 signalsfromcryptojournal/1120 signalsfromcryptojournal/309 signalsfromcryptojournal/328 signalsfromcryptojournal/376 signalsfromcryptojournal/431 signalsfromcryptojournal/504 signalsfromcryptojournal/718 signalsfromcryptojournal/800 signalsprofessor/2162 signalsprofessor/2360 signalsprofessor/2377 signalsprofessor/2572 signalsprofessor/2680 signalsprofessor/3598 signalsprofessor/3665 signalsprofessor/3676 signalsprofessor/3836 signalsprofessor/3859 signalsprofessor/4084 sigsigv/2437 sigsigv/2512 sigsigv/2815 sinsignals/1014 sinsignals/1081 sinsignals/1087 skyrocksignalsbasic/3130 skyrocksignalsbasic/3192 skyrocksignalsbasic/3256 skyrocksignalsbasic/3271 skyrocksignalspublic/3397 skyrocksignalspublic/3429 skyrocksignalspublic/3516 skyrocksignalspublic/4155 skyrocksignalspublic/4156 skyrocksignalspublic/4394 smithcoach smithcoach/1296 smithcoach/1464 smithcoach/1580 smithcoach/1618 smithcoach/1646 smithcoach/2250 smithcoach/2274 smithcoach/2633 smithcoach/3058 smithcoach/404 smithcoach/470 smithcoach/661 smithcoach/717 smithcoach/844 smithcoach/949 smithcoach/968 smithcoach/974 spottradersmp/259 strijka/601 strijka/610 strijka/615 strijka/620 strijka/625 strijka/627 strijka/628 strijka/645 strijka/647 strongbitmexbinancetasignals/2948 strongbitmexbinancetasignals/3257 tacademy_trade_different/564 tacademy_trade_different/565 tacademy_trade_different/581 tacademy_trade_different/583 tacademy_trade_different/650 tacademy_trade_different/733 tcgforyou/19486 tcgforyou/19840 tcgforyou/19885 tcgforyou/20078 tcgforyou/20337 tcgforyou/21368 tcgforyou/21741 tcgforyou/22226 tcgforyou/22268 tcgforyou/22308 tcgforyou/22836 tcgforyou/22837 tcgforyou/23064 tcgforyou/23685 tcgforyou/23744 tcgforyou/24037 tcgforyou/24311 tcgforyou/24366 tcgforyou/24369 tcvnnewbie/179 tcvnnewbie/258 tcvnnewbie/288 teamoctopuschannel/3352 techcryptoanalyst/1626 techcryptoanalyst/1841 techcryptoanalyst/2076 techcryptoanalyst/2178 techcryptoanalyst/2439 techcryptoanalyst/2510 techcryptoanalyst/2519 techcryptoanalyst/2567 techcryptoanalyst/2618 techcryptoanalyst/2643 techcryptoanalyst/2962 techcryptoanalyst/3072 techcryptoanalyst/4106 techcryptoanalyst/4796 techcryptoanalyst/4856 techcryptoanalyst/5282 techcryptoanalyst/5299 techcryptoanalyst/5389 techcryptoanalyst/5466 techcryptoanalyst/5552 techcryptoanalyst/5572 techcryptoanalyst/5667 techcryptoanalyst/5974 techcryptoanalyst/6319 techcryptoanalyst/6670 techcryptoanalyst/8288 the_hedger/1120 the_hedger/1219 the_hedger/1297 the_hedger/1360 the_hedger/1363 the_hedger/1672 the_hedger/1953 the_hedger/3158 the_hedger/3172 the_hedger/3207 the_hedger/3230 the_hedger/3287 the_hedger/3383 the_hedger/3458 the_hedger/3850 the_hedger/4074 the_hedger/4224 the_hedger/4242 the_hedger/4267 the_hedger/4295 the_hedger/4339 the_hedger/4443 the_hedger/4448 the_hedger/4484 the_hedger/4582 the_hedger/4698 the_hedger/4759 the_hedger/4960 the_hedger/5146 the_hedger/5275 the_hedger/5512 the_hedger/566 the_hedger/636 the_hedger/709 the_hedger/778 the_hedger/908 thebull_crypto/11376 thebull_crypto/11469 thebull_crypto/12416 thebull_crypto/12537 thebull_crypto/12910 thebull_crypto/13916 thebull_crypto/14087 thebull_crypto/3051 thebull_crypto/3199 thebull_crypto/3274 thebull_crypto/3587 thebull_crypto/4976 thebull_crypto/5865 thebull_crypto/6920 thebull_crypto/9372 thebullcrypto/1871 thebullcrypto/2045 thebullcrypto/2325 thecryptobull62/751 thecryptobull62/879 thecryptoexpress/12888 thecryptoexpress/12892 thecryptoexpress/12935 thecryptoexpress/12994 thecryptoexpress/13003 thecryptoexpress/13081 thecryptoexpress/13084 thecryptoexpress/13129 thecryptoexpress/13339 thecryptoexpress/13391 thecryptoexpress/13394 thecryptoexpress/13541 thecryptoexpress/13592 thecryptoexpress/13731 thecryptoexpress/13764 thecryptoexpress/13788 thecryptoexpress/13790 thecryptoexpress/13876 thecryptoexpress/13934 thecryptoexpress/14001 thecryptoexpress/14026 thecryptoexpress/14029 thecryptoexpress/14178 thecryptoexpress/14288 thecryptoexpress/14350 thecryptoexpress/14373 thecryptoexpress/14381 thecryptoexpress/14404 thecryptoexpress/14424 thecryptoexpress/14436 thecryptoexpress/14519 thecryptoexpress/14573 thecryptoexpress/14879 thecryptoexpress/14888 thecryptoexpress/14894 thecryptoexpress/14982 thecryptoexpress/14983 thecryptoexpress/15035 thecryptoexpress/15046 thecryptoexpress/15060 thecryptoexpress/15102 thecryptoexpress/15120 thecryptoexpress/15123 thecryptoexpress/15149 thecryptoexpress/15446 thecryptoexpress/15465 thecryptoexpress/15469 thecryptoexpress/15738 thehulkcryptochannel/2723 thehulkcryptochannel/3156 thehulkcryptochannel/3941 thehulkcryptochannel/5433 thehulkcryptochannel/5472 thehulkcryptochannel/5525 thehulkcryptochannel/5664 thehulkcryptochannel/5813 therich_trader/11147 therich_trader/11344 therich_trader/11513 therich_trader/12061 thewildcrypto/2105 thewildcrypto/2110 thewildcrypto/2121 thewildcrypto/2130 thewildcrypto/2131 thewildcrypto/2163 thewildcrypto/2168 thewildcrypto/2181 thewildcrypto/2211 thewildcrypto/2213 thewildcrypto/2231 thewildcrypto/2246 thewildcrypto/2252 thewildcrypto/2253 thewildcrypto/2256 thewildcrypto/2262 thewildcrypto/2299 thewildcrypto/2302 thewildcrypto/2305 thewildcrypto/2323 tommychartist/1014 tommychartist/1091 tommychartist/1159 tommychartist/1180 tommychartist/1222 tommychartist/1234 tommychartist/1629 tommychartist/1651 tommychartist/1875 tommychartist/1941 tommychartist/2126 tommychartist/2140 tommychartist/2220 tommychartist/2242 tommychartist/2379 tommychartist/2461 tommychartist/2481 tommychartist/2491 tommychartist/2768 tommychartist/2927 tommychartist/306 tommychartist/3061 tommychartist/3141 tommychartist/382 tommychartist/658 tommychartist/675 tommychartist/741 tommychartist/821 tommychartist/837 tommychartist/884 tommychartist/899 tommychartist/965 ton_crypton12/1729 ton_crypton12/1770 ton_crypton12/1772 ton_crypton12/1958 ton_crypton12/2099 top_crypto_channels/3957 top_crypto_channels/4300 top_crypto_channels/4314 top_crypto_channels/4318 top_crypto_channels/4360 top_crypto_channels/4370 top_crypto_channels/4393 top_crypto_channels/4402 top_crypto_channels/4406 top_crypto_channels/4409 topcryptoadvisor/4303 topcryptoadvisor/4308 toptradingarab1/2090 toptradingarab1/2346 toptradingarab1/2442 toptradingarab1/4408 toptradingview/2377 toptradingview/2409 toptradingview/2441 toptradingview/2448 toptradingview/2449 toptradingview/2456 toptradingview/2457 toptradingview/2474 toptradingview/2483 toptradingview/2497 toptradingview/2500 toptradingview/2509 toptradingview/2514 toptradingview/2524 toptradingview/2525 toptradingview/2530 toptradingview/2531 toptradingview/2539 toptradingview/2542 toptradingview/2546 toptradingview/2558 toptradingview/2566 toptradingview/2567 toptradingview/2574 toptradingview/2578 toptradingview/2580 toptradingview/2585 toptradingview/2602 toptradingview/2604 toptradingview/2606 toptradingview/2611 toptradingview/2612 toptradingview/2615 toptradingview/2616 toptradingview/2631 toptradingview/2636 toptradingview/2657 toptradingview/2671 toptradingview/2672 toptradingview/2684 toptradingview/2690 toptradingview/2692 toptradingview/2699 toptradingview/2703 toptradingview/2715 toptradingview/2716 toptradingview/2730 toptradingview/2754 toptradingview/2761 toptradingview/2778 toptradingview/2804 tradecoinwhalesvn/1155 tradecoinwhalesvn/1287 tradecoinwhalesvn/1462 tradecoinwhalesvn/1488 tradecoinwhalesvn/1499 tradecoinwhalesvn/571 tradecoinwhalesvn/732 tradecoinwhalesvn/961 tradecommunitycrypto/1099 tradecommunitycrypto/1120 tradecryptomt/1956 tradecryptomt/1997 tradecryptomt/2004 tradecryptonew/325 tradecryptonew/386 tradecryptonew/519 tradecryptonow/1149 tradecryptonow/1228 tradepolo/627 tradepolo/630 tradepolo/634 tradepolo/637 tradepolo/639 tradepolo/640 tradepolo/642 tradepolo/709 tradepolo/722 tradepolo/728 trader_mike/1289 trader_mike/1297 trader_mike/1298 trader_mike/1302 trader_mike/1311 trader_mike/1312 trader_mike/1317 trader_mike/1328 trader_mike/1334 trader_mike/1403 trader_mike/1410 trader_mike/1412 traderanalysis/4101 traderanalysis/4103 traderbinace/10802 traderbinace/11568 traderbinace/16325 traderbinace/17597 traderbinace/18031 traderbinace/18201 traderbinace/9783 tradersskoollofficial tradingbitmexsignal/3535 tradingbitmexsignal/3538 tradingbitmexsignal/3681 tradingbitmexsignal/4002 tradingbycf/38069 tradingbycf/38534 tradingbycf/38566 tradingbycf/38749 tradingbycf/38922 tradingbycf/39095 tradingbycf/39498 tradingbycf/39910 tradingbycf/39918 tradingbycf/39964 tradingbycf/40205 tradingbycf/40225 tradingbycf/40448 tradingbycf/40511 tradingbycf/41039 tradingbycf/41076 tradingbycf/41129 tradingbycf/41140 tradingbycf/41596 tradingbycf/41611 tradingbycf/41629 tradingbycf/41718 tradingbycf/41730 tradingbycf/41906 tradingbycf/42086 tradingbycf/42281 tradingbycf/42298 tradingbycf/42529 tradingbycf/42545 tradingbycf/42564 tradingbycf/42678 tradingbycf/42856 tradingbycf/43083 tradingbycf/43202 tradingbycf/43234 tradingbycf/43549 tradingbycf/43570 tradingbycf/43885 tradingbycf/44231 tradingbycf/44364 tradingbycf/44376 tradingbycf/44533 tradingbycf/44691 tradingbycf/45182 tradingbycf/45318 tradingbycf/45340 tradingbycf/45504 tradingbycf/45665 tradingbycf/45839 tradingbycf/45971 tradingbycf/46141 tradingbycf/46211 tradingbycf/46419 tradingbycf/46580 tradingbycf/47053 tradingbycf/47550 tradingbycf/47551 tradingbycf/48179 tradingbycf/48515 tradingbycf/48753 tradingbycf/48906 tradingbycf/48958 tradingbycf/49149 tradingbycf/49270 tradingbycf/49574 tradingbycf/49659 tradingbycf/49883 tradingbycforiginal/50028 tradingbycforiginal/50406 tradingbycforiginal/50407 tradingbycforiginal/50408 tradingbycforiginal/50656 tradingbycforiginal/50659 tradingbycforiginal/51081 tradingbycforiginal/51409 tradingbycforiginal/51608 tradingbycforiginal/51617 tradingbycforiginal/51704 tradingbycforiginal/51978 tradingbycforiginal/52082 tradingbycforiginal/52178 tradingbycforiginal/52179 tradingbycforiginal/52195 tradingbycforiginal/52749 tradingbycforiginal/52840 tradingbycforiginal/53044 tradingbycforiginal/53295 tradingbycforiginal/53316 tradingbycforiginal/53428 tradingbycforiginal/53472 tradingbycforiginal/53689 tradingbycforiginal/53690 tradingbycforiginal/53805 tradingbycforiginal/53959 tradingbycforiginal/54003 tradingcryptoassistant/1551 tradingcryptoassistant/32538 tradingcryptoassistant/32778 tradingcryptoassistant/33758 tradingcryptoassistant/34213 tradingcryptoassistant/34460 tradingcryptoassistant/34642 tradingcryptoassistant/34705 tradingcryptoassistant/34780 tradingcryptoassistant/34859 tradingcryptoassistant/34897 tradingcryptoassistant/35359 tradingcryptoassistant/36588 tradingcryptoassistant/36818 tradingcryptoassistant/37019 tradingcryptoassistant/37129 tradingcryptocoach/19129 tradingcryptocoach/19327 tradingcryptocoach/19413 tradingcryptocoach/20375 tradingcryptocoach/20380 tradingcryptocoach/23050 tradingcryptocoach/23154 tradingcryptocoach/23171 tradingcryptocoach/23391 tradingcryptocoach/23766 tradingcryptocoach/23773 tradingcryptocoach/28110 tradingcryptocoach/28348 tradingcryptocoach/29096 tradingcryptoindians/25457 tradingcryptoindians/25645 tradingcryptoindians/25650 tradingcryptoindians/25920 tradingcryptoindians/27013 tradingcryptoindians/28342 tradingcryptoindians/28932 tradingcryptoindians/29014 tradingcryptoindians/29080 tradingcryptoindians/29652 tradingcryptoindians/30004 tradingcryptoindians/30012 tradingcryptoindians/30023 tradingcryptoindians/30175 tradingempirechannel/23422 tradingheights/8641 tradingheights/8850 tradingheights/9201 tradingheights/9467 tradingheights/9762 tradingkingtips/1291 tradingkingtips/1362 tradingkingtips/1429 tradingkingtips/1433 tradingkingtips/1435 tradingkingtips/1462 tradingkingtips/1521 tradingkingtips/1626 tradingkingtips/1654 tradingkingtips/1661 tradingkingtips/1708 tradingkingtips/1733 tradingkingtips/2021 tradingkingtips/2039 tradingprocoach/10408 tradingprocoach/10698 tradingprocoach/10885 tradingprocoach/10893 tradingprocoach/11151 tradingprocoach/11176 tradingprocoach/11244 tradingprocoach/11310 tradingprocoach/11428 tradingprocoach/11500 tradingprocoach/11551 tradingprocoach/11741 tradingprocoach/11779 tradingprocoach/12572 tradingprocoach/12647 tradingsignalcoach/1828 tradingsignalz/25242 tradingsignalzz/26946 tradingsignalzz/27459 tradingsignalzz/27728 tradingsignalzz/27758 tradingsignalzz/27902 tradingsignalzz/28456 tradingsignalzz/28721 trustedbitmexbinance/14172 trustedbitmexbinance/14251 tryitpls/53292 twsiyat1/2407 twsiyat1/2428 twsiyat1/2431 twsiyat1/2469 twsiyat1/2481 twsiyat1/2671 twsiyat1/2714 twsiyat1/2726 twsiyat1/2727 twsiyat1/3112 twsiyat1/3417 twsiyat1/3419 twsiyat1/3628 twsiyat1/3774 twsiyat1/3844 twsiyat1/3856 twsiyat1/3871 twsiyat1/3936 twsiyat1/4075 twsiyat1/4297 twsiyat1/4331 v_crypto/4215 v_crypto/4218 v_crypto/4237 v_crypto/4238 v_crypto/4241 v_crypto/4256 v_crypto/4293 v_crypto/4310 v_crypto/4314 v_crypto/4329 v_crypto/4332 v_crypto/4336 v_crypto/4385 v_crypto/4434 v_crypto/4448 v_crypto/4455 v_crypto/4473 v_crypto/4481 v_crypto/4495 v_crypto/4506 v_crypto/4519 v_crypto/4528 v_crypto/4538 v_crypto/4547 v_crypto/4550 v_crypto/4555 v_crypto/4564 v_crypto/4566 v_crypto/4567 v_crypto/4571 v_crypto/4574 v_crypto/4584 v_crypto/4591 v_crypto/4608 v_crypto/4610 v_crypto/4611 v_crypto/4621 v_crypto/4624 v_crypto/4629 vip09binance/877 vip09binance/885 vip25all/58620 vip25all/58699 vip25all/58973 vip25all/59051 vipcryptoprofessional/8463 vipcryptoprofessional/8467 vipcryptoprofessional/8468 vipcryptoprofessional/8488 vipcryptoprofessional/8490 vipcryptoprofessional/8675 vipcryptoprofessional/8738 vipcryptoprofessional/8776 vipcryptoprofessional/8874 vipcryptoprofessional/8883 vipcryptoprofessional/8891 vipcryptoprofessional/8998 vipcryptoprofessional/9099 vipcryptoprofessional/9142 vipcryptoprofessional/9159 vipcryptoprofessional/9167 vipcryptoprofessional/9186 vipexpertsignals/2181 vipexpertsignals/2430 vipexpertsignals/3068 vipexpertsignals/3448 vipexpertsignals/3637 vipexpertsignals/3744 vipexpertsignals/3951 vipexpertsignals/4039 vipexpertsignals/4111 vipexpertsignals/6885 wallstreetbets_bitcoin/2002 wallstreetbets_bitcoin/2114 wallstreetbets_bitcoin/3312 wallstreetbets_bitcoin/3332 wallstreetbets_bitcoin/3668 wallstreetbets_bitcoin/3838 wallstreetbets_bitcoin/3864 wallstreetbets_bitcoin/5244 wallstreetbets_bitcoin/5272 wallstreetbets_bitcoin/5324 wallstreetbets_bitcoin/5415 wallstreetbets_bitcoin/5460 wallstreetbets_bitcoin/5520 wallstreetbets_trading/10010 wallstreetbets_trading/10164 wallstreetbets_trading/10214 wallstreetbets_trading/10336 wallstreetbets_trading/10349 wallstreetbets_trading/10358 wallstreetbets_trading/10563 wallstreetbets_trading/10692 wallstreetbets_trading/10697 wallstreetbets_trading/11233 wallstreetbets_trading/11236 wallstreetbets_trading/11260 wallstreetbets_trading/11313 wallstreetbets_trading/8341 wallstreetbets_trading/8379 wallstreetbets_trading/8440 wallstreetbets_trading/8487 wallstreetbets_trading/8665 wallstreetbets_trading/8948 wallstreetbets_trading/9052 wallstreetbets_trading/9122 wallstreetbets_trading/9212 wallstreetbets_trading/9228 wallstreetbets_trading/9251 wallstreetbets_trading/9270 wallstreetbets_trading/9327 wallstreetbets_trading/9356 wallstreetbets_trading/9437 wallstreetbets_trading/9465 wallstreetbets_trading/9500 wallstreetbets_trading/9512 wallstreetbets_trading/9537 wallstreetbets_trading/9759 wallstreetbets_trading/9787 wallstreetcryptotrader/4491 wallstreetcryptotrader/4529 wallstreetcryptotrader/4748 wallstreetcryptotrader/4881 wallstreetcryptotrader/4976 wallstreetcryptotrader/5177 wallstreetcryptotrader/5215 wallstreetcryptotrader/5236 wallstreetqueenofficial/2658 wbcc_official/1712 wbcc_official/1820 wbcc_official/2287 wbcc_official/2658 wbcc_official/2881 wbcc_official/3664 wbcc_official/3727 wbcc_official/4115 wbcc_official/4251 wbcc_official/4404 wbcc_official/4685 wbcc_official/7265 wbcc_official/7373 wcsechannel/10008 wcsechannel/10041 wcsechannel/10042 wcsechannel/10087 wcsechannel/10203 wcsechannel/10225 wcsechannel/10521 wcsechannel/10541 wcsechannel/10741 wcsechannel/10829 wcsechannel/10889 wcsechannel/11185 wcsechannel/11408 wcsechannel/11819 wcsechannel/12077 wcsechannel/12339 wcsechannel/12342 wcsechannel/12662 wcsechannel/12941 wcsechannel/13027 wcsechannel/13068 wcsechannel/13084 wcsechannel/13086 wcsechannel/13383 wcsechannel/13715 wcsechannel/14115 wcsechannel/14118 wcsechannel/14162 wcsechannel/14400 wcsechannel/14490 wcsechannel/14574 wcsechannel/14610 wcsechannel/14626 wcsechannel/14761 wcsechannel/14994 wcsechannel/15806 wcsechannel/15939 wcsechannel/16410 wcsechannel/16459 wcsechannel/16638 wcsechannel/16682 wcsechannel/16716 wcsechannel/17013 wcsechannel/17087 wcsechannel/17558 wcsechannel/17615 wcsechannel/18152 wcsechannel/18295 wcsechannel/18436 wcsechannel/18698 wcsechannel/18732 wcsechannel/18758 wcsechannel/19068 wcsechannel/19397 wcsechannel/19508 wcsechannel/19720 wcsechannel/19721 wcsechannel/19786 wcsechannel/20641 wcsechannel/21065 wcsechannel/22060 wcsechannel/22119 wcsechannel/22120 wcsechannel/22295 wcsechannel/22315 wcsechannel/23257 wcsechannel/6042 wcsechannel/6055 wcsechannel/6057 wcsechannel/6068 wcsechannel/6069 wcsechannel/6072 wcsechannel/6073 wcsechannel/6076 wcsechannel/6085 wcsechannel/6088 wcsechannel/6101 wcsechannel/6102 wcsechannel/6103 wcsechannel/6128 wcsechannel/6131 wcsechannel/6138 wcsechannel/6145 wcsechannel/6146 wcsechannel/6157 wcsechannel/6159 wcsechannel/6167 wcsechannel/6169 wcsechannel/6172 wcsechannel/6173 wcsechannel/6177 wcsechannel/6178 wcsechannel/6181 wcsechannel/6185 wcsechannel/6187 wcsechannel/6190 wcsechannel/6192 wcsechannel/6193 wcsechannel/6194 wcsechannel/6200 wcsechannel/6205 wcsechannel/6216 wcsechannel/6217 wcsechannel/6236 wcsechannel/6237 wcsechannel/6238 wcsechannel/6239 wcsechannel/6247 wcsechannel/6248 wcsechannel/6249 wcsechannel/6250 wcsechannel/6261 wcsechannel/6262 wcsechannel/6267 wcsechannel/6273 wcsechannel/6286 wcsechannel/6289 wcsechannel/6290 wcsechannel/6294 wcsechannel/6296 wcsechannel/6303 wcsechannel/6317 wcsechannel/6318 wcsechannel/6321 wcsechannel/6330 wcsechannel/6332 wcsechannel/6341 wcsechannel/6344 wcsechannel/6345 wcsechannel/6354 wcsechannel/6359 wcsechannel/6361 wcsechannel/6378 wcsechannel/6390 wcsechannel/6411 wcsechannel/6425 wcsechannel/6426 wcsechannel/6427 wcsechannel/6430 wcsechannel/6436 wcsechannel/6501 wcsechannel/6529 wcsechannel/6537 wcsechannel/6565 wcsechannel/7683 wcsechannel/7690 wcsechannel/7708 wcsechannel/7784 wcsechannel/7814 wcsechannel/7837 wcsechannel/7885 wcsechannel/7889 wcsechannel/7898 wcsechannel/7917 wcsechannel/7920 wcsechannel/7929 wcsechannel/7938 wcsechannel/7958 wcsechannel/7977 wcsechannel/7984 wcsechannel/7986 wcsechannel/7988 wcsechannel/8008 wcsechannel/8039 wcsechannel/8041 wcsechannel/8044 wcsechannel/8047 wcsechannel/8058 wcsechannel/8061 wcsechannel/8064 wcsechannel/8066 wcsechannel/8067 wcsechannel/8069 wcsechannel/8093 wcsechannel/8094 wcsechannel/8101 wcsechannel/8107 wcsechannel/8109 wcsechannel/8111 wcsechannel/8112 wcsechannel/8132 wcsechannel/8148 wcsechannel/8151 wcsechannel/8198 wcsechannel/8622 wcsechannel/8891 wcsechannel/9977 wegotothemoonn/5608 wegotothemoonn/5800 wegotothemoonn/5826 wegotothemoonn/6116 wey_wang/1268 wey_wang/1280 wey_wang/1308 wey_wang/1327 wey_wang/1336 wey_wang/1370 wey_wang/1402 wey_wang/1424 wey_wang/1444 wey_wang/1461 wey_wang/1486 wey_wang/1526 wey_wang/1538 wey_wang/1588 wey_wang/1616 wey_wang/1643 wey_wang/1700 wey_wang/1726 wey_wang/1748 wey_wang/1778 wey_wang/1836 wey_wang/928 wey_wang/941 wey_wang/952 whalepoolsignal/2697 whalepoolsignal1/10548 whalepoolsignal1/10896 whalepoolsignal1/11277 whalepoolsignal1/11637 whalepoolsignal1/13410 whalepoolsignal1/15248 whalepoolsignal1/17179 whalepoolsignal1/19285 whalepoolsignal1/19973 whalepoolsignal1/21193 whalepoolsignal1/21308 whalepoolsignal1/21406 whalepoolsignal1/22159 whalepoolsignal1/22692 whalepoolsignal1/23566 whalepoolsignal1/24061 whalepoolsignal1/24639 whalepoolsignal1/25899 whalepoolsignal1/26057 whalepoolsignal1/26070 whalepoolsignal1/8008 whales_signal22/32634 whales_signal22/32738 whales_signal22/32988 whales_signal22/33913 whales_signal22/34877 whales_signal22/36246 whales_signal22/36446 whales_signals/18472 whales_signals/18497 whales_signals/18513 whales_signals/18529 whales_signals/18576 whales_signals/18601 whales_signals/18613 whales_signals/19427 whales_signals/19534 whales_signals/19827 whales_signals/19911 whales_signals/20149 whales_signals/20643 whales_signals/21697 whales_signals/22094 whales_signals/22131 whales_trading/3479 whalesaltssignals/3755 whalesaltssignals/4008 whalesguide/10268 whalesguide/10315 whalesguide/10761 whalesguide/10879 whalesguide/10932 whalesguide/11212 whalesguide/11261 whalesguide/11335 whalesguide/11380 whalesguide/11601 whalesguide/11672 whalesguide/11964 whalesguide/11989 whalesguide/12096 whalesguide/12374 whalesguide/12471 whalesguide/12609 whalesguide/12838 whalesguide/12875 whalesguide/12910 whalesguide/12943 whalesguide/12992 whalesguide/13023 whalesguide/13322 whalesguide/13350 whalesguide/13525 whalesguide/13530 whalesguide/13587 whalesguide/13668 whalesguide/13753 whalesguide/13801 whalesguide/13847 whalesguide/13857 whalesguide/13995 whalesguide/14026 whalesguide/14126 whalesguide/14131 whalesguide/14563 whalesguide/14581 whalesguide/14605 whalesguide/14607 whalesguide/14718 whalesguide/14809 whalesguide/14843 whalesguide/14891 whalesguide/15078 whalesguide/15137 whalesguide/15154 whalesguide/15167 whalesguide/15228 whalesguide/15329 whalesguide/15421 whalesguide/15636 whalesguide/15661 whalesguide/15719 whalesguide/15774 whalesguide/15786 whalesguide/15916 whalesguide/15983 whalesguide/16080 whalesguide/16212 whalesguide/16334 whalesguide/16343 whalesguide/16414 whalesguide/16418 whalesguide/16446 whalesguide/16484 whalesguide/9571 whalesguide/9601 whalesguide/9621 whaleshunterchannel/1611 whaleshunterchannel/1659 whaleshunterchannel/1991 whaleshunterchannel/2064 whaleshunterchannel/2162 whaleshunterchannel/3097 whaleshunterchannel/3157 whaleshunterchannel/3198 whaleshunterchannel/3216 whaleshunterchannel/3847 whaleshunterchannel/4318 whaleshunterchannel/5101 whaleshunterchannel/5555 whaleshuntersofficial/1274 whaleshuntersofficial/1293 whaleshuntersofficial/1393 whaleshuntersofficial/1402 whaleshuntersofficial/1473 whaleshuntersofficial/1645 whaleshuntersofficial/1691 whaleshuntersofficial/1740 whaleswavessignals/4553 whaleswavessignals/5138 whaleswavessignals/5773 whaleswavessignals/5778 whaleswavessignals/5980 whaleswavessignals/6109 whaleswavessignals/6154 whaleswavessignals/6245 whaleswavessignals/6255 whaleswavessignals/6298 whaleswavessignals/6331 whaletank/3742 whaletank/3790 whaletank/3882 whaletank/3923 whaletank/3928 whaletank/3931 whaletank/4176 whaletank/4209 whaletank/4213 whaletank/4395 whaletank/4455 whaletank/4459 whaletank/4594 whaletank/4651 whaletank/4652 whaletank/4767 whaletank/4795 whaletank/4852 whaletank/4862 whaletank/5077 whaletank/5217 whaletank/5434 whaletank/5596 whaletank/5642 whaletank/5650 whaletank/5726 whaletank/5730 whaletank/5820 whaletank/5881 whaletank/5919 whaletank/5953 whaletank/6006 whaletank/6010 whaletank/6031 whaletank/6073 whaletank/6099 whaletank/6137 whaletank/6146 whaletank/6178 whaletank/6181 whaletank/6196 whaletank/6200 whaletank/6209 whaletank/6217 whaletank/6261 whaletank/6267 whaletank/6296 whaletank/6310 whaletank/6337 whaletank/6383 whaletank/6445 whaletank/6537 whaletank/6545 whaletank/6557 whaletank/6561 whaletank/6605 whaletank/6626 whaletank/6655 whaletank/6680 whaletank/6698 whaletank/6830 whaletank/6917 whaletank/7107 whaletank/7122 whaletank/7460 whaletank/7568 whaletank/7589 whaletank/7668 whaletank/7674 whaletracker/377396 whaletracker/378244 whaletracker/379466 whaletracker/379649 whaletracker/379909 whaletracker/380879 whaletracker/380915 whaletracker/380968 whaletracker/381700 whaletracker/382390 whaletracker/382829 whaletracker/384397 whaletracker/384538 whaletracker/384562 whaletracker/420258 whaleusa_binance/1113 white_bullss/8767 white_bullss/8788 white_bullss/8868 white_bullss/8895 white_bullss/8993 white_bullss/9003 whitebuilding/289 whitebuilding/300 whitebuilding/317 whitebuilding/333 whitebuilding/348 whitebuilding/476 whitebuilding/515 whitebuilding/525 whitebuilding/574 wildbitcoin/2550 wildbitcoin/3086 wildbitcoin/3118 wildbitcoin/3128 wildbitcoin/3166 wildbitcoin/3275 wildbitcoin/3462 wildbitcoin/3495 wildbitcoin/3538 wildbitcoin/3559 wildbitcoin/3575 wildbitcoin/3588 wildbitcoin/3610 wildbitcoin/3615 wildbitcoin/3633 wildbitcoin/3640 wildbitcoin/3654 wildbitcoin/3681 wildbitcoin/3709 wildbitcoin/3711 wildbitcoin/3714 wildbitcoin/3739 wildbitcoin/3751 wildbitcoin/3772 wildbitcoin/3808 wildbitcoin/3852 wildbitcoin/3912 wildbitcoin/3915 wildbitcoin/3919 wildbitcoin/3939 wildbitcoin/3944 wildbitcoin/3957 wildbitcoin/4016 wildbitcoin/4075 wildbitcoin/4104 wildbitcoin/4105 wildbitcoin/4159 wildbitcoin/4382 wildbitcoin/4383 wildbitcoin/4388 wildbitcoin/4420 wildbitcoin/4449 wildbitcoin/4557 wildbitcoin/4569 wildbitcoin/4613 wildbitcoin/4730 wildbitcoin/4744 wildbitcoin/4755 wildbitcoin/4803 wildbitcoin/4850 wildbitcoin/4965 wiseanalyze/10044 wiseanalyze/10179 wiseanalyze/10345 wiseanalyze/10376 wiseanalyze/10397 wiseanalyze/10950 wiseanalyze/11049 wiseanalyze/11182 wiseanalyze/11936 wiseanalyze/11948 wiseanalyze/11966 wiseanalyze/9240 wlcmnbrd wolfcryptosignals4/8213 wolfonairepremiumchannel/3728 wolfonairepremiumchannel/4022 wolfonairepremiumchannel/4208 wolfonairepremiumchannel/4353 wolfonairepremiumchannel/4381 wolfonairepremiumchannel/4599 wolfonairepremiumchannel/4671 wolfonairepremiumchannel/4711 wolfonairepremiumchannel/4768 wolfonairepremiumchannel/5473 wolfonairepremiumchannel/5875 wolfonairepremiumchannel/6000 wolfonairepremiumchannel/6057 wolfonairepremiumchannel/6081 wolfonairepremiumchannel/6168 wolfonairepremiumchannel/6444 wublockchainen/2361 xcryxptox/4267 xcryxptox/4285 xcryxptox/4312 xcryxptox/4331 yocrypto yokocrypto/1079 yokocrypto/1128 yokocrypto/1536 yokocrypto/1558 yokocrypto/1651 yokocrypto/1839 yokocrypto/1903 yokocrypto/1905 yokocrypto/1920 yokocrypto/1979 yokocrypto/2581 yokocrypto/2642 yokocrypto/2879 yokocrypto/2899 yokocrypto/2921 yokocrypto/3137 yokocrypto/3297 yokocrypto/3576 yokocrypto/3584 yokocrypto/3627 yokocrypto/696 yokocrypto/715 yokocrypto/731 yokocrypto/847 yokocrypto/969 yokocrypto/997 yousefbtc/20900 yousefbtc/21015 zaghloultradingzaghluol/1990 zaghloulwmazentrading/2779 zbscapital/89 zerononcense/20793 zerononcense/20985 zerononcense/21040 zerononcense/21124 zerononcense/21135 zerononcense/21149 zerononcense/21151 zerononcense/21679 zerononcense/21825 zerononcense/22835 zerononcense/22841 zerononcense/23027 zerononcense/23039 zerononcense/23042 zerononcense/23046 zerononcense/23599 zolansignal zolansignal/10309 zolansignal/10735 zolansignal/11235 zolansignal/11583 zolansignal/14444 zolansignal/16396 zolansignal/9674,Crypto,tgdataset,2,public_db/folder_1/file_58_from_Limit_sk_to_lotterybillz.json
1156286381,LORDFOREXWORD,ATRIO FX-WORLD WIDE,THE FREE WORLD OF TRADING SKILLS,False,False,643,49,2022-02-03,0,,Crypto,tgdataset,2,public_db/folder_1/file_58_from_Limit_sk_to_lotterybillz.json
1370726192,glassnode,Glassnode,Pioneering on-chain market analysis.  Advanced charts/data/insights for investors in Bitcoin and digital assets.  https://studio.glassnode.com/,False,False,40190,538,2022-07-29,0,,Crypto,tgdataset,2,public_db/folder_1/file_38_from_giveyouadvice_to_gospozhaglavred.json
1345811472,globalbsn,BSN,BSN Official Channel  Official website: https://bsnbase.io  Telegram Group: https://t.me/bsnsupport  Twitter: https://twitter.com/bsnbase  Facebook: https://www.facebook.com/bsnbase  Reddit: https://www.reddit.com/r/BSNBase,False,False,305,355,2022-07-08,5,bsnsupport globalbsn irisnetwork neo_en nervosnetwork,Crypto,tgdataset,2,public_db/folder_1/file_38_from_giveyouadvice_to_gospozhaglavred.json
1372160682,globalcryptoinvestment,ICA Updates,Welcome to International Crypto Association!We know we improve ourselves with our customers.For any questions or informations about our premium services: Membership/Paid Promotion: @cryptosupprt  Cross: @Tugito Email: cryptoassociationchannel@gmail.com,False,False,70,1425,2019-12-12,16,butler_4c_bot contact_4c countprofits dynastysignal forexprofessionalteam internationalcryptoassociation joinchat/aaaaae9fjvmtds0poo0oiw joinchat/aaaaaedaa5yz2_0uwt71wg joinchat/aaaaaeesz0xku6i4lro6ja joinchat/aaaaaerqwbxzj6t4ziw8eg joinchat/aaaaaevnqhzfont1ux2cvw joinchat/aaaaafetiu_qxw-wyz20mq joinchat/aaaaafpfnnxqjod_6wqk0w officialcyrptosignals officialforexuk whaleparasite,Crypto,tgdataset,2,public_db/folder_1/file_38_from_giveyouadvice_to_gospozhaglavred.json
1363703958,Goldaktien,1000 Bagger Report,REICH MIT GOLDAKTIEN https://gebert-trade.weebly.com/1000-bagger-potential.html,False,False,29,716,2022-07-30,1,goldaktien,Crypto,tgdataset,2,public_db/folder_1/file_38_from_giveyouadvice_to_gospozhaglavred.json
1209424557,GoldTradeNews,Gold Trade News,,False,False,126,626,2022-07-31,61,agesabmyk besttokennews binancedailynews bitcoininventors blockchainreport brunopuno capitolnews cardanoreport chicagoreporter cnnunmasked coinbasereport coinbasereport/545 cryptoartmuseum cryptopunksclub cryptosignalsmust ctbch daoautonomous elonmuskinfo ethereumdaily goldtradenews greatawakeningchannel greatawakeningofficial inchnews jeffbridgemaker jerusalemtribune johnfkennedyjr metaverseaccount nftcollectorgroup nftfair nftreport nicolateslanews noahsprophecy officialsatoshi officialsatoshi/4837 s/sbmkcoin sabmyk sabmyk/75 sbmkchat sbmkcoin sbmkcoin/13 sbmkme sbmkme/132 sbmkme/134 sbmkme/16 sbmkme/172 sbmkme/185 sbmkme/187 sbmkme/192 sbmkme/197 sbmkme/68 sebastianbieniek shawunawaz shibainuinfo solanainfo stablecoinnews supernarrativ thecryptomeme theeconomynews theeuropenews therevolutionnow tuckercarlsonnews,Crypto,tgdataset,2,public_db/folder_1/file_38_from_giveyouadvice_to_gospozhaglavred.json
1391285381,GoldTradingPK,PK GOLD TRADING,You Will Get Profitable Scalping and Swing Trade Signals : Follow My Signal with Confidence Okay Guys.  For Trading Techniques : https://t.me/FxEducationPk   Owner : @teampk_trader,False,False,1334,1099,2022-07-19,9,+5j1ys52t0fswzjy0 fxeducationpk fxeducationpk/32 fxeducationpk/4 fxeducationpk/5 gold_pips30 goldtradingpk/1422 goldtradingpk/675 joinchat/lz-xljgwcum5njzk,Crypto,tgdataset,2,public_db/folder_1/file_38_from_giveyouadvice_to_gospozhaglavred.json
1226525967,KaloianICO,Bitcoin Earnings,"ICO Airdrops, Faucets, Cloud Mining, Wallets, FREE Stuff and More!",False,False,108,949,2022-07-28,61,abitchainbot airsavetravelbot akaiito_airdropbot altillyairdropbot apollo_airdrop_bot atf_bounty_bot atlantairdropbot basicattentionairdropbot bitbazar_bot bitnautic_bot blackinsurebot btrcairdropbot bugisairdropbot chronobankrefbot cointourgroup consentium_contentbountybot cpropbot cybermilesbot cytecoin_airdropbot dicet_bot dominiumairdropbot dxchainbot earthmedz_bountybot echrgbot enlte_bot eventchainbot gec_airdrop_bot get_bidipass_tokens_bot get_dtc_bot getunion_bot gitch_bot gladagebot hashflare_news_eng idiceairdropbot investinbrokers_bot keepairdrop_bot kinguinicopublic kryptoniumbot kryptonoknowbot lictoken_bot litcoindark_airdrop_bot masscoinairdropbot maximineairdropbot nukleusbot perucoinairdropbot plasmapaybountybot prevue_bot refork_ico_airdrop2_bot rpdairdropbot scidexreferralbot skyfchainairdropbot spikingairdropbot sudangoldairdropbot tadrairdropbot terravirtuadrop_bot ttc_airdropbot ubcoin_bot uchit_bot vexdropbot zengoldairdropbot zetochainbot,Crypto,tgdataset,2,public_db/folder_1/file_50_from_JSMagazine_to_kanounha_ru.json
1121803054,itubernews,iTuber Crypto News,✅ YouTube channel: https://goo.gl/prpjNR ✅ Telegram news: https://t.me/itubernews               ✅ Contact @batv1,False,False,4073,7878,2022-07-29,90,ab_chain addstickers/ituber aergoofficial alexeypog attrace bakkt/62 banca_official cardstack cryptopi_news cryptoved dehedgeofficialchat eligma fantom_english gold_ico gold_ico/14 gold_ico/2 gold_ico/22 gold_ico/3 gold_ico/7 gold_ico/8 gold_ico/9 haccking icotoday innopros_bot ireneenergy ituber_fund ituber_fund/86 ituberbounty ituberdefi ituberdevelopers ituberexchange itubergolos itubernews joinchat/aaaaaedfszditksbowx3xq joinchat/aaaaaeh4i8tgj3utydpk5q joinchat/aaaaaelo5dgs5cw0bpfsnqe joinchat/cv8tcummqraa9p5s0n7c-a joinchat/d6qrbt_ekhswqyt-okmbvq joinchat/d6qrbt_ekhtyetaghxlddq joinchat/d6qrbudfszdncphd7u4kiw joinchat/d6qrbudfszecauh3uxioja joinchat/d6qrbuif_mynfxbaj-2tgw joinchat/d6qrbuif_myyazkil2rubw joinchat/d6qrbulo5dfonmpyaw_hfq joinchat/d6qrbulo5dhm4g8chm2vdg joinchat/fq2kid_ekhqkut5xa9tpvg joinchat/fq2kid_ekhqxiya2vdgduq joinchat/fq2kid_ekhqzz5vladdenq joinchat/fq2kid_ekhrv4fjtn6cytq joinchat/fq2kid_ekhrvhyagzu3qaq joinchat/fq2kid_ekhryblzmyjy7hw joinchat/fq2kid_ekhse5vdwu0zkpw joinchat/fq2kid_ekhsenaqgsrdwzg joinchat/fq2kid_ekhszz1vfd_ieja joinchat/fq2kid_ekhtz8zwyvs7u2g joinchat/fq2kiedfszcc_dfizjtpig joinchat/fq2kiedfszcexsawvhkxig joinchat/fq2kiedfszeemfwdizhqua joinchat/fq2kiedfszef-y6tmyxf6q joinchat/fq2kiedfszekadm-d35dia joinchat/fq2kiedfszf8toou59jlrg joinchat/fq2kiedfszfr5nvbuk6wug joinchat/fq2kieif_mxckodg1wgbnq joinchat/fq2kieif_mxhm2sc6jpzmw joinchat/fq2kieif_my3kc_o73ixhw joinchat/fq2kieif_mywfkdltp4c4q joinchat/fq2kieif_mza90mav_isrg joinchat/fq2kieif_mzvucvcho8u4q joinchat/fq2kielo5dfl4ydhbrabdq joinchat/fq2kielo5dg-j5ot7zynxw joinchat/fq2kielo5dgjmjqlk7da2q joinchat/fq2kielo5dgkfovr0dnb9g joinchat/fq2kielo5dgoakggp9whdq joinchat/fq2kielo5dgshmcuelplzg joinchat/fq2kielo5dhgz5uphekg7g kiberworld kucoin_news/1268 metadiumofficial mobuchat olympuslabsrussia origoofficialgroup powerledger projshivom pumapay sentinelprotocol sixnetwork tokenstars_ru tradetoken viewly xyonetwork,Crypto,tgdataset,2,public_db/folder_1/file_48_from_IswingI_to_jarchi_press.json
1386020896,JackDorseyCoins,Jack Dorsey Coins 🚀,Jack thoughts and memes about Crypto,False,False,57540,3173,2022-07-31,165,addstickers/greenshiba_ginu binance_telegram/2329 binance_telegram/2464 binance_telegram/2879 binance_telegram/2882 binance_telegram/2967 binancewaves binancewaves/3560 binancewaves/3797 binancewaves/3798 binancewaves/3902 binancewaves/3909 binancewaves/3939 binancewaves/3954 binancewaves/4012 binancewaves/4050 binancewaves/4063 binancewaves/4110 binancewaves/4128 binancewaves/4234 binancewaves/4319 binancewaves/4468 binancewaves/4497 binancewaves/4507 binancewaves/4715 binancewaves/4746 binancewaves/4850 binancewaves/4883 binancewaves/4922 binancewaves/4927 binancewaves/4947 binancewaves/6488 bsc_nft bsc_nft/602 bsc_nft/639 crypto_news crypto_news/19010 crypto_swings/10031 crypto_swings/10038 crypto_swings/9457 crypto_swings/9472 crypto_tweets/14264 crypto_tweets/4857 crypto_tweets/4921 crypto_tweets/5383 crypto_tweets/6548 cryptocoinscoach cryptocoinscoach/24102 cryptocoinscoach/24521 cryptocoinscoach/25145 cryptocoinscoach/25327 cryptocoinscoach/25493 cryptocoinscoach/25525 cryptocoinscoach/25542 cryptocoinscoach/25555 cryptocoinscoach/25561 cryptocoinscoach/25594 cryptocoinscoach/25650 cryptocoinscoach/25657 cryptocoinscoach/25753 cryptocoinscoach/25781 cryptocoinscoach/25792 cryptocoinscoach/25906 cryptocoinscoach/26198 cryptocoinscoach/26221 cryptocoinscoach/26235 cryptocoinscoach/26249 cryptocoinscoach/26330 cryptocoinscoach/26354 cryptocoinscoach/26409 cryptocoinscoach/26443 cryptocoinscoach/26455 cryptocoinscoach/26486 cryptocoinscoach/26541 cryptocoinscoach/26571 cryptocoinscoach/26583 cryptocoinscoach/26676 cryptocoinscoach/26682 cryptocoinscoach/26745 cryptocoinscoach/26790 cryptocoinscoach/26797 cryptocoinscoach/26855 cryptocoinscoach/26979 cryptocoinscoach/27017 cryptocoinscoach/27051 cryptocoinscoach/27093 cryptocoinscoach/27160 cryptocoinscoach/27189 cryptocoinscoach/27314 cryptocoinscoach/27328 cryptocoinscoach/27368 cryptocoinscoach/27566 cryptocoinscoach/27630 cryptocoinscoach/27672 cryptocoinscoach/27753 cryptocoinscoach/27782 cryptocoinscoach/27790 cryptocoinscoach/27821 cryptocoinscoach/27856 cryptocoinscoach/27881 cryptocoinscoach/27897 cryptocoinscoach/27944 cryptocoinscoach/27952 cryptocoinscoach/27984 cryptocoinscoach/28015 cryptocoinscoach/28029 cryptocoinscoach/28032 cryptocoinscoach/28051 cryptocoinscoach/28069 cryptocoinscoach/28087 cryptocoinscoach/28115 cryptocoinscoach/28136 cryptocoinscoach/28152 cryptocoinscoach/28226 cryptocoinscoach/28233 cryptocoinscoach/28253 cryptocoinscoach/28267 cryptocoinscoach/28276 cryptocoinscoach/28282 cryptocoinscoach/28295 cryptocoinscoach/28300 cryptocoinscoach/28321 cryptocoinscoach/28349 cryptocoinscoach/28399 cryptocoinscoach/28424 cryptocoinscoach/28439 cryptocoinscoach/28444 cryptocoinscoach/28490 cryptocoinscoach/28494 cryptocoinscoach/28503 cryptocoinscoach/28560 cryptocoinscoach/28563 cryptocoinscoach/28605 cryptocoinscoach/28661 cryptocoinscoach/28694 cryptocoinscoach/28715 cryptocoinscoach/28732 cryptocoinscoach/28743 cryptocoinscoach/28754 cryptocoinscoach/28759 cryptocoinswaves/2823 cryptocoinswaves/3094 drep_airdrop_bot fanziesnft forex_tradings/7134 forex_tradings/7631 ginu_airdrop_bot ginu_announcements ginu_chat greeninu greeninu/14 jackdorseycoins jackdorseycoins/1305 jackdorseycoins/2670 jackdorseycoins/3108 jackdorseycoins/3117 jackdorseycoins/3155 joinchat/0anwbtykshk1mte0 joinchat/3byvujmefjdlmdu0 joinchat/_fgfwp9cnwjhnjg0 joinchat/jn4gcxivg380otq0 joinchat/mhmhy7vm2uo0ntzk joinchat/up0aifwfn9m374_v joinchat/yfdj5syuhnw1otq8 nav_airdrop_bot,Crypto,tgdataset,2,public_db/folder_1/file_48_from_IswingI_to_jarchi_press.json
1429538605,gram2223,IMG_0193.MP4,To earn money with out any investment for absolutely free u can make upto 1000$ in just a month it takes 10-30 mins of work per-day completely free to start works all around the world including Ethiopia and withdrawals available via bitcoin paypal …,False,False,36,7,2021-07-17,0,,Crypto,tgdataset,2,public_db/folder_1/file_39_from_gosprogramma_to_gurujimode.json
1323777222,GRANDMASTERSIFUJI,Binany paid signal,,False,False,248,1775,2022-06-03,2,earn_billion earn_million,Crypto,tgdataset,2,public_db/folder_1/file_39_from_gosprogramma_to_gurujimode.json
1219677751,grbairdrop,Free Airdrops,@GrabAirdrop,False,False,31,195,2021-08-18,2,cubiexesports gainsquizzes,Crypto,tgdataset,2,public_db/folder_1/file_39_from_gosprogramma_to_gurujimode.json
1129142587,guardawallet,Guarda Crypto Wallet,"Guarda Crypto Wallet is a financial supermarket supporting 50+ blockchains and 400K+ tokens. Buy, stake, exchange, send, and receive. Just check additional services in pinned posts!  Website: https://guarda.com TG Community: @guarda_community",False,False,2650,638,2022-07-27,70,guarda_community guarda_community/31359 guarda_community/76356 guarda_community/78146 guardawallet guardawallet/156 guardawallet/173 guardawallet/175 guardawallet/176 guardawallet/180 guardawallet/211 guardawallet/214 guardawallet/220 guardawallet/221 guardawallet/222 guardawallet/226 guardawallet/230 guardawallet/238 guardawallet/239 guardawallet/243 guardawallet/247 guardawallet/250 guardawallet/252 guardawallet/262 guardawallet/270 guardawallet/272 guardawallet/274 guardawallet/276 guardawallet/281 guardawallet/287 guardawallet/299 guardawallet/309 guardawallet/311 guardawallet/314 guardawallet/326 guardawallet/340 guardawallet/342 guardawallet/345 guardawallet/346 guardawallet/515 guardawallet/541 guardawallet/553 guardawallet/566 guardawallet/567 guardawallet/583 guardawallet/585 guardawallet/587 guardawallet/588 guardawallet/589 guardawallet/624 guardawallet/638 guardawallet/642 guardawallet/646 guardawallet/651 guardawallet/666 guardawallet/679 guardawallet/681 guardawallet/682 guardawallet/683 guardawallet/685 guardawallet/687 guardawallet/690 guardawallet/699 guardawallet/718 guardawallet/722 guardawallet/731 harmony_one/943641 kaizerwhatever kishuinucommunity xinfin,Crypto,tgdataset,2,public_db/folder_1/file_39_from_gosprogramma_to_gurujimode.json
1220512150,Gumboleaks,Gumbo Snipes,"High quality, original, market analysis.                                                  Already 100x, lets make it 1000x.                                           Futures trades. Spot calls. Swing Trades.                          Not financial advice.",False,False,901,857,2022-07-31,0,,Crypto,tgdataset,2,public_db/folder_1/file_39_from_gosprogramma_to_gurujimode.json
1108179394,icodrops,ICO Drops - ICO News & Alerts,https://icodrops.com/ - Simple and beautiful ICO Calendar with independent ratings & analytics. With us it's impossible to miss the next great #ICO. 🚀  Contacts: @icodrops_support (for any questions),False,False,55350,10063,2022-07-31,279,aergoofficial/82916 akashnw algorand/51264 aliceannouncements/250 anrknetworkann/30 anrknetworkann/468 anrknetworkann/469 anrknetworkann/470 anrknetworkann/475 anrknetworkann/515 anrknetworkann/556 anrknetworkann/557 anrknetworkann/572 anrknetworkann/582 anrknetworkann/584 anrknetworkann/607 arcblock/423760 artoken atonomi_announcements/71 auditchain_community avalanche_announcements/110 betprotocol_announcements/79 bilaxy_announcements/417 binance_announcements/1541 binance_announcements/1546 binance_announcements/2830 binance_ru/1588 bitmaxofficialannouncement/1024 bitmaxofficialannouncement/742 bitmaxofficialannouncement/774 bluzelleann/637 bluzelleann/638 bluzelleann/662 bluzelleann/664 bluzelleann/672 bluzelleann/677 bluzelleann/755 bttbittorrent carryprotocol_announcement/152 casperofficialann/681 cerenetwork/128 cerenetwork/134 cerenetwork/135 cerenetwork/137 cerenetwork/143 cerenetwork/299 cerenetwork/81 check0x/7 chromawaychromapolis/123 coinlistofficialchannel/33 coldstack_ann/51 coldstack_ann/68 covalenthq/166275 covalenthqann/212 covalenthqann/271 crypto_eli5 daomaker_ann/518 daomaker_ann/567 diaannouncements/57 diaannouncements/61 dropstab_en durov/116 durov/118 durov/175 dxchainchannel/107 elrondnetworkann/1022 elrondnetworkann/1077 elrondnetworkann/1143 elrondnetworkann/1511 elrondnetworkann/442 elrondnetworkann/444 elrondnetworkann/451 elrondnetworkann/453 elrondnetworkann/456 elrondnetworkann/461 elrondnetworkann/472 elrondnetworkann/498 elrondnetworkann/510 elrondnetworkann/512 elrondnetworkann/513 elrondnetworkann/524 elrondnetworkann/554 elrondnetworkann/555 elrondnetworkann/568 elrondnetworkann/569 elrondnetworkann/577 elrondnetworkann/616 elrondnetworkann/660 elrondnetworkann/705 elrondnetworkann/762 elrondnetworkann/798 elrondnetworkann/810 elrondnetworkann/855 elrondnetworkann/869 elrondnetworkann/891 elrondnetworkann/906 elrondnetworkann/963 etherdrops1_bot etherdrops6_bot etherdrops_bot exmarkets_exchange findoraen/316112 fletaofficialgroup frontierdotxyz/496 frontierdotxyz/497 graphprotocolofficial/28 guildfi_dex hypersign_ann/73 hyprrcommunity icodropsreport icodropsreport/35 icodropsreport/36 icodropsreport/37 icodropsreport/38 icodropsreport/39 icodropsreport/40 icodropsreport/42 icodropsreport/43 icodropsreport/44 icodropsreport/45 icodropsreport/46 icodropsreport/47 icodropsreport/48 icodropsreport/50 icodropsreport/52 icodropsreport/54 icodropsreport/55 icodropsreport/56 icodropsreport/58 icodropsreport/60 icodropsreport/61 icodropsreport/63 icodropsreport/66 icodropsreport/67 icodropsreport/69 icodropsreport/73 iguverse joinchat/a64tl0uyuxocgf4wxavr3a joinchat/aa3z-uk4-xwtkbj0yvaruw joinchat/aa3z-ur8kn4cx6kq_cwh6g joinchat/foiso0k4-xxbkpeikfdgow joinchat/foiso0r8kn58innlqnnjlg joinchat/g47gca8f5eyffesilw7h2w joinchat/stj5dt3rgkpm1_ch joinchat/ymercihbfz9mndc0 joininjective lightstreams linearfinanceofficial ltoinfo/351 ltoinfo/613 ltoinfo/619 ltoinfo/621 ltoinfo/625 marlinprotocolann/56 maticnetwork_announcements/1020 maticnetwork_announcements/1033 maticnetwork_announcements/1037 maticnetwork_announcements/1040 maticnetwork_announcements/1049 maticnetwork_announcements/1058 maticnetwork_announcements/1064 maticnetwork_announcements/1067 maticnetwork_announcements/1071 maticnetwork_announcements/1079 maticnetwork_announcements/1081 maticnetwork_announcements/1083 maticnetwork_announcements/1084 maticnetwork_announcements/1085 maticnetwork_announcements/1088 maticnetwork_announcements/1093 maticnetwork_announcements/1100 maticnetwork_announcements/1108 maticnetwork_announcements/1111 maticnetwork_announcements/1115 maticnetwork_announcements/1118 maticnetwork_announcements/1119 maticnetwork_announcements/1120 maticnetwork_announcements/1122 maticnetwork_announcements/1123 maticnetwork_announcements/1124 maticnetwork_announcements/1126 maticnetwork_announcements/1129 maticnetwork_announcements/1139 maticnetwork_announcements/1140 maticnetwork_announcements/1144 maticnetwork_announcements/1148 maticnetwork_announcements/1152 maticnetwork_announcements/1153 maticnetwork_announcements/1154 maticnetwork_announcements/1169 maticnetwork_announcements/1172 maticnetwork_announcements/1175 maticnetwork_announcements/1178 maticnetwork_announcements/1181 maticnetwork_announcements/1192 maticnetwork_announcements/1254 maticnetwork_announcements/1255 maticnetwork_announcements/1265 maticnetwork_announcements/1277 maticnetwork_announcements/1280 maticnetwork_announcements/1307 maticnetwork_announcements/1311 maticnetwork_announcements/1320 maticnetwork_announcements/1336 maticnetwork_announcements/1337 maticnetwork_announcements/1344 maticnetwork_announcements/1391 maticnetwork_announcements/802 maticwalletweb nebulasio neutrino_protocol_news/120 okexofficial_en/236989 okexofficial_en/468724 origoofficial/157 origoofficial/227 origoofficial/497 paypie/14 pchain_org/88237 perlinnetwork/29 persistenceone/230 persistenceone/76 persistenceone/96 persistenceonechat/96680 phantasma_announcements/52 pledgefinanceann pledgerfinance plotx_ann/182 plotx_ann/310 plotx_ann/66 plotx_ann/75 polarschat polarsio/574 prosperan/75 selfkey sparksternews/285 sparksternews/295 sparksternews/306 stafi_ann/125 stafi_ann/155 stafi_ann/156 structureofficial/7 thedapplist/7 thorchain/799 tidalann/130 tomochainchannel/188 top7ico unilendannouncement/105 unilendannouncement/115 unilendannouncement/120 unilendannouncement/121 unilendannouncement/150 unilendannouncement/16 unilendannouncement/17 unilendannouncement/18 unilendannouncement/21 unilendannouncement/24 unilendannouncement/25 unilendannouncement/274 unilendannouncement/288 unilendannouncement/298 unilendannouncement/319 unilendannouncement/330 unilendannouncement/346 unilendannouncement/354 unilendannouncement/365 unilendannouncement/618 unilendannouncement/90 unilendannouncement/98 unilendannouncement/99 unrealannouncements/17 uranusann/44 uranusann/91 vite_ann/27 wanchainann/78 wavesnews/1972 wavesnews/2076 wink_org_official/2137073 wink_org_official/2137091 zilliqa/173,Crypto,tgdataset,2,public_db/folder_1/file_44_from_i69ts_to_ilmiyjurnaluz.json
1212919441,iconinjasnews,Corleone’s research news,,False,False,183,55,2022-04-10,9,arpa_community avalanchecoin corleonealpha joinchat/euertxiledefhbdd8pd0dw linixfoundation logosofficial microcraps mricochannel/346 neutralproject,Crypto,tgdataset,2,public_db/folder_1/file_44_from_i69ts_to_ilmiyjurnaluz.json
1146648649,ICOReview,,Rеgulаr rеviеws of the mоst prоmising аnd interesting IСО projects. Oбзоры и aналитика по  актуальным и перспективным IСО.  Оur contacts:   @ToTheMoonCMO,False,False,1046,177,2020-06-15,19,block_v buf10 enjin_coin icoreview/46 icoreview/79 joinchat/aaaaaeljbepbph_9-_mi4w joinchat/aaaaaeoy2nkeewvvhz7fga joinchat/d3ajrrcxvz5vnvw-qvzsvg joinchat/f_38d0nlvp_oqfb0s5u1fg joinchat/fj1aiq7drxpkj0yh2nklkw joinchat/ge6isk0d-mnz4olgxylq4w kucoin_exchange_russia mineryrus miniapps_pro moonpoolbot rcnchat requestnetwork sharering_russia swissborg,Crypto,tgdataset,2,public_db/folder_1/file_44_from_i69ts_to_ilmiyjurnaluz.json
1275038696,ICOsDailyAnn,,https://t.me/icosdaily,False,False,139,63,2019-01-12,2,icosdaily polkadotofficial,Crypto,tgdataset,2,public_db/folder_1/file_44_from_i69ts_to_ilmiyjurnaluz.json
1252741288,ico_analytic,ICO Analytics (StandWithUkraine 🇺🇦),We are focused on new coins: news and analysis.  🇬🇧Chat: https://t.me/ICO_Analytics_EN  🇷🇺Chat: https://t.me/ICO_Analytics_RU  https://twitter.com/ICO_Analytics  https://www.facebook.com/ICOAnalytics/   Admin: @ILLIA_K,False,False,56850,4531,2022-07-27,32,agorablockchain akropolis_official arpa_community bitmaxioenglishofficial casperlabs cerenetwork_official crypto_fundraising decentralizedml_ann/47 elrondnetwork ico_analytic/2459 ico_analytic/2570 ico_analytic/2617 ico_analytic/2747 ico_analytic/632 ico_analytic/802 joinchat/gijp7um5pf5ogdz6shengg joinchat/gijp7uw1zgcyhgpuk054fw joinfio lokicommunity/15145 ltonetwork/32633 marconiprotocol mirror_protocol peanutann/10 plutus_group promnetwork rivexofficial seeleann seelecn seeletech timecoinprotocol troytrade_official videocoin,Crypto,tgdataset,2,public_db/folder_1/file_44_from_i69ts_to_ilmiyjurnaluz.json
1148885990,iCrypto,iCrypto,Latest crypto news & market insights,False,False,1418,2214,2021-07-30,4,cryptot/8058 icrypto/1701 joinchat/iajpo0arb9ewztzl unfolded,Crypto,tgdataset,2,public_db/folder_1/file_44_from_i69ts_to_ilmiyjurnaluz.json
1193009051,historyyoutube,История всего,Поддержите нас на патреоне https://www.patreon.com/history_of_everything,False,False,1451,540,2022-07-31,0,,Crypto,tgdataset,2,public_db/folder_1/file_42_from_hfsoz_to_hood_ville.json
1355549746,insideton,InsideTON,,False,False,5,154,2022-03-24,48,chatex_bot contest/159 cryptobot durov/175 freeton_ambassadors_channel/12 freetonshop_bot galaxyonline_news_en gramresurs/125 gramresurs/2253 infoton/156 infoton/49 infoton/69 infoton/71 infoton/87 infoton/88 infoton/89 infoton/90 infoton/91 infoton/92 infoton/93 infoton/95 infoton/96 infoton/97 infoton/98 infotonchat/40049 infotonchat/47157 infotonchat/47300 infotonchat/47624 infotonchat/49114 infotonchaten/192 infotonen/102 joinchat/ge5adu7iiiuds014ps4feg joinchat/h6_btllbiy6kpv8mb0lt7q tginfo tginfoen tginfoen/742 ton_contests/26 ton_contests/28 ton_contests/30 ton_crystal_news/177 ton_crystal_news/180 ton_crystal_news/181 ton_crystal_news/254 ton_crystal_news/255 ton_crystal_news/51 ton_validators_ru tonblockchain toncoin/253,Crypto,tgdataset,2,public_db/folder_1/file_46_from_Ingsi_to_irandrama_ir.json
1389651504,Insights1234,,,False,False,793,154,2019-05-09,16,benngodenzi chromapolisbychromaway chromawayblockchainchannel chromawayofficialgroup ecomi fantomfoundation go_chain jobdotcom jobdotcomcommunity/96 ohheymattyofficialann origoofficial origoofficialgroup quark_kyc_bot snarknet solaster theotcroom,Crypto,tgdataset,2,public_db/folder_1/file_46_from_Ingsi_to_irandrama_ir.json
1372361429,internationalcryptoassociation,International Crypto Association,Welcome to International Crypto Association!We know we improve ourselves with our customers.For any questions or informations about our premium services: Membership/Paid Promotion: @cryptosupprt  Cross: @Tugito Email: cryptoassociationchannel@gmail.com,False,False,184,1961,2019-12-12,2,dynastysignal vote,Crypto,tgdataset,2,public_db/folder_1/file_46_from_Ingsi_to_irandrama_ir.json
1489214128,internetkz,Ни единого разрыва!,Индикатор технических проблем соцсетей и Youtube в РК,False,False,765,761,2022-06-18,1,proxy,Crypto,tgdataset,2,public_db/folder_1/file_46_from_Ingsi_to_irandrama_ir.json
1017834287,INVESTIGATIONSINOPHTHALMOLOGY,INVESTIGATIONS IN OPHTHALMOLOGY,,False,False,13573,7,2022-06-28,4,+5tqdl23juppmmwe0 basicophthalmologybooks ophthalmologybooks2020 ophthalmologyoasis,Crypto,tgdataset,2,public_db/folder_1/file_46_from_Ingsi_to_irandrama_ir.json
1495726175,investkaki,SmallCapAsia,📊 Invest with the Trend!,False,False,9953,3047,2022-07-29,7,dbsinsightsdirect_giveaway_bot investkaki joinchat/fiamc02thaxhu6al-fab7g joinchat/loc8hfqbsv0zsxjqtanw6q smallcapasia theextraincomestocks thetradelog,Crypto,tgdataset,2,public_db/folder_1/file_46_from_Ingsi_to_irandrama_ir.json
1459459301,InvestmentTradingUpdates,Investment & Trading Updates,🚨 @InvestmentTradingUpdates  ▪️Trading ▪️Updates  ▪️Investment opportunity’s   🌎 Promotion | Advertising @MaxCryptoGuru,False,False,75688,484,2022-07-31,43,+gnw6igved-hmmjk0 +gsmnclkddhfln2iy +l5dt08cbjy0yodu0 +qzzflycxdunmztrk +vngpdske5_44nwfk +we54e1_04iuwnmq8 +xnhbgmh3beflnjll +y3-8tfho_ec0ztgy affynofficial astraguild astraguildannouncements axes_metaverse_news/343 biswap bitcoin_crypto_memes bitcoin_insights bstarter1 bstarter_ann crypto_bitcoin_trading_news cryptocurrency_inside daoland deary_mon dearymon_global defi_launch dehive_chat estatexeu flokimooni hiroshitoken infamannoucements investmenttradingupdates joinchat/sc9vegggvnw2mza8 metastakingsofficialgroup nft_ime nftimeofficial nfts_metaverse_games nfts_opensea_news oilclubofficialchat outcomegroup s_table seasideinvestment shibagun spheredefi wavesexchange yieldparrot,Crypto,tgdataset,2,public_db/folder_1/file_46_from_Ingsi_to_irandrama_ir.json
1153807849,InvestorKaki,"Forex/Stock Trading, Market News, Updates, Summary and Signals","We just share the forex, stock and market news summary and some signals.",False,False,564,176,2022-01-10,0,,Crypto,tgdataset,2,public_db/folder_1/file_46_from_Ingsi_to_irandrama_ir.json
1259404310,IoP_news,,This is the official announcement channel for IoP | Internet of People,False,False,133,132,2021-07-24,6,coinbene hydraledger hydraledger_news iop_news iopofficial kucoin_telegram_competition,Crypto,tgdataset,2,public_db/folder_1/file_46_from_Ingsi_to_irandrama_ir.json
1436763823,lazyforexsa,LAZY FOREX SYTHETICS,Forex trading made easy👑 IN GOD WE TRUST💙    https://www.youtube.com/watch?v=OiW98z1sU-A&t=55s,False,False,945,76,2022-02-12,5,joinchat/u5jnevyqx5xwhfu5 lazyforexfreesignals lazyforexsa lazyforexsythetics matric21cheatcode,Crypto,tgdataset,2,public_db/folder_1/file_56_from_lagyminka_to_lenachedance.json
1054931666,LebaneseLira,LebaneseLira.org,"LebaneseLira.org is the world's leading reference for the real value of the Lebanese Lira / Lebanese Pound. It is used by the IMF, the Ministry of Finance of Lebanon, the United States Department of Justice, the United Nations, Bloomberg, and others.",False,False,3451,394,2021-07-16,29,corruptionrevolution/21432 lebaneselira lebaneselira/2512 lebaneselira/2534 lebaneselira/2535 lebaneselira/2537 lebaneselira/2547 lebaneselira/2552 lebaneselira/2553 lebaneselira/2554 lebaneselira/2555 lebaneselira/2568 lebaneselira/2570 lebaneselira/2586 lebaneselira/2588 lebaneselira/2596 lebaneselira/2603 lebaneselira/2608 lebaneselira/2640 lebaneselira/2641 lebaneselira/2645 lebaneselira/2674 lebaneselira/2681 lebaneselira/2682 lebaneselira/2690 lebaneselira/2700 lebaneselira/474 lebaneselirachat s/lebaneselira,Crypto,tgdataset,2,public_db/folder_1/file_56_from_lagyminka_to_lenachedance.json
1487738557,legit_bitcoins,BITCOINS SELLERS🌍🇬🇭,Trusted bitcoins source (Selling)🇬🇭,False,False,18,6,2020-03-26,1,legit_bitcoins,Crypto,tgdataset,2,public_db/folder_1/file_56_from_lagyminka_to_lenachedance.json
1382827658,freenewspaper,Free Newspaper,Industry and market reports. By @scorpi18,False,False,4443,164,2022-07-06,20,alexable antonbereza artemsporykhin divaora dolgy elenaggolikova freenewspaper/2562 investpublishing/106 invoyager ipoclub21 joinchat/tgic0fa65blzcfrn medvednikov newspaper_archive/2925 nikitind ol_zuya olga_b_afanasyeva staicy6 temataganov tonyurban wasiafuse,Crypto,tgdataset,2,public_db/folder_1/file_35_from_freejurist_to_fusarodiego.json
1466877498,free_binany_signal,Binany signal,,False,False,51921,470,2021-03-09,1,earn_million,Crypto,tgdataset,2,public_db/folder_1/file_35_from_freejurist_to_fusarodiego.json
1343222531,FrontierDotXYZ,Frontier Announcements,Frontier is a DeFi interface to access Native DeFi and Staking by connecting existing mobile wallets.  Visit us: www.frontier.xyz,False,False,11421,548,2022-07-27,31,addstickers/frontier_coin addstickers/frontier_keeper addstickers/frontier_spirrot addstickers/mr_front avalancheavax bitmaxofficialannouncement/2844 coin98insights/3396 cryp2gem frontierdotxyz frontierdotxyz/166 frontierdotxyz/197 frontierdotxyz/245 frontierdotxyz/271 frontierdotxyz/298 frontierdotxyz/348 frontierdotxyz/481 frontierdotxyz/58 frontierdotxyz_chat frontierwallet frontierwallet_ann kucoin_exchange mxcenglish mxcenglish/484060 mxcofficialnews nordfinance okexofficial_english tomochainchannel tomodex_official/11090 vietnamtradecoin wazirx/1422 wazirx_discuss,Crypto,tgdataset,2,public_db/folder_1/file_35_from_freejurist_to_fusarodiego.json
1226525831,fullycrypto_official,FullyCrypto,"Home of the latest bitcoin, ethereum, blockchain, mining, and cryptocurrency price news, plus so much more.",False,False,59,2328,2022-07-29,0,,Crypto,tgdataset,2,public_db/folder_1/file_35_from_freejurist_to_fusarodiego.json
1731211969,HankRS225,Hank汽車部落格,Hank是資深汽車部落格，業餘賽車手，模擬賽車推廣者，社論作家，歡迎關注我的頻道，掌握最新獨立視野新訊息！,False,False,422,338,2022-07-31,2,hankcargroup hankrs225,Crypto,tgdataset,2,public_db/folder_1/file_40_from_guruken_to_harkat10.json
1313586814,hapi_ann,#HAPI Announcements,HAPI: Onchain Cybersecurity Protocol for DeFi projects  Official chat: https://t.me/hapiHF Twitter: https://twitter.com/i_am_hapi_one Medium: https://medium.com/i-am-hapi,False,False,1687,226,2022-07-23,19,bocachica_group bocachicaannouncement cex_io disbalancer_group enexspace enexspacechat hapi_ann hapihf hapihf/2251 hapikorea hapilabs_alerts infinitychain_news/745 infinitychains joinchat/jpvl5fnajuy3ndiy myunifarm polygonofficial poolzofficialcommunity tehmoonwalkers unifarm,Crypto,tgdataset,2,public_db/folder_1/file_40_from_guruken_to_harkat10.json
1212737856,myetherwallet,MEW | MyEtherWallet,The official Telegram channel of MyEtherWallet.,False,False,7368,347,2022-07-28,0,,Crypto,tgdataset,2,public_db/folder_1/file_68_from_MusallaTehran_to_nachasi_com.json
1441317122,mineschnerLtd,Mineschner Ltd.,Thanks for coming to my TED talk.,False,False,2,39,2022-07-12,1,mineschnerltd,Crypto,tgdataset,2,public_db/folder_1/file_64_from_Metro_Design_to_mirdamadi.json
1151507167,minterdev_en,Minter Dev Notifications,Notifications about new Minter Blockchain versions and features,False,False,98,42,2022-06-17,0,,Crypto,tgdataset,2,public_db/folder_1/file_64_from_Metro_Design_to_mirdamadi.json
1229084728,MinterTeam,Minter Network,"Minter is a single decentralized network allowing anyone to buy, sell, send, and earn digital assets such as BTC, ETH, BIP, USDT, and much more.  Other social media: minter.org/#follow",False,False,26641,665,2022-07-27,113,bip_banker_bot biplenta_en bipwallet_bot btcsecure btcsecure/139 btcsecure/140 btcsecure/60 catnode catnode/14 channel_adv_bot citex_en contest/102 contest/124 danillashin dicetimebot egordeev genius_node_en honeebot hotbit_english howtobuybip interchainzone joinchat/aaaaafvjcxe1fasfhdqtta joinchat/c8wvae2zatfjoqbqgbfwba joinchat/cxldklhhymijeswotxieqq joinchat/eafyerjsjzj-nwh_139jlq joinchat/vnsulclikv1jywri joinchat/welv9tlrrsgzzmiy karat_minter klim0vchannel konstantinb2spublic/23 minter_alert/16963 minter_alert/19763 minter_cash_news minter_es minter_india minter_ioma mintercoinscom mintercontestbot minterdev/169 minterdev/214 minterdev_en minterdev_en/16 minterdev_en/24 minterdev_en/37 minterdevchat/21619 minteren minterhelpbot minterideabot minterinfobot minterlg minterlg/435 minternetworkgroup minternetworkgroup/82582 minternetworkgroup/82709 minternetworkgroup/82710 minternetworkgroup/83524 minternetworkgroup/83554 minternetworkgroup/83557 minternotificationbot minterreview minterreview/6 minterscan_en minterscan_en/149 minterscan_en/151 minterscan_en/152 minterscan_en/153 minterscan_en/155 minterscan_en/157 minterscan_en/45 minterscan_en/47 minterscan_en/48 minterscan_en/516 minterscan_en/530 minterscan_en/54 minterscan_en/56 minterscan_en/71 mintertaconettapbot minterteam minterteam/115 minterteam/116 minterteam/170 minterteam/220 minterteam/39 minterteam/401 minterteam/438 minterteam/475 minterteam/497 minterteam/572 minterteam/603 minterteam/604 minterteam/607 minterteam/608 minterteam/609 minterteam/610 minterteam/616 minterteam/628 minterteam/661 minterteam/671 mintertelegrapheng mintertoolsbot minterw/235 my_minter my_minter/3 pinponio publicnode_en tebot tginfoen/493 ustinovpro validatorcenterchat validatorcentereng validatorwatcherbot willmint wir_wolf,Crypto,tgdataset,2,public_db/folder_1/file_64_from_Metro_Design_to_mirdamadi.json
1335395091,minter_alert,Minter Whales,Watch out for Minter whales! Transactions over 99 999 BIP  Check also: @minter_crabs & @minter_monkeys  BUY / SELL BIP: https://teleg.link/BIP_Banker_bot?start=affiliate-bLfcAqYdvuGS,False,False,493,9912,2021-10-28,25,biplenta/211 boobiesminter boobiesminter/348 cryptoassistanlightbot_chat__ cryptobot cryptonac/275__ cryptonac__ deadpoolminter/208 deadpoolminter/221 deadpoolminter/245 deadpoolminter/261 deadpoolminter/262 deadpoolminter/278 dubai_stroy/12 dubai_stroy/12__ dubai_stroy/13__ dubai_stroy/15__ dubai_stroy__ minter_inu_go__ minterappbot mintergarantbot onexbip__ onexbip_talk__ onexbipbot__ swap_minter_bot__,Crypto,tgdataset,2,public_db/folder_1/file_64_from_Metro_Design_to_mirdamadi.json
1277462229,KhivaPresidentialSchoolEnglish,English language Olympiad by Khiva Presidential School,The Purpose of the channel is to sharpen students' knowledge of English and help them learn more while partaking in test,False,False,44,137,2020-06-04,0,,Crypto,tgdataset,2,public_db/folder_1/file_52_from_kermooneman_to_kinderiran.json
1086508547,khona_cele,FOREX TRADERS ONLY!,Expect Signals during London/NY session YouTube: KSG FOREX INSTITUTION    Whatsapp https://wa.me/message/MAS3CHZJMRYXM1   https://t.me/ksgforexinstitution Instagram: KSG FOREX INSTITUTION This is the ONLY telegram owned by KSG.,False,False,1728,213,2022-07-31,2,arcadiabluedotgang joinchat/bdqjt3h6ow4zmtm0,Crypto,tgdataset,2,public_db/folder_1/file_52_from_kermooneman_to_kinderiran.json
