channel_id,username,title,description,scam,verified,n_subscribers_2022,n_text_messages,last_message_date,n_tme_links,tme_links,topic,source,archive,archive_member
1368955731,economemtrics,,Трем на квантах,False,False,4,42,2021-03-16,0,,Crypto,tgdataset,1,public_db/folder_0/file_28_from_ebaladf_to_elanvirtualgallery.json
1226902582,egordeev,Evgeny Gordeev,"Chasing the future. Founder of @DeCenterOrg, theorist at @MinterTeam",False,False,1601,166,2021-03-19,3,minterlikebot minterteam tebot,Crypto,tgdataset,1,public_db/folder_0/file_28_from_ebaladf_to_elanvirtualgallery.json
1262166366,fantomfoundation,Fantom Announcements,,False,False,13741,1274,2022-07-28,23,bandprotocol bitmaxioenglishofficial cryptodakurobinhooders cryptosurge_en dbcryptochat fantom_chinese fantom_english fantom_korean fantomfoundation fantomfr fantomrockschat fusionfoundation gainschat gcryptochat joinchat/brbs51k5cworbktsgmb6ew messaricrypto ohheymattyofficialann orionprotocol orionprotocolnews protocolnyc sikobafeed terminaltechsupport wolfcryptopub,Crypto,tgdataset,1,public_db/folder_0/file_32_from_FantastArt_to_fenixatelier.json
1256482852,BlockchainAds,,DYOR,False,False,25,41,2019-06-20,0,,Crypto,tgdataset,1,public_db/folder_0/file_13_from_BlessKingss_to_Boss_proof.json
1074631095,BlockchainNewsETC,Ethereum Classic & Blockchain news,Новости об Эфириум Классик и блокчейн индустрии. Наш чат: @etcru,False,False,109,1480,2022-07-25,8,bitoracle/1713 etcrumeme gfoundinshit/4516 gfoundinshit/4537 gfoundinshit/5463 gfoundinshit/5485 iv koliamainer/2350,Crypto,tgdataset,1,public_db/folder_0/file_13_from_BlessKingss_to_Boss_proof.json
1394848551,blockchainwhispersbaby,Blockchain Whispers ® Official (By D Man) -- The Most Amazing Crypto Channel Ever Created By Mankind!,"From the author of Amazon bestseller Blockchain Decrypted Probably the most accurate FREE signals telegram channel.  For my premium signals, contact @cryptoalfred   Upgrade to premium trading signals at https://blockchainwhispers.com/premium Thank you.",False,False,124377,6534,2022-07-29,163,altchica blockchainwhispers blockchainwhispersbaby blockchainwhispersbaby/1021 blockchainwhispersbaby/1023 blockchainwhispersbaby/1035 blockchainwhispersbaby/1079 blockchainwhispersbaby/1085 blockchainwhispersbaby/1113 blockchainwhispersbaby/1155 blockchainwhispersbaby/1190 blockchainwhispersbaby/1232 blockchainwhispersbaby/1235 blockchainwhispersbaby/1237 blockchainwhispersbaby/1247 blockchainwhispersbaby/1248 blockchainwhispersbaby/1330 blockchainwhispersbaby/1333 blockchainwhispersbaby/1359 blockchainwhispersbaby/1365 blockchainwhispersbaby/1382 blockchainwhispersbaby/1480 blockchainwhispersbaby/1667 blockchainwhispersbaby/1709 blockchainwhispersbaby/1746 blockchainwhispersbaby/2152 blockchainwhispersbaby/2342 blockchainwhispersbaby/3226 blockchainwhispersbaby/3293 blockchainwhispersbaby/3294 blockchainwhispersbaby/3295 blockchainwhispersbaby/3296 blockchainwhispersbaby/3324 blockchainwhispersbaby/3332 blockchainwhispersbaby/3333 blockchainwhispersbaby/3345 blockchainwhispersbaby/3348 blockchainwhispersbaby/3365 blockchainwhispersbaby/3408 blockchainwhispersbaby/3425 blockchainwhispersbaby/3428 blockchainwhispersbaby/3437 blockchainwhispersbaby/3449 blockchainwhispersbaby/3475 blockchainwhispersbaby/3480 blockchainwhispersbaby/3495 blockchainwhispersbaby/3499 blockchainwhispersbaby/3513 blockchainwhispersbaby/3534 blockchainwhispersbaby/3542 blockchainwhispersbaby/3544 blockchainwhispersbaby/3554 blockchainwhispersbaby/3578 blockchainwhispersbaby/3580 blockchainwhispersbaby/3584 blockchainwhispersbaby/3624 blockchainwhispersbaby/3631 blockchainwhispersbaby/3633 blockchainwhispersbaby/3635 blockchainwhispersbaby/3638 blockchainwhispersbaby/3678 blockchainwhispersbaby/3698 blockchainwhispersbaby/3702 blockchainwhispersbaby/3726 blockchainwhispersbaby/3737 blockchainwhispersbaby/3748 blockchainwhispersbaby/3752 blockchainwhispersbaby/3774 blockchainwhispersbaby/3795 blockchainwhispersbaby/3799 blockchainwhispersbaby/3806 blockchainwhispersbaby/3838 blockchainwhispersbaby/3847 blockchainwhispersbaby/3850 blockchainwhispersbaby/3853 blockchainwhispersbaby/3856 blockchainwhispersbaby/3857 blockchainwhispersbaby/3859 blockchainwhispersbaby/3909 blockchainwhispersbaby/3926 blockchainwhispersbaby/3929 blockchainwhispersbaby/3934 blockchainwhispersbaby/3945 blockchainwhispersbaby/3948 blockchainwhispersbaby/3952 blockchainwhispersbaby/3955 blockchainwhispersbaby/3964 blockchainwhispersbaby/3966 blockchainwhispersbaby/3971 blockchainwhispersbaby/3974 blockchainwhispersbaby/3982 blockchainwhispersbaby/3988 blockchainwhispersbaby/3993 blockchainwhispersbaby/3995 blockchainwhispersbaby/3996 blockchainwhispersbaby/3998 blockchainwhispersbaby/3999 blockchainwhispersbaby/4011 blockchainwhispersbaby/4038 blockchainwhispersbaby/4039 blockchainwhispersbaby/4045 blockchainwhispersbaby/4062 blockchainwhispersbaby/4070 blockchainwhispersbaby/4097 blockchainwhispersbaby/4101 blockchainwhispersbaby/4111 blockchainwhispersbaby/4116 blockchainwhispersbaby/4124 blockchainwhispersbaby/4131 blockchainwhispersbaby/4167 blockchainwhispersbaby/4266 blockchainwhispersbaby/4272 blockchainwhispersbaby/4583 blockchainwhispersbaby/4718 blockchainwhispersbaby/4920 blockchainwhispersbaby/5343 blockchainwhispersbaby/5363 blockchainwhispersbaby/5720 blockchainwhispersbaby/5829 blockchainwhispersbaby/6092 blockchainwhispersbaby/6101 blockchainwhispersbaby/6290 blockchainwhispersbaby/6304 blockchainwhispersbaby/6389 blockchainwhispersbaby/6438 blockchainwhispersbaby/6528 blockchainwhispersbaby/6596 blockchainwhispersbaby/6751 blockchainwhispersbaby/7147 blockchainwhispersbaby/7295 blockchainwhispersbaby/7337 blockchainwhispersbaby/7341 blockchainwhispersbaby/7351 blockchainwhispersbaby/7484 blockchainwhispersbaby/7486 blockchainwhispersbaby/7542 blockchainwhispersbaby/7622 blockchainwhispersbaby/7738 blockchainwhispersbaby/7781 blockchainwhispersbaby/7837 blockchainwhispersbaby/7853 blockchainwhispersbaby/8119 blockchainwhispersbaby/8120 blockchainwhispersbaby/8121 blockchainwhispersbaby/8130 blockchainwhispersbaby/8205 blockchainwhispersbaby/8359 blockchainwhispersbaby/8439 blockchainwhispersbaby/8446 cryptoalfred dmanupdates dmanupdates/1450 dmanupdates/567 fullfeed fullfeed/992 gamewhispers/3 joinchat/a5qw957dpu84nzrl joinchat/aaaaaeej2stpbl-0nlxola joinchat/aaaaafw2f7yqibz6hc8yma joinchat/oi3inzztmtzjnwy1 rtnews senti_subscription_bot vote,Crypto,tgdataset,1,public_db/folder_0/file_13_from_BlessKingss_to_Boss_proof.json
1403721547,blockchainwhispers_B,Blockchain Whispers ® Official (By D Man) -- The Most Amazing Crypto Channel Ever Created By Mankind!,Famously precise Bitcoin predictions. An occassional coin-multiplying altcoin trade signal. Share the join link: https://t.me/blockchainwhispers_B  Support @cryptoalfred  All trading comes with a risk. There is no such thing as a sure trade. Trade smart.,False,False,36780,2489,2022-07-29,56,altchica blockchainwhispers_b blockchainwhispersbaby blockchainwhispersbaby/4097 blockchainwhispersbaby/4101 blockchainwhispersbaby/4197 blockchainwhispersbaby/4249 blockchainwhispersbaby/4266 blockchainwhispersbaby/4272 blockchainwhispersbaby/4689 blockchainwhispersbaby/4716 blockchainwhispersbaby/4726 blockchainwhispersbaby/4920 blockchainwhispersbaby/5343 blockchainwhispersbaby/5720 blockchainwhispersbaby/5829 blockchainwhispersbaby/6092 blockchainwhispersbaby/6101 blockchainwhispersbaby/6290 blockchainwhispersbaby/6304 blockchainwhispersbaby/6389 blockchainwhispersbaby/6438 blockchainwhispersbaby/6528 blockchainwhispersbaby/6596 blockchainwhispersbaby/6751 blockchainwhispersbaby/7147 blockchainwhispersbaby/7295 blockchainwhispersbaby/7337 blockchainwhispersbaby/7341 blockchainwhispersbaby/7351 blockchainwhispersbaby/7484 blockchainwhispersbaby/7486 blockchainwhispersbaby/7542 blockchainwhispersbaby/7622 blockchainwhispersbaby/7738 blockchainwhispersbaby/7781 blockchainwhispersbaby/7837 blockchainwhispersbaby/7853 blockchainwhispersbaby/8119 blockchainwhispersbaby/8120 blockchainwhispersbaby/8121 blockchainwhispersbaby/8130 blockchainwhispersbaby/8205 blockchainwhispersbaby/8359 blockchainwhispersbaby/8439 blockchainwhispersbaby/8446 cryptoalfred dmanupdates dmanupdates/1450 dmanupdates/567 joinchat/a5qw957dpu84nzrl joinchat/oi3inzztmtzjnwy1 officialbuyandholdxrp pumpxrp pumpxrpofficial xrpfrofficiel,Crypto,tgdataset,1,public_db/folder_0/file_13_from_BlessKingss_to_Boss_proof.json
1473282601,Blockchain_Crypto_Bitcoin,Blockchain Crypto Bitcoin,"🏦 @Blockchain_Crypto_Bitcoin  💎 Easy and Safe Login to the World of #Cryptocurrencies with the latest News, Updates and Fundamentals about CryptoCurrenices & Bitcoin Technology.  🌐 Partner: @CryptoWorldNews  💠 AdminContact: @SamInCrypto",False,False,170759,1669,2022-07-31,90,+qzzflycxdunmztrk aaxcommunity affynofficial aforexkingpro astraguild astraguildannouncements bamrocktrading betfury betfuryofficialchannel bitcoin_crypto_memes bitcoin_ethereum_trading bitcoin_ethereum_trading/1423 bitcoin_ethereum_trading/1898 bitcoin_insights blockchain_crypto_bitcoin blockfiswap_channel blockfiswap_official bolas_official breaking_news_uncensored bridge_oracle bridgeoracle bscdottoolschat cash_blockchain_news ccfchat ccfound chcryptonews/630 crypto_bitcoin_trading_news crypto_collabs/297 crypto_cryptocurrency_news crypto_trading_reports cryptochannellisting/20 cryptochannellisting/22 cryptochannellisting/24 cryptochannellisting/27 cryptochannellisting/28 cryptochannellisting/29 cryptochannellisting/32 cryptochannellisting/33 cryptochatcwn cryptocurrency_inside cryptomarkettime cryptomeetsartenglish cryptoworldnews cypherpunknft daoland dapps_web3 defi_ethereum defiforyou_english duckshunters estatexaccessbot estatexeu euphoriahit euphoriahitchat flokimooni gmcoin gmt_token gmt_token_ru gmt_token_talk gmt_token_tr hiroshitoken honeydefi honeyfarmchat invictus_capital joinchat/6bjgkw5zolhlzje8 joinchat/aaaaafmsrqh4euifkzm9xg joinchat/kevksc9xffe5owvl joinchat/s9xhskwq4jzkzjy6 joinchat/w3zqs3yrnk02mmzl mattereum mimodefi moondefiofficial moondefiofficialgroup nftimeofficial nfts_opensea_news officialbabybake oilclubofficialchat outcometrading ownr_wallet_channel ownrwallet_giveawaysbot pmlchat pulproject riskswap_group singularfinance spheredefi studyum_crypto_chat studyum_io tcesmartcontract ultiarena x2pofficial__ zatcointools,Crypto,tgdataset,1,public_db/folder_0/file_13_from_BlessKingss_to_Boss_proof.json
1249177227,blockchain_lobsters,Crab Notes 🦀,A collection of drunk opinions & stats on crypto and startups.   Discuss NFTs in @NFT_avenue   10b57e6da0 NFTs info - https://github.com/lobster-dao/overview   lobsterdao NFT chat 🌊 @lobsterdao,False,False,7746,215,2022-07-20,39,blockchain_lobsters blockchain_lobsters/441 blockchain_lobsters/822 blockchain_lobsters/823 collablandbot contest/103 cryptocodereviews/53336 generation_crypto/1161 ivangbi_diary/402 ivangbi_diary/421 ivangbi_diary/513 ivangbi_diary/561 ivangbi_diary/602 lobster_watcher lobsterdao lobsters_chat lobsters_chat/13346 lobsters_chat/171926 lobsters_chat/172058 lobsters_chat/174823 lobsters_chat/175829 lobsters_chat/255977 lobsters_chat/26020 lobsters_chat/26602 lobsters_chat/26604 lobsters_chat/26608 lobsters_chat/26610 lobsters_chat/26612 lobsters_chat/26615 lobsters_chat/26616 lobsters_chat/30036 lobsters_chat/63770 lobsters_chat/76950 lobsters_daily lobsters_hr ltonetwork/39572 ltonetwork/39630 nft_avenue tokencode,Crypto,tgdataset,1,public_db/folder_0/file_13_from_BlessKingss_to_Boss_proof.json
1412273220,BlockchairNews,Blockchair News,Latest crypto news! Web: https://blockchair.com/news,False,False,3164,10000,2022-02-19,0,,Crypto,tgdataset,1,public_db/folder_0/file_13_from_BlessKingss_to_Boss_proof.json
1119843252,Blockshow,BlockShow,Major international event for showcasing Blockchain solutions.   See you in 2021! Stay tuned for the updates.  More info on blockshow.com,False,False,355,567,2022-04-06,3,art_of_blockchain blockshow blockshowcommunity,Crypto,tgdataset,1,public_db/folder_0/file_13_from_BlessKingss_to_Boss_proof.json
1296962512,blocktroll,ADB News: Public Channel ฿,AskDoctorBitcoin.com,False,False,669,846,2022-07-22,9,bcrypt blocktroll/555 blocktroll/556 blocktroll/557 blocktroll/558 chromawayann doctorbitcoin/7073 metalpaysme/119 unfolded/8257,Crypto,tgdataset,1,public_db/folder_0/file_13_from_BlessKingss_to_Boss_proof.json
1371327028,bloombergquint,BQ Prime,India’s premier multi-platform business and financial news company.,False,True,42551,11081,2022-07-31,2,bloomberg_quint_bot bloombergquintofficialbot,Crypto,tgdataset,1,public_db/folder_0/file_13_from_BlessKingss_to_Boss_proof.json
1377674424,bnewscrawler,"BNews - Notícias, política, ações, bovespa, economia, bitcoin de forma automatizada",Twitter: https://twitter.com/bnews_live / O primeiro canal e portal de noticias automatizadas do país. Notícias em tempo real do mundo inteiro!!https://live.brunodasilva.com,False,False,69,25048,2022-07-31,0,,Crypto,tgdataset,1,public_db/folder_0/file_13_from_BlessKingss_to_Boss_proof.json
1330871213,BoboLabs,,Bobo worky mcdanald,False,False,618,16,2021-09-24,1,bobonia,Crypto,tgdataset,1,public_db/folder_0/file_13_from_BlessKingss_to_Boss_proof.json
1072914647,bigblueocean,BITCOIN-SIGNALS.ORG Free,"Join bitcoin-signals.org for no delay premium signals and buy sell targets.  IMPORTANT: NEVER BUY ON A BIG GREEN CANDLE. MOST OF THE TIME, THESE GREEN CANDLES FALL BACK DOWN TO ABOUT 0-30% OF THEIR PEAK. SO JUST WAIT IT OUT. NEVER FOMO. YOU'LL LOSE.",False,False,7144,12656,2022-07-31,4,bigblueocean etherdeltawhaleclub joinchat/fsehmg5uwl1j-jfbbveqtw tempsecrettip,Crypto,tgdataset,1,public_db/folder_0/file_12_from_Bibliotecacir_to_blessher.json
1205113444,bilaxy_announcements,Bilaxy Official Announcement Channel,,False,False,4211,2648,2022-07-31,106,aeronaero agorablockchain algorand ampleforth anna_bilaxysupport ardorplatform bafifinance bandprotocol bavalaofficial betprotocol bilaxy_announcements bilaxy_announcements/1996 bilaxychat bitmillexofficial bitsdaqexchangeofficial blockburn breadchat carryprotocol chiliz_io chromapolisbychromaway cocosbcxen cubiexesports dafanm dapp_com dcommunity_en deepcloud_ai digitalbits dynmt edenchainio elrondnetwork eminerfans escxofficialchannel ferrum_network gowithmi_en harmony_one hyperquant ilcoindevelopmentteam infinitowallet inocoin2018 jarvisplus jason_bilaxysupport joinchat/aaaaaeqboeucnamwn0a9dq joinchat/aaaaaews2hxuxxrd7pzbcq joinchat/f8rh2kpmfcna-ighbkscaa joinchat/fvw41g_zpj0hhg7db4m6ba joinchat/grcyja8rpgd8coaiehruba joinchat/hwkr5xdvq9db3us860p6hg kavalabs kickico komodoplatform_official linixfoundation liquiditynetwork luxcoreofficial margixglobal mexclife musiclifeblockchain2 nestree_en neuralprotocol noianetwork officialorme officialtapngo orchidofficial originprotocol origoofficialgroup pascalcoin pegnetofficial perlinnetworkchat phantomchain piratechain playfuelteam promnetwork protonxpr publicaofficial ravenprotocol rchain_coop rcnchat safecapital_scap sealblock selfkeyfoundation shinigamiinu/43160 smathium_community smgto sparksterico spendchat squeezerio stpofficial swipewallet symverse taklimakan_news tellor thorchain_org triaslab troytrade_official twelveships_global uraners utrustofficial verasitychat vidycoin vodixgroup wemark whalesburg zelaapayae zeuxapp zpaearabia zpaeindia zuflo,Crypto,tgdataset,1,public_db/folder_0/file_12_from_Bibliotecacir_to_blessher.json
1236088975,BinanceAcademy,Binance Academy,Stay up to date with the latest releases on Binance Academy.  academy.binance.com,False,False,17894,390,2022-07-21,0,,Crypto,tgdataset,1,public_db/folder_0/file_12_from_Bibliotecacir_to_blessher.json
1382844572,BinanceInside,Binance Inside Info,For premium membership please contact @TeacherCryptoCoin,False,False,30517,3079,2022-07-31,19,binance_announcements/1210 binance_telegram binancetradingcoach binancevolumer bitmex_coach cryptocoincoach cryptocoinswaves cryptotrades digifinexama joinchat/aaaaaelv8nhebstb4xuj-q joinchat/aaaaaelv8njmloltyr_6vw joinchat/aaaaaesq7yomtt5nphg76a joinchat/aaaaaeu4rqklil-abbetba joinchat/aaaaafad4oltkoncrmw0lw joinchat/aaaaaflozve6ypghmge9eg joinchat/aaaaafovnytscxqmmwdmfg joinchat/hbzzcflgmop9qehauklypg pumprankedbot tokenclub_bot,Crypto,tgdataset,1,public_db/folder_0/file_12_from_Bibliotecacir_to_blessher.json
1260161873,BinanceLiquidations,Binance Futures Liquidations,Live liquidations in Binance Futures  Maintained by @XypherIO Support @XypherTalk,False,False,117318,25750,2022-07-31,13,+5qwkqcavcgiwmgi1 +as60uthx_7jhyjm1 +go3ikftmms9hnwjl +hobwlb6gxu85mtux +ls1mzeaahjy0owu1 +rca8ghvqdes5mjc1 +wedt2jdm2ja4mdi1 +y7zybtpg99u3mmrl joinchat/aaaaafbwg6nmvo5uvdxufg joinchat/u5it5larqkm3ngjl joinchat/ye05xzwdf6iznjy1 solice_io solice_io_chat,Crypto,tgdataset,1,public_db/folder_0/file_12_from_Bibliotecacir_to_blessher.json
1303666961,BinanceResearch,Binance Research,Stay up to date with the latest releases on Binance Research.  https://research.binance.com/,False,False,14542,379,2022-07-28,0,,Crypto,tgdataset,1,public_db/folder_0/file_12_from_Bibliotecacir_to_blessher.json
1259400586,BinanceWaves,Binance Waves,Play with the Whales   Weekly Dump events on bearish market Weekly pump events on Bullish market  Events on Binance.com  Track the market volume @BinanceVolumer,False,False,54181,3226,2021-12-20,317,addstickers/greenshiba_ginu binance_nft binance_telegram binance_telegram/1033 binance_telegram/1068 binance_telegram/1084 binance_telegram/1143 binance_telegram/1198 binance_telegram/1250 binance_telegram/1280 binance_telegram/1613 binance_telegram/1957 binance_telegram/1984 binance_telegram/2003 binance_telegram/2151 binance_telegram/2152 binance_telegram/2416 binance_telegram/2417 binance_telegram/2440 binance_telegram/2486 binance_telegram/757 binance_telegram/774 binance_telegram/782 binance_telegram/799 binance_telegram/853 binance_telegram/863 binance_telegram/871 binance_telegram/904 binance_telegram/915 binance_telegram/941 binance_telegram/960 binance_telegram/997 binancevolumer binancevolumer/6544 binancewaves binancewaves/4028 binancewaves/4033 binancewaves/4039 binancewaves/4041 binancewaves/4046 binancewaves/4047 binancewaves/4049 binancewaves/4050 binancewaves/4053 bitmex_coach bitmex_coach/1187 bsc_nft bsc_nft/553 bsc_nft/604 bsc_nft/612 bsc_nft/649 bscnft_admin c/1344436367 c/1398284234 crypto_news/11835 crypto_news/11864 crypto_news/12211 crypto_news/12395 crypto_news/12404 crypto_news/12483 crypto_news/12488 crypto_news/12936 crypto_news/13911 crypto_swings crypto_swings/4171 crypto_swings/4861 crypto_swings/4997 crypto_swings/6563 crypto_swings/8716 crypto_tweets crypto_tweets/1032 crypto_tweets/14270 crypto_tweets/2318 crypto_tweets/3569 crypto_tweets/4919 crypto_tweets/7106 crypto_tweets/7107 crypto_tweets/7373 cryptocoinscoach cryptocoinscoach/19763 cryptocoinscoach/19799 cryptocoinscoach/19809 cryptocoinscoach/19863 cryptocoinscoach/19949 cryptocoinscoach/19995 cryptocoinscoach/20075 cryptocoinscoach/20084 cryptocoinscoach/20132 cryptocoinscoach/20140 cryptocoinscoach/20357 cryptocoinscoach/20518 cryptocoinscoach/20581 cryptocoinscoach/20610 cryptocoinscoach/20634 cryptocoinscoach/20657 cryptocoinscoach/20807 cryptocoinscoach/20940 cryptocoinscoach/20971 cryptocoinscoach/21051 cryptocoinscoach/21075 cryptocoinscoach/21145 cryptocoinscoach/21177 cryptocoinscoach/21182 cryptocoinscoach/21355 cryptocoinscoach/21795 cryptocoinscoach/22236 cryptocoinscoach/22363 cryptocoinscoach/22376 cryptocoinscoach/22387 cryptocoinscoach/22707 cryptocoinscoach/22800 cryptocoinscoach/22814 cryptocoinscoach/23068 cryptocoinscoach/23091 cryptocoinscoach/23147 cryptocoinscoach/23210 cryptocoinscoach/23260 cryptocoinscoach/23362 cryptocoinscoach/23399 cryptocoinscoach/23408 cryptocoinscoach/23489 cryptocoinscoach/23509 cryptocoinscoach/23560 cryptocoinscoach/23569 cryptocoinscoach/23598 cryptocoinscoach/23629 cryptocoinscoach/23632 cryptocoinscoach/23647 cryptocoinscoach/23692 cryptocoinscoach/23717 cryptocoinscoach/23728 cryptocoinscoach/23737 cryptocoinscoach/23906 cryptocoinscoach/23927 cryptocoinscoach/23930 cryptocoinscoach/24181 cryptocoinscoach/24212 cryptocoinscoach/24360 cryptocoinscoach/24423 cryptocoinscoach/24483 cryptocoinscoach/24560 cryptocoinscoach/24744 cryptocoinscoach/24750 cryptocoinscoach/24755 cryptocoinscoach/24802 cryptocoinscoach/25085 cryptocoinscoach/25129 cryptocoinscoach/25301 cryptocoinscoach/25303 cryptocoinscoach/25327 cryptocoinscoach/25330 cryptocoinscoach/25361 cryptocoinscoach/25392 cryptocoinscoach/25401 cryptocoinscoach/25438 cryptocoinscoach/25441 cryptocoinscoach/25446 cryptocoinscoach/25451 cryptocoinscoach/25459 cryptocoinscoach/25466 cryptocoinscoach/25548 cryptocoinscoach/25592 cryptocoinscoach/25638 cryptocoinscoach/25654 cryptocoinscoach/25664 cryptocoinscoach/25735 cryptocoinscoach/25753 cryptocoinscoach/25802 cryptocoinscoach/26123 cryptocoinscoach/26315 cryptocoinscoach/26797 cryptocoinscoach/26855 cryptocoinscoach/27051 cryptocoinscoach/27078 cryptocoinscoach/27881 cryptocoinscoach/28086 cryptocoinscoach/28090 cryptocoinscoach/28130 cryptocoinscoach/28152 cryptocoinscoach/28167 cryptocoinswaves cryptocoinswaves/2116 cryptocoinswaves/2195 cryptocoinswaves/2714 cryptoido/80 cryptotrades drep_airdrop_bot elon_protocol/517 fanziesnft forex_tradings forex_tradings/1562 forex_tradings/1849 forex_tradings/1907 forex_tradings/1940 forex_tradings/2038 forex_tradings/2077 forex_tradings/2101 forex_tradings/2131 forex_tradings/2159 forex_tradings/2285 forex_tradings/2294 forex_tradings/2305 forex_tradings/2489 forex_tradings/2510 forex_tradings/2552 forex_tradings/2557 forex_tradings/2578 forex_tradings/2592 forex_tradings/2595 forex_tradings/2661 forex_tradings/2689 forex_tradings/2699 forex_tradings/2703 forex_tradings/2719 forex_tradings/2753 forex_tradings/2754 forex_tradings/2784 forex_tradings/2827 forex_tradings/2886 forex_tradings/3681 forex_tradings/3811 forex_tradings/4111 forex_tradings/5186 forex_tradings/5409 forex_tradings/5417 forex_tradings/6079 forex_tradings/6307 forex_tradings/6842 forex_tradings/6936 forex_tradings/7064 forex_tradings/7891 ginu_airdrop_bot ginu_announcements ginu_announcements/47 hapihf jackdorseycoins jackdorseycoins/1066 jackdorseycoins/1123 jackdorseycoins/1131 jackdorseycoins/1174 jackdorseycoins/118 jackdorseycoins/119 jackdorseycoins/12 jackdorseycoins/1271 jackdorseycoins/1305 jackdorseycoins/132 jackdorseycoins/1340 jackdorseycoins/1393 jackdorseycoins/140 jackdorseycoins/1436 jackdorseycoins/1521 jackdorseycoins/1557 jackdorseycoins/1587 jackdorseycoins/16 jackdorseycoins/1681 jackdorseycoins/1782 jackdorseycoins/186 jackdorseycoins/187 jackdorseycoins/197 jackdorseycoins/222 jackdorseycoins/223 jackdorseycoins/2353 jackdorseycoins/242 jackdorseycoins/247 jackdorseycoins/259 jackdorseycoins/2695 jackdorseycoins/2882 jackdorseycoins/29 jackdorseycoins/3000 jackdorseycoins/3054 jackdorseycoins/3060 jackdorseycoins/31 jackdorseycoins/3133 jackdorseycoins/3228 jackdorseycoins/324 jackdorseycoins/346 jackdorseycoins/36 jackdorseycoins/392 jackdorseycoins/402 jackdorseycoins/426 jackdorseycoins/427 jackdorseycoins/44 jackdorseycoins/440 jackdorseycoins/447 jackdorseycoins/455 jackdorseycoins/48 jackdorseycoins/502 jackdorseycoins/503 jackdorseycoins/544 jackdorseycoins/664 jackdorseycoins/667 jackdorseycoins/707 jackdorseycoins/78 jackdorseycoins/8 jackdorseycoins/842 jackdorseycoins/891 jackdorseycoins/9 joinchat/aaaaaelv8njmloltyr_6vw joinchat/aaaaaeqgplcwxrsimscd_q joinchat/aaaaaesq7yomtt5nphg76a joinchat/aaaaaeu4rqklil-abbetba joinchat/ecyxksqmhkpjnmq0 joinchat/hjgsss7dgjk5owey joinchat/nhkhpdoujioyzmzk joinchat/qwkhvqf9wl1iotc0 joinchat/sxdtiia1pk0-ebvo joinchat/up0aifwfn9m374_v pumprankedbot spacesip spacesip_news themdtchannel/169 tokenclub_bot tokenclubann/11 west_airdrop_bot wiseanalize wiseforex yellowroadofficial/143853,Crypto,tgdataset,1,public_db/folder_0/file_12_from_Bibliotecacir_to_blessher.json
1146915409,binance_announcements,Binance Announcements,Binance Official English Group @binanceexchange Binance Official Chinese Group @BinanceChinese  Binance English Announcements @binance_announcements Binance Chinese Announcements @binance_cn,False,True,547792,4316,2022-07-29,5,binanceacademy binanceliveviewers binancenfts binanceresearch bnbchain_announcements/1217,Crypto,tgdataset,1,public_db/folder_0/file_12_from_Bibliotecacir_to_blessher.json
1163131685,Binance_Telegram,Binance News,"Unofficial binance.com/en/support/categories/115000056351 media sharing.   Media sharing system from twitter, telegram, facebook, instagram and other platforms related to official Binance medias.  Binance Volume bot: @binanceVolumer",False,False,19799,3137,2022-07-08,21,binance_announcements/1795 binance_telegram binancevolumer bsc_nft crypto_tweets crypto_tweets/6041 cryptocoinscoach doragonland doragonlandglobal doragonlandglobal/270 doragonlandvn fanziesnft forex_tradings/8127 forex_tradings/9320 forex_tradings/9489 ginu_announcements jackdorseycoins joinchat/aaaaaefmvi3cf-ke1dn6ug joinchat/aaaaaelv8njmloltyr_6vw joinchat/nhkhpdoujioyzmzk joinchat/qwkhvqf9wl1iotc0,Crypto,tgdataset,1,public_db/folder_0/file_12_from_Bibliotecacir_to_blessher.json
1143947434,BinaryDistrict,,"Educational programs and events centred around new technologies and disruptive innovation, through collaboration with leading names in tech",False,False,140,176,2019-12-02,0,,Crypto,tgdataset,1,public_db/folder_0/file_12_from_Bibliotecacir_to_blessher.json
1193342710,bitcoin,Bitcoin,Bitcoin is digital gold.  reddit.com/r/bitcoin,False,False,89248,2641,2022-07-31,0,,Crypto,tgdataset,1,public_db/folder_0/file_12_from_Bibliotecacir_to_blessher.json
1421642163,BitcoinBreaking,⭕Bitcoin Breaking⭕,"⭕️BitcoinBreaking⭕️   📡Content is free  and only reflect daily CryptoNews.📡  💡 News, Updates and Fundamentals about CryptoCurrenices & Bitcoin Technology. 💡  📌Official Partner of @CryptoWorldNews 🌏  Contact  - @LucaMathis",False,False,76034,2085,2022-07-31,47,+7m54boish5sznzzi +g7fz_xgsbclly2zi +l5dt08cbjy0yodu0 +qzzflycxdunmztrk affynofficial arteqio bamrocktrading bitcoin_ethereum_trading bitcoin_insights blockchain_crypto_bitcoin bridge_oracle bridgeoracle btca_en cash_blockchain_news crypto_bitcoin_trading_news crypto_channel_list/17 crypto_channel_list/19 crypto_channel_list/21 crypto_channel_list/23 crypto_channel_list/24 crypto_channel_list/26 crypto_channel_list/29 crypto_channel_list/30 cryptocurrency_inside cryptoworldnews defiforyou_english ferrum_network_announcements/639 hiroshitoken joinchat/aaaaaer3jb7r1oexipunga joinchat/kevksc9xffe5owvl joinchat/plsrw1vf-avcjz8cgrqfog metaversegroundzero mimodefi momento_ann momento_official oneinchnetworknews passportfinance pmlchat runexbounty_bot smartkeynews spheredefi sportsbook_1xbit tcesmartcontract tradingfinance utopiachatoff wavesexchange ybrossfinance,Crypto,tgdataset,1,public_db/folder_0/file_12_from_Bibliotecacir_to_blessher.json
1002334729,bitcoinchannel,Bitcoin channel,Contact / proposals 👉🏼 @bitchannelsbot   Crypto news: @cryptocurrency 📢 Trading: @bitcoinsignals ⏰ Altcoins: @altcoin 📣 Mixed news feed: @emergingcrypto 📡 DAPPs: @ethereumdapps 🔹 Buy with BTC: @bitcoinaccepted Japanese: @btcjp 🇯🇵,False,False,5314,18250,2022-07-31,1,emergingcrypto,Crypto,tgdataset,1,public_db/folder_0/file_12_from_Bibliotecacir_to_blessher.json
1355023622,BitcoinExchangeGuide,BitcoinExchangeGuide.com,"Bitcoin, Cryptocurrency & Blockchain News",False,False,3170,9997,2021-12-31,0,,Crypto,tgdataset,1,public_db/folder_0/file_12_from_Bibliotecacir_to_blessher.json
1669428026,BitcoinInventors,Bitcoin Inventors,The real inventors of Bitcoin and Cryptos,False,False,320,997,2022-07-31,80,agesabmyk ancientfeed antigates australiatimes besttokennews binancedailynews bitcoininventors blockchainreport brunopuno capitolnews cardanoreport chicagoreporter cnnunmasked coinbasereport coinbasereport/545 cryptoartmuseum cryptopunksclub cryptosignalsmust ctbch daoautonomous draintheswampnews elonmuskinfo ethereumdaily foxnewsfeed goldtradenews govron greatawakeningchannel greatawakeningofficial inchnews iv jeffbridgemaker jerusalemtribune johnfkennedyjr keanureevesreal kingofbees metaverseaccount nftcollectorgroup nftfair nftreport nickszab nicolateslanews noahsprophecy officialsatoshi officialsatoshi/4489 officialsatoshi/4837 people4freedom politischekryptokunst s/sbmkcoin sabmyk sabmyk/42 sabmyk/75 sabmykawakening sbmkchat sbmkcoin sbmkcoin/13 sbmkme sbmkme/132 sbmkme/134 sbmkme/16 sbmkme/172 sbmkme/185 sbmkme/187 sbmkme/192 sbmkme/197 sbmkme/68 sebastianbieniek shawunawaz shawunawaz/180 shawunawaz/182 shibainuinfo solanainfo stablecoinnews starseedchildren supernarrativ thecryptomeme theeconomynews theeuropenews therevolutionnow tuckercarlsonnews vvanv,Crypto,tgdataset,1,public_db/folder_0/file_12_from_Bibliotecacir_to_blessher.json
1077879781,bitcoinistnews,Bitcoinist.com News,"Bitcoinist is the prime source for information about Bitcoin, digital currency and blockchain technology.",False,False,8973,12073,2022-07-31,2,cryptotraider inlock,Crypto,tgdataset,1,public_db/folder_0/file_12_from_Bibliotecacir_to_blessher.json
1253414641,BitcoinKarl,Karl T's Bitcoin Channel,An educational channel for nationalists who are interested in the latest Bitcoin info. Hosted by Karl Thorburn.,False,False,1627,2173,2022-04-13,6,based_tiktok bitcoinbbq bitcoinkarl disclosetv/1841 fiveoclocksomewherewithfma/15 trackertrial/118,Crypto,tgdataset,1,public_db/folder_0/file_12_from_Bibliotecacir_to_blessher.json
1460711360,bitcoinmagazinefeed,Bitcoin Magazine Feed,,False,False,182,3899,2022-07-31,0,,Crypto,tgdataset,1,public_db/folder_0/file_12_from_Bibliotecacir_to_blessher.json
1124828542,bitcoinmemes,Bitcoin Memes,send memes to @pepethefrog if u want,False,False,1943,609,2022-07-31,1,volmemes,Crypto,tgdataset,1,public_db/folder_0/file_12_from_Bibliotecacir_to_blessher.json
1007486324,bitcoinsignals,Bitcoin Trading Signals,"Channel for Bitcoin Trading signals. Contact / proposals, message 👉🏼 @bitchannelsbot   BTC news and updates on @bitcoinchannel Cryptocurrency news on @cryptocurrency",False,False,1417,9255,2022-07-31,22,bfxtelegram blockconfdigital btcjp ethorse gladiusio huobimeetvietnam huobiofficial huobiotcofficial huobiproofficial joinchat/ggm7ee_ykhotqeryrjc8vg joinchat/hdhsvg73_nnzl3bfdc8oiw joinchat/hdhsvg9rzul3uuxbw4tl5q joinchat/hdhsvhayitpegud3ivsgug joinchat/hdhsvhc90fpxn0mb_9p1rw joinchat/hdhsvhd4kljuppknkin-pq joinchat/hdhsvhdfmedjpxjpnu4bxg kraken_futures kraken_futures_api nebeus_ico otngroup tokenstars_en wabi_ico,Crypto,tgdataset,1,public_db/folder_0/file_12_from_Bibliotecacir_to_blessher.json
1131948783,BitcoinSniper,Bitcoin Sniper,"Tracks important information about the king, including unusual activities, news and other metrics.  Another bot by @XypherIO",False,False,6387,638,2022-07-31,4,bitcoinsniper/28753 bitcoinsniper/28770 bitcoinsniper/28777 unfolded,Crypto,tgdataset,1,public_db/folder_0/file_12_from_Bibliotecacir_to_blessher.json
1336567569,Bitcoin_Crypto_Coin_Calendar,Crypto Calendar News,Produced by @Bitcoin_Magazine • The most important crypto news of the day • Only a few paragraphs  • One post per day For advertising enquiries please contact me @BTCMagazineAdmin,False,False,132259,658,2022-07-31,55,+1bt-9k3pgzuwmdgy +jpqorkhrzstimtc6 +qcyr2iu1iieymjli +qunxptzq4v1iodmy +qzzflycxdunmztrk +r96vbcduvf05mzri +vngpdske5_44nwfk +yj9h4rhp2jjjogzi affynofficial bitcoin_crypto_coin_calendar bitcoin_crypto_memes bitcoin_ethereum_trading bitcoinpixelpizzaofficial bridge_oracle bridgeoracle ccfchat ccfound crypto_bitcoin_trading_news crypto_shortnews cryptocurrency_inside cryptomarkettime cryptorenaissanceorg cryptosignalexpert cryptoworldanalysis defiforyou_english dehive_chat drops_nft ekta_community euphoriahit freedomdogetoken gmt_token gmt_token_ru gmt_token_talk gmt_token_tr hashbon_chat hiroshitoken joinchat/4fz1qgd0dqzhmduy joinchat/6bjgkw5zolhlzje8 joinchat/qh8d-umfyfeynwni joinchat/s9xhskwq4jzkzjy6 joinchat/sc9vegggvnw2mza8 letsexchange_io likethatcoin magician_airdrop_bot magician_official_channel magician_official_group melohoneybadgersociety military_finance mimodefi payrlink pmlchat smartkeynews spheredefi ultiarena x2pofficial__,Crypto,tgdataset,1,public_db/folder_0/file_12_from_Bibliotecacir_to_blessher.json
1171057811,Bitcoin_Crypto_Signals,Bitcoin Crypto Signals,• Chart • News • Fundamentals •  Anything on #Crypto and on its adoption🌎  VIP & Advertising  @JeffRoss,False,False,71159,1222,2022-07-31,30,+exw3r4wy9_u1nzyy +gnw6igved-hmmjk0 +ixsqjfbwh2jhzdg0 +qzzflycxdunmztrk +vngpdske5_44nwfk +xuxp-jnte_9hzgey affynofficial bitcoin_crypto_memes bitcoin_crypto_signals bitcoin_insights crypto_shortnews cryptochannellisting/20 cryptochannellisting/22 cryptochannellisting/24 cryptochannellisting/27 cryptochannellisting/28 cryptochannellisting/29 cryptochannellisting/32 cryptochannellisting/33 cryptocurrency_inside dkkstoken hiroshitoken jakesignals joinchat/fcyewnczyw1hnzbl joinchat/rtuqudp_ddplnmq9 nfts_defi oilclubofficialchat spaceswap spheredefi tradingfinance,Crypto,tgdataset,1,public_db/folder_0/file_12_from_Bibliotecacir_to_blessher.json
1397190462,Bitcoin_Ethereum_Trading,Bitcoin & Ethereum Trading,5⭐️ rated Crypto content and updates 🏅  MORE Crypto NEWS ⤵️               @Blockchain_Crypto_Bitcoin  Suggestions / Advertising ⤵️                                    @SamInCrypto,False,False,273961,2764,2022-07-31,83,+28shejx3cbcymze0 +gnw6igved-hmmjk0 +ixsqjfbwh2jhzdg0 +qzzflycxdunmztrk +vngpdske5_44nwfk aaxcommunity bamrocktrading bitcoin_crypto_coin_calendar/122 bitcoin_crypto_memes bitcoin_ethereum_t bitcoin_ethereum_trading bitcoin_ethereum_trading/1423 bitcoin_ethereum_trading/1898 bitcoin_insights bitcoin_insights/156 bitcoin_insights/861 bitsquad blockchain_crypto_bitcoin bridge_oracle bridgeoracle buffschat buffsnews cash_blockchain_news ccfchat ccfound crypto_channel_list/17 crypto_channel_list/19 crypto_channel_list/21 crypto_channel_list/23 crypto_channel_list/24 crypto_channel_list/26 crypto_channel_list/29 crypto_channel_list/30 crypto_ethereum_bitcoin cryptochannellisting/20 cryptochannellisting/22 cryptochannellisting/24 cryptochannellisting/27 cryptochannellisting/28 cryptochannellisting/29 cryptochannellisting/32 cryptochannellisting/33 cryptocurrency_inside cryptomarkettime cryptomeetsartenglish cryptoworldnews cybervoid_nft defiforyou_english dkkstoken duckshunters emiswap_official gmcoin hashbon_chat hiroshitoken honeyfarmchat joinchat/6xrcktz0wzw2nzmy joinchat/ms8bqgthn4c2zdhk kampayann kampayarabic kampaycn kampayesp kampayjap kampaykorean kampayofficial kampayru kampayviet kucoinlaunchpadofficial mimodefi oilclubofficialchat oneinchnetworkchan payrlink pmlchat singularfinance solana_updates spaceswap spheredefi sportsbook_1xbit superbidio terablock tidex_news tidex_official wavesexchange x2pofficial__,Crypto,tgdataset,1,public_db/folder_0/file_12_from_Bibliotecacir_to_blessher.json
1476708816,bitcoin_industry,Bitcoin Industry,☄️ Publishing news from the crypto industry faster than anyone else ☄️ Promotion offers: @miaMybtc,False,False,446153,522,2022-07-31,133,+0kweomm4_efimtcy +6k7-g59evdfmntli +6my5ckps7nxmmtm0 +_rfnhkpse3hkmtky +caexofcxj8kzzju6 +cbdcou4djanjndli +covkcr4lvnjlyze6 +dmrozmq72-zmmwi6 +dp9qxj3e7gthndgy +jazjwuqypaq3m2m8 +mdi5ohx3ik8zotyy +o18gy7g3w1uxzda6 +ourbepjttzxjmgrh +ql31rmhgwbw3zmmy +que2ujwf5wrhzjgy +rjmza1sujdtlytuy +t6-bha6zbbhjyzli +xvongrfkqg9kzjm6 affynofficial alcocrypto amarkets_en apizdigital aquariscommunity araplanet artkitofficial betfury betfuryofficialchannel bh_gift_card bitcointradeteam bscpannouncements/2855 cellframe cellframe_dev_en coinfieldchat coregroupcc coregroupchat corsairworld crosswise cryptexannouncements/103 cryptexannouncements/106 depocket depocketchannel dogesuperbowlusa drops_nft dynastygi dynastyinvestmentsglobalchannel facepays_chat farcanagame fiatum fiatum_bank flokimooni foodnearcommunity getartannouncements getartnft godsandlegendschannel godsandlegendsnft gogo_coin greenfuelxrpl grill_farm grillfarm guccicaketoken hackenclub holdexfinance honeydefi igoairbot iworks_tokens ixswapofficial joinchat/cbdcou4djanjndli joinchat/m-wkk-1lrag2ywqy joinchat/q-jaq73vm5e4yzli joinchat/re8xiiewowiyotqy joinchat/zorzsyr8myixzwji jpegvault kampayann kampayofficial katanainu klandestinofinanceannouncements klandestinoofficialenglish klandestinoofficialspanish kounotoritoken kunciglobalofficial legacycryptobots lememegossipchannel likethatcoin lv_token magiccraftgamechat metadao_ann mineplex_en mineplex_news neinsfinance neuronswap phayny polkadog_io purefigroup qmall_ch rainmakergames rango_info rangoexchange rematicegc rocketshibainu rodtoken royalrabbitsclub shibamusk_official_channel shibamusk_official_group shibamusk_official_group_i smartcoinofficial smartkeynews spheredefi spookyshibaofficial sportsbook_1xbit staratlasgame starly_chat stellerelite studyum_crypto_chat swapptoken swapptokenrus sweneapp swenetalks theakilcoin theunsafemoon turbo_xbt utopiachatoff victoriavrgroup vodkatoken wallfair_updates wallfairians watchskinsofficial wavesexchange wavesexchange_announcements/357 weway_io/103 whiveio wigglyfinance wohlstanddiscussion xceltoken,Crypto,tgdataset,1,public_db/folder_0/file_12_from_Bibliotecacir_to_blessher.json
1498137829,Bitcoin_Magazine,Bitcoin Magazine,"Follow for Bitcoin news and updates. Our Channel is free, we don’t take any subscription fees.  Share the Channel  with your friends: https://t.me/Bitcoin_Magazine  Owner: @BTCMagazineAdmin  ➖ @Bitcoin_Crypto_Coin_Calendar",False,False,161900,1311,2022-07-31,88,+7ylnisbgmvg2mge6 +a8azjlptiuczzjqy +gthxd0nenhe1zmq6 +ixsqjfbwh2jhzdg0 +l5dt08cbjy0yodu0 +n6qgf8eiuom2nda0 +qunxptzq4v1iodmy +qzzflycxdunmztrk +vngpdske5_44nwfk +wfhpcpkegge2odzi +zpqbapgdgrm4ngy9 affynofficial astraguild astraguildannouncements bananazclub betfury betfuryofficialchannel bholdus_encommunity binstarterofficial bitcoin_crypto_memes bitcoin_ethereum_trading bitcoin_insights bitcoin_magazine cash_blockchain_news ceekvrnews/292 chcryptonews/574 cloverseedsofficial coinfieldchat crypto_bitcoin_trading_news crypto_channel_list/17 crypto_channel_list/19 crypto_channel_list/21 crypto_channel_list/23 crypto_channel_list/24 crypto_channel_list/26 crypto_channel_list/29 crypto_channel_list/30 crypto_marcus crypto_publisher crypto_shortnews crypto_trading_reports cryptochatcwn cryptocurrency_inside cryptomarkettime cryptoworldnews daoland defihorse_community defihorse_community/57146 defihorse_news defihorse_news/124 defihorsexmasevent_bot doge_shibainu duckshunters estatexeu euphoriahit flokimooni golden_income_official gsitoken hiroshitoken igoairbot invictus_capital joinchat/sc9vegggvnw2mza8 justliquidity letsexchange_io metastakingsofficialgroup neinsfinance nfts_defi ouchifinance outcometrading pureoceanofficial redfoxlabs_announcements ring_financial ring_financial_chat satopay shibagun simpleswap socialswapchannel spaceswap spheredefi thewolfoffewstreets tooloocoin trastra_bot unfolded viresfinance walletpayofficial wavesexchange xtrxcommunity xtrxofficial,Crypto,tgdataset,1,public_db/folder_0/file_12_from_Bibliotecacir_to_blessher.json
1440886655,Bitcoin_NewsTG,Bitcoin News,"We post daily the best Bitcoin, Cryptocurrency & Blockchain News.   Admin: @LevoBNTG",False,False,358834,3170,2022-07-31,87,+4es86cq-cruzmdy6 +a7yd6rfqlnxkzdm0 +c_sftdhnlr5hodc8 +gnw6igved-hmmjk0 +qzzflycxdunmztrk asgtoken axes_metaverse_news/343 bamrocktrading bitcoin_crypto_memes bitcoin_ethereum_trading bitcoin_insights bitcoin_newstg bitcoinannahmestelle breezecoinofficial bridge_oracle bridgeoracle casino360 cex_io chatex_bot coinsbit_chat colibriprotocol crypto_marcus crypto_publisher cryptochannellisting/20 cryptochannellisting/22 cryptochannellisting/24 cryptochannellisting/27 cryptochannellisting/28 cryptochannellisting/29 cryptochannellisting/32 cryptochannellisting/33 cryptocurrency_inside cryptomarkettime cryptoworldnews defi_ethereum defiforyou_english doge_shibainu dogiratoken fassetchat flintdotmoney fxsignalsprivate hiroshitoken indexchain joinchat/0_zgjvnwhvmxotdi joinchat/aaaaaefziiamojjpdg0raa joinchat/aaaaafbulmihgf6uqz4yta joinchat/cu0ptxqyueu1ogvi joinchat/dvf08fk5ot5jnmzk joinchat/kevksc9xffe5owvl joinchat/rtuqudp_ddplnmq9 justliquidity kampayann kampayarabic kampaycn kampayesp kampayjap kampaykorean kampayofficial kampayru kampayviet legacycryptobots lidprotocol mimodefi nfts_opensea_news okexofficial_english oneinchexchange pampnetwork payrlink pinetworknewcrypto plentydefi ploutofinance pmlchat ponzuinu rtpcrypto sappchat sappchatchannel satopay sephirothinu smartkeynews spearheadexchange spheredefi superbidio terablock terra_luna_tron tradingfinance ultiarena x2pofficial__,Crypto,tgdataset,1,public_db/folder_0/file_12_from_Bibliotecacir_to_blessher.json
1168785398,BitMaxOfficialAnnouncement,AscendEX Official Announcement,This is the official announcement channel of BitMax.io. Stay tuned.,False,False,4711,3229,2022-07-30,31,akashnw ascendex_indonesia ascendex_leveraged_tokens ascendexenglish bitmax_cnannoucement bitmax_official_bot bitmaxchineseofficia bitmaxchineseofficial bitmaxiobtmxio bitmaxiobtmxiokoreancommunity bitmaxiodutchcommunity bitmaxioenglishofficial bitmaxiojapaneseofficial bitmaxofficialannouncement bitmaxvietnameseofficial chainlinkofficial chiliz_io deepcloud_ai harmony_one hpbglobal kucoin_exchange kucoin_news mahadao nervosnetwork plotx_official qtumofficial ravencoindev thorchain_org ultralphainternationalofficial vechain_official_english wanchainann,Crypto,tgdataset,1,public_db/folder_0/file_12_from_Bibliotecacir_to_blessher.json
1339653782,BitMEXSniper,BitMEX Sniper,Notifies of orders above 3M and liquidations above 750k contracts on the XBTUSD market.   Managed by @XypherIO,False,False,18832,11868,2022-07-31,23,altcoinwolves binanceliquidations binancevolumer bitmexsniper cryptocoinscoach cryptoklondike cryptotrades defisniper joinchat/aaaaae1zdpmif-su-32bnq joinchat/aaaaafbwg6nmvo5uvdxufg joinchat/aaaaafjutn9flpdivf3z9q joinchat/dter7qe3zrs3njk1 joinchat/fztpa5k7evvknde1 joinchat/r-x4qbjov-e0mwq1 joinchat/um6030uul2juxfp1 joinchat/vu1pv4brvizlzjm1 joinchat/wtxjbrgolar7c5c6 joinchat/zbcdmcvrmjpkmwy1 kimoncrypto lordarena the_hedger thebull_crypto thebull_crypto/2404,Crypto,tgdataset,1,public_db/folder_0/file_12_from_Bibliotecacir_to_blessher.json
1404018052,Bitmex_Coach,Bitmex,"Bitmex's liquidation engine, but speaks English instead of code.  Enquiry- @BitmexCoachAdmin",False,False,4958,3230,2022-07-31,90,binance_telegram binancevolumer binancewaves/5331 binancewaves/6453 binancewaves/6507 bitmex_coach bitmex_coach/1662 bitmex_coach/1736 bitmex_coach/1747 bitmex_coach/1759 bitmex_coach/1962 bitmex_coach/1974 bitmex_coach/1997 bitmex_coach/2108 bitmex_coach/2108a bitmex_coach/2203 bitmex_coach/2227 bitmex_coach/2247 bitmex_coach/2252 bitmex_coach/2257 bitmex_coach/2261 bitmex_coach/2262 bitmex_coach/2269 bitmex_coach/2270 bitmex_coach/2290 bitmex_coach/2302 bitmex_coach/2315 bitmex_coach/2346 bitmex_coach/2377 bitmex_coach/2397 bitmex_coach/2585 bitmex_coach/2596 bitmex_coach/2602 bitmex_coach/2646 bitmex_coach/2717 bitmex_coach/2773 bitmex_coach/2894 bitmex_coach/2965 bitmex_coach/3046 bitmex_coach/3106 bitmex_coach/3123 bitmex_coach/3448 bitmex_coach/3472 bitmex_coach/3786 bitmex_coach/3839 bitmex_coach/3841 bitmex_coach/716 bitmex_coach__ bitmex_coach_guide bitmexanalyst bitmexcoachchat crypto_swings/10025 crypto_tweets cryptocoinscoach cryptocoinscoach/17311 cryptocoinscoach/27612 cryptocoinscoach/27635 cryptocoinscoach/27900 cryptocoinscoach/28090 cryptocoinscoach/28781 cryptocoinscoach/29066 cryptocoinscoach/29256 cryptocoinscoach/29519 cryptocoinscoach/29737 cryptocoinscoach/29843 cryptocoinscoach/30374 cryptocoinscoach/30501 cryptocoinscoach/30583 cryptocoinscoach/30910 cryptocoinscoach/30961 cryptocoinswaves/1442 drep_airdrop_bot forex_tradings/1940 forex_tradings/2038 forex_tradings/2077 forex_tradings/2101 forex_tradings/2131 forex_tradings/2159 forex_tradings/2595 forex_tradings/2661 forex_tradings/2689 forex_tradings/2786 forex_tradings/2827 forex_tradings/2892 freesignal75737 jackdorseycoins jackdorseycoins/5766 joinchat/aaaaaefmvi0fy433ndccja joinchat/aaaaaeu4rqklil-abbetba joinchat/aaaaafovnytscxqmmwdmfg,Crypto,tgdataset,1,public_db/folder_0/file_12_from_Bibliotecacir_to_blessher.json
1251312648,bitpie_news,,"🖥Website: bitpie.com  👮‍♂️DO NOT give seed/private keys to any link or people who DM U, including Bitpie ""admin""!  They're all SCAMMERS! You can verify ID/name/link in our APP.  🙋‍♂️Admins: @piepie914_bitpie",False,False,258,185,2020-07-08,2,bitpie_news bitpieinternational,Crypto,tgdataset,1,public_db/folder_0/file_12_from_Bibliotecacir_to_blessher.json
1372867955,bitstarz_news,,"Latest Crypto News from Award-winning Bitcoin site, including Bitcoin News, Ethereum News, Litecoin News, Dogecoin News and other major Crypto News, ICO News, Interviews and Guides.  news.bitstarz.com",False,False,76,2835,2020-06-04,0,,Crypto,tgdataset,1,public_db/folder_0/file_12_from_Bibliotecacir_to_blessher.json
1258535055,blackstoneresultsvip,Blackstone Vip Results,Important what we post here not singnals to buy at peaks . becouse any signals need update and follow up if the market change and we change targets  so if any one follow up them on his own risk / most of them risky to enter after reaches 1.2 target,False,False,60,185,2019-01-23,2,blackstonemargin blackstonesignals/1352,Crypto,tgdataset,1,public_db/folder_0/file_12_from_Bibliotecacir_to_blessher.json
1251787106,dailyycryptonews,DAILY CRYPTO NEWS 4 Signals,Trusted Source For Crypto News And More   Nothing is FINANCIAL ADVICE,False,False,7772,365,2022-07-30,3,dailyycryptonews elongateinfo howtobuyelongate,Crypto,tgdataset,1,public_db/folder_0/file_22_from_DailyBriefing_to_daytejaby.json
1107304938,daily_links,,Random daily links without bullshit comments,False,False,190,2556,2019-11-13,3,addmeto/1899 ml_world/291 vote,Crypto,tgdataset,1,public_db/folder_0/file_22_from_DailyBriefing_to_daytejaby.json
1780223986,DAOautonomous,DAO autonomous,,False,False,277,997,2022-07-31,80,agesabmyk ancientfeed antigates australiatimes besttokennews binancedailynews bitcoininventors blockchainreport brunopuno capitolnews cardanoreport chicagoreporter cnnunmasked coinbasereport coinbasereport/545 cryptoartmuseum cryptopunksclub cryptosignalsmust ctbch daoautonomous draintheswampnews elonmuskinfo ethereumdaily foxnewsfeed goldtradenews govron greatawakeningchannel greatawakeningofficial inchnews iv jeffbridgemaker jerusalemtribune johnfkennedyjr keanureevesreal kingofbees metaverseaccount nftcollectorgroup nftfair nftreport nickszab nicolateslanews noahsprophecy officialsatoshi officialsatoshi/4489 officialsatoshi/4837 people4freedom politischekryptokunst s/sbmkcoin sabmyk sabmyk/42 sabmyk/75 sabmykawakening sbmkchat sbmkcoin sbmkcoin/13 sbmkme sbmkme/132 sbmkme/134 sbmkme/16 sbmkme/172 sbmkme/185 sbmkme/187 sbmkme/192 sbmkme/197 sbmkme/68 sebastianbieniek shawunawaz shawunawaz/180 shawunawaz/182 shibainuinfo solanainfo stablecoinnews starseedchildren supernarrativ thecryptomeme theeconomynews theeuropenews therevolutionnow tuckercarlsonnews vvanv,Crypto,tgdataset,1,public_db/folder_0/file_22_from_DailyBriefing_to_daytejaby.json
1276490996,daomaker_ann,DAO Maker News,"DAO Maker's Announcement Channel will offer important updates on Social Mining and the projects that utilize it, as-well-as regular notifications on interesting industry events.  Join Chat: https://t.me/daomaker",False,False,24417,877,2022-07-17,206,adaswapcommunity alphrfinance amazyio_en anrkeyxofficial avacoin_official bacondao bbsnet befitter_chat bemil_chat bitlocus_official blockassetofficial brokolinetwork bullish_bydao chainport chroniclecommunity clearpoolofficial codyfight coinspaid_chat cryptodakurobinhooders cryptopiggroup cryptoprophecies cryptovigilanteann dafiprotocol daomaker daomaker/32594 daomaker/33743 daomaker_ann daomaker_ann/255 daomaker_ann/282 daomaker_ann/283 daomaker_ann/284 daomaker_ann/287 daomaker_ann/288 daomaker_ann/293 daomaker_ann/295 daomaker_ann/298 daomaker_ann/303 daomaker_ann/307 daomaker_ann/312 daomaker_ann/314 daomaker_ann/318 daomaker_ann/319 daomaker_ann/325 daomaker_ann/326 daomaker_ann/331 daomaker_ann/332 daomaker_ann/335 daomaker_ann/340 daomaker_ann/342 daomaker_ann/343 daomaker_ann/348 daomaker_ann/358 daomaker_ann/359 daomaker_ann/362 daomaker_ann/366 daomaker_ann/368 daomaker_ann/370 daomaker_ann/372 daomaker_ann/379 daomaker_ann/380 daomaker_ann/382 daomaker_ann/383 daomaker_ann/384 daomaker_ann/388 daomaker_ann/405 daomaker_ann/412 daomaker_ann/413 daomaker_ann/416 daomaker_ann/418 daomaker_ann/419 daomaker_ann/424 daomaker_ann/426 daomaker_ann/430 daomaker_ann/431 daomaker_ann/433 daomaker_ann/435 daomaker_ann/442 daomaker_ann/444 daomaker_ann/449 daomaker_ann/454 daomaker_ann/455 daomaker_ann/459 daomaker_ann/460 daomaker_ann/461 daomaker_ann/464 daomaker_ann/465 daomaker_ann/467 daomaker_ann/471 daomaker_ann/475 daomaker_ann/477 daomaker_ann/480 daomaker_ann/497 daomaker_ann/576 daomaker_ann/833 daomaker_ann/99 darkfrontiers defiato definer deltatheta demole_iocommunity deracenft dinoxproject dragonsb_offical elrondnetwork enginesoffury envoynetwork epikprime f2nftofficial fantommaker fearcoin formationfi forwardprotocolofficial gamefi_official gamestarter_co gateio goldfevergame gosiennanetwork hapihf heroesempires heroesempires_en hubbleprotocol incrypted incrypted_net infinityskies ioigame ispolink joinchat/kimujkn5sks8n8mrrdqagq joininjective kabyarena kakanftworld kingdomxann kingdomxgame knitfinance levernetwork losslesscash makiswap marnotaur meta_gamingguild metagamingguild metagods metasoccerofficial mochi_market muon_net muonann nftrade numbersprotocol omnia_protocol onesolcommunity openpredict openpredict/15211 openpredictannouncements/14 opulousapp orion_money orionprotocol orionprotocolnews perafinance persistenceonechat playbigtime playsnook_com playttk plotx_ann plotx_ann/114 plotx_ann/115 plotx_ann/86 plotx_ann/87 plotx_ann/89 plotx_ann/96 plotx_ann/99 polygonumonlinechat prometheus_mga shopnext_chat showcasechat smoothy_finance solice_io solice_io_chat spellfireccg spheriumcommunity spheriumwallet stafi_protocol starpunkann starpunkglobal street_runner_en symbiosis_finance tehmoonwalkers terminaltechsupport ternoa thegemhunterstg themiscommunity theresourcenetwork titanhunters two_key twokey_official vaiot_community ventcommunity ventfinance victoriavrgroup wamapp warenachat warenaofficial web3gamesofficial welaunchx wingriderschat xana_english xcademy yinfinance zignalyhq,Crypto,tgdataset,1,public_db/folder_0/file_22_from_DailyBriefing_to_daytejaby.json
1128851025,daoventuresofficial,Securo Finance Announcement,Official channel for DAOventures.co. DeFi robo-advisor and automated money manager. Visit our community channel at https://t.me/DAOventures,False,False,12661,303,2022-06-29,12,cdzann cdzexchange cryptodakurobinhooders daoventures daoventuresofficial daoventuresofficial/197 gainschat infinitygainzz moonwithshinchan nasdex_xyz plotx_ama shinchaneg_ieo,Crypto,tgdataset,1,public_db/folder_0/file_22_from_DailyBriefing_to_daytejaby.json
1391544837,datalightme,,A crypto analytics platfom. Website: datalight.me/tg Official chat: @dl_community Twitter: twitter.com/datalightme Instagram: instagram.com/datalightme  Reddit: https://www.reddit.com/r/datalight Contact: @vsevolodlukovsky,False,False,909,227,2021-04-20,14,blog/news blog/researches blog/tutorials coins/binance-coin dashboard dashboard/5767 dashboard/widgetconfigurator datalightme datalightme_chat huobiglobalannouncementchannel market pricing rmnvtrade tg,Crypto,tgdataset,1,public_db/folder_0/file_22_from_DailyBriefing_to_daytejaby.json
1359533488,ChartKitchen,Chart Kitchen,Chart Kitchen Telegram relay.  Join our Discord! - https://discord.gg/chartkitchen  https://chartkitchen.com,False,False,2431,1044,2022-07-30,3,alpacafinance alpacafinanceannouncements chartkitchen,Crypto,tgdataset,1,public_db/folder_0/file_17_from_channelforsell6_to_chrir.json
1356607981,chimpmemes,IMG_6059.MOV,Contact : @Cryptochimp,False,False,923,52,2020-10-03,0,,Crypto,tgdataset,1,public_db/folder_0/file_17_from_channelforsell6_to_chrir.json
1332954902,cobinhoodnews,COBINHOOD News,,False,False,447,1092,2020-03-10,26,arccenglish cobinhood cobinhood_api cobinhood_es cobinhood_ita cobinhood_nl cobinhood_pt cobinhood_ru cobinhood_scams_alert cobinhood_tr cobinhood_vn cobinhood_zh cobinhoodgerman cobinhoodnews cobinhoodpricediscussion coinnewschannel dexon_foundation dexon_news dexon_ru dexon_scam_alerts jtokencommunity moxyone simplybrand simplybrandio zeux_official zeuxapp,Crypto,tgdataset,1,public_db/folder_0/file_19_from_cnnethiopia_to_coronaRSAstatus.json
1429586635,CoinAgg,Crypto News Agg,Created by @munkee,False,False,265,10000,2022-02-20,0,,Crypto,tgdataset,1,public_db/folder_0/file_19_from_cnnethiopia_to_coronaRSAstatus.json
1609605643,CoinbaseReport,Coinbase Report,,False,False,53,736,2022-07-31,66,agesabmyk besttokennews binancedailynews bitcoininventors blockchainreport brunopuno capitolnews cardanoreport chicagoreporter cnnunmasked coinbasereport coinbasereport/545 cryptoartmuseum cryptopunksclub cryptosignalsmust ctbch daoautonomous elonmuskinfo ethereumdaily foxnewsfeed goldtradenews govron greatawakeningchannel greatawakeningofficial inchnews jeffbridgemaker jerusalemtribune johnfkennedyjr metaverseaccount nftcollectorgroup nftfair nftreport nicolateslanews noahsprophecy officialsatoshi officialsatoshi/4489 officialsatoshi/4837 people4freedom s/sbmkcoin sabmyk sabmyk/42 sabmyk/75 sbmkchat sbmkcoin sbmkcoin/13 sbmkme sbmkme/132 sbmkme/134 sbmkme/16 sbmkme/172 sbmkme/185 sbmkme/187 sbmkme/192 sbmkme/197 sbmkme/68 sebastianbieniek shawunawaz shibainuinfo solanainfo stablecoinnews supernarrativ thecryptomeme theeconomynews theeuropenews therevolutionnow tuckercarlsonnews,Crypto,tgdataset,1,public_db/folder_0/file_19_from_cnnethiopia_to_coronaRSAstatus.json
1006313407,coinbeginner,Coin Beginner (₿),Your daily dose of Cryptocurrency 😍  Paid Promotion: @DrDigit,False,False,18798,142,2022-07-27,3,euphoriahit gemmchat gemstonemania,Crypto,tgdataset,1,public_db/folder_0/file_19_from_cnnethiopia_to_coronaRSAstatus.json
1110096867,coindar,Coindar,Monitoring cryptocurrency events. Cryptocurrency calendar №1 Official coindar.org channel  Chat: @coindar_chat  Contact: @yancrypt Adv: @LisaSum,False,False,29796,11360,2022-07-30,49,+cor-narppnkxmgm8 +l_0nvw97gya1zti1 bitfolio_community bitfolioofficial coindar coindar/12810 coindar_blog/99 coindar_chat crypto_world_news cryptotree07 epro_deutschland epro_deutschland_news epro_news epro_russia eprorunews gainsann gemchaserz joinchat/aaaaaem9umrd1g6t4dcd7w joinchat/aaaaaeqbue3ljxrobt6pgq joinchat/aaaaafm6gnjim0jypt_kug joinchat/r9x-gkl7has0yjli joinchat/tq_spipevsc2m2qy moonxbtglobal officialkeystoken share/url shirtum subgame_deutschland subgame_network subgame_network_ru subgamedeutschlandnews subgamenetwork subgamenews subgamenews_ru sugarverse sugarverse_official teamcryptozcoach thetateeth/10 thetateethgroup thinktank2021en trustbasegermany trustbasenetwork unclemineen undermyradar verasity_official verasityru vertex_community_group vertex_dex wavesducksrounds yakkasyard,Crypto,tgdataset,1,public_db/folder_0/file_19_from_cnnethiopia_to_coronaRSAstatus.json
1142179360,coindesknew,coin_news,Convenient way to get news from coindesk.com coindesknews@gmail.com,False,False,4557,9991,2021-08-26,7,joinchat/5a_jfxijb7zlmdc1 joinchat/_79vb_hsuhvhzwq1 joinchat/skuhbwgpc7djnwrl joinchat/srvtnimo9g6zunn7 joinchat/uyeu1boouaphpbwz minterscan_en vryptox_pnl,Crypto,tgdataset,1,public_db/folder_0/file_19_from_cnnethiopia_to_coronaRSAstatus.json
1295374554,coinfeed,Coinfeed,New coins in the Minter network,False,False,935,10049,2022-07-27,88,admbrtnpi amigo_club beerstable bipescortservice biplive bippresent1/14 bkminter clubmoon consultingm cryptonac cryptoscryaga/758 cryptoscryagaeng cryptosurfersmain customcoin_bot cykaminterblyat darkside_minter decenter dubai_stroy egregor ehomintera ep1cdrops epidemia777 euro2020_final financecoin forsageminter freedomltd genius_node_ru good1_1time inside7777777 isheldon jazzqr/312 joinchat/aaaaaecyz2dpsrmuhieroq joinchat/aaaaafz4ksyakj05cjrddq joinchat/afyjyenknse2zjri joinchat/crngdre6d76izd9zhn-lla joinchat/df_-flqfypbcirbr-4i4gg joinchat/ghq4spvgd2xlnzdi joinchat/mkqojlswikiyzty6 joinchat/pvoeexvqsr8zntmy joinchat/wy8pfw7d7paxmgiy joinchat/yt-d6jtxchkzmdg6 lexkanev libra/1017 lobbyit loto5x36 ma_biruza/114 massage_mnt memtokens memtokens/13 memtokens/36 memtokens/46 minter_forums minter_idesign minter_love minter_osago minterdrops minterfuck minterinuchat minternamesystem/26 minternetwork/867 minterrevealed minterticker missmintercontest mister_idesign mlmcoin_bot moneyexchangeeu monterium ompinvest onebip onexbip ozonnew pandora_rc pandora_xbot percheron12 pf_fund pilotkatogetherboobis priceinform sounion_bot stepbystepminter succus sunduk_kosheya swap_minter_bot taler_crypto tornado_coin voronunivers vovkaprigarin webcounters_public witcher_minter,Crypto,tgdataset,1,public_db/folder_0/file_19_from_cnnethiopia_to_coronaRSAstatus.json
1099282475,CoinList_Trade,CoinList,CoinList is the trusted platform for new crypto offerings is where you get access to the best new tokens before they list on other exchanges and where early adopters invest in and trade the best digital assets.  Contact @CoinlistTrade,False,False,343389,189,2022-07-30,69,adaxcommunity betucommunity burntfinance cfsprotocol codyfight codyfightnews coinburp coinlist_trade cryptoblades_general cwgroup deracenews deracenft dropstab_en epicwarglobal fota_groupchat gaugecashchat grandtimechateng growthdefi hord_app hordnews investdex investdexannoucements joinchat/i_khjltcoay5owmy joinchat/z5jtj-yz0yw4otgy kitchenft koiinetwork liquidifty liquidifty_ann metashooter_gg metashooter_gg_ann metoshi_official metoshi_redpanda monsterragame mooncraftchat mooncraftofficial official_projectx official_projectx_ann oilclubofficialchat opium_network polarschat polarsio polarsync safelaunch_io safelaunchann sappchat sappchatchannel savix_org seascapenetwork secondlivecommunity secondlivenews secretskyfin sidus_heroes sirenmarkets spheriumcommunity stackerventures tecracoinio trust_announcements trustwallet upland velaspad velaspadann velhallaann velhallaofficial wamapp wamappnews windswapmembers xmetaverse_official ydragonchat ydrmain,Crypto,tgdataset,1,public_db/folder_0/file_19_from_cnnethiopia_to_coronaRSAstatus.json
1262546472,coinnewschannel,CoinNews,Get fast cryptocurrency facts every day.  Directory: @CoinNewsHome  Inquiries: @SteveElison,False,False,3176,1917,2022-06-16,17,ab_chain besticoprojects boomstarternetwork coindex coinnewschannel coinnewsdiscussion cryptoaquarium cryptoaquariumico internxthq joinchat/aaaaaelv8nhebstb4xuj-q joinchat/fyvgr08xtvzyv7ci9brdog paytomat simplybrand simplybrandio spaccoin_official tchannelsbot unfolded,Crypto,tgdataset,1,public_db/folder_0/file_19_from_cnnethiopia_to_coronaRSAstatus.json
1253919045,CoinNewsHome,CoinNews Home,Main directory of the CoinNews network.  cointoken.news,False,False,35,3,2018-03-13,0,,Crypto,tgdataset,1,public_db/folder_0/file_19_from_cnnethiopia_to_coronaRSAstatus.json
1164251244,CoinomiWallet,Coinomi | Official Announcements Channel,Coinomi Wallet :: Bitcoin Ethereum Altcoins Tokens  Live support and discoussion group: @coinomi_official  Admins: @angelos_coinomi @brenny_coinomi @chris_coinomi @nicholas_coinomi @jemuel_coinomi,False,False,3190,123,2022-06-02,2,coinomi_official coinomiwallet,Crypto,tgdataset,1,public_db/folder_0/file_19_from_cnnethiopia_to_coronaRSAstatus.json
1072723547,cointelegraph,Cointelegraph,"Cointelegraph covers fintech, blockchain and Bitcoin, bringing you the latest news and analyses on the future of money.  For advertising inquiries, please contact advertise@cointelegraph.com  Market updates: @CTMarkets  One-minute letter: @OneMinuteLetter",False,False,161359,15800,2022-07-31,0,,Crypto,tgdataset,1,public_db/folder_0/file_19_from_cnnethiopia_to_coronaRSAstatus.json
1379500041,Cointelegraph_de_newsbot,COINTELEGRAPH DE,RSS-Feed für Cointelegraph DE (Unofficial)  BTC ECHO NEWS RSS FEED (Unofficial) @btcecho_newsbot  COINTELEGRAPH NEWS RSS FEED @cointelegraph_de_newsbot  Kontakt: @blockchainpionier,False,False,84,11838,2022-07-31,1,btcecho_newsbot/3885,Crypto,tgdataset,1,public_db/folder_0/file_19_from_cnnethiopia_to_coronaRSAstatus.json
1122431657,cointified,Cointify | Blockchain & CryptoCurrency,Blockchain and Cryptocurrency Research. ICOs. Technology. Market. Investments. Insider news. Decentralization. Philosophy. The Future.  Join our News Channel - @cointifystory  Join our ChatRoom - @cointifychat,False,False,1051,2505,2020-03-04,64,adhivetv bscrg cointified cointified/1943 cointified/1953 cointified/2472 cointified/2803 cointified/2819 cointified/2872 cointified/2905 cointified/2915 cointified/2950 cointified/3000 cointified/3006 cointified/3010 cointified/3014 cointified/3042 cointified/3077 cointified/3078 cointified/3126 cointified/3127 cointified/3148 cointified/3161 cointified/3179 cointified/3186 cointified/3188 cointified/3201 cointified/3206 cointified/3207 cointified/3216 cointified/3218 cointified/3229 cointified/3239 cointified/3247 cointified/3255 cointified/3256 cointified/3257 cointified/3259 cointified/3283 cointified/3286 cointified/3289 cointified/3294 cointified/3301 cointified/3313 cointified/3314 cointified/3315 cointified/3319 cointified/3324 cointified/3327 cointified/3332 cointified/3335 cointified/3345 cointified/3365 cointified/3380 cointified/3395 cointified/3396 cointifychat cointifystory cointifystory/5305 eth-block-compare idexchat/99775 ins_ecosystem neon_exchange_nex remme_daily,Crypto,tgdataset,1,public_db/folder_0/file_19_from_cnnethiopia_to_coronaRSAstatus.json
1280633661,cointifystory,,Blockchain and CryptoCurrency stories and articles from around the world. First hand.  Read. Peruse. Study.   Join our Official Channel - @cointified.  Join our ChatRoom - @cointifychat.,False,False,177,10000,2020-07-27,0,,Crypto,tgdataset,1,public_db/folder_0/file_19_from_cnnethiopia_to_coronaRSAstatus.json
1323171113,cointiger_announcements,CoinTiger Announcements,CoinTiger Community Telegram(English): https://t.me/Cointiger_en Twitter: https://twitter.com/CoinTigerEX Facebook: https://www.facebook.com/CoinTigerEX Reddit: https://www.reddit.com/user/CoinTigerEX,False,False,92926,3984,2022-07-31,1066,+0hc4k-2f9we1mgm0 +cv4-_rcrvr5kmgnl +jpxejfp11um0zgyx +qrp0rtdkadw1mjc1 +vmtmtd1jgkfimdhh +xxod9t0n4yeyogiy aavegotchi abcotokengr agrichainx agrinoble akitatoken alienworldsoffical alitastech alphafinancelab alpinef1announcement animehatchery ankrnetwork antisinuverification apeiron_chat apollocommunity arabic_cash_en arcaliveme arcaneleague_bsc arcateam ariva_arv arkercommunity armycoin arowana_token arowanatoken artmtoken artw0rknft assaracommunity astrogrowatg atomofficialsns atr_atauro autobusdglobal avinoc axieinfinity axuscoin baby_lovely_inu baby_swap babybinance babydogecoin babydougchat babyethproject babyflokidefi babysharktoken babyshibainu_global baelive_group bafeio bakeryswap bankcoinreserve basisgold belecxchat bellaprotocol betfury bfkwarzone big_eth bigbnb_bigfamily binaryxglobal bishutakeover biswap biswap20group bitgatti bitrotachannel bitxmiexchange blackkshibainu blkwhale_global bloktopiachat bluesparrowofficial bonktoken bosstokencrypto brosispay browniesswap bscbond btfaentryportal budgswap buffdogecoinofficial bullbankers byte_ex cake_defi cake_defi_city cake_defi_city/9 calaswap_official_community candelacoindiscussion cardence_chat caribmarsfinancecommunity casheracommunity cashthai_off catcoin_bsc cctoken_official ceekvrtokensale chain chainbingofficial chaincade chainestatedaochat chainx_org chhipscoin chikfinance chiliz_io chiliztrade chiruinuofficial climbtoken cloudprotocol cmnnewsofficial coinmooner coinsgreychannel cointiger_airdrop_bot cointiger_annoucements cointiger_announcements cointiger_announcements/1614__ cointiger_announcements/1880 cointiger_announcements/1890 cointiger_announcements/1891 cointiger_announcements/1905 cointiger_announcements/1931 cointiger_announcements/1944 cointiger_announcements/1946 cointiger_announcements/1951 cointiger_announcements/1952 cointiger_announcements/1972 cointiger_announcements/1974 cointiger_announcements/1979 cointiger_announcements/1992 cointiger_announcements/1993 cointiger_announcements/1997 cointiger_announcements/1999 cointiger_announcements/2000 cointiger_announcements/2002 cointiger_announcements/2008 cointiger_announcements/2015 cointiger_announcements/2025 cointiger_announcements/2032 cointiger_announcements/2034 cointiger_announcements/2042 cointiger_announcements/2047 cointiger_announcements/2049 cointiger_announcements/2052 cointiger_announcements/2054 cointiger_announcements/2060 cointiger_announcements/2075 cointiger_announcements/2092 cointiger_announcements/2099 cointiger_announcements/2107 cointiger_announcements/2112 cointiger_announcements/2119 cointiger_announcements/2134 cointiger_announcements/2149 cointiger_announcements/2159 cointiger_announcements/2164 cointiger_announcements/2165 cointiger_announcements/2166 cointiger_announcements/2404 cointiger_announcements/2415 cointiger_announcements/2422 cointiger_announcements/2423 cointiger_announcements/2424 cointiger_announcements/2434 cointiger_announcements/2439 cointiger_announcements/2468 cointiger_announcements/2470 cointiger_announcements/2471 cointiger_announcements/2472 cointiger_announcements/2475 cointiger_announcements/2482 cointiger_announcements/2486 cointiger_announcements/2490 cointiger_announcements/2540 cointiger_announcements/2543 cointiger_announcements/2555 cointiger_announcements/2589 cointiger_announcements/2601 cointiger_announcements/2604 cointiger_announcements/2609 cointiger_announcements/2614 cointiger_announcements/2635 cointiger_announcements/2636 cointiger_announcements/2637 cointiger_announcements/2644 cointiger_announcements/2647 cointiger_announcements/2650 cointiger_announcements/2653 cointiger_announcements/2724 cointiger_announcements/2728 cointiger_announcements/2750 cointiger_announcements/2763 cointiger_announcements/2764 cointiger_announcements/2780 cointiger_announcements/2786 cointiger_announcements/2795 cointiger_announcements/2801 cointiger_announcements/2802 cointiger_announcements/2816 cointiger_announcements/2883 cointiger_announcements/2889 cointiger_announcements/2893 cointiger_announcements/2896 cointiger_announcements/2900 cointiger_announcements/2901 cointiger_announcements/2904 cointiger_announcements/2905 cointiger_announcements/2921 cointiger_announcements/2928 cointiger_announcements/2934 cointiger_announcements/2938 cointiger_announcements/2942 cointiger_announcements/2945 cointiger_announcements/2954 cointiger_announcements/2998 cointiger_announcements/2999 cointiger_announcements/3003 cointiger_announcements/3006 cointiger_announcements/3007 cointiger_announcements/3016 cointiger_announcements/3017 cointiger_announcements/3021 cointiger_announcements/3025 cointiger_announcements/3036 cointiger_announcements/3053 cointiger_announcements/3057 cointiger_announcements/3131 cointiger_announcements/3133 cointiger_announcements/3135 cointiger_announcements/3149 cointiger_announcements/3150 cointiger_announcements/3152 cointiger_announcements/3156 cointiger_announcements/3158 cointiger_announcements/3159 cointiger_announcements/3174 cointiger_announcements/3188 cointiger_announcements/3189 cointiger_announcements/3192 cointiger_announcements/3195 cointiger_announcements/3199 cointiger_announcements/3200 cointiger_announcements/3204 cointiger_announcements/3205 cointiger_announcements/3206 cointiger_announcements/3207 cointiger_announcements/3208 cointiger_announcements/3226 cointiger_announcements/3231 cointiger_announcements/3232 cointiger_announcements/3236 cointiger_announcements/3240 cointiger_announcements/3245 cointiger_announcements/3248 cointiger_announcements/3249 cointiger_announcements/3251 cointiger_announcements/3252 cointiger_announcements/3253 cointiger_announcements/3262 cointiger_announcements/3264 cointiger_announcements/3265 cointiger_announcements/3275 cointiger_announcements/3279 cointiger_announcements/3280 cointiger_announcements/3282 cointiger_announcements/3287 cointiger_announcements/3289 cointiger_announcements/3292 cointiger_announcements/3298 cointiger_announcements/3300 cointiger_announcements/3309 cointiger_announcements/3310 cointiger_announcements/3311 cointiger_announcements/3312 cointiger_announcements/3323 cointiger_announcements/3335 cointiger_announcements/3340 cointiger_announcements/3344 cointiger_announcements/3345 cointiger_announcements/3347 cointiger_announcements/3352 cointiger_announcements/3357 cointiger_announcements/3368 cointiger_announcements/3377 cointiger_announcements/3386 cointiger_announcements/3388 cointiger_announcements/3390 cointiger_announcements/3391 cointiger_announcements/3394 cointiger_announcements/3402 cointiger_announcements/3405 cointiger_announcements/3407 cointiger_announcements/3410 cointiger_announcements/3411 cointiger_announcements/3414 cointiger_announcements/3424 cointiger_announcements/3431 cointiger_announcements/3434 cointiger_announcements/3435 cointiger_announcements/3437 cointiger_announcements/3441 cointiger_announcements/3443 cointiger_announcements/3444 cointiger_announcements/3453 cointiger_announcements/3458 cointiger_announcements/3459 cointiger_announcements/3462 cointiger_announcements/3465 cointiger_announcements/3469 cointiger_announcements/3476 cointiger_announcements/3478 cointiger_announcements/3492 cointiger_announcements/3493 cointiger_announcements/3494 cointiger_announcements/3498 cointiger_announcements/3499 cointiger_announcements/3501 cointiger_announcements/3502 cointiger_announcements/3503 cointiger_announcements/3504 cointiger_announcements/3505 cointiger_announcements/3525 cointiger_announcements/3527 cointiger_announcements/3534 cointiger_announcements/3535 cointiger_announcements/3550 cointiger_announcements/3552 cointiger_announcements/3554 cointiger_announcements/3557 cointiger_announcements/3559 cointiger_announcements/3560 cointiger_announcements/3561 cointiger_announcements/3563 cointiger_announcements/3564 cointiger_announcements/3566 cointiger_announcements/3569 cointiger_announcements/3571 cointiger_announcements/3583 cointiger_announcements/3594 cointiger_announcements/3595 cointiger_announcements/3597 cointiger_announcements/3612 cointiger_announcements/3613 cointiger_announcements/3619 cointiger_announcements/3629 cointiger_announcements/3634 cointiger_announcements/3635 cointiger_announcements/3636 cointiger_announcements/3637 cointiger_announcements/3643 cointiger_announcements/3644 cointiger_announcements/3646 cointiger_announcements/3653 cointiger_announcements/3655 cointiger_announcements/3658 cointiger_announcements/3661 cointiger_announcements/3687 cointiger_announcements/3688 cointiger_announcements/3691 cointiger_announcements/3695 cointiger_announcements/3697 cointiger_announcements/3699 cointiger_announcements/3700 cointiger_announcements/3705 cointiger_announcements/3709 cointiger_announcements/3711 cointiger_announcements/3713 cointiger_announcements/3715 cointiger_announcements/3717 cointiger_announcements/3718 cointiger_announcements/3719 cointiger_announcements/3721 cointiger_announcements/3726 cointiger_announcements/3728 cointiger_announcements/3731 cointiger_announcements/3732 cointiger_announcements/3734 cointiger_announcements/3741 cointiger_announcements/3743 cointiger_announcements/3749 cointiger_announcements/3751 cointiger_announcements/3760 cointiger_announcements/3761 cointiger_announcements/3763 cointiger_announcements/3764 cointiger_announcements/3765 cointiger_announcements/3767 cointiger_announcements/3774 cointiger_announcements/3794 cointiger_announcements/3795 cointiger_announcements/3799 cointiger_announcements/3800 cointiger_announcements/3803 cointiger_announcements/3807 cointiger_announcements/3821 cointiger_announcements/3822 cointiger_announcements/3823 cointiger_announcements/3827 cointiger_announcements/3828 cointiger_announcements/3830 cointiger_announcements/3831 cointiger_announcements/3833 cointiger_announcements/3842 cointiger_announcements/3844 cointiger_announcements/3845 cointiger_announcements/3846 cointiger_announcements/3847 cointiger_announcements/3848 cointiger_announcements/3852 cointiger_announcements/3853 cointiger_announcements/3857 cointiger_announcements/3858 cointiger_announcements/3863 cointiger_announcements/3870 cointiger_announcements/3872 cointiger_announcements/3875 cointiger_announcements/3877 cointiger_announcements/3878 cointiger_announcements/3879 cointiger_announcements/3880 cointiger_announcements/3883 cointiger_announcements/3886 cointiger_announcements/3887 cointiger_announcements/3888 cointiger_announcements/3891 cointiger_announcements/3894 cointiger_announcements/3895 cointiger_announcements/3907 cointiger_announcements/3923 cointiger_announcements/3931 cointiger_announcements/3936 cointiger_announcements/3939 cointiger_announcements/3943 cointiger_announcements/3946 cointiger_announcements/3950 cointiger_announcements/3952 cointiger_announcements/3956 cointiger_announcements/3960 cointiger_announcements/3962 cointiger_announcements/3966 cointiger_announcements/3967 cointiger_announcements/3969 cointiger_announcements/3970 cointiger_announcements/3973 cointiger_announcements/3975 cointiger_announcements/3983 cointiger_announcements/4003 cointiger_announcements/4007 cointiger_announcements/4010 cointiger_announcements/4014 cointiger_announcements/4017 cointiger_announcements/4022 cointiger_announcements/4023 cointiger_announcements/4029 cointiger_announcements/4034 cointiger_announcements/4036 cointiger_announcements/4040 cointiger_announcements/4057 cointiger_announcements/4058 cointiger_announcements/4072 cointiger_announcements/4078 cointiger_announcements/4081 cointiger_announcements/4083 cointiger_announcements/4107 cointiger_announcements/4110 cointiger_announcements/4115 cointiger_announcements/4117 cointiger_announcements/4119 cointiger_announcements/4121 cointiger_announcements/4128 cointiger_announcements/4141 cointiger_announcements/4142 cointiger_announcements/4143 cointiger_announcements/4144 cointiger_announcements/4148 cointiger_announcements/4219 cointiger_announcements/4221 cointiger_announcements/4231 cointiger_announcements/4233 cointiger_announcements/4234 cointiger_announcements/4235 cointiger_announcements/4236 cointiger_announcements/4237 cointiger_announcements/4242 cointiger_announcements/4243 cointiger_announcements/4250 cointiger_announcements/4255 cointiger_announcements/4256 cointiger_announcements/4262 cointiger_announcements/4264 cointiger_announcements/4269 cointiger_announcements/4275 cointiger_announcements/4282 cointiger_announcements/4284 cointiger_announcements/4286 cointiger_announcements/4335 cointiger_announcements/4346 cointiger_announcements/4347 cointiger_announcements/4359 cointiger_announcements/4362 cointiger_announcements/4366 cointiger_announcements/4369 cointiger_announcements/4376 cointiger_announcements/4378 cointiger_announcements/4384 cointiger_announcements/4385 cointiger_announcements/4394 cointiger_announcements/4403 cointiger_announcements/4404 cointiger_announcements/4405 cointiger_announcements/4406 cointiger_announcements/4413 cointiger_announcements/4421 cointiger_announcements/4435 cointiger_announcements/4437 cointiger_announcements/4439 cointiger_announcements/4443 cointiger_announcements/4444 cointiger_announcements/4446 cointiger_announcements/4458 cointiger_announcements/4467 cointiger_announcements/4472 cointiger_announcements/4477 cointiger_announcements/4483 cointiger_announcements/4485 cointiger_announcements/4487 cointiger_announcements/4490 cointiger_announcements/4500 cointiger_announcements/4502 cointiger_announcements/4516 cointiger_announcements/4517 cointiger_announcements/4533 cointiger_ar cointiger_cn cointiger_customerservice001 cointiger_en cointiger_en/1622247 cointiger_en/1686048 cointiger_en/1688575 cointiger_en/1698220 cointiger_en/1747647 cointiger_en/1795623 cointiger_en__ cointiger_indonesia cointiger_kr cointiger_listing_angels_bot cointiger_pk cointiger_reminder cointiger_ru cointiger_turkish cointiger_vn cointigerfutures_officia cointigerfutures_official communitymetaverse coreblockchain corgidoge_official cosmosproject craneminers_official crawlerfinance crawlerfinancechat crypt0shield crypto_classic cryptochiptokenofficial cryptogodz1 cryptominesapp cube_network cumrocket cvd19chat daddyethproject daf_token dalienglish dalitoken darkfrontiers darkshieldgamesstudio darwinianetwork deepernetwork defidegenland defiforyou_china defiforyoudfy defigold_main defigramnet definafinance1 defisocial defitofficial dego_finance dehubofficial deimostoken delot_io dentrocoinglobal dentrocoingroup detox_toxic dexacoin dexfinhq dexfininfo dmcinu dogecola dogeflokiglobal dogelonmars dogemanofficial dogestrap dogewarriorannouncements dogewarriorofficial domain_dmn_coin_global doortokenchat dotmoovs doveswap drachmatoken dragonsea_ann dragonsea_global dragonsgamefiofficial drawshop driftdeliveryofficial duckfinance dusknetwork dyakon_official dynamixtoken eaglevisionbscada earncraft ebsnetwork eel_finance_chat elcglobalgroupchat ellipsisfinance elonsdogebsc elonspace elvantis empiretokennewschannel empiretokenworld empmoney enkixdao enter_realm eox_official escoinico ethereumpayofficial etnanetwork euronin everdome evermars excorevault fameint fastmoonfinance fatherflokitoken fatherflokitokn feiprotocol felinefriendsio feyorra fibodex_official firdaosofficial flarefinance flashloanscom flokiinutoken flokishibareal_chat flokisteroidofficial flow_community foliowatch foliowatchann footballfantasypro footballstarsio footieplus forusplatform foxfinancebsc2022 freecoinglobal ftmlaunchchat futurecoininternational gafalinks gainsnetwork galaxyheroescoin galaxyprotocolofficialtg gamingshibabsc gamyfi_hq gatewayprotocol gatewayprotocolchat gbankapyofficial geomachat geracoin giftedhandstokengroup gincoinchannel goatgangnft gocryptome godsandlegendsnft gogalagames gogofinance gogolcoin_io goldcoinreservee golden_roots_chat goldenkittycake gorilladiamond graphlinq greentrusttoken greenzonefoundation gsdtoken gshiba_official gsxcommunity gtxgotem guildfi gulfcoingroup gulfcoinofficial hachiko_bsc hamster_finance hanzoinu harmonypad hayyaglobal hdt_announcements hellochromia heroseri_chat hmrntoken hopetokenchat hotcross hotmoontokencommunity howdoohq huskyx_official hyperchainx hyperdeflate icdefi_group imminentverse immutablex impossiblefinance indiacoingroup infinitycakeoff infinitydogeproject infotattoomoney iqcexchangeofficial ir_cointiger irena_coin_global isikc islamicoinchat ivogel_chat jessica_cointiger jimmyneutroncrypto jindoinu2 joinchat/-9hgmeu-x6u3zjy0 joinchat/-jiclzlxmhpmnzmy joinchat/k8r-uumitx9modvk joinchat/lem0elklmo1koddh joinchat/svkr8y9cwsvlrcsi jointer_io justiceinu kampaychat kampayofficial karastar_official kgocrypto kgoroom kikafinance kingofshiba kingsinba kishuinucommunity kittycoinsolana_off kl klaytn_en kleekaicommunity knightswap koreadoge kryptondao kusonokisamurai labrafinance lanceria launchpoolxyz lawtokenchannel lcdptoken leonicornswap lidofinance life10101 littlebabydogeofficial livenftofficial livepeerorg lok_global loser_coin_english loudmarket loudmarket_asia lovelyinu_coin lovepot_finance ltextoken luchow lunapadofficial madagascar_time makerdaoofficial manekinekomeme manyswap marsdogetoken_official marshmallowdefi marsrisebsc matrixcoingr matrixxtoken mcan_coin mdf_official megatoken_group memepadofficial memetowers_meta metablackoutofficiall metabombertoken metacash metacraftgame metagaming0 metahero_io metamars7 metamaticcoin metanftbsc metanoom metapay_io metaplayverified metaservex metaversemgl metisdao mettalex_official mewinuofficial miaworldmultiple micropee miloinu mimosaofficial mindmusicbsc minex_mining1 mixdex mobox_io mofasaairtrendanalysis momoprotocol momoprotocol_chat moocowtoken moolatoken moonnation moonpirate moonstarchat moontrustplatform movez_app msh_world_group mtifinance mtvg_game muskmetaverse_official_group_6t myneighboralice nadeshikochat naftydiscussions neckermanntokenchat netzcoin nevadatoken nexofinance nft_globall nft_starter nftchampions nftnetworkglobal nilcoin noahproject norsefinance noshitcoin_io nxdproject official_5roiglobal officialdojo officialjasmyuniverse officialmetarewards officialshibabnb officialsplash olacityglobal omnistoken_chat omniunitofficial onedogegroup onepiece_eth orchidofficial oxfinance oxo_farm p2p_taxi p2pdefi pampther pancakeswap pandacoin_fin pandaswaptoken parexmarket passiveincomepsi pawsofficial pawzoffici pawzofficial paybswap pcat_tokens peacetokenfinanceofficial peachesnfts peepsuleindia peepsuleofficial petgamesbsc phaeton_official phaeton_officiall phalanetwork phoenixdefifinance phoenixdefifinancecommunity picartnft_group pigtokenbsc pigxgroup pikachuinuu pikatokenoffic pikatokenofficial pitbull_bsc planetixofficial planetofficial pleasurecoin_crypto plutonetwork_channel poawagmi pointpay_eng pokmonsters polkaclassic polypad_ann polyplaygames popdogecoin pornversechat pornversechat/73280 projectdonkeychat projectgalaxyhq projectpokelon projectquint projecttxa protocolfinancechat qatar2022token_bsc qrkitaexchanger qurasofficialgroup radiocaca radix_dlt ramenswap ramenswapannouncement realyofficial reefdefi reltimedefi rendertoken revenuecoineng revolt2earn revomon revvcommunity rewardscoinenglishchat rewardscoinofficialchat riskmoon risqprotocol robowolfproject routerprotocol rshibshibarobinhood runefarm ryoshisvision safedogcommunity safegalaxychat saitamaworldwide samoyedcoin saveplanetearthchinese saveplanetearthofficial saveplanetearthtoken scarytoken scoobytoken securedship seektigerofficial set_community shakinu sheesha_finance shiba_nft shibacash_bsc shibacorgidog shibainu_dogecoinkiller shibainuclassicfamily shibalandgroup shibamoonbsc shibanft1official shibanovadex shibapupdog shibarobinhood shibawalletpro shibawalletpro_official shihtoken silentnotary skydos_official socaverseglobal sokuswap solana solanadoge songoku_inu sourceprotocol sparrowtokenofficial spyglobal spyindonesia squidgrowportalentry squirtgame_token staratlasgame staysafuorg stepappchat stepnannouncement stepnofficial stingdefi streamcoinofficial studentcoin superecochain supermoon_finance survive_p2e svc_coin svc_coin_channel swedcoin swfcoin tcoino techcapitalholdingschannel terareumllc terralunachat terrancoin tezosannouncements tgbfinance the_animal_farm the_real_420x thebabytigerking thechadtoken thekinchannel theofficialflypaper thetanarenanews tifi_token tiger_ann tiger_finance tigertokenfinance tinyworld_en tlabs_pa tmedping tokenplace tommycatbsc tonblockchain torg_together torgtogether trdc_family trilliumtokenofficial tripofficial tronnetworken trubadgerofficial tunefm typhoonnetwork ubg_token ultiarena ultiledger unifiprotocol unilayer unilendfinance unimaxofficial utopiachatoff vdoratg velascommunity venusprotocol verasity_official veriarti viplustoken viplustokencommunity viralatafinance viralatafinance_eng virtual_land_7 vitainu vivaofficialgroup vms_official_notice voltinuofficial vulkaniaapp wateenswap wateenswapfinanace weentarcom whalegirl_bsc wikicatcoin wirtual_community wizardia wkit_official_chat wojtoken woopmoneyofficial wsa_announcements x2pofficial xburnofficialgroup xmineinternational xstxofficial xtremcoin yearnx yfdot_finance/15 yffiifinance yfi_one yficreditofficial yieldgaming yooshi_official zcorecrypto zcorefinance zelaanft zelaapayae zillionaakarxo zkswapofficial zoroinucommunity zunacoin,Crypto,tgdataset,1,public_db/folder_0/file_19_from_cnnethiopia_to_coronaRSAstatus.json
1050166016,cointrad,G.C.C.G.™,Global Crypto Consulting Group.  G.C.C.G.™ project is represented by a Professional Highly Qualified Analytical Team of Crypto-Traders.    @Premium_Access Premium Services  @Crypto_Governments Administration  @Promotion_ICO Advertising,False,False,20471,6221,2021-11-20,8,cointrad cointrad/16874 freebounties honesttrading joinchat/aaaaad6yqwbhxsa89wmw9w joinchat/aaaaaeehrz7qkj80oecqmg joinchat/aaaaaejmnzviwpeptthzfg joinchat/aaaaaenjac6cv5oxctwaya,Crypto,tgdataset,1,public_db/folder_0/file_19_from_cnnethiopia_to_coronaRSAstatus.json
1131371900,cointrendz,CoinTrendz.com,"Crypto Market Data Insights, Market Activity, News, Events & more!  Main Channel of CoinTrendz.com ♠️  🤖 FREE Crypto Market Bot: @cointrendzbot ❤ Talk with us: @cointrendzcommunity",False,False,36483,15484,2022-07-31,6,cirusfoundation cointrendzbot joinchat/9gqybuiyrmxlytjl joinchat/j-si_ri1qt42mdk0 polkacity polkacity/59238,Crypto,tgdataset,1,public_db/folder_0/file_19_from_cnnethiopia_to_coronaRSAstatus.json
1394339195,comfycrypto,Comfy Crypto,Shitcoin Log  @GetGoodINCUBATOR community channel I post in.  @viplegend channel owner dm for contact  @comfybox for trollbox Official Twitter https://twitter.com/ComfyCrypt,False,False,90,2606,2022-07-07,14,alpha_crypto basednredpilled caratzchat comfybox comfyhoard cryptocueleaks getgoodincubator getgoodta joinchat/fvwfzrt5pss4gurr1cao7w learningta ncxsignals officialsocialwallet pollbot unipumps,Crypto,tgdataset,1,public_db/folder_0/file_19_from_cnnethiopia_to_coronaRSAstatus.json
1235303639,commas,3Commas.io,"Welcome to the 3commas.io Telegram channel!  The 3Commas group chat is available for users with active subscription.  If you need support, please message @needsupport_bot or use the chat feature while logged into your 3Commas account from your computer.",False,False,18839,1318,2022-07-31,35,+m0tgyd12o0qxoday bg/5nktutv8augpaaaaitar6q32e1i bg/8zqyvppkaeh4aaaajdjugtbjrr0 bg/f8tu05aqauglaaaaljv2awpay40 bg/hkgiegtlaugaaqaakecbll8vtuy bg/k5acmkwmaeitaaaakjb8ned8zgy bg/l-tyvjuuaeghaaaab2tu_nl6rom bybit_3commas c/1288383472 coincidentaltrading commas/310 commas/405 commas/426 commas/511 commas/635 commas_ru commaschat commaschates commaschatru commastrade community_3commas cqsscalpingchat deltathetanews deribit_notifications/428 deribit_notifications/431 deribit_notifications/432 deribit_notifications/438 deribit_notifications/439 deribit_notifications/443 deribit_notifications/450 ico_analytic/1583 special-situation-report/2 xcomturkey zh3commas zn_3commas,Crypto,tgdataset,1,public_db/folder_0/file_19_from_cnnethiopia_to_coronaRSAstatus.json
1364557921,ConfidentialCryptoUpdates,Confidential Crypto Updates,"#Bitcoinist, #Coingape, #Cointelegraph, #CryptoCrimson, #Diar_Weekly, #Etherium_Blog, #NewsBTC  For more Resources: @LeaksNetwork  Join VIP Leaks: VIPLeaks@protonmail.com",False,False,1348,10000,2020-10-22,0,,Crypto,tgdataset,1,public_db/folder_0/file_19_from_cnnethiopia_to_coronaRSAstatus.json
1237659106,fmfw_io_announcements,FMFW.io Announcements,Never miss any news from the FMFW.io Exchange,False,False,868,1200,2022-07-29,12,+b7em-rc_vsw4mjux ataritokenofficial bitcoincomexchang bitcoincomexchange cloudcoinworld crustnetwork cryptochiefcom digibytecoin fmfw_io horizencommunity relaychainchata unizen_io,Crypto,tgdataset,1,public_db/folder_0/file_34_from_flowers_in_your_lungs_to_freeJuliane.json
1342969483,fofoofomarket,🔆 𝐅𝐨𝐅𝐨𝐨𝐅𝐨 𝐌𝐚𝐫𝐤𝐞𝐭 🛒,https://www.fofoofomarket.com/fofoofo-app-landing-page/ www.fofoofomarket.com A trusted platform that connects buyers with individuals who are looking to sell their products and services fast.,False,False,25,32,2021-01-11,2,fofoofomarket fofoofomart,Crypto,tgdataset,1,public_db/folder_0/file_34_from_flowers_in_your_lungs_to_freeJuliane.json
1443367253,forexarsonists,📊💰FOREX ARSONISTS💰 📊,We teach everything you wanna know about forex📈📉💰✅ We sell some signals 📈💰 Selling systems Mt4 vision R1200 Mt5 vision R1300  Join the winning team and make profits everyday.yy🙏♥️💰✅,False,False,15,27,2021-10-06,0,,Crypto,tgdataset,1,public_db/folder_0/file_34_from_flowers_in_your_lungs_to_freeJuliane.json
1179937746,forexfreeindicatorsforlife,MTWEALTH FOREX TRADING PTY)LTD,Free Educational resources And Weekly Analysis📈📉 . Share The Link : https://t.me/forexfreeindicatorsforlife  Contact Admin Here : https://wa.me/+27837446771,False,False,1966,362,2021-11-26,2,joinchat/aaaaafd8owuvrlelet12ma mmitraders,Crypto,tgdataset,1,public_db/folder_0/file_34_from_flowers_in_your_lungs_to_freeJuliane.json
1281328448,forexsignalselite,📈VENOM FX TRIAL SIGNALS 📉,📈ALSO SUBSCRIBE TO THE YOUTUBE CHANNEL 📉  https://www.youtube.com/channel/UCKAL1kt9C4ibY4Pug2eaGLg  📊FOREX SET UPS WILL BE UPLOADED AND PROFITS & STRATEGYS 📊,False,False,31,136,2019-11-20,0,,Crypto,tgdataset,1,public_db/folder_0/file_34_from_flowers_in_your_lungs_to_freeJuliane.json
1161342217,Forex_Tradings,Forex Tradings,"Specialists in Institutional concepts!   Technical analysis, Swing trades & Scalp Trades for CRYPTO, FOREX, COMMODITIES AND EQUITIES.  Major Market Analysis  Market maker concepts   Enquiries : @ataladmin  VIP join form https://forms.gle/A4wA6Qx2ucjv4LvV6",False,False,32360,9183,2022-07-31,200,addstickers/twfnft_io binance_nft bsc_nft crypto_tweets cryptocoinscoach/24420 cryptocoinscoach/25459 cryptocoinscoach/25463 cryptocoinscoach/25493 cryptocoinscoach/25735 forex_tradings forex_tradings/10202 forex_tradings/10211 forex_tradings/10225 forex_tradings/10228 forex_tradings/10257 forex_tradings/10270 forex_tradings/10274 forex_tradings/10528 forex_tradings/10628 forex_tradings/10640 forex_tradings/10822 forex_tradings/10832 forex_tradings/10951 forex_tradings/11028 forex_tradings/11058 forex_tradings/11176 forex_tradings/1906 forex_tradings/1907 forex_tradings/2098 forex_tradings/2595 forex_tradings/2602 forex_tradings/2606 forex_tradings/2610 forex_tradings/2613 forex_tradings/2618 forex_tradings/2625 forex_tradings/2639 forex_tradings/2644 forex_tradings/2653 forex_tradings/2661 forex_tradings/2665 forex_tradings/2681 forex_tradings/3026 forex_tradings/3073 forex_tradings/3141 forex_tradings/3142 forex_tradings/3162 forex_tradings/3163 forex_tradings/3176 forex_tradings/3182 forex_tradings/3213 forex_tradings/3218 forex_tradings/3237 forex_tradings/3262 forex_tradings/3271 forex_tradings/3273 forex_tradings/3323 forex_tradings/3347 forex_tradings/3514 forex_tradings/3567 forex_tradings/3649 forex_tradings/3662 forex_tradings/3676 forex_tradings/3777 forex_tradings/3822 forex_tradings/3849 forex_tradings/3887 forex_tradings/4230 forex_tradings/4246 forex_tradings/4420 forex_tradings/4453 forex_tradings/4461 forex_tradings/4468 forex_tradings/4473 forex_tradings/4582 forex_tradings/4605 forex_tradings/4623 forex_tradings/4632 forex_tradings/4645 forex_tradings/4694 forex_tradings/4700 forex_tradings/4716 forex_tradings/4724 forex_tradings/4869 forex_tradings/5008 forex_tradings/5014 forex_tradings/5024 forex_tradings/5123 forex_tradings/5124 forex_tradings/5197 forex_tradings/5200 forex_tradings/5248 forex_tradings/5284 forex_tradings/5285 forex_tradings/5286 forex_tradings/5347 forex_tradings/5374 forex_tradings/5400 forex_tradings/5424 forex_tradings/5460 forex_tradings/5503 forex_tradings/5533 forex_tradings/5542 forex_tradings/5543 forex_tradings/5565 forex_tradings/5577 forex_tradings/5638 forex_tradings/5646 forex_tradings/5694 forex_tradings/5695 forex_tradings/5706 forex_tradings/5755 forex_tradings/5763 forex_tradings/5817 forex_tradings/5823 forex_tradings/5886 forex_tradings/5893 forex_tradings/5904 forex_tradings/5945 forex_tradings/5946 forex_tradings/5955 forex_tradings/5980 forex_tradings/6017 forex_tradings/6037 forex_tradings/6077 forex_tradings/6079 forex_tradings/6114 forex_tradings/6175 forex_tradings/6279 forex_tradings/6307 forex_tradings/6380 forex_tradings/6449 forex_tradings/6640 forex_tradings/6650 forex_tradings/6769 forex_tradings/6788 forex_tradings/6791 forex_tradings/6796 forex_tradings/6808 forex_tradings/6842 forex_tradings/6859 forex_tradings/6888 forex_tradings/6905 forex_tradings/7044 forex_tradings/7069 forex_tradings/7070 forex_tradings/7071 forex_tradings/7072 forex_tradings/7073 forex_tradings/7074 forex_tradings/7075 forex_tradings/7076 forex_tradings/7186 forex_tradings/7247 forex_tradings/7446 forex_tradings/7499 forex_tradings/7595 forex_tradings/7676 forex_tradings/7698 forex_tradings/7729 forex_tradings/7744 forex_tradings/7757 forex_tradings/7835 forex_tradings/8068 forex_tradings/8318 forex_tradings/8414 forex_tradings/8425 forex_tradings/8490 forex_tradings/8542 forex_tradings/8688 forex_tradings/8689 forex_tradings/8690 forex_tradings/8713 forex_tradings/8787 forex_tradings/9011 forex_tradings/9124 forex_tradings/9125 forex_tradings/9149 forex_tradings/9162 forex_tradings/9163 forex_tradings/9254 forex_tradings/9290 forex_tradings/9336 forex_tradings/9365 forex_tradings/9450 forex_tradings/9492 forex_tradings/9500 forex_tradings/9530 forex_tradings/9707 forex_tradings/9733 forex_tradings/9741 forex_tradings/9820 forex_tradings/9826 forex_tradings/9863 forex_tradings/9869 ginu_airdrop_bot ginu_announcements joinchat/0anwbtykshk1mte0 joinchat/aaaaaeu4rqklil-abbetba joinchat/aaaaaeu4rqn_duu4jaok1w,Crypto,tgdataset,1,public_db/folder_0/file_34_from_flowers_in_your_lungs_to_freeJuliane.json
1150336570,forklogmedia,,What's up with crypto and why it's important. Read more at https://forklog.media.,False,False,89,283,2020-07-27,0,,Crypto,tgdataset,1,public_db/folder_0/file_34_from_flowers_in_your_lungs_to_freeJuliane.json
1223459937,fortuneinsight,Fortune Insight,Fortune Insight - 率先洞悉商戰思維、創新財富及市場趨勢！飽覽一切關於商業世界的關鍵內容，探索國際商業視野。 . Fb: https://www.facebook.com/fortuneinsight/ . Ig: https://www.instagram.com/fortuneinsight/,False,False,1987,15759,2022-07-31,3,chiefstock hongkongstock milinfolive/81443,Crypto,tgdataset,1,public_db/folder_0/file_34_from_flowers_in_your_lungs_to_freeJuliane.json
1418372558,FoxesHourlies,HourlyBots,You can contact support at support@tinyfox.dev,False,False,270,8,2022-05-03,0,,Crypto,tgdataset,1,public_db/folder_0/file_34_from_flowers_in_your_lungs_to_freeJuliane.json
1245755088,dropsearn,Drops Earn News,"Another channel about cryptocurrency earnings. Airdrops, Events, Staking, DeFi  Website: https://dropsearn.com Chat EN: https://t.me/dropsearn_chat Chat RU: https://t.me/dropsearn_ru_chat",False,False,7233,441,2022-07-29,3,zunami_ru zunamicommunitychat zunamiprotocol,Crypto,tgdataset,1,public_db/folder_0/file_27_from_drone_life_to_ebaka1337.json
1125166551,easybitcoinspayout,Easy Bitcoins Payouts Proof,Payout Channel  https://t.me/joinchat/AAAAAEMQrddOji-LhHBMGQ,False,False,25454,5630,2022-07-31,1,easybitcoins_bot,Crypto,tgdataset,1,public_db/folder_0/file_27_from_drone_life_to_ebaka1337.json
1475396076,financialright,,Home of the Financial Right  None of this is financial advice.  Channel admins: • t.me/politicalright • t.me/newrightwing • t.me/rightwingism1 (K🦌),False,False,454,327,2021-10-21,0,,Crypto,tgdataset,1,public_db/folder_0/file_33_from_fenixconservadora_to_flowersunicorn_shop.json
1224440791,chromia_announcements,Chromia Official Announcements,The only official channel for ChromaWay/Chromia - verifiable on our site chromaway.com - beware imposter scam channels.,False,False,7718,973,2022-07-31,87,addstickers addstickers/chromiaofficial addstickers/minesofdalarnia aliceannouncements/144 basicblockradio binance_announcements binance_indonesian binanceexchange binancefilipino binanceindian binancekorean binancenfts binancenigeria binanceportuguese binancerussian binancespanish binanceturkish binanceukrainian binancevietnamese bithumbglobal_en bitmaxioenglishofficial chainofalliance chromapolisbychromaway chromapolisdev chromawaychromapolis chromawayofficial chromia_announcements chromia_announcements/515 chromia_announcements/617 chromia_announcements/656 chromia_announcements/802 chromiabangladesh chromiadev chromiaindia chromiapakistan chromiaru chromiaspanish chromiaspanishanuncios chromiatraders chromiaturkiye chromiavietnam coin98_wallet_vn coin98wallet coindcx coinkocommunity coinnessofficial cointelegraph corite cryptocaliburchat cryptocoinscoach cryptocomofficial cryptodakuofficial cryptodakurobinhooders cryptofamilygroup cryptoj_global cryptoplayers cryptoverse_india dbcryptochat eljaboomc firelabs fliporhodlchat gameofbitcoins gathernetwork hccapital_chat hedgetchat hedgetofficial hellochromia hellochromia/316628 hellochromiakr hellochromiakrchat hillrisecapitalchat huobiglobalofficial kucoin_ama kucoin_exchange minesofdalarnia minesofdalarnia_ann muhabbitmuhabbet myneighboralice nhom_vbc oddz_fi_announcements oddz_finance reservecurrency roomdvacommunity saigontradercoin stpofficial tehmoonwalkers wolfcryptopub,Crypto,tgdataset,1,public_db/folder_0/file_18_from_chrisaresoffiziell_to_CNNBrk.json
1350915658,cmcal_bot,CoinMarketCal Bot,Beep Bop! I am the official CoinMarketCal bot. My mission is to deliver the information from coinmarketcal.com.,False,False,57085,13822,2022-07-31,30,+3h0h_13vbuwynjhl +jw3h5y3gzirin2rk +loju403hcje0yzy1 +ucwsmprtzpezota1 babylonsnft babylonsnft_ann bithotel bithotelcommunity cryptotodaycom/25 cumrocket geomachat ginu_chat hyveworks jadeprotocolofficial joinchat/4ospgmgbcvnhotvl joinchat/9gqybuiyrmxlytjl joinchat/aaaaafbwg6nmvo5uvdxufg joinchat/ai-xxnysax00y2nl joinchat/ezdehbrapfpmmzux joinchat/lcfp0a3wncw0owq1 joinchat/lef8vcxydillmzc1 joinchat/nhkhpdoujioyzmzk joinchat/uzqa0hwplqe4xwlr joinchat/uzqa0hwplqe4xwlr__ joinchat/xtpsvo57ek5mzji9 pixlcoinofficial puli_inu thebull_crypto triallcommunity triallofficial,Crypto,tgdataset,1,public_db/folder_0/file_18_from_chrisaresoffiziell_to_CNNBrk.json
1156055567,electrifyasia_announcements,Electrify.Asia (Announcements),Official Announcement Channel for Electrify.Asia,False,False,706,200,2019-12-27,1,electrifyasia_announcements,Crypto,tgdataset,1,public_db/folder_0/file_29_from_elaramonis_to_EPClassic.json
1294773610,electroBOOM,ElectroBOOM,Youtube channel: https://www.youtube.com/channel/UCJ0-OtVpF0wOKEqT2Z1HEtA,False,False,121,76,2022-07-12,0,,Crypto,tgdataset,1,public_db/folder_0/file_29_from_elaramonis_to_EPClassic.json
1499279202,elisascharts,Elisa's Charts,ELISA'S CHARTS technical analysis. Join chat too t.me/elisasTAchat and for FX t.me/elisasFXanalysis and t.me/elisasFXchat,False,False,1589,5268,2022-07-31,13,coin_buster coinagg cryptoalacarte cryptokingfish elisascharts elisasfx elisasfxanalysis elisastachat muroscryptos rickysfundamentals rickysfundamentals/251 tierseven totemtribe,Crypto,tgdataset,1,public_db/folder_0/file_29_from_elaramonis_to_EPClassic.json
1454060251,elon_musk,Elon Musk,"""Open your eyes, look up to the skies""  Cooperation: @cobbl  Ads: t.me/sky_source, https://telega.io/c/elon_musk",False,False,27537,3610,2022-07-31,48,+2x3vsbqxklljngni +znjrqhxpirg3m2rk american americawoke artofbot bybit_activities_en crazycrazymarketing eng_scalper_pro_bot fishing_day fundify joinchat/3crvzxwyfljhnthh joinchat/aaaaafgtawsa__c08-u9oq joinchat/cgmnfq4udncyotfk joinchat/cjnz6evie3tkzmix joinchat/dasvmngtnjk5zwq1 joinchat/dhq6fpzvr6e2odll joinchat/dkkbobitmshknguy joinchat/draqohiddjm1odvi joinchat/ids8kx19h-m3zwfi joinchat/jipmxtiqzn9hzmzi joinchat/jjy8wn2i4unkmmu6 joinchat/jtbsapxk4dizowi8 joinchat/kydjdqzvfre1odq6 joinchat/ni37numy1mexywuy joinchat/psn7p92pap4xngfi joinchat/q_hqimtjir5ikeaf joinchat/rlkela9bcjg3h0di joinchat/sxhxxggp98kytxbq joinchat/t-uvytaajh0xogzl joinchat/t6qchqyrgnrgceqk joinchat/t_um3u8v-ifxabzo joinchat/tcgahznby0cy4t2w joinchat/ti5nsbx-nl9mowgky1ysha joinchat/ts8yaf6y5_noseb9 joinchat/u3bgwrmhzbzhd3oh joinchat/v1liq4cdpq8uu8qm joinchat/vbilqc2pxlcb9de_ joinchat/xcqtygc-_yywmwi0 justsocialpanel_official nft_redlist realdanielzee retire_at_35 sportsbook_1xbit super_european_league telega_adv_bot theworldisgood toncoin trader_honest_trader,Crypto,tgdataset,1,public_db/folder_0/file_29_from_elaramonis_to_EPClassic.json
1313569013,ElrondNetworkAnn,Elrond Network - Announcements,,False,True,25261,1392,2022-07-31,65,battleofnodes/110 battleofnodes/172 battleofnodes/24 battleofnodes/51 battleofnodes/52 battleofnodes/53 battleofnodes/54 battleofnodes/60 battleofnodes/61 battleofnodes/62 battleofnodes/93 bitmaxioenglishofficial bitmaxofficialannouncement/2371 cryptocalibur/196 cryptodiffer/712 cryptodiffer/726 cryptodiffer/757 cryptodiffer/764 dbcryptoann/182 elrondnetwork elrondnetwork/144442 elrondnetwork/145887 elrondnetwork/169951 elrondnetwork/209318 elrondnetwork_br elrondnetwork_de elrondnetwork_fr elrondnetwork_in elrondnetwork_ph elrondnetwork_ro elrondnetwork_ru elrondnetwork_tu elrondnetworkann elrondnetworkann/146 elrondnetworkann/149 elrondnetworkann/150 elrondnetworkann/151 elrondnetworkann/152 elrondnetworkann/153 elrondnetworkann/154 elrondnetworkann/166 elrondnetworkann/169 elrondnetworkann/180 elrondnetworkann/183 elrondnetworkann/190 elrondnetworkann/197 elrondnetworkann/199 elrondnetworkann/297 elrondnetworkann/311 elrondnetworkann/481 elrondvalidators fliporhodlchat generation_crypto/719 icodrops/2281 ivangbi_diary/513 kryptosherlock/376 luntik_reports/79 maiarexchange maiarexchangeann maiarexchangeann/197 maiarexchangeann/201 maiarexchangeann/259 monoico/816 moonwithshinchan/237 top7ico/147,Crypto,tgdataset,1,public_db/folder_0/file_29_from_elaramonis_to_EPClassic.json
1226009445,EMPIRE_FOREX_TRADERS,,💸ON THIS GROUP  I WILL BE shareing   1/3  FREE PROFITABLE  SIGNALS PER DAY   USDJPY  AUDUSD CHFJPY   AND NASDAQ SIGNALS,False,False,9,3,2021-01-19,0,,Crypto,tgdataset,1,public_db/folder_0/file_29_from_elaramonis_to_EPClassic.json
1078499773,encryptotel,EncryptoTel_News,Secure VoIP and B2B blockchain communication infrastructure  Chats: RU: https://t.me/encryptotelrus EN: https://t.me/encryptotelchat NEWS: https://t.me/encryptotel  Web sites: https://encryptotel.com https://swap.encryptotel.com - eETT <> wETT,False,False,141,322,2021-12-31,2,joinchat/aaaaaaz20rytf_abvai-gw joinchat/e4vbeecv7jq11-dg9yohca,Crypto,tgdataset,1,public_db/folder_0/file_29_from_elaramonis_to_EPClassic.json
1149327989,corporate_finance,Mercury Finance,"We will help you to become a finance superstar! The contents of the channel: http://telegra.ph/Contents-06-18. If you have any questions or would like to share any materials - please, contact: @Corpfinfeedback_bot",False,False,1604,221,2019-02-14,4,corporate_finance/194 corporate_finance/221 corporate_finance/223 nworking,Crypto,tgdataset,1,public_db/folder_0/file_20_from_coronasatanismus_to_cryptoast_fr.json
1380127822,cotichannel,COTI CHANNEL,Welcome to COTI Official Telegram Channel! The right place to get fresh announcements and recaps about COTi at the right time! Got any questions? Chat with us our group https://t.me/COTInetwork,False,False,6511,1362,2022-07-31,27,binancedexchange binanceexchange cb_coti_cn changenow_chat cotichannel cotiindonesia cotijapan cotikorea cotinetwork cotinetwork_vietnam cotiru cotirussian cotitrading cryptodakuofficial cryptodakurobinhooders cryptominers_co cviofficial fantom_english fyrechain kucoin_exchange mandysicoresearch/2928 media_protocol_community paywithcoti tehmoonwalkers thegemhunterstg top7ico wolfcryptopub,Crypto,tgdataset,1,public_db/folder_0/file_20_from_coronasatanismus_to_cryptoast_fr.json
1125828953,CRT_GRATIS_2ND,,"🎉 Welcome to CRT_GRATIS_2ND  🎉  🔎☁ Here you'll find ☁🔍 🏆 100, 400 and 2000 cards tours 🏆 A lot of giveaway 😚  CREATOR: @Gerbo_O    Family channel🔥: @CRT_GRATIS   3k<---🏇-----------------------<2K  Since 28 June 2017 📆",False,False,22,12,2018-04-28,9,baksik_bot bitcoinmining_bot bitcoinreactorbot bitsumbot cryptokittiescashbot dinoparkbot joinchat/h2izerbmdkoobqmpfiazvg oilcoinbtcbot spartanpg300,Crypto,tgdataset,1,public_db/folder_0/file_20_from_coronasatanismus_to_cryptoast_fr.json
1152078892,crushcryptoannouncement,Crush Crypto Announcement,"Real time notifications for all the reports from Crush Crypto. Feedback is always welcome, please message @cc_victor.  Website: https://crushcrypto.com/ Youtube: https://www.youtube.com/CrushCrypto Twitter: https://twitter.com/CrushCrypto",False,False,502,158,2019-03-11,1,whalereviews,Crypto,tgdataset,1,public_db/folder_0/file_20_from_coronasatanismus_to_cryptoast_fr.json
1391627462,cryp2gemann,C2G Community Announcements,,False,False,709,1199,2021-12-09,18,allianceblock bloxmovecommunity c2gtradingroom clover_ann clover_en cryp2gem cryp2gem/22190 cryp2gem/24552 cryp2gem/32985 cryp2gemann cryptocabitalespana frontierdotxyz_chat getprotocol maticnetwork_announcements/1221 maticnetwork_announcements/1225 radix_dlt spoolfichat swashapp_group,Crypto,tgdataset,1,public_db/folder_0/file_20_from_coronasatanismus_to_cryptoast_fr.json
1096895462,CryptoAlerts,Crypto Alerts,This channel is for major Crypto Alerts ONLY.  To list an item please use @listmebot,False,False,22761,1231,2022-07-26,26,bitcoin bitcoinsalvadoreno corona/22 crypto cryptojobs durov/147 durov/77 durov/80 durov_russia/22 durovschat/515221 durovschat/518801 durovschat/519187 durovschat/527081 durovschat/527134 durovschat/527441 eventscalendar icoalerts joinchat/f6_13uhte8in9em5akexbg learntotrade setupguide/19 setupguide/47 setupguide/48 setupguide/49 setupguide/50 setupguide/52 setupguide/53,Crypto,tgdataset,1,public_db/folder_0/file_20_from_coronasatanismus_to_cryptoast_fr.json
1132524048,cryptoanalystco,CryptoAnalyst.co,"Daily news updates straight from our website, CryptoAnalyst.co , delivered straight to your Telegram inbox!  Message @nicolo_st for business enquiries.  Investment Advice Disclaimer: http://cryptoanaly.st/crypt44ad",False,False,212,350,2019-02-05,4,cryptotradingadvice gonau joinchat/gsftiklxi6x1dud6ju7cgq tokenstars_en,Crypto,tgdataset,1,public_db/folder_0/file_20_from_coronasatanismus_to_cryptoast_fr.json
1382446037,CryptoArnieANN,CryptoArnie Announcements,https://t.me/CryptoArniePublic Discussion Channel,False,False,1084,1383,2020-09-08,39,aergoofficial amplifinews cointified/3006 cointified/3201 cointified/3239 cointified/3289 cointified/3314 cryptoarnie_news cryptoarnieann cryptoarniepublic cryptoarniesyndicate cryptoarnietrading cryptoarnietrading/112 cryptocaliburchat/21200 cryptodakuofficial cryptodakuofficial/511 cryptodakurobinhooders cryptolablondonpublic cryptolaboratorylondonann cryptosecuritynews/56 diddycarterico/1704 dusknetwork helisnetwork helisnetworkann icopoolworld joinchat/fmktf1byrjluw-eqhbwdaa joinchat/hxpwabggdxs3ciicgi0-kq ltoinfo/25 plutusdefi plutusdefitraders quadrantprotocol talaocommunity thecryptoadviser topicroom unfolded/5161 wolfcryptoannounce/2532 wolfcryptoannounce/2568 wolfcryptoannounce/3596 wolfcryptopub,Crypto,tgdataset,1,public_db/folder_0/file_20_from_coronasatanismus_to_cryptoast_fr.json
1750848305,CryptoartMuseum,Cryptoart Museum,,False,False,32,893,2022-07-31,72,agesabmyk ancientfeed antigates australiatimes besttokennews binancedailynews bitcoininventors blockchainreport brunopuno capitolnews cardanoreport chicagoreporter cnnunmasked coinbasereport coinbasereport/545 cryptoartmuseum cryptopunksclub cryptosignalsmust ctbch daoautonomous elonmuskinfo ethereumdaily foxnewsfeed goldtradenews govron greatawakeningchannel greatawakeningofficial inchnews iv jeffbridgemaker jerusalemtribune johnfkennedyjr metaverseaccount nftcollectorgroup nftfair nftreport nicolateslanews noahsprophecy officialsatoshi officialsatoshi/4489 officialsatoshi/4837 people4freedom s/sbmkcoin sabmyk sabmyk/42 sabmyk/75 sabmykawakening sbmkchat sbmkcoin sbmkcoin/13 sbmkme sbmkme/132 sbmkme/134 sbmkme/16 sbmkme/172 sbmkme/185 sbmkme/187 sbmkme/192 sbmkme/197 sbmkme/68 sebastianbieniek shawunawaz shibainuinfo solanainfo stablecoinnews starseedchildren supernarrativ thecryptomeme theeconomynews theeuropenews therevolutionnow tuckercarlsonnews,Crypto,tgdataset,1,public_db/folder_0/file_20_from_coronasatanismus_to_cryptoast_fr.json
1186582524,Dollarvigilante1,The dollar vigilante 🔘,Where you make more than your salaries The Dollar Vigilante (TDV) is a joint-venture publication founded by two respected free-market speakers and analysts. @Dollarvigilante1,False,False,2551,592,2021-03-10,8,florencebtc_fxt investwithlinda jamesmith19 jeffberwick188 jeffberwick1886 joinchat/aaaaafnikknda-uyvcezba mattmanhattans victoria280,Crypto,tgdataset,1,public_db/folder_0/file_26_from_dokhtar_mashhad_to_Drones_Belarus.json
1354407889,DollarVigilanteB,,The Dollar Vigilante (TDV) is a joint-venture publication founded by two respected free-market speakers and analysts. @Jeffberwick5,False,False,598,370,2021-01-24,9,bitsteele jamesmith19 jeffberwick23 jeffberwick5 joinchat/aaaaaej6_zie3tx1qufjww joinchat/aaaaaes-3ocpudseczm9yq joinchat/aaaaaevgf22nvwndr4ydtg joinchat/aaaaaevgf22nvwndr4yduh mark_fxz,Crypto,tgdataset,1,public_db/folder_0/file_26_from_dokhtar_mashhad_to_Drones_Belarus.json
1495340115,DrGoldenpocket,,Stay tuned for more GoldenPocket News. Dr.Goldenpocket will help you to improve your Trading!  @ Crypto @ Forex @ commodities  Twitter https://twitter.com/DrGoldenpocket Reddit https://www.reddit.com/user/DrGoldenpocket/posts/,False,False,44,51,2020-01-06,1,cryptonews_feed_de,Crypto,tgdataset,1,public_db/folder_0/file_26_from_dokhtar_mashhad_to_Drones_Belarus.json
1114602112,excavochannel,EXCAVO CHANNEL,DeFi: https://excavo.finance VIP: excavosignal.com Academy: excavo.io/academy  CAVO https://t.me/excavofinance https://t.me/cavofinance  Chat:  https://t.me/excavo_chat  Admins: @excavo @excavo_k @excavo_fx,False,False,14908,1802,2022-07-27,54,+skyqxwl-bu0xowq1 +utcbkvxiiik0ngi1 ariadne_finance ariadne_news blockchainlife blockchainwhispers bring_channel bulknation cavofinance charityexc cheesus_announcements cheesus_main_eng cryptoexpo_moscow cybermiles cybermiles_indonesia cybermileskorea cybermilestoken cybermilesvn digitalweekonline dudesignals excavo excavo_chat excavo_crypto_statistics excavo_forex excavo_fx excavo_fx_chat excavo_k excavochannel excavochannel/1510 excavochannel/1984 excavochannel/2057 excavochannel/2061 excavochat excavofinance excavofinance/107 excavofinance/50 excavofinance/75 excavofinance/81 excavofinance/82 excavoico excavoico/86 excavoicofund excavoruchannel flamatoken ftsexcavo icodigger joinchat/1mcieqyjojs3ztg0 onemlnnft_community smartpad_ann smartpad_group supernovaelite tigertrade_copy vipsignalbot weld_chat,Crypto,tgdataset,1,public_db/folder_0/file_31_from_eu_confesso_to_fantaspar.json
1171427114,ExclusiveRecords,,The channel for:  Results Feedbacks Reviews  ... ... from The Bull Exclusive  powered by @thebull_crypto  https://www.thebullcrypto.com/   © 2019 The Bull All Rights Reserved,False,False,704,246,2021-01-09,1,thebull_crypto,Crypto,tgdataset,1,public_db/folder_0/file_31_from_eu_confesso_to_fantaspar.json
1333310645,ExpandAnnouncements,Expand Announcements,Announcement Channel for Expand: The Protocol for Decentralized Mechanical Turk - Expand.org - Twitter.com/XPN,False,False,1098,113,2020-03-31,3,gemsannouncements gemsorg reveeltokens,Crypto,tgdataset,1,public_db/folder_0/file_31_from_eu_confesso_to_fantaspar.json
1076599891,berichwithme_news,NEWS BERICHWITH.ME,⭐BERICHWITH.ME⭐ INDEPENDENT INVESTMENT REVIEWS -The best investment reviews monitor. -All Information you need for success. -Daily updates on your favorite projects.,False,False,206,67,2019-12-04,1,hyipmonitorbot,Crypto,tgdataset,1,public_db/folder_0/file_11_from_BehzadSattariMath_to_BibliotecaCatolicaBasica.json
1428580796,BestTokenNews,Best Token News,,False,False,320,894,2022-07-31,72,agesabmyk ancientfeed antigates australiatimes besttokennews binancedailynews bitcoininventors blockchainreport brunopuno capitolnews cardanoreport chicagoreporter cnnunmasked coinbasereport coinbasereport/545 cryptoartmuseum cryptopunksclub cryptosignalsmust ctbch daoautonomous elonmuskinfo ethereumdaily foxnewsfeed goldtradenews govron greatawakeningchannel greatawakeningofficial inchnews iv jeffbridgemaker jerusalemtribune johnfkennedyjr metaverseaccount nftcollectorgroup nftfair nftreport nicolateslanews noahsprophecy officialsatoshi officialsatoshi/4489 officialsatoshi/4837 people4freedom s/sbmkcoin sabmyk sabmyk/42 sabmyk/75 sabmykawakening sbmkchat sbmkcoin sbmkcoin/13 sbmkme sbmkme/132 sbmkme/134 sbmkme/16 sbmkme/172 sbmkme/185 sbmkme/187 sbmkme/192 sbmkme/197 sbmkme/68 sebastianbieniek shawunawaz shibainuinfo solanainfo stablecoinnews starseedchildren supernarrativ thecryptomeme theeconomynews theeuropenews therevolutionnow tuckercarlsonnews,Crypto,tgdataset,1,public_db/folder_0/file_11_from_BehzadSattariMath_to_BibliotecaCatolicaBasica.json
1494531679,betprotocol_announcements,Bepro Network Announcements,BEPRO Services and BEPRO Token (BEPRO) are not available in the US or other excluded jurisdictions,False,False,3137,213,2022-07-28,1,joinchat/en3qhlk5cwrouj9q4gzmhw,Crypto,tgdataset,1,public_db/folder_0/file_11_from_BehzadSattariMath_to_BibliotecaCatolicaBasica.json
1599510728,BetWagon,YDC_ANALYSIS,"Welcome to  the *""🤑UPDATE HUB 🤑""* The home of Legit Updates. Scammers don show you pepper 😭, we go try help you recover with our smooth and soft updates😁.  Giveaways also attached...",False,False,1180,63,2022-05-30,1,betwagon,Crypto,tgdataset,1,public_db/folder_0/file_11_from_BehzadSattariMath_to_BibliotecaCatolicaBasica.json
1279754341,bfxannouncements,Bitfinex Announcements,Official announcements from the Bitfinex team.,False,False,1101,957,2022-07-30,3,bitfinex bitfinexspanish bitfinexturkishofficial,Crypto,tgdataset,1,public_db/folder_0/file_11_from_BehzadSattariMath_to_BibliotecaCatolicaBasica.json
1455479898,eterbasenews,ETERBASE NEWS,All news regarding ETERBASE Digital Asset Exchange.,False,False,564,586,2022-06-06,8,cryptodakurobinhooders cryptodiffer/1589 eterbaseexchange eterbaseexchange/53657 eterbaseexchange/96509 eterbasenews/652 gcryptochat/5201 moneypartywaitlist/6970,Crypto,tgdataset,1,public_db/folder_0/file_30_from_epenglish_to_eu_by.json
1724583330,EthereumDaily,Ethereum Daily,,False,False,126,996,2022-07-31,80,agesabmyk ancientfeed antigates australiatimes besttokennews binancedailynews bitcoininventors blockchainreport brunopuno capitolnews cardanoreport chicagoreporter cnnunmasked coinbasereport coinbasereport/545 cryptoartmuseum cryptopunksclub cryptosignalsmust ctbch daoautonomous draintheswampnews elonmuskinfo ethereumdaily foxnewsfeed goldtradenews govron greatawakeningchannel greatawakeningofficial inchnews iv jeffbridgemaker jerusalemtribune johnfkennedyjr keanureevesreal kingofbees metaverseaccount nftcollectorgroup nftfair nftreport nickszab nicolateslanews noahsprophecy officialsatoshi officialsatoshi/4489 officialsatoshi/4837 people4freedom politischekryptokunst s/sbmkcoin sabmyk sabmyk/42 sabmyk/75 sabmykawakening sbmkchat sbmkcoin sbmkcoin/13 sbmkme sbmkme/132 sbmkme/134 sbmkme/16 sbmkme/172 sbmkme/185 sbmkme/187 sbmkme/192 sbmkme/197 sbmkme/68 sebastianbieniek shawunawaz shawunawaz/180 shawunawaz/182 shibainuinfo solanainfo stablecoinnews starseedchildren supernarrativ thecryptomeme theeconomynews theeuropenews therevolutionnow tuckercarlsonnews vvanv,Crypto,tgdataset,1,public_db/folder_0/file_30_from_epenglish_to_eu_by.json
1113040043,ethereumdapps,Ethereum DAPPS,"Ethereum & DAPPS news and updates.  Contact / proposals, message 👉🏼 @bitchannelsbot  Bitcoin news: @bitcoinchannel 📢 Trading signals: @bitcoinsignals ⏰ Altcoin news: @altcoin 📣 BTC shops: @bitcoinaccepted 🛍",False,False,896,7451,2022-07-30,0,,Crypto,tgdataset,1,public_db/folder_0/file_30_from_epenglish_to_eu_by.json
1327737935,etnxnews,Electronero Network - Official News - ETNX | ETNXP | LTNX | GLDX | CRFI,"ETNX @electronero_network ETNXP @ETNXP LTNX @litenero GLDX @goldnero CRFI @crystaleum  Upcoming SWAP 🎁 ETNX, ETNXP, and LTNX hodlers will be receiving a swap rate of ₮3 in CRFI for every ₮1 in ETNX, ETNXP, or LTNX.  @paynero & @crypto_bookers up next",False,False,1128,392,2022-07-15,42,aqcommunitychatroom aqcommunitychatroom/197354 aqcommunitychatroom/197382 aqcommunitychatroom/197435 aqcommunitychatroom/197482 aqcommunitychatroom/197973 aqcommunitynews crfinews/68 crfinews/76 crystaleum electronero electronero/204261 electronero/204709 electronero/204842 electronero/204870 electronero/204950 electronero/205355 electronero/205891 electronero/205935 electronero/205938 electronero/206275 electronero/206375 electronero/206861 electronero/207019 electronero/207530 electronero/207535 electronero/207537 electronero/207774 electronero/209131 electronero/209135 electronero/209173 electronero/209175 electronero_network etnxnews/517 etnxp goldnero indoexofficial instaswap_io interchained intergalactic_ada_rewards/24226 litenero vindax,Crypto,tgdataset,1,public_db/folder_0/file_30_from_epenglish_to_eu_by.json
1110176833,avestagroupuz,Avesta Investment Group - Uzbekistan,"Avesta Investment Group - a leading financial advisory firm in Uzbekistan and Turkmenistan.   https://www.avestagroup.com https://twitter.com/AvestaUz https://www.facebook.com/avestagroup.uz/  For feedback, please contact @KarenSrapionov",False,False,863,4440,2022-07-30,43,ao_agmk/9746 ao_kvarts/406 ao_uzbekneftegaz/37 avestagroupuz avestagroupuz/4176 cbonds cbonds/8206 centralbankuzb/513 centralbankuzbekistan/2319 centralbankuzbekistan/2385 centralbankuzbekistan/3260 centralbankuzbekistan/3415 centralbankuzbekistan/5125 centralbankuzbekistan/5247 centralbankuzbekistan/6614 centralbankuzbekistan/989 cmdauz/396 cmdauz/422 cmdauz/689 hamkorbankuz/2318 huquqiyaxborot/5580 minfinuzb/1360 minfinuzb/3271 ozqurilishmateriallari/2806 ozqurilishmateriallari/4520 ozqurilishmateriallari/4542 ozqurilishmateriallari/4555 ozqurilishmateriallari/4799 ozqurilishmateriallari/4819 ozqurilishmateriallari/5016 ozqurilishmateriallari/5029 poytaxt_uz/10157 raex_sustainability statistika_rasmiy/1642 statistika_rasmiy/1835 statistika_rasmiy/2214 themovchans/669 uef2021/25 uef2021/38 uef2021/45 uzbekretail/2367 uzrvb_uz/2927 uzseofficial/2628,Crypto,tgdataset,1,public_db/folder_0/file_8_from_atletico_sportsru_to_azapwaveart.json
1236114050,deribit_notifications,Deribit Notifications,Important notifications about Deribit Exchange. Deribit is not available in the United States or other restricted countries.,False,False,1909,588,2022-07-27,4,deribit deribit_notifications deribitquotes joinchat/akb7oudezxo4fnr4ukrerq,Crypto,tgdataset,1,public_db/folder_0/file_24_from_derechoshumanosgranada_to_digital_hr.json
1125238343,deti_lilith,Дети Лилит,,False,False,5003,736,2022-07-31,1,ulrikbadass,Crypto,tgdataset,1,public_db/folder_0/file_24_from_derechoshumanosgranada_to_digital_hr.json
1454580731,Dexe_network,DeXe Network - Announcements,Dexe.network is an ecosystem of various tools and platforms together making trading in DeFi easier and more powerful. 🌎Official website: https://dexe.network 📬Official TG channel: @Dexe_network 🔔Official Twitter: https://twitter.com/DexeNetwork,False,False,5550,405,2022-07-28,129,binance_announcements/3812 binance_ru binancerussian binanceukrainian cryptodiffer dexe_airdrop_bot dexe_network dexe_network/134 dexe_network/33 dexe_network/400 dexe_network/402 dexe_network/407 dexe_network/408 dexe_network/411 dexe_network/417 dexe_network/451 dexe_network_official_chat dexe_network_official_chat/27509 dexe_network_ru dexearticlecontest/10 dexearticlecontest/11 dexearticlecontest/12 dexearticlecontest/13 dexearticlecontest/14 dexearticlecontest/15 dexearticlecontest/16 dexearticlecontest/17 dexearticlecontest/18 dexearticlecontest/19 dexearticlecontest/20 dexearticlecontest/21 dexearticlecontest/22 dexearticlecontest/23 dexearticlecontest/25 dexearticlecontest/6 dexearticlecontest/7 dexearticlecontest/8 dexecomunitycontest/32 dexecomunitycontest/33 dexecomunitycontest/34 dexecomunitycontest/35 dexecomunitycontest/36 dexecomunitycontest/37 dexecomunitycontest/38 dexecomunitycontest/39 dexecomunitycontest/40 dexecomunitycontest/41 dexecomunitycontest/42 dexecomunitycontest/43 dexecomunitycontest/44 dexecomunitycontest/45 dexecomunitycontest/46 dexecomunitycontest/47 dexecomunitycontest/48 dexecomunitycontest/49 dexecomunitycontest/50 dexecomunitycontest/51 dexecomunitycontest/52 dexecomunitycontest/53 dexecomunitycontest/54 dexecomunitycontest/55 dexecomunitycontest/56 dexecomunitycontest/57 dexeecosystemhubbot_bot dexememecontest/10 dexememecontest/11 dexememecontest/12 dexememecontest/13 dexememecontest/14 dexememecontest/15 dexememecontest/16 dexememecontest/17 dexememecontest/18 dexememecontest/19 dexememecontest/20 dexememecontest/21 dexememecontest/22 dexememecontest/23 dexememecontest/24 dexememecontest/25 dexememecontest/26 dexememecontest/27 dexememecontest/28 dexememecontest/29 dexememecontest/30 dexememecontest/31 dexememecontest/32 dexememecontest/33 dexememecontest/34 dexememecontest/35 dexememecontest/36 dexememecontest/37 dexememecontest/38 dexememecontest/39 dexememecontest/40 dexememecontest/41 dexememecontest/42 dexememecontest/43 dexememecontest/44 dexememecontest/45 dexememecontest/46 dexememecontest/47 dexememecontest/48 dexememecontest/49 dexememecontest/50 dexememecontest/51 dexememecontest/52 dexememecontest/53 dexememecontest/54 dexememecontest/55 dexememecontest/56 dexememecontest/57 dexememecontest/58 dexememecontest/59 dexememecontest/60 dexememecontest/61 dexememecontest/62 dexenetworkspanish elrondnetwork joinchat/brbs51k5cworbktsgmb6ew kattana_trade mxcenglish orionprotocol orionprotocolnews orionprotocolnews/241 pg111_en projectguard111 realfevr_news zbscapital,Crypto,tgdataset,1,public_db/folder_0/file_24_from_derechoshumanosgranada_to_digital_hr.json
1380484836,dfinity_announcements,DFINITY Announcements,"⚠️ Warning: Many users reported this account as a scam or a fake account. Please be careful, especially if it asks you for money.",True,False,895,126,2020-02-25,15,dfinity dfinity_announcements dfinity_ar dfinity_community dfinity_de dfinity_devs dfinity_es dfinity_in dfinity_jp dfinity_kr dfinity_nl dfinity_ru dfinity_tr dfinity_uk dfinity_zh,Crypto,tgdataset,1,public_db/folder_0/file_24_from_derechoshumanosgranada_to_digital_hr.json
1384703514,diddycarterico,,Channel for: -Crypto News  -Technical Analysis  -ICO/IEO review & analysis -Exposing Scams  -Crypto Knowledge / Insights   Admin @diddycarter   Spreadsheet : https://bit.ly/2JcUIws Twitter : https://twitter.com/DIddycarterIco,False,False,4411,1270,2020-03-15,68,airblocannouncements/71 apexcommunity arcblock/423760 atonomi_announcements/23 atonomi_announcements/71 atonomi_announcements/76 benngodenzi bilaxy_announcements/417 bitcoinbravado/1041 bitcoinbravado/1066 bluzelle carryprotocol_announcement/32 chromapolisbychromaway chromawayblockchainchannel chromawayofficialgroup codexprotocol covesting creditscom cryptodakuofficial/1470 cryptodiffer deepbrainchain diddycarterchat diddycarterico diddycarterico/1210 diddycarterico/1322 diddycarterico/1326 diddycarterico/1353 diddycarterico/1379 diddycarterico/1704 diddycarterico/1863 diddycarterico/365 diddycarterico/506 diddycarterico/652 diddycarterico/695 diddycarterico/853 diddycartericogroup digipharm drep_foundation_announcements/115 drep_foundation_announcements/126 drep_foundation_announcements/143 essentiaone/78 etherisc_community experty_io giftoofficial gonetworkann/19 icostldr icostldr/96 joinchat/aaaaaevn7ywmbjqx6qeq8q joinchat/ggzih0nryt2f11oxwq11cg joinchat/gt6mbxjb-2xukwga_atljg joinchat/gvhzgricdfaieen52cqhsa ohheymattyannouncement/630 ohheymattyofficialann oneledger oneledger_official/106 origoofficialgroup perlinnetwork/14 phantasma_announcements/20 phantasma_announcements/39 phantasma_io refine_medium rivexofficial selfkeyfoundation taxanetworkann/10 thegobone_announcements/63 thunder_token uranusann/91 wolfcryptoannounce/2865,Crypto,tgdataset,1,public_db/folder_0/file_24_from_derechoshumanosgranada_to_digital_hr.json
1272126314,buternbread,Bread&Butter,It's all about crypto!  For contact please @mvkadmin,False,False,2244,85,2022-06-14,2,tondoodles_bot tonpunksengbot,Crypto,tgdataset,1,public_db/folder_0/file_15_from_bunpile_to_cap_kyl8.json
1144201862,bzntm_events,BYZANTIUM | EVENTS,Track the world of blockchain events | events.BZNTM.com,False,False,80,641,2019-12-31,3,kryptonevents nyconsensus2018 unchainconventionchat,Crypto,tgdataset,1,public_db/folder_0/file_15_from_bunpile_to_cap_kyl8.json
1113331556,calvinandhobbes_c,Calvin & Hobbes | Comics,Calvin and Hobbes everyday! Stickers — https://t.me/addstickers/calvinandhobbes_c Donations — http://t.me/CryptoBot?start=IVP50p1aaMnR,False,False,995,3,2018-11-05,0,,Crypto,tgdataset,1,public_db/folder_0/file_15_from_bunpile_to_cap_kyl8.json
1296078003,canalexrp,Ripple XRP | Breaking News,Useful News & Updates about Ripple and XRP | this is a speculative channel,False,False,883,2857,2022-07-31,7,canalexrp flarenetworkschannel/298 flarenetworkschannel/399 flarenetworkschannel/445 flarenetworkschannel/67 ftso_eu officialcryptoindia/7115,Crypto,tgdataset,1,public_db/folder_0/file_15_from_bunpile_to_cap_kyl8.json
1348736605,anrknetworkann,Ankr Official Announcements,Ankr is building an infrastructure platform and marketplace for Web3-stack deployment.  Telegram chat: https://t.me/ankrnetwork Website: https://www.ankr.com/ Twitter: https://twitter.com/ankr Medium: https://medium.com/ankr-network,False,False,6371,656,2022-07-30,17,amaroom ankrafrica ankrindia ankrnetwork ankrnodesupport anrknetworkann bitmaxioenglishofficial cerenetwork_official cryptocoinscoach dbcryptochat hillrisecapitalchat joinchat/brbs51k5cworbktsgmb6ew meter_io onxfi promnetwork stkrsupport vite_en,Crypto,tgdataset,1,public_db/folder_0/file_5_from_animelp_to_apocalypsenowmexico.json
1161041774,cryptoatlas_io,CryptoAtlas: Community Announcements 🌐,,False,False,2488,301,2022-07-29,0,,Crypto,tgdataset,1,public_db/folder_0/file_21_from_cryptoatlas_io_to_dailybowie.json
1126647644,cryptobullet,CryptoBullet,Let the CryptoBullet hit you!🔫  Premium/VIP subscription  @likeniss  Advertising & Crosspromotion @likeniss,False,False,66223,6145,2022-07-31,7,affynofficial bulletinfo bulletpremiumreviews cryptobullet joinchat/gjrf_ku24okhr9bxx59_bq joinchat/hh5edxceowep0plio28amq rxealofficial,Crypto,tgdataset,1,public_db/folder_0/file_21_from_cryptoatlas_io_to_dailybowie.json
1590710568,cryptobuyit,Crypto buys,Just your one stop crypto news shop.  For up-to-date news on crypto coins.  Read fast   So you can be Crypt.to.buy.it,False,False,82,1922,2022-07-27,5,+-ffv6qztd7xly2q1 cryptobuy cryptobuyit/1398 cryptobuyit/623 neriannetwork,Crypto,tgdataset,1,public_db/folder_0/file_21_from_cryptoatlas_io_to_dailybowie.json
1142230244,cryptochan_pricevolumepulse,Coins Volume Pulse - Coinalert.me,Due the rebranding channel moving to new address: https://t.me/coins_volume_pulse This channel will stop updating after November 1st.  Канал переезжает на новый адрес: https://t.me/coins_volume_pulse Обновление данного канала прекратится с 1 ноября.,False,False,1647,13702,2022-07-31,0,,Crypto,tgdataset,1,public_db/folder_0/file_21_from_cryptoatlas_io_to_dailybowie.json
1230368984,CryptoCoinsCoach,CCC.io,"CCC.io  Crypto Coins AMA's, Info, News and portfolio research.   Twitter.com/CryptoCoinCoach   youtube.com/c/CryptoCoinsCoach  t.me/CryptoCoinsGuides  __  VIP / Premium join form: https://cutt.ly/CryptoCoins",False,False,130634,10744,2022-07-31,578,+svxw2oys6w1hh_px addstickers/twfnft_io ataritokenannouncements/49 binance_nft binance_telegram binance_telegram/1033 binance_telegram/1069 binance_telegram/1084 binance_telegram/1143 binance_telegram/1198 binance_telegram/1241 binance_telegram/1246 binance_telegram/1247 binance_telegram/1280 binance_telegram/1436 binance_telegram/1494 binance_telegram/1957 binance_telegram/1984 binance_telegram/2201 binance_telegram/2203 binance_telegram/2205 binance_telegram/2271 binance_telegram/2392 binance_telegram/2440 binance_telegram/2486 binance_telegram/2587 binance_telegram/2724 binance_telegram/3004 binance_telegram/3005 binance_telegram/3265 binance_telegram/3442 binance_telegram/3772 binance_telegram/528 binance_telegram/757 binance_telegram/774 binance_telegram/783 binance_telegram/827 binance_telegram/853 binance_telegram/863 binance_telegram/871 binance_telegram/997 binancevolumer binancevolumer/2952 binancevolumer/4797 binancevolumer/5187 binancevolumer/6173 binancevolumer/7089 binancewaves/3516 binancewaves/3559 binancewaves/3570 binancewaves/3589 binancewaves/3610 binancewaves/3748 binancewaves/3770 binancewaves/4544 binancewaves/4971 bitmex_coach/1187 bitmex_coach/1243 bitmex_coach/1576 bitmex_coach/2429 bitmexsniper bsc_nft bsc_nft/542 bsc_nft/548 bsc_nft/676 c/1300669008 c/1398284234 ccc_payments cointelegraph/36069 corite_announcements/150 crypto_news crypto_news/11590 crypto_news/11668 crypto_news/11835 crypto_news/11874 crypto_news/12044 crypto_news/12211 crypto_news/12274 crypto_news/12383 crypto_news/12415 crypto_news/12438 crypto_news/12455 crypto_news/12488 crypto_news/12737 crypto_news/12940 crypto_news/13061 crypto_news/14466 crypto_news/15501 crypto_news/16283 crypto_news/17678 crypto_news/19449 crypto_swings/3444 crypto_swings/3551 crypto_swings/4171 crypto_swings/4221 crypto_swings/4677 crypto_swings/4861 crypto_swings/4953 crypto_swings/5064 crypto_swings/5070 crypto_swings/5156 crypto_swings/5442 crypto_swings/5467 crypto_swings/6437 crypto_swings/6563 crypto_swings/6759 crypto_swings/6973 crypto_swings/7119 crypto_swings/8162 crypto_swings/8167 crypto_swings/8822 crypto_swings/8838 crypto_swings/9676 crypto_swings/9829 crypto_tweets crypto_tweets/12404 crypto_tweets/12811 crypto_tweets/1405 crypto_tweets/14570 crypto_tweets/14913 crypto_tweets/15432 crypto_tweets/15622 crypto_tweets/1601 crypto_tweets/1678 crypto_tweets/16864 crypto_tweets/1888 crypto_tweets/3257 crypto_tweets/3436 crypto_tweets/3444 crypto_tweets/3456 crypto_tweets/3511 crypto_tweets/3691 crypto_tweets/4029 crypto_tweets/4079 crypto_tweets/4600 crypto_tweets/4935 crypto_tweets/5002 crypto_tweets/5008 crypto_tweets/5144 crypto_tweets/5211 crypto_tweets/5218 crypto_tweets/5374 crypto_tweets/5375 crypto_tweets/5377 crypto_tweets/5378 crypto_tweets/5383 crypto_tweets/5447 crypto_tweets/5922 crypto_tweets/599 crypto_tweets/6649 crypto_tweets/6799 crypto_tweets/724 crypto_tweets/9345 crypto_tweets/9783 cryptocoinscoach cryptocoinscoach/14198 cryptocoinscoach/15211 cryptocoinscoach/16232 cryptocoinscoach/16933 cryptocoinscoach/17063 cryptocoinscoach/17380 cryptocoinscoach/17692 cryptocoinscoach/17883 cryptocoinscoach/17887 cryptocoinscoach/17917 cryptocoinscoach/18054 cryptocoinscoach/18064 cryptocoinscoach/18070 cryptocoinscoach/18080 cryptocoinscoach/18103 cryptocoinscoach/18107 cryptocoinscoach/18117 cryptocoinscoach/18125 cryptocoinscoach/18127 cryptocoinscoach/18132 cryptocoinscoach/18158 cryptocoinscoach/18177 cryptocoinscoach/18179 cryptocoinscoach/18189 cryptocoinscoach/18202 cryptocoinscoach/18213 cryptocoinscoach/18227 cryptocoinscoach/18248 cryptocoinscoach/18251 cryptocoinscoach/18270 cryptocoinscoach/18274 cryptocoinscoach/18312 cryptocoinscoach/18343 cryptocoinscoach/18357 cryptocoinscoach/18358 cryptocoinscoach/18364 cryptocoinscoach/18374 cryptocoinscoach/18401 cryptocoinscoach/18402 cryptocoinscoach/18404 cryptocoinscoach/18430 cryptocoinscoach/18434 cryptocoinscoach/18435 cryptocoinscoach/18444 cryptocoinscoach/18448 cryptocoinscoach/18461 cryptocoinscoach/18476 cryptocoinscoach/18479 cryptocoinscoach/18486 cryptocoinscoach/18488 cryptocoinscoach/18497 cryptocoinscoach/18505 cryptocoinscoach/18523 cryptocoinscoach/18577 cryptocoinscoach/18598 cryptocoinscoach/18647 cryptocoinscoach/18664 cryptocoinscoach/19041 cryptocoinscoach/19075 cryptocoinscoach/19176 cryptocoinscoach/19434 cryptocoinscoach/19544 cryptocoinscoach/19555 cryptocoinscoach/19561 cryptocoinscoach/19587 cryptocoinscoach/19634 cryptocoinscoach/19674 cryptocoinscoach/19677 cryptocoinscoach/19714 cryptocoinscoach/19730 cryptocoinscoach/19763 cryptocoinscoach/19791 cryptocoinscoach/19809 cryptocoinscoach/19811 cryptocoinscoach/19863 cryptocoinscoach/19866 cryptocoinscoach/19965 cryptocoinscoach/19999 cryptocoinscoach/20001 cryptocoinscoach/20007 cryptocoinscoach/20037 cryptocoinscoach/20041 cryptocoinscoach/20057 cryptocoinscoach/20059 cryptocoinscoach/20060 cryptocoinscoach/20110 cryptocoinscoach/20158 cryptocoinscoach/20168 cryptocoinscoach/20203 cryptocoinscoach/20265 cryptocoinscoach/20313 cryptocoinscoach/20321 cryptocoinscoach/20435 cryptocoinscoach/20507 cryptocoinscoach/20605 cryptocoinscoach/20783 cryptocoinscoach/20863 cryptocoinscoach/20978 cryptocoinscoach/20987 cryptocoinscoach/20991 cryptocoinscoach/21001 cryptocoinscoach/21042 cryptocoinscoach/21100 cryptocoinscoach/21139 cryptocoinscoach/21179 cryptocoinscoach/21197 cryptocoinscoach/21212 cryptocoinscoach/21215 cryptocoinscoach/21370 cryptocoinscoach/21406 cryptocoinscoach/21490 cryptocoinscoach/21494 cryptocoinscoach/21504 cryptocoinscoach/21512 cryptocoinscoach/21531 cryptocoinscoach/21578 cryptocoinscoach/21631 cryptocoinscoach/21688 cryptocoinscoach/21694 cryptocoinscoach/21718 cryptocoinscoach/21986 cryptocoinscoach/22138 cryptocoinscoach/22282 cryptocoinscoach/22322 cryptocoinscoach/22323 cryptocoinscoach/22343 cryptocoinscoach/22356 cryptocoinscoach/22604 cryptocoinscoach/22724 cryptocoinscoach/22765 cryptocoinscoach/22859 cryptocoinscoach/23176 cryptocoinscoach/23389 cryptocoinscoach/23634 cryptocoinscoach/23635 cryptocoinscoach/23692 cryptocoinscoach/23887 cryptocoinscoach/24070 cryptocoinscoach/24101 cryptocoinscoach/24113 cryptocoinscoach/24320 cryptocoinscoach/24454 cryptocoinscoach/24545 cryptocoinscoach/24625 cryptocoinscoach/24727 cryptocoinscoach/24764 cryptocoinscoach/24772 cryptocoinscoach/24813 cryptocoinscoach/24837 cryptocoinscoach/24838 cryptocoinscoach/25145 cryptocoinscoach/25180 cryptocoinscoach/25258 cryptocoinscoach/25313 cryptocoinscoach/25366 cryptocoinscoach/25581 cryptocoinscoach/25621 cryptocoinscoach/25899 cryptocoinscoach/26169 cryptocoinscoach/26435 cryptocoinscoach/26520 cryptocoinscoach/26546 cryptocoinscoach/26564 cryptocoinscoach/26569 cryptocoinscoach/26615 cryptocoinscoach/26676 cryptocoinscoach/26687 cryptocoinscoach/26913 cryptocoinscoach/27051 cryptocoinscoach/27143 cryptocoinscoach/27175 cryptocoinscoach/27841 cryptocoinscoach/28001 cryptocoinscoach/28002 cryptocoinscoach/28017 cryptocoinscoach/28040 cryptocoinscoach/28069 cryptocoinscoach/28343 cryptocoinscoach/28395 cryptocoinscoach/28402 cryptocoinscoach/28446 cryptocoinscoach/28578 cryptocoinscoach/28582 cryptocoinscoach/28680 cryptocoinscoach/28781 cryptocoinscoach/29066 cryptocoinscoach/29236 cryptocoinscoach/29252 cryptocoinscoach/29928 cryptocoinscoach/30094 cryptocoinscoach/30341 cryptocoinscoach/30345 cryptocoinscoach/30418 cryptocoinscoach/30647 cryptocoinscoach/30655 cryptocoinscoach/30723 cryptocoinscoach/30735 cryptocoinscoach/30788 cryptocoinscoach/30825 cryptocoinscoach/30916 cryptocoinsguides cryptocoinsguides/45 cryptocoinswaves cryptocoinswaves/1060 cryptocoinswaves/1073 cryptocoinswaves/1075 cryptocoinswaves/1104 cryptocoinswaves/1116 cryptocoinswaves/1167 cryptocoinswaves/1210 cryptocoinswaves/1237 cryptocoinswaves/1336 cryptocoinswaves/1377 cryptocoinswaves/1442 cryptocoinswaves/1461 cryptocoinswaves/1528 cryptocoinswaves/1535 cryptocoinswaves/1578 cryptocoinswaves/1609 cryptocoinswaves/1649 cryptocoinswaves/1675 cryptocoinswaves/1689 cryptocoinswaves/1704 cryptocoinswaves/1711 cryptocoinswaves/1727 cryptocoinswaves/1744 cryptocoinswaves/1780 cryptocoinswaves/1783 cryptocoinswaves/1796 cryptocoinswaves/1802 cryptocoinswaves/1808 cryptocoinswaves/1843 cryptocoinswaves/1844 cryptocoinswaves/1853 cryptocoinswaves/1862 cryptocoinswaves/1873 cryptocoinswaves/1886 cryptocoinswaves/1898 cryptocoinswaves/1904 cryptocoinswaves/1908 cryptocoinswaves/1916 cryptocoinswaves/1918 cryptocoinswaves/1923 cryptocoinswaves/1963 cryptocoinswaves/1997 cryptocoinswaves/2005 cryptocoinswaves/2019 cryptocoinswaves/2058 cryptocoinswaves/2070 cryptocoinswaves/2082 cryptocoinswaves/2107 cryptocoinswaves/2129 cryptocoinswaves/2153 cryptocoinswaves/2163 cryptocoinswaves/2171 cryptocoinswaves/2172 cryptocoinswaves/2181 cryptocoinswaves/2187 cryptocoinswaves/2207 cryptocoinswaves/2214 cryptocoinswaves/2251 cryptocoinswaves/2260 cryptocoinswaves/2293 cryptocoinswaves/2297 cryptocoinswaves/2354 cryptocoinswaves/2373 cryptocoinswaves/2375 cryptocoinswaves/2378 cryptocoinswaves/2412 cryptocoinswaves/2418 cryptocoinswaves/2421 cryptocoinswaves/2432 cryptocoinswaves/2445 cryptocoinswaves/2505 cryptocoinswaves/2519 cryptocoinswaves/2531 cryptocoinswaves/2549 cryptocoinswaves/2607 cryptocoinswaves/2611 cryptocoinswaves/2647 cryptocoinswaves/2681 cryptocoinswaves/2721 cryptocoinswaves/2731 cryptocoinswaves/2741 cryptocoinswaves/2790 cryptocoinswaves/2799 cryptocoinswaves/2802 cryptocoinswaves/2931 cryptocoinswaves/2943 cryptocoinswaves/2950 cryptocoinswaves/3129 cryptocoinswaves/3172 cryptocoinswaves/3179 cryptocoinswaves/3263 cryptocoinswaves/3280 cryptocoinswaves/3409 cryptocoinswaves/3434 cryptocoinswaves/3459 cryptocoinswaves/3497 cryptoido/178 cryptotrades/7216 dawnstarcapital drep_foundation_announcements/716 fanziesnft forex_tradings forex_tradings/1562 forex_tradings/1849 forex_tradings/1940 forex_tradings/2038 forex_tradings/2045 forex_tradings/2077 forex_tradings/2131 forex_tradings/2285 forex_tradings/2294 forex_tradings/2305 forex_tradings/2489 forex_tradings/2510 forex_tradings/2552 forex_tradings/2557 forex_tradings/2578 forex_tradings/2661 forex_tradings/2753 forex_tradings/2784 forex_tradings/2786 forex_tradings/2827 forex_tradings/2886 forex_tradings/2892 forex_tradings/2987 forex_tradings/3171 forex_tradings/3445 forex_tradings/3769 forex_tradings/3772 forex_tradings/4111 forex_tradings/4590 forex_tradings/4822 forex_tradings/5004 forex_tradings/5184 forex_tradings/5293 forex_tradings/5359 forex_tradings/6079 forex_tradings/6307 forex_tradings/6342 forex_tradings/6617 forex_tradings/6766 forex_tradings/6842 forex_tradings/6936 forex_tradings/7001 forex_tradings/7757 forex_tradings/8062 forex_tradings/8778 ginu_airdrop_bot ginu_announcements hapi_ann hapi_ann/43 hapi_ann/44 hapi_ann/46 jackdorseycoins jackdorseycoins/1069 jackdorseycoins/1127 jackdorseycoins/118 jackdorseycoins/119 jackdorseycoins/12 jackdorseycoins/1245 jackdorseycoins/13 jackdorseycoins/1353 jackdorseycoins/137 jackdorseycoins/140 jackdorseycoins/1426 jackdorseycoins/145 jackdorseycoins/1481 jackdorseycoins/1537 jackdorseycoins/1623 jackdorseycoins/1653 jackdorseycoins/1704 jackdorseycoins/184 jackdorseycoins/1884 jackdorseycoins/1885 jackdorseycoins/211 jackdorseycoins/215 jackdorseycoins/2155 jackdorseycoins/22 jackdorseycoins/2243 jackdorseycoins/2306 jackdorseycoins/2377 jackdorseycoins/2416 jackdorseycoins/244 jackdorseycoins/2764 jackdorseycoins/2907 jackdorseycoins/3000 jackdorseycoins/3133 jackdorseycoins/3198 jackdorseycoins/3900 jackdorseycoins/4 jackdorseycoins/4026 jackdorseycoins/4404 jackdorseycoins/4475 jackdorseycoins/4631 jackdorseycoins/5046 jackdorseycoins/5154 jackdorseycoins/5251 jackdorseycoins/6 jackdorseycoins/7 jackdorseycoins/951 joinchat/aaaaaelv8njmloltyr_6vw joinchat/aaaaaesq7yomtt5nphg76a joinchat/aaaaaeu4rqklil-abbetba joinchat/aaaaafbhie_z-n6ef-pcsa joinchat/nhkhpdoujioyzmzk pancakeswapann/1164 persistenceonechat phuture_group phutureofficialann poolz_announcements poolz_announcements/213 pumprankedbot pumps/75 solice_io/12 standardprotocol/21 tenetann/51 themdtchannel/142 whaletracker_bot yellowroadido/17 yellowroadido/78,Crypto,tgdataset,1,public_db/folder_0/file_21_from_cryptoatlas_io_to_dailybowie.json
1402798878,CryptoCoinsGuides,CryptoCoinsCoach Guides,CCC.io important crypto guides  Follow our channel @CryptoCoinsCoach as well !,False,False,5560,42,2021-11-29,0,,Crypto,tgdataset,1,public_db/folder_0/file_21_from_cryptoatlas_io_to_dailybowie.json
1119431057,cryptocrosstrade,CryptoZond | Криптоанализы без диагнозов,"На канале автоматические уведомления по листингу монет на биржах, по движению на кошельках китов и на холодных кошельках бирж, сигналы при резких изменениях курсов, индекс жадности и страха. Ничего лишнего, только цифры. Cвязь: @CryptoZondFeedbackBot",False,False,1416,10263,2022-07-31,29,alphamindcapital cryptaevent crypto_luck cryptocrosstradevipbot cryptokit cryptootcmarket deskbit iv joinchat/aaaaaegpnul3l7jlfng4fa joinchat/aaaaaem_zsv2i73dclmryg joinchat/aaaaaeolaozfryjethmlbg joinchat/aaaaaeoy2nlewjzcfxmt-g joinchat/aaaaaepz6zrogycwlxzpba joinchat/aaaaaerwidt14ckb704r_a joinchat/aaaaaesimqp-up85kqbwwq joinchat/aaaaaevigmgx0wiol_jvja joinchat/aaaaaevk_96at6auya86yg joinchat/aaaaaexcdj7lj00gst3zeg joinchat/aaaaaezzrvflib2tmpvyba joinchat/aaaaafcjal0vaem7qi9o-a joinchat/aaaaaflgl2pskvhcymyvjq joinchat/cafrvg8yk8lm_ngqsrlp9w journalcdc libcoin moonbotnews seekalpha tradecomparebot trader_mike vote,Crypto,tgdataset,1,public_db/folder_0/file_21_from_cryptoatlas_io_to_dailybowie.json
1195964155,CryptoCrunchy,CryptoCrunchApp,All Exclusive Crypto & Blockchain Updates and news. 🚀 ✔️  Everything about Bitcoin and altcoins🚀  By 👉 CryptocrunchApp.com  Place to Trade : EagleFx.com   Promotions contact 📥 : @GoCryptocrunch,False,False,17253,12291,2022-07-31,2,cryptocoinscoach cryptocrunchtrading,Crypto,tgdataset,1,public_db/folder_0/file_21_from_cryptoatlas_io_to_dailybowie.json
1003016265,cryptocurrency,Cryptocurrencies Channel,"Contact / proposals, message to 👉🏼 @bitchannelsbot  Bitcoin news: @bitcoinchannel 📢 Trading: @bitcoinsignals ⏰ Altcoins: @altcoin 📣 Extended updates: @emergingcrypto 📡 DAPPS: @ethereumdapps 🔹 Shopping with BTC: @bitcoinaccepted Japanese: @btcjp",False,False,9747,15021,2022-07-31,1,b_i_t,Crypto,tgdataset,1,public_db/folder_0/file_21_from_cryptoatlas_io_to_dailybowie.json
1350816112,cryptodakuofficial,Crypto Daku,@saurabhblr chat:https://t.me/cryptodakurobinhooders ann:https://t.me/cryptodakuofficial twitter: https://twitter.com/CryptoDaku_,False,False,78709,11341,2022-07-31,916,+zskysmhh4rximdnk a2_dao_bot a2ann aagventures aegislaunchpad aioznetwork akashnw allianceblock alphadexbot amasa_community angelscreednews angelscreednews/106 angelscreedofficial animalconcertsofficial anrkeyxofficial antimatterchat antimatterdefi apexpredatorfinance apolloprotocol app360wellness apricotofficial apron_network1 apronnetwork apyfinancechat apyswapcom archerdao ariadne_finance arize_ann arizeairdropbot arizecommunity arkercommunity arkrivals_news arkrivals_news/73 arkrivals_official arkrivals_philippines arkrivals_russian arkrivals_vietnam arkrivalsindiancommunity artxcommunity ascendexenglish aspoworldchannelofficial/176 aspoworldchannelofficial/294 aspoworldcommunityofficial/75280 astropugfinance asvafinance attaofficialeng1 authmen avalanche_announcements/110 avaxlauncher b0xnet b21official bacondao bartertradeofficial baseprotocol battleofguardianschat bcmhuntgroup bcugfinance beermoneybsc befitter_bengali befitter_chat befitter_chinese befitter_indian befitter_official befitter_russian befitter_turkish befitter_vietnam bictoryfinance bigleaguenft binance binstarterofficial blabrun blankwallet blastroyale blindboxes blockassetofficial blockstackupdate/111 blockwallet bluzelle bluzelleann blvofficial bolly_heroes_official bollyheroes bondedfinance bondlyfinance bosonprotocol bosotokyo bqnetofficial breederdao bsclaunchchannel bsclaunchgroup bscstarter bscstation bscstation_media bufferfinance bullieverse bullswapfinance burgerswap burntfinance buythediplol canoncryptoclub cardstarter cardwallet cateshiba ccashcitizen ccashcitizennews cdzexchange celernetwork cellframe chadsvcann charityape charityapeschannel charli3official cheqd chromia_announcements chromia_announcements/515 chroniclecommunity clover_en coinfantasy1 coinh3ro3s coldstack_ann coldstackio copuppy_bsc corite craftingfinanceofficialgroup credefi cricketstarmanager crimecash_ann crimecashbiz crosswallet crosswalletannouncements crustnetwork crypticocean_ann cryptionnetwork cryptionnetworkann cryptodakuofficial cryptodakuofficial/11191 cryptodakuofficial/11522 cryptodakuofficial/13409 cryptodakuofficial/13590 cryptodakuofficial/14087 cryptodakuofficial/14111 cryptodakuofficial/14278 cryptodakuofficial/14462 cryptodakuofficial/1859 cryptodakuofficial/2157 cryptodakuofficial/2659 cryptodakuofficial/2930 cryptodakuofficial/3554 cryptodakuofficial/3591 cryptodakuofficial/3609 cryptodakuofficial/3865 cryptodakuofficial/3903 cryptodakuofficial/3906 cryptodakuofficial/4235 cryptodakuofficial/4403 cryptodakuofficial/4503 cryptodakuofficial/4535 cryptodakuofficial/4669 cryptodakuofficial/5039 cryptodakuofficial/5462 cryptodakuofficial/5477 cryptodakuofficial/5738 cryptodakuofficial/6960 cryptodakuofficial/7098 cryptodakuofficial/7120 cryptodakuofficial/7148 cryptodakuofficial/7208 cryptodakuofficial/7446 cryptodakuofficial/8900 cryptodakuofficial/9199 cryptodakurobinhooders cryptodakurobinhooders/239839 cryptodakurobinhooders/255955 cryptodakurobinhooders/455579 cryptodakurobinhooders__ cryptolocally cryptomeda cryptonovae_community cryptoprophecies cryptotaskofficial cryptovszombie cryptoweathernews csm_ann cudostelegram cultxdao cviofficial cyberfi_tech cybertradegame cybertradenews cypherium_supergroup dafiprotocol daofi daoland daomaker_ann daomakerr daoventures daoventuresofficial darenft_official_group darkfrontiers decentralgames decentrnet/6526 decimatedofficial decreditenglish decubateann/143 defi_11 defi_wizard defi_wizard_ann defibench deficliq defidollar_community definer definernews definity_ann defiprophetsannouncements defiwarriorofficial degenpad dehrofficialchn dehrofficialchn/284 demole_iocommunity demoleio/450 derace_price deracenews deracenft deriprotocol derived_discussion derivedfi dexbrowser_news dexe_network_official_chat dfinance_co dfinance_news dfyn_hq dfynofficial dinolandglobal dinolandofficial/153 dinoxannouncements dinoxproject divergenceprotocol divinerprotocol_news/150 divinerprotocolofficial dnaxcat_news dnaxcat_official dogechainofficial don_key_finance dorafactory doragonland doragonlandglobal doragonlandvn dose_news dot_finance dot_finance_ano dotmoovs dragonbite dragonevolution dragonwarann dragonwarglobal drife_official duckdaohunters duelistkingnft easyfiann/446 easyfiann/447 easyfiann/452 easyfiann/454 easyfiann/455 easyfiann/456 easyfiann/457 easyfiann/458 elementblackofficial elonfanstoken emoney_com enexspace enexspacechat enter_realm envoynetwork epicmeta epnsproject epnsprojectnews ethalendcommunity ethverse euro2021_eu21 everlensnft evrynet exeedme facemeltersmicros fairsidenetwork faithtribe falcon_swap fan_tico fantico_official fantomgochat faraland_official fayre financedotvote financevote finminity finxflo_community/179159 firelabs fireprotocol flokiinuviking flow_blockchain flurryfinance_official flyamanitaofficial footballfantasypro foresightcrypto forkenomics formationfi forwardprotocolofficial fraxfinance freelaofficial freshcutdiamond frontierdotxyz frontierdotxyz/395 ftx_official fufuofficial furioncommunity furu_kuru fusibleio fyoozcommunity gallery_finance gameetokennews gamefi_official gamefi_officialann gameloungexyz gameloungexyzann gamerhashofficial gamestarter_co gamestarterbot gamestarternews gathernetwork geeqofficial geishabsc geist_finance gemunicommunity genshardsann genshardschat geojammusic gerowallet ggdappchat gingrworld givannouncements glitchprotocol gmx_io gofungibles goldfevergame goodgamesguildchat goosefx gpoolofficial graphprotocolofficial/28 grimtoken h3ro3sann h3ro3sann/191 happyland_hpl harmonylauncherann hatchdao hedgetchat hellochromia heroes_td heroestd_club heroverse_ann heroverse_game highstreetworld hodlogic humansdotai huobiecochainofficial huobiglobalofficial hydraverse hydraverse_cn hydraverse_vn hydraverseofficial hydraverseofficial/142 hydraverseofficial/144 hypersignchain hyveworks idlecyber impermaxfinance impossiblefinance indiafightswithcovid inertiabydefiprophets infinitelaunch insurace_protocol ioen_global ioigame ioigames islander_official islanderofficial itheum izumifinance joinchat/aaaaaesnmlycvv4knnstxw joinchat/aaaaafbwg6nmvo5uvdxufg joinchat/gps-xe3qppswqwmmmlve_a joinchat/it2yde3qpptw9jllmhlxka joinchat/nka4p1e2pys2gclcxdgx4g joinchat/wsgehrwgry9jnzjl joininjective kabyarena kabyarena_ann kalmar_io katalyo katalyo_ann kawatoken kcclaunchann kcclaunchofficial kclpannouncements kelvpnbeta keysians kingdomkarnage kingdomquestchat kingdomxann kingspeed_announcement kiraannouncements kirainterex klondike_discussion knitfinance knitfinanceann konominetwork krypitalbounty/122538 krypitalnews/2385 kryptomonofficial ksm_starter kulauncher label_foundation launchpoolxyz legends_of_elumia_official legendsofmitra lendefi_announcements lendefi_io lesstoken levernetwork lfwofficial liberaprotocol libredefiofficial lien_finance lilinu_bsc linkbasedchat liti_capital_official locknessofficial lom_updates lomdropbot madworld_official mahadao mahadaoannouncements manifoldfinance mantradao maticnetwork maticnetwork_announcements maticnetwork_announcements/1013 maticnetwork_announcements/1051 maticnetwork_announcements/1084 maticnetwork_announcements/1093 maticnetwork_announcements/1113 maticnetwork_announcements/1119 maticnetwork_announcements/1120 maticnetwork_announcements/1122 maticnetwork_announcements/1124 maticnetwork_announcements/1125 maticnetwork_announcements/1126 maticnetwork_announcements/1127 maticnetwork_announcements/1129 maticnetwork_announcements/1130 maticnetwork_announcements/1131 maticnetwork_announcements/1132 maticnetwork_announcements/1144 maticnetwork_announcements/1146 maticnetwork_announcements/1150 maticnetwork_announcements/1152 maticnetwork_announcements/1154 maticnetwork_announcements/1156 maticnetwork_announcements/1162 maticnetwork_announcements/1170 maticnetwork_announcements/1172 maticnetwork_announcements/1177 maticnetwork_announcements/1178 maticnetwork_announcements/1181 maticnetwork_announcements/1192 maticnetwork_announcements/1199 maticnetwork_announcements/1203 maticnetwork_announcements/1204 maticnetwork_announcements/1205 maticnetwork_announcements/1207 maticnetwork_announcements/1210 maticnetwork_announcements/1211 maticnetwork_announcements/1214 maticnetwork_announcements/1216 maticnetwork_announcements/1220 maticnetwork_announcements/1241 maticnetwork_announcements/1244 maticnetwork_announcements/1246 maticnetwork_announcements/1247 maticnetwork_announcements/1249 maticnetwork_announcements/1251 maticnetwork_announcements/1253 maticnetwork_announcements/1255 maticnetwork_announcements/1264 maticnetwork_announcements/1265 maticnetwork_announcements/1267 maticnetwork_announcements/1274 maticnetwork_announcements/1275 maticnetwork_announcements/1277 maticnetwork_announcements/1279 maticnetwork_announcements/1284 maticnetwork_announcements/1311 maticnetwork_announcements/1320 maticnetwork_announcements/1337 maticnetwork_announcements/1343 maticnetwork_announcements/1350 maticnetwork_announcements/1351 maticnetwork_announcements/1352 maticnetwork_announcements/1353 maticnetwork_announcements/962 maticnetwork_announcements/972 maticpad maticpad_bot maticpadann maticwalletweb maviaofficial mdexen mechmaster_ann/351 mechmaster_ann/352 mechmaster_official melandaiworld melosstudiodao memusic_official mercorofficial merklenetwork merklenetwork_announcement merlinlab metachess_network metaderby metaderbyofficial metaracersbsc_global metaracersbsc_official metaracersbsc_vnchannel metarungame metarungameann metastrike metawarsnft meter_io mettalex_official_news/27 mexcenglish/1523028 milcplatform mimirofficial minesofdalarnia minesofdalarnia_ann minimonofficial moarfinance mobius_finance modefi_official monkeyball_game monkeyball_official monoxofficial mons_ann monsterbattle1 monstropoly moonfarmfinance moonrabbitcom moonscape_game moonstarterchat morpheusgamechat morphienetwork morphienetworkann mp4social mxcofficialnews/2250 mymasterwarchannel mymessageen myneighboralice mysterymemecoin mytheria_vietnam mytheriaglobal mytheriaofficial myunifarm nagaofficialchat nearpad nextverse nextverse_airdrop_bot nextverse_chat nfraction_official nftalley nftalley_ann nftgoofficial nftify_ann nftify_official nftobr nitroleaguegame nordfinance nordfinance_ann nordfinance_ann/176 novaannouncements now_liquidity nsurenet octopusnetwork oddz_fi_announcements oddz_finance ojamuchat okxnftofficial omni_app onepageofarts onerareofficial oneto11ann oneto11chat onomyprotocol opendao orbitauannouncements orbitaubangladesh orbitaubrazil orbitauglobal orbitauindo orbitaujapan orbitaukorea orbitaumalaysia orbitauphilippines orbitauthailand orbitauvietnam orion_money orionprotocol orionprotocolnews oropocket pandora_protocol pandoraprotocol pantherprotocol paralink_network parastate paribus_io parity_technologies penguinkartsannouncements pepemonfinance persistenceone persistenceonechat pinknode pinknodeann planetmojochat planetsandbox plasmofficial platofarm playermonofficial playttk plotx_official plutosnetwork polkacipher polkacipherann polkacity polkadex polkadomainchat polkadotofficial polkafoundry polkalokr polkaplay polkaplayio polkarare polkastarter polkaswap polkatrail polkatrail_announcements polkindex polkindexannouncements polygod polylastic polylauncher polyplaygames polystarterchat polytag polytrade_finance polytradefinance_news polytradekr pontoon_announcements pontoon_fi pooleran poolerfi port_finance powerkee prodefi projectinverse projectseed prosperan prosperfi pulsechaincom qredoannouncements quickswapdex racefi_io rage_fan rage_fan_announcement/14 rage_fan_announcement/27 rage_fan_announcement/34 rage_fan_announcement/46 rage_fan_announcement/50 rage_fan_announcement/61 rage_fan_announcement/62 rage_fan_announcement/64 rage_fan_announcement/8 rainmakergames rampdefiofficial rangersprotocol rankerdao raze_net raze_net/45865 razor_announcement razornetwork rbasebydefiprophets realiseng realyofficial rebaseofficial/39 referenceprotocol relitefinanceofficial revolvegames_official rikkeifinance routerprotocol rubyx_protocol rvault rxcworld rxcworldofficial safedotanns safedotofficial saitoio saloplayersann sappchat savebritney savebritney/3533 savebritney/6104 savebritneyann scaleswap scallop_offici scallop_official scammet sci_finance_trading seascapenetwork sentre sentreannouncements sentreannouncements/132 sentreindonesia seroofficial shadowforklink shyftnetwork sidus_heroes sidus_heroes_channel sidus_heroes_channel/36 sifchain sil_finance smartcredit_announcements smartcredit_community solanium_io_chat solchicksnft solhub_finance solice_io solice_io_chat solpadfinance solpadfinance_chat solvprotocol souniio_channel souniio_cngroup souniio_group souniio_indonesia souniio_korea souniio_vngroup spacecryptoglobal spacedawgscommunity spacesip spacesip_news sparklecoin spheriumcommunity spheriumwallet spiderdao staderlabs stafi_protocol standard_protocol starlaunchann starlaunchofficial starpunk_vn starpunkann starpunkglobal starpunkvn startfi stephero_chat stepnannouncement stonefortress store_labs stripfinance structurefinance sugarbouncensfw sunderfinancechat superfarmdao supraoracles survivalgamingnft swashapp_group take_finance takeus_chat tangibledao tankwarszone tartarus_ann/6 tartarus_finance tartarus_finance/21877 teemofinance tenetfarm terminaltechsupport thebull_crypto themonopolist themonopolistann/352 theos_fi thewastedlands thorchain_dev tidalfinance tidalglobal titanhunters titanhunters_airdrop_bot titanhuntersann titanhuntersann/161 titans_ventures toddlerinu tokentraxx tominutoken torekkoann torum_official torum_official_group_en tosdis tosdisann/151 tracenetwork tradestarsok trava_finance trmgame trmnews trustrecruit two2based umbrellanet unidogroup unifarm unilendannouncement unilendannouncement/10 unilendannouncement/13 unilendannouncement/14 unilendannouncement/15 unilendannouncement/20 unilendannouncement/223 unilendannouncement/226 unilendannouncement/228 unilendannouncement/237 unilendannouncement/24 unilendannouncement/241 unilendannouncement/245 unilendannouncement/27 unilendannouncement/29 unilendannouncement/30 unilendannouncement/313 unilendannouncement/316 unilendannouncement/32 unilendannouncement/37 unilendannouncement/39 unilendannouncement/40 unilendannouncement/42 unilendannouncement/46 unilendannouncement/48 unilendannouncement/49 unilendfinance unilendprice unimexfinance unimexnetwork unlockprotocol unmarshal_ann unmarshal_announcements unmarshal_announcements/21 unmarshal_chat unnfinance uwucapital vaderprotocol valuedefi vampireprotocol vaporrise veranetwork videocoin vlaunchcom vlaunchcomtoken vortexdefiofficial walken_channel wallfairians warenaofficial warenaofficial/492 warenaround2airdropbot waterfalldefi wazirx/1422 welaunchx wicrypt wolfcryptoannounce/4328 wonderhero_io workquestchat wrapped_finance xana_english xbtc_official xdefi_announcements/279 xdot_announcements xdot_official xendannouncements xendfinance xplosive_ethereum xtrxofficial yellowroadofficial yfdaifinance yfinancial yieldbreederdaogroup yinfinance yodaxyz yoinknetwork yoinkofficial yooshi_official yopfi youclout zenfuse_en zeroswap zeroswap_ann zklinkorg zkoracle zkswapofficial zombieworldz zombieworldz/236 zombieworldz/297 zonebyxtz zoomprotocolofficial zoomprotocolofficial/4880 zukimoba zukimoba/862 zukimoba/939,Crypto,tgdataset,1,public_db/folder_0/file_21_from_cryptoatlas_io_to_dailybowie.json
1231094664,CryptoDecentralized,Crypto Newsfeed,"FUD vs FOMO!  Premium cryptocurrency news aggregator and important alerts  For informational purposes only. not offered or intended to be used as legal, tax, investment, financial advice",False,False,73,35217,2022-07-31,7712,cryptodecentralized/32967 cryptodecentralized/32972 cryptodecentralized/32974 cryptodecentralized/32980 cryptodecentralized/32985 cryptodecentralized/32987 cryptodecentralized/32989 cryptodecentralized/32993 cryptodecentralized/32995 cryptodecentralized/33004 cryptodecentralized/33007 cryptodecentralized/33010 cryptodecentralized/33015 cryptodecentralized/33017 cryptodecentralized/33025 cryptodecentralized/33032 cryptodecentralized/33034 cryptodecentralized/33035 cryptodecentralized/33043 cryptodecentralized/33046 cryptodecentralized/33048 cryptodecentralized/33050 cryptodecentralized/33053 cryptodecentralized/33055 cryptodecentralized/33060 cryptodecentralized/33065 cryptodecentralized/33078 cryptodecentralized/33085 cryptodecentralized/33087 cryptodecentralized/33098 cryptodecentralized/33100 cryptodecentralized/33103 cryptodecentralized/33111 cryptodecentralized/33113 cryptodecentralized/33120 cryptodecentralized/33123 cryptodecentralized/33126 cryptodecentralized/33135 cryptodecentralized/33138 cryptodecentralized/33144 cryptodecentralized/33151 cryptodecentralized/33156 cryptodecentralized/33160 cryptodecentralized/33163 cryptodecentralized/33165 cryptodecentralized/33167 cryptodecentralized/33173 cryptodecentralized/33177 cryptodecentralized/33182 cryptodecentralized/33185 cryptodecentralized/33188 cryptodecentralized/33190 cryptodecentralized/33192 cryptodecentralized/33194 cryptodecentralized/33197 cryptodecentralized/33203 cryptodecentralized/33212 cryptodecentralized/33215 cryptodecentralized/33234 cryptodecentralized/33240 cryptodecentralized/33244 cryptodecentralized/33246 cryptodecentralized/33247 cryptodecentralized/33256 cryptodecentralized/33258 cryptodecentralized/33260 cryptodecentralized/33264 cryptodecentralized/33271 cryptodecentralized/33275 cryptodecentralized/33277 cryptodecentralized/33280 cryptodecentralized/33284 cryptodecentralized/33288 cryptodecentralized/33293 cryptodecentralized/33296 cryptodecentralized/33298 cryptodecentralized/33300 cryptodecentralized/33303 cryptodecentralized/33306 cryptodecentralized/33309 cryptodecentralized/33319 cryptodecentralized/33332 cryptodecentralized/33348 cryptodecentralized/33352 cryptodecentralized/33355 cryptodecentralized/33364 cryptodecentralized/33376 cryptodecentralized/33379 cryptodecentralized/33383 cryptodecentralized/33393 cryptodecentralized/33396 cryptodecentralized/33399 cryptodecentralized/33405 cryptodecentralized/33407 cryptodecentralized/33409 cryptodecentralized/33412 cryptodecentralized/33414 cryptodecentralized/33415 cryptodecentralized/33416 cryptodecentralized/33417 cryptodecentralized/33425 cryptodecentralized/33429 cryptodecentralized/33433 cryptodecentralized/33435 cryptodecentralized/33446 cryptodecentralized/33455 cryptodecentralized/33461 cryptodecentralized/33469 cryptodecentralized/33472 cryptodecentralized/33478 cryptodecentralized/33481 cryptodecentralized/33488 cryptodecentralized/33492 cryptodecentralized/33494 cryptodecentralized/33497 cryptodecentralized/33501 cryptodecentralized/33504 cryptodecentralized/33506 cryptodecentralized/33510 cryptodecentralized/33516 cryptodecentralized/33518 cryptodecentralized/33522 cryptodecentralized/33524 cryptodecentralized/33533 cryptodecentralized/33538 cryptodecentralized/33546 cryptodecentralized/33549 cryptodecentralized/33551 cryptodecentralized/33560 cryptodecentralized/33562 cryptodecentralized/33580 cryptodecentralized/33584 cryptodecentralized/33590 cryptodecentralized/33594 cryptodecentralized/33602 cryptodecentralized/33604 cryptodecentralized/33607 cryptodecentralized/33613 cryptodecentralized/33616 cryptodecentralized/33620 cryptodecentralized/33624 cryptodecentralized/33626 cryptodecentralized/33630 cryptodecentralized/33632 cryptodecentralized/33634 cryptodecentralized/33636 cryptodecentralized/33638 cryptodecentralized/33644 cryptodecentralized/33647 cryptodecentralized/33648 cryptodecentralized/33650 cryptodecentralized/33653 cryptodecentralized/33664 cryptodecentralized/33667 cryptodecentralized/33672 cryptodecentralized/33677 cryptodecentralized/33685 cryptodecentralized/33690 cryptodecentralized/33695 cryptodecentralized/33699 cryptodecentralized/33701 cryptodecentralized/33703 cryptodecentralized/33708 cryptodecentralized/33712 cryptodecentralized/33716 cryptodecentralized/33717 cryptodecentralized/33720 cryptodecentralized/33730 cryptodecentralized/33742 cryptodecentralized/33745 cryptodecentralized/33749 cryptodecentralized/33757 cryptodecentralized/33760 cryptodecentralized/33764 cryptodecentralized/33768 cryptodecentralized/33775 cryptodecentralized/33777 cryptodecentralized/33778 cryptodecentralized/33780 cryptodecentralized/33781 cryptodecentralized/33783 cryptodecentralized/33790 cryptodecentralized/33792 cryptodecentralized/33794 cryptodecentralized/33798 cryptodecentralized/33800 cryptodecentralized/33805 cryptodecentralized/33808 cryptodecentralized/33817 cryptodecentralized/33824 cryptodecentralized/33827 cryptodecentralized/33832 cryptodecentralized/33839 cryptodecentralized/33840 cryptodecentralized/33841 cryptodecentralized/33848 cryptodecentralized/33856 cryptodecentralized/33859 cryptodecentralized/33871 cryptodecentralized/33875 cryptodecentralized/33879 cryptodecentralized/33883 cryptodecentralized/33885 cryptodecentralized/33892 cryptodecentralized/33894 cryptodecentralized/33896 cryptodecentralized/33904 cryptodecentralized/33908 cryptodecentralized/33910 cryptodecentralized/33913 cryptodecentralized/33917 cryptodecentralized/33927 cryptodecentralized/33929 cryptodecentralized/33933 cryptodecentralized/33935 cryptodecentralized/33938 cryptodecentralized/33951 cryptodecentralized/33953 cryptodecentralized/33955 cryptodecentralized/33965 cryptodecentralized/33968 cryptodecentralized/33971 cryptodecentralized/33981 cryptodecentralized/33986 cryptodecentralized/33992 cryptodecentralized/33995 cryptodecentralized/33997 cryptodecentralized/34000 cryptodecentralized/34013 cryptodecentralized/34015 cryptodecentralized/34018 cryptodecentralized/34020 cryptodecentralized/34022 cryptodecentralized/34025 cryptodecentralized/34033 cryptodecentralized/34035 cryptodecentralized/34038 cryptodecentralized/34042 cryptodecentralized/34049 cryptodecentralized/34051 cryptodecentralized/34057 cryptodecentralized/34059 cryptodecentralized/34064 cryptodecentralized/34067 cryptodecentralized/34069 cryptodecentralized/34076 cryptodecentralized/34086 cryptodecentralized/34088 cryptodecentralized/34091 cryptodecentralized/34096 cryptodecentralized/34099 cryptodecentralized/34106 cryptodecentralized/34111 cryptodecentralized/34118 cryptodecentralized/34120 cryptodecentralized/34124 cryptodecentralized/34126 cryptodecentralized/34129 cryptodecentralized/34131 cryptodecentralized/34134 cryptodecentralized/34136 cryptodecentralized/34143 cryptodecentralized/34146 cryptodecentralized/34152 cryptodecentralized/34156 cryptodecentralized/34158 cryptodecentralized/34163 cryptodecentralized/34174 cryptodecentralized/34181 cryptodecentralized/34184 cryptodecentralized/34186 cryptodecentralized/34201 cryptodecentralized/34206 cryptodecentralized/34209 cryptodecentralized/34222 cryptodecentralized/34226 cryptodecentralized/34228 cryptodecentralized/34230 cryptodecentralized/34232 cryptodecentralized/34236 cryptodecentralized/34239 cryptodecentralized/34241 cryptodecentralized/34243 cryptodecentralized/34254 cryptodecentralized/34256 cryptodecentralized/34258 cryptodecentralized/34261 cryptodecentralized/34263 cryptodecentralized/34267 cryptodecentralized/34274 cryptodecentralized/34285 cryptodecentralized/34287 cryptodecentralized/34291 cryptodecentralized/34294 cryptodecentralized/34298 cryptodecentralized/34300 cryptodecentralized/34302 cryptodecentralized/34307 cryptodecentralized/34316 cryptodecentralized/34322 cryptodecentralized/34326 cryptodecentralized/34332 cryptodecentralized/34333 cryptodecentralized/34339 cryptodecentralized/34342 cryptodecentralized/34345 cryptodecentralized/34351 cryptodecentralized/34356 cryptodecentralized/34358 cryptodecentralized/34362 cryptodecentralized/34364 cryptodecentralized/34368 cryptodecentralized/34372 cryptodecentralized/34377 cryptodecentralized/34382 cryptodecentralized/34396 cryptodecentralized/34397 cryptodecentralized/34408 cryptodecentralized/34411 cryptodecentralized/34413 cryptodecentralized/34418 cryptodecentralized/34436 cryptodecentralized/34438 cryptodecentralized/34441 cryptodecentralized/34448 cryptodecentralized/34457 cryptodecentralized/34459 cryptodecentralized/34466 cryptodecentralized/34471 cryptodecentralized/34474 cryptodecentralized/34477 cryptodecentralized/34480 cryptodecentralized/34482 cryptodecentralized/34484 cryptodecentralized/34486 cryptodecentralized/34494 cryptodecentralized/34499 cryptodecentralized/34502 cryptodecentralized/34505 cryptodecentralized/34510 cryptodecentralized/34513 cryptodecentralized/34515 cryptodecentralized/34518 cryptodecentralized/34520 cryptodecentralized/34523 cryptodecentralized/34526 cryptodecentralized/34531 cryptodecentralized/34536 cryptodecentralized/34538 cryptodecentralized/34543 cryptodecentralized/34545 cryptodecentralized/34551 cryptodecentralized/34553 cryptodecentralized/34559 cryptodecentralized/34563 cryptodecentralized/34567 cryptodecentralized/34573 cryptodecentralized/34576 cryptodecentralized/34580 cryptodecentralized/34586 cryptodecentralized/34588 cryptodecentralized/34590 cryptodecentralized/34595 cryptodecentralized/34596 cryptodecentralized/34601 cryptodecentralized/34603 cryptodecentralized/34606 cryptodecentralized/34610 cryptodecentralized/34613 cryptodecentralized/34617 cryptodecentralized/34620 cryptodecentralized/34622 cryptodecentralized/34623 cryptodecentralized/34627 cryptodecentralized/34628 cryptodecentralized/34634 cryptodecentralized/34638 cryptodecentralized/34655 cryptodecentralized/34657 cryptodecentralized/34670 cryptodecentralized/34678 cryptodecentralized/34683 cryptodecentralized/34689 cryptodecentralized/34695 cryptodecentralized/34699 cryptodecentralized/34703 cryptodecentralized/34708 cryptodecentralized/34714 cryptodecentralized/34715 cryptodecentralized/34721 cryptodecentralized/34724 cryptodecentralized/34727 cryptodecentralized/34729 cryptodecentralized/34732 cryptodecentralized/34734 cryptodecentralized/34737 cryptodecentralized/34739 cryptodecentralized/34741 cryptodecentralized/34744 cryptodecentralized/34746 cryptodecentralized/34749 cryptodecentralized/34751 cryptodecentralized/34756 cryptodecentralized/34767 cryptodecentralized/34769 cryptodecentralized/34779 cryptodecentralized/34784 cryptodecentralized/34786 cryptodecentralized/34793 cryptodecentralized/34795 cryptodecentralized/34800 cryptodecentralized/34802 cryptodecentralized/34804 cryptodecentralized/34814 cryptodecentralized/34816 cryptodecentralized/34818 cryptodecentralized/34822 cryptodecentralized/34827 cryptodecentralized/34828 cryptodecentralized/34837 cryptodecentralized/34843 cryptodecentralized/34846 cryptodecentralized/34849 cryptodecentralized/34851 cryptodecentralized/34858 cryptodecentralized/34862 cryptodecentralized/34881 cryptodecentralized/34884 cryptodecentralized/34888 cryptodecentralized/34892 cryptodecentralized/34895 cryptodecentralized/34900 cryptodecentralized/34905 cryptodecentralized/34909 cryptodecentralized/34913 cryptodecentralized/34914 cryptodecentralized/34918 cryptodecentralized/34920 cryptodecentralized/34925 cryptodecentralized/34927 cryptodecentralized/34937 cryptodecentralized/34939 cryptodecentralized/34948 cryptodecentralized/34952 cryptodecentralized/34956 cryptodecentralized/34958 cryptodecentralized/34967 cryptodecentralized/34974 cryptodecentralized/34983 cryptodecentralized/34987 cryptodecentralized/34989 cryptodecentralized/34991 cryptodecentralized/34994 cryptodecentralized/34999 cryptodecentralized/35001 cryptodecentralized/35008 cryptodecentralized/35014 cryptodecentralized/35023 cryptodecentralized/35027 cryptodecentralized/35029 cryptodecentralized/35032 cryptodecentralized/35035 cryptodecentralized/35037 cryptodecentralized/35046 cryptodecentralized/35048 cryptodecentralized/35050 cryptodecentralized/35052 cryptodecentralized/35056 cryptodecentralized/35059 cryptodecentralized/35065 cryptodecentralized/35070 cryptodecentralized/35077 cryptodecentralized/35079 cryptodecentralized/35081 cryptodecentralized/35087 cryptodecentralized/35090 cryptodecentralized/35094 cryptodecentralized/35099 cryptodecentralized/35103 cryptodecentralized/35111 cryptodecentralized/35116 cryptodecentralized/35123 cryptodecentralized/35130 cryptodecentralized/35138 cryptodecentralized/35140 cryptodecentralized/35145 cryptodecentralized/35150 cryptodecentralized/35153 cryptodecentralized/35161 cryptodecentralized/35165 cryptodecentralized/35169 cryptodecentralized/35171 cryptodecentralized/35174 cryptodecentralized/35179 cryptodecentralized/35182 cryptodecentralized/35185 cryptodecentralized/35194 cryptodecentralized/35199 cryptodecentralized/35202 cryptodecentralized/35204 cryptodecentralized/35208 cryptodecentralized/35221 cryptodecentralized/35223 cryptodecentralized/35237 cryptodecentralized/35247 cryptodecentralized/35253 cryptodecentralized/35254 cryptodecentralized/35265 cryptodecentralized/35268 cryptodecentralized/35270 cryptodecentralized/35273 cryptodecentralized/35278 cryptodecentralized/35280 cryptodecentralized/35287 cryptodecentralized/35289 cryptodecentralized/35293 cryptodecentralized/35295 cryptodecentralized/35300 cryptodecentralized/35302 cryptodecentralized/35304 cryptodecentralized/35307 cryptodecentralized/35309 cryptodecentralized/35312 cryptodecentralized/35315 cryptodecentralized/35321 cryptodecentralized/35333 cryptodecentralized/35337 cryptodecentralized/35339 cryptodecentralized/35341 cryptodecentralized/35346 cryptodecentralized/35348 cryptodecentralized/35359 cryptodecentralized/35367 cryptodecentralized/35369 cryptodecentralized/35374 cryptodecentralized/35380 cryptodecentralized/35381 cryptodecentralized/35385 cryptodecentralized/35387 cryptodecentralized/35404 cryptodecentralized/35406 cryptodecentralized/35408 cryptodecentralized/35410 cryptodecentralized/35414 cryptodecentralized/35419 cryptodecentralized/35420 cryptodecentralized/35424 cryptodecentralized/35428 cryptodecentralized/35436 cryptodecentralized/35441 cryptodecentralized/35446 cryptodecentralized/35449 cryptodecentralized/35453 cryptodecentralized/35456 cryptodecentralized/35463 cryptodecentralized/35466 cryptodecentralized/35473 cryptodecentralized/35477 cryptodecentralized/35479 cryptodecentralized/35484 cryptodecentralized/35486 cryptodecentralized/35488 cryptodecentralized/35490 cryptodecentralized/35499 cryptodecentralized/35503 cryptodecentralized/35505 cryptodecentralized/35511 cryptodecentralized/35514 cryptodecentralized/35519 cryptodecentralized/35521 cryptodecentralized/35523 cryptodecentralized/35525 cryptodecentralized/35533 cryptodecentralized/35542 cryptodecentralized/35545 cryptodecentralized/35547 cryptodecentralized/35548 cryptodecentralized/35553 cryptodecentralized/35560 cryptodecentralized/35562 cryptodecentralized/35573 cryptodecentralized/35576 cryptodecentralized/35581 cryptodecentralized/35583 cryptodecentralized/35590 cryptodecentralized/35595 cryptodecentralized/35597 cryptodecentralized/35599 cryptodecentralized/35601 cryptodecentralized/35605 cryptodecentralized/35607 cryptodecentralized/35615 cryptodecentralized/35618 cryptodecentralized/35622 cryptodecentralized/35627 cryptodecentralized/35631 cryptodecentralized/35633 cryptodecentralized/35644 cryptodecentralized/35647 cryptodecentralized/35653 cryptodecentralized/35655 cryptodecentralized/35657 cryptodecentralized/35660 cryptodecentralized/35662 cryptodecentralized/35666 cryptodecentralized/35668 cryptodecentralized/35671 cryptodecentralized/35684 cryptodecentralized/35685 cryptodecentralized/35688 cryptodecentralized/35695 cryptodecentralized/35702 cryptodecentralized/35710 cryptodecentralized/35714 cryptodecentralized/35721 cryptodecentralized/35727 cryptodecentralized/35729 cryptodecentralized/35733 cryptodecentralized/35735 cryptodecentralized/35738 cryptodecentralized/35743 cryptodecentralized/35745 cryptodecentralized/35748 cryptodecentralized/35750 cryptodecentralized/35752 cryptodecentralized/35754 cryptodecentralized/35760 cryptodecentralized/35761 cryptodecentralized/35766 cryptodecentralized/35772 cryptodecentralized/35773 cryptodecentralized/35776 cryptodecentralized/35782 cryptodecentralized/35785 cryptodecentralized/35787 cryptodecentralized/35790 cryptodecentralized/35792 cryptodecentralized/35805 cryptodecentralized/35807 cryptodecentralized/35809 cryptodecentralized/35814 cryptodecentralized/35819 cryptodecentralized/35821 cryptodecentralized/35824 cryptodecentralized/35828 cryptodecentralized/35835 cryptodecentralized/35846 cryptodecentralized/35851 cryptodecentralized/35865 cryptodecentralized/35869 cryptodecentralized/35871 cryptodecentralized/35877 cryptodecentralized/35886 cryptodecentralized/35891 cryptodecentralized/35901 cryptodecentralized/35913 cryptodecentralized/35916 cryptodecentralized/35919 cryptodecentralized/35922 cryptodecentralized/35924 cryptodecentralized/35927 cryptodecentralized/35930 cryptodecentralized/35933 cryptodecentralized/35935 cryptodecentralized/35936 cryptodecentralized/35942 cryptodecentralized/35944 cryptodecentralized/35945 cryptodecentralized/35951 cryptodecentralized/35956 cryptodecentralized/35968 cryptodecentralized/35970 cryptodecentralized/35994 cryptodecentralized/36009 cryptodecentralized/36014 cryptodecentralized/36021 cryptodecentralized/36026 cryptodecentralized/36028 cryptodecentralized/36031 cryptodecentralized/36037 cryptodecentralized/36042 cryptodecentralized/36044 cryptodecentralized/36047 cryptodecentralized/36054 cryptodecentralized/36061 cryptodecentralized/36069 cryptodecentralized/36072 cryptodecentralized/36074 cryptodecentralized/36081 cryptodecentralized/36083 cryptodecentralized/36086 cryptodecentralized/36088 cryptodecentralized/36090 cryptodecentralized/36092 cryptodecentralized/36096 cryptodecentralized/36103 cryptodecentralized/36105 cryptodecentralized/36107 cryptodecentralized/36118 cryptodecentralized/36124 cryptodecentralized/36126 cryptodecentralized/36128 cryptodecentralized/36132 cryptodecentralized/36151 cryptodecentralized/36154 cryptodecentralized/36159 cryptodecentralized/36168 cryptodecentralized/36172 cryptodecentralized/36174 cryptodecentralized/36177 cryptodecentralized/36179 cryptodecentralized/36181 cryptodecentralized/36184 cryptodecentralized/36188 cryptodecentralized/36190 cryptodecentralized/36192 cryptodecentralized/36199 cryptodecentralized/36206 cryptodecentralized/36210 cryptodecentralized/36212 cryptodecentralized/36215 cryptodecentralized/36217 cryptodecentralized/36220 cryptodecentralized/36223 cryptodecentralized/36229 cryptodecentralized/36231 cryptodecentralized/36236 cryptodecentralized/36239 cryptodecentralized/36242 cryptodecentralized/36244 cryptodecentralized/36246 cryptodecentralized/36250 cryptodecentralized/36253 cryptodecentralized/36263 cryptodecentralized/36280 cryptodecentralized/36281 cryptodecentralized/36285 cryptodecentralized/36301 cryptodecentralized/36303 cryptodecentralized/36307 cryptodecentralized/36318 cryptodecentralized/36321 cryptodecentralized/36323 cryptodecentralized/36327 cryptodecentralized/36331 cryptodecentralized/36335 cryptodecentralized/36339 cryptodecentralized/36343 cryptodecentralized/36346 cryptodecentralized/36355 cryptodecentralized/36357 cryptodecentralized/36361 cryptodecentralized/36363 cryptodecentralized/36369 cryptodecentralized/36377 cryptodecentralized/36385 cryptodecentralized/36393 cryptodecentralized/36397 cryptodecentralized/36400 cryptodecentralized/36402 cryptodecentralized/36405 cryptodecentralized/36410 cryptodecentralized/36412 cryptodecentralized/36416 cryptodecentralized/36422 cryptodecentralized/36431 cryptodecentralized/36462 cryptodecentralized/36467 cryptodecentralized/36469 cryptodecentralized/36471 cryptodecentralized/36473 cryptodecentralized/36479 cryptodecentralized/36483 cryptodecentralized/36486 cryptodecentralized/36495 cryptodecentralized/36497 cryptodecentralized/36500 cryptodecentralized/36506 cryptodecentralized/36508 cryptodecentralized/36514 cryptodecentralized/36525 cryptodecentralized/36527 cryptodecentralized/36532 cryptodecentralized/36536 cryptodecentralized/36538 cryptodecentralized/36543 cryptodecentralized/36545 cryptodecentralized/36548 cryptodecentralized/36550 cryptodecentralized/36557 cryptodecentralized/36558 cryptodecentralized/36575 cryptodecentralized/36581 cryptodecentralized/36587 cryptodecentralized/36593 cryptodecentralized/36597 cryptodecentralized/36599 cryptodecentralized/36605 cryptodecentralized/36607 cryptodecentralized/36610 cryptodecentralized/36614 cryptodecentralized/36616 cryptodecentralized/36619 cryptodecentralized/36623 cryptodecentralized/36625 cryptodecentralized/36630 cryptodecentralized/36632 cryptodecentralized/36635 cryptodecentralized/36640 cryptodecentralized/36642 cryptodecentralized/36645 cryptodecentralized/36653 cryptodecentralized/36655 cryptodecentralized/36657 cryptodecentralized/36669 cryptodecentralized/36672 cryptodecentralized/36674 cryptodecentralized/36683 cryptodecentralized/36688 cryptodecentralized/36690 cryptodecentralized/36693 cryptodecentralized/36698 cryptodecentralized/36706 cryptodecentralized/36708 cryptodecentralized/36711 cryptodecentralized/36715 cryptodecentralized/36719 cryptodecentralized/36723 cryptodecentralized/36726 cryptodecentralized/36730 cryptodecentralized/36734 cryptodecentralized/36736 cryptodecentralized/36739 cryptodecentralized/36745 cryptodecentralized/36747 cryptodecentralized/36753 cryptodecentralized/36755 cryptodecentralized/36758 cryptodecentralized/36767 cryptodecentralized/36771 cryptodecentralized/36781 cryptodecentralized/36784 cryptodecentralized/36788 cryptodecentralized/36793 cryptodecentralized/36799 cryptodecentralized/36807 cryptodecentralized/36808 cryptodecentralized/36809 cryptodecentralized/36815 cryptodecentralized/36817 cryptodecentralized/36819 cryptodecentralized/36826 cryptodecentralized/36828 cryptodecentralized/36833 cryptodecentralized/36839 cryptodecentralized/36842 cryptodecentralized/36843 cryptodecentralized/36844 cryptodecentralized/36851 cryptodecentralized/36859 cryptodecentralized/36862 cryptodecentralized/36864 cryptodecentralized/36871 cryptodecentralized/36873 cryptodecentralized/36877 cryptodecentralized/36878 cryptodecentralized/36881 cryptodecentralized/36884 cryptodecentralized/36888 cryptodecentralized/36890 cryptodecentralized/36892 cryptodecentralized/36894 cryptodecentralized/36897 cryptodecentralized/36900 cryptodecentralized/36904 cryptodecentralized/36911 cryptodecentralized/36913 cryptodecentralized/36915 cryptodecentralized/36919 cryptodecentralized/36924 cryptodecentralized/36933 cryptodecentralized/36935 cryptodecentralized/36945 cryptodecentralized/36957 cryptodecentralized/36958 cryptodecentralized/36969 cryptodecentralized/36974 cryptodecentralized/36982 cryptodecentralized/36985 cryptodecentralized/36992 cryptodecentralized/36997 cryptodecentralized/36999 cryptodecentralized/37002 cryptodecentralized/37006 cryptodecentralized/37008 cryptodecentralized/37012 cryptodecentralized/37016 cryptodecentralized/37018 cryptodecentralized/37019 cryptodecentralized/37023 cryptodecentralized/37025 cryptodecentralized/37030 cryptodecentralized/37032 cryptodecentralized/37033 cryptodecentralized/37036 cryptodecentralized/37040 cryptodecentralized/37043 cryptodecentralized/37044 cryptodecentralized/37048 cryptodecentralized/37052 cryptodecentralized/37054 cryptodecentralized/37065 cryptodecentralized/37068 cryptodecentralized/37071 cryptodecentralized/37073 cryptodecentralized/37083 cryptodecentralized/37095 cryptodecentralized/37102 cryptodecentralized/37104 cryptodecentralized/37114 cryptodecentralized/37118 cryptodecentralized/37128 cryptodecentralized/37133 cryptodecentralized/37136 cryptodecentralized/37141 cryptodecentralized/37143 cryptodecentralized/37146 cryptodecentralized/37153 cryptodecentralized/37162 cryptodecentralized/37169 cryptodecentralized/37175 cryptodecentralized/37176 cryptodecentralized/37183 cryptodecentralized/37186 cryptodecentralized/37188 cryptodecentralized/37192 cryptodecentralized/37193 cryptodecentralized/37197 cryptodecentralized/37199 cryptodecentralized/37202 cryptodecentralized/37216 cryptodecentralized/37220 cryptodecentralized/37222 cryptodecentralized/37227 cryptodecentralized/37233 cryptodecentralized/37235 cryptodecentralized/37237 cryptodecentralized/37239 cryptodecentralized/37241 cryptodecentralized/37249 cryptodecentralized/37255 cryptodecentralized/37259 cryptodecentralized/37262 cryptodecentralized/37266 cryptodecentralized/37268 cryptodecentralized/37280 cryptodecentralized/37283 cryptodecentralized/37285 cryptodecentralized/37289 cryptodecentralized/37291 cryptodecentralized/37293 cryptodecentralized/37295 cryptodecentralized/37300 cryptodecentralized/37303 cryptodecentralized/37305 cryptodecentralized/37308 cryptodecentralized/37311 cryptodecentralized/37316 cryptodecentralized/37318 cryptodecentralized/37329 cryptodecentralized/37349 cryptodecentralized/37354 cryptodecentralized/37360 cryptodecentralized/37365 cryptodecentralized/37367 cryptodecentralized/37369 cryptodecentralized/37373 cryptodecentralized/37375 cryptodecentralized/37379 cryptodecentralized/37385 cryptodecentralized/37392 cryptodecentralized/37395 cryptodecentralized/37399 cryptodecentralized/37405 cryptodecentralized/37409 cryptodecentralized/37412 cryptodecentralized/37417 cryptodecentralized/37419 cryptodecentralized/37421 cryptodecentralized/37424 cryptodecentralized/37428 cryptodecentralized/37431 cryptodecentralized/37434 cryptodecentralized/37437 cryptodecentralized/37438 cryptodecentralized/37441 cryptodecentralized/37443 cryptodecentralized/37446 cryptodecentralized/37455 cryptodecentralized/37458 cryptodecentralized/37462 cryptodecentralized/37465 cryptodecentralized/37469 cryptodecentralized/37472 cryptodecentralized/37474 cryptodecentralized/37477 cryptodecentralized/37485 cryptodecentralized/37492 cryptodecentralized/37504 cryptodecentralized/37511 cryptodecentralized/37516 cryptodecentralized/37524 cryptodecentralized/37530 cryptodecentralized/37538 cryptodecentralized/37546 cryptodecentralized/37548 cryptodecentralized/37551 cryptodecentralized/37553 cryptodecentralized/37555 cryptodecentralized/37560 cryptodecentralized/37562 cryptodecentralized/37572 cryptodecentralized/37578 cryptodecentralized/37580 cryptodecentralized/37584 cryptodecentralized/37587 cryptodecentralized/37592 cryptodecentralized/37604 cryptodecentralized/37606 cryptodecentralized/37613 cryptodecentralized/37620 cryptodecentralized/37622 cryptodecentralized/37627 cryptodecentralized/37635 cryptodecentralized/37637 cryptodecentralized/37644 cryptodecentralized/37648 cryptodecentralized/37650 cryptodecentralized/37652 cryptodecentralized/37655 cryptodecentralized/37662 cryptodecentralized/37665 cryptodecentralized/37671 cryptodecentralized/37674 cryptodecentralized/37678 cryptodecentralized/37680 cryptodecentralized/37682 cryptodecentralized/37688 cryptodecentralized/37695 cryptodecentralized/37699 cryptodecentralized/37701 cryptodecentralized/37710 cryptodecentralized/37714 cryptodecentralized/37716 cryptodecentralized/37722 cryptodecentralized/37725 cryptodecentralized/37727 cryptodecentralized/37729 cryptodecentralized/37731 cryptodecentralized/37738 cryptodecentralized/37740 cryptodecentralized/37743 cryptodecentralized/37746 cryptodecentralized/37749 cryptodecentralized/37756 cryptodecentralized/37764 cryptodecentralized/37773 cryptodecentralized/37776 cryptodecentralized/37781 cryptodecentralized/37790 cryptodecentralized/37793 cryptodecentralized/37795 cryptodecentralized/37798 cryptodecentralized/37806 cryptodecentralized/37808 cryptodecentralized/37811 cryptodecentralized/37818 cryptodecentralized/37820 cryptodecentralized/37821 cryptodecentralized/37829 cryptodecentralized/37831 cryptodecentralized/37835 cryptodecentralized/37838 cryptodecentralized/37844 cryptodecentralized/37847 cryptodecentralized/37850 cryptodecentralized/37853 cryptodecentralized/37855 cryptodecentralized/37859 cryptodecentralized/37861 cryptodecentralized/37863 cryptodecentralized/37867 cryptodecentralized/37870 cryptodecentralized/37878 cryptodecentralized/37885 cryptodecentralized/37887 cryptodecentralized/37889 cryptodecentralized/37893 cryptodecentralized/37896 cryptodecentralized/37899 cryptodecentralized/37913 cryptodecentralized/37926 cryptodecentralized/37933 cryptodecentralized/37937 cryptodecentralized/37942 cryptodecentralized/37944 cryptodecentralized/37948 cryptodecentralized/37951 cryptodecentralized/37954 cryptodecentralized/37959 cryptodecentralized/37977 cryptodecentralized/37980 cryptodecentralized/37986 cryptodecentralized/37988 cryptodecentralized/37994 cryptodecentralized/37999 cryptodecentralized/38001 cryptodecentralized/38003 cryptodecentralized/38015 cryptodecentralized/38017 cryptodecentralized/38019 cryptodecentralized/38021 cryptodecentralized/38026 cryptodecentralized/38030 cryptodecentralized/38034 cryptodecentralized/38036 cryptodecentralized/38039 cryptodecentralized/38043 cryptodecentralized/38051 cryptodecentralized/38053 cryptodecentralized/38063 cryptodecentralized/38070 cryptodecentralized/38072 cryptodecentralized/38080 cryptodecentralized/38086 cryptodecentralized/38091 cryptodecentralized/38101 cryptodecentralized/38103 cryptodecentralized/38108 cryptodecentralized/38110 cryptodecentralized/38112 cryptodecentralized/38115 cryptodecentralized/38118 cryptodecentralized/38121 cryptodecentralized/38123 cryptodecentralized/38125 cryptodecentralized/38129 cryptodecentralized/38132 cryptodecentralized/38134 cryptodecentralized/38138 cryptodecentralized/38142 cryptodecentralized/38145 cryptodecentralized/38154 cryptodecentralized/38161 cryptodecentralized/38165 cryptodecentralized/38169 cryptodecentralized/38196 cryptodecentralized/38202 cryptodecentralized/38205 cryptodecentralized/38212 cryptodecentralized/38214 cryptodecentralized/38217 cryptodecentralized/38219 cryptodecentralized/38227 cryptodecentralized/38233 cryptodecentralized/38236 cryptodecentralized/38241 cryptodecentralized/38245 cryptodecentralized/38249 cryptodecentralized/38253 cryptodecentralized/38257 cryptodecentralized/38260 cryptodecentralized/38263 cryptodecentralized/38266 cryptodecentralized/38268 cryptodecentralized/38269 cryptodecentralized/38270 cryptodecentralized/38276 cryptodecentralized/38280 cryptodecentralized/38283 cryptodecentralized/38285 cryptodecentralized/38289 cryptodecentralized/38292 cryptodecentralized/38294 cryptodecentralized/38296 cryptodecentralized/38302 cryptodecentralized/38305 cryptodecentralized/38308 cryptodecentralized/38310 cryptodecentralized/38319 cryptodecentralized/38321 cryptodecentralized/38325 cryptodecentralized/38331 cryptodecentralized/38334 cryptodecentralized/38336 cryptodecentralized/38339 cryptodecentralized/38343 cryptodecentralized/38355 cryptodecentralized/38361 cryptodecentralized/38363 cryptodecentralized/38367 cryptodecentralized/38374 cryptodecentralized/38376 cryptodecentralized/38381 cryptodecentralized/38383 cryptodecentralized/38388 cryptodecentralized/38391 cryptodecentralized/38397 cryptodecentralized/38403 cryptodecentralized/38408 cryptodecentralized/38409 cryptodecentralized/38413 cryptodecentralized/38417 cryptodecentralized/38419 cryptodecentralized/38424 cryptodecentralized/38426 cryptodecentralized/38430 cryptodecentralized/38435 cryptodecentralized/38437 cryptodecentralized/38440 cryptodecentralized/38442 cryptodecentralized/38444 cryptodecentralized/38453 cryptodecentralized/38456 cryptodecentralized/38468 cryptodecentralized/38470 cryptodecentralized/38473 cryptodecentralized/38477 cryptodecentralized/38484 cryptodecentralized/38490 cryptodecentralized/38494 cryptodecentralized/38498 cryptodecentralized/38501 cryptodecentralized/38502 cryptodecentralized/38506 cryptodecentralized/38510 cryptodecentralized/38515 cryptodecentralized/38520 cryptodecentralized/38526 cryptodecentralized/38529 cryptodecentralized/38531 cryptodecentralized/38543 cryptodecentralized/38552 cryptodecentralized/38561 cryptodecentralized/38566 cryptodecentralized/38568 cryptodecentralized/38571 cryptodecentralized/38574 cryptodecentralized/38576 cryptodecentralized/38581 cryptodecentralized/38583 cryptodecentralized/38585 cryptodecentralized/38592 cryptodecentralized/38594 cryptodecentralized/38596 cryptodecentralized/38600 cryptodecentralized/38603 cryptodecentralized/38605 cryptodecentralized/38616 cryptodecentralized/38623 cryptodecentralized/38626 cryptodecentralized/38630 cryptodecentralized/38637 cryptodecentralized/38650 cryptodecentralized/38659 cryptodecentralized/38661 cryptodecentralized/38671 cryptodecentralized/38675 cryptodecentralized/38679 cryptodecentralized/38687 cryptodecentralized/38690 cryptodecentralized/38699 cryptodecentralized/38704 cryptodecentralized/38707 cryptodecentralized/38712 cryptodecentralized/38714 cryptodecentralized/38718 cryptodecentralized/38720 cryptodecentralized/38722 cryptodecentralized/38724 cryptodecentralized/38727 cryptodecentralized/38730 cryptodecentralized/38732 cryptodecentralized/38734 cryptodecentralized/38739 cryptodecentralized/38741 cryptodecentralized/38745 cryptodecentralized/38750 cryptodecentralized/38752 cryptodecentralized/38761 cryptodecentralized/38768 cryptodecentralized/38777 cryptodecentralized/38779 cryptodecentralized/38789 cryptodecentralized/38793 cryptodecentralized/38798 cryptodecentralized/38801 cryptodecentralized/38805 cryptodecentralized/38816 cryptodecentralized/38821 cryptodecentralized/38829 cryptodecentralized/38830 cryptodecentralized/38831 cryptodecentralized/38840 cryptodecentralized/38843 cryptodecentralized/38847 cryptodecentralized/38850 cryptodecentralized/38853 cryptodecentralized/38857 cryptodecentralized/38859 cryptodecentralized/38861 cryptodecentralized/38863 cryptodecentralized/38869 cryptodecentralized/38871 cryptodecentralized/38874 cryptodecentralized/38883 cryptodecentralized/38893 cryptodecentralized/38900 cryptodecentralized/38904 cryptodecentralized/38908 cryptodecentralized/38911 cryptodecentralized/38913 cryptodecentralized/38922 cryptodecentralized/38925 cryptodecentralized/38931 cryptodecentralized/38933 cryptodecentralized/38939 cryptodecentralized/38945 cryptodecentralized/38955 cryptodecentralized/38960 cryptodecentralized/38962 cryptodecentralized/38966 cryptodecentralized/38969 cryptodecentralized/38971 cryptodecentralized/38973 cryptodecentralized/38977 cryptodecentralized/38986 cryptodecentralized/38989 cryptodecentralized/38993 cryptodecentralized/38997 cryptodecentralized/39006 cryptodecentralized/39009 cryptodecentralized/39017 cryptodecentralized/39030 cryptodecentralized/39035 cryptodecentralized/39049 cryptodecentralized/39050 cryptodecentralized/39068 cryptodecentralized/39070 cryptodecentralized/39075 cryptodecentralized/39077 cryptodecentralized/39079 cryptodecentralized/39081 cryptodecentralized/39084 cryptodecentralized/39086 cryptodecentralized/39088 cryptodecentralized/39090 cryptodecentralized/39093 cryptodecentralized/39097 cryptodecentralized/39099 cryptodecentralized/39108 cryptodecentralized/39110 cryptodecentralized/39112 cryptodecentralized/39122 cryptodecentralized/39126 cryptodecentralized/39128 cryptodecentralized/39132 cryptodecentralized/39138 cryptodecentralized/39144 cryptodecentralized/39152 cryptodecentralized/39157 cryptodecentralized/39160 cryptodecentralized/39162 cryptodecentralized/39183 cryptodecentralized/39189 cryptodecentralized/39190 cryptodecentralized/39200 cryptodecentralized/39202 cryptodecentralized/39204 cryptodecentralized/39210 cryptodecentralized/39212 cryptodecentralized/39217 cryptodecentralized/39223 cryptodecentralized/39229 cryptodecentralized/39231 cryptodecentralized/39237 cryptodecentralized/39239 cryptodecentralized/39243 cryptodecentralized/39247 cryptodecentralized/39250 cryptodecentralized/39252 cryptodecentralized/39255 cryptodecentralized/39258 cryptodecentralized/39260 cryptodecentralized/39267 cryptodecentralized/39277 cryptodecentralized/39286 cryptodecentralized/39292 cryptodecentralized/39302 cryptodecentralized/39305 cryptodecentralized/39310 cryptodecentralized/39311 cryptodecentralized/39318 cryptodecentralized/39325 cryptodecentralized/39332 cryptodecentralized/39334 cryptodecentralized/39340 cryptodecentralized/39345 cryptodecentralized/39349 cryptodecentralized/39353 cryptodecentralized/39356 cryptodecentralized/39358 cryptodecentralized/39372 cryptodecentralized/39377 cryptodecentralized/39381 cryptodecentralized/39384 cryptodecentralized/39388 cryptodecentralized/39391 cryptodecentralized/39394 cryptodecentralized/39398 cryptodecentralized/39400 cryptodecentralized/39408 cryptodecentralized/39412 cryptodecentralized/39419 cryptodecentralized/39421 cryptodecentralized/39424 cryptodecentralized/39429 cryptodecentralized/39441 cryptodecentralized/39444 cryptodecentralized/39451 cryptodecentralized/39453 cryptodecentralized/39456 cryptodecentralized/39460 cryptodecentralized/39471 cryptodecentralized/39474 cryptodecentralized/39477 cryptodecentralized/39479 cryptodecentralized/39483 cryptodecentralized/39490 cryptodecentralized/39521 cryptodecentralized/39523 cryptodecentralized/39530 cryptodecentralized/39536 cryptodecentralized/39538 cryptodecentralized/39540 cryptodecentralized/39544 cryptodecentralized/39547 cryptodecentralized/39549 cryptodecentralized/39551 cryptodecentralized/39555 cryptodecentralized/39560 cryptodecentralized/39562 cryptodecentralized/39566 cryptodecentralized/39570 cryptodecentralized/39572 cryptodecentralized/39574 cryptodecentralized/39577 cryptodecentralized/39579 cryptodecentralized/39583 cryptodecentralized/39591 cryptodecentralized/39599 cryptodecentralized/39601 cryptodecentralized/39613 cryptodecentralized/39616 cryptodecentralized/39620 cryptodecentralized/39625 cryptodecentralized/39631 cryptodecentralized/39636 cryptodecentralized/39643 cryptodecentralized/39654 cryptodecentralized/39658 cryptodecentralized/39660 cryptodecentralized/39665 cryptodecentralized/39667 cryptodecentralized/39669 cryptodecentralized/39672 cryptodecentralized/39674 cryptodecentralized/39677 cryptodecentralized/39679 cryptodecentralized/39684 cryptodecentralized/39687 cryptodecentralized/39689 cryptodecentralized/39691 cryptodecentralized/39693 cryptodecentralized/39698 cryptodecentralized/39707 cryptodecentralized/39717 cryptodecentralized/39720 cryptodecentralized/39724 cryptodecentralized/39731 cryptodecentralized/39734 cryptodecentralized/39736 cryptodecentralized/39741 cryptodecentralized/39747 cryptodecentralized/39751 cryptodecentralized/39760 cryptodecentralized/39762 cryptodecentralized/39768 cryptodecentralized/39770 cryptodecentralized/39773 cryptodecentralized/39775 cryptodecentralized/39778 cryptodecentralized/39784 cryptodecentralized/39786 cryptodecentralized/39789 cryptodecentralized/39791 cryptodecentralized/39793 cryptodecentralized/39795 cryptodecentralized/39798 cryptodecentralized/39801 cryptodecentralized/39803 cryptodecentralized/39812 cryptodecentralized/39816 cryptodecentralized/39817 cryptodecentralized/39820 cryptodecentralized/39824 cryptodecentralized/39828 cryptodecentralized/39835 cryptodecentralized/39839 cryptodecentralized/39848 cryptodecentralized/39869 cryptodecentralized/39876 cryptodecentralized/39879 cryptodecentralized/39883 cryptodecentralized/39885 cryptodecentralized/39891 cryptodecentralized/39896 cryptodecentralized/39908 cryptodecentralized/39914 cryptodecentralized/39916 cryptodecentralized/39920 cryptodecentralized/39924 cryptodecentralized/39925 cryptodecentralized/39930 cryptodecentralized/39932 cryptodecentralized/39935 cryptodecentralized/39937 cryptodecentralized/39940 cryptodecentralized/39942 cryptodecentralized/39945 cryptodecentralized/39947 cryptodecentralized/39957 cryptodecentralized/39965 cryptodecentralized/39968 cryptodecentralized/39970 cryptodecentralized/39979 cryptodecentralized/39985 cryptodecentralized/39989 cryptodecentralized/40009 cryptodecentralized/40011 cryptodecentralized/40013 cryptodecentralized/40019 cryptodecentralized/40021 cryptodecentralized/40029 cryptodecentralized/40032 cryptodecentralized/40036 cryptodecentralized/40041 cryptodecentralized/40048 cryptodecentralized/40052 cryptodecentralized/40053 cryptodecentralized/40062 cryptodecentralized/40064 cryptodecentralized/40065 cryptodecentralized/40069 cryptodecentralized/40075 cryptodecentralized/40077 cryptodecentralized/40080 cryptodecentralized/40085 cryptodecentralized/40087 cryptodecentralized/40090 cryptodecentralized/40092 cryptodecentralized/40095 cryptodecentralized/40099 cryptodecentralized/40104 cryptodecentralized/40114 cryptodecentralized/40116 cryptodecentralized/40118 cryptodecentralized/40126 cryptodecentralized/40129 cryptodecentralized/40136 cryptodecentralized/40138 cryptodecentralized/40146 cryptodecentralized/40151 cryptodecentralized/40154 cryptodecentralized/40158 cryptodecentralized/40163 cryptodecentralized/40172 cryptodecentralized/40178 cryptodecentralized/40186 cryptodecentralized/40192 cryptodecentralized/40194 cryptodecentralized/40199 cryptodecentralized/40205 cryptodecentralized/40208 cryptodecentralized/40210 cryptodecentralized/40213 cryptodecentralized/40215 cryptodecentralized/40217 cryptodecentralized/40223 cryptodecentralized/40226 cryptodecentralized/40239 cryptodecentralized/40242 cryptodecentralized/40245 cryptodecentralized/40249 cryptodecentralized/40268 cryptodecentralized/40270 cryptodecentralized/40272 cryptodecentralized/40276 cryptodecentralized/40281 cryptodecentralized/40284 cryptodecentralized/40291 cryptodecentralized/40297 cryptodecentralized/40299 cryptodecentralized/40306 cryptodecentralized/40310 cryptodecentralized/40312 cryptodecentralized/40321 cryptodecentralized/40323 cryptodecentralized/40326 cryptodecentralized/40328 cryptodecentralized/40334 cryptodecentralized/40337 cryptodecentralized/40339 cryptodecentralized/40350 cryptodecentralized/40352 cryptodecentralized/40358 cryptodecentralized/40361 cryptodecentralized/40364 cryptodecentralized/40378 cryptodecentralized/40384 cryptodecentralized/40387 cryptodecentralized/40392 cryptodecentralized/40397 cryptodecentralized/40399 cryptodecentralized/40403 cryptodecentralized/40404 cryptodecentralized/40415 cryptodecentralized/40418 cryptodecentralized/40420 cryptodecentralized/40425 cryptodecentralized/40429 cryptodecentralized/40431 cryptodecentralized/40435 cryptodecentralized/40438 cryptodecentralized/40445 cryptodecentralized/40452 cryptodecentralized/40454 cryptodecentralized/40458 cryptodecentralized/40463 cryptodecentralized/40467 cryptodecentralized/40477 cryptodecentralized/40488 cryptodecentralized/40490 cryptodecentralized/40492 cryptodecentralized/40494 cryptodecentralized/40515 cryptodecentralized/40517 cryptodecentralized/40519 cryptodecentralized/40521 cryptodecentralized/40524 cryptodecentralized/40527 cryptodecentralized/40528 cryptodecentralized/40542 cryptodecentralized/40555 cryptodecentralized/40572 cryptodecentralized/40579 cryptodecentralized/40582 cryptodecentralized/40586 cryptodecentralized/40588 cryptodecentralized/40591 cryptodecentralized/40600 cryptodecentralized/40602 cryptodecentralized/40606 cryptodecentralized/40609 cryptodecentralized/40615 cryptodecentralized/40617 cryptodecentralized/40619 cryptodecentralized/40621 cryptodecentralized/40627 cryptodecentralized/40633 cryptodecentralized/40636 cryptodecentralized/40639 cryptodecentralized/40641 cryptodecentralized/40643 cryptodecentralized/40645 cryptodecentralized/40649 cryptodecentralized/40651 cryptodecentralized/40656 cryptodecentralized/40661 cryptodecentralized/40663 cryptodecentralized/40666 cryptodecentralized/40675 cryptodecentralized/40678 cryptodecentralized/40683 cryptodecentralized/40702 cryptodecentralized/40709 cryptodecentralized/40716 cryptodecentralized/40722 cryptodecentralized/40726 cryptodecentralized/40728 cryptodecentralized/40731 cryptodecentralized/40733 cryptodecentralized/40752 cryptodecentralized/40754 cryptodecentralized/40758 cryptodecentralized/40762 cryptodecentralized/40766 cryptodecentralized/40769 cryptodecentralized/40771 cryptodecentralized/40775 cryptodecentralized/40781 cryptodecentralized/40786 cryptodecentralized/40788 cryptodecentralized/40790 cryptodecentralized/40793 cryptodecentralized/40795 cryptodecentralized/40801 cryptodecentralized/40802 cryptodecentralized/40816 cryptodecentralized/40827 cryptodecentralized/40831 cryptodecentralized/40835 cryptodecentralized/40840 cryptodecentralized/40841 cryptodecentralized/40847 cryptodecentralized/40852 cryptodecentralized/40853 cryptodecentralized/40857 cryptodecentralized/40861 cryptodecentralized/40864 cryptodecentralized/40870 cryptodecentralized/40872 cryptodecentralized/40877 cryptodecentralized/40882 cryptodecentralized/40897 cryptodecentralized/40903 cryptodecentralized/40906 cryptodecentralized/40912 cryptodecentralized/40914 cryptodecentralized/40917 cryptodecentralized/40919 cryptodecentralized/40924 cryptodecentralized/40928 cryptodecentralized/40933 cryptodecentralized/40934 cryptodecentralized/40938 cryptodecentralized/40942 cryptodecentralized/40944 cryptodecentralized/40946 cryptodecentralized/40950 cryptodecentralized/40953 cryptodecentralized/40959 cryptodecentralized/40964 cryptodecentralized/40967 cryptodecentralized/40969 cryptodecentralized/40977 cryptodecentralized/40979 cryptodecentralized/40981 cryptodecentralized/40992 cryptodecentralized/41001 cryptodecentralized/41009 cryptodecentralized/41011 cryptodecentralized/41018 cryptodecentralized/41020 cryptodecentralized/41024 cryptodecentralized/41035 cryptodecentralized/41040 cryptodecentralized/41043 cryptodecentralized/41050 cryptodecentralized/41054 cryptodecentralized/41056 cryptodecentralized/41059 cryptodecentralized/41062 cryptodecentralized/41064 cryptodecentralized/41071 cryptodecentralized/41073 cryptodecentralized/41075 cryptodecentralized/41078 cryptodecentralized/41080 cryptodecentralized/41084 cryptodecentralized/41088 cryptodecentralized/41097 cryptodecentralized/41099 cryptodecentralized/41102 cryptodecentralized/41105 cryptodecentralized/41107 cryptodecentralized/41109 cryptodecentralized/41111 cryptodecentralized/41121 cryptodecentralized/41124 cryptodecentralized/41129 cryptodecentralized/41145 cryptodecentralized/41155 cryptodecentralized/41164 cryptodecentralized/41172 cryptodecentralized/41178 cryptodecentralized/41182 cryptodecentralized/41187 cryptodecentralized/41190 cryptodecentralized/41191 cryptodecentralized/41195 cryptodecentralized/41198 cryptodecentralized/41201 cryptodecentralized/41204 cryptodecentralized/41211 cryptodecentralized/41215 cryptodecentralized/41218 cryptodecentralized/41220 cryptodecentralized/41226 cryptodecentralized/41233 cryptodecentralized/41239 cryptodecentralized/41242 cryptodecentralized/41246 cryptodecentralized/41252 cryptodecentralized/41255 cryptodecentralized/41261 cryptodecentralized/41265 cryptodecentralized/41277 cryptodecentralized/41281 cryptodecentralized/41283 cryptodecentralized/41287 cryptodecentralized/41289 cryptodecentralized/41297 cryptodecentralized/41301 cryptodecentralized/41303 cryptodecentralized/41305 cryptodecentralized/41312 cryptodecentralized/41314 cryptodecentralized/41316 cryptodecentralized/41322 cryptodecentralized/41326 cryptodecentralized/41329 cryptodecentralized/41333 cryptodecentralized/41356 cryptodecentralized/41370 cryptodecentralized/41373 cryptodecentralized/41379 cryptodecentralized/41384 cryptodecentralized/41392 cryptodecentralized/41395 cryptodecentralized/41399 cryptodecentralized/41403 cryptodecentralized/41404 cryptodecentralized/41407 cryptodecentralized/41410 cryptodecentralized/41412 cryptodecentralized/41420 cryptodecentralized/41422 cryptodecentralized/41424 cryptodecentralized/41426 cryptodecentralized/41433 cryptodecentralized/41436 cryptodecentralized/41439 cryptodecentralized/41444 cryptodecentralized/41446 cryptodecentralized/41454 cryptodecentralized/41456 cryptodecentralized/41458 cryptodecentralized/41464 cryptodecentralized/41471 cryptodecentralized/41473 cryptodecentralized/41482 cryptodecentralized/41489 cryptodecentralized/41491 cryptodecentralized/41493 cryptodecentralized/41495 cryptodecentralized/41498 cryptodecentralized/41500 cryptodecentralized/41504 cryptodecentralized/41508 cryptodecentralized/41509 cryptodecentralized/41514 cryptodecentralized/41518 cryptodecentralized/41532 cryptodecentralized/41535 cryptodecentralized/41539 cryptodecentralized/41541 cryptodecentralized/41544 cryptodecentralized/41546 cryptodecentralized/41549 cryptodecentralized/41556 cryptodecentralized/41562 cryptodecentralized/41564 cryptodecentralized/41567 cryptodecentralized/41569 cryptodecentralized/41571 cryptodecentralized/41576 cryptodecentralized/41594 cryptodecentralized/41598 cryptodecentralized/41600 cryptodecentralized/41603 cryptodecentralized/41606 cryptodecentralized/41611 cryptodecentralized/41617 cryptodecentralized/41620 cryptodecentralized/41632 cryptodecentralized/41641 cryptodecentralized/41646 cryptodecentralized/41652 cryptodecentralized/41664 cryptodecentralized/41666 cryptodecentralized/41670 cryptodecentralized/41672 cryptodecentralized/41679 cryptodecentralized/41682 cryptodecentralized/41684 cryptodecentralized/41687 cryptodecentralized/41692 cryptodecentralized/41695 cryptodecentralized/41697 cryptodecentralized/41704 cryptodecentralized/41707 cryptodecentralized/41709 cryptodecentralized/41711 cryptodecentralized/41715 cryptodecentralized/41717 cryptodecentralized/41721 cryptodecentralized/41723 cryptodecentralized/41729 cryptodecentralized/41731 cryptodecentralized/41732 cryptodecentralized/41738 cryptodecentralized/41742 cryptodecentralized/41750 cryptodecentralized/41753 cryptodecentralized/41757 cryptodecentralized/41765 cryptodecentralized/41773 cryptodecentralized/41774 cryptodecentralized/41779 cryptodecentralized/41788 cryptodecentralized/41793 cryptodecentralized/41797 cryptodecentralized/41808 cryptodecentralized/41809 cryptodecentralized/41816 cryptodecentralized/41818 cryptodecentralized/41820 cryptodecentralized/41821 cryptodecentralized/41822 cryptodecentralized/41828 cryptodecentralized/41840 cryptodecentralized/41845 cryptodecentralized/41847 cryptodecentralized/41850 cryptodecentralized/41853 cryptodecentralized/41856 cryptodecentralized/41881 cryptodecentralized/41887 cryptodecentralized/41893 cryptodecentralized/41896 cryptodecentralized/41898 cryptodecentralized/41902 cryptodecentralized/41908 cryptodecentralized/41921 cryptodecentralized/41923 cryptodecentralized/41925 cryptodecentralized/41930 cryptodecentralized/41933 cryptodecentralized/41938 cryptodecentralized/41941 cryptodecentralized/41944 cryptodecentralized/41945 cryptodecentralized/41952 cryptodecentralized/41956 cryptodecentralized/41960 cryptodecentralized/41968 cryptodecentralized/41970 cryptodecentralized/41972 cryptodecentralized/41977 cryptodecentralized/41980 cryptodecentralized/41982 cryptodecentralized/41984 cryptodecentralized/41990 cryptodecentralized/41993 cryptodecentralized/41995 cryptodecentralized/42002 cryptodecentralized/42015 cryptodecentralized/42017 cryptodecentralized/42026 cryptodecentralized/42031 cryptodecentralized/42036 cryptodecentralized/42038 cryptodecentralized/42041 cryptodecentralized/42047 cryptodecentralized/42049 cryptodecentralized/42051 cryptodecentralized/42063 cryptodecentralized/42067 cryptodecentralized/42069 cryptodecentralized/42074 cryptodecentralized/42076 cryptodecentralized/42079 cryptodecentralized/42084 cryptodecentralized/42086 cryptodecentralized/42088 cryptodecentralized/42099 cryptodecentralized/42103 cryptodecentralized/42108 cryptodecentralized/42116 cryptodecentralized/42134 cryptodecentralized/42138 cryptodecentralized/42141 cryptodecentralized/42150 cryptodecentralized/42155 cryptodecentralized/42157 cryptodecentralized/42178 cryptodecentralized/42181 cryptodecentralized/42183 cryptodecentralized/42191 cryptodecentralized/42207 cryptodecentralized/42209 cryptodecentralized/42212 cryptodecentralized/42219 cryptodecentralized/42228 cryptodecentralized/42232 cryptodecentralized/42236 cryptodecentralized/42238 cryptodecentralized/42239 cryptodecentralized/42243 cryptodecentralized/42248 cryptodecentralized/42252 cryptodecentralized/42258 cryptodecentralized/42265 cryptodecentralized/42271 cryptodecentralized/42278 cryptodecentralized/42279 cryptodecentralized/42284 cryptodecentralized/42291 cryptodecentralized/42294 cryptodecentralized/42302 cryptodecentralized/42305 cryptodecentralized/42311 cryptodecentralized/42313 cryptodecentralized/42323 cryptodecentralized/42333 cryptodecentralized/42337 cryptodecentralized/42344 cryptodecentralized/42347 cryptodecentralized/42351 cryptodecentralized/42354 cryptodecentralized/42358 cryptodecentralized/42362 cryptodecentralized/42372 cryptodecentralized/42375 cryptodecentralized/42378 cryptodecentralized/42386 cryptodecentralized/42399 cryptodecentralized/42404 cryptodecentralized/42408 cryptodecentralized/42410 cryptodecentralized/42413 cryptodecentralized/42428 cryptodecentralized/42432 cryptodecentralized/42435 cryptodecentralized/42437 cryptodecentralized/42439 cryptodecentralized/42442 cryptodecentralized/42444 cryptodecentralized/42447 cryptodecentralized/42449 cryptodecentralized/42451 cryptodecentralized/42454 cryptodecentralized/42475 cryptodecentralized/42479 cryptodecentralized/42482 cryptodecentralized/42484 cryptodecentralized/42491 cryptodecentralized/42506 cryptodecentralized/42511 cryptodecentralized/42518 cryptodecentralized/42523 cryptodecentralized/42529 cryptodecentralized/42533 cryptodecentralized/42535 cryptodecentralized/42539 cryptodecentralized/42543 cryptodecentralized/42547 cryptodecentralized/42554 cryptodecentralized/42556 cryptodecentralized/42566 cryptodecentralized/42575 cryptodecentralized/42577 cryptodecentralized/42583 cryptodecentralized/42591 cryptodecentralized/42594 cryptodecentralized/42609 cryptodecentralized/42614 cryptodecentralized/42620 cryptodecentralized/42626 cryptodecentralized/42632 cryptodecentralized/42634 cryptodecentralized/42636 cryptodecentralized/42638 cryptodecentralized/42641 cryptodecentralized/42652 cryptodecentralized/42654 cryptodecentralized/42659 cryptodecentralized/42662 cryptodecentralized/42664 cryptodecentralized/42673 cryptodecentralized/42681 cryptodecentralized/42687 cryptodecentralized/42691 cryptodecentralized/42695 cryptodecentralized/42696 cryptodecentralized/42701 cryptodecentralized/42703 cryptodecentralized/42709 cryptodecentralized/42711 cryptodecentralized/42716 cryptodecentralized/42718 cryptodecentralized/42740 cryptodecentralized/42745 cryptodecentralized/42748 cryptodecentralized/42750 cryptodecentralized/42756 cryptodecentralized/42760 cryptodecentralized/42763 cryptodecentralized/42771 cryptodecentralized/42774 cryptodecentralized/42778 cryptodecentralized/42780 cryptodecentralized/42783 cryptodecentralized/42785 cryptodecentralized/42790 cryptodecentralized/42792 cryptodecentralized/42795 cryptodecentralized/42802 cryptodecentralized/42805 cryptodecentralized/42809 cryptodecentralized/42811 cryptodecentralized/42817 cryptodecentralized/42821 cryptodecentralized/42825 cryptodecentralized/42826 cryptodecentralized/42831 cryptodecentralized/42851 cryptodecentralized/42865 cryptodecentralized/42866 cryptodecentralized/42869 cryptodecentralized/42885 cryptodecentralized/42890 cryptodecentralized/42901 cryptodecentralized/42905 cryptodecentralized/42908 cryptodecentralized/42910 cryptodecentralized/42914 cryptodecentralized/42917 cryptodecentralized/42919 cryptodecentralized/42926 cryptodecentralized/42932 cryptodecentralized/42933 cryptodecentralized/42939 cryptodecentralized/42948 cryptodecentralized/42953 cryptodecentralized/42960 cryptodecentralized/42963 cryptodecentralized/43250 cryptodecentralized/43253 cryptodecentralized/43258 cryptodecentralized/43262 cryptodecentralized/43287 cryptodecentralized/43289 cryptodecentralized/43291 cryptodecentralized/43295 cryptodecentralized/43299 cryptodecentralized/43303 cryptodecentralized/43306 cryptodecentralized/43309 cryptodecentralized/43312 cryptodecentralized/43315 cryptodecentralized/43317 cryptodecentralized/43320 cryptodecentralized/43322 cryptodecentralized/43325 cryptodecentralized/43327 cryptodecentralized/43329 cryptodecentralized/43332 cryptodecentralized/43339 cryptodecentralized/43354 cryptodecentralized/43356 cryptodecentralized/43358 cryptodecentralized/43361 cryptodecentralized/43366 cryptodecentralized/43380 cryptodecentralized/43385 cryptodecentralized/43387 cryptodecentralized/43389 cryptodecentralized/43394 cryptodecentralized/43396 cryptodecentralized/43405 cryptodecentralized/43407 cryptodecentralized/43411 cryptodecentralized/43413 cryptodecentralized/43416 cryptodecentralized/43418 cryptodecentralized/43423 cryptodecentralized/43425 cryptodecentralized/43431 cryptodecentralized/43439 cryptodecentralized/43441 cryptodecentralized/43445 cryptodecentralized/43447 cryptodecentralized/43449 cryptodecentralized/43455 cryptodecentralized/43470 cryptodecentralized/43472 cryptodecentralized/43475 cryptodecentralized/43488 cryptodecentralized/43491 cryptodecentralized/43494 cryptodecentralized/43499 cryptodecentralized/43507 cryptodecentralized/43512 cryptodecentralized/43520 cryptodecentralized/43521 cryptodecentralized/43528 cryptodecentralized/43531 cryptodecentralized/43534 cryptodecentralized/43536 cryptodecentralized/43559 cryptodecentralized/43562 cryptodecentralized/43579 cryptodecentralized/43583 cryptodecentralized/43589 cryptodecentralized/43593 cryptodecentralized/43595 cryptodecentralized/43597 cryptodecentralized/43603 cryptodecentralized/43613 cryptodecentralized/43615 cryptodecentralized/43624 cryptodecentralized/43635 cryptodecentralized/43638 cryptodecentralized/43643 cryptodecentralized/43647 cryptodecentralized/43653 cryptodecentralized/43655 cryptodecentralized/43662 cryptodecentralized/43665 cryptodecentralized/43669 cryptodecentralized/43673 cryptodecentralized/43677 cryptodecentralized/43682 cryptodecentralized/43684 cryptodecentralized/43686 cryptodecentralized/43690 cryptodecentralized/43694 cryptodecentralized/43697 cryptodecentralized/43701 cryptodecentralized/43704 cryptodecentralized/43708 cryptodecentralized/43710 cryptodecentralized/43716 cryptodecentralized/43718 cryptodecentralized/43727 cryptodecentralized/43730 cryptodecentralized/43735 cryptodecentralized/43738 cryptodecentralized/43744 cryptodecentralized/43748 cryptodecentralized/43753 cryptodecentralized/43757 cryptodecentralized/43762 cryptodecentralized/43777 cryptodecentralized/43779 cryptodecentralized/43781 cryptodecentralized/43783 cryptodecentralized/43785 cryptodecentralized/43788 cryptodecentralized/43790 cryptodecentralized/43799 cryptodecentralized/43805 cryptodecentralized/43810 cryptodecentralized/43813 cryptodecentralized/43816 cryptodecentralized/43825 cryptodecentralized/43832 cryptodecentralized/43834 cryptodecentralized/43838 cryptodecentralized/43845 cryptodecentralized/43849 cryptodecentralized/43851 cryptodecentralized/43855 cryptodecentralized/43863 cryptodecentralized/43867 cryptodecentralized/43871 cryptodecentralized/43874 cryptodecentralized/43876 cryptodecentralized/43881 cryptodecentralized/43883 cryptodecentralized/43887 cryptodecentralized/43889 cryptodecentralized/43894 cryptodecentralized/43899 cryptodecentralized/43901 cryptodecentralized/43903 cryptodecentralized/43907 cryptodecentralized/43912 cryptodecentralized/43914 cryptodecentralized/43925 cryptodecentralized/43931 cryptodecentralized/43934 cryptodecentralized/43937 cryptodecentralized/43940 cryptodecentralized/43941 cryptodecentralized/43946 cryptodecentralized/43951 cryptodecentralized/43954 cryptodecentralized/43956 cryptodecentralized/43959 cryptodecentralized/43962 cryptodecentralized/43965 cryptodecentralized/43972 cryptodecentralized/43974 cryptodecentralized/43976 cryptodecentralized/43979 cryptodecentralized/43981 cryptodecentralized/43996 cryptodecentralized/43997 cryptodecentralized/44002 cryptodecentralized/44007 cryptodecentralized/44009 cryptodecentralized/44011 cryptodecentralized/44015 cryptodecentralized/44019 cryptodecentralized/44023 cryptodecentralized/44036 cryptodecentralized/44040 cryptodecentralized/44042 cryptodecentralized/44047 cryptodecentralized/44049 cryptodecentralized/44053 cryptodecentralized/44059 cryptodecentralized/44065 cryptodecentralized/44068 cryptodecentralized/44076 cryptodecentralized/44080 cryptodecentralized/44085 cryptodecentralized/44103 cryptodecentralized/44107 cryptodecentralized/44119 cryptodecentralized/44128 cryptodecentralized/44131 cryptodecentralized/44138 cryptodecentralized/44144 cryptodecentralized/44149 cryptodecentralized/44151 cryptodecentralized/44153 cryptodecentralized/44156 cryptodecentralized/44158 cryptodecentralized/44160 cryptodecentralized/44163 cryptodecentralized/44173 cryptodecentralized/44175 cryptodecentralized/44178 cryptodecentralized/44194 cryptodecentralized/44199 cryptodecentralized/44208 cryptodecentralized/44210 cryptodecentralized/44214 cryptodecentralized/44224 cryptodecentralized/44228 cryptodecentralized/44232 cryptodecentralized/44239 cryptodecentralized/44241 cryptodecentralized/44247 cryptodecentralized/44251 cryptodecentralized/44255 cryptodecentralized/44273 cryptodecentralized/44277 cryptodecentralized/44279 cryptodecentralized/44282 cryptodecentralized/44284 cryptodecentralized/44285 cryptodecentralized/44289 cryptodecentralized/44292 cryptodecentralized/44294 cryptodecentralized/44296 cryptodecentralized/44299 cryptodecentralized/44304 cryptodecentralized/44306 cryptodecentralized/44321 cryptodecentralized/44325 cryptodecentralized/44327 cryptodecentralized/44333 cryptodecentralized/44336 cryptodecentralized/44338 cryptodecentralized/44340 cryptodecentralized/44346 cryptodecentralized/44351 cryptodecentralized/44356 cryptodecentralized/44358 cryptodecentralized/44361 cryptodecentralized/44365 cryptodecentralized/44368 cryptodecentralized/44375 cryptodecentralized/44378 cryptodecentralized/44384 cryptodecentralized/44396 cryptodecentralized/44405 cryptodecentralized/44407 cryptodecentralized/44408 cryptodecentralized/44411 cryptodecentralized/44415 cryptodecentralized/44419 cryptodecentralized/44421 cryptodecentralized/44426 cryptodecentralized/44429 cryptodecentralized/44431 cryptodecentralized/44433 cryptodecentralized/44437 cryptodecentralized/44440 cryptodecentralized/44444 cryptodecentralized/44460 cryptodecentralized/44466 cryptodecentralized/44471 cryptodecentralized/44475 cryptodecentralized/44477 cryptodecentralized/44480 cryptodecentralized/44483 cryptodecentralized/44487 cryptodecentralized/44492 cryptodecentralized/44497 cryptodecentralized/44503 cryptodecentralized/44505 cryptodecentralized/44508 cryptodecentralized/44514 cryptodecentralized/44516 cryptodecentralized/44520 cryptodecentralized/44522 cryptodecentralized/44524 cryptodecentralized/44530 cryptodecentralized/44535 cryptodecentralized/44542 cryptodecentralized/44550 cryptodecentralized/44554 cryptodecentralized/44556 cryptodecentralized/44559 cryptodecentralized/44562 cryptodecentralized/44565 cryptodecentralized/44568 cryptodecentralized/44571 cryptodecentralized/44574 cryptodecentralized/44578 cryptodecentralized/44583 cryptodecentralized/44586 cryptodecentralized/44596 cryptodecentralized/44600 cryptodecentralized/44609 cryptodecentralized/44611 cryptodecentralized/44616 cryptodecentralized/44624 cryptodecentralized/44636 cryptodecentralized/44638 cryptodecentralized/44642 cryptodecentralized/44646 cryptodecentralized/44653 cryptodecentralized/44658 cryptodecentralized/44664 cryptodecentralized/44666 cryptodecentralized/44670 cryptodecentralized/44674 cryptodecentralized/44677 cryptodecentralized/44679 cryptodecentralized/44683 cryptodecentralized/44685 cryptodecentralized/44690 cryptodecentralized/44692 cryptodecentralized/44696 cryptodecentralized/44698 cryptodecentralized/44700 cryptodecentralized/44702 cryptodecentralized/44710 cryptodecentralized/44725 cryptodecentralized/44731 cryptodecentralized/44743 cryptodecentralized/44749 cryptodecentralized/44752 cryptodecentralized/44758 cryptodecentralized/44762 cryptodecentralized/44765 cryptodecentralized/44774 cryptodecentralized/44787 cryptodecentralized/44796 cryptodecentralized/44803 cryptodecentralized/44806 cryptodecentralized/44810 cryptodecentralized/44813 cryptodecentralized/44815 cryptodecentralized/44821 cryptodecentralized/44823 cryptodecentralized/44827 cryptodecentralized/44829 cryptodecentralized/44831 cryptodecentralized/44836 cryptodecentralized/44840 cryptodecentralized/44847 cryptodecentralized/44848 cryptodecentralized/44852 cryptodecentralized/44856 cryptodecentralized/44858 cryptodecentralized/44862 cryptodecentralized/44864 cryptodecentralized/44867 cryptodecentralized/44870 cryptodecentralized/44874 cryptodecentralized/44876 cryptodecentralized/44884 cryptodecentralized/44891 cryptodecentralized/44894 cryptodecentralized/44897 cryptodecentralized/44903 cryptodecentralized/44909 cryptodecentralized/44917 cryptodecentralized/44926 cryptodecentralized/44929 cryptodecentralized/44933 cryptodecentralized/44935 cryptodecentralized/44939 cryptodecentralized/44941 cryptodecentralized/44943 cryptodecentralized/44946 cryptodecentralized/44948 cryptodecentralized/44949 cryptodecentralized/44958 cryptodecentralized/44961 cryptodecentralized/44963 cryptodecentralized/44972 cryptodecentralized/44974 cryptodecentralized/44979 cryptodecentralized/44985 cryptodecentralized/44987 cryptodecentralized/44989 cryptodecentralized/44996 cryptodecentralized/45002 cryptodecentralized/45010 cryptodecentralized/45014 cryptodecentralized/45016 cryptodecentralized/45017 cryptodecentralized/45022 cryptodecentralized/45036 cryptodecentralized/45039 cryptodecentralized/45045 cryptodecentralized/45051 cryptodecentralized/45055 cryptodecentralized/45058 cryptodecentralized/45061 cryptodecentralized/45063 cryptodecentralized/45067 cryptodecentralized/45069 cryptodecentralized/45071 cryptodecentralized/45081 cryptodecentralized/45086 cryptodecentralized/45089 cryptodecentralized/45091 cryptodecentralized/45093 cryptodecentralized/45095 cryptodecentralized/45103 cryptodecentralized/45108 cryptodecentralized/45113 cryptodecentralized/45117 cryptodecentralized/45121 cryptodecentralized/45124 cryptodecentralized/45129 cryptodecentralized/45131 cryptodecentralized/45134 cryptodecentralized/45139 cryptodecentralized/45141 cryptodecentralized/45144 cryptodecentralized/45146 cryptodecentralized/45148 cryptodecentralized/45155 cryptodecentralized/45157 cryptodecentralized/45159 cryptodecentralized/45163 cryptodecentralized/45165 cryptodecentralized/45169 cryptodecentralized/45176 cryptodecentralized/45179 cryptodecentralized/45193 cryptodecentralized/45197 cryptodecentralized/45202 cryptodecentralized/45207 cryptodecentralized/45210 cryptodecentralized/45213 cryptodecentralized/45216 cryptodecentralized/45219 cryptodecentralized/45221 cryptodecentralized/45225 cryptodecentralized/45228 cryptodecentralized/45231 cryptodecentralized/45238 cryptodecentralized/45242 cryptodecentralized/45244 cryptodecentralized/45246 cryptodecentralized/45248 cryptodecentralized/45252 cryptodecentralized/45256 cryptodecentralized/45264 cryptodecentralized/45269 cryptodecentralized/45275 cryptodecentralized/45277 cryptodecentralized/45282 cryptodecentralized/45286 cryptodecentralized/45294 cryptodecentralized/45301 cryptodecentralized/45304 cryptodecentralized/45309 cryptodecentralized/45312 cryptodecentralized/45316 cryptodecentralized/45321 cryptodecentralized/45323 cryptodecentralized/45329 cryptodecentralized/45333 cryptodecentralized/45336 cryptodecentralized/45340 cryptodecentralized/45342 cryptodecentralized/45344 cryptodecentralized/45350 cryptodecentralized/45354 cryptodecentralized/45358 cryptodecentralized/45360 cryptodecentralized/45361 cryptodecentralized/45364 cryptodecentralized/45366 cryptodecentralized/45368 cryptodecentralized/45373 cryptodecentralized/45379 cryptodecentralized/45381 cryptodecentralized/45383 cryptodecentralized/45385 cryptodecentralized/45388 cryptodecentralized/45394 cryptodecentralized/45396 cryptodecentralized/45399 cryptodecentralized/45405 cryptodecentralized/45413 cryptodecentralized/45418 cryptodecentralized/45421 cryptodecentralized/45423 cryptodecentralized/45431 cryptodecentralized/45436 cryptodecentralized/45441 cryptodecentralized/45443 cryptodecentralized/45446 cryptodecentralized/45450 cryptodecentralized/45452 cryptodecentralized/45455 cryptodecentralized/45460 cryptodecentralized/45464 cryptodecentralized/45466 cryptodecentralized/45470 cryptodecentralized/45478 cryptodecentralized/45487 cryptodecentralized/45490 cryptodecentralized/45494 cryptodecentralized/45496 cryptodecentralized/45498 cryptodecentralized/45501 cryptodecentralized/45503 cryptodecentralized/45505 cryptodecentralized/45507 cryptodecentralized/45510 cryptodecentralized/45512 cryptodecentralized/45515 cryptodecentralized/45521 cryptodecentralized/45529 cryptodecentralized/45537 cryptodecentralized/45550 cryptodecentralized/45553 cryptodecentralized/45557 cryptodecentralized/45561 cryptodecentralized/45567 cryptodecentralized/45569 cryptodecentralized/45571 cryptodecentralized/45574 cryptodecentralized/45582 cryptodecentralized/45587 cryptodecentralized/45592 cryptodecentralized/45594 cryptodecentralized/45598 cryptodecentralized/45603 cryptodecentralized/45605 cryptodecentralized/45608 cryptodecentralized/45610 cryptodecentralized/45620 cryptodecentralized/45624 cryptodecentralized/45627 cryptodecentralized/45630 cryptodecentralized/45631 cryptodecentralized/45638 cryptodecentralized/45640 cryptodecentralized/45644 cryptodecentralized/45646 cryptodecentralized/45657 cryptodecentralized/45664 cryptodecentralized/45667 cryptodecentralized/45670 cryptodecentralized/45677 cryptodecentralized/45678 cryptodecentralized/45684 cryptodecentralized/45686 cryptodecentralized/45691 cryptodecentralized/45693 cryptodecentralized/45698 cryptodecentralized/45702 cryptodecentralized/45704 cryptodecentralized/45706 cryptodecentralized/45709 cryptodecentralized/45711 cryptodecentralized/45713 cryptodecentralized/45716 cryptodecentralized/45718 cryptodecentralized/45726 cryptodecentralized/45728 cryptodecentralized/45730 cryptodecentralized/45734 cryptodecentralized/45737 cryptodecentralized/45742 cryptodecentralized/45744 cryptodecentralized/45747 cryptodecentralized/45749 cryptodecentralized/45758 cryptodecentralized/45760 cryptodecentralized/45762 cryptodecentralized/45766 cryptodecentralized/45769 cryptodecentralized/45778 cryptodecentralized/45780 cryptodecentralized/45783 cryptodecentralized/45787 cryptodecentralized/45788 cryptodecentralized/45791 cryptodecentralized/45796 cryptodecentralized/45801 cryptodecentralized/45804 cryptodecentralized/45810 cryptodecentralized/45811 cryptodecentralized/45819 cryptodecentralized/45826 cryptodecentralized/45828 cryptodecentralized/45830 cryptodecentralized/45836 cryptodecentralized/45838 cryptodecentralized/45840 cryptodecentralized/45842 cryptodecentralized/45846 cryptodecentralized/45848 cryptodecentralized/45850 cryptodecentralized/45851 cryptodecentralized/45855 cryptodecentralized/45857 cryptodecentralized/45862 cryptodecentralized/45865 cryptodecentralized/45869 cryptodecentralized/45871 cryptodecentralized/45874 cryptodecentralized/45882 cryptodecentralized/45885 cryptodecentralized/45889 cryptodecentralized/45900 cryptodecentralized/45903 cryptodecentralized/45909 cryptodecentralized/45910 cryptodecentralized/45914 cryptodecentralized/45918 cryptodecentralized/45923 cryptodecentralized/45932 cryptodecentralized/45934 cryptodecentralized/45937 cryptodecentralized/45939 cryptodecentralized/45940 cryptodecentralized/45946 cryptodecentralized/45948 cryptodecentralized/45951 cryptodecentralized/45954 cryptodecentralized/45957 cryptodecentralized/45960 cryptodecentralized/45964 cryptodecentralized/45965 cryptodecentralized/45968 cryptodecentralized/45971 cryptodecentralized/45975 cryptodecentralized/45977 cryptodecentralized/45985 cryptodecentralized/45989 cryptodecentralized/45991 cryptodecentralized/45993 cryptodecentralized/45995 cryptodecentralized/45998 cryptodecentralized/46002 cryptodecentralized/46004 cryptodecentralized/46008 cryptodecentralized/46009 cryptodecentralized/46013 cryptodecentralized/46017 cryptodecentralized/46020 cryptodecentralized/46024 cryptodecentralized/46029 cryptodecentralized/46035 cryptodecentralized/46038 cryptodecentralized/46040 cryptodecentralized/46043 cryptodecentralized/46045 cryptodecentralized/46049 cryptodecentralized/46052 cryptodecentralized/46054 cryptodecentralized/46057 cryptodecentralized/46059 cryptodecentralized/46061 cryptodecentralized/46063 cryptodecentralized/46066 cryptodecentralized/46071 cryptodecentralized/46075 cryptodecentralized/46082 cryptodecentralized/46087 cryptodecentralized/46089 cryptodecentralized/46091 cryptodecentralized/46093 cryptodecentralized/46096 cryptodecentralized/46099 cryptodecentralized/46102 cryptodecentralized/46104 cryptodecentralized/46108 cryptodecentralized/46112 cryptodecentralized/46115 cryptodecentralized/46120 cryptodecentralized/46126 cryptodecentralized/46128 cryptodecentralized/46134 cryptodecentralized/46143 cryptodecentralized/46149 cryptodecentralized/46152 cryptodecentralized/46186 cryptodecentralized/46204 cryptodecentralized/46206 cryptodecentralized/46239 cryptodecentralized/46242 cryptodecentralized/46254 cryptodecentralized/46279 cryptodecentralized/46281 cryptodecentralized/46291 cryptodecentralized/46337 cryptodecentralized/46359 cryptodecentralized/46372 cryptodecentralized/46378 cryptodecentralized/46426 cryptodecentralized/46444 cryptodecentralized/46461 cryptodecentralized/46466 cryptodecentralized/46473 cryptodecentralized/46506 cryptodecentralized/46526 cryptodecentralized/46534 cryptodecentralized/46543 cryptodecentralized/46552 cryptodecentralized/46573 cryptodecentralized/46575 cryptodecentralized/46581 cryptodecentralized/46600 cryptodecentralized/46636 cryptodecentralized/46641 cryptodecentralized/46648 cryptodecentralized/46713 cryptodecentralized/46721 cryptodecentralized/46746 cryptodecentralized/46765 cryptodecentralized/46775 cryptodecentralized/46786 cryptodecentralized/46789 cryptodecentralized/46790 cryptodecentralized/46792 cryptodecentralized/46793 cryptodecentralized/46801 cryptodecentralized/46821 cryptodecentralized/46831 cryptodecentralized/46834 cryptodecentralized/46903 cryptodecentralized/46914 cryptodecentralized/46922 cryptodecentralized/46930 cryptodecentralized/46933 cryptodecentralized/46936 cryptodecentralized/46992 cryptodecentralized/46999 cryptodecentralized/47031 cryptodecentralized/47043 cryptodecentralized/47050 cryptodecentralized/47071 cryptodecentralized/47112 cryptodecentralized/47122 cryptodecentralized/47139 cryptodecentralized/47153 cryptodecentralized/47185 cryptodecentralized/47186 cryptodecentralized/47209 cryptodecentralized/47228 cryptodecentralized/47230 cryptodecentralized/47237 cryptodecentralized/47240 cryptodecentralized/47243 cryptodecentralized/47246 cryptodecentralized/47250 cryptodecentralized/47252 cryptodecentralized/47255 cryptodecentralized/47257 cryptodecentralized/47259 cryptodecentralized/47263 cryptodecentralized/47266 cryptodecentralized/47268 cryptodecentralized/47270 cryptodecentralized/47274 cryptodecentralized/47283 cryptodecentralized/47286 cryptodecentralized/47289 cryptodecentralized/47297 cryptodecentralized/47300 cryptodecentralized/47304 cryptodecentralized/47307 cryptodecentralized/47311 cryptodecentralized/47314 cryptodecentralized/47318 cryptodecentralized/47321 cryptodecentralized/47323 cryptodecentralized/47327 cryptodecentralized/47330 cryptodecentralized/47332 cryptodecentralized/47334 cryptodecentralized/47336 cryptodecentralized/47340 cryptodecentralized/47342 cryptodecentralized/47347 cryptodecentralized/47359 cryptodecentralized/47362 cryptodecentralized/47365 cryptodecentralized/47368 cryptodecentralized/47370 cryptodecentralized/47372 cryptodecentralized/47375 cryptodecentralized/47377 cryptodecentralized/47379 cryptodecentralized/47381 cryptodecentralized/47385 cryptodecentralized/47387 cryptodecentralized/47391 cryptodecentralized/47393 cryptodecentralized/47395 cryptodecentralized/47403 cryptodecentralized/47406 cryptodecentralized/47410 cryptodecentralized/47412 cryptodecentralized/47414 cryptodecentralized/47419 cryptodecentralized/47421 cryptodecentralized/47424 cryptodecentralized/47427 cryptodecentralized/47429 cryptodecentralized/47433 cryptodecentralized/47435 cryptodecentralized/47442 cryptodecentralized/47446 cryptodecentralized/47448 cryptodecentralized/47452 cryptodecentralized/47455 cryptodecentralized/47457 cryptodecentralized/47459 cryptodecentralized/47462 cryptodecentralized/47470 cryptodecentralized/47472 cryptodecentralized/47476 cryptodecentralized/47480 cryptodecentralized/47484 cryptodecentralized/47493 cryptodecentralized/47497 cryptodecentralized/47499 cryptodecentralized/47502 cryptodecentralized/47504 cryptodecentralized/47507 cryptodecentralized/47509 cryptodecentralized/47514 cryptodecentralized/47521 cryptodecentralized/47524 cryptodecentralized/47527 cryptodecentralized/47532 cryptodecentralized/47542 cryptodecentralized/47544 cryptodecentralized/47550 cryptodecentralized/47553 cryptodecentralized/47555 cryptodecentralized/47560 cryptodecentralized/47562 cryptodecentralized/47566 cryptodecentralized/47572 cryptodecentralized/47577 cryptodecentralized/47580 cryptodecentralized/47582 cryptodecentralized/47583 cryptodecentralized/47589 cryptodecentralized/47592 cryptodecentralized/47594 cryptodecentralized/47598 cryptodecentralized/47601 cryptodecentralized/47605 cryptodecentralized/47607 cryptodecentralized/47610 cryptodecentralized/47612 cryptodecentralized/47614 cryptodecentralized/47617 cryptodecentralized/47619 cryptodecentralized/47623 cryptodecentralized/47626 cryptodecentralized/47631 cryptodecentralized/47633 cryptodecentralized/47637 cryptodecentralized/47640 cryptodecentralized/47646 cryptodecentralized/47648 cryptodecentralized/47660 cryptodecentralized/47662 cryptodecentralized/47664 cryptodecentralized/47667 cryptodecentralized/47671 cryptodecentralized/47673 cryptodecentralized/47675 cryptodecentralized/47677 cryptodecentralized/47679 cryptodecentralized/47688 cryptodecentralized/47693 cryptodecentralized/47694 cryptodecentralized/47695 cryptodecentralized/47699 cryptodecentralized/47709 cryptodecentralized/47712 cryptodecentralized/47735 cryptodecentralized/47737 cryptodecentralized/47743 cryptodecentralized/47745 cryptodecentralized/47749 cryptodecentralized/47751 cryptodecentralized/47754 cryptodecentralized/47757 cryptodecentralized/47759 cryptodecentralized/47763 cryptodecentralized/47767 cryptodecentralized/47771 cryptodecentralized/47774 cryptodecentralized/47776 cryptodecentralized/47778 cryptodecentralized/47780 cryptodecentralized/47782 cryptodecentralized/47785 cryptodecentralized/47790 cryptodecentralized/47793 cryptodecentralized/47795 cryptodecentralized/47798 cryptodecentralized/47808 cryptodecentralized/47810 cryptodecentralized/47814 cryptodecentralized/47821 cryptodecentralized/47826 cryptodecentralized/47835 cryptodecentralized/47838 cryptodecentralized/47840 cryptodecentralized/47842 cryptodecentralized/47845 cryptodecentralized/47852 cryptodecentralized/47855 cryptodecentralized/47858 cryptodecentralized/47863 cryptodecentralized/47866 cryptodecentralized/47869 cryptodecentralized/47877 cryptodecentralized/47879 cryptodecentralized/47886 cryptodecentralized/47888 cryptodecentralized/47892 cryptodecentralized/47896 cryptodecentralized/47901 cryptodecentralized/47903 cryptodecentralized/47905 cryptodecentralized/47907 cryptodecentralized/47910 cryptodecentralized/47912 cryptodecentralized/47914 cryptodecentralized/47916 cryptodecentralized/47918 cryptodecentralized/47922 cryptodecentralized/47928 cryptodecentralized/47933 cryptodecentralized/47935 cryptodecentralized/47938 cryptodecentralized/47943 cryptodecentralized/47945 cryptodecentralized/47960 cryptodecentralized/47964 cryptodecentralized/47966 cryptodecentralized/47969 cryptodecentralized/47973 cryptodecentralized/47975 cryptodecentralized/47977 cryptodecentralized/47980 cryptodecentralized/47984 cryptodecentralized/47988 cryptodecentralized/47990 cryptodecentralized/47994 cryptodecentralized/47996 cryptodecentralized/48003 cryptodecentralized/48005 cryptodecentralized/48007 cryptodecentralized/48012 cryptodecentralized/48014 cryptodecentralized/48024 cryptodecentralized/48026 cryptodecentralized/48028 cryptodecentralized/48035 cryptodecentralized/48039 cryptodecentralized/48042 cryptodecentralized/48044 cryptodecentralized/48046 cryptodecentralized/48050 cryptodecentralized/48053 cryptodecentralized/48057 cryptodecentralized/48060 cryptodecentralized/48064 cryptodecentralized/48066 cryptodecentralized/48068 cryptodecentralized/48075 cryptodecentralized/48079 cryptodecentralized/48081 cryptodecentralized/48083 cryptodecentralized/48091 cryptodecentralized/48093 cryptodecentralized/48095 cryptodecentralized/48098 cryptodecentralized/48104 cryptodecentralized/48109 cryptodecentralized/48124 cryptodecentralized/48126 cryptodecentralized/48128 cryptodecentralized/48133 cryptodecentralized/48135 cryptodecentralized/48138 cryptodecentralized/48142 cryptodecentralized/48144 cryptodecentralized/48150 cryptodecentralized/48154 cryptodecentralized/48156 cryptodecentralized/48160 cryptodecentralized/48162 cryptodecentralized/48165 cryptodecentralized/48167 cryptodecentralized/48170 cryptodecentralized/48174 cryptodecentralized/48178 cryptodecentralized/48180 cryptodecentralized/48182 cryptodecentralized/48185 cryptodecentralized/48188 cryptodecentralized/48190 cryptodecentralized/48192 cryptodecentralized/48196 cryptodecentralized/48200 cryptodecentralized/48202 cryptodecentralized/48204 cryptodecentralized/48208 cryptodecentralized/48215 cryptodecentralized/48219 cryptodecentralized/48221 cryptodecentralized/48223 cryptodecentralized/48225 cryptodecentralized/48234 cryptodecentralized/48236 cryptodecentralized/48238 cryptodecentralized/48240 cryptodecentralized/48242 cryptodecentralized/48247 cryptodecentralized/48251 cryptodecentralized/48256 cryptodecentralized/48258 cryptodecentralized/48260 cryptodecentralized/48262 cryptodecentralized/48266 cryptodecentralized/48269 cryptodecentralized/48271 cryptodecentralized/48273 cryptodecentralized/48280 cryptodecentralized/48290 cryptodecentralized/48294 cryptodecentralized/48296 cryptodecentralized/48299 cryptodecentralized/48301 cryptodecentralized/48304 cryptodecentralized/48315 cryptodecentralized/48323 cryptodecentralized/48336 cryptodecentralized/48338 cryptodecentralized/48341 cryptodecentralized/48351 cryptodecentralized/48355 cryptodecentralized/48358 cryptodecentralized/48364 cryptodecentralized/48366 cryptodecentralized/48368 cryptodecentralized/48370 cryptodecentralized/48374 cryptodecentralized/48383 cryptodecentralized/48386 cryptodecentralized/48389 cryptodecentralized/48391 cryptodecentralized/48395 cryptodecentralized/48398 cryptodecentralized/48402 cryptodecentralized/48404 cryptodecentralized/48408 cryptodecentralized/48411 cryptodecentralized/48414 cryptodecentralized/48416 cryptodecentralized/48420 cryptodecentralized/48423 cryptodecentralized/48425 cryptodecentralized/48431 cryptodecentralized/48433 cryptodecentralized/48439 cryptodecentralized/48444 cryptodecentralized/48446 cryptodecentralized/48448 cryptodecentralized/48450 cryptodecentralized/48454 cryptodecentralized/48466 cryptodecentralized/48473 cryptodecentralized/48475 cryptodecentralized/48477 cryptodecentralized/48486 cryptodecentralized/48490 cryptodecentralized/48494 cryptodecentralized/48499 cryptodecentralized/48503 cryptodecentralized/48506 cryptodecentralized/48513 cryptodecentralized/48516 cryptodecentralized/48519 cryptodecentralized/48523 cryptodecentralized/48525 cryptodecentralized/48527 cryptodecentralized/48529 cryptodecentralized/48533 cryptodecentralized/48535 cryptodecentralized/48539 cryptodecentralized/48541 cryptodecentralized/48544 cryptodecentralized/48546 cryptodecentralized/48549 cryptodecentralized/48554 cryptodecentralized/48558 cryptodecentralized/48563 cryptodecentralized/48568 cryptodecentralized/48570 cryptodecentralized/48574 cryptodecentralized/48576 cryptodecentralized/48578 cryptodecentralized/48581 cryptodecentralized/48587 cryptodecentralized/48592 cryptodecentralized/48594 cryptodecentralized/48600 cryptodecentralized/48604 cryptodecentralized/48606 cryptodecentralized/48611 cryptodecentralized/48620 cryptodecentralized/48625 cryptodecentralized/48632 cryptodecentralized/48638 cryptodecentralized/48641 cryptodecentralized/48645 cryptodecentralized/48647 cryptodecentralized/48650 cryptodecentralized/48655 cryptodecentralized/48657 cryptodecentralized/48660 cryptodecentralized/48663 cryptodecentralized/48665 cryptodecentralized/48667 cryptodecentralized/48670 cryptodecentralized/48672 cryptodecentralized/48675 cryptodecentralized/48678 cryptodecentralized/48680 cryptodecentralized/48682 cryptodecentralized/48689 cryptodecentralized/48698 cryptodecentralized/48701 cryptodecentralized/48706 cryptodecentralized/48727 cryptodecentralized/48729 cryptodecentralized/48738 cryptodecentralized/48741 cryptodecentralized/48745 cryptodecentralized/48747 cryptodecentralized/48748 cryptodecentralized/48751 cryptodecentralized/48756 cryptodecentralized/48767 cryptodecentralized/48769 cryptodecentralized/48773 cryptodecentralized/48774 cryptodecentralized/48777 cryptodecentralized/48779 cryptodecentralized/48781 cryptodecentralized/48789 cryptodecentralized/48791 cryptodecentralized/48794 cryptodecentralized/48797 cryptodecentralized/48799 cryptodecentralized/48801 cryptodecentralized/48805 cryptodecentralized/48807 cryptodecentralized/48809 cryptodecentralized/48811 cryptodecentralized/48813 cryptodecentralized/48816 cryptodecentralized/48818 cryptodecentralized/48821 cryptodecentralized/48823 cryptodecentralized/48831 cryptodecentralized/48838 cryptodecentralized/48840 cryptodecentralized/48843 cryptodecentralized/48846 cryptodecentralized/48851 cryptodecentralized/48854 cryptodecentralized/48856 cryptodecentralized/48869 cryptodecentralized/48872 cryptodecentralized/48877 cryptodecentralized/48884 cryptodecentralized/48886 cryptodecentralized/48893 cryptodecentralized/48896 cryptodecentralized/48898 cryptodecentralized/48902 cryptodecentralized/48908 cryptodecentralized/48910 cryptodecentralized/48913 cryptodecentralized/48915 cryptodecentralized/48918 cryptodecentralized/48920 cryptodecentralized/48922 cryptodecentralized/48925 cryptodecentralized/48927 cryptodecentralized/48928 cryptodecentralized/48931 cryptodecentralized/48934 cryptodecentralized/48937 cryptodecentralized/48939 cryptodecentralized/48946 cryptodecentralized/48971 cryptodecentralized/48973 cryptodecentralized/48982 cryptodecentralized/48984 cryptodecentralized/48987 cryptodecentralized/48991 cryptodecentralized/48995 cryptodecentralized/48997 cryptodecentralized/49001 cryptodecentralized/49004 cryptodecentralized/49006 cryptodecentralized/49008 cryptodecentralized/49010 cryptodecentralized/49013 cryptodecentralized/49015 cryptodecentralized/49017 cryptodecentralized/49023 cryptodecentralized/49025 cryptodecentralized/49027 cryptodecentralized/49035 cryptodecentralized/49042 cryptodecentralized/49044 cryptodecentralized/49046 cryptodecentralized/49049 cryptodecentralized/49051 cryptodecentralized/49055 cryptodecentralized/49058 cryptodecentralized/49065 cryptodecentralized/49067 cryptodecentralized/49072 cryptodecentralized/49080 cryptodecentralized/49083 cryptodecentralized/49090 cryptodecentralized/49093 cryptodecentralized/49097 cryptodecentralized/49100 cryptodecentralized/49103 cryptodecentralized/49106 cryptodecentralized/49107 cryptodecentralized/49110 cryptodecentralized/49114 cryptodecentralized/49121 cryptodecentralized/49124 cryptodecentralized/49129 cryptodecentralized/49132 cryptodecentralized/49137 cryptodecentralized/49144 cryptodecentralized/49150 cryptodecentralized/49153 cryptodecentralized/49155 cryptodecentralized/49157 cryptodecentralized/49159 cryptodecentralized/49162 cryptodecentralized/49164 cryptodecentralized/49170 cryptodecentralized/49175 cryptodecentralized/49178 cryptodecentralized/49181 cryptodecentralized/49184 cryptodecentralized/49188 cryptodecentralized/49197 cryptodecentralized/49203 cryptodecentralized/49209 cryptodecentralized/49211 cryptodecentralized/49213 cryptodecentralized/49217 cryptodecentralized/49219 cryptodecentralized/49223 cryptodecentralized/49234 cryptodecentralized/49236 cryptodecentralized/49242 cryptodecentralized/49249 cryptodecentralized/49254 cryptodecentralized/49259 cryptodecentralized/49268 cryptodecentralized/49277 cryptodecentralized/49280 cryptodecentralized/49282 cryptodecentralized/49286 cryptodecentralized/49290 cryptodecentralized/49292 cryptodecentralized/49294 cryptodecentralized/49296 cryptodecentralized/49298 cryptodecentralized/49300 cryptodecentralized/49302 cryptodecentralized/49306 cryptodecentralized/49310 cryptodecentralized/49312 cryptodecentralized/49315 cryptodecentralized/49317 cryptodecentralized/49320 cryptodecentralized/49323 cryptodecentralized/49327 cryptodecentralized/49329 cryptodecentralized/49335 cryptodecentralized/49338 cryptodecentralized/49341 cryptodecentralized/49344 cryptodecentralized/49346 cryptodecentralized/49349 cryptodecentralized/49351 cryptodecentralized/49357 cryptodecentralized/49359 cryptodecentralized/49367 cryptodecentralized/49370 cryptodecentralized/49374 cryptodecentralized/49375 cryptodecentralized/49376 cryptodecentralized/49382 cryptodecentralized/49384 cryptodecentralized/49385 cryptodecentralized/49396 cryptodecentralized/49399 cryptodecentralized/49401 cryptodecentralized/49403 cryptodecentralized/49405 cryptodecentralized/49407 cryptodecentralized/49412 cryptodecentralized/49421 cryptodecentralized/49423 cryptodecentralized/49426 cryptodecentralized/49428 cryptodecentralized/49430 cryptodecentralized/49432 cryptodecentralized/49435 cryptodecentralized/49438 cryptodecentralized/49440 cryptodecentralized/49444 cryptodecentralized/49447 cryptodecentralized/49449 cryptodecentralized/49454 cryptodecentralized/49456 cryptodecentralized/49464 cryptodecentralized/49467 cryptodecentralized/49469 cryptodecentralized/49471 cryptodecentralized/49475 cryptodecentralized/49477 cryptodecentralized/49488 cryptodecentralized/49490 cryptodecentralized/49493 cryptodecentralized/49497 cryptodecentralized/49500 cryptodecentralized/49502 cryptodecentralized/49506 cryptodecentralized/49508 cryptodecentralized/49510 cryptodecentralized/49515 cryptodecentralized/49518 cryptodecentralized/49521 cryptodecentralized/49526 cryptodecentralized/49528 cryptodecentralized/49534 cryptodecentralized/49536 cryptodecentralized/49544 cryptodecentralized/49552 cryptodecentralized/49554 cryptodecentralized/49556 cryptodecentralized/49558 cryptodecentralized/49561 cryptodecentralized/49563 cryptodecentralized/49565 cryptodecentralized/49568 cryptodecentralized/49571 cryptodecentralized/49574 cryptodecentralized/49578 cryptodecentralized/49580 cryptodecentralized/49583 cryptodecentralized/49585 cryptodecentralized/49587 cryptodecentralized/49590 cryptodecentralized/49592 cryptodecentralized/49594 cryptodecentralized/49601 cryptodecentralized/49605 cryptodecentralized/49608 cryptodecentralized/49614 cryptodecentralized/49619 cryptodecentralized/49628 cryptodecentralized/49631 cryptodecentralized/49636 cryptodecentralized/49639 cryptodecentralized/49641 cryptodecentralized/49643 cryptodecentralized/49646 cryptodecentralized/49648 cryptodecentralized/49655 cryptodecentralized/49660 cryptodecentralized/49663 cryptodecentralized/49666 cryptodecentralized/49669 cryptodecentralized/49671 cryptodecentralized/49676 cryptodecentralized/49678 cryptodecentralized/49680 cryptodecentralized/49682 cryptodecentralized/49684 cryptodecentralized/49690 cryptodecentralized/49692 cryptodecentralized/49696 cryptodecentralized/49698 cryptodecentralized/49700 cryptodecentralized/49703 cryptodecentralized/49710 cryptodecentralized/49723 cryptodecentralized/49731 cryptodecentralized/49741 cryptodecentralized/49744 cryptodecentralized/49747 cryptodecentralized/49751 cryptodecentralized/49755 cryptodecentralized/49757 cryptodecentralized/49759 cryptodecentralized/49762 cryptodecentralized/49764 cryptodecentralized/49774 cryptodecentralized/49777 cryptodecentralized/49785 cryptodecentralized/49788 cryptodecentralized/49790 cryptodecentralized/49793 cryptodecentralized/49796 cryptodecentralized/49800 cryptodecentralized/49802 cryptodecentralized/49804 cryptodecentralized/49809 cryptodecentralized/49820 cryptodecentralized/49824 cryptodecentralized/49829 cryptodecentralized/49832 cryptodecentralized/49834 cryptodecentralized/49839 cryptodecentralized/49844 cryptodecentralized/49847 cryptodecentralized/49850 cryptodecentralized/49852 cryptodecentralized/49863 cryptodecentralized/49865 cryptodecentralized/49869 cryptodecentralized/49875 cryptodecentralized/49880 cryptodecentralized/49891 cryptodecentralized/49893 cryptodecentralized/49900 cryptodecentralized/49905 cryptodecentralized/49908 cryptodecentralized/49911 cryptodecentralized/49913 cryptodecentralized/49917 cryptodecentralized/49920 cryptodecentralized/49923 cryptodecentralized/49927 cryptodecentralized/49929 cryptodecentralized/49931 cryptodecentralized/49934 cryptodecentralized/49937 cryptodecentralized/49941 cryptodecentralized/49948 cryptodecentralized/49951 cryptodecentralized/49955 cryptodecentralized/49963 cryptodecentralized/49968 cryptodecentralized/49970 cryptodecentralized/49978 cryptodecentralized/49984 cryptodecentralized/49985 cryptodecentralized/49992 cryptodecentralized/50000 cryptodecentralized/50004 cryptodecentralized/50008 cryptodecentralized/50010 cryptodecentralized/50017 cryptodecentralized/50024 cryptodecentralized/50026 cryptodecentralized/50032 cryptodecentralized/50036 cryptodecentralized/50039 cryptodecentralized/50041 cryptodecentralized/50043 cryptodecentralized/50046 cryptodecentralized/50050 cryptodecentralized/50052 cryptodecentralized/50054 cryptodecentralized/50056 cryptodecentralized/50059 cryptodecentralized/50063 cryptodecentralized/50069 cryptodecentralized/50074 cryptodecentralized/50079 cryptodecentralized/50081 cryptodecentralized/50086 cryptodecentralized/50098 cryptodecentralized/50101 cryptodecentralized/50110 cryptodecentralized/50112 cryptodecentralized/50114 cryptodecentralized/50122 cryptodecentralized/50127 cryptodecentralized/50131 cryptodecentralized/50140 cryptodecentralized/50142 cryptodecentralized/50145 cryptodecentralized/50147 cryptodecentralized/50151 cryptodecentralized/50154 cryptodecentralized/50156 cryptodecentralized/50158 cryptodecentralized/50160 cryptodecentralized/50163 cryptodecentralized/50164 cryptodecentralized/50167 cryptodecentralized/50170 cryptodecentralized/50172 cryptodecentralized/50174 cryptodecentralized/50177 cryptodecentralized/50180 cryptodecentralized/50183 cryptodecentralized/50185 cryptodecentralized/50187 cryptodecentralized/50189 cryptodecentralized/50193 cryptodecentralized/50195 cryptodecentralized/50203 cryptodecentralized/50205 cryptodecentralized/50208 cryptodecentralized/50213 cryptodecentralized/50215 cryptodecentralized/50221 cryptodecentralized/50225 cryptodecentralized/50227 cryptodecentralized/50231 cryptodecentralized/50234 cryptodecentralized/50240 cryptodecentralized/50250 cryptodecentralized/50262 cryptodecentralized/50269 cryptodecentralized/50273 cryptodecentralized/50277 cryptodecentralized/50279 cryptodecentralized/50284 cryptodecentralized/50286 cryptodecentralized/50288 cryptodecentralized/50290 cryptodecentralized/50298 cryptodecentralized/50302 cryptodecentralized/50307 cryptodecentralized/50311 cryptodecentralized/50314 cryptodecentralized/50317 cryptodecentralized/50319 cryptodecentralized/50322 cryptodecentralized/50324 cryptodecentralized/50325 cryptodecentralized/50328 cryptodecentralized/50331 cryptodecentralized/50333 cryptodecentralized/50335 cryptodecentralized/50337 cryptodecentralized/50340 cryptodecentralized/50342 cryptodecentralized/50344 cryptodecentralized/50348 cryptodecentralized/50351 cryptodecentralized/50354 cryptodecentralized/50365 cryptodecentralized/50369 cryptodecentralized/50371 cryptodecentralized/50381 cryptodecentralized/50390 cryptodecentralized/50394 cryptodecentralized/50396 cryptodecentralized/50400 cryptodecentralized/50405 cryptodecentralized/50407 cryptodecentralized/50408 cryptodecentralized/50411 cryptodecentralized/50414 cryptodecentralized/50420 cryptodecentralized/50423 cryptodecentralized/50427 cryptodecentralized/50429 cryptodecentralized/50431 cryptodecentralized/50433 cryptodecentralized/50438 cryptodecentralized/50440 cryptodecentralized/50442 cryptodecentralized/50446 cryptodecentralized/50448 cryptodecentralized/50450 cryptodecentralized/50452 cryptodecentralized/50461 cryptodecentralized/50464 cryptodecentralized/50471 cryptodecentralized/50476 cryptodecentralized/50479 cryptodecentralized/50495 cryptodecentralized/50503 cryptodecentralized/50506 cryptodecentralized/50508 cryptodecentralized/50510 cryptodecentralized/50517 cryptodecentralized/50523 cryptodecentralized/50526 cryptodecentralized/50529 cryptodecentralized/50532 cryptodecentralized/50538 cryptodecentralized/50542 cryptodecentralized/50544 cryptodecentralized/50549 cryptodecentralized/50551 cryptodecentralized/50557 cryptodecentralized/50562 cryptodecentralized/50567 cryptodecentralized/50569 cryptodecentralized/50572 cryptodecentralized/50579 cryptodecentralized/50582 cryptodecentralized/50585 cryptodecentralized/50589 cryptodecentralized/50593 cryptodecentralized/50600 cryptodecentralized/50605 cryptodecentralized/50610 cryptodecentralized/50611 cryptodecentralized/50616 cryptodecentralized/50621 cryptodecentralized/50624 cryptodecentralized/50627 cryptodecentralized/50636 cryptodecentralized/50640 cryptodecentralized/50645 cryptodecentralized/50651 cryptodecentralized/50653 cryptodecentralized/50655 cryptodecentralized/50658 cryptodecentralized/50661 cryptodecentralized/50663 cryptodecentralized/50667 cryptodecentralized/50669 cryptodecentralized/50675 cryptodecentralized/50677 cryptodecentralized/50682 cryptodecentralized/50687 cryptodecentralized/50690 cryptodecentralized/50697 cryptodecentralized/50703 cryptodecentralized/50711 cryptodecentralized/50715 cryptodecentralized/50718 cryptodecentralized/50723 cryptodecentralized/50731 cryptodecentralized/50733 cryptodecentralized/50735 cryptodecentralized/50738 cryptodecentralized/50740 cryptodecentralized/50744 cryptodecentralized/50749 cryptodecentralized/50755 cryptodecentralized/50762 cryptodecentralized/50767 cryptodecentralized/50771 cryptodecentralized/50773 cryptodecentralized/50774 cryptodecentralized/50777 cryptodecentralized/50782 cryptodecentralized/50784 cryptodecentralized/50788 cryptodecentralized/50790 cryptodecentralized/50793 cryptodecentralized/50796 cryptodecentralized/50798 cryptodecentralized/50803 cryptodecentralized/50805 cryptodecentralized/50814 cryptodecentralized/50816 cryptodecentralized/50822 cryptodecentralized/50825 cryptodecentralized/50828 cryptodecentralized/50832 cryptodecentralized/50841 cryptodecentralized/50844 cryptodecentralized/50847 cryptodecentralized/50851 cryptodecentralized/50857 cryptodecentralized/50861 cryptodecentralized/50872 cryptodecentralized/50879 cryptodecentralized/50883 cryptodecentralized/50886 cryptodecentralized/50893 cryptodecentralized/50896 cryptodecentralized/50900 cryptodecentralized/50902 cryptodecentralized/50904 cryptodecentralized/50906 cryptodecentralized/50909 cryptodecentralized/50911 cryptodecentralized/50915 cryptodecentralized/50918 cryptodecentralized/50923 cryptodecentralized/50926 cryptodecentralized/50928 cryptodecentralized/50931 cryptodecentralized/50935 cryptodecentralized/50944 cryptodecentralized/50952 cryptodecentralized/50954 cryptodecentralized/50957 cryptodecentralized/50961 cryptodecentralized/50965 cryptodecentralized/50970 cryptodecentralized/50976 cryptodecentralized/50983 cryptodecentralized/50984 cryptodecentralized/50987 cryptodecentralized/50992 cryptodecentralized/50994 cryptodecentralized/50996 cryptodecentralized/50998 cryptodecentralized/51002 cryptodecentralized/51004 cryptodecentralized/51006 cryptodecentralized/51008 cryptodecentralized/51013 cryptodecentralized/51015 cryptodecentralized/51018 cryptodecentralized/51026 cryptodecentralized/51037 cryptodecentralized/51039 cryptodecentralized/51041 cryptodecentralized/51043 cryptodecentralized/51045 cryptodecentralized/51049 cryptodecentralized/51051 cryptodecentralized/51053 cryptodecentralized/51055 cryptodecentralized/51058 cryptodecentralized/51061 cryptodecentralized/51063 cryptodecentralized/51069 cryptodecentralized/51073 cryptodecentralized/51078 cryptodecentralized/51083 cryptodecentralized/51087 cryptodecentralized/51095 cryptodecentralized/51096 cryptodecentralized/51101 cryptodecentralized/51106 cryptodecentralized/51109 cryptodecentralized/51112 cryptodecentralized/51114 cryptodecentralized/51122 cryptodecentralized/51127 cryptodecentralized/51133 cryptodecentralized/51138 cryptodecentralized/51143 cryptodecentralized/51145 cryptodecentralized/51150 cryptodecentralized/51155 cryptodecentralized/51159 cryptodecentralized/51161 cryptodecentralized/51163 cryptodecentralized/51165 cryptodecentralized/51168 cryptodecentralized/51170 cryptodecentralized/51171 cryptodecentralized/51175 cryptodecentralized/51177 cryptodecentralized/51179 cryptodecentralized/51181 cryptodecentralized/51183 cryptodecentralized/51185 cryptodecentralized/51196 cryptodecentralized/51201 cryptodecentralized/51209 cryptodecentralized/51212 cryptodecentralized/51221 cryptodecentralized/51222 cryptodecentralized/51228 cryptodecentralized/51234 cryptodecentralized/51236 cryptodecentralized/51238 cryptodecentralized/51245 cryptodecentralized/51250 cryptodecentralized/51252 cryptodecentralized/51257 cryptodecentralized/51259 cryptodecentralized/51264 cryptodecentralized/51267 cryptodecentralized/51269 cryptodecentralized/51276 cryptodecentralized/51280 cryptodecentralized/51287 cryptodecentralized/51309 cryptodecentralized/51320 cryptodecentralized/51323 cryptodecentralized/51328 cryptodecentralized/51332 cryptodecentralized/51334 cryptodecentralized/51338 cryptodecentralized/51341 cryptodecentralized/51345 cryptodecentralized/51349 cryptodecentralized/51354 cryptodecentralized/51358 cryptodecentralized/51360 cryptodecentralized/51362 cryptodecentralized/51365 cryptodecentralized/51367 cryptodecentralized/51371 cryptodecentralized/51373 cryptodecentralized/51375 cryptodecentralized/51380 cryptodecentralized/51382 cryptodecentralized/51384 cryptodecentralized/51386 cryptodecentralized/51391 cryptodecentralized/51393 cryptodecentralized/51398 cryptodecentralized/51401 cryptodecentralized/51407 cryptodecentralized/51410 cryptodecentralized/51414 cryptodecentralized/51416 cryptodecentralized/51424 cryptodecentralized/51428 cryptodecentralized/51437 cryptodecentralized/51442 cryptodecentralized/51444 cryptodecentralized/51447 cryptodecentralized/51450 cryptodecentralized/51451 cryptodecentralized/51454 cryptodecentralized/51458 cryptodecentralized/51461 cryptodecentralized/51467 cryptodecentralized/51473 cryptodecentralized/51474 cryptodecentralized/51477 cryptodecentralized/51482 cryptodecentralized/51488 cryptodecentralized/51495 cryptodecentralized/51500 cryptodecentralized/51502 cryptodecentralized/51506 cryptodecentralized/51508 cryptodecentralized/51511 cryptodecentralized/51514 cryptodecentralized/51516 cryptodecentralized/51522 cryptodecentralized/51525 cryptodecentralized/51527 cryptodecentralized/51531 cryptodecentralized/51535 cryptodecentralized/51542 cryptodecentralized/51550 cryptodecentralized/51560 cryptodecentralized/51563 cryptodecentralized/51571 cryptodecentralized/51574 cryptodecentralized/51579 cryptodecentralized/51581 cryptodecentralized/51584 cryptodecentralized/51586 cryptodecentralized/51589 cryptodecentralized/51590 cryptodecentralized/51593 cryptodecentralized/51595 cryptodecentralized/51597 cryptodecentralized/51603 cryptodecentralized/51607 cryptodecentralized/51609 cryptodecentralized/51623 cryptodecentralized/51625 cryptodecentralized/51628 cryptodecentralized/51630 cryptodecentralized/51632 cryptodecentralized/51635 cryptodecentralized/51637 cryptodecentralized/51641 cryptodecentralized/51643 cryptodecentralized/51648 cryptodecentralized/51650 cryptodecentralized/51652 cryptodecentralized/51655 cryptodecentralized/51657 cryptodecentralized/51660 cryptodecentralized/51662 cryptodecentralized/51666 cryptodecentralized/51674 cryptodecentralized/51678 cryptodecentralized/51680 cryptodecentralized/51686 cryptodecentralized/51688 cryptodecentralized/51693 cryptodecentralized/51704 cryptodecentralized/51706 cryptodecentralized/51708 cryptodecentralized/51711 cryptodecentralized/51713 cryptodecentralized/51717 cryptodecentralized/51720 cryptodecentralized/51727 cryptodecentralized/51729 cryptodecentralized/51732 cryptodecentralized/51740 cryptodecentralized/51747 cryptodecentralized/51753 cryptodecentralized/51758 cryptodecentralized/51761 cryptodecentralized/51763 cryptodecentralized/51765 cryptodecentralized/51767 cryptodecentralized/51770 cryptodecentralized/51775 cryptodecentralized/51777 cryptodecentralized/51786 cryptodecentralized/51788 cryptodecentralized/51796 cryptodecentralized/51805 cryptodecentralized/51808 cryptodecentralized/51813 cryptodecentralized/51815 cryptodecentralized/51823 cryptodecentralized/51827 cryptodecentralized/51830 cryptodecentralized/51834 cryptodecentralized/51836 cryptodecentralized/51844 cryptodecentralized/51846 cryptodecentralized/51850 cryptodecentralized/51854 cryptodecentralized/51856 cryptodecentralized/51858 cryptodecentralized/51860 cryptodecentralized/51862 cryptodecentralized/51865 cryptodecentralized/51867 cryptodecentralized/51869 cryptodecentralized/51871 cryptodecentralized/51876 cryptodecentralized/51884 cryptodecentralized/51891 cryptodecentralized/51894 cryptodecentralized/51899 cryptodecentralized/51902 cryptodecentralized/51906 cryptodecentralized/51919 cryptodecentralized/51921 cryptodecentralized/51926 cryptodecentralized/51931 cryptodecentralized/51934 cryptodecentralized/51938 cryptodecentralized/51940 cryptodecentralized/51944 cryptodecentralized/51950 cryptodecentralized/51952 cryptodecentralized/51954 cryptodecentralized/51959 cryptodecentralized/51964 cryptodecentralized/51965 cryptodecentralized/51966 cryptodecentralized/51968 cryptodecentralized/51970 cryptodecentralized/51984 cryptodecentralized/51989 cryptodecentralized/51991 cryptodecentralized/51994 cryptodecentralized/52000 cryptodecentralized/52011 cryptodecentralized/52018 cryptodecentralized/52021 cryptodecentralized/52026 cryptodecentralized/52029 cryptodecentralized/52030 cryptodecentralized/52036 cryptodecentralized/52042 cryptodecentralized/52044 cryptodecentralized/52049 cryptodecentralized/52052 cryptodecentralized/52055 cryptodecentralized/52057 cryptodecentralized/52060 cryptodecentralized/52063 cryptodecentralized/52071 cryptodecentralized/52076 cryptodecentralized/52080 cryptodecentralized/52084 cryptodecentralized/52087 cryptodecentralized/52088 cryptodecentralized/52091 cryptodecentralized/52094 cryptodecentralized/52096 cryptodecentralized/52098 cryptodecentralized/52100 cryptodecentralized/52103 cryptodecentralized/52106 cryptodecentralized/52108 cryptodecentralized/52111 cryptodecentralized/52114 cryptodecentralized/52120 cryptodecentralized/52123 cryptodecentralized/52126 cryptodecentralized/52132 cryptodecentralized/52140 cryptodecentralized/52144 cryptodecentralized/52155 cryptodecentralized/52159 cryptodecentralized/52163 cryptodecentralized/52165 cryptodecentralized/52167 cryptodecentralized/52177 cryptodecentralized/52180 cryptodecentralized/52185 cryptodecentralized/52194 cryptodecentralized/52199 cryptodecentralized/52204 cryptodecentralized/52208 cryptodecentralized/52213 cryptodecentralized/52219 cryptodecentralized/52222 cryptodecentralized/52224 cryptodecentralized/52227 cryptodecentralized/52230 cryptodecentralized/52232 cryptodecentralized/52234 cryptodecentralized/52236 cryptodecentralized/52239 cryptodecentralized/52243 cryptodecentralized/52244 cryptodecentralized/52247 cryptodecentralized/52249 cryptodecentralized/52255 cryptodecentralized/52259 cryptodecentralized/52267 cryptodecentralized/52273 cryptodecentralized/52275 cryptodecentralized/52283 cryptodecentralized/52285 cryptodecentralized/52294 cryptodecentralized/52299 cryptodecentralized/52302 cryptodecentralized/52307 cryptodecentralized/52310 cryptodecentralized/52314 cryptodecentralized/52319 cryptodecentralized/52323 cryptodecentralized/52324 cryptodecentralized/52335 cryptodecentralized/52341 cryptodecentralized/52350 cryptodecentralized/52357 cryptodecentralized/52361 cryptodecentralized/52363 cryptodecentralized/52365 cryptodecentralized/52367 cryptodecentralized/52370 cryptodecentralized/52372 cryptodecentralized/52376 cryptodecentralized/52378 cryptodecentralized/52380 cryptodecentralized/52386 cryptodecentralized/52388 cryptodecentralized/52392 cryptodecentralized/52396 cryptodecentralized/52398 cryptodecentralized/52402 cryptodecentralized/52410 cryptodecentralized/52421 cryptodecentralized/52427 cryptodecentralized/52436 cryptodecentralized/52439 cryptodecentralized/52445 cryptodecentralized/52446 cryptodecentralized/52449 cryptodecentralized/52451 cryptodecentralized/52454 cryptodecentralized/52455 cryptodecentralized/52459 cryptodecentralized/52462 cryptodecentralized/52464 cryptodecentralized/52477 cryptodecentralized/52479 cryptodecentralized/52485 cryptodecentralized/52489 cryptodecentralized/52490 cryptodecentralized/52499 cryptodecentralized/52501 cryptodecentralized/52504 cryptodecentralized/52506 cryptodecentralized/52510 cryptodecentralized/52512 cryptodecentralized/52515 cryptodecentralized/52518 cryptodecentralized/52520 cryptodecentralized/52523 cryptodecentralized/52525 cryptodecentralized/52531 cryptodecentralized/52535 cryptodecentralized/52547 cryptodecentralized/52557 cryptodecentralized/52559 cryptodecentralized/52561 cryptodecentralized/52564 cryptodecentralized/52568 cryptodecentralized/52573 cryptodecentralized/52579 cryptodecentralized/52583 cryptodecentralized/52585 cryptodecentralized/52587 cryptodecentralized/52592 cryptodecentralized/52596 cryptodecentralized/52598 cryptodecentralized/52604 cryptodecentralized/52606 cryptodecentralized/52611 cryptodecentralized/52613 cryptodecentralized/52615 cryptodecentralized/52617 cryptodecentralized/52619 cryptodecentralized/52621 cryptodecentralized/52623 cryptodecentralized/52625 cryptodecentralized/52630 cryptodecentralized/52638 cryptodecentralized/52643 cryptodecentralized/52649 cryptodecentralized/52654 cryptodecentralized/52660 cryptodecentralized/52673 cryptodecentralized/52676 cryptodecentralized/52680 cryptodecentralized/52684 cryptodecentralized/52687 cryptodecentralized/52691 cryptodecentralized/52697 cryptodecentralized/52699 cryptodecentralized/52703 cryptodecentralized/52708 cryptodecentralized/52713 cryptodecentralized/52715 cryptodecentralized/52727 cryptodecentralized/52729 cryptodecentralized/52731 cryptodecentralized/52733 cryptodecentralized/52744 cryptodecentralized/52750 cryptodecentralized/52761 cryptodecentralized/52765 cryptodecentralized/52767 cryptodecentralized/52769 cryptodecentralized/52771 cryptodecentralized/52779 cryptodecentralized/52792 cryptodecentralized/52800 cryptodecentralized/52805 cryptodecentralized/52809 cryptodecentralized/52811 cryptodecentralized/52815 cryptodecentralized/52823 cryptodecentralized/52826 cryptodecentralized/52827 cryptodecentralized/52831 cryptodecentralized/52835 cryptodecentralized/52837 cryptodecentralized/52842 cryptodecentralized/52845 cryptodecentralized/52847 cryptodecentralized/52850 cryptodecentralized/52855 cryptodecentralized/52857 cryptodecentralized/52859 cryptodecentralized/52862 cryptodecentralized/52864 cryptodecentralized/52866 cryptodecentralized/52868 cryptodecentralized/52872 cryptodecentralized/52885 cryptodecentralized/52889 cryptodecentralized/52898 cryptodecentralized/52912 cryptodecentralized/52914 cryptodecentralized/52917 cryptodecentralized/52927 cryptodecentralized/52929 cryptodecentralized/52937 cryptodecentralized/52947 cryptodecentralized/52950 cryptodecentralized/52952 cryptodecentralized/52958 cryptodecentralized/52964 cryptodecentralized/52969 cryptodecentralized/52977 cryptodecentralized/52979 cryptodecentralized/52983 cryptodecentralized/52986 cryptodecentralized/52988 cryptodecentralized/52990 cryptodecentralized/52994 cryptodecentralized/52996 cryptodecentralized/52998 cryptodecentralized/53004 cryptodecentralized/53009 cryptodecentralized/53012 cryptodecentralized/53014 cryptodecentralized/53016 cryptodecentralized/53018 cryptodecentralized/53036 cryptodecentralized/53052 cryptodecentralized/53066 cryptodecentralized/53068 cryptodecentralized/53072 cryptodecentralized/53075 cryptodecentralized/53079 cryptodecentralized/53086 cryptodecentralized/53090 cryptodecentralized/53105 cryptodecentralized/53107 cryptodecentralized/53111 cryptodecentralized/53112 cryptodecentralized/53115 cryptodecentralized/53117 cryptodecentralized/53121 cryptodecentralized/53123 cryptodecentralized/53125 cryptodecentralized/53128 cryptodecentralized/53134 cryptodecentralized/53136 cryptodecentralized/53138 cryptodecentralized/53141 cryptodecentralized/53146 cryptodecentralized/53148 cryptodecentralized/53150 cryptodecentralized/53152 cryptodecentralized/53159 cryptodecentralized/53163 cryptodecentralized/53169 cryptodecentralized/53176 cryptodecentralized/53182 cryptodecentralized/53190 cryptodecentralized/53193 cryptodecentralized/53201 cryptodecentralized/53202 cryptodecentralized/53213 cryptodecentralized/53217 cryptodecentralized/53220 cryptodecentralized/53225 cryptodecentralized/53227 cryptodecentralized/53232 cryptodecentralized/53235 cryptodecentralized/53237 cryptodecentralized/53239 cryptodecentralized/53244 cryptodecentralized/53246 cryptodecentralized/53250 cryptodecentralized/53252 cryptodecentralized/53254 cryptodecentralized/53257 cryptodecentralized/53261 cryptodecentralized/53263 cryptodecentralized/53265 cryptodecentralized/53267 cryptodecentralized/53270 cryptodecentralized/53295 cryptodecentralized/53299 cryptodecentralized/53305 cryptodecentralized/53310 cryptodecentralized/53312 cryptodecentralized/53316 cryptodecentralized/53323 cryptodecentralized/53325 cryptodecentralized/53339 cryptodecentralized/53346 cryptodecentralized/53348 cryptodecentralized/53351 cryptodecentralized/53353 cryptodecentralized/53355 cryptodecentralized/53358 cryptodecentralized/53360 cryptodecentralized/53361 cryptodecentralized/53365 cryptodecentralized/53368 cryptodecentralized/53370 cryptodecentralized/53373 cryptodecentralized/53384 cryptodecentralized/53388 cryptodecentralized/53396 cryptodecentralized/53399 cryptodecentralized/53408 cryptodecentralized/53413 cryptodecentralized/53415 cryptodecentralized/53422 cryptodecentralized/53425 cryptodecentralized/53428 cryptodecentralized/53435 cryptodecentralized/53438 cryptodecentralized/53451 cryptodecentralized/53453 cryptodecentralized/53455 cryptodecentralized/53459 cryptodecentralized/53461 cryptodecentralized/53465 cryptodecentralized/53467 cryptodecentralized/53470 cryptodecentralized/53474 cryptodecentralized/53477 cryptodecentralized/53480 cryptodecentralized/53486 cryptodecentralized/53490 cryptodecentralized/53506 cryptodecentralized/53508 cryptodecentralized/53513 cryptodecentralized/53516 cryptodecentralized/53519 cryptodecentralized/53525 cryptodecentralized/53530 cryptodecentralized/53532 cryptodecentralized/53540 cryptodecentralized/53545 cryptodecentralized/53551 cryptodecentralized/53554 cryptodecentralized/53563 cryptodecentralized/53569 cryptodecentralized/53571 cryptodecentralized/53574 cryptodecentralized/53577 cryptodecentralized/53580 cryptodecentralized/53582 cryptodecentralized/53585 cryptodecentralized/53588 cryptodecentralized/53590 cryptodecentralized/53595 cryptodecentralized/53599 cryptodecentralized/53601 cryptodecentralized/53603 cryptodecentralized/53608 cryptodecentralized/53611 cryptodecentralized/53619 cryptodecentralized/53624 cryptodecentralized/53629 cryptodecentralized/53640 cryptodecentralized/53649 cryptodecentralized/53650 cryptodecentralized/53657 cryptodecentralized/53660 cryptodecentralized/53664 cryptodecentralized/53668 cryptodecentralized/53670 cryptodecentralized/53672 cryptodecentralized/53680 cryptodecentralized/53684 cryptodecentralized/53688 cryptodecentralized/53693 cryptodecentralized/53695 cryptodecentralized/53698 cryptodecentralized/53700 cryptodecentralized/53702 cryptodecentralized/53704 cryptodecentralized/53710 cryptodecentralized/53712 cryptodecentralized/53717 cryptodecentralized/53723 cryptodecentralized/53725 cryptodecentralized/53734 cryptodecentralized/53737 cryptodecentralized/53743 cryptodecentralized/53747 cryptodecentralized/53750 cryptodecentralized/53752 cryptodecentralized/53757 cryptodecentralized/53760 cryptodecentralized/53763 cryptodecentralized/53765 cryptodecentralized/53766 cryptodecentralized/53771 cryptodecentralized/53772 cryptodecentralized/53775 cryptodecentralized/53779 cryptodecentralized/53783 cryptodecentralized/53785 cryptodecentralized/53790 cryptodecentralized/53792 cryptodecentralized/53793 cryptodecentralized/53797 cryptodecentralized/53801 cryptodecentralized/53806 cryptodecentralized/53811 cryptodecentralized/53816 cryptodecentralized/53818 cryptodecentralized/53821 cryptodecentralized/53825 cryptodecentralized/53830 cryptodecentralized/53832 cryptodecentralized/53835 cryptodecentralized/53837 cryptodecentralized/53840 cryptodecentralized/53842 cryptodecentralized/53845 cryptodecentralized/53852 cryptodecentralized/53855 cryptodecentralized/53857 cryptodecentralized/53859 cryptodecentralized/53863 cryptodecentralized/53866 cryptodecentralized/53873 cryptodecentralized/53875 cryptodecentralized/53877 cryptodecentralized/53880 cryptodecentralized/53882 cryptodecentralized/53893 cryptodecentralized/53897 cryptodecentralized/53904 cryptodecentralized/53910 cryptodecentralized/53913 cryptodecentralized/53917 cryptodecentralized/53920 cryptodecentralized/53922 cryptodecentralized/53928 cryptodecentralized/53932 cryptodecentralized/53936 cryptodecentralized/53942 cryptodecentralized/53948 cryptodecentralized/53952 cryptodecentralized/53954 cryptodecentralized/53956 cryptodecentralized/53960 cryptodecentralized/53962 cryptodecentralized/53964 cryptodecentralized/53966 cryptodecentralized/53967 cryptodecentralized/53971 cryptodecentralized/53973 cryptodecentralized/53975 cryptodecentralized/53977 cryptodecentralized/53982 cryptodecentralized/53988 cryptodecentralized/53990 cryptodecentralized/53992 cryptodecentralized/53994 cryptodecentralized/53996 cryptodecentralized/54000 cryptodecentralized/54006 cryptodecentralized/54009 cryptodecentralized/54020 cryptodecentralized/54026 cryptodecentralized/54029 cryptodecentralized/54031 cryptodecentralized/54040 cryptodecentralized/54044 cryptodecentralized/54047 cryptodecentralized/54054 cryptodecentralized/54060 cryptodecentralized/54068 cryptodecentralized/54074 cryptodecentralized/54077 cryptodecentralized/54079 cryptodecentralized/54085 cryptodecentralized/54092 cryptodecentralized/54096 cryptodecentralized/54100 cryptodecentralized/54104 cryptodecentralized/54106 cryptodecentralized/54108 cryptodecentralized/54110 cryptodecentralized/54112 cryptodecentralized/54114 cryptodecentralized/54117 cryptodecentralized/54119 cryptodecentralized/54123 cryptodecentralized/54127 cryptodecentralized/54144 cryptodecentralized/54151 cryptodecentralized/54155 cryptodecentralized/54157 cryptodecentralized/54162 cryptodecentralized/54165 cryptodecentralized/54169 cryptodecentralized/54171 cryptodecentralized/54173 cryptodecentralized/54177 cryptodecentralized/54180 cryptodecentralized/54183 cryptodecentralized/54186 cryptodecentralized/54189 cryptodecentralized/54200 cryptodecentralized/54202 cryptodecentralized/54204 cryptodecentralized/54207 cryptodecentralized/54209 cryptodecentralized/54211 cryptodecentralized/54213 cryptodecentralized/54216 cryptodecentralized/54221 cryptodecentralized/54223 cryptodecentralized/54226 cryptodecentralized/54231 cryptodecentralized/54240 cryptodecentralized/54246 cryptodecentralized/54248 cryptodecentralized/54250 cryptodecentralized/54255 cryptodecentralized/54258 cryptodecentralized/54270 cryptodecentralized/54275 cryptodecentralized/54280 cryptodecentralized/54287 cryptodecentralized/54291 cryptodecentralized/54293 cryptodecentralized/54298 cryptodecentralized/54301 cryptodecentralized/54303 cryptodecentralized/54307 cryptodecentralized/54309 cryptodecentralized/54311 cryptodecentralized/54312 cryptodecentralized/54315 cryptodecentralized/54317 cryptodecentralized/54320 cryptodecentralized/54322 cryptodecentralized/54325 cryptodecentralized/54328 cryptodecentralized/54330 cryptodecentralized/54332 cryptodecentralized/54335 cryptodecentralized/54336 cryptodecentralized/54340 cryptodecentralized/54343 cryptodecentralized/54346 cryptodecentralized/54350 cryptodecentralized/54353 cryptodecentralized/54356 cryptodecentralized/54358 cryptodecentralized/54363 cryptodecentralized/54368 cryptodecentralized/54374 cryptodecentralized/54381 cryptodecentralized/54385 cryptodecentralized/54389 cryptodecentralized/54402 cryptodecentralized/54408 cryptodecentralized/54410 cryptodecentralized/54417 cryptodecentralized/54420 cryptodecentralized/54422 cryptodecentralized/54424 cryptodecentralized/54429 cryptodecentralized/54432 cryptodecentralized/54436 cryptodecentralized/54438 cryptodecentralized/54443 cryptodecentralized/54445 cryptodecentralized/54457 cryptodecentralized/54460 cryptodecentralized/54462 cryptodecentralized/54465 cryptodecentralized/54467 cryptodecentralized/54469 cryptodecentralized/54471 cryptodecentralized/54473 cryptodecentralized/54475 cryptodecentralized/54479 cryptodecentralized/54482 cryptodecentralized/54485 cryptodecentralized/54489 cryptodecentralized/54492 cryptodecentralized/54494 cryptodecentralized/54496 cryptodecentralized/54499 cryptodecentralized/54501 cryptodecentralized/54508 cryptodecentralized/54514 cryptodecentralized/54518 cryptodecentralized/54520 cryptodecentralized/54525 cryptodecentralized/54534 cryptodecentralized/54535 cryptodecentralized/54538 cryptodecentralized/54543 cryptodecentralized/54547 cryptodecentralized/54550 cryptodecentralized/54554 cryptodecentralized/54559 cryptodecentralized/54563 cryptodecentralized/54566 cryptodecentralized/54568 cryptodecentralized/54574 cryptodecentralized/54579 cryptodecentralized/54581 cryptodecentralized/54588 cryptodecentralized/54591 cryptodecentralized/54593 cryptodecentralized/54595 cryptodecentralized/54597 cryptodecentralized/54599 cryptodecentralized/54601 cryptodecentralized/54603 cryptodecentralized/54606 cryptodecentralized/54614 cryptodecentralized/54616 cryptodecentralized/54618 cryptodecentralized/54620 cryptodecentralized/54622 cryptodecentralized/54625 cryptodecentralized/54628 cryptodecentralized/54631 cryptodecentralized/54642 cryptodecentralized/54645 cryptodecentralized/54648 cryptodecentralized/54662 cryptodecentralized/54665 cryptodecentralized/54666 cryptodecentralized/54669 cryptodecentralized/54674 cryptodecentralized/54682 cryptodecentralized/54683 cryptodecentralized/54687 cryptodecentralized/54689 cryptodecentralized/54691 cryptodecentralized/54695 cryptodecentralized/54701 cryptodecentralized/54703 cryptodecentralized/54707 cryptodecentralized/54710 cryptodecentralized/54713 cryptodecentralized/54715 cryptodecentralized/54717 cryptodecentralized/54718 cryptodecentralized/54721 cryptodecentralized/54722 cryptodecentralized/54725 cryptodecentralized/54727 cryptodecentralized/54732 cryptodecentralized/54735 cryptodecentralized/54737 cryptodecentralized/54741 cryptodecentralized/54743 cryptodecentralized/54746 cryptodecentralized/54749 cryptodecentralized/54754 cryptodecentralized/54757 cryptodecentralized/54766 cryptodecentralized/54768 cryptodecentralized/54772 cryptodecentralized/54778 cryptodecentralized/54783 cryptodecentralized/54789 cryptodecentralized/54791 cryptodecentralized/54797 cryptodecentralized/54805 cryptodecentralized/54806 cryptodecentralized/54814 cryptodecentralized/54820 cryptodecentralized/54823 cryptodecentralized/54829 cryptodecentralized/54831 cryptodecentralized/54833 cryptodecentralized/54836 cryptodecentralized/54838 cryptodecentralized/54840 cryptodecentralized/54842 cryptodecentralized/54845 cryptodecentralized/54847 cryptodecentralized/54850 cryptodecentralized/54855 cryptodecentralized/54871 cryptodecentralized/54880 cryptodecentralized/54889 cryptodecentralized/54892 cryptodecentralized/54896 cryptodecentralized/54902 cryptodecentralized/54905 cryptodecentralized/54907 cryptodecentralized/54915 cryptodecentralized/54918 cryptodecentralized/54925 cryptodecentralized/54927 cryptodecentralized/54935 cryptodecentralized/54939 cryptodecentralized/54944 cryptodecentralized/54947 cryptodecentralized/54949 cryptodecentralized/54951 cryptodecentralized/54957 cryptodecentralized/54961 cryptodecentralized/54963 cryptodecentralized/54969 cryptodecentralized/54971 cryptodecentralized/54974 cryptodecentralized/54982 cryptodecentralized/54985 cryptodecentralized/54993 cryptodecentralized/54995 cryptodecentralized/54997 cryptodecentralized/55001 cryptodecentralized/55007 cryptodecentralized/55009 cryptodecentralized/55014 cryptodecentralized/55019 cryptodecentralized/55021 cryptodecentralized/55028 cryptodecentralized/55033 cryptodecentralized/55037 cryptodecentralized/55040 cryptodecentralized/55046 cryptodecentralized/55049 cryptodecentralized/55051 cryptodecentralized/55053 cryptodecentralized/55055 cryptodecentralized/55057 cryptodecentralized/55059 cryptodecentralized/55062 cryptodecentralized/55066 cryptodecentralized/55068 cryptodecentralized/55071 cryptodecentralized/55073 cryptodecentralized/55077 cryptodecentralized/55080 cryptodecentralized/55085 cryptodecentralized/55087 cryptodecentralized/55089 cryptodecentralized/55091 cryptodecentralized/55101 cryptodecentralized/55104 cryptodecentralized/55112 cryptodecentralized/55115 cryptodecentralized/55126 cryptodecentralized/55129 cryptodecentralized/55132 cryptodecentralized/55137 cryptodecentralized/55139 cryptodecentralized/55145 cryptodecentralized/55149 cryptodecentralized/55151 cryptodecentralized/55154 cryptodecentralized/55157 cryptodecentralized/55160 cryptodecentralized/55167 cryptodecentralized/55170 cryptodecentralized/55172 cryptodecentralized/55174 cryptodecentralized/55180 cryptodecentralized/55182 cryptodecentralized/55184 cryptodecentralized/55187 cryptodecentralized/55189 cryptodecentralized/55192 cryptodecentralized/55194 cryptodecentralized/55196 cryptodecentralized/55203 cryptodecentralized/55211 cryptodecentralized/55214 cryptodecentralized/55221 cryptodecentralized/55224 cryptodecentralized/55226 cryptodecentralized/55228 cryptodecentralized/55231 cryptodecentralized/55239 cryptodecentralized/55241 cryptodecentralized/55244 cryptodecentralized/55247 cryptodecentralized/55250 cryptodecentralized/55251 cryptodecentralized/55268 cryptodecentralized/55275 cryptodecentralized/55280 cryptodecentralized/55284 cryptodecentralized/55286 cryptodecentralized/55289 cryptodecentralized/55291 cryptodecentralized/55299 cryptodecentralized/55302 cryptodecentralized/55304 cryptodecentralized/55307 cryptodecentralized/55312 cryptodecentralized/55314 cryptodecentralized/55316 cryptodecentralized/55320 cryptodecentralized/55325 cryptodecentralized/55327 cryptodecentralized/55329 cryptodecentralized/55333 cryptodecentralized/55335 cryptodecentralized/55337 cryptodecentralized/55339 cryptodecentralized/55342 cryptodecentralized/55356 cryptodecentralized/55358 cryptodecentralized/55366 cryptodecentralized/55368 cryptodecentralized/55373 cryptodecentralized/55377 cryptodecentralized/55379 cryptodecentralized/55382 cryptodecentralized/55392 cryptodecentralized/55393 cryptodecentralized/55398 cryptodecentralized/55401 cryptodecentralized/55403 cryptodecentralized/55404 cryptodecentralized/55409 cryptodecentralized/55415 cryptodecentralized/55418 cryptodecentralized/55423 cryptodecentralized/55426 cryptodecentralized/55436 cryptodecentralized/55438 cryptodecentralized/55443 cryptodecentralized/55446 cryptodecentralized/55448 cryptodecentralized/55450 cryptodecentralized/55454 cryptodecentralized/55457 cryptodecentralized/55459 cryptodecentralized/55461 cryptodecentralized/55468 cryptodecentralized/55470 cryptodecentralized/55472 cryptodecentralized/55474 cryptodecentralized/55476 cryptodecentralized/55478 cryptodecentralized/55480 cryptodecentralized/55482 cryptodecentralized/55486 cryptodecentralized/55488 cryptodecentralized/55491 cryptodecentralized/55493 cryptodecentralized/55498 cryptodecentralized/55507 cryptodecentralized/55508 cryptodecentralized/55518 cryptodecentralized/55524 cryptodecentralized/55534 cryptodecentralized/55536 cryptodecentralized/55540 cryptodecentralized/55545 cryptodecentralized/55546 cryptodecentralized/55549 cryptodecentralized/55557 cryptodecentralized/55561 cryptodecentralized/55565 cryptodecentralized/55570 cryptodecentralized/55572 cryptodecentralized/55575 cryptodecentralized/55578 cryptodecentralized/55581 cryptodecentralized/55586 cryptodecentralized/55592 cryptodecentralized/55594 cryptodecentralized/55597 cryptodecentralized/55599 cryptodecentralized/55601 cryptodecentralized/55603 cryptodecentralized/55606 cryptodecentralized/55608 cryptodecentralized/55614 cryptodecentralized/55617 cryptodecentralized/55627 cryptodecentralized/55631 cryptodecentralized/55633 cryptodecentralized/55645 cryptodecentralized/55653 cryptodecentralized/55655 cryptodecentralized/55658 cryptodecentralized/55666 cryptodecentralized/55668 cryptodecentralized/55674 cryptodecentralized/55677 cryptodecentralized/55679 cryptodecentralized/55683 cryptodecentralized/55688 cryptodecentralized/55691 cryptodecentralized/55695 cryptodecentralized/55699 cryptodecentralized/55701 cryptodecentralized/55706 cryptodecentralized/55708 cryptodecentralized/55713 cryptodecentralized/55721 cryptodecentralized/55725 cryptodecentralized/55727 cryptodecentralized/55730 cryptodecentralized/55733 cryptodecentralized/55741 cryptodecentralized/55747 cryptodecentralized/55756 cryptodecentralized/55763 cryptodecentralized/55772 cryptodecentralized/55777 cryptodecentralized/55781 cryptodecentralized/55784 cryptodecentralized/55787 cryptodecentralized/55793 cryptodecentralized/55796 cryptodecentralized/55798 cryptodecentralized/55801 cryptodecentralized/55803 cryptodecentralized/55805 cryptodecentralized/55809 cryptodecentralized/55812 cryptodecentralized/55814 cryptodecentralized/55816 cryptodecentralized/55819 cryptodecentralized/55822 cryptodecentralized/55824 cryptodecentralized/55834 cryptodecentralized/55836 cryptodecentralized/55840 cryptodecentralized/55842 cryptodecentralized/55845 cryptodecentralized/55852 cryptodecentralized/55854 cryptodecentralized/55856 cryptodecentralized/55859 cryptodecentralized/55867 cryptodecentralized/55873 cryptodecentralized/55879 cryptodecentralized/55882 cryptodecentralized/55885 cryptodecentralized/55888 cryptodecentralized/55898 cryptodecentralized/55903 cryptodecentralized/55907 cryptodecentralized/55910 cryptodecentralized/55913 cryptodecentralized/55920 cryptodecentralized/55922 cryptodecentralized/55924 cryptodecentralized/55926 cryptodecentralized/55934 cryptodecentralized/55937 cryptodecentralized/55939 cryptodecentralized/55944 cryptodecentralized/55946 cryptodecentralized/55952 cryptodecentralized/55955 cryptodecentralized/55959 cryptodecentralized/55961 cryptodecentralized/55964 cryptodecentralized/55967 cryptodecentralized/55969 cryptodecentralized/55971 cryptodecentralized/55973 cryptodecentralized/55978 cryptodecentralized/55983 cryptodecentralized/55987 cryptodecentralized/55996 cryptodecentralized/56009 cryptodecentralized/56015 cryptodecentralized/56018 cryptodecentralized/56021 cryptodecentralized/56024 cryptodecentralized/56034 cryptodecentralized/56048 cryptodecentralized/56052 cryptodecentralized/56057 cryptodecentralized/56059 cryptodecentralized/56061 cryptodecentralized/56066 cryptodecentralized/56068 cryptodecentralized/56071 cryptodecentralized/56075 cryptodecentralized/56078 cryptodecentralized/56081 cryptodecentralized/56083 cryptodecentralized/56087 cryptodecentralized/56090 cryptodecentralized/56093 cryptodecentralized/56100 cryptodecentralized/56102 cryptodecentralized/56104 cryptodecentralized/56106 cryptodecentralized/56111 cryptodecentralized/56113 cryptodecentralized/56115 cryptodecentralized/56118 cryptodecentralized/56121 cryptodecentralized/56125 cryptodecentralized/56127 cryptodecentralized/56131 cryptodecentralized/56133 cryptodecentralized/56137 cryptodecentralized/56139 cryptodecentralized/56144 cryptodecentralized/56160 cryptodecentralized/56167 cryptodecentralized/56169 cryptodecentralized/56171 cryptodecentralized/56177 cryptodecentralized/56180 cryptodecentralized/56185 cryptodecentralized/56189 cryptodecentralized/56194 cryptodecentralized/56197 cryptodecentralized/56199 cryptodecentralized/56203 cryptodecentralized/56207 cryptodecentralized/56210 cryptodecentralized/56211 cryptodecentralized/56218 cryptodecentralized/56219 cryptodecentralized/56226 cryptodecentralized/56229 cryptodecentralized/56232 cryptodecentralized/56234 cryptodecentralized/56237 cryptodecentralized/56239 cryptodecentralized/56241 cryptodecentralized/56243 cryptodecentralized/56246 cryptodecentralized/56248 cryptodecentralized/56250 cryptodecentralized/56252 cryptodecentralized/56254 cryptodecentralized/56257 cryptodecentralized/56259 cryptodecentralized/56262 cryptodecentralized/56264 cryptodecentralized/56267 cryptodecentralized/56269 cryptodecentralized/56274 cryptodecentralized/56277 cryptodecentralized/56281 cryptodecentralized/56288 cryptodecentralized/56291 cryptodecentralized/56293 cryptodecentralized/56307 cryptodecentralized/56316 cryptodecentralized/56318 cryptodecentralized/56321 cryptodecentralized/56328 cryptodecentralized/56330 cryptodecentralized/56334 cryptodecentralized/56341 cryptodecentralized/56343 cryptodecentralized/56345 cryptodecentralized/56349 cryptodecentralized/56354 cryptodecentralized/56357 cryptodecentralized/56359 cryptodecentralized/56362 cryptodecentralized/56369 cryptodecentralized/56371 cryptodecentralized/56375 cryptodecentralized/56378 cryptodecentralized/56381 cryptodecentralized/56385 cryptodecentralized/56388 cryptodecentralized/56391 cryptodecentralized/56394 cryptodecentralized/56396 cryptodecentralized/56398 cryptodecentralized/56401 cryptodecentralized/56403 cryptodecentralized/56409 cryptodecentralized/56415 cryptodecentralized/56418 cryptodecentralized/56421 cryptodecentralized/56426 cryptodecentralized/56438 cryptodecentralized/56439 cryptodecentralized/56453 cryptodecentralized/56454 cryptodecentralized/56466 cryptodecentralized/56469 cryptodecentralized/56471 cryptodecentralized/56472 cryptodecentralized/56475 cryptodecentralized/56477 cryptodecentralized/56480 cryptodecentralized/56482 cryptodecentralized/56485 cryptodecentralized/56490 cryptodecentralized/56492 cryptodecentralized/56503 cryptodecentralized/56505 cryptodecentralized/56511 cryptodecentralized/56513 cryptodecentralized/56516 cryptodecentralized/56519 cryptodecentralized/56526 cryptodecentralized/56529 cryptodecentralized/56536 cryptodecentralized/56540 cryptodecentralized/56543 cryptodecentralized/56553 cryptodecentralized/56556 cryptodecentralized/56559 cryptodecentralized/56574 cryptodecentralized/56576 cryptodecentralized/56578 cryptodecentralized/56584 cryptodecentralized/56586 cryptodecentralized/56589 cryptodecentralized/56594 cryptodecentralized/56597 cryptodecentralized/56601 cryptodecentralized/56604 cryptodecentralized/56607 cryptodecentralized/56611 cryptodecentralized/56613 cryptodecentralized/56615 cryptodecentralized/56618 cryptodecentralized/56621 cryptodecentralized/56625 cryptodecentralized/56627 cryptodecentralized/56629 cryptodecentralized/56633 cryptodecentralized/56639 cryptodecentralized/56642 cryptodecentralized/56657 cryptodecentralized/56660 cryptodecentralized/56664 cryptodecentralized/56665 cryptodecentralized/56668 cryptodecentralized/56670 cryptodecentralized/56675 cryptodecentralized/56683 cryptodecentralized/56687 cryptodecentralized/56696 cryptodecentralized/56698 cryptodecentralized/56701 cryptodecentralized/56703 cryptodecentralized/56705 cryptodecentralized/56707 cryptodecentralized/56710 cryptodecentralized/56711 cryptodecentralized/56716 cryptodecentralized/56718 cryptodecentralized/56722 cryptodecentralized/56724 cryptodecentralized/56726 cryptodecentralized/56729 cryptodecentralized/56731 cryptodecentralized/56733 cryptodecentralized/56736 cryptodecentralized/56739 cryptodecentralized/56742 cryptodecentralized/56745 cryptodecentralized/56747 cryptodecentralized/56751 cryptodecentralized/56755 cryptodecentralized/56757 cryptodecentralized/56761 cryptodecentralized/56771 cryptodecentralized/56775 cryptodecentralized/56777 cryptodecentralized/56779 cryptodecentralized/56784 cryptodecentralized/56786 cryptodecentralized/56791 cryptodecentralized/56794 cryptodecentralized/56804 cryptodecentralized/56806 cryptodecentralized/56807 cryptodecentralized/56811 cryptodecentralized/56814 cryptodecentralized/56821 cryptodecentralized/56823 cryptodecentralized/56826 cryptodecentralized/56834 cryptodecentralized/56838 cryptodecentralized/56842 cryptodecentralized/56854 cryptodecentralized/56857 cryptodecentralized/56859 cryptodecentralized/56861 cryptodecentralized/56868 cryptodecentralized/56869 cryptodecentralized/56872 cryptodecentralized/56874 cryptodecentralized/56876 cryptodecentralized/56879 cryptodecentralized/56881 cryptodecentralized/56887 cryptodecentralized/56889 cryptodecentralized/56894 cryptodecentralized/56898 cryptodecentralized/56902 cryptodecentralized/56906 cryptodecentralized/56911 cryptodecentralized/56913 cryptodecentralized/56924 cryptodecentralized/56927 cryptodecentralized/56929 cryptodecentralized/56933 cryptodecentralized/56938 cryptodecentralized/56942 cryptodecentralized/56951 cryptodecentralized/56953 cryptodecentralized/56958 cryptodecentralized/56960 cryptodecentralized/56962 cryptodecentralized/56964 cryptodecentralized/56968 cryptodecentralized/56972 cryptodecentralized/56975 cryptodecentralized/56983 cryptodecentralized/56986 cryptodecentralized/56988 cryptodecentralized/56992 cryptodecentralized/56994 cryptodecentralized/56999 cryptodecentralized/57001 cryptodecentralized/57004 cryptodecentralized/57006 cryptodecentralized/57009 cryptodecentralized/57012 cryptodecentralized/57014 cryptodecentralized/57017 cryptodecentralized/57020 cryptodecentralized/57025 cryptodecentralized/57027 cryptodecentralized/57029 cryptodecentralized/57032 cryptodecentralized/57036 cryptodecentralized/57050 cryptodecentralized/57054 cryptodecentralized/57058 cryptodecentralized/57064 cryptodecentralized/57072 cryptodecentralized/57077 cryptodecentralized/57079 cryptodecentralized/57083 cryptodecentralized/57085 cryptodecentralized/57087 cryptodecentralized/57093 cryptodecentralized/57095 cryptodecentralized/57100 cryptodecentralized/57106 cryptodecentralized/57109 cryptodecentralized/57113 cryptodecentralized/57119 cryptodecentralized/57126 cryptodecentralized/57129 cryptodecentralized/57130 cryptodecentralized/57133 cryptodecentralized/57138 cryptodecentralized/57143 cryptodecentralized/57145 cryptodecentralized/57149 cryptodecentralized/57154 cryptodecentralized/57158 cryptodecentralized/57168 cryptodecentralized/57173 cryptodecentralized/57175 cryptodecentralized/57180 cryptodecentralized/57186 cryptodecentralized/57199 cryptodecentralized/57202 cryptodecentralized/57204 cryptodecentralized/57207 cryptodecentralized/57209 cryptodecentralized/57215 cryptodecentralized/57223 cryptodecentralized/57234 cryptodecentralized/57237 cryptodecentralized/57244 cryptodecentralized/57251 cryptodecentralized/57258 cryptodecentralized/57268 cryptodecentralized/57274 cryptodecentralized/57285 cryptodecentralized/57291 cryptodecentralized/57311 cryptodecentralized/57313 cryptodecentralized/57317 cryptodecentralized/57320 cryptodecentralized/57324 cryptodecentralized/57331 cryptodecentralized/57345 cryptodecentralized/57363 cryptodecentralized/57366 cryptodecentralized/57371 cryptodecentralized/57377 cryptodecentralized/57388 cryptodecentralized/57398 cryptodecentralized/57410 cryptodecentralized/57416 cryptodecentralized/57426 cryptodecentralized/57428 cryptodecentralized/57438 cryptodecentralized/57447 cryptodecentralized/57449 cryptodecentralized/57455 cryptodecentralized/57460 cryptodecentralized/57466 cryptodecentralized/57468 cryptodecentralized/57470 cryptodecentralized/57479 cryptodecentralized/57483 cryptodecentralized/57485 cryptodecentralized/57491 cryptodecentralized/57493 cryptodecentralized/57497 cryptodecentralized/57499 cryptodecentralized/57501 cryptodecentralized/57515 cryptodecentralized/57521 cryptodecentralized/57527 cryptodecentralized/57549 cryptodecentralized/57563 cryptodecentralized/57565 cryptodecentralized/57567 cryptodecentralized/57571 cryptodecentralized/57575 cryptodecentralized/57582 cryptodecentralized/57584 cryptodecentralized/57587 cryptodecentralized/57591 cryptodecentralized/57593 cryptodecentralized/57595 cryptodecentralized/57598 cryptodecentralized/57600 cryptodecentralized/57604 cryptodecentralized/57620 cryptodecentralized/57638 cryptodecentralized/57642 cryptodecentralized/57649 cryptodecentralized/57652 cryptodecentralized/57654 cryptodecentralized/57659 cryptodecentralized/57665 cryptodecentralized/57668 cryptodecentralized/57675 cryptodecentralized/57679 cryptodecentralized/57681 cryptodecentralized/57684 cryptodecentralized/57690 cryptodecentralized/57694 cryptodecentralized/57696 cryptodecentralized/57697 cryptodecentralized/57700 cryptodecentralized/57703 cryptodecentralized/57707 cryptodecentralized/57715 cryptodecentralized/57719 cryptodecentralized/57723 cryptodecentralized/57730 cryptodecentralized/57734 cryptodecentralized/57736 cryptodecentralized/57738 cryptodecentralized/57740 cryptodecentralized/57742 cryptodecentralized/57745 cryptodecentralized/57751 cryptodecentralized/57754 cryptodecentralized/57756 cryptodecentralized/57761 cryptodecentralized/57766 cryptodecentralized/57769 cryptodecentralized/57771 cryptodecentralized/57773 cryptodecentralized/57778 cryptodecentralized/57782 cryptodecentralized/57786 cryptodecentralized/57788 cryptodecentralized/57791 cryptodecentralized/57800 cryptodecentralized/57808 cryptodecentralized/57810 cryptodecentralized/57814 cryptodecentralized/57816 cryptodecentralized/57820 cryptodecentralized/57821 cryptodecentralized/57836 cryptodecentralized/57838 cryptodecentralized/57842 cryptodecentralized/57845 cryptodecentralized/57847 cryptodecentralized/57853 cryptodecentralized/57856 cryptodecentralized/57860 cryptodecentralized/57864 cryptodecentralized/57868 cryptodecentralized/57871 cryptodecentralized/57876 cryptodecentralized/57880 cryptodecentralized/57883 cryptodecentralized/57887 cryptodecentralized/57890 cryptodecentralized/57892 cryptodecentralized/57897 cryptodecentralized/57902 cryptodecentralized/57904 cryptodecentralized/57907 cryptodecentralized/57909 cryptodecentralized/57919 cryptodecentralized/57924 cryptodecentralized/57936 cryptodecentralized/57938 cryptodecentralized/57944 cryptodecentralized/57951 cryptodecentralized/57959 cryptodecentralized/57961 cryptodecentralized/57970 cryptodecentralized/57973 cryptodecentralized/57977 cryptodecentralized/57979 cryptodecentralized/57983 cryptodecentralized/57985 cryptodecentralized/57991 cryptodecentralized/57994 cryptodecentralized/58016 cryptodecentralized/58020 cryptodecentralized/58024 cryptodecentralized/58026 cryptodecentralized/58028 cryptodecentralized/58031 cryptodecentralized/58034 cryptodecentralized/58043 cryptodecentralized/58046 cryptodecentralized/58052 cryptodecentralized/58057 cryptodecentralized/58059 cryptodecentralized/58062 cryptodecentralized/58074 cryptodecentralized/58079 cryptodecentralized/58085 cryptodecentralized/58092 cryptodecentralized/58098 cryptodecentralized/58100 cryptodecentralized/58102 cryptodecentralized/58104 cryptodecentralized/58109 cryptodecentralized/58111 cryptodecentralized/58119 cryptodecentralized/58121 cryptodecentralized/58127 cryptodecentralized/58130 cryptodecentralized/58132 cryptodecentralized/58135 cryptodecentralized/58138 cryptodecentralized/58140 cryptodecentralized/58142 cryptodecentralized/58145 cryptodecentralized/58149 cryptodecentralized/58151 cryptodecentralized/58153 cryptodecentralized/58156 cryptodecentralized/58160 cryptodecentralized/58166 cryptodecentralized/58168 cryptodecentralized/58170 cryptodecentralized/58174 cryptodecentralized/58180 cryptodecentralized/58191 cryptodecentralized/58193 cryptodecentralized/58195 cryptodecentralized/58198 cryptodecentralized/58201 cryptodecentralized/58204 cryptodecentralized/58206 cryptodecentralized/58210 cryptodecentralized/58211 cryptodecentralized/58217 cryptodecentralized/58221 cryptodecentralized/58232 cryptodecentralized/58239 cryptodecentralized/58243 cryptodecentralized/58247 cryptodecentralized/58254 cryptodecentralized/58257 cryptodecentralized/58259 cryptodecentralized/58262 cryptodecentralized/58265 cryptodecentralized/58268 cryptodecentralized/58270 cryptodecentralized/58274 cryptodecentralized/58276 cryptodecentralized/58278 cryptodecentralized/58280 cryptodecentralized/58282 cryptodecentralized/58288 cryptodecentralized/58292 cryptodecentralized/58295 cryptodecentralized/58306 cryptodecentralized/58309 cryptodecentralized/58311 cryptodecentralized/58314 cryptodecentralized/58321 cryptodecentralized/58327 cryptodecentralized/58332 cryptodecentralized/58336 cryptodecentralized/58344 cryptodecentralized/58347 cryptodecentralized/58348 cryptodecentralized/58352 cryptodecentralized/58355 cryptodecentralized/58360 cryptodecentralized/58363 cryptodecentralized/58369 cryptodecentralized/58371 cryptodecentralized/58373 cryptodecentralized/58376 cryptodecentralized/58378 cryptodecentralized/58382 cryptodecentralized/58383 cryptodecentralized/58386 cryptodecentralized/58388 cryptodecentralized/58391 cryptodecentralized/58394 cryptodecentralized/58398 cryptodecentralized/58400 cryptodecentralized/58403 cryptodecentralized/58405 cryptodecentralized/58408 cryptodecentralized/58410 cryptodecentralized/58412 cryptodecentralized/58416 cryptodecentralized/58418 cryptodecentralized/58424 cryptodecentralized/58428 cryptodecentralized/58431 cryptodecentralized/58433 cryptodecentralized/58434 cryptodecentralized/58438 cryptodecentralized/58441 cryptodecentralized/58450 cryptodecentralized/58452 cryptodecentralized/58456 cryptodecentralized/58458 cryptodecentralized/58464 cryptodecentralized/58469 cryptodecentralized/58474 cryptodecentralized/58480 cryptodecentralized/58483 cryptodecentralized/58488 cryptodecentralized/58491 cryptodecentralized/58495 cryptodecentralized/58499 cryptodecentralized/58505 cryptodecentralized/58507 cryptodecentralized/58510 cryptodecentralized/58513 cryptodecentralized/58516 cryptodecentralized/58518 cryptodecentralized/58521 cryptodecentralized/58524 cryptodecentralized/58525 cryptodecentralized/58528 cryptodecentralized/58530 cryptodecentralized/58532 cryptodecentralized/58534 cryptodecentralized/58537 cryptodecentralized/58539 cryptodecentralized/58542 cryptodecentralized/58545 cryptodecentralized/58548 cryptodecentralized/58551 cryptodecentralized/58554 cryptodecentralized/58556 cryptodecentralized/58560 cryptodecentralized/58575 cryptodecentralized/58577 cryptodecentralized/58579 cryptodecentralized/58583 cryptodecentralized/58588 cryptodecentralized/58592 cryptodecentralized/58593 cryptodecentralized/58596 cryptodecentralized/58598 cryptodecentralized/58607 cryptodecentralized/58609 cryptodecentralized/58612 cryptodecentralized/58614 cryptodecentralized/58617 cryptodecentralized/58620 cryptodecentralized/58625 cryptodecentralized/58627 cryptodecentralized/58629 cryptodecentralized/58632 cryptodecentralized/58636 cryptodecentralized/58638 cryptodecentralized/58640 cryptodecentralized/58643 cryptodecentralized/58645 cryptodecentralized/58647 cryptodecentralized/58649 cryptodecentralized/58651 cryptodecentralized/58652 cryptodecentralized/58655 cryptodecentralized/58657 cryptodecentralized/58659 cryptodecentralized/58665 cryptodecentralized/58670 cryptodecentralized/58673 cryptodecentralized/58691 cryptodecentralized/58706 cryptodecentralized/58708 cryptodecentralized/58715 cryptodecentralized/58719 cryptodecentralized/58723 cryptodecentralized/58725 cryptodecentralized/58729 cryptodecentralized/58732 cryptodecentralized/58742 cryptodecentralized/58744 cryptodecentralized/58750 cryptodecentralized/58753 cryptodecentralized/58757 cryptodecentralized/58769 cryptodecentralized/58772 cryptodecentralized/58774 cryptodecentralized/58780 cryptodecentralized/58782 cryptodecentralized/58786 cryptodecentralized/58788 cryptodecentralized/58793 cryptodecentralized/58797 cryptodecentralized/58801 cryptodecentralized/58807 cryptodecentralized/58811 cryptodecentralized/58814 cryptodecentralized/58817 cryptodecentralized/58822 cryptodecentralized/58828 cryptodecentralized/58836 cryptodecentralized/58838 cryptodecentralized/58846 cryptodecentralized/58848 cryptodecentralized/58855 cryptodecentralized/58857 cryptodecentralized/58859 cryptodecentralized/58866 cryptodecentralized/58870 cryptodecentralized/58877 cryptodecentralized/58879 cryptodecentralized/58884 cryptodecentralized/58887 cryptodecentralized/58894 cryptodecentralized/58896 cryptodecentralized/58898 cryptodecentralized/58900 cryptodecentralized/58904 cryptodecentralized/58908 cryptodecentralized/58910 cryptodecentralized/58912 cryptodecentralized/58920 cryptodecentralized/58924 cryptodecentralized/58935 cryptodecentralized/58937 cryptodecentralized/58944 cryptodecentralized/58948 cryptodecentralized/58952 cryptodecentralized/58956 cryptodecentralized/58959 cryptodecentralized/58960 cryptodecentralized/58963 cryptodecentralized/58964 cryptodecentralized/58970 cryptodecentralized/58972 cryptodecentralized/58975 cryptodecentralized/58977 cryptodecentralized/59012 cryptodecentralized/59020 cryptodecentralized/59025 cryptodecentralized/59027 cryptodecentralized/59029 cryptodecentralized/59031 cryptodecentralized/59034 cryptodecentralized/59036 cryptodecentralized/59039 cryptodecentralized/59041 cryptodecentralized/59045 cryptodecentralized/59047 cryptodecentralized/59049 cryptodecentralized/59051 cryptodecentralized/59053 cryptodecentralized/59058 cryptodecentralized/59061 cryptodecentralized/59064 cryptodecentralized/59067 cryptodecentralized/59070 cryptodecentralized/59075 cryptodecentralized/59078 cryptodecentralized/59082 cryptodecentralized/59089 cryptodecentralized/59097 cryptodecentralized/59099 cryptodecentralized/59108 cryptodecentralized/59111 cryptodecentralized/59116 cryptodecentralized/59125 cryptodecentralized/59127 cryptodecentralized/59129 cryptodecentralized/59134 cryptodecentralized/59136 cryptodecentralized/59138 cryptodecentralized/59147 cryptodecentralized/59152 cryptodecentralized/59156 cryptodecentralized/59159 cryptodecentralized/59162 cryptodecentralized/59164 cryptodecentralized/59166 cryptodecentralized/59169 cryptodecentralized/59171 cryptodecentralized/59173 cryptodecentralized/59175 cryptodecentralized/59179 cryptodecentralized/59181 cryptodecentralized/59184 cryptodecentralized/59187 cryptodecentralized/59195 cryptodecentralized/59199 cryptodecentralized/59201 cryptodecentralized/59203 cryptodecentralized/59210 cryptodecentralized/59219 cryptodecentralized/59221 cryptodecentralized/59223 cryptodecentralized/59227 cryptodecentralized/59231 cryptodecentralized/59235 cryptodecentralized/59238 cryptodecentralized/59240 cryptodecentralized/59242 cryptodecentralized/59248 cryptodecentralized/59256 cryptodecentralized/59258 cryptodecentralized/59266 cryptodecentralized/59269 cryptodecentralized/59273 cryptodecentralized/59275 cryptodecentralized/59279 cryptodecentralized/59282 cryptodecentralized/59285 cryptodecentralized/59287 cryptodecentralized/59290 cryptodecentralized/59298 cryptodecentralized/59300 cryptodecentralized/59302 cryptodecentralized/59314 cryptodecentralized/59318 cryptodecentralized/59320 cryptodecentralized/59332 cryptodecentralized/59336 cryptodecentralized/59342 cryptodecentralized/59344 cryptodecentralized/59351 cryptodecentralized/59354 cryptodecentralized/59355 cryptodecentralized/59356 cryptodecentralized/59362 cryptodecentralized/59366 cryptodecentralized/59368 cryptodecentralized/59375 cryptodecentralized/59399 cryptodecentralized/59402 cryptodecentralized/59406 cryptodecentralized/59408 cryptodecentralized/59410 cryptodecentralized/59414 cryptodecentralized/59416 cryptodecentralized/59418 cryptodecentralized/59420 cryptodecentralized/59421 cryptodecentralized/59426 cryptodecentralized/59428 cryptodecentralized/59430 cryptodecentralized/59432 cryptodecentralized/59441 cryptodecentralized/59445 cryptodecentralized/59449 cryptodecentralized/59452 cryptodecentralized/59463 cryptodecentralized/59474 cryptodecentralized/59476 cryptodecentralized/59479 cryptodecentralized/59482 cryptodecentralized/59484 cryptodecentralized/59486 cryptodecentralized/59491 cryptodecentralized/59493 cryptodecentralized/59501 cryptodecentralized/59503 cryptodecentralized/59505 cryptodecentralized/59513 cryptodecentralized/59515 cryptodecentralized/59517 cryptodecentralized/59520 cryptodecentralized/59526 cryptodecentralized/59529 cryptodecentralized/59532 cryptodecentralized/59549 cryptodecentralized/59553 cryptodecentralized/59559 cryptodecentralized/59561 cryptodecentralized/59576 cryptodecentralized/59579 cryptodecentralized/59581 cryptodecentralized/59583 cryptodecentralized/59586 cryptodecentralized/59588 cryptodecentralized/59590 cryptodecentralized/59592 cryptodecentralized/59594 cryptodecentralized/59600 cryptodecentralized/59607 cryptodecentralized/59609 cryptodecentralized/59611 cryptodecentralized/59613 cryptodecentralized/59615 cryptodecentralized/59618 cryptodecentralized/59619 cryptodecentralized/59623 cryptodecentralized/59627 cryptodecentralized/59629 cryptodecentralized/59633 cryptodecentralized/59637 cryptodecentralized/59642 cryptodecentralized/59646 cryptodecentralized/59649 cryptodecentralized/59667 cryptodecentralized/59670 cryptodecentralized/59677 cryptodecentralized/59680 cryptodecentralized/59683 cryptodecentralized/59689 cryptodecentralized/59696 cryptodecentralized/59699 cryptodecentralized/59701 cryptodecentralized/59711 cryptodecentralized/59714 cryptodecentralized/59719 cryptodecentralized/59721 cryptodecentralized/59723 cryptodecentralized/59734 cryptodecentralized/59737 cryptodecentralized/59739 cryptodecentralized/59741 cryptodecentralized/59743 cryptodecentralized/59746 cryptodecentralized/59748 cryptodecentralized/59750 cryptodecentralized/59753 cryptodecentralized/59756 cryptodecentralized/59762 cryptodecentralized/59764 cryptodecentralized/59766 cryptodecentralized/59770 cryptodecentralized/59774 cryptodecentralized/59782 cryptodecentralized/59791 cryptodecentralized/59797 cryptodecentralized/59799 cryptodecentralized/59804 cryptodecentralized/59809 cryptodecentralized/59810 cryptodecentralized/59814 cryptodecentralized/59816 cryptodecentralized/59821 cryptodecentralized/59826 cryptodecentralized/59834 cryptodecentralized/59838 cryptodecentralized/59840 cryptodecentralized/59844 cryptodecentralized/59853 cryptodecentralized/59855 cryptodecentralized/59859 cryptodecentralized/59862 cryptodecentralized/59865 cryptodecentralized/59868 cryptodecentralized/59874 cryptodecentralized/59877 cryptodecentralized/59879 cryptodecentralized/59882 cryptodecentralized/59884 cryptodecentralized/59887 cryptodecentralized/59895 cryptodecentralized/59903 cryptodecentralized/59905 cryptodecentralized/59909 cryptodecentralized/59913 cryptodecentralized/59917 cryptodecentralized/59919 cryptodecentralized/59933 cryptodecentralized/59936 cryptodecentralized/59939 cryptodecentralized/59944 cryptodecentralized/59947 cryptodecentralized/59960 cryptodecentralized/59968 cryptodecentralized/59970 cryptodecentralized/59971 cryptodecentralized/59977 cryptodecentralized/59981 cryptodecentralized/59984 cryptodecentralized/59986 cryptodecentralized/59988 cryptodecentralized/59996 cryptodecentralized/59998 cryptodecentralized/60004 cryptodecentralized/60007 cryptodecentralized/60009 cryptodecentralized/60011 cryptodecentralized/60014 cryptodecentralized/60017 cryptodecentralized/60020 cryptodecentralized/60021 cryptodecentralized/60027 cryptodecentralized/60029 cryptodecentralized/60030 cryptodecentralized/60037 cryptodecentralized/60039 cryptodecentralized/60043 cryptodecentralized/60047 cryptodecentralized/60049 cryptodecentralized/60051 cryptodecentralized/60065 cryptodecentralized/60069 cryptodecentralized/60080 cryptodecentralized/60086 cryptodecentralized/60095 cryptodecentralized/60103 cryptodecentralized/60104 cryptodecentralized/60108 cryptodecentralized/60110 cryptodecentralized/60112 cryptodecentralized/60114 cryptodecentralized/60118 cryptodecentralized/60120 cryptodecentralized/60126 cryptodecentralized/60130 cryptodecentralized/60132 cryptodecentralized/60136 cryptodecentralized/60140 cryptodecentralized/60142 cryptodecentralized/60144 cryptodecentralized/60146 cryptodecentralized/60147 cryptodecentralized/60150 cryptodecentralized/60153 cryptodecentralized/60156 cryptodecentralized/60166 cryptodecentralized/60170 cryptodecentralized/60172 cryptodecentralized/60178 cryptodecentralized/60192 cryptodecentralized/60195 cryptodecentralized/60198 cryptodecentralized/60200 cryptodecentralized/60203 cryptodecentralized/60210 cryptodecentralized/60212 cryptodecentralized/60219 cryptodecentralized/60223 cryptodecentralized/60226 cryptodecentralized/60229 cryptodecentralized/60238 cryptodecentralized/60241 cryptodecentralized/60248 cryptodecentralized/60251 cryptodecentralized/60253 cryptodecentralized/60255 cryptodecentralized/60257 cryptodecentralized/60259 cryptodecentralized/60262 cryptodecentralized/60265 cryptodecentralized/60269 cryptodecentralized/60271 cryptodecentralized/60274 cryptodecentralized/60279 cryptodecentralized/60290 cryptodecentralized/60293 cryptodecentralized/60306 cryptodecentralized/60309 cryptodecentralized/60318 cryptodecentralized/60324 cryptodecentralized/60326 cryptodecentralized/60330 cryptodecentralized/60333 cryptodecentralized/60341 cryptodecentralized/60344 cryptodecentralized/60346 cryptodecentralized/60353 cryptodecentralized/60356 cryptodecentralized/60360 cryptodecentralized/60362 cryptodecentralized/60364 cryptodecentralized/60370 cryptodecentralized/60372 cryptodecentralized/60375 cryptodecentralized/60379 cryptodecentralized/60381 cryptodecentralized/60384 cryptodecentralized/60386 cryptodecentralized/60388 cryptodecentralized/60393 cryptodecentralized/60395 cryptodecentralized/60397 cryptodecentralized/60402 cryptodecentralized/60409 cryptodecentralized/60411 cryptodecentralized/60413 cryptodecentralized/60415 cryptodecentralized/60421 cryptodecentralized/60430 cryptodecentralized/60432 cryptodecentralized/60434 cryptodecentralized/60437 cryptodecentralized/60441 cryptodecentralized/60445 cryptodecentralized/60449 cryptodecentralized/60455 cryptodecentralized/60460 cryptodecentralized/60462 cryptodecentralized/60478 cryptodecentralized/60481 cryptodecentralized/60484 cryptodecentralized/60488 cryptodecentralized/60490 cryptodecentralized/60494 cryptodecentralized/60498 cryptodecentralized/60503 cryptodecentralized/60512 cryptodecentralized/60517 cryptodecentralized/60519 cryptodecentralized/60521 cryptodecentralized/60524 cryptodecentralized/60526 cryptodecentralized/60529 cryptodecentralized/60535 cryptodecentralized/60537 cryptodecentralized/60539 cryptodecentralized/60541 cryptodecentralized/60543 cryptodecentralized/60557 cryptodecentralized/60560 cryptodecentralized/60563 cryptodecentralized/60566 cryptodecentralized/60570 cryptodecentralized/60578 cryptodecentralized/60584 cryptodecentralized/60587 cryptodecentralized/60605 cryptodecentralized/60611 cryptodecentralized/60616 cryptodecentralized/60619 cryptodecentralized/60621 cryptodecentralized/60624 cryptodecentralized/60628 cryptodecentralized/60634 cryptodecentralized/60641 cryptodecentralized/60646 cryptodecentralized/60650 cryptodecentralized/60653 cryptodecentralized/60658 cryptodecentralized/60660 cryptodecentralized/60662 cryptodecentralized/60665 cryptodecentralized/60667 cryptodecentralized/60669 cryptodecentralized/60672 cryptodecentralized/60675 cryptodecentralized/60677 cryptodecentralized/60681 cryptodecentralized/60685 cryptodecentralized/60690 cryptodecentralized/60693 cryptodecentralized/60696 cryptodecentralized/60699 cryptodecentralized/60704 cryptodecentralized/60718 cryptodecentralized/60719 cryptodecentralized/60723 cryptodecentralized/60732 cryptodecentralized/60735 cryptodecentralized/60739 cryptodecentralized/60743 cryptodecentralized/60745 cryptodecentralized/60758 cryptodecentralized/60762 cryptodecentralized/60764 cryptodecentralized/60766 cryptodecentralized/60773 cryptodecentralized/60774 cryptodecentralized/60779 cryptodecentralized/60783 cryptodecentralized/60785 cryptodecentralized/60788 cryptodecentralized/60791 cryptodecentralized/60793 cryptodecentralized/60795 cryptodecentralized/60797 cryptodecentralized/60799 cryptodecentralized/60801 cryptodecentralized/60804 cryptodecentralized/60807 cryptodecentralized/60809 cryptodecentralized/60815 cryptodecentralized/60817 cryptodecentralized/60819 cryptodecentralized/60827 cryptodecentralized/60831 cryptodecentralized/60834 cryptodecentralized/60837 cryptodecentralized/60840 cryptodecentralized/60842 cryptodecentralized/60846 cryptodecentralized/60851 cryptodecentralized/60853 cryptodecentralized/60856 cryptodecentralized/60859 cryptodecentralized/60862 cryptodecentralized/60872 cryptodecentralized/60879 cryptodecentralized/60883 cryptodecentralized/60885 cryptodecentralized/60886 cryptodecentralized/60891 cryptodecentralized/60894 cryptodecentralized/60896 cryptodecentralized/60902 cryptodecentralized/60909 cryptodecentralized/60911 cryptodecentralized/60914 cryptodecentralized/60917 cryptodecentralized/60918 cryptodecentralized/60922 cryptodecentralized/60925 cryptodecentralized/60927 cryptodecentralized/60929 cryptodecentralized/60931 cryptodecentralized/60933 cryptodecentralized/60935 cryptodecentralized/60939 cryptodecentralized/60941 cryptodecentralized/60947 cryptodecentralized/60962 cryptodecentralized/60967 cryptodecentralized/60973 cryptodecentralized/60978 cryptodecentralized/60983 cryptodecentralized/60987 cryptodecentralized/60990 cryptodecentralized/60998 cryptodecentralized/61001 cryptodecentralized/61007 cryptodecentralized/61009 cryptodecentralized/61015 cryptodecentralized/61017 cryptodecentralized/61023 cryptodecentralized/61034 cryptodecentralized/61037 cryptodecentralized/61039 cryptodecentralized/61041 cryptodecentralized/61043 cryptodecentralized/61049 cryptodecentralized/61051 cryptodecentralized/61053 cryptodecentralized/61057 cryptodecentralized/61060 cryptodecentralized/61063 cryptodecentralized/61066 cryptodecentralized/61069 cryptodecentralized/61078 cryptodecentralized/61086 cryptodecentralized/61089 cryptodecentralized/61091 cryptodecentralized/61095 cryptodecentralized/61102 cryptodecentralized/61105 cryptodecentralized/61108 cryptodecentralized/61111 cryptodecentralized/61114 cryptodecentralized/61121 cryptodecentralized/61124 cryptodecentralized/61129 cryptodecentralized/61130 cryptodecentralized/61136 cryptodecentralized/61141 cryptodecentralized/61143 cryptodecentralized/61145 cryptodecentralized/61158 cryptodecentralized/61163 cryptodecentralized/61166 cryptodecentralized/61174 cryptodecentralized/61177 cryptodecentralized/61179 cryptodecentralized/61181 cryptodecentralized/61184 cryptodecentralized/61186 cryptodecentralized/61188 cryptodecentralized/61191 cryptodecentralized/61194 cryptodecentralized/61197 cryptodecentralized/61199 cryptodecentralized/61203 cryptodecentralized/61205 cryptodecentralized/61209 cryptodecentralized/61223 cryptodecentralized/61225 cryptodecentralized/61228 cryptodecentralized/61234 cryptodecentralized/61252 cryptodecentralized/61255 cryptodecentralized/61258 cryptodecentralized/61278 cryptodecentralized/61279 cryptodecentralized/61284 cryptodecentralized/61286 cryptodecentralized/61288 cryptodecentralized/61291 cryptodecentralized/61294 cryptodecentralized/61297 cryptodecentralized/61303 cryptodecentralized/61305 cryptodecentralized/61308 cryptodecentralized/61311 cryptodecentralized/61321 cryptodecentralized/61327 cryptodecentralized/61331 cryptodecentralized/61333 cryptodecentralized/61335 cryptodecentralized/61338 cryptodecentralized/61340 cryptodecentralized/61342 cryptodecentralized/61344 cryptodecentralized/61346 cryptodecentralized/61349 cryptodecentralized/61351 cryptodecentralized/61353 cryptodecentralized/61357 cryptodecentralized/61360 cryptodecentralized/61362 cryptodecentralized/61369 cryptodecentralized/61372 cryptodecentralized/61375 cryptodecentralized/61382 cryptodecentralized/61396 cryptodecentralized/61400 cryptodecentralized/61402 cryptodecentralized/61406 cryptodecentralized/61409 cryptodecentralized/61413 cryptodecentralized/61415 cryptodecentralized/61418 cryptodecentralized/61423 cryptodecentralized/61428 cryptodecentralized/61429 cryptodecentralized/61435 cryptodecentralized/61438 cryptodecentralized/61440 cryptodecentralized/61446 cryptodecentralized/61449 cryptodecentralized/61451 cryptodecentralized/61460 cryptodecentralized/61464 cryptodecentralized/61471 cryptodecentralized/61473 cryptodecentralized/61475 cryptodecentralized/61477 cryptodecentralized/61479 cryptodecentralized/61481 cryptodecentralized/61484 cryptodecentralized/61485 cryptodecentralized/61489 cryptodecentralized/61491 cryptodecentralized/61492 cryptodecentralized/61495 cryptodecentralized/61497 cryptodecentralized/61501 cryptodecentralized/61503 cryptodecentralized/61506 cryptodecentralized/61508 cryptodecentralized/61511 cryptodecentralized/61513 cryptodecentralized/61515 cryptodecentralized/61517 cryptodecentralized/61523 cryptodecentralized/61525 cryptodecentralized/61528 cryptodecentralized/61538 cryptodecentralized/61542 cryptodecentralized/61544 cryptodecentralized/61546 cryptodecentralized/61549 cryptodecentralized/61551 cryptodecentralized/61560 cryptodecentralized/61566 cryptodecentralized/61570 cryptodecentralized/61573 cryptodecentralized/61575 cryptodecentralized/61579 cryptodecentralized/61582 cryptodecentralized/61585 cryptodecentralized/61587 cryptodecentralized/61592 cryptodecentralized/61594 cryptodecentralized/61595 cryptodecentralized/61599 cryptodecentralized/61603 cryptodecentralized/61605 cryptodecentralized/61610 cryptodecentralized/61617 cryptodecentralized/61619 cryptodecentralized/61621 cryptodecentralized/61624 cryptodecentralized/61625 cryptodecentralized/61638 cryptodecentralized/61640 cryptodecentralized/61647 cryptodecentralized/61653 cryptodecentralized/61654 cryptodecentralized/61658 cryptodecentralized/61674 cryptodecentralized/61676 cryptodecentralized/61681 cryptodecentralized/61684 cryptodecentralized/61686 cryptodecentralized/61691 cryptodecentralized/61698 cryptodecentralized/61702 cryptodecentralized/61704 cryptodecentralized/61706 cryptodecentralized/61713 cryptodecentralized/61714 cryptodecentralized/61717 cryptodecentralized/61721 cryptodecentralized/61723 cryptodecentralized/61726 cryptodecentralized/61727 cryptodecentralized/61732 cryptodecentralized/61737 cryptodecentralized/61739 cryptodecentralized/61741 cryptodecentralized/61745 cryptodecentralized/61749 cryptodecentralized/61751 cryptodecentralized/61753 cryptodecentralized/61758 cryptodecentralized/61760 cryptodecentralized/61762 cryptodecentralized/61764 cryptodecentralized/61766 cryptodecentralized/61768 cryptodecentralized/61770 cryptodecentralized/61772 cryptodecentralized/61774 cryptodecentralized/61777 cryptodecentralized/61781 cryptodecentralized/61787 cryptodecentralized/61808 cryptodecentralized/61816 cryptodecentralized/61829 cryptodecentralized/61833 cryptodecentralized/61843 cryptodecentralized/61846 cryptodecentralized/61855 cryptodecentralized/61860 cryptodecentralized/61873 cryptodecentralized/61881 cryptodecentralized/61883 cryptodecentralized/61885 cryptodecentralized/61888 cryptodecentralized/61890 cryptodecentralized/61894 cryptodecentralized/61900 cryptodecentralized/61904 cryptodecentralized/61906 cryptodecentralized/61914 cryptodecentralized/61917 cryptodecentralized/61924 cryptodecentralized/61932 cryptodecentralized/61935 cryptodecentralized/61941 cryptodecentralized/61943 cryptodecentralized/61947 cryptodecentralized/61957 cryptodecentralized/61962 cryptodecentralized/61964 cryptodecentralized/61973 cryptodecentralized/61975 cryptodecentralized/61980 cryptodecentralized/61982 cryptodecentralized/61990 cryptodecentralized/61992 cryptodecentralized/61994 cryptodecentralized/61998 cryptodecentralized/62000 cryptodecentralized/62003 cryptodecentralized/62005 cryptodecentralized/62007 cryptodecentralized/62011 cryptodecentralized/62014 cryptodecentralized/62017 cryptodecentralized/62020 cryptodecentralized/62026 cryptodecentralized/62028 cryptodecentralized/62032 cryptodecentralized/62035 cryptodecentralized/62049 cryptodecentralized/62059 cryptodecentralized/62063 cryptodecentralized/62066 cryptodecentralized/62068 cryptodecentralized/62070 cryptodecentralized/62072 cryptodecentralized/62075 cryptodecentralized/62085 cryptodecentralized/62088 cryptodecentralized/62092 cryptodecentralized/62096 cryptodecentralized/62098 cryptodecentralized/62105 cryptodecentralized/62113 cryptodecentralized/62116 cryptodecentralized/62119 cryptodecentralized/62128 cryptodecentralized/62135 cryptodecentralized/62139 cryptodecentralized/62141 cryptodecentralized/62145 cryptodecentralized/62148 cryptodecentralized/62150 cryptodecentralized/62152 cryptodecentralized/62154 cryptodecentralized/62157 cryptodecentralized/62159 cryptodecentralized/62162 cryptodecentralized/62164 cryptodecentralized/62166 cryptodecentralized/62170 cryptodecentralized/62172 cryptodecentralized/62175 cryptodecentralized/62177 cryptodecentralized/62179 cryptodecentralized/62184 cryptodecentralized/62186 cryptodecentralized/62188 cryptodecentralized/62190 cryptodecentralized/62205 cryptodecentralized/62212 cryptodecentralized/62214 cryptodecentralized/62220 cryptodecentralized/62222 cryptodecentralized/62228 cryptodecentralized/62236 cryptodecentralized/62241 cryptodecentralized/62246 cryptodecentralized/62250 cryptodecentralized/62254 cryptodecentralized/62259 cryptodecentralized/62265 cryptodecentralized/62268 cryptodecentralized/62274 cryptodecentralized/62277 cryptodecentralized/62283 cryptodecentralized/62284 cryptodecentralized/62287 cryptodecentralized/62289 cryptodecentralized/62292 cryptodecentralized/62295 cryptodecentralized/62299 cryptodecentralized/62304 cryptodecentralized/62306 cryptodecentralized/62309 cryptodecentralized/62312 cryptodecentralized/62315 cryptodecentralized/62317 cryptodecentralized/62322 cryptodecentralized/62327 cryptodecentralized/62331 cryptodecentralized/62334 cryptodecentralized/62335 cryptodecentralized/62338 cryptodecentralized/62340 cryptodecentralized/62362 cryptodecentralized/62363 cryptodecentralized/62367 cryptodecentralized/62372 cryptodecentralized/62374 cryptodecentralized/62376 cryptodecentralized/62385 cryptodecentralized/62388 cryptodecentralized/62391 cryptodecentralized/62397 cryptodecentralized/62398 cryptodecentralized/62403 cryptodecentralized/62406 cryptodecentralized/62408 cryptodecentralized/62411 cryptodecentralized/62413 cryptodecentralized/62419 cryptodecentralized/62424 cryptodecentralized/62426 cryptodecentralized/62431 cryptodecentralized/62433 cryptodecentralized/62437 cryptodecentralized/62439 cryptodecentralized/62442 cryptodecentralized/62444 cryptodecentralized/62446 cryptodecentralized/62448 cryptodecentralized/62453 cryptodecentralized/62455 cryptodecentralized/62457 cryptodecentralized/62459 cryptodecentralized/62462 cryptodecentralized/62464 cryptodecentralized/62466 cryptodecentralized/62468 cryptodecentralized/62476 cryptodecentralized/62481 cryptodecentralized/62492 cryptodecentralized/62498 cryptodecentralized/62501 cryptodecentralized/62504 cryptodecentralized/62508 cryptodecentralized/62516 cryptodecentralized/62524 cryptodecentralized/62527 cryptodecentralized/62528 cryptodecentralized/62531 cryptodecentralized/62537 cryptodecentralized/62540 cryptodecentralized/62545 cryptodecentralized/62550 cryptodecentralized/62555 cryptodecentralized/62557 cryptodecentralized/62562 cryptodecentralized/62563 cryptodecentralized/62567 cryptodecentralized/62570 cryptodecentralized/62572 cryptodecentralized/62574 cryptodecentralized/62577 cryptodecentralized/62580 cryptodecentralized/62585 cryptodecentralized/62587 cryptodecentralized/62602 cryptodecentralized/62622 cryptodecentralized/62625 cryptodecentralized/62631 cryptodecentralized/62647 cryptodecentralized/62652 cryptodecentralized/62659 cryptodecentralized/62661 cryptodecentralized/62663 cryptodecentralized/62666 cryptodecentralized/62670 cryptodecentralized/62675 cryptodecentralized/62677 cryptodecentralized/62683 cryptodecentralized/62687 cryptodecentralized/62696 cryptodecentralized/62706 cryptodecentralized/62708 cryptodecentralized/62712 cryptodecentralized/62714 cryptodecentralized/62716 cryptodecentralized/62720 cryptodecentralized/62733 cryptodecentralized/62737 cryptodecentralized/62741 cryptodecentralized/62744 cryptodecentralized/62747 cryptodecentralized/62750 cryptodecentralized/62753 cryptodecentralized/62758 cryptodecentralized/62762 cryptodecentralized/62766 cryptodecentralized/62770 cryptodecentralized/62772 cryptodecentralized/62774 cryptodecentralized/62776 cryptodecentralized/62780 cryptodecentralized/62783 cryptodecentralized/62786 cryptodecentralized/62788 cryptodecentralized/62790 cryptodecentralized/62792 cryptodecentralized/62798 cryptodecentralized/62801 cryptodecentralized/62803 cryptodecentralized/62807 cryptodecentralized/62811 cryptodecentralized/62823 cryptodecentralized/62825 cryptodecentralized/62829 cryptodecentralized/62838 cryptodecentralized/62841 cryptodecentralized/62844 cryptodecentralized/62850 cryptodecentralized/62854 cryptodecentralized/62857 cryptodecentralized/62866 cryptodecentralized/62869 cryptodecentralized/62872 cryptodecentralized/62876 cryptodecentralized/62881 cryptodecentralized/62882 cryptodecentralized/62885 cryptodecentralized/62889 cryptodecentralized/62891 cryptodecentralized/62893 cryptodecentralized/62895 cryptodecentralized/62897 cryptodecentralized/62899 cryptodecentralized/62902 cryptodecentralized/62905 cryptodecentralized/62908 cryptodecentralized/62910 cryptodecentralized/62911 cryptodecentralized/62918 cryptodecentralized/62921 cryptodecentralized/62924 cryptodecentralized/62927 cryptodecentralized/62936 cryptodecentralized/62937 cryptodecentralized/62953 cryptodecentralized/62961 cryptodecentralized/62963 cryptodecentralized/62967 cryptodecentralized/62972 cryptodecentralized/62976 cryptodecentralized/62979 cryptodecentralized/62982 cryptodecentralized/62986 cryptodecentralized/62988 cryptodecentralized/62990 cryptodecentralized/62992 cryptodecentralized/62997 cryptodecentralized/63003 cryptodecentralized/63005 cryptodecentralized/63009 cryptodecentralized/63012 cryptodecentralized/63014 cryptodecentralized/63016 cryptodecentralized/63020 cryptodecentralized/63022 cryptodecentralized/63024 cryptodecentralized/63026 cryptodecentralized/63029 cryptodecentralized/63031 cryptodecentralized/63033 cryptodecentralized/63036 cryptodecentralized/63039 cryptodecentralized/63041 cryptodecentralized/63043 cryptodecentralized/63045 cryptodecentralized/63048 cryptodecentralized/63051 cryptodecentralized/63053 cryptodecentralized/63056 cryptodecentralized/63060 cryptodecentralized/63065 cryptodecentralized/63067 cryptodecentralized/63077 cryptodecentralized/63082 cryptodecentralized/63089 cryptodecentralized/63093 cryptodecentralized/63097 cryptodecentralized/63099 cryptodecentralized/63102 cryptodecentralized/63104 cryptodecentralized/63106 cryptodecentralized/63112 cryptodecentralized/63118 cryptodecentralized/63123 cryptodecentralized/63133 cryptodecentralized/63136 cryptodecentralized/63140 cryptodecentralized/63143 cryptodecentralized/63147 cryptodecentralized/63151 cryptodecentralized/63153 cryptodecentralized/63154 cryptodecentralized/63159 cryptodecentralized/63161 cryptodecentralized/63166 cryptodecentralized/63168 cryptodecentralized/63170 cryptodecentralized/63175 cryptodecentralized/63177 cryptodecentralized/63180 cryptodecentralized/63183 cryptodecentralized/63185 cryptodecentralized/63187 cryptodecentralized/63189 cryptodecentralized/63194 cryptodecentralized/63196 cryptodecentralized/63199 cryptodecentralized/63201 cryptodecentralized/63206 cryptodecentralized/63208 cryptodecentralized/63211 cryptodecentralized/63213 cryptodecentralized/63216 cryptodecentralized/63218 cryptodecentralized/63228 cryptodecentralized/63230 cryptodecentralized/63233 cryptodecentralized/63237 cryptodecentralized/63248 cryptodecentralized/63257 cryptodecentralized/63260 cryptodecentralized/63265 cryptodecentralized/63266 cryptodecentralized/63270 cryptodecentralized/63272 cryptodecentralized/63275 cryptodecentralized/63278 cryptodecentralized/63281 cryptodecentralized/63282 cryptodecentralized/63287 cryptodecentralized/63290 cryptodecentralized/63294 cryptodecentralized/63296 cryptodecentralized/63298 cryptodecentralized/63303 cryptodecentralized/63305 cryptodecentralized/63309 cryptodecentralized/63311 cryptodecentralized/63312 cryptodecentralized/63315 cryptodecentralized/63317 cryptodecentralized/63319 cryptodecentralized/63321 cryptodecentralized/63323 cryptodecentralized/63326 cryptodecentralized/63330 cryptodecentralized/63334 cryptodecentralized/63339 cryptodecentralized/63347 cryptodecentralized/63350 cryptodecentralized/63356 cryptodecentralized/63358 cryptodecentralized/63367 cryptodecentralized/63387 cryptodecentralized/63419 cryptodecentralized/63421 cryptodecentralized/63424 cryptodecentralized/63430 cryptodecentralized/63436 cryptodecentralized/63440 cryptodecentralized/63451 cryptodecentralized/63453 cryptodecentralized/63465 cryptodecentralized/63469 cryptodecentralized/63472 cryptodecentralized/63483 cryptodecentralized/63485 cryptodecentralized/63490 cryptodecentralized/63495 cryptodecentralized/63498 cryptodecentralized/63500 cryptodecentralized/63509 cryptodecentralized/63517 cryptodecentralized/63519 cryptodecentralized/63531 cryptodecentralized/63537 cryptodecentralized/63542 cryptodecentralized/63549 cryptodecentralized/63557 cryptodecentralized/63569 cryptodecentralized/63574 cryptodecentralized/63576 cryptodecentralized/63595 cryptodecentralized/63598 cryptodecentralized/63609 cryptodecentralized/63612 cryptodecentralized/63618 cryptodecentralized/63624 cryptodecentralized/63627 cryptodecentralized/63635 cryptodecentralized/63638 cryptodecentralized/63648 cryptodecentralized/63655 cryptodecentralized/63665 cryptodecentralized/63671 cryptodecentralized/63673 cryptodecentralized/63677 cryptodecentralized/63682 cryptodecentralized/63684 cryptodecentralized/63701 cryptodecentralized/63729 cryptodecentralized/63734 cryptodecentralized/63738 cryptodecentralized/63740 cryptodecentralized/63746 cryptodecentralized/63749 cryptodecentralized/63761 cryptodecentralized/63771 cryptodecentralized/63776 cryptodecentralized/63783 cryptodecentralized/63785 cryptodecentralized/63796 cryptodecentralized/63802 cryptodecentralized/63816 cryptodecentralized/63822 cryptodecentralized/63826 cryptodecentralized/63831 cryptodecentralized/63835 cryptodecentralized/63844 cryptodecentralized/63848 cryptodecentralized/63850 cryptodecentralized/63852 cryptodecentralized/63857 cryptodecentralized/63862 cryptodecentralized/63864 cryptodecentralized/63866 cryptodecentralized/63869 cryptodecentralized/63872 cryptodecentralized/63876 cryptodecentralized/63883 cryptodecentralized/63888 cryptodecentralized/63895 cryptodecentralized/63917 cryptodecentralized/63918 cryptodecentralized/63928 cryptodecentralized/63930 cryptodecentralized/63939 cryptodecentralized/63952 cryptodecentralized/63961 cryptodecentralized/63964 cryptodecentralized/63965 cryptodecentralized/63972 cryptodecentralized/63975 cryptodecentralized/63981 cryptodecentralized/63990 cryptodecentralized/63993 cryptodecentralized/63996 cryptodecentralized/63999 cryptodecentralized/64002 cryptodecentralized/64007 cryptodecentralized/64010 cryptodecentralized/64020 cryptodecentralized/64035 cryptodecentralized/64038 cryptodecentralized/64040 cryptodecentralized/64045 cryptodecentralized/64048 cryptodecentralized/64054 cryptodecentralized/64056 cryptodecentralized/64058 cryptodecentralized/64061 cryptodecentralized/64067 cryptodecentralized/64069 cryptodecentralized/64074 cryptodecentralized/64081 cryptodecentralized/64087 cryptodecentralized/64101 cryptodecentralized/64112 cryptodecentralized/64114 cryptodecentralized/64121 cryptodecentralized/64129 cryptodecentralized/64133 cryptodecentralized/64137 cryptodecentralized/64139 cryptodecentralized/64143 cryptodecentralized/64145 cryptodecentralized/64148 cryptodecentralized/64153 cryptodecentralized/64160 cryptodecentralized/64168 cryptodecentralized/64169 cryptodecentralized/64175 cryptodecentralized/64182 cryptodecentralized/64189 cryptodecentralized/64191 cryptodecentralized/64195 cryptodecentralized/64198 cryptodecentralized/64202 cryptodecentralized/64204 cryptodecentralized/64212 cryptodecentralized/64214 cryptodecentralized/64218 cryptodecentralized/64227 cryptodecentralized/64232 cryptodecentralized/64235 cryptodecentralized/64239 cryptodecentralized/64245 cryptodecentralized/64247 cryptodecentralized/64251 cryptodecentralized/64253 cryptodecentralized/64256 cryptodecentralized/64259 cryptodecentralized/64264 cryptodecentralized/64267 cryptodecentralized/64272 cryptodecentralized/64274 cryptodecentralized/64276 cryptodecentralized/64279 cryptodecentralized/64281 cryptodecentralized/64283 cryptodecentralized/64289 cryptodecentralized/64292 cryptodecentralized/64297 cryptodecentralized/64304 cryptodecentralized/64321 cryptodecentralized/64325 cryptodecentralized/64327 cryptodecentralized/64331 cryptodecentralized/64333 cryptodecentralized/64347 cryptodecentralized/64355 cryptodecentralized/64356 cryptodecentralized/64361 cryptodecentralized/64364 cryptodecentralized/64366 cryptodecentralized/64390 cryptodecentralized/64392 cryptodecentralized/64398 cryptodecentralized/64414 cryptodecentralized/64419 cryptodecentralized/64423 cryptodecentralized/64427 cryptodecentralized/64431 cryptodecentralized/64436 cryptodecentralized/64438 cryptodecentralized/64441 cryptodecentralized/64443 cryptodecentralized/64447 cryptodecentralized/64448 cryptodecentralized/64452 cryptodecentralized/64457 cryptodecentralized/64461 cryptodecentralized/64466 cryptodecentralized/64472 cryptodecentralized/64477 cryptodecentralized/64488 cryptodecentralized/64499 cryptodecentralized/64502 cryptodecentralized/64509 cryptodecentralized/64515 cryptodecentralized/64525 cryptodecentralized/64532 cryptodecentralized/64536 cryptodecentralized/64545 cryptodecentralized/64555 cryptodecentralized/64559 cryptodecentralized/64562 cryptodecentralized/64565 cryptodecentralized/64570 cryptodecentralized/64578 cryptodecentralized/64589 cryptodecentralized/64593 cryptodecentralized/64597 cryptodecentralized/64601 cryptodecentralized/64607 cryptodecentralized/64610 cryptodecentralized/64615 cryptodecentralized/64634 cryptodecentralized/64644 cryptodecentralized/64646 cryptodecentralized/64649 cryptodecentralized/64651 cryptodecentralized/64658 cryptodecentralized/64665 cryptodecentralized/64668 cryptodecentralized/64672 cryptodecentralized/64678 cryptodecentralized/64682 cryptodecentralized/64685 cryptodecentralized/64690 cryptodecentralized/64708 cryptodecentralized/64712 cryptodecentralized/64724 cryptodecentralized/64725 cryptodecentralized/64733 cryptodecentralized/64737 cryptodecentralized/64745 cryptodecentralized/64763 cryptodecentralized/64767 cryptodecentralized/64771 cryptodecentralized/64776 cryptodecentralized/64788 cryptodecentralized/64798 cryptodecentralized/64805 cryptodecentralized/64809 cryptodecentralized/64812 cryptodecentralized/64814 cryptodecentralized/64817 cryptodecentralized/64819 cryptodecentralized/64825 cryptodecentralized/64827 cryptodecentralized/64831 cryptodecentralized/64836 cryptodecentralized/64840 cryptodecentralized/64845 cryptodecentralized/64849 cryptodecentralized/64852 cryptodecentralized/64858 cryptodecentralized/64862 cryptodecentralized/64864 cryptodecentralized/64869 cryptodecentralized/64871 cryptodecentralized/64873 cryptodecentralized/64883 cryptodecentralized/64886 cryptodecentralized/64889 cryptodecentralized/64907 cryptodecentralized/64917 cryptodecentralized/64920 cryptodecentralized/64927 cryptodecentralized/64934 cryptodecentralized/64937 cryptodecentralized/64949 cryptodecentralized/64951 cryptodecentralized/64956 cryptodecentralized/64963 cryptodecentralized/64967 cryptodecentralized/64984 cryptodecentralized/64996 cryptodecentralized/64998 cryptodecentralized/65002 cryptodecentralized/65006 cryptodecentralized/65011 cryptodecentralized/65015 cryptodecentralized/65020 cryptodecentralized/65023 cryptodecentralized/65024 cryptodecentralized/65029 cryptodecentralized/65034 cryptodecentralized/65037 cryptodecentralized/65041 cryptodecentralized/65044 cryptodecentralized/65054 cryptodecentralized/65056 cryptodecentralized/65060 cryptodecentralized/65068 cryptodecentralized/65072 cryptodecentralized/65074 cryptodecentralized/65078 cryptodecentralized/65100 cryptodecentralized/65111 cryptodecentralized/65114 cryptodecentralized/65116 cryptodecentralized/65119 cryptodecentralized/65123 cryptodecentralized/65133 cryptodecentralized/65142 cryptodecentralized/65147 cryptodecentralized/65150 cryptodecentralized/65153 cryptodecentralized/65154 cryptodecentralized/65163 cryptodecentralized/65167 cryptodecentralized/65175 cryptodecentralized/65197 cryptodecentralized/65203 cryptodecentralized/65208 cryptodecentralized/65210 cryptodecentralized/65213 cryptodecentralized/65219 cryptodecentralized/65221 cryptodecentralized/65232 cryptodecentralized/65235 cryptodecentralized/65237 cryptodecentralized/65242 cryptodecentralized/65248 cryptodecentralized/65251 cryptodecentralized/65256 cryptodecentralized/65257 cryptodecentralized/65263 cryptodecentralized/65267 cryptodecentralized/65269 cryptodecentralized/65271 cryptodecentralized/65275 cryptodecentralized/65287 cryptodecentralized/65311 cryptodecentralized/65314 cryptodecentralized/65322 cryptodecentralized/65325 cryptodecentralized/65338 cryptodecentralized/65342 cryptodecentralized/65344 cryptodecentralized/65346 cryptodecentralized/65348 cryptodecentralized/65361 cryptodecentralized/65365 cryptodecentralized/65371 cryptodecentralized/65382 cryptodecentralized/65384 cryptodecentralized/65404 cryptodecentralized/65408 cryptodecentralized/65412 cryptodecentralized/65414 cryptodecentralized/65416 cryptodecentralized/65420 cryptodecentralized/65425 cryptodecentralized/65428 cryptodecentralized/65430 cryptodecentralized/65432 cryptodecentralized/65436 cryptodecentralized/65438 cryptodecentralized/65447 cryptodecentralized/65449 cryptodecentralized/65451 cryptodecentralized/65455 cryptodecentralized/65461 cryptodecentralized/65463 cryptodecentralized/65466 cryptodecentralized/65471 cryptodecentralized/65473 cryptodecentralized/65479 cryptodecentralized/65482 cryptodecentralized/65484 cryptodecentralized/65486 cryptodecentralized/65510 cryptodecentralized/65515 cryptodecentralized/65520 cryptodecentralized/65522 cryptodecentralized/65526 cryptodecentralized/65528 cryptodecentralized/65538 cryptodecentralized/65555 cryptodecentralized/65562 cryptodecentralized/65564 cryptodecentralized/65571 cryptodecentralized/65575 cryptodecentralized/65581 cryptodecentralized/65589 cryptodecentralized/65595 cryptodecentralized/65598 cryptodecentralized/65601 cryptodecentralized/65607 cryptodecentralized/65612 cryptodecentralized/65614 cryptodecentralized/65619 cryptodecentralized/65621 cryptodecentralized/65622 cryptodecentralized/65625 cryptodecentralized/65627 cryptodecentralized/65630 cryptodecentralized/65633 cryptodecentralized/65635 cryptodecentralized/65638 cryptodecentralized/65652 cryptodecentralized/65656 cryptodecentralized/65657 cryptodecentralized/65679 cryptodecentralized/65688 cryptodecentralized/65696 cryptodecentralized/65703 cryptodecentralized/65716 cryptodecentralized/65723 cryptodecentralized/65727 cryptodecentralized/65729 cryptodecentralized/65733 cryptodecentralized/65740 cryptodecentralized/65761 cryptodecentralized/65765 cryptodecentralized/65770 cryptodecentralized/65772 cryptodecentralized/65775 cryptodecentralized/65781 cryptodecentralized/65791 cryptodecentralized/65800 cryptodecentralized/65809 cryptodecentralized/65813 cryptodecentralized/65824 cryptodecentralized/65829 cryptodecentralized/65836 cryptodecentralized/65838 cryptodecentralized/65842 cryptodecentralized/65851 cryptodecentralized/65854 cryptodecentralized/65866 cryptodecentralized/65869 cryptodecentralized/65871 cryptodecentralized/65889 cryptodecentralized/65900 cryptodecentralized/65902 cryptodecentralized/65905 cryptodecentralized/65920 cryptodecentralized/65921 cryptodecentralized/65926 cryptodecentralized/65930 cryptodecentralized/65940 cryptodecentralized/65956 cryptodecentralized/65962 cryptodecentralized/65963 cryptodecentralized/65970 cryptodecentralized/65974 cryptodecentralized/65980 cryptodecentralized/65986 cryptodecentralized/66003 cryptodecentralized/66008 cryptodecentralized/66010 cryptodecentralized/66012 cryptodecentralized/66016 cryptodecentralized/66018 cryptodecentralized/66024 cryptodecentralized/66026 cryptodecentralized/66027 cryptodecentralized/66036 cryptodecentralized/66046 cryptodecentralized/66048 cryptodecentralized/66053 cryptodecentralized/66061 cryptodecentralized/66063 cryptodecentralized/66072 cryptodecentralized/66099 cryptodecentralized/66101 cryptodecentralized/66107 cryptodecentralized/66110 cryptodecentralized/66112 cryptodecentralized/66116 cryptodecentralized/66145 cryptodecentralized/66147 cryptodecentralized/66153 cryptodecentralized/66154 cryptodecentralized/66160 cryptodecentralized/66171 cryptodecentralized/66177 cryptodecentralized/66181 cryptodecentralized/66184 cryptodecentralized/66195 cryptodecentralized/66207 cryptodecentralized/66214 cryptodecentralized/66220 cryptodecentralized/66223 cryptodecentralized/66226 cryptodecentralized/66236 cryptodecentralized/66241 cryptodecentralized/66244 cryptodecentralized/66247 cryptodecentralized/66253 cryptodecentralized/66258 cryptodecentralized/66262 cryptodecentralized/66268 cryptodecentralized/66274 cryptodecentralized/66280 cryptodecentralized/66282 cryptodecentralized/66284 cryptodecentralized/66290 cryptodecentralized/66295 cryptodecentralized/66313 cryptodecentralized/66314 cryptodecentralized/66319 cryptodecentralized/66323 cryptodecentralized/66328 cryptodecentralized/66335 cryptodecentralized/66340 cryptodecentralized/66341 cryptodecentralized/66342 cryptodecentralized/66347 cryptodecentralized/66354 cryptodecentralized/66358 cryptodecentralized/66359 cryptodecentralized/66375 cryptodecentralized/66379 cryptodecentralized/66380 cryptodecentralized/66391 cryptodecentralized/66393 cryptodecentralized/66400 cryptodecentralized/66405 cryptodecentralized/66410 cryptodecentralized/66415 cryptodecentralized/66417 cryptodecentralized/66421 cryptodecentralized/66424 cryptodecentralized/66432 cryptodecentralized/66435 cryptodecentralized/66437 cryptodecentralized/66440 cryptodecentralized/66444 cryptodecentralized/66446 cryptodecentralized/66449 cryptodecentralized/66453 cryptodecentralized/66459 cryptodecentralized/66464 cryptodecentralized/66466 cryptodecentralized/66468 cryptodecentralized/66475 cryptodecentralized/66489 cryptodecentralized/66491 cryptodecentralized/66512 cryptodecentralized/66514 cryptodecentralized/66517 cryptodecentralized/66519 cryptodecentralized/66524 cryptodecentralized/66528 cryptodecentralized/66530 cryptodecentralized/66535 cryptodecentralized/66540 cryptodecentralized/66548 cryptodecentralized/66555 cryptodecentralized/66561 cryptodecentralized/66577 cryptodecentralized/66580 cryptodecentralized/66586 cryptodecentralized/66587 cryptodecentralized/66594 cryptodecentralized/66597 cryptodecentralized/66604 cryptodecentralized/66610 cryptodecentralized/66617 cryptodecentralized/66623 cryptodecentralized/66625 cryptodecentralized/66628 cryptodecentralized/66631 cryptodecentralized/66637 cryptodecentralized/66647 cryptodecentralized/66658 cryptodecentralized/66661 cryptodecentralized/66663 cryptodecentralized/66665 cryptodecentralized/66671 cryptodecentralized/66675 cryptodecentralized/66677 cryptodecentralized/66679 cryptodecentralized/66692 cryptodecentralized/66694 cryptodecentralized/66696 cryptodecentralized/66704 cryptodecentralized/66708 cryptodecentralized/66724 cryptodecentralized/66732 cryptodecentralized/66734 cryptodecentralized/66737 cryptodecentralized/66743 cryptodecentralized/66766 cryptodecentralized/66770 cryptodecentralized/66775 cryptodecentralized/66788 cryptodecentralized/66793 cryptodecentralized/66796 cryptodecentralized/66798 cryptodecentralized/66802 cryptodecentralized/66809 cryptodecentralized/66810 cryptodecentralized/66819 cryptodecentralized/66828 cryptodecentralized/66831 cryptodecentralized/66835 cryptodecentralized/66839 cryptodecentralized/66841 cryptodecentralized/66846 cryptodecentralized/66849 cryptodecentralized/66855 cryptodecentralized/66860 cryptodecentralized/66862 cryptodecentralized/66865 cryptodecentralized/66868 cryptodecentralized/66872 cryptodecentralized/66874 cryptodecentralized/66881 cryptodecentralized/66886 cryptodecentralized/66911 cryptodecentralized/66925 cryptodecentralized/66930 cryptodecentralized/66939 cryptodecentralized/66948 cryptodecentralized/66952 cryptodecentralized/66963 cryptodecentralized/66965 cryptodecentralized/66978 cryptodecentralized/66981 cryptodecentralized/66990 cryptodecentralized/67003 cryptodecentralized/67007 cryptodecentralized/67013 cryptodecentralized/67018 cryptodecentralized/67021 cryptodecentralized/67031 cryptodecentralized/67036 cryptodecentralized/67043 cryptodecentralized/67045 cryptodecentralized/67061 cryptodecentralized/67062 cryptodecentralized/67074 cryptodecentralized/67077 cryptodecentralized/67080 cryptodecentralized/67089 cryptodecentralized/67091 cryptodecentralized/67104 cryptodecentralized/67106 cryptodecentralized/67108 cryptodecentralized/67124 cryptodecentralized/67127 cryptodecentralized/67156 cryptodecentralized/67158 cryptodecentralized/67164 cryptodecentralized/67167 cryptodecentralized/67170 cryptodecentralized/67172 cryptodecentralized/67212 cryptodecentralized/67214 cryptodecentralized/67216 cryptodecentralized/67218 cryptodecentralized/67221 cryptodecentralized/67224 cryptodecentralized/67238 cryptodecentralized/67241 cryptodecentralized/67244 cryptodecentralized/67246 cryptodecentralized/67248 cryptodecentralized/67250 cryptodecentralized/67286 cryptodecentralized/67288 cryptodecentralized/67298 cryptodecentralized/67299 cryptodecentralized/67303 cryptodecentralized/67320 cryptodecentralized/67322 cryptodecentralized/67324 cryptodecentralized/67342 cryptodecentralized/67354 cryptodecentralized/67356 cryptodecentralized/67372 cryptodecentralized/67373 cryptodecentralized/67379 cryptodecentralized/67383 cryptodecentralized/67387 cryptodecentralized/67390 cryptodecentralized/67395 cryptodecentralized/67399 cryptodecentralized/67401 cryptodecentralized/67403 cryptodecentralized/67419 cryptodecentralized/67421 cryptodecentralized/67424 cryptodecentralized/67427 cryptodecentralized/67433 cryptodecentralized/67435 cryptodecentralized/67443 cryptodecentralized/67445 cryptodecentralized/67449 cryptodecentralized/67451 cryptodecentralized/67453 cryptodecentralized/67455 cryptodecentralized/67457 cryptodecentralized/67459 cryptodecentralized/67466 cryptodecentralized/67474 cryptodecentralized/67476 cryptodecentralized/67494 cryptodecentralized/67496 cryptodecentralized/67498 cryptodecentralized/67499 cryptodecentralized/67502 cryptodecentralized/67503 cryptodecentralized/67506 cryptodecentralized/67507 cryptodecentralized/67531 cryptodecentralized/67547 cryptodecentralized/67555 cryptodecentralized/67585 cryptodecentralized/67594 cryptodecentralized/67631 cryptodecentralized/67635 cryptodecentralized/67647 cryptodecentralized/67661 cryptodecentralized/67667 cryptodecentralized/67700 cryptodecentralized/67703 cryptodecentralized/67709 cryptodecentralized/67711 cryptodecentralized/67722 cryptodecentralized/67727 cryptodecentralized/67734 cryptodecentralized/67749 cryptodecentralized/67760 cryptodecentralized/67762 cryptodecentralized/67770 cryptodecentralized/67785 cryptodecentralized/67787 cryptodecentralized/67803 cryptodecentralized/67808 cryptodecentralized/67820 cryptodecentralized/67825 cryptodecentralized/67828 cryptodecentralized/67855 cryptodecentralized/67869 cryptodecentralized/67882 cryptodecentralized/67885 cryptodecentralized/67895 cryptodecentralized/67913 cryptodecentralized/67936 cryptodecentralized/67943 cryptodecentralized/67946 cryptodecentralized/67958 cryptodecentralized/67964 cryptodecentralized/67982 cryptodecentralized/67999 cryptodecentralized/68004 cryptodecentralized/68007 cryptodecentralized/68021 cryptodecentralized/68034 cryptodecentralized/68037 cryptodecentralized/68039 cryptodecentralized/68045 cryptodecentralized/68070 cryptodecentralized/68099 cryptodecentralized/68105 cryptodecentralized/68126 cryptodecentralized/68137 cryptodecentralized/68141 cryptodecentralized/68145 cryptodecentralized/68148 cryptodecentralized/68160 cryptodecentralized/68163 cryptodecentralized/68169 cryptodecentralized/68177 cryptodecentralized/68178 cryptodecentralized/68183 cryptodecentralized/68185 cryptodecentralized/68188 cryptodecentralized/68191 cryptodecentralized/68200 cryptodecentralized/68203 cryptodecentralized/68205 cryptodecentralized/68211 cryptodecentralized/68233 cryptodecentralized/68248 cryptodecentralized/68253 cryptodecentralized/68256 cryptodecentralized/68258 cryptodecentralized/68266 cryptodecentralized/68270 cryptodecentralized/68274 cryptodecentralized/68283 cryptodecentralized/68285 cryptodecentralized/68292 cryptodecentralized/68295 cryptodecentralized/68302 cryptodecentralized/68310 cryptodecentralized/68315 cryptodecentralized/68324 cryptodecentralized/68329 cryptodecentralized/68335 cryptodecentralized/68338 cryptodecentralized/68340 cryptodecentralized/68342 cryptodecentralized/68345 cryptodecentralized/68348 cryptodecentralized/68351 cryptodecentralized/68353 cryptodecentralized/68361 cryptodecentralized/68363 cryptodecentralized/68374 cryptodecentralized/68385 cryptodecentralized/68400 cryptodecentralized/68402 cryptodecentralized/68415 cryptodecentralized/68417 cryptodecentralized/68427 cryptodecentralized/68432 cryptodecentralized/68442 cryptodecentralized/68455 cryptodecentralized/68458 cryptodecentralized/68462 cryptodecentralized/68471 cryptodecentralized/68475 cryptodecentralized/68477 cryptodecentralized/68511 cryptodecentralized/68515 cryptodecentralized/68521 nftylabs toncoin,Crypto,tgdataset,1,public_db/folder_0/file_21_from_cryptoatlas_io_to_dailybowie.json
1151387276,CryptoEmpire_Signal,Crypto Empire Signal™,This Channel Aims to Provide Cryptocurrency Signals for Long Term (1+  Year ) Mid-Term (3 - 6 Months) & Short Term (01 - 30 Days) .   @AshuEmperor- (Founder & C.E.O)  Don't Ask For Paid & Cross Promotion .   #BTC - 100K - 120K USD March - April 2022,False,False,86910,5844,2022-07-31,1,joinchat/aaaaaesgxowsmutqy2vo2a,Crypto,tgdataset,1,public_db/folder_0/file_21_from_cryptoatlas_io_to_dailybowie.json
1213007918,CryptoExchangeListing,Crypto Exchange Listing,This channel aims to accurately predict the listing of a new token on an exchange before the official announcement.  Full description: https://goo.gl/2z2k83  Contact: https://goo.gl/sHf7gc,False,False,5902,5155,2020-12-29,3,cryptoexchangelisting honeybadgercapital tezosnotifierbot,Crypto,tgdataset,1,public_db/folder_0/file_21_from_cryptoatlas_io_to_dailybowie.json
1425918085,cryptofreeSi,,YouTube channel-https://youtu.be/GrCfNhV13kk  Crypto only🤑🤑  Bitcoin. Litecoin. 🥴🥴Shitcoins.  NOT A FINANCIAL ADVICE (#NFA)   Regards- KOMBATYT.,False,False,66,60,2021-06-29,0,,Crypto,tgdataset,1,public_db/folder_0/file_21_from_cryptoatlas_io_to_dailybowie.json
1386572118,Cryptofuturetrade_cryptocurrency,CRYPTO ANGRY - BINANCE,DAILY FREE CALLS - TRADE -EARN  WHY TO SPEND 100$ for Vip signal or even more just for signal   WELCOME HERE WE TRADE   BIANACE + OLYMPTRADE + iqoption + Binomo +  Spot trading and Many more …   ALL SIGNALS WILL BE 97% accurate   REST AT YOUR  @iTsMeAngry,False,False,858,476,2022-05-12,1,cryptoangryop,Crypto,tgdataset,1,public_db/folder_0/file_21_from_cryptoatlas_io_to_dailybowie.json
1224798585,cryptoizoffice,Cryptoiz Research,Join VVIP signal Cryptoiz : @wisnukr44 @fauziyara07 WEB: WWW.CRYPTOIZ.NET Partnership and AMA or Event contact :  email : marketing@cryptoiz.net Telegram Contact @agus_artemiss @pebri1002 @septiyanarf WARNING TIDAK MENERIMA PENITIPAN TRADING!!!!,False,False,10826,10601,2022-07-31,432,+_hue8dvkbfoxnge9 +h8hzav9pmso4ytk5 +mgebssrz6kk0yze9 +xxr2l8nypfmyngq1 aaxcommunity agrinobleairdropbot algogemslounge algolaunch/9 amarafinance ambireofficial ancientgemairdropbot angrymals anypad_chat apyfinancechat arsitekcrypto artistonenft artistonenftmarket astraguild astronauttoken asvalabsofficial atokencommunity atokenidnofficial avatarwarsgroup babylonsnft badbitgames bagelsfinance baoechannel baoeglobaloffi baoeglobalofficial battledronesairdropbot battleverse_news battleverse_news/137 bholdus_id bifrost_global binance_indonesian binaricxindonesia bingbonindonesia bingbonofficial bitcoinbanana2ndroundbot bitgeten bitkeep_official bitmartexchange bitmaxioenglishofficial bitmex_group bitwell_english bitwell_indonesia bitwell_indonesia/14653 bityardenglish bityardindonesia bityardindonesianews bkndtoken botplanetchat bscpicksairdropbot bscstation burnbnb1/115 casinoland_network chainlinkid cheesus_main_eng chimerasann cirusfoundationairdrop_bot cloudbit_token_group coinmuhendisi connectround2airdropbot corestarter corestarter_chat corionx creoenginechannel creoengineen creoengineid creoengineofficial creoengineofficialairdropbot cryptocityglobal cryptocitymetaverse cryptoizairdropbot cryptoizairdropp cryptoizindone cryptoizindonesia cryptoizoffice cryptoizoffice/17610 cryptoizoffice/17859 cryptoizoffice/8322 cryptoizondonesia cryptoizoption cryptoiztrading cryptolocally cryptoplanes cryptoplanesglobal cryptopyramidinvestors crytoizoption daomaker_id daostarter darenft_official darenft_official_group darkfrontiers dec_ventures deepblueseagame definer definernews defiwarrior_chat demole_iocommunity dexcapitalchannel dfyn_hq dfynofficial distxio don_key_finance dragonsb_offical drivecitynewroundairdropbot drivezann drivezglobal drskull_bot dtdairdropbot efun_channel/1078 efun_channel/1096 efun_channel/1098 efun_channel/886 efun_channel/922 efun_community efun_indonesia eizperchain eizperchainlinks env_finance ezzcryptoiz fearcoin fearnftsannouncement/215 financedotvote financevote findoraann findoraen fipitokenannouncement fishy_tank_whitelist_bot fiwanft_bot flockioficial fly_global fusotao fusotao_announcement_channel gamelogyv2 gameologyv2 gamestarter_co gamestarternews gamiumcorp gamyfi_hq genshardsann genshardschat geodb_id geodbgroup givannouncements gogofinance goodgamesguildchat grabapn greenbeli/250 greenbeli/734 greenbeli_robot greenbelicampaign_bot greenbelichat gulfofficial_airdrop_bot hackenclub hackenclub/251606 herofiann herofiofficial hidden_gemss hotbit_english hotbitindonesia hvs_ventures hyperpay_en icaindonesia icodunyasiairdrop ilcoindevelopmentteam indocryptoforum ioe_network ioen_global iq_cash ispolink ispolink_ann jarvisnetwork jobchainofficial joinchat/aaaaafap0tr767lh_ihnka joinchat/gv4fxrioahixtevplryxcq karvuon_group kingdom_karnage_indo knightwar_br knightwar_cn knightwar_india knightwar_indo knightwar_kr knightwar_srilanka knightwar_thai knightwar_turkey knightwar_vn knightwarph knightwarplaytowin koaladefichat koistarterlaunchpad koistarterofficial kp2rnetworkairdropbot kucoin_exchange kyberdyne_official landshare lbank_en leagueofempireschat legocoinlive letmetrade letmetrade_id letmetrade_vi lgcynetwork liftoffeth listennftvietnam litedex_id litedexprotocol litedexprotocolglobal lpnt_official lunapad_ann lupaxcapitalofficial mantradao mantradao_id maoechannel maoechannel/209 maoeglobalofficial maoeindonesia marketpeak_official mars_ecosystem marsecosystem_idsa mcity_channel mcity_global medicalvedacommunity medicalvedaindon medifaktofficial meo_tools meo_tools_announceme merlinlabindo metabasegg metadhana metapad_community metarix metastrike metastrike/193 metastrike/200 metastrike/239 metastrike/242 metastrike/244 metastrike/247 metastrikechat metaversewear metaxyann metaxyann/199 metaxyann/303 metaxyann/360 metaxyann/485 metaxyann/545 metaxyann/56 metaxyann/561 metaxyann/628 metaxyann/633 metaxyann/634 metaxyann/635 metaxyglobal metaxyvn mexcenglish mexcindonesian mexcindonesian/466433 mexcindonesian/472801 mexcindonesian/478711 mexcindonesian/518389 mexcofficialnews mexcofficialnews/8990 mh_ventures milkywayexofficial misacoin misacoin_id mobiusdefi moonstarterchat muse_community mxcenglish mxcindonesian mxcofficialnews mytheria_vietnam mytheriaglobal mytheriaofficial nanobytebot nanobytecommunity nanochatroom nervosnetwork nexofinance nfdannouncements nfdofficialchat nftprambananjazzfestival nulsio nunuspirits_nft odinplatformbot official_reat_airdrop_bot officialbtslabs officialfirechain ohhash_airdrop_bot oigmain opulous_indonesia opulousannouncements opulousapp originprotocolindonesia paidnetwork participateairdropbot pathdaoofficial pawtocol petalsvideoairdropbot pionexid planetsandbox planetsandbox_ann plotx_official polarsio/655 polarsio/751 polarsio/821 polygonofficial primenumbersfi probitenglish probitglobalofficial probitid probitid/173377 probitid/173402 probitid/173586 proxi_defi quaidaocommunity racefi_ann racefi_io rainmakerann rainmakergames rampdefiofficial ratscoinx1000 razornetwork real_xswapprotocol realfacemelters redhatcommunity regularpresaleglobal rffrmnsyh riodefi_id riodefiofficial risedefenderschat rocketprotocol router_ann routerprotocol royalsmartfuture saigontradercoin sentre sentreannouncements sentreindonesia seorgroup seornetwork seoulstars septiyanarf septiyanarif shuttleone sikobanetwork skrumble snapb snapbotsindo snapex_vn sogursgr solchicksnft solcial solclout sportcashone_group standardprotocol stasisairdropbot stm_wahidteam synapse_official talaxeumchannel talaxeumglobal tao_arts_airdropbot tevcoin theforceprotocol666 thehodlergang thehodlergangchannel thekillboxgamechannel thekillboxtoken themisoracle themonopolist thewebcoincapital titanswap tkb_indonesia tkb_vietnam tkbfrench tkbjapan tkbkorea tkbromania tkbrussia tknt_official tkntindonesia tokenplace tokenplaceannouncement/151 tokocryptoofficial torexofficial triallcommunity triallofficial truepnlchat trustwallet unifiercommunity unitradeapp/69529 unitradeappbeta usenobi_id valoran_english valoranglobal velasofficial ventfinance ventfinance/339 vexaniumid vexupdate vicrewardsid vispx_official vote warenaofficial waves_indonesia wavescommunity webcoincapitalchat weblockenglish wink_org_official wisnukr44 wisnukr_ctz wsppindo xcademy xhumanity xhumanityofficials yieldly youcoinairdropbot ysl_indo ysl_io ysl_price yslen_ann yslvn_ann zappay_official zbscapital zelwinchat zelwinchat/224896 zelwinofficial zkswapofficial zthnews/4174,Crypto,tgdataset,1,public_db/folder_0/file_21_from_cryptoatlas_io_to_dailybowie.json
1294498041,cryptokings25,Crypto Kings™,"Crypto Kings™ Make Your Crypto Work for You!  Everyone should earn with us!  Trade, Investment, Strategies.  Administrators @cryptokingsboss                           @dean_trady",False,False,16896,5400,2022-05-05,72,app360wellness bitcoinbravado/899 consensus18 covesting cryptokings25 cryptokings25/11660 cryptokings25/11684 cryptokings25/11894 cryptokings25/11948 cryptokings25/11987 cryptokings25/12116 cryptokings25/12146 cryptokings25/12257 cryptokings25/12266 cryptokings25/12268 cryptokings25/12335 cryptokings25/12364 cryptokings25/12394 cryptokings25/12412 cryptokings25/12429 cryptokings25/12496 cryptokings25/12506 cryptokings25/12552 cryptokings25/12564 cryptokings25/12834 cryptokings25/12889 cryptokings25/12922 cryptokings25/12966 cryptokings25/12969 cryptokings25/13042 cryptokings25/13160 cryptokings25/13211 cryptokings25/14073 cryptokings5 dabby_finance dabby_supp dao1globalchat friendzico gateio globaltradingrobot iopofficial iopofficial/172102 joinchat/aaaaae-5itq9dsr1n_xetw joinchat/aaaaae4kkgd_b6kjqhugtq joinchat/aaaaae5m-velint6vv0yqq joinchat/aaaaaekdw0z5ihocnuvr8w joinchat/aaaaaekg6z4hs0omn95ydg joinchat/aaaaaeqf98t-luxae457ga joinchat/aaaaaetz6k0yel_xzcv_ma joinchat/aaaaafcytnzrctf7qhs-xw joinchat/aaaaafdaeyijmv2mtx22qg joinchat/dpsp2kpnikhjiwja1iqkoa joinchat/fyvgr0nk5ip7p-ishzyn9g joinchat/hebfmevrmorv_xvtesx7mw joinchat/hqrjlhj7jc9bd2m_rsc54a joinchat/j9kgzu1fb1yp2svxf9dkna joinchat/oqmnix0bstfets5ra3aorw joinchat/s40g8lpglt1vmy9cf9zjia joinchat/tjnnp9ipd9obyluu palmbeachsignals palmbeachvip prophecyproject signalkings tradedean619 vipaltcoinsresults vipbitmexresults yellow_better yellowbetter yfdai yfdaifinance yfdaiglobalsalessupport yfdaiglobalsalessupport/761,Crypto,tgdataset,1,public_db/folder_0/file_21_from_cryptoatlas_io_to_dailybowie.json
1415128182,cryptoland74,,Amazing signals of professionals.  Monthly 100-200% total genuine portfolio profit.  Crypto is not just a name but an emotion.  Contact for VIP membership- @Cryptoadmin7  Signal and investment- @maxwell12345  Feel free to ask for serious questions.,False,False,1292,752,2020-10-02,0,,Crypto,tgdataset,1,public_db/folder_0/file_21_from_cryptoatlas_io_to_dailybowie.json
1230323673,cryptoland_en,CryptoLand™,🏦 Cryptoland Exchange  💎 Easy and Safe Login to the World of #Cryptocurrencies with #Cryptoland #Exchange 💰  🌐 cryptoland.com/en  💠 twitter.com/cryptoland_en  💠 insagram.com/cryptoland_en   For persian user: @CryptoLand,False,False,104082,4334,2022-04-26,5,bridge_oracle bridgeoracle bw_support joinchat/ilgpgvdnmcmldne6rx8p2a mxcenglish,Crypto,tgdataset,1,public_db/folder_0/file_21_from_cryptoatlas_io_to_dailybowie.json
1350751489,CryptoMarketTime,Crypto Market Time,Content is free and it’s not a financial advise.   Business inquiries: @LucaMathis,False,False,119689,1584,2022-07-31,136,+6-jdtuk7mgqzzddi +gnw6igved-hmmjk0 +l5dt08cbjy0yodu0 +rvfgllg0actmzgmy aaxcommunity affynofficial alfapockets arteqio babycakebsc betfury betfuryofficialchannel bexplusexchange bitcasino_official bitcasino_official/68 bitcoin_crypto_memes bitcoin_crypto_signals bitcoin_ethereum_trading bitcoin_insights bitcoin_magazine bitcoin_newstg bitcoinexchangeguides blockchain_explained blockfiswap_channel blockfiswap_official bridge_oracle bridgeoracle btca_en bullishdoge burencycommunity cex_io coinsbit_chat cointelegraphtelegram coinwhispererschat cook_english crypto_blockchain_analysis crypto_marcus crypto_world_news cryptoanalysis100/11096 cryptoanalysis100/4218 cryptoanalysis100/7640 cryptocurrency_inside cryptoloyal1 cryptomarkettime cryptomarkettime__ cryptomarkettimeadmin cryptomarketupdates cryptorubic_chat cryptoworldicos cryptoworldnews cwnchat deficonnectgroup defiforyou_english ekta_community expertforex20 farmskillsbot ferrum_network_announcements/639 fetefinancechat ffengchat firstderivative fly_future footballsport_official21 freedomdogetoken govworld_announcements govworld_community gsitoken hiroshitoken idlswap idlswapenglish indexchain instagramcoinofficial investmenttradingupdates jaguartokenteam joinchat/_tjlmdhek0qxotli joinchat/aaaaaebkabv-h4jzx6kdlq joinchat/aaaaaewt7g6wqtiyw1_veq joinchat/aaaaafbulmihgf6uqz4yta joinchat/aaaaafdqrw3aqm4_a64zkq joinchat/aaaaafvx9gpqdq-4el4txq joinchat/fec3p3abwc0xzmy9 joinchat/kevksc9xffe5owvl joinchat/s6utfsz2ff1tg9vn joinchat/thia3-1go39hnwnl joinchat/yyh8nevzkt8ymgmy justliquidity kaikeninu kaikeninu_bot kaikeninuann metlexannouncement metlexofficial military_finance mimodefi moondefiofficial moondefiofficialgroup mywish_platform neinsfinance nfts_metaverse_coins nfts_opensea_news okexofficial_english oneinchexchange oneinchnetworkchan oneinchnetworknews ouroboros_lika_world papilloncommunityeng papillonofficialchannel pgiglobalasia phemex_en pigtokenbsc plentydefi ploutofinance quattro_tech quorainnercircle reapchainofficialenglish runexbounty_bot s4fe_official satopay smartkeynews spheredefi studyum_crypto_chat studyum_io terablock thebull_crypto thebulltrading therewardtoken tronairdrop1bot ultiarena unfolded/5497 unfolded/6365 unfolded/6398 utopiachatoff web3graphchat wholeearthfoundation x2pofficial__ ybrossfinance yfpower yield_global zabakuinu,Crypto,tgdataset,1,public_db/folder_0/file_21_from_cryptoatlas_io_to_dailybowie.json
1172702125,CryptoMarketUpdates,CryptoMarketUpdates,"@CryptoMarketUpdates is your premier source for everything Crypto or Bitcoin related. We can help you to learn more about the Crypto industry. You can also read the latest news, or promote your product / project with us.  Admin: @wanwangg",False,False,113025,3643,2022-07-31,94,+0kweomm4_efimtcy +ag11ymdxocoxowu1 +cjvqdlnxl4lmndky +gkdnsnfgs2e5zmy6 +gnw6igved-hmmjk0 +i2dbigoj8bq1zduy +oa5vmu2-ildhzmq6 +qzzflycxdunmztrk +vngpdske5_44nwfk +y0xpfj_c6qc4nty0 +ydn3gmymxbu3mwqy affynannouncement/157 affynofficial apecoin_vechain_elrond astraguild astraguildannouncements babyshibtknn babyshibturkiye betfury betfuryofficialchannel bitcoin_crypto_memes bitcoin_crypto_signals bitcoin_ethereum_trading blockfiswap_channel blockfiswap_official bridge_oracle bridgeoracle bscbond bscbondann btca_en buyzooka_official bzzpoolofficial casino360 ccfchat ceekvrnews/292 celeritas celeritasps coinexafrica crypto_bitcoin_trading_news crypto_marcus crypto_publisher crypto_trading_reports cryptobotccsupport cryptocurrency_inside cryptomarketupdates cryptomaxunited cryptomeetsartenglish cryptosnake_channel_ru cryptoworldnews cufinance cufinancegroup defiforyou_english enexspacechat estatexeu flamestrading800 flokimooni hiroshitoken indexchain joinchat/aaaaafbiqnddp0losest9w joinchat/fyzajxxbnnjnq02qjd8ssa joinchat/qupdlrx1orcisiju1-nxvw justliquidity lpnt_official magiccraftgamechat mimodefi moondefiofficial moondefiofficialgroup neinsfinance nft_ime nftimeofficial nimbus_platform_eng nmbplatform nucleusvision_ann oilclubofficialchat okexofficial_english oneinchexchange redfoxlabs_announcements s_table satopay sdcapp shibagun smartkeynews spheredefi superbidio superforecasters tcesmartcontract terablock ultiarena uniswap_pancakeswap viresfinance wavesexchange wavesnews/2510 yearneth yearnethfi,Crypto,tgdataset,1,public_db/folder_0/file_21_from_cryptoatlas_io_to_dailybowie.json
1294337112,cryptomaymay,/biz/ Crypto MayMay Shithole - Bogdanof Down! I repeat both Bogdanof down!,Admin: @ModeratePoster,False,False,3236,5787,2022-07-26,110,amc4all autismcentral/4920 azazelnews/74522 based_tiktok based_tiktok/3886 bearmageddon/4723 bigenergyshitposting/6103 bitcoin_p2p/763669 biz4chan biz_4chan biz_4chan/322541 biz_4chan/332343 bizfeed bizfeed/472 bnetanyahu bobpi/16054 cheemsedits/3850 cig_telegram/11872 cryptomaymay/12389 cryptomaymay/12548 cryptomaymay/12554 cryptomaymay/12587 cryptomaymay/13573 cryptomaymay/20860 cryptomaymay/21043 cryptoquant_official cryptoquant_official/636 cryptoquant_official/677 doge_edits/11673 dogetokenvip durov/142 fakingspace/2745 galedribbleshouseofwaxpolitics gas_me_daddy/10284 glassnode/273 glassnode/279 glassnode/280 glassnode/314 glassnode/317 glassnode/334 glassnode/335 glassnode/337 glassnode/339 glassnode/344 glassnode/350 houseofzoomers/6645 houseofzoomers/6807 icrypto/2119 icrypto/2171 icrypto/2238 icrypto/2281 icrypto/2312 icrypto/2345 icrypto/2355 icrypto/2447 icrypto/2475 icrypto/2497 internethatemachine/4001 internethatemachine/4030 internethatemachine/4179 internethatemachine/4576 internethatemachine/4601 internethatemachine/5063 jew_world_order jew_world_order/3460 jew_world_order/5441 jewishcontributions/248 jewishcontributions/250 joinchat/uboordr74hysfe0o joinchat/urpzocshqi1fecqc joinchat/w1nuscq8fidlzty8 markettwits/130305 nazbol/31690 nazbol/32203 notariffs/10239 notariffs/10303 notariffs/10689 occupywallstreet2 occupywallstreet2/12 randomanonch1 randomanonch1/27978 realblaircottrell reddit_wallstreetbets/261 reddit_wallstreetbets/264 rtintl rtintl/6777 rtintl/7847 s/hyperboreanonslaught__ seccomms/3423 shellshqck/2184 slashbiz sokratesxvii/1118 sokratesxvii/1119 tass_agency/62571 therealkimshadychannel twittervid_bot unfolded/12024 unfolded/12047 unfolded/12079 unfolded/12084 wakingup1984channel/11626 wakingup1984channel/13084 wakingup1984channel/13087 wakingup1984channel/2115 wakingup1984channel/9357 wakingup1984channel/9382 wakingup1984channel/9383 wakingup1984channel/9854 xmrgif/334 xrpqfsnesaragesara1,Crypto,tgdataset,1,public_db/folder_0/file_21_from_cryptoatlas_io_to_dailybowie.json
1180085170,CryptoNewsNowGAB,CRYPTO NEWS NOW,,False,False,526,5465,2022-01-22,0,,Crypto,tgdataset,1,public_db/folder_0/file_21_from_cryptoatlas_io_to_dailybowie.json
1487889236,CryptoNewsSource,Crypto News Source,​​​​We have the best crypto news feed on Telegram  ▶️ Bitcoin Updates  ▶️ Trading Signals  ▶️ Crypto News  ▶️ upcoming ICOs  ▪️Join Now: @CryptoNewsSource  Admin: @Crypto_Marcus,False,False,288238,2042,2022-07-31,79,+-1lmxjqh3h0yyzy0 +0kweomm4_efimtcy +9a1ios9tuuqzmdri +ee1j27naxhblotgy +gnw6igved-hmmjk0 +hpw95eux8vtjowe9 +qzzflycxdunmztrk +vngpdske5_44nwfk affynofficial bh_gift_card bitcoin_crypto_memes bitcoin_ethereum_trading bitcoin_magazine bitcoin_newstg bybit_announcements/848 casino360 cellframe cellframe_dev_en chcryptonews/574 coinsbit_chat crypto_bitcoin_trading_news crypto_ethereum_bitcoin crypto_lab_sn crypto_marcus crypto_publisher crypto_shortnews cryptochannellisting/20 cryptochannellisting/22 cryptochannellisting/24 cryptochannellisting/27 cryptochannellisting/28 cryptochannellisting/29 cryptochannellisting/32 cryptochannellisting/33 cryptocurrency_inside cryptomarkettime cryptonewssource cryptovigilanteann/121 cryptovigilanteann/205 cryptovigilantenews/806 cryptoworldanalysis cryptoworldico cryptoworldicos cryptoworldnew cryptoworldnews defi_ethereum fidometa fidometaairdropbot fidometaofficial flintdotmoney headlines_for_traders hiroshitoken joinchat/aaaaaebkabv-h4jzx6kdlq joinchat/aaaaafbulmihgf6uqz4yta joinchat/aaaaaftxcjtgvcfhabwgra joinchat/vnrntbug_hjinwe0 marketranger marketranger/389 marketranger/390 marketranger/397 marketranger/398 mones_ann monesairdrop_bot neinsfinance nfts_defi nfts_opensea_news oneinchnetworkchan oneinchnetworknews/1035 oneinchnetworknews/1096 pgiglobalasia scalping_kings_btc shibazuna spheredefi superforecasters techcryptoanalyst thebull_crypto unixo_chat wavesnews/2510 zombiescryptosignals,Crypto,tgdataset,1,public_db/folder_0/file_21_from_cryptoatlas_io_to_dailybowie.json
1152479653,CryptonicFreeSignals,Cryptonic™,"Free signals ,Cryptocurrency updates, whales activity,pump alerts  Autotrade service  Signal accuracy 99%  Premium Club membership and ICO Promotion - @CryptonicAdmin  Join Our Testimonials Channel- @Cryptonictestimonials  Visit us -",False,False,9743,2642,2022-07-26,2,cryptonictestimonials joinchat/kyvhtulgjmcylidxv9gc7q,Crypto,tgdataset,1,public_db/folder_0/file_21_from_cryptoatlas_io_to_dailybowie.json
1276415053,cryptonomist_english,The Cryptonomist,"This is the official English channel for Cryptonomist.ch/en The Cryptonomist - Reporting the Future - The latest news about ICO, trading, crypto and fintech",False,False,1988,9643,2022-07-31,1,thenftmagazine,Crypto,tgdataset,1,public_db/folder_0/file_21_from_cryptoatlas_io_to_dailybowie.json
1111343462,CryptoOwnersUnite,CryptoOwnersUnite™طالب العلم,Crypto Owners Unite is A Team of professional Analyst. we provide  Daily&Short Term signals / Swing trades Based on Technical analysis & fundamental analyst. All of our work comes for free to help you in this wild market.  we ask Allah reconcile and repay,False,False,1379,7997,2020-12-21,250,abdulbasit_abdussamed altcoinwhales altcoinwhales/873 altcoinwhales/885 altcoinwhales/891 altitude_signals artemsignals blackstonesignals c/1366536840 coinsniperpro crypto_bull_signal cryptocove cryptocurrency_analyses cryptocurrency_analyses/4134 cryptocurrency_analyses/4146 cryptocurrency_analyses/4188 cryptocurrency_analyses/4190 cryptocurrency_analyses/4191 cryptocurrency_analyses/4206 cryptocurrency_analyses/4259 cryptocurrency_analyses/4270 cryptocurrency_analyses/4498 cryptoownersunite cryptoownersunite/3380 cryptoownersunite/3381 cryptoownersunite/3389 cryptoownersunite/3578 cryptoownersunite/3596 cryptoownersunite/3607 cryptoownersunite/4256 cryptoownersunite/4257 cryptoownersunite/4259 cryptoownersunite/6079 cryptoownersunite/6379 cryptoownersunite/6623 cryptoownersunite/6828 cryptoownersunite/6861 cryptoownersunite/6862 cryptoownersunite/6900 cryptoownersunite/7223 cryptoownersunite/7854 cryptoownersunite/7875 cryptoownersunite/7881 cryptoownersunite/8007 cryptoscanner100eyes dcfreaks dudesignals dzenista excavobroadcast excavochannel excavoico/86 investigationaboutbtce joinchat/aaaaad7xblan_ie15flqla joinchat/aaaaad7xblb97ct5pn5usw joinchat/aaaaaehyr_udyfw7ouee_a joinchat/aaaaaei9wwap41a2dktmyg joinchat/aaaaaei9wwylnhuty_uj-q joinchat/aaaaaei9wwynk_8zqtmu9w joinchat/aaaaaejmh5iuz6ucanoufw joinchat/aaaaaeocm5e9iij2u1otta joinchat/aaaaaerxyqaqkmdv80adkw joinchat/aaaaaeuy0_0vd5ansxcb3g joinchat/aaaaaffzsoiybaujau-rka joinchat/aaaaaffzsojw4c7gb3engq joinchat/aapppt3conm48-kqbm7fgg joinchat/c9o8xurnb_gf6lxshiauww joinchat/c9o8xusgcwf3i2wensbg7w joinchat/epbxgkrnb_hdk5mupygzkq joinchat/g0tklg9ssr-tnvegmsh_ya markfamily/3951 markfamily/3984 markfamily/3985 markfamily/3997 markfamily/3998 markfamily/3999 markfamily/4000 markfamily/4004 markfamily/4007 markfamily/4008 markfamily/4011 markfamily/4012 markfamily/4015 markfamily/4017 markfamily/4052 markfamily/4074 markfamily/4077 markfamily/4078 markfamily/4080 markfamily/4085 markfamily/4091 markfamily/4114 markfamily/4143 marksignals marksignals/4143 marksignals/4259 marksignals/4387 marksignals/4392 marksignals/4395 marksignals/4400 marksignals/4405 marksignals/4407 marksignals/4414 marksignals/4417 marksignals/4418 marksignals/4420 marksignals/4421 marksignals/4427 marksignals/4434 marksignals/4447 marksignals/4449 marksignals/4452 marksignals/4462 marksignals/4464 marksignals/4467 marksignals/4470 marksignals/4471 marksignals/4496 marksignals/4501 marksignals/4504 marksignals/4509 marksignals/4521 marksignals/4524 marksignals/4545 marksignals/4546 marksignals/4565 marksignals/4581 marksignals/4583 marksignals/4584 marksignals/4585 marksignals/4591 marksignals/4594 marksignals/4601 marksignals/4607 marksignals/4610 marksignals/4611 marksignals/4612 marksignals/4613 marksignals/4617 marksignals/4643 marksignals/4645 marksignals/4647 marksignals/4651 marksignals/4660 marksignals/4661 marksignals/4670 marksignals/4671 marksignals/4678 marksignals/4684 marksignals/4686 marksignals/4691 marksignals/4692 marksignals/4703 marksignals/4726 marksignals/4734 marksignals/4776 marksignals/4794 marksignals/4808 marksignals/4830 pcs_signals_results pcs_signals_results/120 peacefulgram polotriex premium_signals ryanscharts talabaleilm talabaleilm/1924 talabaleilm/1945 talabaleilm/1990 talabaleilm/2025 talabaleilm/2101 talabaleilm/2110 talabaleilm/2164 talabaleilm/2183 talabaleilm/2184 talabaleilm/2185 talabaleilm/2240 talabaleilm/2250 talabaleilm/2265 talabaleilm/230 talabaleilm/2302 talabaleilm/2303 talabaleilm/2349 talabaleilm/2350 talabaleilm/2452 talabaleilm/2453 talabaleilm/2455 talabaleilm/2501 talabaleilm/2502 talabaleilm/2516 talabaleilm/2521 talabaleilm/2653 talabaleilm/2654 talabaleilm/2655 talabaleilm/2694 talabaleilm/2739 talabaleilm/2760 talabaleilm/3046 talabaleilm/3294 talabaleilm/3297 talabaleilm/3328 talabaleilm/3337 talabaleilm/3345 talabaleilm/3369 talabaleilm/3375 talabaleilm/3379 talabaleilm/3380 talabaleilm/3382 talabaleilm/3388 talabaleilm/3391 talabaleilm/3415 talabaleilm/3418 talabaleilm/3439 talabaleilm/3441 talabaleilm/3457 talabaleilm/3459 talabaleilm/3463 talabaleilm/3470 talabaleilm/3474 talabaleilm/3479 talabaleilm/3530 talabaleilm/3532 talabaleilm/3543 talabaleilm/3550 talabaleilm/3558 talabaleilm/3564 talabaleilm/3577 talabaleilm/3579 talabaleilm/3580 talabaleilm/3583 talabaleilm/3599 talabaleilm/3600 talabaleilm/3601 talabaleilm/3602 talabaleilm/3605 talabaleilm/3750 talabaleilm/3751 talabaleilm/3756 thewildcrypto vote wildbitcoin wildbitcoin/2076 wildbitcoin/2096 wildbitcoin/2550 wildbitcoin/2825 wildbitcoin/2888 wildbitcoin/2925 wildbitcoin/2931 wildbitcoin/2973 wildbitcoin/3340 zidanecryptochannel,Crypto,tgdataset,1,public_db/folder_0/file_21_from_cryptoatlas_io_to_dailybowie.json
1544644340,CryptoPunksClub,Crypto Punks Club,,False,False,57,892,2022-07-31,72,agesabmyk ancientfeed antigates australiatimes besttokennews binancedailynews bitcoininventors blockchainreport brunopuno capitolnews cardanoreport chicagoreporter cnnunmasked coinbasereport coinbasereport/545 cryptoartmuseum cryptopunksclub cryptosignalsmust ctbch daoautonomous elonmuskinfo ethereumdaily foxnewsfeed goldtradenews govron greatawakeningchannel greatawakeningofficial inchnews iv jeffbridgemaker jerusalemtribune johnfkennedyjr metaverseaccount nftcollectorgroup nftfair nftreport nicolateslanews noahsprophecy officialsatoshi officialsatoshi/4489 officialsatoshi/4837 people4freedom s/sbmkcoin sabmyk sabmyk/42 sabmyk/75 sabmykawakening sbmkchat sbmkcoin sbmkcoin/13 sbmkme sbmkme/132 sbmkme/134 sbmkme/16 sbmkme/172 sbmkme/185 sbmkme/187 sbmkme/192 sbmkme/197 sbmkme/68 sebastianbieniek shawunawaz shibainuinfo solanainfo stablecoinnews starseedchildren supernarrativ thecryptomeme theeconomynews theeuropenews therevolutionnow tuckercarlsonnews,Crypto,tgdataset,1,public_db/folder_0/file_21_from_cryptoatlas_io_to_dailybowie.json
1246846205,cryptoquant_alert,CryptoQuant Alert,- Official Channel: @cryptoquant_official - Customized Alerts: https://cryptoquant.com/alert - Live Charts: cryptoquant.com - Specification: bit.ly/3gUaRbe,False,False,89616,2937,2022-07-31,2,cryptoquant_alert cryptoquant_official,Crypto,tgdataset,1,public_db/folder_0/file_21_from_cryptoatlas_io_to_dailybowie.json
1343715577,cryptoquant_official,CryptoQuant,Realtime Alerts: @cryptoquant_alert Live Charts: cryptoquant.com  Translation Channel 한국어| @cryptoquant_kr Español| @cryptoquant_es 日本語| @cryptoquant_jp Türkçe| @cryptoquant_turkish فارسی| @cryptoquant_fa,False,False,52963,828,2022-07-29,2,cryptoquant_alert cryptoquant_official,Crypto,tgdataset,1,public_db/folder_0/file_21_from_cryptoatlas_io_to_dailybowie.json
1283043045,CryptoRankNews,CryptoRank News,"Derivatives analytics, IEO Platform performance, Trade Alerts, News Aggregator:  https://cryptorank.io/  Follow us on twitter https://twitter.com/CryptoRank_io  Any questions @FreddyMat",False,False,11222,6654,2022-07-31,307,acbtc_community addstickers/defi_by_cryptorankstickers_bot addstickers/exchange_tokens_by_cryptorankstickers_bot addstickers/most_active_by_cryptorankstickers_bot addstickers/top_30_by_cryptorankstickers_bot aliceannouncements/144 apyfinancechat ardanaofficial arpa_community aspoworldchannelofficial/124 axes_metaverse_news/101 bakumarsuswapeng battleofnodes bifrost_finance bikienglish bikirussia bitmaxioenglishofficial bitmaxofficialannouncement bitmaxofficialannouncement/1192 bitsonicofficialkor blastroyale blockchainlife blockchainspace_official blondychain_announce bondedfinance bosagora_eng bpf_eng breederdao bsclaunchgroup bscstation bscstation_media/188 bscstation_media/406 cirusfoundation coinspaid_chat commas/1104 continuumworldofficial convergencefinanceofficial covalenthq credefi cryptodiffer cryptodiffer/2134 cryptofightclubchat cryptology_official/1088 cryptomeda cryptoranken cryptoranken/100190 cryptoranknews cryptoranknews/1248 cryptoranknews/1366 cryptoranknews/1453 cryptoranknews/1546 cryptoranknews/1827 cryptoranknews/1872 cryptoranknews/1883 cryptoranknews/1892 cryptoranknews/1905 cryptoranknews/1914 cryptoranknews/1943 cryptoranknews/1966 cryptoranknews/1975 cryptoranknews/1990 cryptoranknews/1997 cryptoranknews/2003 cryptoranknews/2014 cryptoranknews/2092 cryptoranknews/2143 cryptoranknews/2151 cryptoranknews/2170 cryptoranknews/2245 cryptoranknews/2266 cryptoranknews/2299 cryptoranknews/2359 cryptoranknews/2366 cryptoranknews/2368 cryptoranknews/2431 cryptoranknews/2472 cryptoranknews/2489 cryptoranknews/2532 cryptoranknews/2552 cryptoranknews/2565 cryptoranknews/2609 cryptoranknews/2640 cryptoranknews/2661 cryptoranknews/2681 cryptoranknews/2717 cryptoranknews/2760 cryptoranknews/2765 cryptoranknews/2784 cryptoranknews/2803 cryptoranknews/2826 cryptoranknews/2885 cryptoranknews/2938 cryptoranknews/2954 cryptoranknews/3004 cryptoranknews/3020 cryptoranknews/3032 cryptoranknews/3042 cryptoranknews/3043 cryptoranknews/3105 cryptoranknews/3158 cryptoranknews/3241 cryptoranknews/3254 cryptoranknews/3272 cryptoranknews/3281 cryptoranknews/3314 cryptoranknews/3395 cryptoranknews/3488 cryptoranknews/3586 cryptoranknews/3626 cryptoranknews/3738 cryptoranknews/3837 cryptoranknews/3925 cryptoranknews/3944 cryptoranknews/3976 cryptoranknews/4164 cryptoranknews/5548 cryptoranknews/5873 cryptoranknews/5957 cryptoranknews/6062 cryptoranknews/6178 cryptoranknews/6245 cryptoranknews/6288 cryptoranknews/6389 cryptoranknews/6394 cryptoranknews/6442 cryptoranknews/6453 cryptoranknews/6465 cryptoranknews/6486 cryptoranknews/6496 cryptoranknews/6531 cryptoranknews/6535 cryptoranknews/6572 cryptoranknews/6575 cryptoranknews/6579 cryptoranknews/6580 cryptoranknews/6589 cryptoranknews/6616 cryptoranknews/6620 cryptoranknews/6624 cryptoranknews/6626 cryptoranknews/6635 cryptoranknews/6640 cryptoranknews/6655 cryptoranknews/6662 cryptoranknews/6667 cryptoranknews/6670 cryptoranknews/6677 cryptoranknews/6685 cryptoranknews/6709 cryptoranknews/6709lic-listing-assistance cryptoranknews/6711 cryptoranknews/6717 cryptoranknews/6768 cryptoranknews/6776 cryptoranknews/6804 cryptoranknews/6806 cryptoranknews/6855 cryptoranknews/6862 cryptoranknews/6863 cryptoranknews/6870 cryptoranknews/6891 cryptoranknews/6898 cryptoranknews/6907 cryptoranknews/6909 cryptoranknews/6916 cryptoranknews/6931 cryptoranknews/6991 cryptoranknews/7005 cryptoranknews/7009 cryptoranknews/7028 cryptoranknews/7035 cryptoranknews/7079 cryptoranknews/934 cryptoranknews/992 decubateann/39 definanceann definer definernews/55 dehive_chat deltatheta deltathetanews demoleio demoleio/23 demoleio/49 dexe_network dexe_network/327 dexe_network/331 disciplinaofficial dotmoovs duckliquiditypool elrondvalidators enexspace enter_realm eterbaseexchange ethernitychain ethernitychainnews evanescoio exeedme finnexusofficial flurryfinance_official forwardprotocolofficial fufuofficial gagarin_ico gamiumcorp generation_crypto glitchprotocol hapihf happyland_hpl hathorofficial hcaptchachat hodooi humansdotai insolar iq_protocol ispolink jigstackann jigstackann/41 joinchat/aaaaaewvkmlyzohhbsctrg joinchat/aaaaaewvkmmvokf4nserlq joinchat/aaaaafbulmihgf6uqz4yta joinchat/f33ojkrxef9lmxhcp4of1q joinchat/hv0daxgrc5ssmjfyx2iuja joininjective kingdomxgame label_foundation legends_of_elumia_official legendsofmitra lithiumfinanceofficial matrixetf mechmaster_ann/550 mechmaster_official mercurialfi milcplatform monkeyball_game naboxcommunity nextverse novaannouncements nunet_community o3labsofficial oasisprotocolcommunity occamfi/489 official_9dnft oneinchnetworkchan/985 openleverage orionprotocol pagangods parsiq_channel parsiq_group perafinance petro_swap_ann/13 phuture_group plutus_group polkabridgegroup polkamonorg power_trade proanalysistrader probitenglish projectlarix projectseed radix_dlt ramifigovernance ramifiprotocol rangersprotocol realrealmannouncement/417 realrealmofficial revvcommunity rikkeifinance sappchat scaleswapann/90 sci_finance skylaunchchat smoothy_finance solanaprimeofficial spacecryptoglobal standard_protocol standardprotocol stegos4privacy_official/115 stratoscommunity stripsfi techcryptoanalyst theunfetteredgroup thewastedlands titanhunters tradestarsok umbnetannouncement umbrella_network umbrellanet unfolded unifarm unitradeapp unnfinance upbots_announcement uponlyofficial uti_coin_group ututrust vegacommunity walken_channel warenaofficial waterfalldefi_announcements wonderhero_io xhashtagio ydragonchat yellowroadofficial zencexofficial zombieworldz zombieworldz/263 zonebyxtz,Crypto,tgdataset,1,public_db/folder_0/file_21_from_cryptoatlas_io_to_dailybowie.json
1184084359,cryptorealy,DEFI Journal,@definancebot,False,False,19794,94,2022-07-13,3,givetimechat planetsandbox planetsandbox_ann,Crypto,tgdataset,1,public_db/folder_0/file_21_from_cryptoatlas_io_to_dailybowie.json
1336270112,cryptorhythmsofficial,Cryptorhythms Official,"This will be the Announcement, News and Info Channel for CryptoRhythms Group. Welcome!  Maintained by: ILoveBitmex",False,False,216,3873,2021-11-18,11,blockchainempire1 blog/researches cryptoinsiderslobby cryptorhythms cryptovigilante datalightme directory huobiglobalannouncementchannel merkletrader whaletracker_bot wolfcryptoannounce,Crypto,tgdataset,1,public_db/folder_0/file_21_from_cryptoatlas_io_to_dailybowie.json
1385224385,cryptorobotics_en,Cryptorobotics_EN,,False,False,197,463,2022-07-29,6,cryptorobotics_en/184 cryptorobotics_help_en_bot excavo_chat excavochannel joinchat/cr6wger7-lttrwqa8xky8g rassamory,Crypto,tgdataset,1,public_db/folder_0/file_21_from_cryptoatlas_io_to_dailybowie.json
1157854653,CryptoScanner100eyes,100eyes Crypto Scanner (PREVIEW),"Our scanner automatically detects RSI Divergences, Support zones, and much more. This Preview channel shows free alerts for the top 4 coins.   No ads.  Premium 100eyes scanner tracks 250+ coins. For a 24h free trial talk to our bot: @Official_100eyes_bot!",False,False,27467,5878,2022-07-31,65,cryptoscanner100eyes/3659 cryptoscanner100eyes/3664 cryptoscanner100eyes/4055 cryptoscanner100eyes/4056 cryptoscanner100eyes/4116 cryptoscanner100eyes/4119 cryptoscanner100eyes/4129 cryptoscanner100eyes/4145 cryptoscanner100eyes/4152 cryptoscanner100eyes/4174 cryptoscanner100eyes/4233 cryptoscanner100eyes/4237 cryptoscanner100eyes/4242 cryptoscanner100eyes/4249 cryptoscanner100eyes/4259 cryptoscanner100eyes/4287 cryptoscanner100eyes/4302 cryptoscanner100eyes/4309 cryptoscanner100eyes/4324 cryptoscanner100eyes/4334 cryptoscanner100eyes/4358 cryptoscanner100eyes/4388 cryptoscanner100eyes/4420 cryptoscanner100eyes/4440 cryptoscanner100eyes/4442 cryptoscanner100eyes/4447 cryptoscanner100eyes/4450 cryptoscanner100eyes/4456 cryptoscanner100eyes/4512 cryptoscanner100eyes/4514 cryptoscanner100eyes/4522 cryptoscanner100eyes/4540 cryptoscanner100eyes/4542 cryptoscanner100eyes/4561 cryptoscanner100eyes/4576 cryptoscanner100eyes/4648 cryptoscanner100eyes/4660 cryptoscanner100eyes/4771 cryptoscanner100eyes/4775 cryptoscanner100eyes/4915 cryptoscanner100eyes/4929 cryptoscanner100eyes/4931 cryptoscanner100eyes/4947 cryptoscanner100eyes/4977 cryptoscanner100eyes/4978 cryptoscanner100eyes/5081 cryptoscanner100eyes/5137 cryptoscanner100eyes/5154 cryptoscanner100eyes/5188 cryptoscanner100eyes/5343 cryptoscanner100eyes/5395 cryptoscanner100eyes/5778 cryptoscanner100eyes/5811 cryptoscanner100eyes/5815 cryptoscanner100eyes/5823 cryptoscanner100eyes/5838 cryptoscanner100eyes/5839 cryptoscanner100eyes/5898 cryptoscanner100eyes/5925 cryptoscanner100eyes/6037 cryptoscanner100eyes/6191 cryptoscanner100eyes/6192 cryptoscanner100eyes/6197 forexscanner100eyes official_100eyes_bot,Crypto,tgdataset,1,public_db/folder_0/file_21_from_cryptoatlas_io_to_dailybowie.json
1231782408,cryptoslatenews,CryptoSlate News,Daily cryptocurrency and blockchain news from CryptoSlate  Telegram contact: @cryptoslate Twitter: twitter.com/cryptoslate Email newsletter: cryptoslate.substack.com  Web: cryptoslate.com Email contact: cryptoslate.com/contact,False,False,7515,9256,2022-07-31,4,blockchaindatabase icodatabase productdatabase zilliqawalletbot,Crypto,tgdataset,1,public_db/folder_0/file_21_from_cryptoatlas_io_to_dailybowie.json
1331635545,CryptoSpecialSignals1,Crypto Special Signals™,If You Need Any Help Or If You Have Any Inquiry About Us Then Feel Free To Inform Us @CssAdmin2  Cross Promoter : @Samirkhan37,False,False,8680,6403,2022-07-31,67,+2hu4asxohljhzgfl +5g9kx2hcixy3yjc0 +iu3khnqisqq5ntq1 +kpfgiodh6-jhmwfl +m05qzqmndtoyowjl +ngfrrbxlyd9kymi0 +r0jwwv_tjy4yywe0 +r4grbpg1o2y4zda1 +sxyql8dokoaxzjk1 +utrlie62c4bmzdm1 botomex c/1331635545 cointrendz cryptospecialresult/1143 cryptospecialresult/1146 cryptospecialresult/1149 cryptospecialresult/1154 cryptospecialresult/1156 cryptospecialresult/1159 cryptospecialresult/1162 cryptospecialresult/1165 cryptospecialresult/1169 cryptospecialresult/1172 cryptospecialresult/1176 cryptospecialresult/1179 cryptospecialresult/1182 cryptospecialresult/1185 cryptospecialresult/1188 cryptospecialresult/1191 cryptospecialresult/1195 cryptospecialresult/1198 cryptospecialresult/1200 cryptospecialresult/1457 cryptospecialresult/1460 cryptospecialresult/1463 cryptospecialresult/1466 cryptospecialresult/1469 cryptospecialresult/1472 cryptospecialresult/1479 cryptospecialresult/1482 cryptospecialresult/1489 cryptospecialresult/1493 cryptospecialresult/1496 cryptospecialresult/1500 cryptospecialresult/1503 cryptospecialresult/1506 cryptospecialresult/1509 cryptospecialresult/1512 cryptospecialresult/1515 cryptospecialresult/1518 cryptospecialresult/1521 cryptospecialresult/1524 cryptospecialresult/1527 cryptospecialresult/1530 cryptospecialresult/448 cryptospecialresult/468 cryptospecialresult/501 cryptospecialresult/745 cryptospecialsignal/1370 cryptospecialsignals1/7423 cryptospecialsignals1/9342 joinchat/aaaaaen9ubxo8o_09ezxvg joinchat/aaaaafqdcrgxxlnxcdpazq joinchat/vanysrkt136gkyin walletsscan wallmonitor whalesniper,Crypto,tgdataset,1,public_db/folder_0/file_21_from_cryptoatlas_io_to_dailybowie.json
1118068912,CryptoSurge_ANN,Crypto Surge Announcements,Research & publication about Blockchain technology  Join the chat: @CryptoSurge_EN,False,False,998,3030,2022-07-17,35,ablockavalanchewhale alamedaresearchbtc binancekorean bttbittorrent chromapolis_official chromapolisbychromaway chromawayann coinbreederdao cointelegraph/16993 cryptosurge_en cryptovigilanteann cryptovigilantenetwork cryptoworldnews defi_crypto_chat diddycarterico/1498 exnetwork exnetworkpublic exposingsparkster harmony_announcements harmony_one joinchat/aaaaae-macdtdntcppyofg keysians lokifrancophone ohheymattyannouncement ohheymattyofficialann ohheymattyyoutubetelegram resistanceplatformann/15 rif_os_community rmpltg sergioico_fr sergioicoreport sergioicoreport_ann vote wolfcryptoannounce wolfcryptopub,Crypto,tgdataset,1,public_db/folder_0/file_21_from_cryptoatlas_io_to_dailybowie.json
1068031862,CryptoT,CryptoT,Profit reports: https://t.me/CryptoT/7557  Testimonials: https://t.me/VIP_Testimonials  📌 Subscription form: https://cryptot.io/become-a-member/  🧑🏻‍💻 Contact @TonyCrypto  Web: CryptoT.io,False,False,7439,6734,2021-09-09,203,c/1332103113 c/1490820833 cryptot/1284 cryptot/1317 cryptot/2298 cryptot/2356 cryptot/2431 cryptot/2534 cryptot/2552 cryptot/2612 cryptot/2971 cryptot/3055 cryptot/3074 cryptot/3509 cryptot/3793 cryptot/3955 cryptot/4064 cryptot/5378 cryptot/5381 cryptot/5382 cryptot/5384 cryptot/5386 cryptot/5387 cryptot/5405 cryptot/5441 cryptot/5461 cryptot/5466 cryptot/5483 cryptot/5497 cryptot/5500 cryptot/5502 cryptot/5522 cryptot/5548 cryptot/5550 cryptot/5551 cryptot/5553 cryptot/5555 cryptot/5566 cryptot/5571 cryptot/5572 cryptot/5575 cryptot/5577 cryptot/5579 cryptot/5582 cryptot/5584 cryptot/5589 cryptot/5593 cryptot/5604 cryptot/5650 cryptot/5662 cryptot/5671 cryptot/5677 cryptot/5705 cryptot/5713 cryptot/5734 cryptot/5736 cryptot/5739 cryptot/5758 cryptot/5761 cryptot/5772 cryptot/5776 cryptot/5781 cryptot/5783 cryptot/5784 cryptot/5790 cryptot/5892 cryptot/5964 cryptot/6183 cryptot/6191 cryptot/6205 cryptot/6207 cryptot/6227 cryptot/6230 cryptot/6301 cryptot/6579 cryptot/6595 cryptot/6601 cryptot/6711 cryptot/6747 cryptot/6748 cryptot/6857 cryptot/6906 cryptot/6943 cryptot/6944 cryptot/6964 cryptot/7014 cryptot/7017 cryptot/7025 cryptot/7162 cryptot/7166 cryptot/7167 cryptot/7173 cryptot/7185 cryptot/7187 cryptot/7253 cryptot/7258 cryptot/7266 cryptot/7273 cryptot/7283 cryptot/7291 cryptot/7298 cryptot/7315 cryptot/7316 cryptot/7323 cryptot/7324 cryptot/7336 cryptot/7339 cryptot/7340 cryptot/7345 cryptot/7351 cryptot/7352 cryptot/7354 cryptot/7355 cryptot/7368 cryptot/7371 cryptot/7388 cryptot/7391 cryptot/7413 cryptot/7414 cryptot/7432 cryptot/7443 cryptot/7445 cryptot/7448 cryptot/7449 cryptot/7455 cryptot/7457 cryptot/7459 cryptot/7470 cryptot/7476 cryptot/7477 cryptot/7481 cryptot/7485 cryptot/7493 cryptot/7494 cryptot/7497 cryptot/7501 cryptot/7502 cryptot/7505 cryptot/7507 cryptot/7509 cryptot/7514 cryptot/7516 cryptot/7523 cryptot/7524 cryptot/7526 cryptot/7527 cryptot/7528 cryptot/7529 cryptot/7531 cryptot/7532 cryptot/7533 cryptot/7536 cryptot/7537 cryptot/7538 cryptot/7539 cryptot/7540 cryptot/7541 cryptot/7542 cryptot/7548 cryptot/7549 cryptot/7551 cryptot/7552 cryptot/7557 cryptot/7558 cryptot/7559 cryptot/7565 cryptot/7566 cryptot/7570 cryptot/7575 cryptot/7595 cryptot/7596 cryptot/7598 cryptot/7602 cryptot/7615 cryptot/7616 cryptot/7619 cryptot/7623 cryptot/7633 cryptot/7649 cryptot/7655 cryptot/7786 cryptot/7873 cryptot/801 cryptot/8045 cryptot/8046 cryptot/8047 cryptot/8048 cryptot/8065 cryptot/8066 cryptot/8067 cryptot/8086 cryptot/8109 forexmentoronline icrypto joinchat/rhqb5od10co9d7ng safe_signal safe_signal/3509 safe_signal/3793 safe_signal/3955 safe_signal/3997 safe_signal/4064 safe_signal/4141 vip_testimonials,Crypto,tgdataset,1,public_db/folder_0/file_21_from_cryptoatlas_io_to_dailybowie.json
1411727943,cryptotafree,Tradingview Crypto Technical Analysis,"Technical Analysis Channels:  -Crypto: @cryptotafree  -Stocks: @stockstafree  -Forex, Index, Commodities: @forextafree  -Crypto News: @cryptonewsEN",False,False,233,9957,2021-11-27,1,pumpxrp,Crypto,tgdataset,1,public_db/folder_0/file_21_from_cryptoatlas_io_to_dailybowie.json
1296362950,cryptotraderlibrary,Crypto Trader Library,"CTL is a 100% Educational Channel. We help Bitcoin/Crypto Traders and Investors understand how the market works by providing Free Resources on Psychology Of Trading, Chart Patterns, TA indicators.  Owner: @bamRock",False,False,2803,542,2022-04-14,6,+uhu9xzfmvt1k-2cj +vhtxfzv7hddqozpy bamrocktrading cryptotraderlibrary1 hashedplutus tradingonhigh,Crypto,tgdataset,1,public_db/folder_0/file_21_from_cryptoatlas_io_to_dailybowie.json
1453187298,CryptoTrades,Crypto Trades,This is Earn&Learn channel. We are here to enjoy the ride while learning how to do it. Swing trading without pumps&dumps.  @CryptoBooker - organizational issues (not TA)  www.CryptoTrades.me - Premium subscription & info  @CryptoTradesResults - history,False,False,14361,9938,2022-07-31,158,+hn8lxmugsae1mty6 +nnaqvmplqknmogy0 addstickers/twfnft_io binance_announcements/2237 binance_announcements/2619 binance_announcements/3263 binance_nft binance_telegram binancevolumer bitcomtradingcompetition c/1432046433 crypto_tweets cryptocoinscoach cryptocoinscoach/21890 cryptocoinscoach/25129 cryptocoinscoach/29155 cryptotrades/10216 cryptotrades/10411 cryptotrades/10452 cryptotrades/10628 cryptotrades/10630 cryptotrades/10693 cryptotrades/10711 cryptotrades/10810 cryptotrades/10835 cryptotrades/10865 cryptotrades/10927 cryptotrades/10929 cryptotrades/10937 cryptotrades/11018 cryptotrades/11034 cryptotrades/11598 cryptotrades/11613 cryptotrades/11824 cryptotrades/11865 cryptotrades/12158 cryptotrades/12251 cryptotrades/12297 cryptotrades/12393 cryptotrades/12434 cryptotrades/12527 cryptotrades/12539 cryptotrades/12572 cryptotrades/12593 cryptotrades/12649 cryptotrades/12650 cryptotrades/12837 cryptotrades/13015 cryptotrades/13087 cryptotrades/13102 cryptotrades/13125 cryptotrades/13159 cryptotrades/13254 cryptotrades/13396 cryptotrades/14359 cryptotrades/14445 cryptotrades/14462 cryptotrades/14639 cryptotrades/15572 cryptotrades/15677 cryptotrades/3722 cryptotrades/4169 cryptotrades/4517 cryptotrades/4630 cryptotrades/4754 cryptotrades/4869 cryptotrades/4908 cryptotrades/4925 cryptotrades/5048 cryptotrades/5054 cryptotrades/5771 cryptotrades/5814 cryptotrades/5850 cryptotrades/5867 cryptotrades/6508 cryptotrades/6853 cryptotrades/7137 cryptotrades/7849 cryptotrades/7997 cryptotrades/8023 cryptotrades/8158 cryptotrades/8299 cryptotrades/8380 cryptotrades/8936 cryptotrades/9196 cryptotrades/9207 cryptotrades/9249 cryptotrades/9693 cryptotrades/9720 cryptotrades/9732 cryptotrades/9829 cryptotrades/9845 cryptotrades/9896 cryptotradeschina cryptotradesdex cryptotradesfrench cryptotradeshindi cryptotradesitaly cryptotradesresults cryptotradesresults/479 cryptotradesresults/480 cryptotradesresults/481 cryptotradesresults/482 cryptotradesresults/483 cryptotradesresults/484 cryptotradesresults/485 cryptotradesresults/486 cryptotradesspanish drep_airdrop_bot fanziesnft forex_tradings/11218 forex_tradings/2038 forex_tradings/2077 forex_tradings/2131 forex_tradings/2294 forex_tradings/2552 forex_tradings/2557 forex_tradings/2578 forex_tradings/2786 forex_tradings/2827 forex_tradings/2892 forex_tradings/2987 forex_tradings/9227 forex_tradings/9310 forex_tradings/9411 forex_tradings/9950 ginu_announcements jackdorseycoins joinchat/aaaaae0dvgj6mutiq0q2gg joinchat/aaaaaeasxzbakwplp2s8oa joinchat/aaaaaelv8njmloltyr_6vw joinchat/aaaaaeu4rqklil-abbetba joinchat/aaaaaewq4xva3luvem2n0q joinchat/aaaaafphxqchl8qrti_eza joinchat/u-hfbyevypfmj97m matrixport wiseanalize wiseanalize/3810 wiseanalize/4180 wiseanalize/5345 wiseanalize/6727 wiseanalize/8578 wiseanalyse wiseanalyze/6247 wiseanalyze/7362 wiseanalyze/7448 wiseanalyze/7874 wiseanalyze/8638 wiseanalyze/8852 wiseanalyze/8886 wiseanalyze/8967 wiseanalyze/9204 wiseanalyzedca wiseanalyzedca/359 wiseanalyzedca/661 wiseanalyzedca/835 wiseforex wiseforex/256,Crypto,tgdataset,1,public_db/folder_0/file_21_from_cryptoatlas_io_to_dailybowie.json
1143702879,CryptoTree07,Crypto Tree 💰,"CryptoTree is dedicated to provide you with the best possible signals, charts , setups and valuable real time news NFA*  Contact to admin for Promotion , premium enquiry  & Feedback :- @marcuscubin",False,False,46179,4203,2022-07-31,12,cryptotree07 cryptotree08/46838 dechart fintropy firdaosofficial jigenapp jigenapp_announcements moonrockofficial paid_announcements snipbotq8 solchicksannouncements/158 solchicksnft,Crypto,tgdataset,1,public_db/folder_0/file_21_from_cryptoatlas_io_to_dailybowie.json
1362283861,cryptovestcom,,"Welcome to Cryptovest, your daily source of cryptocurrency and blockchain news, updates, interviews, reviews and guides.",False,False,809,6738,2020-03-24,0,,Crypto,tgdataset,1,public_db/folder_0/file_21_from_cryptoatlas_io_to_dailybowie.json
1275363170,cryptovigilante,,"Have you been scammed by a group, channel, user, ICO, service, bot or in any other way?  Contact: @RealCryptoV Chat: @CryptoVigilanteNetwork Email: RealCryptoV@Protonmail.com  New Channel: https://t.me/CryptoVigilanteANN",False,False,1259,2479,2021-06-03,79,alamedaresearchbtc amazix/35072 amazix/35114 amfeix/696 arbitraging bitbnsisscam/124 bitbnsisscam/23 bitbnsisscam/47 bitbnsisscam/54 bitbnsisscam/93 booncoin c/1127542746 chainxfraud chromawayofficialgroup coinvaulth_bot/51426 copytrackfraud cryptocoinscoach cryptodakuofficial cryptodakuofficial/509 cryptodakurobinhooders cryptovigilante/4531 cryptovigilante/5884 cryptovigilante/5917 cryptovigilante/5929 cryptovigilante/5982 cryptovigilante/6088 cryptovigilante/6097 cryptovigilante/6168 cryptovigilante/6175 cryptovigilanteann cryptovigilantearchives/12 cryptovigilantearchives/13 cryptovigilantearchives/14 cryptovigilantenetwork cryptovigilantenetwork/110094 cryptovigilantenetwork/110096 cryptovigilantenetwork/110099 cryptovigilantenetwork/111112 cryptovigilantenews dailypmp datalightme deribit_experiment deribittradingbot diddycarterico/1704 dropilcoin/424830 eloncity howdoosucks iqoptionstrade jamesedwardsscammer/31 jamesedwardsscammer/43 jamesedwardsscammer/49 jamesedwardsscammer/50 jamesedwardsscammer/52 jamesedwardsscammer/54 jamesedwardsscammer/56 jamesedwardsscammer/59 jamesedwardsscammer/63 jamesedwardsscammer/65 jamesedwardsscammer/69 jamesedwardsscammer/70 jamesedwardsscammer/72 jamesedwardsscammer/83 joinchat/aaaaae9d_9alydvx5vmcna joinchat/aaaaaezlmky966yty-3txa joinchat/aokhq1cahtmnqm6zwxrm8w joinchat/gllvmrqw6qe6qurba2nbew joinchat/k89x61ssivfjynikrpcijg marketico parrotgroup plasmium rhizomeicx rkt8english sparksterclassaction techcryptoanalyst thecryptoadviser timnarrative tradingcryptocoach wegotcha whalesguide,Crypto,tgdataset,1,public_db/folder_0/file_21_from_cryptoatlas_io_to_dailybowie.json
1422411115,CryptoVigilanteANN,CryptoVigilante,"Have you been scammed by a group, channel, user, ICO, service, bot or in any other way?  Website: CryptoVigilante.News  Contact: @RealCryptoV Chat: @CryptoVigilanteNetwork Email: RealCryptoV@Protonmail.com  Not affiliated with The Dollar Vigilante",False,False,7120,457,2022-07-30,64,alphacryptoproject askbrains_official bitbnsisscam/124 bitbnsisscam/23 bitbnsisscam/47 bitbnsisscam/54 bitbnsisscam/93 bobscryptoscams citex_en/83893 cook_english cryptovigilante/6023 cryptovigilante/6168 cryptovigilante/6169 cryptovigilante/6187 cryptovigilanteann/121 cryptovigilanteann/192 cryptovigilanteann/205 cryptovigilanteann/31 cryptovigilanteann/315 cryptovigilanteann/45 cryptovigilanteann/53 cryptovigilanteann/60 cryptovigilantearchive/4 cryptovigilanteevidence/128 cryptovigilanteevidence/129 cryptovigilanteevidence/130 cryptovigilanteevidence/141 cryptovigilanteevidence/169 cryptovigilanteevidence/173 cryptovigilanteevidence/174 cryptovigilanteevidence/204 cryptovigilanteevidence/210 cryptovigilanteevidence/211 cryptovigilanteevidence/38 cryptovigilanteevidence/39 cryptovigilanteevidence/41 cryptovigilanteevidence/42 cryptovigilanteevidence/45 cryptovigilanteevidence/47 cryptovigilanteevidence/54 cryptovigilanteevidence/71 cryptovigilantenetwork/178227 cryptovigilantenetwork/219643 cryptovigilantenetwork/219644 cryptovigilantenews/1199 cryptovigilantenews/246 cryptovigilantenews/257 cryptovigilantenews/267 cryptovigilantenews/278 cryptovigilantenews/288 cryptovigilantenews/342 cryptovigilantenews/352 cryptovigilantenews/387 cryptovigilantenews/428 cryptovigilantenews/806 joinchat/m4t4ehwu2baxzde1 paretoscam paretoscam/18 paretoscam/26 paretoscam/303 paretoscam/39 paretoscam/56 paretoscam/9 toracryptoscam,Crypto,tgdataset,1,public_db/folder_0/file_21_from_cryptoatlas_io_to_dailybowie.json
1424181219,CryptoVigilanteNews,CryptoVigilante News,News & Evidence will be shared in this channel. Main Channel @CryptoVigilanteANN.   Contact: @RealCryptoV Chatroom: @CryptoVigilanteNetwork Email: RealCryptoV@Protonmail.com,False,False,1361,1413,2022-07-27,11,cryptovigilante/6104 cryptovigilante/6160 cryptovigilanteann/125 cryptovigilanteann/56 cryptovigilantenetwork/156181 cryptovigilantenews/387 fraxfinance/3891 udooprice/31699 whale100xsignalsscamproof yfescam yfescam/27,Crypto,tgdataset,1,public_db/folder_0/file_21_from_cryptoatlas_io_to_dailybowie.json
1342362939,cryptowhalewilliee,WhaleGateConfidential,,False,False,47,387,2018-07-02,5,cryptoexpertsignals cryptoexpertsignals/3765 cryptowhalewilliee joinchat/aaaaaeiwew1i97w30gsebq joinchat/hwoilbi2o94if2b5gcglyq,Crypto,tgdataset,1,public_db/folder_0/file_21_from_cryptoatlas_io_to_dailybowie.json
1177889000,CryptoWorldAnalysis,Crypto World Analysis,"🔹Latest Crypto News, Updates, Analysis and Deeper Insights in the whole Crypto space.   🔹No subscription fee🔊  @CryptoWorldNews @CryptoWorldICOs @CryptoWorldAnalysis  👁‍🗨Admin of the Channel: @CWNAdam ✔️",False,False,166209,1160,2022-07-31,50,+ixsqjfbwh2jhzdg0 +nnwqjvhm1ws2otc0 +qzzflycxdunmztrk +vngpdske5_44nwfk affynofficial arteqio bitcoin_crypto_memes bitcoin_crypto_signals bitcoin_ethereum_trading bitcoin_insights bridge_oracle bridgeoracle burstex carnomaly crypto_cryptocurrency_news crypto_shortnews crypto_trading_reports cryptocurrency_inside cryptoworldanalysis cryptoworldanaysis cryptoworldianalysis cryptoworldicod cryptoworldnews cwnadam defi_launch defiforyou_english duckshunters ethmagnetofficial euphoriahit hiroshitoken joinchat/vljr_z6rp32193de justforexofficial justliquidity metamerce mybotgarage_info nfts_daily okexofficial_english oneinchexchange oneinchnetworkchan oneinchnetworknews/1096 ouroboros_lika_world pic_verse_art pic_versechat pkbtoken quorainnercircle s_table smartkeynews spheredefi superforecasters ybrossfinance,Crypto,tgdataset,1,public_db/folder_0/file_21_from_cryptoatlas_io_to_dailybowie.json
1442441936,CryptoWorldICOs,Crypto World ICOs,"🔹Latest Crypto News, Updates, Analysis and Deeper Insights in the whole Crypto space.  ➖➖cryptoworldnews.us➖➖  🔹No subscription fee🔊  @CryptoWorldNews @CryptoWorldICOs @CryptoWorldAnalysis  👁‍🗨Admin of the Channel: @CWNAdam ✔️",False,False,360054,965,2022-07-31,122,+gnw6igved-hmmjk0 +qzzflycxdunmztrk ai_delivery_z_tranz_token algovest arteqio astraguild astraguildannouncements bh_gift_card bitcoin_insights bitcoin_magazine bitcoinasia_btca bitcoinasia_official bitfxt_9ja blockfiswap_channel blockfiswap_official booriosupport btsecom burencycommunity burencyofficial burstex bybitenglish carnomaly clipx_airdrop_bot clipxofficial coinsbit_chat cook_english corionx crypto_shortnews crypto_world_news cryptochannellisting/20 cryptochannellisting/22 cryptochannellisting/24 cryptochannellisting/27 cryptochannellisting/28 cryptochannellisting/29 cryptochannellisting/32 cryptochannellisting/33 cryptocopyrightsyste cryptocurrency_inside cryptorewards2021 cryptorewardsplatform cryptoworldanalysis cryptoworldico cryptoworldicos cryptoworldnews cwnadam dcdecosystem dcdnews decexofficial defi_ethereum defi_ico_invest defiforyou_english defixy dettapay dettapay_broadcast dogefarm_finance dvision_network dvisionnetworkglobal eternitylaw ethmagnetofficial euphoriahit farmskillsbot flokimooni forexgateway hiroshitoken holdefigroup indexchain ioigame ioigames joinchat/aaaaafvx9gpqdq-4el4txq joinchat/plsrw1vf-avcjz8cgrqfog leadgenerationm/3 lifeinfinitymetaverse marsofficialcommunity marstokenofficial maxxercom melecoin melecoinairdropbot melecoincommunity metamerce mimodefi moondefiofficial moondefiofficialgroup mr_margins nfts_daily nfts_defi okexofficial_english onetorogroupofficial ouroboros_lika_world pic_verse_art pic_versechat pkbtoken pmlchat privokenergy privokgreenenergy pwctoken quorainnercircle rmpltg satopay scallopcoin smartkeynews solana_updates spheredefi tegraannouncement tegrafinance tradingfinance unilysis unilysischat upload_finance wamapp wscecoin wscetoken ybrossfinance yearnfc yearnfc1 yearnfinancemoney yearnfinancemoneychannel yieldbank yieldbankannouncements yomamafinance zenithfinancevault zenithfinancevaultdiscussion,Crypto,tgdataset,1,public_db/folder_0/file_21_from_cryptoatlas_io_to_dailybowie.json
1277327948,CryptoWorldNews,Crypto World News,"🔹Latest Crypto News, Updates, Analysis and Deeper Insights in the whole Crypto space.   🔹No subscription fee🔊  @CryptoWorldNews @CryptoWorldICOs @CryptoWorldAnalysis  👁‍🗨Admin of the Channel: @CWNAdam ✔️",False,False,206351,5481,2022-07-31,111,+8db9cksqsvc4n2zl +_y9-_qsc0fhmm2e0 +aqmn8dm0wh0zm2my +bzi4x1si-ds5nge8 +gnw6igved-hmmjk0 +ixsqjfbwh2jhzdg0 +l5dt08cbjy0yodu0 +qxmegbxdxn81otuy +vngpdske5_44nwfk +xegxelt8hmi3zwi0 +xnguorldhk5lyju1 arteqio bitcoin_crypto_memes bitcoin_crypto_signals bitcoin_ethereum_trading bitcoin_insights bitcoin_insights/861 bitcoin_insights/948 bitcoinbreaking bitcore_cc bitleexcom bqtcommunity btca_en btsecom cherifcharts crypterium_en crypto crypto_channel_list/17 crypto_channel_list/19 crypto_channel_list/21 crypto_channel_list/23 crypto_channel_list/24 crypto_channel_list/26 crypto_channel_list/29 crypto_channel_list/30 crypto_cryptocurrency_news crypto_marcus crypto_publisher crypto_shortnews crypto_trading_reports crypto_trading_reports/594 crypto_world_news cryptochannellisting/20 cryptochannellisting/22 cryptochannellisting/24 cryptochannellisting/27 cryptochannellisting/28 cryptochannellisting/29 cryptochannellisting/32 cryptochannellisting/33 cryptochatcwn cryptocurrency_inside cryptomarkettime cryptonewssource cryptoworldanalysis cryptoworldicos cryptoworldnew cryptoworldnews cryptoworldnews/5005 currencycom_news cwnadam cwnchat defi_ico_invest defi_updates edenloopofficial edenloopofficial_global fidometaairdropbot fxsignalsprivate ifighterinfinity joinchat/aaaaafbulmihgf6uqz4yta joinchat/aaaaafjutn9flpdivf3z9q joinchat/sc9vegggvnw2mza8 joinchat/za3efdhbmay1zwqy jurcommunity letsexchange_io matrixport metamerce midascaps mones_ann mones_chat mup_global neinsfinance nucleusvision_ann oceanex_official okexofficial_english optyncommunity ouchifinance ouroboros_lika_world pic_verse_art pic_versechat pkbtoken roobee_chat roobee_invest s_table scallop_official smartkeynews smatoos smoga_airdrop_eng_bot solana_updates spheredefi superbidio tradecryptonow tradingfinance uniswap_pancakeswap vnsmarteuropeanbot wavesama_bot wavescommunity wavesenterprise wavesenterprisegroup web3graphchat web3graphofficial,Crypto,tgdataset,1,public_db/folder_0/file_21_from_cryptoatlas_io_to_dailybowie.json
1150331097,Crypto_Baba_official1,Quick Profit Group,All Crypto Update & Airdrops 🌺 Welcome To Crypto MaFiya  ⁉️ What We Provide?    🔹We promote Airdrop/Bounty    🔹We promote verified project,False,False,2441,37,2021-12-15,20,aex2013en ashwsbxppw_bot bigpotannouncement binaheroairdropbot bitlocusofficialairdropbot biznisportairdropbot browniesswap_airdropbot evismarketbot getswapairdropbot jetokenairdropbot labsairdropbot luminosmining meotools_airdrops_bot nexttoken2ndroundairdropbot safecapairdropbot seabattleairdropbot spacexrushairdrop_bot thebigpotgame velocityglobalairdrop_bot yarlooairdropbot,Crypto,tgdataset,1,public_db/folder_0/file_21_from_cryptoatlas_io_to_dailybowie.json
1448562668,Crypto_Binance_Trading,Crypto Binance Trading | Signals & Pumps,We Offer to Provide Best Possible Signals by our Expert Technical Analysis Team but if in case Any Trade Goes Wrong Due to market fluctuations then we will not be responsible for It.  Premium: https://bit.ly/2CDTgoY  Business: @CryptoTelegram,False,False,1654080,1841,2021-02-27,16,coingape crypto_binance_trading/1218 crypto_binance_trading/1221 crypto_binance_trading/1485 defiforyou_english joinchat/aaaaae9h6h1unv9a1-taua joinchat/t0fofvsdx1rx60c4 joinchat/ugk98hp-fr2qjx-z peetdefi peetdefi/2151 todaywepush/926 todaywepush/952 todaywepush/956 wall_street_bets_channel wall_street_bets_channel/253 whaletracker_bot,Crypto,tgdataset,1,public_db/folder_0/file_21_from_cryptoatlas_io_to_dailybowie.json
1486309695,Crypto_Bitcoin_Blockchain,Crypto | Bitcoin | Blockchain,"Crypto, Bitcoin and Blockchain News  Admin: @wanwangg  More Crypto News: @BitcoinBreaking",False,False,243902,783,2022-07-31,45,+-pjj093iswpiywvl +gnw6igved-hmmjk0 +gsmnclkddhfln2iy +ixsqjfbwh2jhzdg0 +l5dt08cbjy0yodu0 +qzzflycxdunmztrk +vngpdske5_44nwfk +ysp8c1eqfijiy2my betfury betfuryofficialchannel bitcoin_crypto_memes bitcoin_ethereum_trading bitcoin_insights bridge_oracle bridgeoracle bybitnftofficial cash_blockchain_news ceekvrnews/292 chartssignalstrading crypto_bitcoin_blockchai crypto_bitcoin_blockchain crypto_shortnews crypto_trading_reports cryptocurrency_inside cryptoworldnews defiforyou_english doge_shibainu hiroshitoken joinchat/lgb-bkqmwwtmowmy justliquidity kryptokompassde lpnt_official oilclubofficialchat okexofficial_english ploutofinance s4fe_official satopay sdcapp smartkeychat smartkeynews spheredefi terablock thirdbailoutforbanks wholeearthfoundation ybrossfinance,Crypto,tgdataset,1,public_db/folder_0/file_21_from_cryptoatlas_io_to_dailybowie.json
1147474291,crypto_eli5,crypto eli5,blockchain exclusive mostly technical stuff editor: @banteg,False,False,1765,700,2020-11-04,7,blockchain_lobsters/441 crypto_eli5/111 crypto_eli5/425 hodl50/22 hodl50/38 ltonetwork/20563 real_crypt/46,Crypto,tgdataset,1,public_db/folder_0/file_21_from_cryptoatlas_io_to_dailybowie.json
1101104367,crypto_inferno,Crypto Inferno,We are your guide in a hostile crypto world.  Hot as hell. Visit: cryptoinferno.org,False,False,287,4935,2022-07-31,2,hellabovecrypto iv,Crypto,tgdataset,1,public_db/folder_0/file_21_from_cryptoatlas_io_to_dailybowie.json
1115904838,crypto_lions,,"⚠️ Warning: Many users reported this account as a scam or a fake account. Please be careful, especially if it asks you for money.",True,False,6646,7140,2020-05-04,47,adhivetv bittrexgood canyacommunity cardstack cccc2348028adfmjjab centratech coinmetro coolcousin crypto_chat crypto_lions currentcrnc gbxcommunity gizergaming icoexpertspooling ins_ecosystem joinchat/aaaaae-f7vwpaulfjr0dna joinchat/aaaaae_jfpg8fhl1ronxig joinchat/aaaaaebvlqumqcz-nrlnmq joinchat/aaaaaefowkho-tbwwd3jww joinchat/aaaaaekdw0z5ihocnuvr8w joinchat/aaaaaemrhuqmj7ve7yr3yw joinchat/aaaaaeol-px1y5gm22uj1q joinchat/aaaaaeqrhv-6wrczixthbw joinchat/aaaaaetz6k0yel_xzcv_ma joinchat/aaaaaeyaeeo7zgmzlntzwa joinchat/aaaaafnhhkjoyfmgadygoa joinchat/b3uenkiw3r9a6v_4knpozq joinchat/bvqebeouamfy4w9lb1n2ug joinchat/eqarl05f7h-g9qbumk3dzg joinchat/geexvulxd07tpghfisobvg joinchat/gsr_dum_pvpnevdthiecgw joinchat/jumkek5f7h_51xuerq-apa joinchat/kkb34q9oeancu9gzlclifq lhcrypto momentumtoken rocketicoen signals_network solaplatform tradetokencn tradetokenind tradetokenjap tradetokenph tradetokenru tradetokenvn trustedcryptosignals verifyunion wepowernetwork,Crypto,tgdataset,1,public_db/folder_0/file_21_from_cryptoatlas_io_to_dailybowie.json
1294779542,crypto_meme,#meme,Best crypto memes in one place. Get one of your five-a-day!   contact - @nakamotocat,False,False,575,736,2021-09-21,5,crypto_meme/2 crypto_meme/250 crypto_meme/500 crypto_meme/999 fivekek,Crypto,tgdataset,1,public_db/folder_0/file_21_from_cryptoatlas_io_to_dailybowie.json
1187207393,crypto_nats,Crypto-Nats,Helping Nationalists secure themselves during the reset. NOT FINANCIAL ADVICE. PROCEED AT OWN RISK.  XMR: 484At12CsTpidUmU6roV1mURZ4Bf4adHfgM5mv3TauTkPnEuRLV9fS4RbiYte7wNCsQsLe6gmoCip2fCz5Z8sptz9LggDNV ETH: 0x6eE6A76bE718FAbB6C59FFD30D18882Fd4717672,False,False,1987,562,2022-07-29,51,bitcoinbbq countercurrents/865 crypto_nats crypto_nats/280 crypto_nats/307 crypto_nats/320 crypto_nats/387 crypto_nats/390 crypto_nats/400 crypto_nats/493 crypto_nats/511 crypto_nats/517 crypto_nats/529 crypto_nats/558 crypto_nats/574 crypto_nats/614 crypto_nats/630 crypto_nats/94 crypto_on_iceland daniela1490 davidicke/7096 dismantlingthecabal/50089 edwardslavsquat/59 ericstrikertrs/11670 fyrgen/521 hvitgardr iconoclastofficial jew_world_order joinchat/ihxnb03wvdxytcmv4ah6iq joinchat/ihxnb1majc_tt2gqusidow joinchat/makd2mqaf0a1mde0 joinchat/vct7ffwqeeq4zjzk karlthorburn keith_woods/2118 keith_woods/2209 keith_woods/2452 keith_woods/2746 markacollett/4070 millenniyule moneropilled/1033 moneropilled/104 moneropilled/1140 pulsechaincom rachblevins rachblevinsgroup remnantposting/625 remnantposting/736 theayatollah thereisawaronwhites/2919 thuletide/2092 withjoosyoulose/215,Crypto,tgdataset,1,public_db/folder_0/file_21_from_cryptoatlas_io_to_dailybowie.json
1390962007,crypto_news,Crypto News,Crypto coins news and content feed    5⭐️ rated Crypto content and updates 🏅  Suggestions / Advertising offers @CryptoCrunchApp_Promotion @promotion_cryptonews,False,False,79541,11068,2022-07-31,35,+nnaqvmplqknmogy0 +s_ci6thpasq0yte0 addstickers/twfnft_io binance_telegram binance_telegram/1211 binance_telegram/997 binancevolumer bitmex_coach/1243 cerenetwork/299 crypto_news crypto_tweets cryptocoinscoach dawnstarcapital doragonland doragonlandglobal doragonlandglobal/270 doragonlandvn forex_tradings forex_tradings/8127 ginu_announcements ginu_chat jackdorseycoins joinchat/0anwbtykshk1mte0 joinchat/aaaaaelv8njmloltyr_6vw joinchat/aaaaaesq7yomtt5nphg76a joinchat/aaaaaeu4rqklil-abbetba joinchat/aaaaaeu4rqn_duu4jaok1w joinchat/aaaaafad4oltkoncrmw0lw joinchat/aaaaafbhie_z-n6ef-pcsa joinchat/aaaaafovnytscxqmmwdmfg joinchat/ffhfvtasoplmnzni joinchat/nhkhpdoujioyzmzk joinchat/upgwqpviq7t-epoi persistenceonechat spacesip_news,Crypto,tgdataset,1,public_db/folder_0/file_21_from_cryptoatlas_io_to_dailybowie.json
1435412816,Crypto_Publisher,Crypto Publisher,​​​​🔊 Join @Crypto_Publisher  💬 Contact us @Crypto_Marcus,False,False,342196,807,2022-07-31,86,+dys2ixwzxrkxntiy +gnw6igved-hmmjk0 +l5dt08cbjy0yodu0 +qzzflycxdunmztrk aaxcommunity affynofficial bamrocktrading bh_gift_card bitcoin_crypto_memes bitcoin_crypto_signals bitcoin_ethereum_trading bitcoin_insights bridge_oracle bridgeoracle bybit_announcements/848 ccfchat ccfound cellframe cellframe_dev_en coinsbit_chat colibriprotocol crypto_bitcoin_trading_news crypto_collabs/297 crypto_cryptocurrency_news crypto_lab_sn crypto_marcus crypto_publisher crypto_trading_reports cryptomarkettime cryptoworldanalysis cryptoworldnews dbx_network defiforyou_english duckshunters fiatum_bank gem_stake gemstakeio gmcoin gmt_token gmt_token_ru gmt_token_talk gmt_token_tr govworld_announcements govworld_community gtf_official guccicaketoken helium_waves_stepn hiroshitoken jaguartokenteam joinchat/fyzajxxbnnjnq02qjd8ssa justliquidity lpnt_official mimodefi neinsfinance nfts_daily nfts_opensea_news niftsy_en nimbus_platform_eng nmbplatform oneinchexchange passorfailmereports/25 pmlchat ponzuinu priceactionforexltd qfinance_defi recomnetworkgroup satopay sephirothinu smartkeynews spheredefi stellarlandnet superbidio terablock tradingfinance ultiarena unicorndefigroup unimexnetwork viresfinance x2pofficial__ ybrossfinance yelfinance yfpower ygame_official yield_global yieldbank yieldbankannouncements,Crypto,tgdataset,1,public_db/folder_0/file_21_from_cryptoatlas_io_to_dailybowie.json
1397713387,Crypto_Pumps_Binancee,Crypto Pumps Binance,💻 Crypto Channels: @CrypticPumps @Crypto_Trading_Bitcoin @Signals_Binance_Trading @Crypto_Binance_Bitcoin  ✪ Crypto Pumps Binance ✪  ➡️ VIP Signals: @CrypticTradingBot,False,False,96799,611,2022-04-28,9,cryptictradingbot crypto_binance_signals cryptobinanceta cryptobinanceta/1846 cryptobinanceta/1849 cryptobinanceta/1850 cryptobinanceta/1874 cryptotradingcc megapump2/11,Crypto,tgdataset,1,public_db/folder_0/file_21_from_cryptoatlas_io_to_dailybowie.json
1484066643,crypto_senpai,Crypto Senpai™,Earn Passive Income With US ✅ Spot + Futures Free Signals 📈 Access to premium Signals group 20$/ month @gfx_zod,False,False,591,77,2022-04-27,0,,Crypto,tgdataset,1,public_db/folder_0/file_21_from_cryptoatlas_io_to_dailybowie.json
1223878946,crypto_talks,Crypto Networks 🚀,All Cryptocurrency updates here‼ Queries @YoursDexter_Bot ✅,False,False,3266,558,2022-07-31,11,arenaswap aricmark c/1406664471 coinbaeofficialtoken joinchat/aaaaafrqvjd2fk4zv3wy1g joinchat/lg4-xlpx_xeptkrnj91hcg joinchat/vgq-mpz-thm_dzjw ogmanetwork rapboi roboape_official shibamoonwhalekiller,Crypto,tgdataset,1,public_db/folder_0/file_21_from_cryptoatlas_io_to_dailybowie.json
1248722110,Crypto_Trading_Bitcoinf,Crypto Trading Bitcoin,#crypto #trading #bitcoin #signals #pumps  We are a team that consist of sophisticated and experienced traders that delivers daily crypto spot & margin signals with low risk and good profit.  ➡️ Contact: @CTBSupport,False,False,210207,3034,2022-05-15,37,c/1229445650 crypticpumps cryptictrading cryptictradingbot crypto_trading_bitcoin/276 crypto_trading_bitcoin/284 crypto_trading_bitcoin/331 crypto_trading_bitcoin/333 crypto_trading_bitcoin/335 cryptobinanceta/1846 cryptobinanceta/1849 cryptobinanceta/1850 cryptocoinscoach cryptoklondike/5295 cryptoklondike/5338 cryptoklondike/5443 cryptoklondike/5448 cryptoklondike/5455 cryptoklondike/5476 cryptoklondike/5504 cryptoklondike/5542 cryptoklondike/5567 cryptoklondike/5571 cryptoklondike/5597 cryptoklondike/5672 cryptoklondike/5715 cryptotradingcc cryptoworldnews ctbsupport hashbon_chat joinchat/aaaaae1bctleziyk4fxskg joinchat/slcxcmk2jlbnjgsn joinchat/tufy0stmhith9eys minersgardenchat minersgardenteam onetorogroupofficial uniswap_defi_presales,Crypto,tgdataset,1,public_db/folder_0/file_21_from_cryptoatlas_io_to_dailybowie.json
1204573741,Crypto_Tweets,Crypto Tweets,Crypto Tweets - All the important tweets in one place and on time.  @BinanceVolumer - Binance 24Hr Volume  @Binance_Telegram - Binance News,False,False,53003,11644,2022-07-31,6,+nnaqvmplqknmogy0 crypto_tweets cryptocoinscoach joinchat/nhkhpdoujioyzmzk joinchat/qwkhvqf9wl1iotc0 yellowroadofficial/143853,Crypto,tgdataset,1,public_db/folder_0/file_21_from_cryptoatlas_io_to_dailybowie.json
1745881983,CTBCh,Crypto Trading Bitcoin Channel,,False,False,185,998,2022-07-31,80,agesabmyk ancientfeed antigates australiatimes besttokennews binancedailynews bitcoininventors blockchainreport brunopuno capitolnews cardanoreport chicagoreporter cnnunmasked coinbasereport coinbasereport/545 cryptoartmuseum cryptopunksclub cryptosignalsmust ctbch daoautonomous draintheswampnews elonmuskinfo ethereumdaily foxnewsfeed goldtradenews govron greatawakeningchannel greatawakeningofficial inchnews iv jeffbridgemaker jerusalemtribune johnfkennedyjr keanureevesreal kingofbees metaverseaccount nftcollectorgroup nftfair nftreport nickszab nicolateslanews noahsprophecy officialsatoshi officialsatoshi/4489 officialsatoshi/4837 people4freedom politischekryptokunst s/sbmkcoin sabmyk sabmyk/42 sabmyk/75 sabmykawakening sbmkchat sbmkcoin sbmkcoin/13 sbmkme sbmkme/132 sbmkme/134 sbmkme/16 sbmkme/172 sbmkme/185 sbmkme/187 sbmkme/192 sbmkme/197 sbmkme/68 sebastianbieniek shawunawaz shawunawaz/180 shawunawaz/182 shibainuinfo solanainfo stablecoinnews starseedchildren supernarrativ thecryptomeme theeconomynews theeuropenews therevolutionnow tuckercarlsonnews vvanv,Crypto,tgdataset,1,public_db/folder_0/file_21_from_cryptoatlas_io_to_dailybowie.json
1176053025,CTMarkets,Cointelegraph Markets,Bitcoin price breaking news & cryptocurrency market analysis,False,False,16444,4685,2022-07-31,0,,Crypto,tgdataset,1,public_db/folder_0/file_21_from_cryptoatlas_io_to_dailybowie.json
1416997531,CurrenciesknightFX,Currencies knight's FX,"✳️Welcome To Currencies knight's FX✴️ We Provide E.A's, Trading System's and Free Signals. 📉Surround Yourself With Winners You won't Go Wrong 💎 To join VVIP Members Talk to me Admin @Currenciesknights",False,False,2544,1422,2021-02-27,0,,Crypto,tgdataset,1,public_db/folder_0/file_21_from_cryptoatlas_io_to_dailybowie.json
1466612722,curvefiann,Curve Finance | Announcements,All the latest and official updates from https://www.curve.fi/,False,False,2411,140,2022-06-23,2,curve_grants curvefiann,Crypto,tgdataset,1,public_db/folder_0/file_21_from_cryptoatlas_io_to_dailybowie.json
1220639536,AshWSB,Ash WSB,GET READY FOR THE MOON 🚀  Official Twitter - https://twitter.com/ashwsbreal  Nothing we say is a Financial advice.,False,True,120885,2296,2021-12-23,35,ashwsb ashwsb/1824 ashwsb/2175 ashwsb/2296 ashwsbcrypto binanceexchange bitshibatoken bsclaunchchannel bsclaunchgroup coingape cryptopolisgame cryptoworldnews dao1announcements dao1globalchat deepernetwork elfinkdm fantomgochat ferrum_network joinchat/ue8lb3ho3qk5xl_3 kickannouncements ksm_starter levernetwork levernetwork_ann linearexchangecommunity/260151 linearexchangecommunity/260361 linearexchangecommunity/260405 m6bullets octopusprotocol official_projectx official_projectx_ann thekillboxtoken titanhunters titanhuntersann vlaunchcom xionglobal,Crypto,tgdataset,1,public_db/folder_0/file_7_from_artemrymar_to_AtLeastLiterature.json
1207755945,botje11,Botje11,,False,False,8795,4547,2022-06-21,0,,Crypto,tgdataset,1,public_db/folder_0/file_14_from_bostanabad_online_to_bunny_hole.json
1325859823,botomex,WhaleFuck,Crypto screener,False,False,1848,9989,2021-04-15,11,altsos_bot joinchat/aaaaae3u_j8luuvokpnmcw joinchat/aaaaaetvlxz7orexvo7koa joinchat/aaaaaflrisgd8nawibm3gq joinchat/fa232bawf8chvbxichbpcw whalefuck whalefuck_bot whalefuck_faq whalefuckero_bot whalefuckmega_bot whalefuckultra_bot,Crypto,tgdataset,1,public_db/folder_0/file_14_from_bostanabad_online_to_bunny_hole.json
1107082956,boxminingChannel,Boxmining Announcements,Latest Videos and Announcments from Boxmining. Get the latest groundbreaking news and information!,False,False,4111,1368,2022-07-27,13,antiscam0fficial boxdatamining boxinvitebot boxminingchannel/1008 boxminingchannel/1030 boxminingchannel/853 boxminingchannel/984 c/1183116016 c/1341776357 draculaprotocol hackenclub joinchat/iyghalsunib5nhxnhc20ng joinchat/ny8hcbqjvteravuvya5nmg,Crypto,tgdataset,1,public_db/folder_0/file_14_from_bostanabad_online_to_bunny_hole.json
1132855721,Bridge_Oracle,Bridge Oracle,Let's Bridge the Worlds #BridgeOracle #BRG  Our CEO: SinaEstavi  🔶 Public Group: @BridgeOracle 🔶 Twitter: twitter.com/bridge_oracle 🔶 Instagram: instagram.com/bridge.oracle  🔸 Support: @BridgeAD,False,False,244089,404,2022-07-31,11,brgairdropbot bridge_oracle bridgeoracle bridgeoracle/447968 bridgeoracle/448714 bw_support fansbrg/24102 mxcenglish naboxcommunity nulsio xtsupport_en,Crypto,tgdataset,1,public_db/folder_0/file_14_from_bostanabad_online_to_bunny_hole.json
1402924472,BrieflyCrypto,Briefly Crypto,Your crypto news feed   Created by @danclarkie in collaboration with @imBagsy  🚨 Articles are not endorsements 🚨  twitter.com/BrieflyCrypto,False,False,9983,21429,2022-07-31,2,brieflyrekt ethgasmonitor,Crypto,tgdataset,1,public_db/folder_0/file_14_from_bostanabad_online_to_bunny_hole.json
1223335030,Btc_789,币圈财经新闻,【CoinNews社群导航】@coinnews1234 【社群负责人】@Tony_coinnews,False,False,16968,11422,2022-07-23,19,+dlzlylqegkzmzdk1 allinmuskdao btc_chinese coinnews522 coinnewshr/3 coinnewshr/4 coinnewshr/5 coinnewshr/6 coinnewshr/7 joinchat/b3g65owftvw2ogrl joinchat/xmfbtyhjomzmztq1 massoffcial neworigin_chinese neworigin_english neworigin_zn neworiginnoc_en shudong_tony tony_coinnews xz123321123,Crypto,tgdataset,1,public_db/folder_0/file_14_from_bostanabad_online_to_bunny_hole.json
1441410644,bullionbitcoinbs,"bullion, bitcoin & bullsh*t w/ GMONEY",,False,False,5876,12558,2022-07-31,395,+14vlkzn5wq1lytex +2hbv-_uawybmnjzh +ox-5fyorudwxoty5 +s9u46fqvpb0gtw7q +y8ctaohurtowodhh absolute1776/3715 alternativenewsstream alternativenewsstream/52923 alternativenewsstream/54709 archiveanon/658 archiveanon/886 bitcoin/1768 bitcoin/1823 bitcoin/1912 bitcoin/1986 bitcoin/2492 bitcoin/2571 bitcoin/2843 bitcoin/2858 bitcoin_crypto_memes bitcoin_insights/1076 bitcoin_insights/1129 bitcoin_insights/1147 bitcoin_insights/163 bitcoin_insights/284 bitcoin_insights/288 bitcoin_insights/324 bitcoin_insights/440 bitcoin_insights/480 bitcoin_insights/485 bitcoin_insights/497 bitcoin_insights/556 bitcoin_insights/627 bitcoin_insights/673 bitcoin_insights/678 bitcoin_insights/691 bitcoin_insights/702 bitcoin_insights/717 bitcoin_insights/791 bitcoin_insights/800 bitcoin_insights/849 bitcoin_insights/857 bitcoin_insights/915 bitcoin_insights/925 bitcoin_insights/933 bitcoin_insights/984 bitcoinmagazinefeed/3238 bitcoinp2pmarketplace bleibtstark breaking911/4455 breaking911/4487 breaking911/4956 breaking911/5319 breaking911/5363 breaking911/5514 breaking911/5691 breaking911/5936 breaking911/6370 breaking911/6440 breaking911/6442 breaking911/6515 breaking911/6630 breaking911/6782 brittrepublican/21069 btcguides bullionbitcoinbs bullionbitcoinbs/10389 bullionbitcoinbs/10529 bullionbitcoinbs/10597 bullionbitcoinbs/10873 bullionbitcoinbs/10964 bullionbitcoinbs/10977 bullionbitcoinbs/11419 bullionbitcoinbs/11571 bullionbitcoinbs/11653 bullionbitcoinbs/11703 bullionbitcoinbs/1185 bullionbitcoinbs/1187 bullionbitcoinbs/11884 bullionbitcoinbs/11890 bullionbitcoinbs/1208 bullionbitcoinbs/12595 bullionbitcoinbs/12629 bullionbitcoinbs/12643 bullionbitcoinbs/14025 bullionbitcoinbs/14909 bullionbitcoinbs/14922 bullionbitcoinbs/15799 bullionbitcoinbs/16038 bullionbitcoinbs/1645 bullionbitcoinbs/16582 bullionbitcoinbs/17031 bullionbitcoinbs/17362 bullionbitcoinbs/174 bullionbitcoinbs/17562 bullionbitcoinbs/2004 bullionbitcoinbs/2292 bullionbitcoinbs/2358 bullionbitcoinbs/3103 bullionbitcoinbs/32 bullionbitcoinbs/38 bullionbitcoinbs/5987 bullionbitcoinbs/6195 bullionbitcoinbs/6843 bullionbitcoinbs/696 bullionbitcoinbs/8 bullionbitcoinbs/9475 bullionbitcoinbs/9905 c/1083665179 c/1445373305 c/1476841715 chiefnerd/2211 clickbaitexpose clickbaitexposechat clownworldtoday codemonkeyz/2150 cointelegraph/37245 connect_the_world corona/22 covidredpills/2120 covidredpills/297 covidredpills/499 darkuniverse09 demobilder disclosetv/4784 disclosetv/4910 disclosetv/4925 disclosetv/4943 disclosetv/4964 disclosetv/4998 disclosetv/5082 disclosetv/5138 disclosetv/5236 disclosetv/5265 disclosetv/5282 disclosetv/5293 disclosetv/5348 disclosetv/5407 disclosetv/5492 disclosetv/5514 disclosetv/5529 disclosetv/5541 disclosetv/5542 disclosetv/5597 disclosetv/5843 disclosetv/5929 disclosetv/5938 disclosetv/5947 disclosetv/5997 disclosetv/6016 disclosetv/6050 disclosetv/6059 disclosetv/6110 disclosetv/6294 disclosetv/6301 disclosetv/6374 disclosetv/6777 disclosetv/6919 disclosetv/6939 disclosetv/6943 disclosetv/7000 disclosetv/7064 disclosetv/7080 disclosetv/7084 disclosetv/7110 disclosetv/7117 disclosetv/7201 disclosetv/7263 disclosetv/7320 disclosetv/7321 disclosetv/7366 disclosetv/7408 disclosetv/7468 disclosetv/7560 disclosetv/7563 disclosetv/7592 disclosetv/7639 disclosetv/7716 disclosetv/7750 disclosetv/7832 disclosetv/7848 disclosetv/7863 disclosetv/7960 disclosetv/8019 disclosetv/8148 disclosetv/8188 disclosetv/8261 disclosetv/8315 disclosetv/8335 dogepartyxdp fiatbitgo georgenews grapheneos hardwaremarketchannel homeminingwizards imyourmoderator insiderpaper/10623 insiderpaper/4222 insiderpaper/4837 insiderpaper/5321 insiderpaper/5574 insiderpaper/5668 insiderpaper/5926 insiderpaper/5936 insiderpaper/6157 insiderpaper/6825 insiderpaper/7055 insiderpaper/7148 insiderpaper/7529 insiderpaper/7732 insiderpaper/7774 insiderpaper/7778 insiderpaper/7782 insiderpaper/7801 insiderpaper/7802 insiderpaper/7981 insiderpaper/8050 insiderpaper/8066 insiderpaper/8111 insiderpaper/8135 insiderpaper/8220 insiderpaper/8323 insiderpaper/8591 insiderpaper/8719 insiderpaper/9007 insiderpaper/9302 intelslava/15583 intelslava/29270 joinchat/qjdrg2ehhafk5lkw jordansather/3736 jordansather/4479 juliansrumchannel/1112 lauraabolichannel/15907 lazorhodltechsupport lazorhodltechsupport/1169 lazorhodltechsupport/3341 lazorhodltechsupport/5393 lazorhodltechsupport/63 lazorhodltechsupport/6983 libertyoverwatchchannel/6423 lightningnetworkplusswap lightningwatch lnp2pbot macklemachtgutelaune markmobil/2452 mcafeeafterlife mcafeeafterlife/597 mgshowchannel/22517 midnightriderchannel/34167 mistyg17/21517 mynode_btc newsavagedawg/4702 nft17art officialfakerares/114598 originaldonaldtrump patelpatriot/1808 patelpatriot/1881 patelpatriot/2175 patelpatriot/2472 patelpatriot/2747 patrick17henryv9/3159 patriotsinprogress/201 pepedeluxed/16687 pepedeluxed/18176 pepematter/5294 pepematter/9127 pepematter/9457 pleb2salvador plebnet police_frequency/49286 police_frequency/60354 police_frequency/62671 police_frequency/62945 police_frequency/64383 praying_medic/5746 praying_medic/6537 praying_medic/8348 project_veritas/1654 q_anon_donaldtrump q_gold/37829 qanonjohn17/10477 qtah_17/8097 qtimenetwork/6042 qunity17/473 real_donaldjtrump/14393 realdonaldotrumpo/5918 realgenflynn realgenflynn/1082 realgenflynn/1580 realgenflynn/1918 realgenflynn/2434 realgenflynn/638 realkarlibonne/53829 realkarlibonne/66482 realkarlibonne/66595 realkarlibonne/94832 realkarlibonne/95107 realx22report realx22report/6210 realx22report/6308 realx22report/6309 realx22report/6551 realx22report/6768 realx22report/6928 realx22report/7536 redpillpharmacist/15723 rosenbusch rtintl/11816 rtintl/12305 rtintl/12738 rtintl/12782 rtintl/12992 rtintl/13059 rtintl/13145 rtintl/13303 rtintl/13602 rtintl/13711 rtintl/9994 rtnews/13987 rtnews/14431 rtnews/14483 rtnews/14630 rtnews/14640 rtnews/15891 rtnews/16141 rtnews/16319 rtnews/16323 rtnews/16389 rtnews/16527 rtnews/16558 rtnews/16593 rtnews/16734 rtnews/16778 rtnews/16805 rtnews/16829 rtnews/16861 rtnews/17217 rtnews/17540 rtnews/18532 rtnews/19326 rtnews/20435 rtnews/20500 rtnews/21037 rtnews/21248 satoshiradiorof stopfityranny stormypatriotjoe21/5994 themeitryx/3355 truckersforfreedomglobal wendyrogersaz/3377 wethemedia wethemedia/38188 wethemedia/41324 wethemedia/43113 wethemedia/43624 wethemedia/48735 wethemedia/49087 wethemedia/50095 wethemedia/50355 wethemedia/51579 wethemedia/52404 wethemedia/52884 wethemedia/52913 wethemedia/53104 wethemedia/53189 wethemedia/53552 wethemedia/54194 wethemedia/55211 wethemedia/55934 wethemedia/56764 wethemedia/56843 wethemedia/57805 wethemedia/57814 wethemedia/58451 wethemedia/58455 wethemedia/59540 wethemedia/60021 wethemedia/60667 wethemedia/64007 wethemedia/65740 wethemedia/67934 wethemedia/67991 wethemedia/71205 whale_alert_io/58221 wthauctionhouse wthauctionhouse/125795 xcpchan/8481 zelenkoprotocol/2822 zerohedge/111550 zerohedge/111637 zerohedge/111644 zerohedge/111675 zerohedge/112077 zerohedge/112569 zerohedge/113335,Crypto,tgdataset,1,public_db/folder_0/file_14_from_bostanabad_online_to_bunny_hole.json
1749556912,bullionstacking,Bullion Stacking,"News, tips and resources for anyone wanting to buy gold and silver.",False,False,4677,122,2022-07-22,1,bullionstacking,Crypto,tgdataset,1,public_db/folder_0/file_14_from_bostanabad_online_to_bunny_hole.json
1287003194,AirdropsEagle,Airdrops Eagle™,🌺 Welcome To Airdrops Eagle  ‼️ What we provide? 🔹 We Promote Airdrop/Bounty 🔹 We Promote verified & featured project 🔹 We Promote Presales And Others  🔥 Marketers: https://telegra.ph/Our-Official-Marketers-09-16  ☎️ Contact: @MrPromoter0,False,False,37404,809,2022-06-03,559,adroversechannel adroversegroup adroversenewairdropbot adroverser2airdropbot airdropachiever airdropcaptainbttbot airdropscreator amazonbigboombot arcadenet_bot arcadenetworkannounce arcadenetworkofficial artcoldpaybot assist_community atroncoldpaybot avartaofficial avastartercommunity avastarternews avastation_global avastation_news awardpoolnft baby_lovely_inu babylovelyinu_airdrop_bot babylovelyinuc babyshiba_channel bacoldpaybot basketballdao bbdaobroadcast bch_lankan_auto_pay_bot bch_lankan_instant_pay_bot bchcashdiscovery_robot beehivecoldpaybot bertinity bertinity_airdrop_bot bertinityofficial bettyfinancegloball biconomy_global big_btt_airdrop_2021_bot binance_finance_community binanceofficee binancesmartchainoffice binapet binapet/648 binapetchannel bingxofficial binomprotocolofficial bitcoin_airdrops_bot bitcoin_direct_pay_v2_bot bittaxi_round2airdropbot bittaxitoken bittorrentcashltdbot bittrrentcashrobot bladekingglobal bnbclassicannouncement bnbgoldtoken bright_free_eth_pay_bot browniesswap browniesswap_airdropbot browniesswap_ann btc_auto_pay_sladmin_bot btcgoldann btt_airdrop_autopaymentbot btt_airdrop_robot btt_airdrop_v2_robot btt_auto_payment_v1_bot btt_auto_v1_payment_bot btt_dusd_airdropbot btt_hot_pay_bot btt_instant_v1_bot bttairdropio_bot bttairdroplte_bot bttautopayingbot bttbestpaybot bttclaim_ro_bot bttclaimcashbot bttcoldautopaybot bttdailygiftrobot btthigh_robot bttpayinstant_robot bttplusbot bttplusv2bot bttxtlastairdrop_bot btzc_autopay_robot btzc_pht_gfnc_autopaymentbot btzc_rocket_autopay_bot btzcauto_bot btzchighestpayingbot btzchyperpaybot bulllaunchpad bulllaunchpadbot bulllaunchpadchat cartelofficialchannel cartelofficialchat cgtscoldpaybot clashofgods_official clashofgodsglobalchat cloutdotart coinbaseofficee coingeckooffice coinhuntoffice coinmarketcapoffice coinsniperoffice coinvoteoffice crtlairdrop_bot cryptodogsreal cryptohunteran cryptohunterann cryptomotorcycleofficialenglish cryptoniteannouncements cryptonitetoken cryptopromo_airdropbot cztoken_channel cztoken_group dash_lankan_lifetime_pay_bot dash_lankan_paybot dash_lankan_v2_pay_bot dash_lankan_v3_pay_bot dash_lankan_v4_pay_bot dash_lankan_v5_pay_bot dashcashpay_robot dashcoldpaybot dashv2pay_robot dexlabs_announcements dexlabs_chat dgbbigbossbot dgbgreatpaybot dgbhyperpaybot dgbpropaybot dgbsuperpaybot dildocoldpaybot district0x_coinbase_bot doge_c0in_c0inbase_bot doryswap dusd_network elonmarsrise_airdropbot elonmarsrise_official_channel elonmarsrise_official_group eshopannouncement eth_autopay_bot ethcash_robot ethcoinbaseairdroppbot ethereum_classic_autopay_bot ethereum_coinbase_autopay_bot ethereum_direct_pay_v2_bot ethereumgobot ethereumgov2bot ethpixel_chat eufootballprono ewokcoldpaybot fairlaunch_pad fairlaunchpad_announcements fairlaunchpad_bot falcoin9 fantomianfamily flokigamingchat flokishibainu_channel flokiwrestler flokiwrestler_giveaways flokiwrestlerairdropbot fortyeight_official free_bch_lankan_bonus_bot free_bch_lankan_pay_bot free_bch_pay_robot free_bitcoin_direct_pay_bot free_btt_instant_pay_bot free_btt_io_bot free_dash_v1_bot free_ethereum_direct_pay_bot free_ethereum_instant_pay_robot free_litecoin_lankan_bonus_bot free_litecoin_lankan_pay_robot free_ltc_auto_paying_bot free_zcash_pay_robot freebch_robot freebchclaimrobot freebttv5bot freecoin_final_airdropbot freecoinairdropbbot freecoinauto_paybot freecoinautoairdrop_bot freecoinautopayv1bot freecoinbigboom_bot freecoinclaimv1bot freecoinhappybot freecoinlightpay_bot freecoinlootobot freecoinpayer_bot freecoinsautobot freecoinsuperpaybot freecointrc10_bot freecrypto_drops freedashltdrobot freeinstantlycashbot freeltcclaimgbot freeltcearningpro_bot freeltcking_robot freeltckingv2_robot freeltckingv3_robot freetelegramcashbot freexlmboxrobot freexrpbonusbot freshcakeswap fruitsadventures fruitsadventures_com genesis_miningv1_bot gfnc_auto_paybot gfnc_auto_v1_payment_bot gfnc_legit_autopay_bot gfnc_rocket_autopay_bot gfnc_round2_robot gfnc_token_airdrop_1robot gfncautopayer_bot gfnccoldautopaybot gfnccoldpay_bot gfnccoldpaybot gfncearnprobot gfnchappybot gfnchotpaybot gfncinstantpay_bot gfnckingprobot gfnctokenairdrop_bot girlstorychannel girlstorychinese girlstorycommunity girlstoryfrench girlstorygerman girlstoryindian girlstoryindonesian girlstoryitalian girlstoryjapanese girlstorymalaysian girlstorypersian girlstoryphillipines girlstoryrussian girlstoryspanish girlstoryturkish girlstoryvietnamese gmlovegm gmmovement gmmovement_cn gotroncoldpaybot gotroninstantpay_bot gymscenechat gzlrofficial halfpizza_airdropbot halloweengamesairdrop_bot halloweengamestoken highestfreecoinairdropbot hswapairdropbot https hybridetherarmy ibnb_xyz ibnbixyz icdefi icdefi_bot icdefi_group infinitypad infinitypad_io insnatlypayltdbot instant_truc_airdropbot instantcashrobot inuyashaofficial invitemasterobot invitemasterv3robot invitetocashprorobot invitetocashrobot joinchat/-970iiaj5_k4mjjk joinchat/4cxzkmewfko0odll joinchat/k2kmsxdvada4mtlk jumpnofficialchannel jumpnofficialgroup karastar_official kashima_inu kingcoinairdropbot koinomo krugeinu landbusiness_bot landbusinessgroup leggobittorentv3_bot leggobttearnv3_bot leggobttorentv1_bot leggobttorentv2_bot leggobttorrent_bot leggobttv3lte_bot leggofreecoinvite_bot leggophtairdrop_bot leggophtairdropv4_bot leggophtv2lte_bot leggophtv3_bot legitbttearningpro_bot legitphtproviderbot litec0inpay_bot litecoin_coldpay_bot litecoin_lankan_auto_pay_bot litecoin_spical_airdropbot litecoinautobot litecoincashv2robot litecoincashxrobot litecoinearnrobot litecoingobot litecoininstantlyrobot litecoinkingltdbot littledogecoin ltc_auto_pay1_bot ltc_auto_paybot ltc_auto_payout_bot ltc_autop_bot ltc_coinbase_kingbot ltc_indian_autopay_bot ltc_indian_v1_bot ltc_indian_v2_bot ltc_instant_pay_sl_admin_bot ltc_instant_pays_bot ltc_inta_pay_bot ltc_lankan_lifetime_pay_bot ltc_lankan_pay_robot ltc_lankan_summer_pay_robot ltc_lankan_v2_pay_bot ltc_refer_pay_v2_bot ltc_v1_pay_bot ltcautopayingbot ltccashdiscovery_robot ltccashking_robot ltccoinbaseairbot ltccoldpaybot ltcearningpro_bot ltclankansummerpay_bot ltcrocketautopaybot ltcsmartpay_bot ltcsuperpaybot ludenaprotocol luminosmining mamydogecoin marsriseairdropbot marsrisebsc marsrisenews mccardanos metadino metadinochat metaflokishiba_bot metaflokishiba_official_channel metaflokishiba_official_group metalswap_official metanetbsc metarobox_official_channel metarobox_official_group metascrat metaswapnetwork metaswapnetwork_anns metaverstoken misfit_gang mobilepay_robot monkey_world monkeyworld_airdrop_bot monks_world monster_island_officialgroup monsterisland_channel mrltcinviterobot mufc_airdrop_bot mufc_official_channel mufc_official_group muskmetaverse_official_channel muskmetaverse_official_group muskmetaverse_official_group_3 muskmetaverse_official_group_4th muskmetaverse_official_group_5th muskmetaverse_official_group_6t muskmetaverse_official_group_i muskmetaverse_official_group_ii muskswap_community muskswap_community_2 muskswap_official_channel mylivn mylivncoin mylivncoinairdropbot naftydiscussions nanufreexrpking_robot nanukingltc_robot ndnft ndnftbot notablenft notablenftairdropbot notablenftchannel officialhybridether olaland_airdrop_bot owtrdefi_airdropsbot palatrxcoldpaybot pancakediamond pancakeswapoffice pandabnb paragonnetworkann phoneum_airdrops_bot phoneum_airdropsbot phoneuminstantpaybot pht_auto4_robot pht_auto_pay_1robot pht_free_pay_bot pht_hot_bot pht_v5_robot phtautopatbot phtautopay_bot phtautopayairdropbot phtautopaybot phtcoldautopaybot phtcoldpaybot phtgiveawaybot phtinstantpayltdbot phtlightpaybot phtofficialairdrop_bot phtreferandearnbot pinkguychannel pinkguytoken pixelseanft_ann play_instant_v2_bot play_token_auto_bot plutonchain plutoncoinen poisonswap poisonswapann pokemontronairdropb_bot polyearth_finance_bot polyearthann polyearthchat poocoinoffice pooniversecoin prelax_channel prelax_chat presellfootball pythonwealtheng quarashinetworkofficial ragnafi rainbow_crypto rainbowtokenannouncements referralkingprorobot represent_airdropbot reversebnb rgnnetwork ripple_xrpfreebot rippleinstantlypayrobot rocketdoge_globalchannel rocketdoge_globalchat rvngreatpaybot rvnhyperpaybot rvnsuperpaybot s2lpwnb1200zmmy0 safemoon_bigboombot safemoonairdrops_bot safemoonautopaybot safemoonboom_bot safemoonearnprobot safemoonhyperpaybot safemoonreferandearnbot shambalaannouncement shambalauni_community shambalauniairdropbot sharkfi_official_channel sharkfi_official_group shib_auto_pay_bot shibaairdropltdbot shibagodcommunity shibamusk_official_channel shibamusk_official_group shibamusk_official_group_i shibcoldpaybot shibinstantpay_bot shibpropaybot sienanftchat signin_art sklitepayrobot spacex_official_community sqfgamechannel sqfgameofficial squidbuddha ssllaziofantoken stellarkingrobot stnft_airdropbot stoneddogecoin sugardoge_airdropbot summer_litcoin_bot superbttearningpro_bot supercoldpaybot supermanairdrop_bot supreme_token_airdrop_bot t99 t99_community techaudit/118 techaudit/207 tgccoldpaybot tgdaoairdrop_bot thedynasty_ann thedynastybsc themonopolist themonopolistann thespartanschannel thespartanschinese thespartanscommunity thespartansfrench thespartansgerman thespartansindian thespartansindonesian thespartansitalian thespartansjapan thespartansmalaysian thespartanspersian thespartansphil thespartansrussian thespartansspanish thespartansturkish thespartansvietnam thundertokenairdropbot tmonkeyautopaybot tpl_airdrop_round2_bot tronooocoldpaybot truc_airdrops_bot truccoldpaybot trucearnprobot truclightpaybot trustcoinairdropbot trxtwittercoldpaybot trxtwitterprobot ttcryptochannel ttgrandpay_bot ttgreatpaybot tthyperpaybot ttinstantpaybbot ttsuperpaybot ttswaptoken unix_token unlimitedtoincomebot uypiraeud4dlmtfk vbg_international vdsbsc voteitcoldpaybot voxietoken whxc_bigbossbot whxc_higest_auto_pay_bot whxcauto_bot whxccoldpaybot whxcearnprobot whxcgreatpaybot whxcsuperearnbot worthpad worthpadairdropbot xlm_flashbot xlminvitepay_robot xlmpay_robot xretokenairdrop_bot xrpcash_robot xrpcashproltdbot xrpcoldpaybot xrpking_robot xrppayv2_robot yucreatairdropbot yuki_ann yukiswap_bot zcash_lankan_pay_bot zcash_lankan_v2_pay_bot zcashinvitepay_robot zoma_airdrop_bot zoma_chat,Crypto,tgdataset,1,public_db/folder_0/file_2_from_ahwaazz_to_alijafarpor.json
1392723574,allpremiumleaks,All Premium leaks,1) Don't mute This channel Because this one channel = 44 vip channels. 2) NO SPAM Only QUALITY CRYPTO SIGNALS . 3) we leak inside news   Dm @Allpremiumleaksadmin,False,False,2409,65,2022-07-29,6,+belxistcn4g3zdzh +cfvfr10ese84mdux +ok8nueg_n9ozodjh allpremiumleaks/4542 joinchat/grad2x2ekbxmnddh joinchat/i5wtiltirp41njlh,Crypto,tgdataset,1,public_db/folder_0/file_3_from_alijahsh_to_AminKavei.json
1312880061,AllthingsTA,,"FREE EDUCATION on Trading Analysis, News, Charts, Potential Scenarios, Security, Diversification, and all things crypto!  *This is not financial advice, always DYOR.",False,False,1656,1246,2020-03-26,6,allthingsta allthingsta/1103 allthingstachat allthingstacornix cornix_trading_bot worldclasstrader,Crypto,tgdataset,1,public_db/folder_0/file_3_from_alijahsh_to_AminKavei.json
1318636010,AllUniSwapListings,All Uniswap Listings,"Get a instant notification of all listings on Uniswap V2! Please do NOT PM for promotional purposes, thank you!",False,False,9027,9992,2021-05-06,3,grey_holdings pumpgastoken utrincommunity,Crypto,tgdataset,1,public_db/folder_0/file_3_from_alijahsh_to_AminKavei.json
1492918668,alphacryptoproject,ACP calls,• Market Onchain and Technical Analysis • Listing Insides • The fastest crypto news • The largest VIP channels aggregator service 80+ VIPs in @acp_subscription_bot  @genesisanalytics @millionxx,False,False,5825,4315,2022-07-27,240,a2_dao_bot a2ann/409 a2ann/454 a2ann/471 a2ann/483 acp_subscription_bot acpcommunity alphacryptoproj/3189 alphacryptoproj/3207 alphacryptoproj/3245 alphacryptoproj/3247 alphacryptoproj/3446 alphacryptoproject alphacryptoproject/1817 alphacryptoproject/2002 alphacryptoproject/2047 alphacryptoproject/2130 alphacryptoproject/2164 alphacryptoproject/2172 alphacryptoproject/2205 alphacryptoproject/2807 alphacryptoproject/2815 alphacryptoproject/2946 alphacryptoproject/3579 alphacryptoproject/3737 alphacryptoproject/3739 alphacryptoproject/3809 alphacryptoproject/3865 alphacryptoproject/3866 alphacryptoproject/3871 alphacryptoproject/3890 alphacryptoproject/3914 alphacryptoproject/3916 alphacryptoproject/3921 alphacryptoproject/3926 alphacryptoproject/3935 alphacryptoproject/3942 alphacryptoproject/3957 alphacryptoproject/3959 alphacryptoproject/3962 alphacryptoproject/3966 alphacryptoproject/3975 alphacryptoproject/3977 alphacryptoproject/3979 alphacryptoproject/3986 alphacryptoproject/4000 alphacryptoproject/4001 alphacryptoproject/4023 alphacryptoproject/4026 alphacryptoproject/4058 alphacryptoproject/4063 alphacryptoproject/4066 alphacryptoproject/4068 alphacryptoproject/4074 alphacryptoproject/4077 alphacryptoproject/4078 alphacryptoproject/4081 alphacryptoproject/4082 alphacryptoproject/4083 alphacryptoproject/4087 alphacryptoproject/4128 alphacryptoproject/4134 alphacryptoproject/4139 alphacryptoproject/4150 alphacryptoproject/4151 alphacryptoproject/4153 alphacryptoproject/4155 alphacryptoproject/4157 alphacryptoproject/4167 alphacryptoproject/4170 alphacryptoproject/4174 alphacryptoproject/4175 alphacryptoproject/4178 alphacryptoproject/4276 alphacryptoproject/4280 alphacryptoproject/4287 alphacryptoproject/4289 alphacryptoproject/4294 alphacryptoproject/4296 alphacryptoproject/4307 alphacryptoproject/4312 alphacryptoproject/4315 alphacryptoproject/4332 alphacryptoproject/4343 alphacryptoproject/4344 alphacryptoproject/4346 alphacryptoproject/4357 alphacryptoproject/4362 alphacryptoproject/4367 alphacryptoproject/4369 alphacryptoproject/4380 alphacryptoproject/4398__ alphacryptoproject/4450 alphacryptoproject/4452 alphacryptoproject/4509 alphacryptoproject/4520 alphacryptoproject/4640 alphacryptoproject/4641 alphacryptoproject/4653 alphacryptoproject/4700 alphacryptoproject/4701 alphacryptoproject/4718 alphacryptoproject/4721 alphacryptoproject/4726 alphacryptoproject/4733 alphacryptoproject/4737 alphacryptoproject/4775 alphacryptoproject/4778 alphacryptoproject/4780 alphacryptoproject/4780__ alphacryptoproject/4790 alphacryptoproject/4877 alphacryptoproject/4889 alphacryptoproject/4895 alphacryptoproject/4896 alphacryptoproject/4907 alphacryptoproject/4931 alphacryptoproject/4972 alphacryptoproject/4973 alphacryptoproject/4979 alphacryptoproject/4986 alphacryptoproject/5000 alphacryptoproject/5035 alphacryptoproject/5044 alphacryptoproject/5183 alphacryptoproject/5198 alphacryptoproject/5214 alphacryptoproject/5240 alphacryptoproject/5279 alphacryptoproject/5284 alphacryptoproject/5302 alphacryptoproject/5303 alphacryptoproject/5312 alphacryptoproject/5320 alphacryptoproject/5448 alphacryptoproject/5459 alphacryptoproject/5462 alphacryptoproject/5469 alphacryptoproject/5471 alphacryptoproject/5503 alphacryptoproject/5505 alphacryptoproject/5675 alphacryptoproject/5756 alphacryptoproject/5785 alphacryptoproject/5830 alphacryptoproject/5859 alphacryptoproject/5996 alphacryptoproject/6061 alphacryptoproject/6222 alphacryptoproject/6489 alphacryptoproject/6562 alphacryptoproject/6606 bartertradeann bartertradeann/214 bartertradeann/215 binance_announcements/1472 binance_announcements/1545 blackmooncryptochannel blackmooncryptochannel/343 bulknation bulknetworkintl bulknetworkintl/302 c/1321004777 c/1492918668 careviews coffeescafe cryptoanalytics_g42hu3hk/575 cryptoinvestsphere dhedge durov/162 edwardmorra_btc elliotpro elliotpro/11 elrondnetworkann/264 fin_twitt/107845 fresh_verified_bep20 genesisanalytics insolarannouncements/295 joinchat/51ugcosjpzvmmdky joinchat/aaaaae5ca7yavimnhjrb0a joinchat/aaaaaesjvt3_oqjphfmv3w joinchat/aaaaafaknzcmysrxv7mi4q joinchat/aaaaafbulmihgf6uqz4yta joinchat/aaaaafbwg6nmvo5uvdxufg joinchat/aaaaafcfydclvdklloaffw joinchat/aaaaafcfydei_13cammatq joinchat/aaaaafdyeygqeipfhvuhpw joinchat/aaaaafgwh4pkdwkmxvja4q joinchat/aaaaafj8iywbcdund_tt8a joinchat/aaaaafj8iywf4jl7h7dhgq joinchat/aaaaafj8iyy_xa2nveremq joinchat/aaaaafv-au5q6kahm4dflq joinchat/e9w_whzl4t-vnxtjvc88mq joinchat/fgncl0s_x00ym_zdfnvxca joinchat/gokqgx_lttkyy2q1 joinchat/jrc03kuy4tbkpzhppzjkpq joinchat/kol-fl4h0ztmmtex joinchat/ug4swu23ccakwvxy joinchat/v4upgm_e_olmyzg6 klondike_discussion moni_talks ogshibaannouncements ogshibaannouncements/46 onchainchat onchainmetrics onemillionnfts onemillionnfts/21 onemillionnfts/61 onemlnnft_community polkacity/54000 signalluv stackingchatter tehmoonwalkin test_ton_bot thecryptoanalytics/1014 thecryptoanalytics/1147 thecryptoanalytics/1170 thecryptoanalytics/1217 thecryptoanalytics/1402 thecryptoanalytics/1494 thecryptoanalytics/1510 thecryptoanalytics/1597 thecryptoanalytics/1788 thecryptoanalytics/1789 thecryptoanalytics/1805 thecryptoanalytics/1837 thecryptoanalytics/1856 thecryptoanalytics/348 thecryptoanalytics/361 thecryptoanalytics/539 thecryptoanalytics/57 thecryptoanalytics/764 thecryptoanalytics/809 thecryptoanalytics/908 thecryptoanalytics/909 thecryptoanalytics/913 unilistings unilistings/13095 wey_wang whale_alert_io/15429,Crypto,tgdataset,1,public_db/folder_0/file_3_from_alijahsh_to_AminKavei.json
1005254228,altcoin,Altcoins Channel,"Channel for altcoins news and signals. Contact / proposals, message to 👉🏼 @bitchannelsbot   OTHER CHANNELS: @bitcoinchannel 📣 @bitcoinsignals ⏰ @cryptocurrency 📢 @emergingcrypto 📡 @ethereumdapps 🔹 @bitcoinaccepted 🛍 @btcjp 🇯🇵",False,False,10346,11193,2022-07-31,2,b_i_t emergingcrypto,Crypto,tgdataset,1,public_db/folder_0/file_3_from_alijahsh_to_AminKavei.json
1085370787,altcoinwhales,Altcoin Whales,"Charts, analyses, calls, forecasts & projections      ▀ ▄▀▀▄ ▀",False,False,6549,9196,2022-07-31,227,+skyqxwl-bu0xowq1 +utcbkvxiiik0ngi1 altcoinwhales altcoinwhales/1496 altcoinwhales/2992 altcoinwhales/3007 altcoinwhales/799 altcoinwhales/830 altcoinwhales/832 arcblock arcblockvn artemcrypto artemcryptochat artemcryptochat/32874 artemcryptochat/515 artemcryptochat/517 artemcryptochat/547 artemcryptochat/550 artemcryptoclub artemsignals beyondacloud bitmexgurus blackstonesignals blockchainlife bulknation cavofinance coinscalendarcom coinsniperpro crypto_bull_signal cryptocurrency_analyses/4134 cryptogalaxyone cryptoownersunite cryptoownersunite/3380 cryptoownersunite/3381 cryptoownersunite/3389 cryptoownersunite/3578 cryptoownersunite/3596 cryptoownersunite/3607 cryptoownersunite/4256 cryptoownersunite/4257 cryptoownersunite/4259 cryptoownersunite/6079 cryptoownersunite/6379 cryptoownersunite/6623 cryptoownersunite/6828 cryptoownersunite/6861 cryptoownersunite/6862 cryptoownersunite/6900 cryptovigilanteann cryptovigilantenetwork dktechnicals dzenista edwardmorra_btc/2838 edwardmorra_btc/3742 edwardmorra_btc/3790 edwardmorra_btc/3807 edwardmorra_btc/3888 edwardmorra_btc/3960 excavo excavo_chat excavo_forex excavo_fx_chat excavobroadcast excavochannel excavochannel/1984 excavofamily excavofinance excavoico/86 excavoruchannel ftsexcavo harmonictradingmarcus investigationaboutbtce joinchat/aaaaae9ycwlneyoksechhg joinchat/aaaaaebhxdlagyguopfnjq joinchat/aaaaaehyr_udyfw7ouee_a joinchat/aaaaaei9wwylnhuty_uj-q joinchat/aaaaaelucfhbup74sevdeq joinchat/aaaaaeocm5e9iij2u1otta joinchat/aaaaaeonx5tfgicu2wgcca joinchat/aaaaaerxyqaqkmdv80adkw joinchat/aaaaaeyl0qfc1giktvmqda joinchat/aaaaaffzsoiybaujau-rka joinchat/aaaaaffzsojw4c7gb3engq joinchat/aaaaafg5t0_szr7_8w75-a joinchat/aapppt3conm48-kqbm7fgg joinchat/c9o8xqzys-6qqkfvzaahra joinchat/mfju7zsjueu4zjg0 joinchat/wnyh3l1e7tzimta0 joinchat/xnfh0ddr8ve5mtlk loyalcrypto markfamily/3951 markfamily/3984 markfamily/3985 markfamily/3997 markfamily/3998 markfamily/3999 markfamily/4000 markfamily/4004 markfamily/4007 markfamily/4008 markfamily/4011 markfamily/4012 markfamily/4015 markfamily/4017 markfamily/4059 markfamily/4077 markfamily/4080 markfamily/4091 markfamily/4114 markfamily/4121 marksignals marksignals/4387 marksignals/4392 marksignals/4395 marksignals/4400 marksignals/4405 marksignals/4407 marksignals/4414 marksignals/4417 marksignals/4418 marksignals/4420 marksignals/4421 marksignals/4427 marksignals/4434 marksignals/4447 marksignals/4449 marksignals/4452 marksignals/4462 marksignals/4464 marksignals/4467 marksignals/4470 marksignals/4471 marksignals/4496 marksignals/4501 marksignals/4504 marksignals/4509 marksignals/4521 marksignals/4524 marksignals/4545 marksignals/4546 marksignals/4565 marksignals/4581 marksignals/4583 marksignals/4584 marksignals/4585 marksignals/4591 marksignals/4594 marksignals/4601 marksignals/4607 marksignals/4610 marksignals/4611 marksignals/4612 marksignals/4613 marksignals/4617 marksignals/4643 marksignals/4645 marksignals/4647 marksignals/4651 marksignals/4660 marksignals/4661 marksignals/4670 marksignals/4671 marksignals/4678 marksignals/4684 marksignals/4686 marksignals/4691 marksignals/4692 marksignals/4703 marksignals/4726 marksignals/4734 marksignals/4776 marksignals/4794 marksignals/4808 marksignals/4830 okexofficial_en paidsignalforpoloniexplatform peacefulgram premium_signals qchainplatform ryanscharts share/url supernova_excavo_fam sweetprincesstradingmcg talabaleilm talabaleilm/1945 talabaleilm/1990 talabaleilm/2025 talabaleilm/2101 talabaleilm/2110 talabaleilm/2164 talabaleilm/2250 talabaleilm/2265 talabaleilm/230 talabaleilm/2302 talabaleilm/2303 talabaleilm/2349 talabaleilm/2350 talabaleilm/2452 talabaleilm/2453 talabaleilm/2455 talabaleilm/2501 talabaleilm/2502 talabaleilm/2516 talabaleilm/2521 talabaleilm/2653 talabaleilm/2654 talabaleilm/2655 talabaleilm/2694 talabaleilm/2725 talabaleilm/2739 talabaleilm/3046 talabaleilm/3418 talabaleilm/3441 talabaleilm/3532 talabaleilm/3558 talabaleilm/3564 talabaleilm/3577 talabaleilm/3579 talabaleilm/3580 talabaleilm/3583 tchannelsbot thewildcrypto tradingtrends triggminetokensale ventcommunity vipsignalbot vote,Crypto,tgdataset,1,public_db/folder_0/file_3_from_alijahsh_to_AminKavei.json
1338018370,amaloversclub_channel,AMA LOVERS CLUB CHANNEL,"A decentralized community for crypto enthusiasts interested in AMA, crypto-gems, trading, investments, and giveaways. DYOR  DM @malachi456 or @Olonade02 for proposals and promotions  Group Chat: @amaloversclub amaloversclub.com twitter.com/amaloversnews",False,False,5796,4739,2022-07-31,1182,+hnj2jt8cpgmxnthl +ieqlxep0zo9hy2jl +lpmwborc3ks2zwyx +syo0nmwhrko4zjnk aburafarm_bsc aburafarmann acknoledger acknoledgercommunity acyfinance acyfinancechannel adafinance_news/85 aegislaunchpad aegislaunchpadannouncement ageoftanksdiscussion aimedisaimx aimedisglobal airdropo aliceannouncements/45 alphadexbot alphapools altavaofficial altcoin_alerts/3318 altostream amaloversclub amaloversclub/2027 amaloversclub/2121 amaloversclub/5413 amaloversclub/5635 amaloversclub/80179 amaloversclub_channel amaloversclub_channel/114 amaloversclub_channel/118 amaloversclub_channel/120 amaloversclub_channel/121 amaloversclub_channel/123 amaloversclub_channel/126 amaloversclub_channel/142 amaloversclub_channel/143 amaloversclub_channel/146 amaloversclub_channel/152 amaloversclub_channel/154 amaloversclub_channel/163 amaloversclub_channel/164 amaloversclub_channel/166 amaloversclub_channel/189 amaloversclub_channel/193 amaloversclub_channel/199 amaloversclub_channel/201 amaloversclub_channel/202 amaloversclub_channel/24 amaloversclub_channel/283 amaloversclub_channel/291 amaloversclub_channel/358 amaloversclub_channel/3607 amaloversclub_channel/361 amaloversclub_channel/377 amaloversclub_channel/3827 amaloversclub_channel/383 amaloversclub_channel/384 amaloversclub_channel/3900 amaloversclub_channel/430 amaloversclub_channel/449 amaloversclub_channel/45 amaloversclub_channel/452 amaloversclub_channel/453 amaloversclub_channel/459 amaloversclub_channel/460 amaloversclub_channel/461 amaloversclub_channel/464 amaloversclub_channel/466 amaloversclub_channel/468 amaloversclub_channel/469 amaloversclub_channel/470 amaloversclub_channel/51 amaloversclub_channel/523 amaloversclub_channel/53 amaloversclub_channel/704 amaloversclub_channel/725 amaloversclub_channel/77 amaloversclub_channel/79 amaloversclub_channel/95 animalia_anim animalia_anim_channel animalia_anim_channel/82 announcements2crazy anomuspublic anonverse_official anonverse_official_channel antisinuverification apexarmyofficial arcadenetworkofficial arcadionetwork arcadionetworkann aresprotocol_announcement aresprotocols arize_ann aspoworldchannelofficial aspoworldcommunityofficial assuredefi assxhodlotterybot astraguild astraguild_id astraguild_ph astraguild_vn astraguildannouncements astraguildofficial astronaut_bsc astronaut_china astronaut_turkey astronaut_vietnam astrussian atlantisann atlantismetaverse attackwagon avxlaunchpadann axiaprotocol axiedoge axiedogeann babysaitama baddayscom baseprotocol battleverse_news bcmhuntgroup bemil_chat bemil_official_channel bemil_official_channel/303 berserkfinance betheroio bholdus_encommunity bictoryfinance bicyclefi bicyclefi_bot bicyclefiofficialgroup binancedexchange bintex_announcements bintexfutures_chat biofarmapp bithotelcommunity bitkeep_announcements bitkeep_announcementshttps bitrivals blockassetofficial blockassetupdates blockblendio bluehorizonnft bmwar_io boomcryptomarketchat brainaut brainautannonc breach_community bridgecryptocurrency bsclaunchchannel bsclaunchchannel/412 bsclaunchgroup bscpad bscstation bscstation_media bscstation_media/1997 bscstation_media/2160 bscstation_media/619 bscstation_media/771 bscstation_media/796 bscstation_media/819 bscstation_media/834 bscstation_media/856 bscstation_media/918 bscwin_token bscwin_token_ann bufferfinance bullieverse bullieverseannouncements bulllaunchpadbot bulllaunchpadchat bullperks_official bullperksannouncements bundlesfinancedefi bundlesfinancediscussion busfarm buysell_network bytenextannouncement bytenextannouncement/82 bytenextofficial caketoolsann caketoolsio capctokencommunity centaurify centaurifyofficial cfcannouncements chainport chainport_news chainwarsofficial cheersland cheersland_news cheesus_announcements cheesus_main_eng chibinutoken chillhalla chimerasmetaverse chonkerfinance chonkerfinanceprice citrixdefi_chat civitasfundamenta cloutdotart cobaltlend coflokinu coinf_group coinlinkofficial coinweb coinweb_german coinweb_indonesian coinweb_mandarin coinweb_russian coinweb_spanish coinweb_thai coinweb_vietnamese coinxpad colexionofficial collablandbot combinedefi combinefinance confluxafrica cookie3_co cookie3announcements corestarter corestarter_chat corgifloki corite corite_announcements craftingfinanceofficialgroup creoenginechannel creoenginechannel/234 creoenginechannel/236 creoenginechannel/238 creoenginechannel/239 creoenginechannel/240 creoenginechannel/243 creoenginechannel/245 creoenginechannel/246 creoenginechannel/248 creoenginechannel/249 creoenginechannel/250 creoenginechannel/251 creoenginechannel/253 creoenginechannel/254 creoenginechannel/258 creoenginechannel/260 creoenginechannel/261 creoenginechannel/262 creoenginechannel/263 cronos_pad cronospad_ann crossfimain_en cryowar cryptiaofficial crypto_bots_game crypto_gamez cryptocoin_tamil/2306 cryptodozer_io cryptofightclubchat cryptofuryvn cryptogamezann cryptogamezann/195 cryptolocally cryptolocallyafrica cryptovszombie cryptovszombie_news cudostelegram cueprotolchat cyberfi_tech daoland daoland_news daomaker darenft_official darenft_official/462 darenft_official_group darenft_official_group/189071 darkfrontiers darkshieldgames darkshieldgamesstudio dawnofgodsann dcbworldchat ddnfa ddnfg debaseonomics decentraweb defhold defholdnews defibench defilang definafinance1 defishann defishann/395 deflateofficial deflyball_ann deflyball_official dehive_ann dehive_chat dehrofficialchn dehrofficialgr dehrvietnamofficial demole_io demole_iocommunity demoleio demoleio/123 demoleio/194 demoleio/370 demoleio/99 depayfi derivedfi despacegroup dexsport_en dexsport_io dinolandglobal dinolandofficial dinolandofficial/208 dinolandofficial/212 dinolandofficial/217 dinolandofficial/218 divs_official dlangann dokidokitrading dondichannel dontbuymars dotoracle dragonsb_finance dragonsb_finance/907 dragonsb_offical dragonsbarab dragonsbbrazil dragonsbchina dragonsbindia dragonsbindonesia dragonsbjapan dragonsbkorea dragonsbphilippines dragonsbpoland dragonsbrussia dragonsbthailand dragonsbturkey dragonsbvietnam dragonwarann dragonwarglobal dreamsquestnftann dreamsquesttavern dropp_gg drunkrobots_chat ds_finance dsf_update dstnyworld dubaicryptobulls/681081 dvision_network dvisionnetworkglobal dwebannouncements eagonswapofficial earneo_news earneo_official eciospace eciospaceannouncement eclipseumcoin edenloopofficial_global eizperchain eizperchainlinks ejsnews ejsnews/1741 elclubdelasojeras/852381 elemon_mystery_box_master_bot elemonannouncement elfmatrix elite_worldwide elon_goat_token eloofficialchat elpisbattle_official empirewarriorsgroup enjinstarter enokidefi enokidefiannounce epicblazetoken epicherochannel epicherochannel/440 epicheroio epnsproject epnsprojectnews equilibrium_eosdt_official equinox_community eraxnft erthium everusworld everusworldannouncements every_ape faithtribe fantommaker fantommaker_korea fantommakerann fantommakerita fantommakernlbe faraland_official farastarter_global farmxyz fightcoin findoraann findoraen finminityofficial finswap finswapann fitn_ann fitn_chat flamingfarm flockioficial floki_rocket_official flokifamily flokipupinu flourishingcapital fnxexchange fomo_chronicles fomo_manga_announcements footballbattlenft footballgobsc footballgochannel footballgochinesecommunity footballgoindonesian footballgomalaysian footballgophilippines fortswap_chat frunkpuppytoken fufuofficial furu_kuru gaiaeverworld gainsann/5260 galaxycoin_fi gamefi_official gamefi_officialann gameofdefi_news gameoflaughs gamerseannouncement gamersecommunity gamestaguild gamestarter_co gamestarternews gamestationio_ann gamestationio_ann/382 gamestationio_official gameyoo_official gamezillaann gamifyclub gamiumcorp garitokenofficial gateio gemdetectors_ann/647 geniusyield genshardsann genshardschat geojammusic geopoly_game getrichwithmandygroupchat giopay giopayann givannouncements glitterfinance gogalagames gogalagamesanns gogofinance goldefyofficial govworld_community gox3iwallet gravityfinance greenbeli/236 greenbeli/250 greenbeli/254 greenbeli/293 greenbeli/374 greenbeli/392 greenbeli/413 greenbeli/423 greenbeli/505 greenbeli/519 greenbeli_robot greenbelicampaign_bot greenbelichat grill_farm grillfarm grisebot hangryanimalscommunity harmonylauncher harmonylauncherann heroes_td heroeschainedofficial heroesempires heroesempires_en heroesempiresround2airdrop_bot heroestd_club herofiann/259 hi_official holvi_finance holvifinance hoppymeme_official hoppymemeannouncementchannel howlcity_en howlcity_official hydraverse hydraverse_cn hydraverse_ind hydraverse_italy hydraverse_ph hydraverse_tech hydraverse_vn hydraverse_vn/2091 hydraverseofficial hydraverseofficial/257 hydraverseofficial/280 hydraverseofficial/338 hydraverseofficial/339 hydraverseofficial/58 hydraverseofficial/61 hydraverseofficial/68 hydraverseofficial/75 hydraverseturkiye ikonic_moment imcommunityitw indonesiapahambitcoin infinitypad infinitypad_io influencerpoker inheritanceaitoken inpokergroup iotexpad ipadchat ipadnews istepglobal itchiro itm_finance jackbit_jac jackbitjac jgndefi jigenapp jigenapp_announcements joinchat/aaaaaezyfurrdr3szznrbw joinchat/fs5rvdcpjkc2nje8 joinchat/igjik4kqk2wxyjzk joinchat/majd9xosannnhnvwomyrka joinchat/pjbo1xlvwgw3zwy9 joinchat/tj7rn8flxophodgy joinchat/tjrso1b6ktav6c6g joinchat/u6bznepggst1qtx7 joinchat/ub-hkbtjynxftbdzsmeksq joinchat/ujxcduqjc2zmngjh joinchat/ul_g8demz8g0otq1 joinchat/ykrl_jbyjxuzzwyy joinchat/zwnna10g7ty2ztc1 kabyarena kabyarena_ann kaizenfinance kampayann kampayarabic kampaycn kampayesp kampayjap kampaykorean kampayofficial kampayru kampayviet kawaiiswap kccpad_announcements kccpad_announcements/27 kccpad_official kclpad kclpannouncements kdg_ann kdg_ann/1150 kdg_ann/595 kdg_arabic kdg_brazil kdg_china kdg_en kdg_france kdg_india kdg_indo kdg_phl kdg_vn kingdomkarnage kingdomswapgame kinkyfloki kittygirlbsc kk_announcements knightwarplaytowin knightwarplaytowinann knitfinance/454211 knitfinanceann knitfinanceann/100 knitfinanceann/103 knitfinanceann/104 knitfinanceann/106 knitfinanceann/107 knitfinanceann/108 knitfinanceann/111 knitfinanceann/113 knitfinanceann/69 knitfinanceann/72 knitfinanceann/74 knitfinanceann/76 knitfinanceann/83 knitfinanceann/85 knitfinanceann/86 knitfinanceann/88 knitfinanceann/95 knitfinanceann/97 kopycatchat krystaldefi kryxivia kucoinlaunchpadofficial kycdefi kyrosinsights labmetaverse labmetaverse__ lattice_exchange leaf_defi_official leagueofancients lendefi_io levernetwork levernetwork_ann lfwofficial litentry lordarena lordarenachannel lordarenanewairdropbot losslesscash lottofinance luxfiofficial luxyio lyncnetwork magiccraftgamechat mahadao mahadaoannouncements mahadaonigeria maison_capital mars4me_official mars_announcement marsmission_financebsc marsmissionpricechannel masq_ai maticverse mechmaster_ann mechmaster_official mediaeyenftofficial meetpleen melandai_airdrop_bot melandaiworld melandaiworld/26953 memewarsnews menzy_official menzyofficial meowswapcommunity mercurityannouncements/5 mercurityfinance metacelo_ann metafiannouncements metafinanceairdropbot metafinanceglobal metafiorg metafish_ann metafish_ann/53 metafish_official metagearofficial metainuchannel metainucoin metanationscommunity metarungame metaspatialann metaspatialgroup metastrike metastrike/48 metastrikechat metaverselabannouncement__ metaverselabnewschannel__ mffannouncements mfffinance mh_ventures milestonebased milkywayexchannel milkywayexofficial minisportzilla mobifi_official mobifi_officialann mobifi_officialann/80 mobifi_officialann/87 mobifi_officialann/89 moniwarannouncements monsterragame monsterragame_chat monstropolygg moondefi moondefinews moonfarmfinance moonfarmfinancechannel moonscape_game moonstarterchat mousehaunt mstation_br mstation_bscs mstation_cn mstation_id mstation_in mstation_official mstation_official/98 mstation_ph mstation_ru mstation_tr mstation_vn multistarter mydopamineapp mymasterwarchannel mymasterwargroup myoropocket myriadsocial mysterious_defi mytheria_vietnam mytheriaglobal mytheriaofficial nagaswapmmg nanobyteannouncement/10324 nanobytebot nanobytecommunity neonomadannouncements neonomadfinance netvrk_official neworderoffinanceportal news_9dnft nextverse nextverse_chat nexuscryptosvc nfmusicnft nft_globall nftbcommunity nftfy_news nftfysec nftobr nftpad nftribute nfyofficialchat noobfinance nulsio numbers_pricingchat numbersprotocol nuts_finance od1nprotocol oddz_fi_announcements oddz_finance odinalanetwork odinalanetworkann official_9dnft official_9dnft_vn officialgamezilla officialmajinshiba officialmemewars officialmetrixcoin officialmoonstopcoin officialsentreairdropbot ohlaytoken okexuk olympusinudao olysportofficialgroup omeeio omnia_defi_annoucement/42 omnia_defi_official omnia_protocol omniaprotocol_news one_mln_dao_chat onerarenft onlytensupply operonorigins operonoriginsann operonoriginsbot orbitauannouncements orbitauarab orbitaubangladesh orbitaubrazil orbitauchina orbitauglobal orbitauindia orbitauindo orbitaujapan orbitaukorea orbitauphilippines orbitauthailand orbitauturkey orbitauvietnam orchidofficial orecommunity origynfoundation orion_money orionfinancial oropocket orphan_block oxbull_tech oxbull_tech_announcement p2pfinance_news p2pfinance_official pacific_nft padmontoken pathdao_ann persiadaoairdropbot persistenceonechat phantom_yeggs_official pixelsquidbsc placewar planeteaterschat planeteatersnews planetsandbox planetsandbox_ann platinumqeng platonnetwork playcentglobal playcentofficial playpad playpadcommunity pocketpay_chat polkafantasyen polkafoundry polkafoundry_vi polkafoundryann polkafoundrykorea polkally polkallynews polygod polygodannouncement polygonofficial poolpartyinvestmentsgroup poolz_announcements poolz_announcements/1619 poolz_announcements/843 poolz_announcements/913 poolzofficialcommunity popeyepokerdiscussion popopworldchannel popopworldcommunity prasagaofficial predictzdefi pricegouptoken projecttradexnigeria prophetfinance pstakefinancechat pufferdefi pyramidpadchannel pyramidpadchat qrx_price quickswapdex quiverx quiverxcapital quizarenaairdropbot quizarenachat quoth_ai racefi_ann racefi_ann/150 racefi_io radadao radanetwork rage_fan rainmakerann rainmakergames rangersprotocol raze_net razornetwork rcdcommunity realfevr_news realfevrofficial realshibagalaxy rebasechat reefdefi rekeep3r rektredemption rev3altechnology revaultnetwork revenuecoineng rikkeifinance rikkeifinance_official/266 rotgamblingdapp rottennfts rottenswap royprotocol rubikfinance ruglife ruletkatoken runtogetherannouncement runtogethergroup runtogethervn rushbtoken rxcworld rxcworldofficial safevault1 salvationpad santabtc_original scaleswap scottybeamchat scottybeamio scottybeamio/110 seascapenetwork seedifyfund seedifyfund/1468 seedifyfund/1510 seedifyfundofficial sentre sentreannouncements sentreindonesia sergssale sexyinudoge sharkraceclub sharkraceclubnews shibagalaxys shibanomics shibanovaann shibanovadex shibastarterchannel shibastartercommunity shibverify shinobiversegame shoefy_official shotcallers shuttleone shuttleoneann sidus_heroes sifchain sigma_airdrop_bot sincityannouncements sincitycn sincityesp sincitytoken sincityturkey smartcredit_community smudgetokenbot snkrwars soccerhub_cn soccerhub_globalchat soccerhub_in soccerhub_ind soccerhub_jp soccerhub_kr soccerhub_ng soccerhub_officialchannel soccerhub_ru soccerhub_tech soccerhubespanol soccerhubtr soccerhubvn sokudofinance solchicksnft solclout solclout_ann soldexai solice_io solidgroup_channel/315 solvprotocol souniio_channel souniio_cngroup souniio_group souniio_indonesia souniio_korea souniio_russia souniio_vngroup spacecryptoannounce spacecryptoglobal spacedawgscommunity spacesip spacesip_news spacey2025 spacey2025news spectrabsc sphynxswap spideyfloki spintopnetwork sportfiofficial sslcomms stabledr stakeitnetworkchat stanspicks stanspicksnews starly_chat starlynft starpunk_vn starpunkann starpunkann/110 starpunkann/128 starpunkann/78 starpunkann/90 starpunkglobal starpunkvn starsharks_sss stobox_community stvkeapp subme_cash supernova_game supervet_ann supervetofficial superwhaleofficialchat supraoracles swirgepay switchnswap synapse_official syncdao syncdao_official_ann synchronyfi sypool_protocol tabtrader_en taodao_announcement taodao_finance tapmecommunity tapmeofficial tbncapital_chat team_finance teamannouncements/57 ted_finance theavxlaunchpad thecalypsomarket thecollectivecommunity themonopolist themultiplierio thenftverseofficial theparallelcommunity thequantumleapannchann therealmdefenders therealmdefendersann theresourcenetwork thesinverse thesinverseannouncements thespartanschannel thespartanschinese thespartanscommunity thespartansfrench thespartansgerman thespartansindian thespartansindonesian thespartansitalian thespartansjapan thespartansmalaysian thespartanspersian thespartansphil thespartansrussian thespartansspanish thespartansthailand thespartansturkish thespartansvietnam theunfetteredgroup theustoken thewastedlands thirm threefold threefoldnews tigerswap_ex titanhunters titanhunters_airdrop_bot titanhunters_th titanhuntersann titanhuntersann/161 titanhuntersann/171 titanhuntersann/219 titanhunterschina titanpricechat tokentraxx torekko torekkoann torum_official_group_en toyoverse tracenetwork tradestarsok tradexsports triallcommunity tribe_land tribelandann trickledrip truepnlchat tryhards_io_official twelvelegionschannel ulvafinance ulvannouncements unibot_xmm unidexfinance unifundann unifundglobal unikname_network unilab_network unilab_network_ann unilab_network_tr unilayer unilayerann unilendannouncement unilendannouncement/226 unilendannouncement/237 unilendannouncement/245 unilendannouncement/313 unilendannouncement/316 unilendannouncement/330 unilendannouncement/370 unilendannouncement/388 unilendannouncement/390 unilendfinance unitedtoken1 universeisland unixfi unixfi_finance unostrading unoswapfin unoswapfinance ustx_en usw_bot vaultyann_new vaultychat_new velorex_net ventcommunity vispx_official vlaunchcomtoken vodraannouncement vodratoken voidcommunitychat voxfinance voxfinancecommunity wadapay/104 wadapaychat wadapaychat/14112 wadapaychat/14114 wadapaychat/14115 wadapaychat/5877 wadapaychat/7035 wadapaychat/7262 wadzpay_official wagashi_inu wagglenetwork wallstreetgas wamapp wamappnews warenachat warenaofficial warenaofficial/165 warenaofficial/396 warenaround2airdropbot wavesafrica wicrypt wicryptann widiland widilandglobal widilandvietnam widilandvnchannel wink_org_official winkinfo wizardia wizardianews worldofdefish worldofmetasea wow_coin wsbsh wsninja wsninja_ann xearn_price xenonfthub xmmprice xmmtoken yaan_ann yaanlaunchpad yearnclassicfinan yearnclassicfinanc yfdash yfscience yfsciencechat yieldapp yieldefi yieldfarmerdao yolkfinancechannel youclout youclout/75077 zeedexio zenchainofficial zenithfinancevault zenithfinancevaultdiscussion zeroutilitytoken zodiacchannel zodiacs_token zombieworldz zombieworldz/325 zombieworldz/396 zombieworldz/398 zombieworldz/402 zoombieworldz zyxdefi zzzannouncements zzzfinance,Crypto,tgdataset,1,public_db/folder_0/file_3_from_alijahsh_to_AminKavei.json
1182941312,basedbiztelegram,Go to @bizcensorship - uncensored,,False,False,680,5171,2021-11-13,135,algodex altskullmirror/13203 architectofacceleration/1020 basedbiztelegram/2131 basedbiztelegram/4991 battleforcheems bearmageddon bearmageddon20s billmitchell boomersirl bsc_casinoshitcoinpicks c/1164615562 cash_blockchain_news cig_telegram/13597 cig_telegram/13598 clairvoyanceguild/6014 clairvoyanceguild/8848 clairvoyanceguild/9017 cosmosairdrops covidredpills/7811 covidredpills/7833 covidredpills/8003 cryptoquant_official cryptoquant_official/730 cryptoquant_official/738 cryptoquant_official/750 cryptoquant_official/757 cryptoquant_official/767 cryptoquant_official/790 cryptoquant_official/797 cryptoquant_official/807 cryptoquant_official/810 cryptoquant_official/811 cryptoquant_official/818 cryptoquant_official/840 cryptoquant_official/844 cryptoquant_official/858 cryptoquant_official/864 cryptoquant_official/871 cryptoquant_official/872 cryptoquant_official/873 cryptoquant_official/874 cryptoquant_official/880 davidicke/13149 demacre/14126 durovschat/1322711 fantomeye fantopepe finpizdec/6444 firstflushnews glassnode/366 glassnode/397 glassnode/399 glassnode/403 glassnode/405 gqxcapital hausechat69/191849 idlecyber idlecyber_chat jeffrey_peterson lauraabolichannel leakyvax/202 leakyvax/367 leakyvax/570 leakyvax/609 leakyvax/683 leakyvax/684 leakyvax/695 leakyvax/699 leakyvax/80 letsgobrandoncoin marketsbiztelegram memes_hole midanaaticossta moneroexchangerun moneroexchangerun/1623 monerojobs moneyissimple newsavagedawg otbamedia otbaofficial rektproof/3192 roberthorton rooshofficial/1447 rtintl/12238 russmarkt/3400 schizosonline/2766 sergeantroberthorton shadowman_311/6855 shadowman_311/6940 slashbiz slothclubhouse smokesandmemes2/5017 sunflowerguild unfolded/12113 unfolded/12123 unfolded/12124 unfolded/12135 unfolded/12190 unfolded/12194 unfolded/12207 unfolded/12213 unfolded/12244 unfolded/12284 unfolded/12298 unfolded/12305 unfolded/12348 unfolded/12358 unfolded/12387 unfolded/12399 unfolded/12410 unfolded/12460 unfolded/12482 unfolded/12492 unfolded/12496 unfolded/12502 unfolded/12514 unfolded/12563 unfolded/12576 unfolded/12577 unfolded/12592 unfolded/12617 unfolded/12623 unfolded/12634 unfolded/12638 unfolded/12666 unfolded/12674 unfolded/12684 vkm_bot vkmusic_bot webm2mp4bot westcoastintel/15331 westcoastintel/15332 xmrmine/164393 ytbdownbot,Crypto,tgdataset,1,public_db/folder_0/file_10_from_bansagar10_to_Behzadraeisi.json
1481319637,BCMPromotionsANN,Promotion,Harnessing the exponential growth of the Blockchain & helping investors find SaFu cryptocurrency projects in the space.  http://boomcryptomarket.com,False,False,964,15,2021-04-14,3,boomcryptomarket boomcryptomarketann boomcryptomarketchat,Crypto,tgdataset,1,public_db/folder_0/file_10_from_bansagar10_to_Behzadraeisi.json
1322464623,bctof,Best Crypto Traders Official,"👉 Crypto Price Analyses, Which Are Worth Checking Out  😎 Do you trade on Binance?  Click the link below, register, and receive 20% of a commission back: https://www.binance.com/en/register?ref=ZRYIGVYU  Advertising: @ad_teleg",False,False,11563,3612,2022-07-29,8,antares_tradingschool bctof/7762 bctof/7804 coingape coinmatics_signals joinchat/-fqzkyfjlku0mdbi joinchat/aaaaaelvu3qkjf5cohg-yw joinchat/aaaaaelvu3qxdg8fo4nv_w,Crypto,tgdataset,1,public_db/folder_0/file_10_from_bansagar10_to_Behzadraeisi.json
1368096171,bearmageddon,Bearmageddon - 2021 Crash,"Chronicles of the 2020/21 global economic crash. Powered by Coronachan.  Donate!  BTC: 1BccGzYDydN71m1fSC5qwiGXwmw8yb5cJk  We give news and opinions, not financial advice.",False,False,790,5017,2021-03-02,11,biz_4chan cryptomaymay galliadaily/2090 galliadaily/2148 galliadaily/2201 occupywallstreet2 pumpxrp shitpostingfrens/2069 thespanisharmy thewhiterosechat/5119 twittervid_bot,Crypto,tgdataset,1,public_db/folder_0/file_10_from_bansagar10_to_Behzadraeisi.json
1259177203,CardanoAnnouncements,Cardano Announcements,"Official Community and Ecosystem Announcement Channel, managed by The Cardano Foundation Community Team. Official website: https://cardano.org/",False,False,92585,1869,2022-07-29,12,cardanoadakordevelopers cardanoannouncements cardanogeneral cardanokoreatrading cardanoreporttoadmin cardanostakepoolworkgroup coinmarketcapannouncements/143 cryptocomofficial emurgo emurgo/778 joinchat/dej0fhr9gyyki5qk3d_72q joinchat/gtfoaudetehgbj4sqfqkpg,Crypto,tgdataset,1,public_db/folder_0/file_16_from_cap_tushin_to_channelforadmins.json
1795851747,CardanoReport,Cardano Report,,False,False,35,730,2022-07-31,66,agesabmyk besttokennews binancedailynews bitcoininventors blockchainreport brunopuno capitolnews cardanoreport chicagoreporter cnnunmasked coinbasereport coinbasereport/545 cryptoartmuseum cryptopunksclub cryptosignalsmust ctbch daoautonomous elonmuskinfo ethereumdaily foxnewsfeed goldtradenews govron greatawakeningchannel greatawakeningofficial inchnews jeffbridgemaker jerusalemtribune johnfkennedyjr metaverseaccount nftcollectorgroup nftfair nftreport nicolateslanews noahsprophecy officialsatoshi officialsatoshi/4489 officialsatoshi/4837 people4freedom s/sbmkcoin sabmyk sabmyk/42 sabmyk/75 sbmkchat sbmkcoin sbmkcoin/13 sbmkme sbmkme/132 sbmkme/134 sbmkme/16 sbmkme/172 sbmkme/185 sbmkme/187 sbmkme/192 sbmkme/197 sbmkme/68 sebastianbieniek shawunawaz shibainuinfo solanainfo stablecoinnews supernarrativ thecryptomeme theeconomynews theeuropenews therevolutionnow tuckercarlsonnews,Crypto,tgdataset,1,public_db/folder_0/file_16_from_cap_tushin_to_channelforadmins.json
1325069578,CatariumDonate,Catarium Donate,,False,False,9,1,2021-04-29,0,,Crypto,tgdataset,1,public_db/folder_0/file_16_from_cap_tushin_to_channelforadmins.json
1497424960,catchain,"CAT — TON Validator, Apps and Services",Soon.  ton.org   🇷🇺 @ruton,False,False,427,37,2022-07-30,9,catchain/29 contest/102 contest/103 contest/124 cryptobot cryptoboten/45 durov/175 tonblockchain/112 toncoin/391,Crypto,tgdataset,1,public_db/folder_0/file_16_from_cap_tushin_to_channelforadmins.json
1375055530,cbinsider,Coin Bureau Insider,Get the latest updates from Guy straight to your Telegram 📲  Includes:  - Guy's trades 📈 - Portfolio updates ⚖️ - announcement of video's in the pipeline and coin's on our watchlist 👀 - guy.eth,False,True,193093,2181,2022-07-31,10,addstickers/coinbureau cbinsider/1040 coinbureau2 coinbureau5 coinbureauarbitrage coinbureaufx coinbureausignals guycoinbureauofficial guyethprovides thecbureau,Crypto,tgdataset,1,public_db/folder_0/file_16_from_cap_tushin_to_channelforadmins.json
1467029045,cbondsglobal,Cbonds Global,International Bond News  📑Advertising: adv@cbonds.info,False,False,1887,4472,2022-07-29,28,cbonds cbondsglobal cbondsglobal/1139 cbondsglobal/1156 cbondsglobal/1211 cbondsglobal/1300 cbondsglobal/1382 cbondsglobal/1386 cbondsglobal/1394 cbondsglobal/1398 cbondsglobal/1404 cbondsglobal/1451 cbondsglobal/1475 cbondsglobal/1539 cbondsglobal/1632 cbondsglobal/2517 cbondsglobal/2569 cbondsglobal/2641 cbondsglobal/2865 cbondsglobal/3209 cbondsglobal/4132 cbondsglobal/421 cbondsglobal/442 cbondsglobal/447 cbondsglobal/462 cbondsglobal/501 cbondsglobal/74 joinchat/kjtxg01bwlbjzdg0,Crypto,tgdataset,1,public_db/folder_0/file_16_from_cap_tushin_to_channelforadmins.json
1158174408,cchainbreakers,,"Blockchain gaming franchise created by Qwellcode. Our ""invest-to-earn"" browser games integrate #NFTs and smart contracts to empower players. Building on top of @maticnetwork and @decentralandTG",False,False,16,52,2020-03-03,1,dapp_com,Crypto,tgdataset,1,public_db/folder_0/file_16_from_cap_tushin_to_channelforadmins.json
1349165602,ccncom,,ccn.com,False,False,5759,4886,2019-02-28,0,,Crypto,tgdataset,1,public_db/folder_0/file_16_from_cap_tushin_to_channelforadmins.json
1255977623,chadnews,$DEC Head CHAD NEWS,$DEC is a helluva drug!,False,False,208,800,2021-11-01,30,bitmaxioenglishofficial channelholo/469467 cryptodakurobinhooders cryptodakurobinhooders/290075 dec_wallets_count decentrannouncements decentrannouncements/100 decentrannouncements/110 decentrannouncements/113 decentrannouncements/115 decentrannouncements/122 decentrannouncements/130 decentrannouncements/134 decentrbetatesters decentrnet decentrtrading/10242 dectrades ethverse falcon_swap infinitygainzz joinchat/brbs51k5cworbktsgmb6ew mxcenglish/397512 patronsofthemoon/6856 spectre_grp spectre_grp/89792 tomochain/427706 tomodex_official uniswap_price_alerts_bot uniswap_trades_bot wolfcryptopub,Crypto,tgdataset,1,public_db/folder_0/file_16_from_cap_tushin_to_channelforadmins.json
1389617946,chadsvcann,Chads.VC Official Ann,Official Ann channel for Chads.VC,False,False,2732,174,2021-05-05,8,chads_vc chadsvcann collablandbot infinitygainzz meter_io moonhunters moonhunters/142993 wolfcryptopub,Crypto,tgdataset,1,public_db/folder_0/file_16_from_cap_tushin_to_channelforadmins.json
1336604503,changelly,Changelly,"The official Telegram channel of Changelly, the online platform with 200+ cryptos to swiftly buy and swap.  Contact us: @changelly_affiliate Support: support@changelly.com",False,False,3112,1645,2022-07-28,16,addstickers/changelly bitcoincomexchange blockchaincuties_en changelly changelly_team changellybrasil changellychina changellykorea cryptobenz energitoken infinitowallet infinitowallet/84675 infinitowallet/90346 nexofinance piratechain vote,Crypto,tgdataset,1,public_db/folder_0/file_16_from_cap_tushin_to_channelforadmins.json
1151511751,changellypro,Changelly PRO,The offical channel of Changelly PRO – a cryptocurrency exchange platform. Support – support@pro.changelly.com,False,False,242,73,2021-10-29,1,changelly_team,Crypto,tgdataset,1,public_db/folder_0/file_16_from_cap_tushin_to_channelforadmins.json
1243769930,changethatmatters,Change That Matters,Political ads promoting the Democratic Party 2018 Platform,False,False,23,2,2020-11-01,0,,Crypto,tgdataset,1,public_db/folder_0/file_16_from_cap_tushin_to_channelforadmins.json
1213771765,artemcrypto,ARTEM CRYPTO 🇺🇦@arshevelev,@ArShevelev channel about Trading & Investing Crypto/Forex/Stocks  VIP @artemcryptoclub   TV https://www.tradingview.com/u/ArShevelev  Books https://t.me/ArtemCRYPTO/3534,False,False,4447,3063,2022-07-31,58,+2zvnteop1bvintbi +npahfwrrdgdhytdi +xuscj8ccvl00yzc6 arshevelev artemcrypto artemcrypto/2342 artemcrypto/2343 artemcrypto/2344 artemcrypto/2355 artemcrypto/2356 artemcrypto/2359 artemcrypto/2365 artemcrypto/2369 artemcrypto/3744 artemcrypto/3913 artemcrypto/4007 artemcryptochat artemcryptochat/32874 artemcryptochat/515 artemcryptochat/517 artemcryptochat/547 artemcryptochat/550 artemcryptochat/83474 artemcryptoclub artemcryptoclub/15 artemsignals artemvipresults binance_announcements/564 blackstone_chat blackstone_chat/15395 blackstone_chat/32805 blackstone_chat/515 blackstone_chat/517 blackstone_chat/547 blackstone_chat/550 blackstonemargin blackstoneresultsvip blackstonesignals blackstonesignals/1352 blackstonesignals/1848 blackstonesignals/2090 cryptoownersunite cryptoquant_official/380 cryptoscanner100eyes dudesignals glassnode/305 itubernews joinchat/aaaaaeo0j_i3mxebb0b6xq joinchat/aaaaaet29hstuaoagagxea joinchat/aaaaaet29hue4f5bo_6s9g joinchat/aaaaafg5t08z7rrvpjcy_g joinchat/aaaaafg5t0_szr7_8w75-a joinchat/aaaaafg5t0_zhlol4ebqua joinchat/epbxglac7pqeyj2xe7kuqq joinchat/vpzumpz8na3wbcly phoenixtraders premium_signals vote,Crypto,tgdataset,1,public_db/folder_0/file_6_from_ApocalypseRazuma_to_artemmetelev.json
1174600552,ArtemCryptoClub,Artem Trading Club,,False,False,191,2,2022-01-26,0,,Crypto,tgdataset,1,public_db/folder_0/file_6_from_ApocalypseRazuma_to_artemmetelev.json
1127400812,abitcoinqueen,,"Talk crypto, fin tech, and conspiracy with the only Queen you know.",False,False,9,133,2021-06-14,1,joinchat/vbntaulnt-03mzyx,Crypto,tgdataset,1,public_db/folder_0/file_0_from_A000MP97_to_adhdsdvg.json
1101897390,absolutelysasha,,permanent ICO,False,False,1314,1008,2019-07-18,8,absolutelysasha absolutelysasharu cryptoresearch rewardmobinc vote waveschina wavescommunity wavescommunityru,Crypto,tgdataset,1,public_db/folder_0/file_0_from_A000MP97_to_adhdsdvg.json
1264918531,AccountStoreHub,Bgmi players,,False,False,382,1339,2021-11-11,5,joinchat/0hqbcojgpr04yzzh joinchat/ntp-_9ilegfjmddl universal_widrawlproof universalbcone_parity universalclub_official,Crypto,tgdataset,1,public_db/folder_0/file_0_from_A000MP97_to_adhdsdvg.json
1569951462,actiontokenslive,Action Tokens - News & Releases | Will Not DM You,The Official Release Channel of Action Tokens,False,False,164,349,2022-07-29,4,actiontokens actiontokenslive oceantokensofficial veteransofwar,Crypto,tgdataset,1,public_db/folder_0/file_0_from_A000MP97_to_adhdsdvg.json
1448237294,addischain,,Building The Biggest Blockchain Community In Africa!  @addischain,False,False,117,37,2020-05-21,1,joinchat/aaaaafkce6kuw4dampemma,Crypto,tgdataset,1,public_db/folder_0/file_0_from_A000MP97_to_adhdsdvg.json
1100207161,dlavrov_tch,DLavrov Trading Ideas & Tips,"I’m a trader since 2007.  In this channel, I share my ideas and tips for trading in the Crypto, Stocks markets.  Content must be used for educational/informational purposes only! I don’t provide financial advices!!!",False,False,14033,4389,2022-07-31,52,bitcoinchannel cryptocurrencytrading dlavrov_chat dlavrov_tch dlavrov_tch/1741 dlavrov_tch/2645 dlavrov_tch/2781 dlavrov_tch/2913 dlavrov_tch/2938 dlavrov_tch/2982 dlavrov_tch/3006 dlavrov_tch/3023 dlavrov_tch/3027 dlavrov_tch/3053 dlavrov_tch/3127 dlavrov_tch/3202 dlavrov_tch/3379 dlavrov_tch/3564 dlavrov_tch/3565 dlavrov_tch/3587 dlavrov_tch/3622 dlavrov_tch/3643 dlavrov_tch/3677 dlavrov_tch/3711 dlavrov_tch/3892 dlavrov_tch/3944 dlavrov_tch/4038 dlavrov_tch/4046 dlavrov_tch/4064 dlavrov_tch/4077 dlavrov_tch/4078 dlavrov_tch/4079 dlavrov_tch/4080 dlavrov_tch/4082 dlavrov_tch/4083 dlavrov_tch/4084 dlavrov_tch/4085 dlavrov_tch/4088 dlavrov_tch/4106 dlavrov_tch/4217 dlavrov_tch/4226 dlavrov_tch/4246 dlavrov_tch/4254 dlavrov_tch/4258 dlavrov_tch/4294 dlavrov_tch/4298 dlavrov_tch/4578 dlavrov_tch/4610 dlavrov_tch/5040 dlavrovchat joinchat/fzlefhayx4mqxzrwmzkviw joinchat/fzlefkzzd8dvtv6isg3lgw,Crypto,tgdataset,1,public_db/folder_0/file_25_from_digital_huigital_to_dokhtar_asemooni313.json
